image_name,time_s,CE,NMI,QNCIE,TE,EI,Qy,Qcb,EN,MI,SF,AG,SD,CC,SCD,VIF,MSE,PSNR,Qabf,Nabf,SSIM,MS_SSIM,VIFF,NIQE,BRISQUE,MUSIQ
00000.png,4.4945,0.6862348318099976,0.5315667358938709,0.8558921446682262,7.096293926239014,60.43248748779297,0.9623388474574572,0.6142726632441176,6.960485935211182,3.7360678444227027,16.790477752685547,5.6299896240234375,33.26249694824219,0.5304771065711975,1.6384702920913696,0.9407086372375488,0.03191811218857765,14.959627151489258,0.7528775573766862,0.018819074388831677,0.4632759094238281,0.4641146659851074,0.7438354180672881,4.163160564819711,33.18377685546875,62.77602767944336
00011.png,4.5905,0.6836678385734558,0.5171990872124897,0.8577370180812378,7.101222038269043,59.91374969482422,0.962496196325358,0.6107315880768891,6.904599666595459,3.6219083671787207,16.74603271484375,5.581997871398926,32.09731674194336,0.5225498676300049,1.642275333404541,0.9330827593803406,0.030891604721546173,15.101595878601074,0.7507307459726331,0.01924755309734615,0.4650152325630188,0.4673318564891815,0.7364440257952958,4.069654621606932,32.42694091796875,61.5881462097168
00025.png,4.5399,0.7188595533370972,0.579041733289941,0.8648547120448338,7.079758644104004,40.283058166503906,0.9619676568223448,0.5332633527901286,6.437922954559326,3.9136609315527284,12.544157981872559,3.703592300415039,25.72514533996582,0.4192669987678528,1.5633670091629028,0.9820971488952637,0.04911612346768379,13.087759017944336,0.7238847087102672,0.01968229173192897,0.4539092183113098,0.420089989900589,0.7289350866282265,3.9188733717053013,22.06903076171875,53.342384338378906
00031.png,4.5065,0.7133395671844482,0.599004792789302,0.8621267431919064,7.11684513092041,41.454063415527344,0.9618035476923064,0.5337942490016162,6.645481109619141,4.121859979099318,13.03193187713623,3.8217124938964844,28.814990997314453,0.4165380001068115,1.5901557207107544,0.963610053062439,0.04972642660140991,13.034128189086914,0.7196834789187498,0.01980583666455781,0.4522230327129364,0.38666921854019165,0.7226577696951343,3.9403444773425975,20.16815185546875,53.21144485473633
00033.png,4.546,0.6833285093307495,0.5047659799521529,0.8577004035426703,7.08906364440918,58.46700668334961,0.9613863828452232,0.5998926679695611,6.8963623046875,3.529692844083753,16.660036087036133,5.448930263519287,31.85356330871582,0.5144734382629395,1.628935694694519,0.9203136563301086,0.02960285171866417,15.286664962768555,0.7459876467288369,0.018789076585543713,0.46723952889442444,0.4657301604747772,0.7203873544042129,4.059626008017444,31.10272216796875,59.95817565917969
00042.png,4.4461,0.7219378352165222,0.5949697118197834,0.8590921338401587,7.114067554473877,45.869537353515625,0.9618622780300032,0.531141496145232,6.488603115081787,4.046599121624551,14.366534233093262,4.226961135864258,27.422849655151367,0.41098731756210327,1.5540419816970825,0.968997597694397,0.05264325439929962,12.78657341003418,0.7294592008843369,0.0200747819151605,0.4510289430618286,0.36756378412246704,0.7361851746941762,3.875037341474893,22.04852294921875,55.54925537109375
00061.png,4.5067,0.7118200063705444,0.6315820820441489,0.8658482123241233,7.251708507537842,37.52638626098633,0.9705645627886499,0.5180077526608297,6.581255912780762,4.368337876385887,12.820064544677734,3.4098806381225586,30.588390350341797,0.43407735228538513,1.5656250715255737,0.9702143669128418,0.045119088143110275,13.45639705657959,0.736731227497572,0.015345893704099613,0.44783854484558105,0.435661256313324,0.7517439258584743,4.025106856265128,19.00360107421875,51.27789306640625
00071.png,4.469,0.7140501737594604,0.6748513301843939,0.8704539216889822,7.194467544555664,35.706119537353516,0.9734704989277955,0.5254130110024879,6.532282829284668,4.631770219573001,12.395569801330566,3.2452075481414795,30.801137924194336,0.43154510855674744,1.533499002456665,1.007982611656189,0.0477633997797966,13.2090482711792,0.751742332159516,0.013026980417921646,0.43746083974838257,0.3603173792362213,0.7883472064651706,4.155934172656305,18.35516357421875,49.65520095825195
00082.png,4.5665,0.704502284526825,0.49777666763224204,0.8652014896581436,7.187552452087402,46.02629852294922,0.9568120618422491,0.5550707456543041,6.67056941986084,3.4491337221716876,12.285849571228027,4.231271743774414,26.641328811645508,0.4466739594936371,1.6023056507110596,0.9663688540458679,0.04167604446411133,13.801135063171387,0.7007071232084247,0.022926846559379245,0.47524386644363403,0.4620753526687622,0.715397739851482,4.476370720775227,32.05145263671875,43.52714538574219
00097.png,4.6306,0.7076289653778076,0.5494545193542838,0.8716441698435923,6.926189422607422,36.85749435424805,0.9547376851226552,0.507765168928467,6.154183387756348,3.5935439997748286,10.600314140319824,3.349923610687256,22.54494285583496,0.4152548015117645,1.523327350616455,1.0729570388793945,0.05560634657740593,12.54875659942627,0.7035447021966025,0.020107719918412682,0.4306027591228485,0.43537455797195435,0.7589363176474093,4.448228921747903,28.10369873046875,56.418235778808594
00107.png,4.4093,0.6880636215209961,0.5141180561264816,0.8620949090593751,7.174406051635742,54.204429626464844,0.9645593661441567,0.6247230744738228,6.833224296569824,3.600797583622718,14.249074935913086,4.959506511688232,28.722091674804688,0.5128894448280334,1.6335357427597046,0.9423822164535522,0.030581030994653702,15.145478248596191,0.722487546325427,0.020670797583457613,0.4887542128562927,0.4646141827106476,0.7484028664077328,4.3374158209952975,33.37176513671875,42.559303283691406
00112.png,4.5111,0.7168394923210144,0.5703409471825163,0.8613388831769708,7.133663177490234,50.68768310546875,0.9650197798449278,0.5812699163769036,6.610013961791992,3.919301106966074,14.006402969360352,4.617612361907959,27.234607696533203,0.5150852203369141,1.5323874950408936,0.962989330291748,0.05593319982290268,12.523303031921387,0.7317197346726351,0.020667472030736097,0.4475427567958832,0.40392762422561646,0.7651943876316027,4.357789465156871,33.21990966796875,45.91466522216797
00118.png,4.437,0.7217069864273071,0.5068162902111981,0.8540662140632911,7.093163013458252,50.460655212402344,0.9638013678360015,0.5544105469254518,6.541923522949219,3.4552511844763814,14.537507057189941,4.601047039031982,25.747106552124023,0.4982946217060089,1.6286790370941162,0.955704927444458,0.057440876960754395,12.407790184020996,0.7350791604644804,0.02038983358826939,0.4470939636230469,0.42245978116989136,0.7465292451384582,4.086598001702069,31.37225341796875,57.782859802246094
00147.png,4.5579,0.7065585851669312,0.6085599647934334,0.8645330016044861,7.121464729309082,47.73579025268555,0.9648383728548057,0.5593971419144668,6.729349136352539,4.21453648438087,14.504390716552734,4.390413284301758,30.645845413208008,0.5403054356575012,1.5931520462036133,1.0078039169311523,0.05105308070778847,12.919779777526855,0.7489315609197843,0.016028936496581103,0.4590158760547638,0.4214901328086853,0.7765904513368846,4.1356223309328595,22.89569091796875,52.6441535949707
00149.png,4.5359,0.669644832611084,0.5949762013872237,0.8616514547440942,7.0307416915893555,54.26411056518555,0.9642626688361062,0.5989572957878078,6.912755012512207,4.148035255224421,14.855469703674316,5.080933570861816,35.462371826171875,0.6120356321334839,1.6564748287200928,1.01715087890625,0.03535056859254837,14.516035079956055,0.7551648299266297,0.015417765092171418,0.4593205749988556,0.49604332447052,0.791204731284199,4.066183238930145,28.61004638671875,56.51531219482422
00150.png,4.4575,0.6665142774581909,0.6027293787266524,0.8641098952581504,6.976404190063477,56.58977508544922,0.9669258358607582,0.6146302383500567,6.8854827880859375,4.177494167172586,15.354161262512207,5.337388515472412,33.937896728515625,0.6118561625480652,1.6272222995758057,1.0110450983047485,0.034302905201911926,14.64669132232666,0.7612258642740365,0.015644827208431824,0.46153923869132996,0.49709397554397583,0.7927641091972504,4.112956984875913,27.50457763671875,55.835784912109375
00159.png,4.513,0.676356315612793,0.5693685293706252,0.8563930087330709,7.10571813583374,48.44536590576172,0.9653534133690551,0.5822398105071712,6.674144744873047,3.922920432653699,13.134940147399902,4.527438163757324,29.366201400756836,0.5484843254089355,1.6392111778259277,0.9640376567840576,0.037832897156476974,14.221303939819336,0.7278682332848185,0.018932900214033103,0.4640870988368988,0.4905647933483124,0.7574223770363211,4.254697924883662,27.07244873046875,57.853981018066406
00177.png,4.4719,0.6801393032073975,0.5842854730272987,0.8675896337776543,7.130368709564209,57.925018310546875,0.9698822608728267,0.6405852291441592,6.955143928527832,4.114990759727895,14.864884376525879,5.449985504150391,32.94385528564453,0.6255744099617004,1.5933730602264404,1.0044035911560059,0.03878740593791008,14.113092422485352,0.7648853383543842,0.016411523592694172,0.4643743634223938,0.5146183967590332,0.7967321915479703,4.300119158345926,31.89617919921875,55.84175491333008
00196.png,4.4452,0.6752738952636719,0.6447147906848294,0.8846313101829704,6.948354721069336,69.58147430419922,0.9752215727444377,0.7139992762556082,6.842765808105469,4.445681088930785,17.197662353515625,6.37308406829834,32.30643844604492,0.6965124607086182,1.4492734670639038,1.0083900690078735,0.042926739901304245,13.672721862792969,0.7940125344327315,0.011628369165748517,0.4762088656425476,0.4757443964481354,0.860208837850264,4.083482808236336,45.41229248046875,44.20149230957031
00202.png,4.3939,0.7055506706237793,0.6171943770037097,0.8652590115382435,7.053086757659912,51.79703903198242,0.9681644793722853,0.5673458199436809,6.679404258728027,4.237818873494616,13.92304515838623,4.782477378845215,29.093976974487305,0.5561631321907043,1.5468595027923584,1.036744236946106,0.057106949388980865,12.433110237121582,0.7543723588738935,0.01505919536664841,0.454490065574646,0.4584439992904663,0.8020148149840272,3.7003638245813217,31.77850341796875,47.36019515991211
00210.png,4.4362,0.6710039973258972,0.5445613531904117,0.8548002410197557,6.877387523651123,47.543418884277344,0.9630196919464422,0.529293881793784,6.66060209274292,3.686142670801704,13.490510940551758,4.411737442016602,29.74021339416504,0.44639307260513306,1.672180414199829,0.9986369609832764,0.04538388550281525,13.430984497070312,0.7170465551466724,0.018596653653984437,0.4571819603443146,0.5004190802574158,0.7314550775403731,3.8846628520635753,26.47576904296875,55.033050537109375
00215.png,4.4768,0.6818351745605469,0.5730430733829618,0.8549785380103601,6.973155498504639,48.91357421875,0.9642683033944026,0.5287823390627631,6.692361354827881,3.9154751757653,13.617090225219727,4.542307376861572,30.181154251098633,0.5314273834228516,1.6949106454849243,1.0111815929412842,0.05002813786268234,13.007856369018555,0.7230987825440847,0.019243392358732334,0.4581402540206909,0.49512845277786255,0.732157912855744,4.103045776844727,24.46258544921875,59.61160659790039
00232.png,4.5405,0.688560426235199,0.5160895326882544,0.856334781606225,7.183518409729004,45.54836654663086,0.9581314945661676,0.5295228275760399,6.565958499908447,3.5479898146632483,12.474200248718262,4.229637145996094,29.2244815826416,0.5690689086914062,1.6513018608093262,1.0010266304016113,0.04175889119505882,13.792510986328125,0.723695827851079,0.020013089709095492,0.4429967999458313,0.48901739716529846,0.7391758383093404,4.353951665801019,21.58465576171875,57.30022048950195
00242.png,4.5061,0.6914016604423523,0.532068822545742,0.859639717154224,7.189626216888428,37.594635009765625,0.9545327302033915,0.49362714847203676,6.6321702003479,3.677083354758521,11.316993713378906,3.44535493850708,30.730998992919922,0.49532657861709595,1.677247405052185,1.0229038000106812,0.04312172159552574,13.653039932250977,0.6985494675260742,0.021544950644506674,0.4391004145145416,0.4621756076812744,0.7191234654720203,4.443129658196981,18.92742919921875,54.348995208740234
00255.png,4.546,0.6567386388778687,0.732988379413477,0.8760951356246943,5.7853217124938965,26.501724243164062,0.9556806244656354,0.5906506554183727,6.3314290046691895,4.4407299148513335,8.530348777770996,2.3933680057525635,24.969341278076172,0.517793595790863,1.3345122337341309,1.0474228858947754,0.024673352017998695,16.07771873474121,0.6660881046895429,0.009644530745116552,0.4838683009147644,0.47268590331077576,0.7360459593967823,4.167787896632082,20.38299560546875,52.892757415771484
00274.png,4.3877,0.6575589179992676,0.6786289530000778,0.8714488035859822,6.02471923828125,29.132076263427734,0.9554339893954215,0.5707439627730377,6.35372257232666,4.20019639488927,8.906709671020508,2.648200750350952,26.376066207885742,0.5114733576774597,1.3763363361358643,1.0365402698516846,0.029509419575333595,15.300394058227539,0.6664525308825829,0.012807942698784342,0.4699910879135132,0.5055161714553833,0.7152232235575229,4.319306409294898,24.20574951171875,44.840267181396484
00284.png,4.49,0.6483898162841797,0.6754233133216121,0.8706436841638708,6.124484062194824,28.584890365600586,0.9526517397341137,0.5552754159380249,6.34000301361084,4.209414324688483,8.792287826538086,2.6021475791931152,26.01754379272461,0.5115054249763489,1.3720643520355225,1.0228348970413208,0.028429685160517693,15.462279319763184,0.6567096283725199,0.013840616085133511,0.473714679479599,0.5181992053985596,0.6991415450168348,4.361639880875571,25.24383544921875,46.47380065917969
00290.png,4.352,0.6373718976974487,0.6573458007909717,0.8685065125512129,6.2073774337768555,28.67389488220215,0.9536779048585409,0.5689352250433558,6.317965507507324,4.116752122277173,8.745396614074707,2.6078450679779053,26.02684783935547,0.4989730715751648,1.391775131225586,1.0430731773376465,0.029583081603050232,15.289566040039062,0.6609951343026158,0.014140310515017492,0.47078192234039307,0.5142064094543457,0.7075379303263779,4.463656544232041,23.86785888671875,45.42149353027344
00306.png,4.4312,0.6439498662948608,0.6410579159506401,0.8686330981479664,6.161126613616943,28.63671875,0.950339020243436,0.5524484113948218,6.25932502746582,3.981125401426821,8.63831901550293,2.6054065227508545,25.43463897705078,0.49582505226135254,1.391112208366394,1.0255565643310547,0.03161805868148804,15.00064754486084,0.654508417046669,0.01576537822527356,0.46209168434143066,0.5160529613494873,0.6855532886956222,4.411782806717666,24.62860107421875,43.29061508178711
00320.png,4.3606,0.6486178636550903,0.7098739437240588,0.8741013257733392,6.333410739898682,35.43231964111328,0.9603310709759654,0.6072273716102551,6.458809852600098,4.54044397496294,10.238276481628418,3.2237448692321777,27.795957565307617,0.4758712947368622,1.3541685342788696,1.031785488128662,0.03577876091003418,14.46374797821045,0.7098006626811248,0.013914882411517428,0.4656050205230713,0.5095743536949158,0.7608354741784257,3.8799111301120077,26.40057373046875,54.09922409057617
00325.png,4.461,0.6243377923965454,0.6476646897520423,0.8787143414103359,5.528616428375244,21.872634887695312,0.9190533067600466,0.43664077733213325,7.100930213928223,4.0898672403888785,5.480561256408691,1.9296979904174805,51.246185302734375,0.4655466079711914,1.3041629791259766,0.957625150680542,0.04506160318851471,13.461934089660645,0.5838242913156788,0.02061307284011551,0.4488685131072998,0.4853786826133728,0.5853141703185006,4.116550985715759,18.82000732421875,43.578704833984375
00334.png,4.377,0.5864529609680176,0.8204271860064543,0.9231038106711886,5.666495323181152,19.433900833129883,0.9491064461808636,0.4852091736940405,7.240233421325684,5.294530289320944,5.053168296813965,1.690050482749939,51.116092681884766,0.8472636342048645,1.0703136920928955,1.0854418277740479,0.03264660760760307,14.861620903015137,0.5866869349161513,0.016249203151477647,0.4906831383705139,0.5211198329925537,0.6712174230384239,5.128738662776344,24.31170654296875,43.028907775878906
00339.png,4.5674,0.6362605094909668,0.5657276884032902,0.8681209063703629,6.660661697387695,22.285131454467773,0.9497549084037697,0.5030931454667035,6.995985507965088,3.862981783058496,6.923171043395996,1.9290679693222046,37.981937408447266,0.6651473045349121,1.659928321838379,1.0591877698898315,0.02019093744456768,16.948434829711914,0.6238120907327749,0.011011148027709495,0.49627166986465454,0.5146194100379944,0.6555635310199175,5.7176866230130425,25.82635498046875,42.25147247314453
00349.png,4.5335,0.7048156261444092,0.46109106052923254,0.8721849168219571,6.830689430236816,28.228452682495117,0.9351001549041202,0.43963350530676154,6.084559440612793,2.9775606155919974,8.580302238464355,2.483513593673706,19.537622451782227,0.3872128129005432,1.3643807172775269,0.8208973407745361,0.05466892942786217,12.622594833374023,0.6031450377246003,0.02474490873861537,0.40873008966445923,0.40423649549484253,0.437947009077348,4.101732045568926,25.59735107421875,57.639373779296875
00353.png,4.5974,0.708227813243866,0.46099596499915246,0.872078850190785,6.824194431304932,28.274885177612305,0.9350663684868127,0.43985748324817814,6.070919990539551,2.97230519161244,8.596083641052246,2.4892778396606445,19.31431007385254,0.383820116519928,1.3652522563934326,0.8247016668319702,0.055681098252534866,12.542922973632812,0.6047360967733428,0.025109406999581606,0.40650179982185364,0.4035627245903015,0.44138305632852204,4.170017143783082,25.40203857421875,55.70698547363281
00370.png,4.5682,0.7128081321716309,0.4689729515585068,0.8712224772352684,6.817747592926025,29.304073333740234,0.9375569771682928,0.4333161585989208,6.119377136230469,3.033588627743317,8.84691047668457,2.5879995822906494,20.334583282470703,0.39304468035697937,1.4003233909606934,0.8398710489273071,0.05523708090186119,12.577693939208984,0.6117289252511805,0.026856936505653427,0.40852126479148865,0.41309964656829834,0.4629596257305776,4.100713129807516,25.45233154296875,62.273284912109375
00385.png,4.473,0.7084006071090698,0.45838597279618903,0.8670417475549199,6.804312705993652,27.216991424560547,0.9346839505023332,0.4352932965561702,6.053184986114502,2.946855470638564,7.927685260772705,2.38519549369812,19.379730224609375,0.39309683442115784,1.3905261754989624,0.8107011318206787,0.054622918367385864,12.626251220703125,0.5934377116165259,0.025434292628824864,0.4070834815502167,0.39937445521354675,0.4325724891651038,4.045023886635637,25.84002685546875,62.59428405761719
00386.png,4.5145,0.6450896263122559,0.5006763975082048,0.8733824603139004,6.821457862854004,35.11449432373047,0.9594707041636157,0.5607746939308792,6.805047512054443,3.4112438383186934,10.942159652709961,3.208639144897461,35.761783599853516,0.7113964557647705,1.62985360622406,1.081275463104248,0.015867389738559723,17.994945526123047,0.6815018958483078,0.0178363912280825,0.5006765127182007,0.5360597372055054,0.6757132340139841,5.457880772349978,28.86102294921875,36.838348388671875
00388.png,4.3891,0.6897872686386108,0.4949955312587178,0.871262007150019,6.934261322021484,26.307292938232422,0.9346468770745316,0.46816611873646813,6.5650200843811035,3.3410506081366638,8.141674041748047,2.3291189670562744,27.767372131347656,0.7093777656555176,1.6626176834106445,1.0175745487213135,0.030395636335015297,15.171889305114746,0.6553269329523586,0.016646216493534226,0.4361279606819153,0.4985467493534088,0.5766340121840633,5.64310775757408,22.41278076171875,42.93902587890625
00389.png,4.4075,0.6603236198425293,0.5361986012663061,0.875533550351011,6.843104839324951,29.06633758544922,0.9475954156243157,0.49619936638940687,6.776518821716309,3.651421322516164,9.160991668701172,2.619266986846924,35.08087158203125,0.7217307090759277,1.6975436210632324,1.0409246683120728,0.021391334012150764,16.697620391845703,0.6586053460166468,0.01937280733573829,0.47067245841026306,0.532080352306366,0.6272999455371018,5.02980529203007,14.60760498046875,37.0477294921875
00390.png,4.4888,0.626955509185791,0.5510659363142552,0.8742205799285898,6.742230415344238,29.51522445678711,0.9598270317354789,0.5340623245969206,6.822291374206543,3.7374829875249063,9.639074325561523,2.6653635501861572,39.581787109375,0.6928890943527222,1.647423505783081,1.046170949935913,0.018365338444709778,17.36001205444336,0.6570442849457839,0.02278678078643448,0.49375954270362854,0.5477423667907715,0.6541683018768149,4.904045748380363,24.53924560546875,36.011497497558594
00400.png,4.4562,0.6479533910751343,0.4585895096766653,0.8668833791818992,6.7360453605651855,45.89588165283203,0.9568139944430047,0.5952921316984178,6.843658447265625,3.113763307263861,13.699334144592285,4.270549774169922,36.055057525634766,0.6804481148719788,1.635270595550537,1.0655816793441772,0.018210703507065773,17.3967342376709,0.7491874457948663,0.012185545123401463,0.48666703701019287,0.5070681571960449,0.699298422891732,3.9271543495156536,23.18768310546875,43.67987823486328
00405.png,4.4604,0.6477417945861816,0.5035735229356539,0.8723713804877818,6.718325614929199,41.69751739501953,0.9603050999948668,0.5677319533864713,6.734494209289551,3.387251394020728,13.659274101257324,3.821181058883667,34.66618728637695,0.7122531533241272,1.6170222759246826,1.0788295269012451,0.01630260981619358,17.877429962158203,0.7272724477959477,0.014680154947050734,0.49189913272857666,0.5160225033760071,0.6857386756892507,4.297180993954591,21.08709716796875,48.87251663208008
00409.png,4.3569,0.6438677310943604,0.5368727172183123,0.8803468639007342,6.764804363250732,36.85099411010742,0.9491760152487307,0.5471625967609259,6.874921798706055,3.6614081028239642,11.883757591247559,3.3861300945281982,37.61587142944336,0.7411038875579834,1.672603726387024,1.0438528060913086,0.017147555947303772,17.657978057861328,0.6934500041797963,0.017048083832391415,0.47704124450683594,0.5145213007926941,0.6549337431196881,4.290526368266351,18.63787841796875,47.92530059814453
00419.png,4.4727,0.6344159841537476,0.47397310468109705,0.8818200793432887,6.317704200744629,35.71632385253906,0.9403846681177672,0.5701456554658888,7.027979850769043,3.1627563130598926,11.00976848602295,3.279932737350464,41.19317626953125,0.7154415845870972,1.5782403945922852,0.9355049133300781,0.017229365184903145,17.63730812072754,0.6526387775039961,0.01977371533036726,0.48616328835487366,0.49418020248413086,0.6032919721323532,3.7714595799143757,25.18524169921875,49.64616394042969
00421.png,4.6216,0.6525927782058716,0.5378375713206135,0.8901512059348532,6.978843688964844,36.56786346435547,0.9391842205958684,0.5206957482235937,6.7538299560546875,3.692983247720349,11.526535987854004,3.3566882610321045,33.78584289550781,0.7843815088272095,1.7159652709960938,0.9489536285400391,0.02267005294561386,16.44547462463379,0.6815104829682079,0.019357881417003227,0.45753639936447144,0.5177487730979919,0.5946206264053318,4.307619418265017,18.87908935546875,47.83543395996094
00434.png,4.4207,0.640896737575531,0.5304726152327486,0.8870610624115307,6.9294939041137695,34.652122497558594,0.9448589791211464,0.5424535007293079,6.909090042114258,3.6705043115505678,10.84007740020752,3.1974668502807617,37.28458023071289,0.7721685171127319,1.689096212387085,1.023820161819458,0.017824755981564522,17.489765167236328,0.6876861530843726,0.015443733940909391,0.47147542238235474,0.526321530342102,0.6331093460607116,3.9629648917488356,18.24139404296875,46.084293365478516
00441.png,4.3832,0.6136589646339417,0.564217469826664,0.8906337203862593,6.241193771362305,32.59797286987305,0.9546152955517881,0.5750912002546037,6.894789218902588,3.70578605894862,10.966399192810059,3.0237720012664795,39.97062683105469,0.7473852634429932,1.509528636932373,1.0955158472061157,0.013801386579871178,18.600772857666016,0.6883655271595157,0.013895176619944657,0.49061280488967896,0.4984448254108429,0.6845934006951649,4.462734789569558,24.76190185546875,45.704864501953125
00443.png,4.4727,0.6374224424362183,0.4801456965958628,0.8892396688652192,6.0664143562316895,39.775428771972656,0.9137811068322774,0.5428155001607046,7.149494171142578,3.1727895247638926,11.81944751739502,3.5945281982421875,43.55903244018555,0.7442173957824707,1.5889365673065186,0.9734250903129578,0.022339046001434326,16.509353637695312,0.6734735969722361,0.015775772814791086,0.46546557545661926,0.5079995393753052,0.6073275274165204,4.297864523681646,40.01776123046875,43.52946090698242
00449.png,4.4787,0.6154613494873047,0.5942387428570232,0.8970793740069936,6.282444477081299,27.06977653503418,0.956422244314765,0.5675634811719534,6.903246879577637,3.9177350040332986,8.975189208984375,2.467487096786499,42.97140121459961,0.7694216966629028,1.5509452819824219,1.0747474431991577,0.015054499730467796,18.223337173461914,0.6529450730369845,0.015674974307775754,0.4891001582145691,0.5051106214523315,0.698163311096151,4.796951358682403,26.43621826171875,42.34412384033203
00453.png,4.4851,0.6588837504386902,0.4423577680763429,0.8714702106412222,6.630654335021973,32.240631103515625,0.9411996337789774,0.5415097641953354,6.435742378234863,2.890018736752616,10.225208282470703,2.953042984008789,27.50066566467285,0.7009341716766357,1.6885567903518677,1.0911803245544434,0.016382668167352676,17.85615348815918,0.6864209293037403,0.01695387258147775,0.4514329433441162,0.5020092725753784,0.650667028292617,4.15183129041345,21.95477294921875,45.25740432739258
00461.png,4.4822,0.6653878092765808,0.47133348060520286,0.8790428454421417,6.68007230758667,31.03177261352539,0.9354802318696847,0.5095297785080388,6.592209815979004,3.1278441551514824,9.965760231018066,2.820554733276367,29.20714569091797,0.7322065234184265,1.7054853439331055,0.9932233691215515,0.019036278128623962,17.204181671142578,0.661911035270548,0.017977599710579186,0.44895899295806885,0.5074595212936401,0.6046213087955469,4.302820842076289,22.49285888671875,43.48106384277344
00479.png,4.5623,0.6348607540130615,0.5171510206643144,0.8925766066608783,6.7528076171875,40.92500305175781,0.9477402562004175,0.5642194180251936,7.056684970855713,3.5708059616471495,13.402714729309082,3.8174636363983154,42.705955505371094,0.7850602865219116,1.6263301372528076,1.014959692955017,0.015228742733597755,18.17336082458496,0.7030875502239989,0.01448460788752686,0.4843384921550751,0.5092437863349915,0.6337895782880422,4.351019383824333,19.38299560546875,47.761539459228516
00489.png,4.6129,0.6039364337921143,0.5458225365953973,0.8792235435296325,6.365372657775879,31.545867919921875,0.9467955694366366,0.5339829491409833,7.030986785888672,3.6560276945550942,10.74899959564209,2.882408857345581,40.60959243774414,0.7059167623519897,1.591704249382019,1.0402047634124756,0.01685338094830513,17.733131408691406,0.6696187739961207,0.016661559803307968,0.4849625527858734,0.5095291137695312,0.6521591026595855,5.001110008549163,27.79608154296875,49.536895751953125
00497.png,4.5167,0.6272115707397461,0.5429398432700816,0.8839814181065442,6.378390312194824,34.98053741455078,0.9471395678496419,0.561266524121853,6.978808879852295,3.6260878549250695,11.914094924926758,3.2139968872070312,45.323978424072266,0.7280281782150269,1.5877692699432373,1.0386438369750977,0.019697915762662888,17.055795669555664,0.6789994834350602,0.01493393884681481,0.4863970875740051,0.4961755573749542,0.6574049382225751,4.340855673312682,30.12713623046875,34.71880340576172
00512.png,4.4232,0.6429370641708374,0.6126624590901887,0.9069111861347101,7.026507377624512,49.26892852783203,0.9560291833416725,0.5719262401137778,6.932734489440918,4.276162877544293,14.324044227600098,4.646688461303711,38.81891632080078,0.8355305194854736,1.6329498291015625,1.0173161029815674,0.014422249980270863,18.409669876098633,0.7347453070731904,0.018274163795501255,0.489687979221344,0.5300219058990479,0.6752030546771329,4.169031552126509,23.17059326171875,54.97784423828125
00525.png,4.4588,0.6255456209182739,0.551390116073676,0.8960329253633569,6.858034610748291,43.189170837402344,0.9530395385500956,0.5751962573346172,6.905333518981934,3.7945028843900612,13.336085319519043,3.997288703918457,42.74435043334961,0.8027999401092529,1.6328709125518799,1.0476840734481812,0.014299376867711544,18.44683074951172,0.7178238313688462,0.015477929547253142,0.4953855872154236,0.518275260925293,0.66884480526864,4.712652792357982,21.05828857421875,55.297119140625
00527.png,4.5279,0.6497017741203308,0.5672458537892756,0.8882763457595548,7.004383087158203,41.902626037597656,0.9479201176053712,0.5550043802567848,6.9895501136779785,3.9690104514245785,12.613649368286133,3.8652541637420654,42.419673919677734,0.7716955542564392,1.6624351739883423,1.0289674997329712,0.018899381160736084,17.235525131225586,0.709379384108442,0.017837916916289148,0.4759123921394348,0.5183970332145691,0.6511094817727224,4.720882738606649,19.67694091796875,48.21669387817383
00537.png,4.5876,0.6095466613769531,0.5358658966146178,0.8959647556166495,6.581833362579346,36.38838195800781,0.9540153313145314,0.5685449219769095,6.823005676269531,3.5916080085654603,12.003328323364258,3.3116116523742676,39.10100555419922,0.7981934547424316,1.609267234802246,0.8726710081100464,0.01146374735981226,19.406734466552734,0.658182351693571,0.02137936926901681,0.5117153525352478,0.5533991456031799,0.5869591726621344,4.028618945007883,24.79168701171875,47.0742301940918
00555.png,4.5222,0.6126148700714111,0.5109160281617044,0.8905015669773957,6.639340400695801,42.062843322753906,0.955328950024745,0.5877643411405911,6.833468437194824,3.4417464796628305,13.536678314208984,3.845276355743408,36.686161041259766,0.7809339165687561,1.626016616821289,0.9078900814056396,0.011016612872481346,19.579519271850586,0.68745406397992,0.018397910808167186,0.5092830061912537,0.5601229667663574,0.6280317547091502,4.281387373984682,28.69158935546875,54.713802337646484
00572.png,4.5148,0.5976955890655518,0.5361994973529783,0.8838120928177189,6.365469455718994,36.17090606689453,0.9552615122609893,0.5676965346922405,6.7082600593566895,3.505073327766979,11.74892520904541,3.2950663566589355,36.28705596923828,0.7392705678939819,1.5707051753997803,0.9237451553344727,0.011487609706819057,19.397701263427734,0.6666816398025442,0.020634485973630386,0.5045022964477539,0.5435675382614136,0.6186950455224228,4.434429569694477,26.34442138671875,48.26165008544922
00587.png,4.5575,0.5299081802368164,0.6080511238634514,0.8946238799992804,5.757350444793701,23.61492156982422,0.9375153502434808,0.5099793832505153,6.691747665405273,3.784855307340596,7.738315582275391,2.158839702606201,35.901222229003906,0.7434521317481995,1.328239917755127,0.9848026037216187,0.014776570722460747,18.304264068603516,0.6246276731172108,0.01967481526517052,0.4844864010810852,0.5323832035064697,0.6134946964647813,4.231397951700253,23.65545654296875,43.43250274658203
00606.png,4.5876,0.5514873266220093,0.6111646681753937,0.8876069273453704,5.676383972167969,25.60858154296875,0.940092791777215,0.509489134379753,6.824953079223633,3.820198677192721,8.440106391906738,2.3453595638275146,40.04742431640625,0.6956442594528198,1.3159170150756836,0.9037860631942749,0.018613599240779877,17.30169677734375,0.6054881425901658,0.026610039660628675,0.49427467584609985,0.5427253842353821,0.570033303237069,4.23232754630471,21.86932373046875,45.553184509277344
00621.png,4.5245,0.5451826453208923,0.6485949645938306,0.893967643895672,5.816708087921143,27.21010971069336,0.9343871460465293,0.5154861064035394,6.949234962463379,4.139975017494406,9.200108528137207,2.4771742820739746,42.2427864074707,0.7444088459014893,1.305199384689331,0.9145076274871826,0.018738798797130585,17.2725830078125,0.6078473011841431,0.024467212968092858,0.5016869306564331,0.5452349781990051,0.5764648745299713,4.551678003587221,24.03680419921875,41.61302185058594
00633.png,4.4083,0.6020821332931519,0.580697744095489,0.893935919750406,6.36415958404541,30.086803436279297,0.9534204849213528,0.5469128508115049,6.799333095550537,3.822015818954007,9.853593826293945,2.714125394821167,37.84101867675781,0.7793155908584595,1.58695387840271,0.9521297216415405,0.011128975078463554,19.53544807434082,0.6397507062275272,0.02144076881665157,0.5116662383079529,0.5501296520233154,0.6044678750968243,4.467089207313081,23.34735107421875,43.56395721435547
00643.png,4.4149,0.6381998062133789,0.5980018693748509,0.8701037548997849,5.876518249511719,25.535552978515625,0.9446724077928127,0.4829294647499474,7.0374321937561035,3.861294068673079,7.993396759033203,2.278393268585205,38.51597595214844,0.5637034773826599,1.6522951126098633,0.8599551916122437,0.02503196895122528,16.015050888061523,0.5953233753147986,0.025642981087301564,0.49674588441848755,0.5049225091934204,0.5334420255980173,4.808146194557551,21.23211669921875,49.012474060058594
00652.png,4.5452,0.6395685076713562,0.5149270069441757,0.8649850296127019,6.376889705657959,22.38878631591797,0.9488557222284613,0.48411214989513845,6.863297939300537,3.408874298797828,7.326107501983643,1.9991366863250732,31.10171127319336,0.6359865665435791,1.6918294429779053,0.9312765598297119,0.015519467182457447,18.091232299804688,0.597143197600612,0.024798989359430618,0.4920838177204132,0.4857279062271118,0.5738817643999516,5.06519287144622,20.80780029296875,52.34395217895508
00653.png,4.6491,0.6245392560958862,0.5413295959773937,0.8854949052121223,6.321865558624268,28.39398193359375,0.9570809894527015,0.5565873404475202,6.849822044372559,3.565122309855223,9.243867874145508,2.600074529647827,33.52605056762695,0.763209342956543,1.6499619483947754,1.080106496810913,0.010822078213095665,19.65689468383789,0.6571902417280587,0.01779288662429754,0.5134551525115967,0.5330407619476318,0.6673226280283782,5.071876551906027,17.63592529296875,46.43144989013672
00661.png,4.509,0.6145874857902527,0.5792295611592442,0.8864195909622777,6.521821022033691,28.845073699951172,0.946363128541087,0.5143725754802215,6.49967622756958,3.7712284157492295,8.744304656982422,2.5914418697357178,39.0916748046875,0.7356612682342529,1.6803374290466309,0.9629590511322021,0.017465241253376007,17.57825469970703,0.6442908920376177,0.02176937521797095,0.504510223865509,0.5069646835327148,0.6190259745059687,4.696800100982123,27.01239013671875,47.93128204345703
00671.png,4.3981,0.6344690322875977,0.5238076471969716,0.8877414765868615,6.822257041931152,29.074155807495117,0.9576369245452867,0.5511990482094187,6.552060127258301,3.5027940066943213,8.486398696899414,2.593291759490967,31.99700355529785,0.7611491680145264,1.6654763221740723,1.0363749265670776,0.012496141716837883,19.032241821289062,0.6655817911737086,0.01604482405391971,0.49269726872444153,0.5206245183944702,0.6572582744044563,4.787735344071649,28.23260498046875,56.57712936401367
00676.png,4.4524,0.6395266056060791,0.5213838125875278,0.8872303553626624,6.824110984802246,27.456754684448242,0.9579096081082238,0.5194329885970452,6.392919063568115,3.44558213193503,8.646060943603516,2.475497245788574,28.399808883666992,0.7707371711730957,1.7155152559280396,1.024309754371643,0.013354983180761337,18.743566513061523,0.6575734391239323,0.01910924658378336,0.48648226261138916,0.500037670135498,0.6462458211782951,4.706767791838636,21.95526123046875,51.81513977050781
00677.png,4.4193,0.6479232311248779,0.5159204151673874,0.8771211422902653,6.809552192687988,33.236175537109375,0.9579390332649004,0.5618588141341561,6.89300012588501,3.534722878301009,9.912454605102539,3.044772148132324,36.070289611816406,0.7316926717758179,1.6569530963897705,1.0349977016448975,0.014974454417824745,18.246490478515625,0.6738262230530665,0.017127334251682835,0.49816399812698364,0.520135760307312,0.6517440562228974,4.398960294462878,16.52557373046875,49.178001403808594
00687.png,4.5219,0.6221381425857544,0.5652435018470344,0.8836207138897878,6.147638320922852,33.126182556152344,0.9580830069114505,0.570708157550031,7.007378578186035,3.7179037901909435,10.289794921875,3.036691665649414,40.038352966308594,0.7444168925285339,1.5858222246170044,1.0657196044921875,0.015516377985477448,18.09209632873535,0.6779238716893327,0.015806736090456977,0.504460871219635,0.5183243751525879,0.6676248588256231,4.2792863283846465,18.20135498046875,51.42265319824219
00697.png,4.5828,0.6224616765975952,0.5359013148602921,0.9002320958518831,6.436570644378662,29.270721435546875,0.9554210967320228,0.5553347865047112,6.851971626281738,3.5606832990920605,9.002374649047852,2.6606526374816895,34.78594970703125,0.8121082782745361,1.6355117559432983,0.9687470197677612,0.0093233035877347,20.304302215576172,0.6432059793199963,0.02055802529696303,0.5122658610343933,0.5374801158905029,0.6100880445653885,4.940995164837601,19.54656982421875,41.89085388183594
00712.png,4.4857,0.7104792594909668,0.5547677307286276,0.8867926112473626,6.833492755889893,30.797714233398438,0.947326548253707,0.4715911112203111,6.489287376403809,3.695533883394834,8.716116905212402,2.784391403198242,27.515335083007812,0.3116854429244995,1.5416524410247803,0.9787125587463379,0.05232078954577446,12.813257217407227,0.6710640152431204,0.018164251210766164,0.43023717403411865,0.4223133623600006,0.6161646535820046,4.059769021417358,20.86444091796875,60.19055938720703
00716.png,4.4979,0.693566083908081,0.4276035401269144,0.8882138154040885,6.551814556121826,18.0948543548584,0.9338661526968526,0.39408235948733683,5.407865524291992,2.5570070750772977,5.015269756317139,1.5482540130615234,14.23707103729248,0.21186961233615875,1.4068663120269775,0.7682859301567078,0.04452231153845787,13.514223098754883,0.5226393453576902,0.016153190827037523,0.4623071551322937,0.24007397890090942,0.4207508892324511,4.979359585237499,27.34442138671875,47.818115234375
00719.png,4.4506,0.678957462310791,0.6133578189624354,0.9015923630876513,7.204224109649658,109.2572250366211,0.9631380480817714,0.5953845665376594,7.351335048675537,4.463894527533741,23.296388626098633,10.460597038269043,41.433902740478516,0.7912482619285583,1.556064248085022,0.7922905087471008,0.043530941009521484,13.612020492553711,0.6637471192020357,0.04478336093563418,0.5087354779243469,0.5547428727149963,0.5824811537898935,5.896680411472639,30.96258544921875,57.69491958618164
00725.png,4.5663,0.6800847053527832,0.576157690633467,0.8891659384382664,7.298480033874512,108.16165161132812,0.9584969542605873,0.593905021013272,7.3671064376831055,4.224855559190203,23.0635929107666,10.336448669433594,41.72180938720703,0.7605068683624268,1.640336036682129,0.7792075276374817,0.043677449226379395,13.597427368164062,0.6627902361762285,0.04415070901189924,0.507703423500061,0.5510262250900269,0.5738301563374542,5.226737921195329,30.58905029296875,66.05130767822266
00726.png,4.4726,0.6806566119194031,0.5771532652910893,0.8848632833643225,7.314159393310547,108.64257049560547,0.9572774318902623,0.5891395410733327,7.366602897644043,4.236535897805734,23.235788345336914,10.380790710449219,41.81467056274414,0.7484633922576904,1.655923843383789,0.7781058549880981,0.04488682001829147,13.478812217712402,0.6631384712982842,0.044441901415374636,0.505138635635376,0.5418194532394409,0.5732529016432717,5.03152020923115,30.84442138671875,65.96044921875
00738.png,4.5795,0.6974724531173706,0.5804303255763137,0.8756455486860693,7.20705509185791,91.03692626953125,0.9593938008836658,0.5582390192827983,7.259415149688721,4.198399340638897,20.396028518676758,8.638246536254883,41.535621643066406,0.6048259735107422,1.5904802083969116,0.7989120483398438,0.05912213772535324,12.282499313354492,0.6686428533295311,0.03814064998626262,0.46225446462631226,0.5651493072509766,0.5967687804891934,4.361521807717764,35.64227294921875,63.97556686401367
00760.png,4.5669,0.6719512939453125,0.6699103726156127,0.8833283396107193,7.116066932678223,75.53805541992188,0.9737125259748816,0.6297673473813991,7.25455904006958,4.813527380866155,18.557466506958008,7.08563232421875,46.42244338989258,0.6716521978378296,1.574880599975586,0.9485727548599243,0.056592658162117004,12.472399711608887,0.8023046145299103,0.013361339589972723,0.45052072405815125,0.5110548734664917,0.7936207140228656,4.393109250035689,35.94647216796875,67.16252136230469
00762.png,4.5347,0.6823943853378296,0.6372534327489802,0.8776108304635186,7.137185096740723,83.56265258789062,0.9725757383671817,0.6546938174544024,7.281999588012695,4.594349172221733,19.7701473236084,7.826830863952637,43.76668167114258,0.6517664194107056,1.5430673360824585,0.9398759007453918,0.05409786105155945,12.66819953918457,0.7974666419980374,0.01643703376926379,0.46272221207618713,0.5178782343864441,0.7869122626637655,4.405269074466483,38.41278076171875,67.0976791381836
00769.png,4.5811,0.686413049697876,0.648577347108012,0.8775338178143565,7.104264736175537,79.33480072021484,0.9726771967172262,0.6351698791439155,7.219161033630371,4.644936573823378,19.243566513061523,7.4329962730407715,44.93620681762695,0.614884078502655,1.5495661497116089,0.9389506578445435,0.05947443097829819,12.256697654724121,0.8006698372414062,0.015072425992027755,0.4478996694087982,0.5065330862998962,0.784849382383146,4.458953605920132,38.53533935546875,68.64566040039062
00787.png,4.5067,0.6948684453964233,0.20311674648521505,0.8566359555408021,6.6764373779296875,65.50498962402344,0.8167711881666668,0.4795429470996411,6.654413223266602,1.3538626295768044,13.074321746826172,6.0319037437438965,27.24938201904297,0.6376894116401672,1.6215689182281494,0.5530980825424194,0.05151587724685669,12.880590438842773,0.5919186995269535,0.04033102688578799,0.41243553161621094,0.46682608127593994,0.3909688175448556,5.419475296828682,36.39129638671875,46.83662414550781
00800.png,4.5556,0.6738688349723816,0.2234035078021329,0.8690367888452297,6.817477226257324,66.58946228027344,0.8282349946090677,0.5358833281145159,6.580332279205322,1.496562010376648,13.318819046020508,6.157769680023193,26.317615509033203,0.6964514851570129,1.6244828701019287,0.5619356632232666,0.05092720314860344,12.930501937866211,0.5703972743067821,0.044880558040331364,0.4322854280471802,0.49770089983940125,0.37833910515511754,5.144703418401922,35.22528076171875,50.501895904541016
00801.png,4.4933,0.70819091796875,0.6037136778182735,0.8923593249643894,7.100684642791748,62.525146484375,0.9720717277790106,0.6024639441391593,6.562413215637207,4.12430987403606,15.626209259033203,5.96307897567749,27.0406551361084,0.31620705127716064,1.4885741472244263,1.0558602809906006,0.05927415192127228,12.271347045898438,0.7833594233475369,0.020863938244331956,0.4189954400062561,0.49558866024017334,0.8398197750187805,4.779994000502822,27.65106201171875,60.035926818847656
00805.png,4.5356,0.7067844271659851,0.6098549812412761,0.8921505055254526,7.111831188201904,62.42368698120117,0.9701929828875251,0.6000671907963899,6.58718204498291,4.177216196600115,15.657062530517578,5.95728063583374,27.73692512512207,0.32041704654693604,1.4935553073883057,1.046873688697815,0.059380121529102325,12.263589859008789,0.7803242475446736,0.021024760020342457,0.4201797842979431,0.49593743681907654,0.8338142970044491,4.53234049737235,27.63885498046875,59.9097900390625
00818.png,4.573,0.7056536674499512,0.6264489916347061,0.8908953649518568,7.094619274139404,62.74496078491211,0.9712285195145688,0.6030420602927995,6.606317043304443,4.291479224895875,15.69775104522705,5.987525939941406,28.487438201904297,0.33367252349853516,1.4844964742660522,1.0478183031082153,0.058884307742118835,12.300004005432129,0.7804367073517127,0.02149971360132402,0.4206908643245697,0.49612027406692505,0.8376553884730185,4.565192045788874,27.87957763671875,60.52278137207031
00825.png,4.5938,0.6579846739768982,0.7278240494092936,0.8578460664224572,6.3332600593566895,29.359233856201172,0.9535903610633142,0.5355473393116655,6.94611930847168,4.832539190875874,8.861777305603027,2.592057704925537,34.50516891479492,0.5416814088821411,1.6874828338623047,0.9870636463165283,0.025029338896274567,16.015506744384766,0.6692238432964576,0.019960247358542748,0.48681211471557617,0.49090149998664856,0.6531463246286973,5.113773898941564,22.78729248046875,52.103607177734375
00826.png,4.5251,0.6688841581344604,0.6399183457134676,0.8618813798627568,6.456048965454102,31.08983612060547,0.9482705590832055,0.5275030983059007,7.073176860809326,4.328810935074404,9.701275825500488,2.7639224529266357,37.43113327026367,0.5561823844909668,1.6655887365341187,0.9312353134155273,0.026110876351594925,15.831786155700684,0.6596235937870715,0.02188217217999009,0.48421618342399597,0.48381859064102173,0.6260620135556234,4.428499354304278,21.03143310546875,51.782997131347656
00829.png,4.4554,0.6705715656280518,0.6326723182021747,0.8598322833414794,6.518458366394043,30.702167510986328,0.950797887731714,0.5390622819808175,7.0793561935424805,4.301491506463238,9.64250373840332,2.740126371383667,36.92864227294922,0.5495932102203369,1.6497271060943604,0.9393093585968018,0.025343451648950577,15.961341857910156,0.6613792740384957,0.02140909103168359,0.4853391647338867,0.4890407919883728,0.6301397099925634,4.447897656367036,19.78143310546875,51.0916633605957
00834.png,4.4888,0.6633083820343018,0.6878918774795026,0.8616261486630163,6.486327648162842,29.1361141204834,0.9539482654712454,0.5366873746289469,7.121635437011719,4.680415800276725,9.09263801574707,2.6049375534057617,41.129791259765625,0.5675729513168335,1.6383212804794312,0.9932960271835327,0.02859817072749138,15.436616897583008,0.6589113852489394,0.01912357608967744,0.4841979146003723,0.46773362159729004,0.6654868720808026,4.251743797473913,19.59490966796875,55.80506896972656
00857.png,4.4023,0.6810270547866821,0.7620982985932352,0.8673998997302655,6.3167724609375,25.177806854248047,0.9528298644822839,0.4976076082914489,7.101102352142334,5.112883014641039,7.918873310089111,2.2140140533447266,41.36335372924805,0.45979008078575134,1.686232328414917,0.9989640712738037,0.03929071128368378,14.05710220336914,0.6433897495764329,0.018024058904289635,0.47360289096832275,0.4679933190345764,0.6518651144461658,4.544365698584964,21.14227294921875,57.61731719970703
00867.png,4.4333,0.7095829844474792,0.5460712542843537,0.8780946311374008,7.196884632110596,77.03517150878906,0.964704241934421,0.5733425890637792,6.62644100189209,3.774270126757653,18.17750358581543,7.310461044311523,27.84990692138672,0.4052155613899231,1.4543371200561523,0.9828531742095947,0.057660896331071854,12.391186714172363,0.7550215577706921,0.031874792086006326,0.42923593521118164,0.49907881021499634,0.7667537870969748,4.254582180669743,33.05340576171875,65.9115982055664
00871.png,4.5906,0.7058185935020447,0.565617456959988,0.8766636801299762,7.176448822021484,79.22782135009766,0.9670306907889232,0.5844813485907342,6.692333698272705,3.922222702949851,18.443466186523438,7.514127731323242,29.379091262817383,0.4349231719970703,1.4480748176574707,0.9904312491416931,0.056391336023807526,12.487876892089844,0.758446321825033,0.031850552710314034,0.4314602017402649,0.5011655688285828,0.7746081647145481,4.127410194846529,33.27264404296875,65.85308074951172
00878.png,4.5477,0.702213704586029,0.5667292680593065,0.874722226912731,7.182857036590576,78.40826416015625,0.9662671393005502,0.584139743264432,6.741312026977539,3.9456270953376045,18.262964248657227,7.4383673667907715,31.729568481445312,0.4618900418281555,1.459122896194458,0.979629635810852,0.05558956041932106,12.550068855285645,0.7535054449256982,0.0319725064850901,0.436050683259964,0.5089895725250244,0.7656296110499692,4.341178837415548,32.38592529296875,64.26488494873047
00896.png,4.5462,0.7158992290496826,0.46209774237089246,0.8699531432086502,6.743166923522949,44.106170654296875,0.9349437847480513,0.4893727702467481,6.286818504333496,3.0105717608621596,11.890033721923828,4.032920837402344,26.152978897094727,0.5070618987083435,1.398964285850525,1.0329610109329224,0.05453792214393616,12.633014678955078,0.6968628639184872,0.024643706948870095,0.40353405475616455,0.39757347106933594,0.6081790093575553,4.048927773905233,29.30389404296875,56.44866180419922
00910.png,4.4426,0.7149259448051453,0.46415113709059874,0.8694976734629923,6.783349990844727,45.15809631347656,0.9351401957443476,0.4931189169833832,6.287548065185547,3.033444479506052,12.187247276306152,4.139584541320801,26.18651008605957,0.5173413157463074,1.3906025886535645,1.0280516147613525,0.05493326112627983,12.60164737701416,0.69892274787829,0.02394767271108143,0.40443652868270874,0.40747326612472534,0.6118926659806312,4.154595719440067,29.07098388671875,56.43090057373047
00916.png,4.4871,0.7116905450820923,0.4660552458115957,0.8687977354074967,6.863309383392334,42.158206939697266,0.9339298503950877,0.47618979165224173,6.336161136627197,3.0758496429964683,11.7837553024292,3.843541145324707,25.86739158630371,0.5064544677734375,1.393078088760376,1.0064841508865356,0.05429651215672493,12.652280807495117,0.6812225551714582,0.025071606858293786,0.4089316129684448,0.40817421674728394,0.5881573394696626,4.160421781747212,28.05389404296875,56.46832275390625
00922.png,4.4398,0.7114620208740234,0.477651630422769,0.8703891535863877,6.86824893951416,40.797401428222656,0.9351484014380265,0.47093752352730284,6.3423357009887695,3.1550375128203143,11.289384841918945,3.7202353477478027,25.195371627807617,0.47840940952301025,1.3781790733337402,1.0163019895553589,0.053289495408535004,12.7335844039917,0.6786219980454439,0.025300795759699568,0.41223374009132385,0.40686631202697754,0.5893528013169054,4.252162728669567,28.17694091796875,60.84841537475586
00926.png,4.449,0.6927282214164734,0.4501347247377682,0.8700980182729069,6.897677898406982,44.93760299682617,0.9360456972207809,0.508192405106248,6.287625312805176,2.96758991184662,11.362878799438477,4.126218318939209,23.354564666748047,0.44204193353652954,1.4112322330474854,0.9760757684707642,0.05240367725491524,12.80638313293457,0.6887315499835545,0.02499689381891415,0.4184073805809021,0.4191446602344513,0.6148927818143519,4.092662865225617,30.02947998046875,60.71364974975586
00950.png,4.4094,0.701653242111206,0.4746943277057758,0.8609182406837241,6.7279372215271,29.08503532409668,0.9302480228448415,0.477939320901234,6.308712959289551,3.094220140942056,7.74725866317749,2.5888261795043945,26.462726593017578,0.43301087617874146,1.4983034133911133,0.9494925737380981,0.05255737900733948,12.793663024902344,0.6137401280939141,0.022307111289150156,0.41957318782806396,0.3821442425251007,0.5287503318672696,4.431416755208341,26.05975341796875,57.57618713378906
00958.png,4.3692,0.7034257650375366,0.53881784842845,0.8748874612081975,6.77963399887085,36.62325668334961,0.9432312513732836,0.5232892418896993,6.642549514770508,3.616065321886529,9.695124626159668,3.3336150646209717,30.918331146240234,0.44403642416000366,1.5262129306793213,0.9717273712158203,0.046498969197273254,13.325567245483398,0.6622797291693006,0.02220231799551924,0.4331349730491638,0.4271966814994812,0.6013646790010458,4.104196510498284,25.63201904296875,65.02564239501953
00965.png,4.4429,0.7015368342399597,0.5470989061685372,0.8749527827427988,6.790573596954346,36.918251037597656,0.9465521457535702,0.5210580815614207,6.688460826873779,3.6871922443031018,9.782519340515137,3.362609386444092,29.724349975585938,0.43453577160835266,1.5159724950790405,0.9555919170379639,0.04614243283867836,13.35899543762207,0.6604634904145295,0.022353206557685704,0.43819916248321533,0.4433916211128235,0.6001415124017652,4.095584919509906,26.37420654296875,63.62767791748047
00976.png,4.391,0.673112154006958,0.5964209522915997,0.8535160861787787,6.866641998291016,35.66044616699219,0.9635878898709316,0.5406399866347702,6.540074348449707,3.9980344299793735,11.1737699508667,3.203718900680542,28.45743179321289,0.4477368891239166,1.5743396282196045,0.883374035358429,0.02765662595629692,15.582008361816406,0.6716352702407363,0.023782302153675935,0.4560188055038452,0.48181694746017456,0.6204410113345799,4.556446276222521,28.13397216796875,46.8752326965332
00994.png,4.3674,0.6707161664962769,0.5923761238608402,0.8548377845666661,6.907861232757568,35.762020111083984,0.963670486341137,0.543243842325335,6.583744049072266,3.9960630990841555,11.218595504760742,3.2139689922332764,28.851093292236328,0.4577924311161041,1.5771801471710205,0.8974614143371582,0.027785087004303932,15.561882019042969,0.6752902635466311,0.02278545988493495,0.45636820793151855,0.48779094219207764,0.635461031448415,4.59210693536792,28.56854248046875,47.837677001953125
01017.png,4.6053,0.6242426037788391,0.5789981923397536,0.8613696213054471,6.440604209899902,37.754634857177734,0.9575266125825543,0.6300127930648837,6.782567977905273,3.828107098656778,10.638574600219727,3.4025115966796875,29.882722854614258,0.6555607318878174,1.5959513187408447,0.9080810546875,0.012899743393063545,18.894189834594727,0.659694856897728,0.02423094236229376,0.5035995244979858,0.5631003379821777,0.6121117909809799,4.717381752724233,36.74774169921875,52.875186920166016
01034.png,4.5925,0.6979897022247314,0.6308781385519135,0.8700658545274536,7.022205829620361,28.887733459472656,0.9708692242585129,0.5015058551272679,5.997623443603516,4.106972548841172,9.360527992248535,2.5354089736938477,25.28032112121582,0.38453516364097595,1.5224677324295044,0.9868025779724121,0.04483279958367348,13.484041213989258,0.701945320020807,0.015372786888919006,0.42496591806411743,0.4126804769039154,0.7314991721968711,4.364892508006026,28.18670654296875,58.73196792602539
01043.png,4.4779,0.703231692314148,0.6406368427986318,0.8681775179558184,7.01575231552124,31.54668426513672,0.9714883398810189,0.4970945550958622,5.9140400886535645,4.1416621020912405,10.391581535339355,2.798159122467041,25.83838653564453,0.3806833028793335,1.5201048851013184,1.001064419746399,0.048009682446718216,13.186712265014648,0.716295506065324,0.014553717936147027,0.42195576429367065,0.41767120361328125,0.7495006939513363,4.863234428834796,26.81463623046875,59.48262405395508
01079.png,4.4053,0.602350652217865,0.5956419888979684,0.9048784770513548,6.331876754760742,33.03147506713867,0.9508703303230229,0.6022821950940175,6.807871341705322,3.913303771645573,10.11308765411377,3.005190849304199,33.44287109375,0.8272637724876404,1.6945122480392456,0.9604513645172119,0.011228964664041996,19.49660301208496,0.6383374274660026,0.017376302953830653,0.5174347162246704,0.5957241058349609,0.6451559438809967,5.224328653608231,33.73016357421875,42.47008514404297
01093.png,4.4015,0.6370338797569275,0.5177193610360428,0.8771022447826121,6.428692817687988,43.318450927734375,0.9611383930685653,0.6472342895595355,6.890277862548828,3.4477536798247534,12.540301322937012,3.9009671211242676,30.6669979095459,0.7335957288742065,1.5952861309051514,0.9193469285964966,0.010464644059538841,19.802757263183594,0.6997345378972,0.0148568832676218,0.503200352191925,0.5598874092102051,0.6636653718963438,4.853994958756201,43.30194091796875,54.591796875
01101.png,4.6102,0.646328330039978,0.5522878553498302,0.8570358349556784,6.504388332366943,39.9937744140625,0.9642663719309486,0.6301478933990415,6.694753646850586,3.6448729720703508,11.794934272766113,3.5843751430511475,28.01712989807129,0.5875406861305237,1.5711678266525269,0.9639278650283813,0.013647078536450863,18.64960479736328,0.7007479381570217,0.01507166143472089,0.49555936455726624,0.5478460192680359,0.6813361473448143,5.2490253649054095,43.76629638671875,54.932403564453125
01115.png,4.5225,0.6612421274185181,0.6862585279400313,0.861851506438123,6.602807998657227,26.200651168823242,0.9569685290522456,0.4590974152089325,6.356367588043213,4.446685073059115,9.425944328308105,2.310610771179199,31.98188591003418,0.46463263034820557,1.7239446640014648,0.9382843971252441,0.032361023128032684,14.89977741241455,0.6837060924609311,0.013737379245279688,0.4617627263069153,0.44917023181915283,0.6579573276679794,5.049529593590495,22.23846435546875,53.45906066894531
01122.png,4.4679,0.6711293458938599,0.7286876275192167,0.8639821641399253,6.525154113769531,24.882537841796875,0.9538989768173258,0.43741033832836274,6.547543048858643,4.762969380290308,9.181964874267578,2.183058977127075,36.59184646606445,0.4437139630317688,1.7285856008529663,0.9376747608184814,0.03758617490530014,14.249717712402344,0.666919629287568,0.014235749358102064,0.45375239849090576,0.4520655870437622,0.6313484697566882,4.921817964584904,23.13446044921875,50.933528900146484
01136.png,4.3818,0.6838494539260864,0.7494399859071676,0.8698913540248654,6.250298500061035,22.656692504882812,0.95977199281826,0.4117206140448982,6.50539493560791,4.779827299946282,9.31246280670166,1.9827477931976318,40.40595626831055,0.38056546449661255,1.7314093112945557,0.9764925241470337,0.04548552259802818,13.421269416809082,0.6536360041816792,0.013116642447624376,0.4500536322593689,0.46351462602615356,0.6316119570477469,4.888720492254296,25.32781982421875,46.670955657958984
01147.png,4.4366,0.6835051774978638,0.7742036997726346,0.8714569909920051,6.342423915863037,21.01131248474121,0.9573391081535729,0.4086540720220909,6.485898494720459,4.965881689509816,8.456245422363281,1.8324215412139893,38.121315002441406,0.3579486310482025,1.7511208057403564,1.029101014137268,0.044661179184913635,13.500699043273926,0.6537467483375744,0.010797659593417885,0.4581659734249115,0.4651823043823242,0.6564183619864843,4.969692176041464,21.65838623046875,45.712303161621094
01156.png,4.389,0.6724656820297241,0.7071596968792816,0.8690067371384677,6.395266056060791,18.541702270507812,0.9492971350390287,0.4012032987366701,6.25706672668457,4.473622620696267,7.474486827850342,1.6293542385101318,29.778079986572266,0.31368643045425415,1.771492838859558,1.0278682708740234,0.03537808358669281,14.51265811920166,0.6238268887605206,0.010325195377083653,0.4535781741142273,0.446906179189682,0.6245426486564171,5.476066274661518,17.22186279296875,46.45182800292969
01165.png,4.4987,0.6909777522087097,0.6819160603093546,0.8632955773644527,6.892382621765137,21.0140380859375,0.9557832441294579,0.39621659742465243,6.529792785644531,4.576410927693862,8.531440734863281,1.844800353050232,32.30546951293945,0.33564332127571106,1.769040822982788,1.0855554342269897,0.04222210496664047,13.744601249694824,0.6525526130149661,0.009912146394601742,0.4410467743873596,0.43801432847976685,0.6887655462602811,5.50958513715162,17.04022216796875,56.160953521728516
01186.png,4.6394,0.7018790245056152,0.5293606049269758,0.8597754620843459,7.120677471160889,47.866615295410156,0.9563925236656076,0.5752579795348194,6.8555145263671875,3.6992321484322197,13.536699295043945,4.410495281219482,30.568952560424805,0.48958858847618103,1.6418765783309937,0.9368726015090942,0.03935690224170685,14.04979133605957,0.7263174117280001,0.01940720757898977,0.44832876324653625,0.4407476782798767,0.7172732732193714,4.078799817765822,26.77606201171875,53.52507781982422
01204.png,4.6128,0.7257005572319031,0.5690477381102683,0.8607904123969242,7.095095157623291,43.08979797363281,0.9586168076590461,0.5139557809683845,6.4158782958984375,3.8442047032907976,13.479742050170898,3.9298439025878906,26.36249542236328,0.3831880986690521,1.5609265565872192,0.9833377599716187,0.05330847576260567,12.732038497924805,0.7209142579011492,0.019859229240721574,0.43550851941108704,0.3787585496902466,0.7080747151241962,4.085715604602783,24.97772216796875,51.36199951171875
01212.png,4.6258,0.7210186719894409,0.5317258890355583,0.8559357695796075,7.106271743774414,38.06857681274414,0.9560566970705692,0.5065514422724658,6.19860315322876,3.5372821614860275,11.952666282653809,3.460078001022339,23.150970458984375,0.3881470859050751,1.606919765472412,0.9694451689720154,0.05702892318367958,12.439048767089844,0.6981474748002454,0.02009325025632008,0.439480185508728,0.3271537125110626,0.6817304536518738,4.048401557638271,23.34197998046875,56.71643829345703
01223.png,4.4595,0.7054850459098816,0.5693224827791502,0.85478470163634,7.121049880981445,45.50083923339844,0.9582205673864911,0.5586415464596822,6.776910781860352,3.956220845013096,13.466732025146484,4.172590255737305,30.08147621154785,0.4446541368961334,1.643357276916504,0.9786036014556885,0.04440099745988846,13.526073455810547,0.7300045560938601,0.018893593953071306,0.43822428584098816,0.4208962321281433,0.7366959982947039,4.039445135612683,25.23602294921875,50.20734405517578
01227.png,4.6863,0.6498984694480896,0.6688497872159272,0.9139216803747977,7.041026592254639,36.77503967285156,0.9637629035187573,0.5594125710910108,6.8709716796875,4.652530676843927,11.224398612976074,3.4337878227233887,34.685001373291016,0.8495991230010986,1.6001074314117432,1.0504472255706787,0.01266787014901638,18.972965240478516,0.7253642225214151,0.013612383570704767,0.5017707347869873,0.5747743248939514,0.7320398170477297,4.468067187660624,18.64813232421875,50.112060546875
01242.png,4.8109,0.6274231672286987,0.5655374057968884,0.90134638623069,6.8428826332092285,26.474349975585938,0.962081114678984,0.5258432023122045,6.72193717956543,3.8357167275230992,9.270151138305664,2.4470467567443848,33.44422149658203,0.8204870223999023,1.6543588638305664,1.0486273765563965,0.009000180289149284,20.457489013671875,0.6631741810952448,0.016976330188877366,0.5104532837867737,0.5405201315879822,0.6710033009054903,4.578848015779949,14.55535888671875,52.85732650756836
01249.png,4.5773,0.6343370676040649,0.5618688494363697,0.8917671831520413,6.906927108764648,21.978872299194336,0.962414323680794,0.5088564708348797,6.681804656982422,3.817552996412024,8.131171226501465,1.9834794998168945,30.9090633392334,0.7895833253860474,1.6838434934616089,1.0259690284729004,0.010415492579340935,19.82320213317871,0.6338187188139331,0.016336887955168463,0.5104885101318359,0.5482206344604492,0.6463096276177484,5.14230691735767,14.67840576171875,46.454185485839844
01267.png,4.5662,0.5821936130523682,0.6898510535824789,0.8780068841286092,5.623612403869629,23.974227905273438,0.952682567372487,0.4871199034190412,6.771308898925781,4.27533778043164,7.863261699676514,2.1459779739379883,41.211273193359375,0.44795405864715576,1.4217280149459839,1.0014852285385132,0.029045607894659042,15.369195938110352,0.6043857965237502,0.02061376015809437,0.4891272783279419,0.44350993633270264,0.6510270047575608,5.328414754605687,27.00848388671875,37.38677978515625
01270.png,4.5411,0.6656893491744995,0.5324795097594031,0.8811557511339838,7.004277229309082,33.642295837402344,0.9588710714791671,0.5494727032140434,6.856834411621094,3.6903885029237635,10.612641334533691,3.08430552482605,33.912715911865234,0.7443981170654297,1.652127742767334,1.072426438331604,0.019345901906490326,17.134111404418945,0.7066179929382326,0.012871340871817771,0.47198358178138733,0.5286068320274353,0.6810508093981251,3.9634062923625186,9.98553466796875,55.9500846862793
01299.png,4.601,0.6173993945121765,0.6402200595354565,0.8874025453443769,6.584150791168213,29.74158477783203,0.9656192773065355,0.5253316234924508,6.754947185516357,4.269990782877715,11.230867385864258,2.6893439292907715,36.37610626220703,0.7706464529037476,1.6763710975646973,1.1953715085983276,0.013209033757448196,18.791290283203125,0.716790438308478,0.010059877176077313,0.48936009407043457,0.5667468905448914,0.7241446061868818,4.89465785426939,17.48699951171875,40.946495056152344
01301.png,1.0437,0.6851650476455688,0.3917084031968016,0.8570860653331259,6.702248573303223,136.53451538085938,0.9655929861860885,0.6649836617683139,7.164895057678223,2.7159450730451766,26.851545333862305,12.882062911987305,35.9444465637207,0.5805713534355164,1.617957592010498,0.8265433311462402,0.017697930335998535,17.520774841308594,0.7811677037946436,0.025429250586628677,0.5036182999610901,0.4446505904197693,0.7181614795603724,6.477359830837142,30.20721435546875,62.44960021972656
01320.png,1.0978,0.6831349730491638,0.39381600326243943,0.8574648417141931,6.694577217102051,136.48056030273438,0.9653987521665851,0.6572551492935135,7.16269588470459,2.728614758945266,26.83766746520996,12.874449729919434,35.87851333618164,0.5829824209213257,1.6211336851119995,0.8259840607643127,0.017535261809825897,17.56087875366211,0.779896115146705,0.02532365625678417,0.5039605498313904,0.4478393495082855,0.7175659888323227,6.334936773421994,30.60906982421875,62.1125602722168
01331.png,1.0208,0.6844558119773865,0.4219164397129381,0.8569876892624642,6.626980781555176,135.50540161132812,0.963637850334999,0.6440640093704806,7.176992416381836,2.9120687649881454,26.701704025268555,12.797185897827148,36.58554458618164,0.5677707195281982,1.622127890586853,0.8280953764915466,0.0189523845911026,17.22336196899414,0.7810261255943026,0.02477031081391501,0.5006136894226074,0.45007961988449097,0.7219033743786123,6.07183610412437,31.64520263671875,60.79821014404297
01345.png,4.4335,0.7289254069328308,0.5583971092548506,0.8775690069236153,7.079395771026611,33.82501983642578,0.9432316623138588,0.41292737668030594,6.207501411437988,3.7096912917273173,9.306180953979492,3.0593485832214355,23.779869079589844,0.28829726576805115,1.6069914102554321,0.8254166841506958,0.0840204730629921,10.756149291992188,0.6088843106130433,0.03295547582478371,0.4258435368537903,0.4669743776321411,0.5229216414328549,3.9828327381492166,22.31072998046875,56.50659942626953
01388.png,4.5,0.7260068655014038,0.5203593613240245,0.8766444490428731,7.14778995513916,33.94271469116211,0.9400583221288017,0.4093262754300482,6.170781135559082,3.4652300852062705,9.312960624694824,3.0679025650024414,22.671611785888672,0.2862580120563507,1.6507569551467896,0.7872013449668884,0.08311697840690613,10.80310344696045,0.6064290201461896,0.03018485710737955,0.42055201530456543,0.43330228328704834,0.49578204262101316,3.9613932267291143,23.77069091796875,57.06415557861328
01393.png,4.5483,0.7283319234848022,0.4245867350566774,0.8772234969578462,7.478589057922363,151.08746337890625,0.9738396475980275,0.68611416062374,7.613241195678711,3.2039031917728362,31.421405792236328,14.287410736083984,48.99062728881836,0.44912177324295044,1.6348142623901367,0.841667890548706,0.05408436805009842,12.669282913208008,0.7321426029287453,0.04449209323835707,0.5093746185302734,0.5028685331344604,0.7298121358975989,6.012043850213009,26.18963623046875,59.42116928100586
01406.png,4.6615,0.7289533019065857,0.4277911856286091,0.8772584124156338,7.4570512771606445,151.1951904296875,0.9742673562572635,0.6871178861999416,7.613799095153809,3.2235962864469023,31.425167083740234,14.29761791229248,49.00580978393555,0.4451158046722412,1.6274266242980957,0.8435931205749512,0.05398809164762497,12.677021026611328,0.7333096224620292,0.04403002402352862,0.5091652870178223,0.5006077289581299,0.7322066998998367,6.010148021037429,26.70867919921875,58.72468566894531
01413.png,4.6644,0.7282842397689819,0.42998179922511615,0.8771499204282581,7.4646453857421875,151.30809020996094,0.9755089531103511,0.6891454912367245,7.611326694488525,3.2412045861069227,31.43277931213379,14.309829711914062,48.9024543762207,0.444070041179657,1.62442946434021,0.8471150994300842,0.05387569218873978,12.68607234954834,0.7340961980522227,0.044090808004268955,0.5097436904907227,0.5043321847915649,0.734969787956285,6.072029100855147,25.86639404296875,58.5113639831543
01415.png,4.5347,0.7286326289176941,0.43082651029331204,0.8777557734639552,7.45723295211792,151.36683654785156,0.975265908005286,0.6894893582997108,7.61165714263916,3.246046624632138,31.430036544799805,14.313780784606934,48.92390441894531,0.4439947307109833,1.6266906261444092,0.8462370038032532,0.05381285771727562,12.691140174865723,0.7337245632692125,0.044440276216378076,0.509932816028595,0.5051079988479614,0.7344426455218381,6.1477565593601025,26.47039794921875,58.5504150390625
01422.png,4.5255,0.7293595671653748,0.4239018392951579,0.8764609328829156,7.48126745223999,151.4550018310547,0.9730938214723085,0.6853633112985726,7.614559173583984,3.1995820976665694,31.45167350769043,14.319822311401367,49.00653076171875,0.4478074312210083,1.6325880289077759,0.8392432332038879,0.05450545623898506,12.635601043701172,0.7313498892274503,0.04426547735475714,0.5083426833152771,0.5019646883010864,0.7260049399941989,6.121415845429378,26.08905029296875,59.704803466796875
01432.png,4.4851,0.7155255675315857,0.45853017728959594,0.8751881502454062,7.343012809753418,126.00480651855469,0.9720054106452711,0.6726116114658051,7.558110237121582,3.416315499108501,27.73041534423828,11.867996215820312,46.93539810180664,0.5479564666748047,1.5564684867858887,0.8710022568702698,0.04266458377242088,13.699325561523438,0.7195119171709913,0.04602901515190863,0.5152043700218201,0.5232172012329102,0.680797025737794,4.870163813748203,27.69158935546875,58.164852142333984
01437.png,4.5766,0.7164174318313599,0.4173866561981914,0.8694650143901157,7.290541172027588,103.02059173583984,0.9608795354912664,0.6442048427627973,7.355129241943359,3.056461118784128,22.736387252807617,9.659712791442871,41.270286560058594,0.5406823754310608,1.6073284149169922,0.8926491737365723,0.04306984692811966,13.658266067504883,0.6880138348108648,0.05179826764860314,0.5134168863296509,0.5093839168548584,0.6423033362474434,4.496603550477785,29.82098388671875,55.140411376953125
01442.png,4.5736,0.7250211238861084,0.3668963176694958,0.8563891515577606,7.161342620849609,74.66361999511719,0.9421692975465886,0.5796682677791057,6.927987098693848,2.5846677575985453,16.040771484375,6.953289031982422,30.12790298461914,0.4608059525489807,1.6663893461227417,0.8285913467407227,0.042711060494184494,13.694597244262695,0.6287512954377575,0.056350868307535655,0.5154611468315125,0.4912436604499817,0.5370311854922509,4.3726958551129576,32.18426513671875,50.48667907714844
01443.png,4.7578,0.7218226790428162,0.3433770433574753,0.8530449826458624,7.115873336791992,72.66731262207031,0.9372321926358463,0.5569255161737714,6.806987762451172,2.390400862456355,15.474637031555176,6.765246868133545,27.993637084960938,0.4240550696849823,1.6754541397094727,0.825655996799469,0.04281792417168617,13.683744430541992,0.6265639533760823,0.05653837176528208,0.5114695429801941,0.48744380474090576,0.5327718142043206,4.583164026260525,31.69842529296875,53.159751892089844
01454.png,4.5506,0.5786664485931396,0.5882756290876675,0.8914818893739598,6.340423583984375,42.884727478027344,0.9001577646478568,0.5447717164318703,7.373603820800781,4.0338247003082515,11.720453262329102,3.99127197265625,65.3318862915039,0.7103006839752197,1.2600200176239014,0.7859631776809692,0.042079247534275055,13.759319305419922,0.6063345876635529,0.0371705530642062,0.4951881170272827,0.5467986464500427,0.524959989559287,3.941797656153077,31.63885498046875,46.01652526855469
01462.png,4.467,0.5773071050643921,0.5914239839979388,0.8902760042675708,6.321751117706299,42.44782257080078,0.9019966321220381,0.5474595200075753,7.371397018432617,4.049239058350333,11.604208946228027,3.9535627365112305,65.25322723388672,0.7012763023376465,1.2452727556228638,0.7951943874359131,0.04239387810230255,13.726968765258789,0.6075566189072207,0.0369199415192081,0.49631911516189575,0.5460798740386963,0.5319127595877001,3.975617330634298,31.67449951171875,44.41141128540039
01471.png,4.4629,0.5753121972084045,0.5913978514427639,0.8906770503041647,6.316462993621826,42.26177978515625,0.8989443222820396,0.543624767011067,7.370639801025391,4.047272349292726,11.465218544006348,3.935865879058838,65.40486907958984,0.7030614614486694,1.2476658821105957,0.7927752733230591,0.04265192523598671,13.700613975524902,0.6097123547940723,0.03714486225657775,0.49379488825798035,0.5435754060745239,0.5288438831078212,3.8951346609198034,30.92401123046875,43.99386215209961
01482.png,4.4764,0.5753762722015381,0.5836839913897767,0.8914942307528149,6.326742172241211,42.55181884765625,0.8963067164656591,0.5429132772725481,7.377532005310059,3.9994932967340198,11.622395515441895,3.963926315307617,65.21773529052734,0.7111178040504456,1.2594033479690552,0.7836121320724487,0.042073044925928116,13.759961128234863,0.6058228289481451,0.03649726213068501,0.4931919574737549,0.5445232391357422,0.5207222232567499,3.925316721764481,30.84490966796875,42.921871185302734
01486.png,4.4306,0.5774413347244263,0.5858336363597846,0.8910664820984577,6.327805519104004,42.96548080444336,0.8977413280018294,0.5443793009699411,7.376676082611084,4.01428381265214,11.723566055297852,4.0016679763793945,65.66205596923828,0.7073934078216553,1.252117395401001,0.7851002216339111,0.042865365743637085,13.678934097290039,0.6075947206351858,0.036239594951462666,0.4942711889743805,0.548109769821167,0.5223941164451016,3.870401612339864,31.22479248046875,45.590972900390625
01492.png,4.5326,0.5816670656204224,0.5994632571446535,0.8900821205793165,6.361474514007568,44.17765808105469,0.8959134572812575,0.5434659818891792,7.397365570068359,4.123970548818113,11.85032844543457,4.110184669494629,64.14783477783203,0.7011617422103882,1.2898216247558594,0.8059040307998657,0.04169255122542381,13.799415588378906,0.6165622841874532,0.0350726171225075,0.4895349144935608,0.5421343445777893,0.538112796096226,4.018632802117355,34.46746826171875,43.58381652832031
01494.png,2.1419,0.6931224465370178,0.4988610837907571,0.8516828273279425,7.192848205566406,130.5512237548828,0.9546019515818441,0.6735424966678366,7.333681583404541,3.623368987848295,25.997507095336914,12.367914199829102,39.872100830078125,0.5301635265350342,1.6945412158966064,0.7971588373184204,0.03609325364232063,14.425739288330078,0.7405150915447463,0.03761866067520546,0.49465495347976685,0.4379979372024536,0.6692367368216763,5.0589476068026995,30.37908935546875,60.5522575378418
01505.png,2.1476,0.6869615912437439,0.5007319531687114,0.8605623075973972,7.064324855804443,132.2512969970703,0.9641993317399157,0.6712414256961036,7.330654144287109,3.604021718742205,26.292640686035156,12.555221557617188,40.02402877807617,0.594024658203125,1.6690614223480225,0.8070822954177856,0.0328359380364418,14.836505889892578,0.7344454551555779,0.03962861324285916,0.5026395320892334,0.48293718695640564,0.6618105944879046,5.587921499036655,30.35321044921875,58.18430709838867
01511.png,2.133,0.6878893375396729,0.5116998592801917,0.8609260912799674,7.045665740966797,131.41531372070312,0.9658296226044439,0.6743440182312938,7.334222793579102,3.67910242841255,26.09488296508789,12.469198226928711,40.119956970214844,0.5914810299873352,1.6666278839111328,0.8109513521194458,0.03328535333275795,14.77746868133545,0.7297133123491145,0.042467763808122325,0.5035257935523987,0.48320528864860535,0.6640893846966013,5.709398392849332,30.25311279296875,58.938697814941406
01527.png,2.1564,0.690174400806427,0.5141883915157411,0.8606298489213876,7.064755916595459,132.6077117919922,0.9660829230091379,0.6875684452593447,7.342129707336426,3.703935805458487,26.266965866088867,12.571839332580566,40.24274826049805,0.5969133377075195,1.673340916633606,0.8171736598014832,0.032647039741277695,14.861560821533203,0.7371396911057815,0.0405085936670676,0.506291389465332,0.4819638431072235,0.6712454583916762,5.98872163421333,31.86688232421875,56.69715881347656
01531.png,4.4157,0.7285916209220886,0.6373916804197105,0.9089524600887566,6.9731574058532715,47.832366943359375,0.9422413317126337,0.4386355229585424,7.016261100769043,4.458381063078846,12.37844181060791,4.37067174911499,40.82356262207031,0.22928722202777863,1.6587003469467163,0.9743527173995972,0.08378960192203522,10.768098831176758,0.7055937542910403,0.02946082219199661,0.3772522807121277,0.4673721194267273,0.6889712650248931,5.256163036779642,35.07489013671875,54.634376525878906
01547.png,4.396,0.728047251701355,0.6373831869827923,0.9101994824091305,6.967184066772461,47.753265380859375,0.941212134718923,0.4354605299615546,7.01368522644043,4.455596811319452,12.34212589263916,4.365081310272217,40.779991149902344,0.22569024562835693,1.6585029363632202,0.9693489074707031,0.08407583087682724,10.753288269042969,0.7009370321641608,0.030347769103404327,0.37686687707901,0.46638059616088867,0.6836881319781098,5.351301086594828,35.36541748046875,55.08335876464844
01562.png,4.4458,0.7420446276664734,0.6342805726803022,0.9106463981606336,6.967905044555664,47.90667724609375,0.9404608146253987,0.43469734288360773,7.011612892150879,4.43347954410881,12.348193168640137,4.380313396453857,40.795963287353516,0.22306978702545166,1.6595185995101929,0.9582194089889526,0.08397194743156433,10.758658409118652,0.6954028095483313,0.0314932614672221,0.3776528239250183,0.46676260232925415,0.6734877196370852,5.366873697973236,36.01776123046875,54.5062141418457
01579.png,4.3935,0.7377867698669434,0.6340233647165492,0.9111168413023037,6.957308769226074,47.89265060424805,0.940318718061076,0.4353617510309734,7.011727333068848,4.428358693513561,12.344805717468262,4.381810188293457,40.916114807128906,0.2207183539867401,1.6523007154464722,0.959057092666626,0.08301125466823578,10.808629989624023,0.6945525827004246,0.03138656952609156,0.37894731760025024,0.46152907609939575,0.6724630999975296,5.317185608891682,36.19451904296875,54.417720794677734
01584.png,4.4605,0.7326053977012634,0.7297852135737815,0.8807876975315296,7.151029586791992,52.31110382080078,0.9789209369080665,0.5417525443218777,6.743272304534912,5.069941277302936,14.265729904174805,4.824888229370117,33.78227615356445,0.31601738929748535,1.492702841758728,0.9288508296012878,0.06942306458950043,11.5849609375,0.7583357150763895,0.02376999035565717,0.42426878213882446,0.41744840145111084,0.7828371950665736,4.341710798613277,30.94989013671875,59.8126335144043
01587.png,4.4805,0.7210580706596375,0.7096394300701184,0.884308993864575,7.177090167999268,53.77741622924805,0.9799075570452978,0.5581481447450107,6.7500505447387695,4.941636775913773,14.331069946289062,4.972255706787109,33.08066940307617,0.33057111501693726,1.4906787872314453,0.9255720973014832,0.06496161222457886,11.873432159423828,0.7603212312541312,0.02368279259490787,0.423630028963089,0.4271112084388733,0.781569180163461,4.294922791035782,32.17694091796875,59.914283752441406
01599.png,4.4733,0.7210896015167236,0.7149276869106935,0.8822862624555908,7.179540634155273,54.48991394042969,0.9802406914327083,0.5849461746800613,6.825038433074951,5.0061437085455065,14.458703994750977,5.052550315856934,33.76213836669922,0.35971197485923767,1.4548873901367188,0.9398730993270874,0.0604906789958477,12.183115005493164,0.7659052007121839,0.020744902945758408,0.4344162046909332,0.43372371792793274,0.7943592853977361,4.2901529434697565,32.44549560546875,63.089637756347656
01608.png,4.5306,0.730468213558197,0.7126146142292682,0.8814255033267543,7.17857027053833,56.458343505859375,0.9792641806747626,0.5746631499829031,6.8065338134765625,4.983007623927536,14.89638900756836,5.239614486694336,33.22206115722656,0.3406221270561218,1.472265362739563,0.9265892505645752,0.06297583878040314,12.008260726928711,0.764624046991103,0.023437856055190092,0.4327104985713959,0.433424174785614,0.7806994827794782,4.480549013095497,35.05047607421875,62.209346771240234
01640.png,4.4732,0.711401641368866,0.7414798084142872,0.8880055758447629,7.146634578704834,55.764549255371094,0.9856852677268262,0.5804584532328897,6.764176368713379,5.157305928815365,14.282564163208008,5.178452491760254,33.49061584472656,0.3665790557861328,1.4541771411895752,0.9467884302139282,0.06033211573958397,12.194515228271484,0.7818522029090403,0.020570355538945085,0.44746196269989014,0.44898515939712524,0.795806682663442,4.5014538390274215,34.50408935546875,63.72965621948242
01659.png,4.4843,0.7205038070678711,0.7392834584502282,0.8876997803600278,7.128587245941162,56.2025260925293,0.9859445954246608,0.5752522791913399,6.764700889587402,5.135551782994932,14.44560432434082,5.2218546867370605,33.473140716552734,0.36933714151382446,1.460676670074463,0.9478733539581299,0.06156304478645325,12.106799125671387,0.7786927032946461,0.022749111000713147,0.4450635612010956,0.44754481315612793,0.7978474860867867,4.470318803408439,34.73504638671875,63.83314895629883
01670.png,4.4357,0.7131451368331909,0.6489995108793349,0.8618755028746989,7.328697681427002,68.9271240234375,0.9789917625718788,0.6282786214024609,6.9387526512146,4.629795815645354,16.684505462646484,6.454145431518555,33.41911697387695,0.39947181940078735,1.559335470199585,0.9226019978523254,0.05164213106036186,12.869958877563477,0.7783841129870673,0.020734631338860287,0.46658843755722046,0.4541105628013611,0.7777739518656418,4.502020656375147,37.17987060546875,65.4710464477539
01673.png,4.3612,0.7172149419784546,0.6980714741066044,0.8709611486538573,7.170093536376953,68.01242065429688,0.9810597903383155,0.6355271385068835,6.8513946533203125,4.89401328455633,16.655025482177734,6.377700328826904,32.22336196899414,0.41855666041374207,1.4830408096313477,0.9218804240226746,0.050442252308130264,12.972057342529297,0.7751680634415906,0.021440176075189287,0.4713883399963379,0.457826167345047,0.7793297453122011,4.543328342633306,37.53582763671875,64.81853485107422
01707.png,4.394,0.7051091194152832,0.6722462616309617,0.8744656969539126,7.196497440338135,69.30559539794922,0.983253293280705,0.6474641452826757,6.8513288497924805,4.721811288668423,16.75210189819336,6.50770902633667,31.949310302734375,0.44479063153266907,1.477951169013977,0.9299226999282837,0.044841814786195755,13.483169555664062,0.7869686885239574,0.019285436059377145,0.4780533015727997,0.4605703353881836,0.790257980794743,4.441723682250624,35.87469482421875,64.9756851196289
01710.png,4.3954,0.7167887687683105,0.49611275210063843,0.8606991227713868,7.320560932159424,52.59112548828125,0.9484974204311494,0.4017322828022384,6.475196361541748,3.4221342607354988,13.639440536499023,4.685799598693848,31.537813186645508,0.37452754378318787,1.6988351345062256,0.6818474531173706,0.07969378679990768,10.985755920410156,0.6069499033054649,0.0359327906068708,0.42221441864967346,0.5158032178878784,0.4564972927274442,4.415032062823246,33.68280029296875,58.67296600341797
01724.png,4.3807,0.7162925601005554,0.49932957618675183,0.8624576369650045,7.311672687530518,52.60248947143555,0.9488062410127386,0.40547615451671964,6.482234477996826,3.443861493495449,13.619070053100586,4.687405586242676,31.542024612426758,0.38378292322158813,1.7039679288864136,0.6869744658470154,0.07950620353221893,10.995989799499512,0.6070616163230615,0.03639938841109218,0.4233357906341553,0.5213110446929932,0.45950521010588935,4.553115608022673,34.10760498046875,60.19122314453125
01729.png,4.4951,0.7147960066795349,0.5086938070995461,0.864529144058221,7.287670135498047,52.7341423034668,0.949666074990121,0.40505071394673986,6.496289253234863,3.50591670301983,13.65130615234375,4.697998046875,31.628164291381836,0.3945302665233612,1.7083582878112793,0.6864509582519531,0.07952255755662918,10.995096206665039,0.6066264889435431,0.03643563000955981,0.4256807565689087,0.5248428583145142,0.46001084540551784,4.493216526131475,33.54949951171875,60.064273834228516
01741.png,4.4025,0.7164400815963745,0.5098334174112151,0.8653083932219416,7.280730247497559,52.882102966308594,0.949312067449396,0.4063169010020854,6.502251625061035,3.513521615565775,13.692716598510742,4.711977005004883,31.638689041137695,0.396872341632843,1.7128193378448486,0.6852582693099976,0.07963208854198456,10.989120483398438,0.6064616099803319,0.03620621350214203,0.4257850646972656,0.5276687145233154,0.45940679388121924,4.433442718679617,33.80731201171875,60.21706771850586
01760.png,4.3748,0.722491979598999,0.5328201203461266,0.8708820488304312,7.297106742858887,45.986846923828125,0.9413478195085913,0.40106631975067997,6.416308879852295,3.6534015055030515,12.515181541442871,4.112374305725098,37.817832946777344,0.3283636271953583,1.6934397220611572,0.7065181136131287,0.0816868245601654,10.87847900390625,0.6149959842337988,0.03504917773048638,0.41578245162963867,0.4849492311477661,0.4860540277141383,4.094238251185428,28.17401123046875,59.180660247802734
01773.png,4.4222,0.7273272275924683,0.5440303955223497,0.8731521627102964,7.2720184326171875,45.943336486816406,0.9422149341227222,0.3977102610357439,6.397305488586426,3.7182738115599108,12.506871223449707,4.102896690368652,37.89142990112305,0.3255910277366638,1.688631534576416,0.7076817750930786,0.08335063606500626,10.790910720825195,0.6157828928419217,0.03547293965443267,0.4142274260520935,0.4867083430290222,0.4855719886007362,4.117530301745974,28.81561279296875,59.17485046386719
01779.png,4.4079,0.7294251322746277,0.546634938112478,0.8731482104160404,7.271034240722656,45.8238525390625,0.9428297319695914,0.3977190322300842,6.391468048095703,3.734210440740984,12.495766639709473,4.091405391693115,37.96168899536133,0.3238772749900818,1.685922622680664,0.7084280848503113,0.08381982892751694,10.766532897949219,0.616463057075687,0.03558510638242524,0.4146614670753479,0.4859769344329834,0.486361029578733,4.134880173622135,28.02313232421875,58.816444396972656
01783.png,4.3974,0.7304127216339111,0.548015011404676,0.8733906863897792,7.262880325317383,45.927284240722656,0.9428430543358415,0.39740161667246815,6.395742416381836,3.7425751297970997,12.508217811584473,4.100196838378906,37.99089050292969,0.32369303703308105,1.6841583251953125,0.7098868489265442,0.08386445045471191,10.76422119140625,0.6176273049695252,0.03554923429692707,0.4142533838748932,0.48567089438438416,0.48715390471769143,4.177924178009864,28.22235107421875,60.28856658935547
01789.png,4.4148,0.7316004633903503,0.5478457409785435,0.8731370146310384,7.2621917724609375,45.86852264404297,0.9433187634589665,0.39604180845117665,6.388801574707031,3.7393294207702947,12.46737289428711,4.094452857971191,37.879756927490234,0.3232053816318512,1.6846961975097656,0.7128584384918213,0.08426826447248459,10.743359565734863,0.6178789492451968,0.03529835566840754,0.41393354535102844,0.4856780171394348,0.4890681666812422,4.038229471031393,27.53680419921875,59.168914794921875
01803.png,0.8275,0.6895514726638794,0.7545285805979542,0.8893278850356471,5.861407279968262,47.85823440551758,0.9712613720142153,0.45654395627551553,6.484512805938721,4.657686990741539,10.549246788024902,4.0648956298828125,40.138038635253906,0.30827319622039795,1.496066689491272,0.9368997812271118,0.03637547045946121,14.391914367675781,0.6979039058104609,0.021119518600961562,0.44062691926956177,0.3695840537548065,0.7447836151383844,5.5274767309175825,36.74139404296875,52.07516098022461
01806.png,0.8276,0.6899089813232422,0.774403155539527,0.8876116607990454,5.878474712371826,49.341583251953125,0.9714650726799205,0.4687337856120405,6.4884796142578125,4.788516444683223,10.942549705505371,4.209804534912109,40.32662582397461,0.313159316778183,1.4930951595306396,0.9386747479438782,0.03723869100213051,14.290057182312012,0.7004545978033739,0.02287013450743334,0.4412806034088135,0.3766431510448456,0.7474646707980429,5.278335467436783,37.12762451171875,46.7745475769043
01807.png,0.8272,0.6921279430389404,0.7693846887802066,0.8906331202801843,5.8660101890563965,47.732704162597656,0.9713536113029204,0.44247081690666756,6.4630889892578125,4.742922629700784,10.559016227722168,4.059413909912109,40.425960540771484,0.30009087920188904,1.4899722337722778,0.9323452115058899,0.03748349845409393,14.261598587036133,0.69890687310968,0.021642720970984207,0.4390426576137543,0.34067678451538086,0.7470497445735427,5.3507039396222345,36.85760498046875,52.28645324707031
01811.png,0.873,0.688010036945343,0.7694075911762805,0.8792271005433081,5.903872013092041,52.32560348510742,0.9706416446070751,0.471136796170952,6.538272380828857,4.78655257994509,11.484573364257812,4.498661041259766,39.068233489990234,0.3459923267364502,1.5073063373565674,0.9254313707351685,0.03379742056131363,14.711165428161621,0.709229327600448,0.02231100704718798,0.4428218603134155,0.37119078636169434,0.7484279059341363,4.885425820074591,37.59100341796875,51.76557540893555
01828.png,0.8467,0.6832224726676941,0.7106948756663055,0.8824731866040905,5.866373538970947,51.21184539794922,0.9721659236277327,0.47137085139578755,6.526796817779541,4.403892792481393,11.131521224975586,4.398169994354248,37.883453369140625,0.3402602970600128,1.5110807418823242,0.9161931276321411,0.02926582470536232,15.336393356323242,0.70881982771497,0.020864293302550466,0.44878631830215454,0.3766223192214966,0.7420883126083029,5.043040625730158,38.18670654296875,54.38448715209961
01845.png,4.4401,0.7280160188674927,0.5140947098601146,0.8531751528304597,7.013381004333496,31.5977783203125,0.9573766260803864,0.3538836483895607,5.526123046875,3.2232555605594815,8.79857349395752,2.8080670833587646,18.75925636291504,0.1904851645231247,1.6165738105773926,0.6926841735839844,0.08592212200164795,10.658950805664062,0.5577085513050374,0.05178319506354188,0.451171338558197,0.43156328797340393,0.4577108687620207,4.727787763999399,29.98846435546875,56.482391357421875
01856.png,4.389,0.7311272621154785,0.5249974321843093,0.8585351425612968,6.955277442932129,34.166778564453125,0.95675304179981,0.3632783270258998,5.610854625701904,3.2986030179970047,9.37600326538086,3.048847198486328,19.459341049194336,0.22380106151103973,1.5921673774719238,0.6830857992172241,0.08468025177717209,10.72217845916748,0.5628495876699418,0.053900130773817875,0.4564499258995056,0.4316514730453491,0.45353630290357877,4.613697724156294,32.88787841796875,58.252410888671875
01861.png,4.3826,0.7290525436401367,0.5253868811542183,0.8574616306078682,6.97903299331665,35.286827087402344,0.9558951254071487,0.3696190792227568,5.702000141143799,3.331233967209542,9.629267692565918,3.1543240547180176,19.99744415283203,0.2283579409122467,1.604142665863037,0.683342456817627,0.08338156342506409,10.789299964904785,0.5653081710863411,0.053397321641625896,0.458415687084198,0.43662378191947937,0.450879762992375,4.460069855330107,30.29071044921875,55.07352066040039
01867.png,4.4505,0.7171292304992676,0.5671288718080689,0.8603740262999819,7.140255928039551,28.880874633789062,0.9570982069346448,0.3549795890204188,5.662561416625977,3.630433820868303,8.926888465881348,2.555647611618042,20.01861572265625,0.23751762509346008,1.62556791305542,0.7634081840515137,0.07683569192886353,11.144370079040527,0.6170445859859462,0.025365179390990103,0.41462886333465576,0.31192493438720703,0.4854377224021265,4.5573558898272335,27.64813232421875,55.01799774169922
01899.png,4.4524,0.70931476354599,0.561281643559077,0.8579850093266626,7.151797771453857,29.377370834350586,0.9561916235174014,0.3569969861702756,5.698643684387207,3.6063681787798725,9.01538372039795,2.6021924018859863,20.159805297851562,0.23258990049362183,1.6348726749420166,0.755225658416748,0.0764329731464386,11.167192459106445,0.6180273085078821,0.02752053693389647,0.4115966558456421,0.31058067083358765,0.48069817255045616,4.534574591435412,28.25213623046875,56.073699951171875
01911.png,4.4172,0.7099364995956421,0.5607291406702881,0.8588766101338332,7.149646282196045,29.40566062927246,0.9566512814704083,0.3607231228638817,5.7076826095581055,3.6047493697806914,9.027243614196777,2.605376720428467,20.12856674194336,0.23309513926506042,1.6335737705230713,0.7560198903083801,0.07633616775274277,11.172696113586426,0.6172118619386392,0.027223803449866833,0.4131535589694977,0.31236979365348816,0.48244102865489413,4.609351394350575,27.81512451171875,55.74173355102539
01912.png,0.6869,0.6665055751800537,0.7407190334815895,0.8663949230887209,5.7265944480896,48.572120666503906,0.9498005344733115,0.372485133710516,6.60694694519043,4.567856347583863,10.864505767822266,4.026427268981934,29.859920501708984,0.6364774703979492,1.7732112407684326,0.8700551986694336,0.023549839854240417,16.280120849609375,0.6311565748751236,0.030681463621690247,0.5153008103370667,0.4412223696708679,0.5140192457239112,5.547356763167715,25.22039794921875,57.59889221191406
01913.png,0.6847,0.6661830544471741,0.7512295521844248,0.876694687366659,5.656489849090576,48.020660400390625,0.9555007391997546,0.37201482090868887,6.568052291870117,4.591731060315775,10.761033058166504,3.9837875366210938,28.913833618164062,0.7135043740272522,1.7707631587982178,0.9117600917816162,0.021869193762540817,16.601673126220703,0.6412652852195069,0.03018906205295262,0.5186910033226013,0.46225613355636597,0.5374376563090483,5.695341898571046,24.77020263671875,59.48002624511719
01919.png,0.682,0.6672268509864807,0.7519226568154997,0.879626921537234,5.659811496734619,47.29792785644531,0.955363134940943,0.3668622350295385,6.531346321105957,4.583416341646638,10.420275688171387,3.921222686767578,28.27037811279297,0.7307860851287842,1.774757742881775,0.917462170124054,0.021318040788173676,16.712528228759766,0.6401433997432615,0.02894718630138611,0.5184695720672607,0.4508795738220215,0.5402917477806919,5.884675557809557,24.75701904296875,59.0771484375
01929.png,0.6906,0.6642320156097412,0.74959144088006,0.8835926557822589,5.647106647491455,47.42443084716797,0.9563723185513994,0.37487173641288485,6.516641616821289,4.558933019670665,10.465322494506836,3.9355907440185547,27.841670989990234,0.7508741617202759,1.7740428447723389,0.9205316305160522,0.02056286111474037,16.869165420532227,0.6402965825236012,0.0284567665396866,0.5190409421920776,0.43317854404449463,0.541116428671616,5.66811225792938,23.89666748046875,59.55082702636719
01937.png,4.5481,0.7195424437522888,0.6712386984877705,0.879341040401773,6.933914661407471,80.39352416992188,0.9799155999558696,0.6211844602531763,6.772743225097656,4.6002316608572205,19.074039459228516,7.696128845214844,29.00681495666504,0.29816699028015137,1.5281212329864502,0.9138122200965881,0.04912591353058815,13.086893081665039,0.7724142264185423,0.02535676453429828,0.4526080787181854,0.41899406909942627,0.7937215644925988,4.480121067944719,36.31121826171875,67.21717071533203
01947.png,4.5667,0.7205354571342468,0.6787783521609162,0.8820448902289119,6.913740634918213,81.07025146484375,0.9800022840222333,0.6314519392710336,6.766809940338135,4.643043235920288,19.212080001831055,7.754821300506592,29.23902702331543,0.2888239622116089,1.5259144306182861,0.9154229760169983,0.05052045360207558,12.965328216552734,0.7725079652190197,0.025059009383108607,0.4515310525894165,0.417022168636322,0.7944621989661865,4.436752345146246,35.74090576171875,66.72054290771484
01954.png,4.4623,0.7192291021347046,0.6709472712381305,0.8814237286295221,6.930567741394043,80.62837982177734,0.9797905249083274,0.6203758753713042,6.748720169067383,4.589052705613293,19.10464096069336,7.713375091552734,28.770418167114258,0.2892535924911499,1.5317003726959229,0.9084307551383972,0.05028673633933067,12.985466957092285,0.7698900216061094,0.02514501266728566,0.4515077769756317,0.41604068875312805,0.7883365117992955,4.41009620888115,35.22772216796875,65.32323455810547
01963.png,4.4586,0.7175908088684082,0.6716458197583112,0.8829084488434535,6.916869163513184,80.82321166992188,0.9798356655895001,0.6163158064178129,6.73711633682251,4.585333319655707,19.20428466796875,7.731972694396973,28.70203399658203,0.2849457859992981,1.5296145677566528,0.907473087310791,0.05004405602812767,13.006475448608398,0.7703428982231353,0.024854897455007706,0.4499918818473816,0.4155273139476776,0.7875906609045807,4.500738216392362,35.45623779296875,65.76801300048828
01977.png,4.4504,0.7323908805847168,0.6786039720365915,0.9005285609960658,6.93665885925293,84.80975341796875,0.9835774730287784,0.5624931227667892,6.827160835266113,4.670103018341047,20.657068252563477,8.09895133972168,32.01725769042969,0.23167087137699127,1.4495513439178467,0.9351027607917786,0.06228797137737274,12.05595874786377,0.7850726732535798,0.026829543162178306,0.4175381362438202,0.42008066177368164,0.8241766302903254,4.569647188335293,40.45330810546875,66.45343780517578
01981.png,4.4607,0.7398501634597778,0.6564057849007787,0.901973061683247,6.981590270996094,87.59941101074219,0.9840958765561849,0.5878253077709148,6.848907470703125,4.539221141428529,21.450210571289062,8.362262725830078,32.393043518066406,0.22751709818840027,1.4556715488433838,0.9354082345962524,0.06236618012189865,12.050508499145508,0.7878851836980222,0.026446301954615108,0.41978779435157776,0.4195563495159149,0.8228015977771963,4.509021448758009,40.47772216796875,65.64705657958984
01985.png,4.487,0.7466110587120056,0.6392248453263101,0.9094602436987322,6.887577056884766,52.981536865234375,0.9826093641262205,0.44559939399971304,6.257552146911621,4.2013579374020775,14.437047004699707,4.946860313415527,27.8522891998291,0.19280752539634705,1.5359206199645996,0.9517454504966736,0.08085659891366959,10.922845840454102,0.7569121337088375,0.026243659995068225,0.3648185729980469,0.4062049090862274,0.7823438655835679,4.72113883538657,29.76776123046875,61.56380844116211
01994.png,4.5047,0.7853618860244751,0.5569482064902035,0.862963597590372,7.724257946014404,53.20811080932617,0.9266467353644157,0.3305446312682457,6.9772562980651855,4.094000966678701,15.696887016296387,4.824246406555176,33.362403869628906,0.2388838529586792,1.7974464893341064,0.7052432894706726,0.11474888771772385,9.402515411376953,0.6743980629884657,0.035569706360030914,0.33446869254112244,0.5410138368606567,0.4978383287424808,4.218600234022752,20.50115966796875,57.004459381103516
01996.png,4.4808,0.782372236251831,0.5496841214027116,0.8585998468652409,7.842295169830322,49.625221252441406,0.9213906895296058,0.3321988745010513,6.918093681335449,4.056785470883623,14.873162269592285,4.492215156555176,31.67153549194336,0.24380551278591156,1.81113862991333,0.7355037927627563,0.11107255518436432,9.543932914733887,0.6733873631338503,0.03476520098880334,0.32895973324775696,0.5385278463363647,0.51698109599153,4.29365788507474,18.85565185546875,61.135093688964844
02002.png,4.4552,0.7898551821708679,0.5607351818263069,0.866871541101897,7.704535484313965,45.084083557128906,0.9219487518769843,0.3366844206666329,7.036819934844971,4.133008597745439,14.08568286895752,4.07064151763916,34.583534240722656,0.26038801670074463,1.8042054176330566,0.7842839956283569,0.11425384879112244,9.42129135131836,0.6904545108088234,0.02607320967716947,0.31983935832977295,0.5409407615661621,0.54566250642347,4.0521172260895355,23.89276123046875,55.47068786621094
02011.png,4.4762,0.7824583053588867,0.5794767201773211,0.8603949388942655,7.666628360748291,41.56280517578125,0.9266612913143166,0.32537128896147993,6.962244987487793,4.238556012107171,12.898907661437988,3.7452707290649414,32.29050827026367,0.25986018776893616,1.7821261882781982,0.765350341796875,0.11534823477268219,9.379890441894531,0.6693113713900289,0.029177165065765318,0.31483304500579834,0.539368748664856,0.5272346620579045,4.252234384246481,23.53826904296875,58.045772552490234
02033.png,4.4796,0.765693187713623,0.532875255286172,0.864214710212068,7.6244940757751465,47.248104095458984,0.920486399205356,0.33019861207019074,6.937297821044922,3.8798186177165856,13.921629905700684,4.301189422607422,32.398719787597656,0.28292298316955566,1.814474105834961,0.8253766298294067,0.11163045465946198,9.522171974182129,0.6990865653275526,0.029673781798381368,0.3098730444908142,0.5416896939277649,0.5756811564414986,4.185112990219071,23.76385498046875,57.83811950683594
02045.png,4.4682,0.7615336179733276,0.5663296242139764,0.8786513013109516,7.4544548988342285,75.1256332397461,0.9572040348223254,0.4475988490967733,7.417510032653809,4.211227621803255,20.800708770751953,6.79410457611084,47.034461975097656,0.41154810786247253,1.6852401494979858,0.8403915166854858,0.09549468010663986,10.20020866394043,0.7230823287174158,0.032512204106717624,0.360093355178833,0.5243149399757385,0.638071570765109,4.343285936001431,37.39813232421875,62.37080383300781
02073.png,4.4933,0.7561835646629333,0.5688785130268237,0.8764374304797675,7.427810192108154,78.00407409667969,0.9566643045127391,0.46524991026828943,7.4500532150268555,4.231858733193716,21.410152435302734,7.070962905883789,47.982452392578125,0.4253372848033905,1.656203269958496,0.8291687965393066,0.09346567839384079,10.293478965759277,0.7200557441008424,0.03291713791143807,0.36985278129577637,0.5254242420196533,0.6351141855433561,3.996639637539241,37.75408935546875,63.24455261230469
02083.png,4.4641,0.7543370127677917,0.5684628548846027,0.8759934518627365,7.444586753845215,78.91438293457031,0.9555076401732713,0.47894375825686747,7.475006580352783,4.240627717644854,21.515172958374023,7.14306640625,48.651920318603516,0.4277723431587219,1.6538257598876953,0.8322740197181702,0.09120886772871017,10.399629592895508,0.7232472411175875,0.03230579150413185,0.37593698501586914,0.5271570682525635,0.6386595212055198,3.7787120026281604,37.12127685546875,61.697078704833984
02090.png,4.4852,0.7564773559570312,0.5749531228544812,0.8748544310465645,7.437495231628418,79.49507141113281,0.9561304717874776,0.4704560397599272,7.457157135009766,4.281873980483736,21.643705368041992,7.201890468597412,47.96722412109375,0.4216617941856384,1.6449071168899536,0.8246949315071106,0.09317795932292938,10.306869506835938,0.7193790666230235,0.033164056708197845,0.37179577350616455,0.5263279676437378,0.6339230092744632,3.904433800349288,37.96600341796875,63.41199493408203
02102.png,4.5057,0.7947601079940796,0.6581558265130026,0.8938644405833969,7.224072456359863,37.91581726074219,0.9404939931333828,0.34259215760519895,7.438235759735107,4.82505372915471,11.70826244354248,3.3706274032592773,51.306644439697266,0.2654256522655487,1.7818961143493652,0.782221257686615,0.11489994078874588,9.396801948547363,0.6426186555013634,0.028901554643198008,0.34630441665649414,0.5286019444465637,0.5215188685978495,4.305660051795213,23.25994873046875,50.36867141723633
02119.png,4.4706,0.8404430150985718,0.6028999335893663,0.8805927563778302,7.4055962562561035,44.77059555053711,0.9339689162753095,0.3206468262574006,7.3367018699646,4.444076076909452,13.936605453491211,4.008695125579834,44.960201263427734,0.263375461101532,1.775564432144165,0.741342306137085,0.13315080106258392,8.756562232971191,0.6515481346121926,0.03187337907080323,0.3231440484523773,0.5082520246505737,0.504955353037277,4.080121403104562,22.76483154296875,59.01477813720703
02120.png,4.4731,0.8487152457237244,0.5829271850041936,0.8864569602199098,7.33615255355835,47.88581085205078,0.9369018716900581,0.3961692252989627,7.534634113311768,4.334303277727823,12.724117279052734,4.199770927429199,55.24960708618164,0.27256643772125244,1.7734696865081787,0.8036847114562988,0.13028724491596222,8.850980758666992,0.6314932075196843,0.03771808023205615,0.36434444785118103,0.4422616958618164,0.5598317331733905,4.079249514792849,35.06854248046875,48.34003448486328
02142.png,4.4215,0.7670385241508484,0.5280640085455977,0.8729532965177725,7.338082790374756,53.609127044677734,0.9224502533184987,0.41787510483003565,7.295257568359375,3.8636797866631696,14.745308876037598,4.8133344650268555,43.55777359008789,0.3065660893917084,1.6898939609527588,0.7383514046669006,0.09717357158660889,10.124519348144531,0.6724222809797253,0.02783939866098355,0.36506229639053345,0.45800501108169556,0.5155920583544171,3.9900807596069976,36.49139404296875,63.686492919921875
02163.png,4.5113,0.7420117855072021,0.6619012472375498,0.8732053287113484,7.266119956970215,54.39642333984375,0.9605701546224987,0.41723138545010247,6.969766616821289,4.711387730237671,15.684985160827637,5.058455944061279,33.819454193115234,0.37462499737739563,1.7203850746154785,0.8667595982551575,0.08889627456665039,10.511164665222168,0.7359070026400328,0.02260112914984722,0.4381423592567444,0.5753524899482727,0.6583704109176592,3.8396986343500297,16.46209716796875,68.26447296142578
02180.png,4.5196,0.7354791164398193,0.70721247563324,0.8764834923102927,7.0778021812438965,69.63106536865234,0.965218895219315,0.4567970039196967,7.236663341522217,5.06169728482428,19.187471389770508,6.507852077484131,41.837337493896484,0.42242491245269775,1.615038275718689,0.8579469323158264,0.08736695349216461,10.586528778076172,0.7417162572666812,0.028379914751393034,0.45389896631240845,0.5609257221221924,0.6726543270700287,3.8912578398476314,24.90350341796875,65.31993103027344
02195.png,4.5148,0.7312411665916443,0.7220087269499305,0.8712026435069995,7.0543084144592285,65.44575500488281,0.9653036934374489,0.4006274064781475,7.021042823791504,5.0812762796701705,20.115915298461914,5.94940185546875,36.18346405029297,0.5632051229476929,1.6836092472076416,0.7832269668579102,0.09188965708017349,10.367334365844727,0.6926643892205111,0.03852279109352776,0.4624258577823639,0.6059563159942627,0.5746569339821838,4.160945744900734,32.20330810546875,69.58434295654297
02213.png,4.4402,0.737891674041748,0.7082868468569753,0.8725045410780492,7.202305316925049,72.07615661621094,0.9685316224408776,0.41395933075406743,7.175133228302002,5.091688293053544,21.04482078552246,6.59372091293335,40.873355865478516,0.536548912525177,1.6528174877166748,0.8003844618797302,0.09268918633460999,10.32970905303955,0.7134013262015515,0.03377636395141803,0.4449232220649719,0.6040031313896179,0.6234092906956569,4.277234590233841,30.22576904296875,66.37059783935547
02233.png,4.4486,0.7779148817062378,0.7316298365240156,0.8672444396801834,7.216596603393555,45.39971160888672,0.9505112022582265,0.3366366136326915,6.84488582611084,5.143913449628684,14.939861297607422,4.114048004150391,34.249046325683594,0.32777100801467896,1.7630083560943604,0.7458524703979492,0.11306344717741013,9.466778755187988,0.6778781684420087,0.028738861212233353,0.4111642837524414,0.5702412128448486,0.5332192209709279,3.749812435531477,15.82489013671875,60.0598030090332
02236.png,4.4252,0.7799487113952637,0.7387116154205651,0.8646268392192227,7.139947414398193,49.83970260620117,0.9532416029981761,0.3567714444707624,6.79887580871582,5.148399011152158,16.031492233276367,4.5641889572143555,32.5506706237793,0.333146870136261,1.726279616355896,0.7679055333137512,0.11069405823945999,9.558755874633789,0.6897757811818745,0.027167061899406795,0.42660921812057495,0.57356196641922,0.5545139412787128,3.7524433620920434,18.37762451171875,60.306251525878906
02249.png,4.4917,0.7585433721542358,0.6712933884635196,0.8671671047255699,7.335765361785889,54.2274169921875,0.9557166892910276,0.38373431055070745,6.980173587799072,4.805109951480244,16.578432083129883,5.004818916320801,36.06474304199219,0.3530409336090088,1.7688663005828857,0.7799197435379028,0.10096250474452972,9.958398818969727,0.7157368329282434,0.025770886743286803,0.43292391300201416,0.5726120471954346,0.5858022412086801,3.8460598198225315,19.75408935546875,62.43813705444336
02278.png,4.4621,0.7510169744491577,0.7281324861599382,0.8675513372554249,7.1675124168396,56.00600814819336,0.9610209668445441,0.39380333601528994,6.946253776550293,5.138359120525285,16.72347068786621,5.098170757293701,35.91514587402344,0.4251396059989929,1.6877554655075073,0.7769289612770081,0.09545639902353287,10.201949119567871,0.6960242506189683,0.030304203483600137,0.44428175687789917,0.5965495109558105,0.580837810468728,4.155279234771163,23.75994873046875,65.95929718017578
02296.png,4.4245,0.7597088813781738,0.6828189862832961,0.8592314940396091,7.35502815246582,59.691810607910156,0.9547342853032583,0.3974081505487022,7.01188325881958,4.905012301962946,17.62446403503418,5.395310878753662,38.046722412109375,0.3317885100841522,1.6597838401794434,0.7871801257133484,0.09866273403167725,10.05846881866455,0.6948111875773993,0.03248714384413593,0.42911750078201294,0.574944019317627,0.5844920787748268,3.9479301793025283,31.60809326171875,62.437320709228516
02310.png,4.4142,0.7416204214096069,0.739501354892888,0.8715049725287622,7.255002498626709,50.87559509277344,0.9492229654891663,0.32961812708061355,7.042007923126221,5.286342811378235,16.367725372314453,4.589561939239502,41.0725212097168,0.43071895837783813,1.7805885076522827,0.6993933320045471,0.09873860329389572,10.055130958557129,0.6709051159816103,0.028668927952405405,0.4010693430900574,0.5736658573150635,0.5027931262113349,3.904921520610216,26.58563232421875,61.74506378173828
02317.png,4.43,0.7516640424728394,0.7340679954926629,0.8685213841083104,7.180987358093262,55.16975021362305,0.953971458482204,0.3453523845942055,7.144070148468018,5.257796832098467,17.089754104614258,5.000349998474121,43.37613296508789,0.4343049228191376,1.7415165901184082,0.7258173227310181,0.10336946696043015,9.8560791015625,0.6814737629965449,0.026736707448624965,0.40476155281066895,0.5829646587371826,0.5400025745367288,3.9036191876302464,25.01434326171875,58.47443771362305
02322.png,4.5403,0.7658393383026123,0.6174450918256947,0.8675795440851365,7.408138751983643,56.503841400146484,0.932727914049555,0.325378588658269,6.927367210388184,4.425705275876542,18.06356430053711,5.139867305755615,34.88520050048828,0.3094877004623413,1.8139433860778809,0.6587535738945007,0.10406789928674698,9.82683277130127,0.6778580925005053,0.027925479897664363,0.39979538321495056,0.5462706685066223,0.4954663726187398,4.053087200153429,26.94354248046875,56.95444107055664
02337.png,4.4771,0.7906395792961121,0.6367037176791508,0.8490430758223344,7.524529457092285,42.951778411865234,0.9384414563837027,0.2681600711919294,6.5104079246521,4.468059793236966,15.141924858093262,3.875284194946289,26.21926498413086,0.27605611085891724,1.8552303314208984,0.6601273417472839,0.12753963470458984,8.943548202514648,0.6675376902279785,0.024297311589138115,0.37714359164237976,0.5316925048828125,0.4647982162323966,3.7580770027467607,14.15838623046875,54.31692886352539
02352.png,4.5124,0.7658025622367859,0.6975855207916847,0.8544533837376581,7.629108905792236,36.782196044921875,0.9446085176773874,0.31309227553985264,6.741359233856201,5.0123273604983964,12.61141300201416,3.324049949645996,32.59310531616211,0.26852014660835266,1.820457935333252,0.7391886711120605,0.11358281224966049,9.446874618530273,0.6506963584806991,0.023198957147210576,0.4065147936344147,0.5584027767181396,0.5055321458404212,3.768570299047109,16.52557373046875,55.69017791748047
02369.png,4.4664,0.7731435298919678,0.6615926231606007,0.8594442490713546,7.573012828826904,45.697654724121094,0.9347099086323152,0.3315559300867387,6.765285968780518,4.743068543707368,14.947964668273926,4.145295143127441,31.133201599121094,0.29862910509109497,1.812330722808838,0.7129208445549011,0.10697830468416214,9.707042694091797,0.6773472997557197,0.02713091499913261,0.40719249844551086,0.5706869959831238,0.5182435002905139,3.950767619513776,19.95037841796875,61.05604553222656
02394.png,4.4281,0.7921463847160339,0.7216597633759944,0.852584717620697,7.633512020111084,30.955852508544922,0.9394070504626055,0.2575424938046052,6.568410873413086,5.124490986119424,11.880226135253906,2.76202392578125,28.250913619995117,0.22752241790294647,1.8673796653747559,0.6571073532104492,0.12579363584518433,9.003413200378418,0.6164051229038631,0.02235760676027285,0.4034483730792999,0.5573887825012207,0.43133742641912287,3.938427576822578,15.61248779296875,56.44841384887695
02405.png,4.489,0.7599026560783386,0.6836211569508381,0.8527444477626316,7.735110759735107,36.852806091308594,0.9415782975094668,0.3549699067355704,6.512458324432373,4.86998180443506,11.810747146606445,3.344682216644287,26.73073959350586,0.30199819803237915,1.787335991859436,0.798179030418396,0.0951588973402977,10.215506553649902,0.6948602565764079,0.021276976976355676,0.3426964581012726,0.5279620289802551,0.5533627376694912,3.953476638429615,16.66961669921875,60.2324333190918
02440.png,4.4529,0.742912232875824,0.664914731766609,0.8712970948306893,7.422311305999756,47.334495544433594,0.9620916615174642,0.40199067998883153,6.7388763427734375,4.708002852648185,14.759613990783691,4.317845344543457,32.64337158203125,0.4132324457168579,1.7216931581497192,0.8262959718704224,0.09096228331327438,10.411386489868164,0.6982115547630677,0.030208659597589074,0.3686160445213318,0.5700689554214478,0.5959268988836013,3.916810527625333,21.71307373046875,54.81525802612305
02450.png,4.392,0.7524231672286987,0.6864199658685399,0.8620870310319255,7.4780168533325195,49.590293884277344,0.9527980247110143,0.39286360519233315,6.908453941345215,4.937592957256497,15.02076244354248,4.541190147399902,34.63145065307617,0.3700900971889496,1.7182319164276123,0.7793373465538025,0.0927046537399292,10.328985214233398,0.6860213989292687,0.027897358626678068,0.41129958629608154,0.5778461694717407,0.5831840151438011,3.676497242236351,20.07928466796875,58.565765380859375
02455.png,4.3831,0.7465394735336304,0.664787462516162,0.8609068193508501,7.365255355834961,60.930389404296875,0.9524209278918667,0.40155366204390786,6.922798156738281,4.749271591805963,18.81534767150879,5.493575096130371,34.53989028930664,0.4754630923271179,1.7270665168762207,0.6742269396781921,0.08229279518127441,10.846382141113281,0.6766676997418615,0.029896241919807626,0.44864627718925476,0.5476316809654236,0.4806067455268223,4.430431753952117,31.95086669921875,65.83453369140625
02464.png,4.3994,0.7432451248168945,0.7223747635464594,0.8607693983046373,7.213477611541748,55.182640075683594,0.9598522639973659,0.3920029832731243,6.855762481689453,5.08164494805631,18.00815200805664,4.976871490478516,33.173011779785156,0.496609628200531,1.676641821861267,0.7128130793571472,0.08852476626634598,10.529352188110352,0.6648050333403507,0.033295215064553095,0.463300883769989,0.5986671447753906,0.5128274100320253,4.399802388948656,27.58563232421875,64.90714263916016
02473.png,4.4157,0.751327395439148,0.735845856273135,0.8620187986819288,7.14842414855957,60.052215576171875,0.9625189077193383,0.4049194524297115,6.9606709480285645,5.191073030077318,18.920175552368164,5.411436080932617,36.512699127197266,0.4861700236797333,1.694582223892212,0.7384542226791382,0.09607532620429993,10.173881530761719,0.6823286098074958,0.031403927634667775,0.4626830220222473,0.6006156802177429,0.5567591426297437,4.121279853729913,29.35418701171875,64.82892608642578
02478.png,4.455,0.7421786189079285,0.6709437152756138,0.8668772406422265,7.380589485168457,58.416744232177734,0.9530648236306458,0.41730354277832626,6.87232780456543,4.781464764710282,17.803138732910156,5.3144636154174805,34.33743667602539,0.438995897769928,1.656148910522461,0.7806810140609741,0.08654249459505081,10.627706527709961,0.7009708161642095,0.03415905238920387,0.4553976356983185,0.5915910005569458,0.5640410531468709,3.9890289986114764,33.20379638671875,64.58193969726562
02486.png,4.4134,0.7473099231719971,0.788353790478729,0.8812041330878276,7.039251327514648,47.9043083190918,0.9697445414227408,0.41645175584213756,6.873034477233887,5.483915725995573,15.326593399047852,4.357948303222656,35.270870208740234,0.3983687162399292,1.622255802154541,0.8260505199432373,0.0905495285987854,10.431138038635254,0.6856343196603975,0.0342186256892949,0.4607164263725281,0.6221245527267456,0.599139655867241,4.225381146706591,22.56268310546875,63.04121017456055
02495.png,4.3948,0.7492702007293701,0.7693905196217661,0.874093728145551,7.199934482574463,48.721153259277344,0.9655769430237365,0.3929524365488075,6.784445285797119,5.3797381831205815,16.125709533691406,4.428478240966797,32.39027404785156,0.40266743302345276,1.6658146381378174,0.7866485714912415,0.08970247209072113,10.471955299377441,0.682427141732792,0.031664301522484506,0.460382878780365,0.625617265701294,0.569756026435116,4.135299588711577,22.26678466796875,61.41499328613281
02522.png,4.4359,0.733027458190918,0.752177560828438,0.8691571984853402,7.094855785369873,52.18549728393555,0.9647243932126846,0.4025039410193605,7.04715633392334,5.318665460530855,16.59860610961914,4.717682838439941,37.45267868041992,0.4494946300983429,1.7317314147949219,0.7758773565292358,0.09011116623878479,10.452213287353516,0.6995819090093455,0.028165224530542883,0.4534611701965332,0.605562686920166,0.5761668913711514,4.147154047064399,24.75604248046875,63.4949836730957
02527.png,4.3938,0.6830935478210449,0.6027238458387745,0.877192810371605,7.270115852355957,78.10345458984375,0.9555280160501036,0.621036521906659,7.360487937927246,4.409117932030542,20.055850982666016,6.973092555999756,56.016483306884766,0.6579639315605164,1.7133597135543823,0.8445823788642883,0.053390491753816605,12.725361824035645,0.721366228553582,0.02273988744199677,0.47154879570007324,0.46235376596450806,0.6432868034406376,3.8438369737581977,38.05242919921875,64.60623931884766
02530.png,4.3714,0.6005694270133972,0.6924942107426841,0.9066439694943269,6.839942455291748,52.19550323486328,0.9527046574018799,0.6205578828301384,7.211409091949463,4.865252223855872,13.88137435913086,4.756009578704834,68.2282485961914,0.8077948093414307,1.674723505973816,0.8784963488578796,0.03581623360514641,14.459200859069824,0.7105988907715735,0.021546825666809127,0.4789385497570038,0.5148289203643799,0.6518145269634296,3.7949578896950418,33.06805419921875,64.25773620605469
02533.png,4.3956,0.6771759390830994,0.7449284671976544,0.8681841280795861,6.661309719085693,43.840660095214844,0.9797375199441319,0.6467915748332198,6.478328704833984,4.894058801625505,11.998127937316895,4.125888824462891,24.341236114501953,0.5833009481430054,1.5073018074035645,0.9723609685897827,0.03719392046332359,14.295281410217285,0.7569797529203925,0.015764219221266997,0.4926941692829132,0.49212440848350525,0.8042941855853049,4.090886865776615,24.67694091796875,60.66358947753906
02544.png,4.3797,0.6024639010429382,0.6986104646271982,0.8853840511253848,6.306699752807617,22.015628814697266,0.9613701273428444,0.5571883848654806,6.726045608520508,4.552418895134812,10.016042709350586,2.0454652309417725,37.49419021606445,0.7631345987319946,1.6518868207931519,1.0910820960998535,0.012003169395029545,19.207040786743164,0.6523065340986564,0.022357458139826657,0.5027676820755005,0.5177082419395447,0.6853822244180434,4.198500825703775,12.56365966796875,50.183563232421875
02556.png,4.519,0.7258495092391968,0.7507853000540515,0.8617638433648747,7.125792503356934,42.00953674316406,0.9620698222186586,0.36875547729145614,6.553948879241943,5.135287446525991,14.10054874420166,3.7799530029296875,26.52202796936035,0.5436792969703674,1.7314074039459229,0.7640180587768555,0.09101518988609314,10.40886116027832,0.6706986525588639,0.029795296400460854,0.4615500569343567,0.5919934511184692,0.5464344135530893,4.18671462044221,23.65057373046875,61.51959228515625
02572.png,4.4963,0.7465351819992065,0.7556612317631701,0.8455393235266958,7.240534782409668,35.501251220703125,0.9581385606789281,0.30923624026462304,6.563722610473633,5.215684447048645,12.134279251098633,3.184539318084717,27.048995971679688,0.4673856198787689,1.7540433406829834,0.7188088893890381,0.0983230397105217,10.073447227478027,0.6329948729802743,0.033501739468418126,0.4450770616531372,0.6235209107398987,0.488859857277643,4.277191415180578,20.81121826171875,59.092140197753906
02606.png,4.5389,0.789402186870575,0.7622432458902629,0.8552477459545234,7.149916648864746,39.348976135253906,0.9408600339372933,0.2867264585930931,6.719470977783203,5.285937420405011,13.423054695129395,3.5206096172332764,33.26534652709961,0.33019986748695374,1.8349401950836182,0.7425053119659424,0.12676677107810974,8.969945907592773,0.6600826785272302,0.030127501524630097,0.41676461696624756,0.5777713656425476,0.533563294926613,4.129114105421753,22.27459716796875,57.133026123046875
02611.png,4.4723,0.7554035186767578,0.7878042372125934,0.8531254940000553,7.04314661026001,40.197139739990234,0.9539093923128832,0.32687237316731543,6.790858745574951,5.449258250770333,13.187615394592285,3.630833625793457,33.242225646972656,0.4248201847076416,1.7803702354431152,0.7455783486366272,0.109224334359169,9.616806983947754,0.6485001619146545,0.03426142716469997,0.447602242231369,0.6183018684387207,0.5082851502248668,3.8726247503996194,17.84490966796875,60.92007064819336
02624.png,4.4599,0.8958083987236023,0.6914235513005745,0.8922652879605965,7.35025691986084,54.08982467651367,0.9419132451960277,0.3470170406813465,7.318066596984863,5.071024940300999,16.845081329345703,4.911285877227783,42.44715118408203,0.22276876866817474,1.8185925483703613,0.7144503593444824,0.1571255773305893,8.037531852722168,0.7045950315555181,0.03138848768863646,0.3639046549797058,0.48573392629623413,0.5457972663190861,3.9221854981662774,18.80633544921875,59.48475646972656
02641.png,1.8227,0.6498643159866333,0.5968489427089305,0.8669290764605859,6.5780558586120605,61.08869171142578,0.9569522921666858,0.516317177943758,6.788658618927002,3.98896505454565,19.04248809814453,5.318330764770508,38.686744689941406,0.653588593006134,1.6595901250839233,0.9395501613616943,0.01891685277223587,17.231510162353516,0.7825595056508444,0.00893356629761237,0.4937136173248291,0.5012112855911255,0.689169744655245,4.1542708370710875,37.34539794921875,57.08714294433594
02651.png,1.8323,0.6794061660766602,0.7800260694557829,0.8747817131369624,5.917817115783691,42.85175704956055,0.9739959183325185,0.7081935193873174,6.5719313621521,4.871178088602971,11.417360305786133,3.9403111934661865,28.593305587768555,0.6837977170944214,1.6261117458343506,0.9247633218765259,0.014605363830924034,18.354877471923828,0.7339359827498966,0.01997993984487569,0.4903673231601715,0.48558419942855835,0.7389929389263181,3.798481719125534,23.47088623046875,59.594024658203125
02658.png,1.8171,0.7169384956359863,0.722930916325174,0.8672623528013969,6.287243366241455,44.03779602050781,0.9642977407381118,0.6371688454725246,6.944943428039551,4.782990843042867,12.492446899414062,3.9650824069976807,34.56620407104492,0.5324594974517822,1.5589619874954224,0.8701306581497192,0.03384827822446823,14.704633712768555,0.6884402782804229,0.024790172212708746,0.48307672142982483,0.48064085841178894,0.6395689533756209,3.742922867149223,24.40008544921875,58.09288787841797
02667.png,1.6768,0.8675085306167603,0.5564145417895004,0.8841126913809428,7.463388442993164,41.9812126159668,0.9076194459743996,0.30571718217943755,6.983758449554443,4.019310291726336,10.871330261230469,3.4332656860351562,39.2186279296875,0.21162308752536774,1.8458219766616821,0.6036738157272339,0.12919503450393677,8.887540817260742,0.5804757621709473,0.0288146191416879,0.375943660736084,0.4166058301925659,0.40217353617798446,4.183748267390608,27.52166748046875,55.896995544433594
02709.png,4.5456,0.7858914732933044,0.5720019569153519,0.8702166526295856,7.688961982727051,72.24215698242188,0.9389339907330343,0.39511199004933106,7.044467449188232,4.213785653659272,20.972881317138672,6.741235256195068,35.25545883178711,0.265642374753952,1.7953999042510986,0.7301915287971497,0.1112668588757515,9.536341667175293,0.7111858341949199,0.034023599129177816,0.373075395822525,0.49773433804512024,0.5776310340995627,3.734589785909507,34.02362060546875,61.881778717041016
02720.png,4.5332,0.7789386510848999,0.6063325166049794,0.8778992905526105,7.295838832855225,62.294158935546875,0.9561186204816832,0.5056704647539001,7.312746047973633,4.42884116477048,16.170312881469727,5.6407904624938965,41.88905715942383,0.336274117231369,1.643768072128296,0.7227489948272705,0.09500617533922195,10.222481727600098,0.6818105598824437,0.031424785631107316,0.4234195649623871,0.47088369727134705,0.5441996552770337,3.9348577934951785,37.43182373046875,64.35743713378906
02731.png,4.4648,0.7782219648361206,0.6294662356801222,0.8857395308071059,7.233179092407227,58.62407684326172,0.9588263826540425,0.49854699838773203,7.221972465515137,4.549526442579701,15.24123477935791,5.320558071136475,39.45599365234375,0.29767924547195435,1.6679213047027588,0.7326043844223022,0.09497660398483276,10.223834991455078,0.6903669859329631,0.03163109512499291,0.42291972041130066,0.48183271288871765,0.5504145076462056,4.118205927839376,38.21405029296875,62.09559631347656
02739.png,4.5457,0.7573234438896179,0.4692325551845824,0.8828474059610968,7.534108638763428,78.9796371459961,0.9456167627947292,0.5719268624033214,7.370663642883301,3.496910595447835,19.73296356201172,7.2310709953308105,42.366981506347656,0.3036503195762634,1.6926515102386475,0.7406074404716492,0.07415536046028137,11.298575401306152,0.7323613498296144,0.024708392650111443,0.443681925535202,0.43318071961402893,0.5840179327443031,3.503927043012741,36.91229248046875,66.32941436767578
02754.png,4.4286,0.6928593516349792,0.6587915999809905,0.8862095660324135,6.997760772705078,102.38027954101562,0.976696659023415,0.7316155786619537,7.325137138366699,4.7179140702071365,23.21687889099121,9.59516716003418,40.105255126953125,0.6774871945381165,1.4786179065704346,0.911029040813446,0.03625629469752312,14.406166076660156,0.7930056623054232,0.01968932168150484,0.4986152648925781,0.4976609945297241,0.7658752604038532,4.836306431898163,29.00848388671875,67.75098419189453
02757.png,4.5027,0.6244736909866333,0.5166395975273242,0.8607706371021517,6.590113639831543,22.73012924194336,0.9595106689566182,0.5670289491760601,6.525461196899414,3.3880222321406066,8.138915061950684,2.0757148265838623,25.541574478149414,0.6071889400482178,1.6438994407653809,1.0064480304718018,0.009640881791710854,20.158832550048828,0.673743819691346,0.007202804354963385,0.48181313276290894,0.46867701411247253,0.6872685725998036,5.144937537415694,27.18865966796875,50.79344940185547
02762.png,4.362,0.6767297983169556,0.37899623350839445,0.8570398653891426,6.329124927520752,34.565521240234375,0.9284332047998798,0.5649375342218788,6.705692291259766,2.470079141707904,10.928436279296875,3.14227294921875,25.810405731201172,0.5125395059585571,1.6066935062408447,0.9808241724967957,0.014620264992117882,18.350446701049805,0.7503903527733484,0.0052034001584492316,0.45409852266311646,0.5196265578269958,0.702326295734561,4.522942231510616,34.95770263671875,58.622962951660156
02778.png,4.3877,0.6437468528747559,0.46906750453930446,0.8548671252783464,6.657663822174072,31.732074737548828,0.9460218935121578,0.5570269712606059,6.727392673492432,3.139255406502544,10.508661270141602,2.903254270553589,26.773983001708984,0.4839647710323334,1.6892457008361816,0.991666853427887,0.016078341752290726,17.93758773803711,0.7454326889949571,0.004893678253990445,0.4641810655593872,0.5051578879356384,0.727568142148733,4.839436419935967,32.78875732421875,56.685516357421875
02786.png,4.4341,0.7682204246520996,0.4944724953582032,0.8842991387092886,7.4707112312316895,94.90950775146484,0.9658861720122287,0.5970039919934775,7.325339317321777,3.658128778606782,23.128032684326172,9.03213882446289,41.01571273803711,0.2914890646934509,1.6767445802688599,0.8133088946342468,0.0824749618768692,10.836780548095703,0.7791319935950779,0.026078031514545515,0.4490322768688202,0.4462113380432129,0.6901801998162587,3.81306132861955,39.87225341796875,63.81321334838867
02816.png,4.4683,0.79734867811203,0.5619199355462788,0.8797644579984799,7.413621425628662,83.32344055175781,0.9568791154184828,0.5830831317255766,7.392169952392578,4.159844940582824,20.60551643371582,7.791041374206543,45.40816116333008,0.2902553677558899,1.6800518035888672,0.8289716243743896,0.09075692296028137,10.421201705932617,0.7581074517826474,0.025203904445168762,0.4510692059993744,0.4489109516143799,0.6837297575042072,3.7462477036861803,36.14617919921875,61.75402069091797
02821.png,4.4425,0.7952184677124023,0.5401634447514211,0.8871689121319779,7.424767971038818,78.06353759765625,0.9577646480098325,0.5817178283212521,7.371599197387695,3.9962378192312507,20.053504943847656,7.324138164520264,47.09024429321289,0.26596730947494507,1.6670912504196167,0.8393306136131287,0.08820181339979172,10.545225143432617,0.7716805747902044,0.021612143862766352,0.44604411721229553,0.4863009750843048,0.7010996662195016,3.732544001977011,33.51092529296875,64.34154510498047
02846.png,4.4847,0.7405926585197449,0.6699392929361822,0.8868383076411033,7.025850772857666,96.29808807373047,0.9819106363608316,0.6415270069866812,7.378257751464844,4.824951672330338,23.377979278564453,9.105195999145508,44.32686996459961,0.37452131509780884,1.550668716430664,0.9255317449569702,0.0715608298778534,11.4532470703125,0.7991749261133451,0.026049478160244617,0.4512972831726074,0.4664827287197113,0.8032360082270162,4.472341824054767,41.87811279296875,68.29014587402344
02860.png,4.4425,0.7268041372299194,0.5081321360927329,0.8810423177661215,7.423116683959961,110.23397064208984,0.9811106462478364,0.6828449386052561,7.303452491760254,3.7415309324105355,25.127565383911133,10.475698471069336,39.61973571777344,0.4287976324558258,1.634660005569458,0.8678746819496155,0.053708940744400024,12.699535369873047,0.7837149353980102,0.029815003695678306,0.48840048909187317,0.48531830310821533,0.7469023525850658,4.699085151943984,29.86981201171875,66.91453552246094
02869.png,4.4704,0.7563287019729614,0.4998284252355491,0.8818732623648126,7.614032745361328,88.98824310302734,0.9566999693287248,0.6295579157883481,7.280306816101074,3.7223164640139377,20.95433807373047,8.204468727111816,40.17415237426758,0.2946211099624634,1.6687661409378052,0.8073275089263916,0.07015005499124527,11.53972053527832,0.7600494644792954,0.02417153238674587,0.4595571458339691,0.44381117820739746,0.6805986211779931,4.332255776445752,34.28143310546875,67.66795349121094
02896.png,2.4659,0.7099336385726929,0.42302451942992064,0.862639167601136,7.216192245483398,80.98381805419922,0.9550417666637322,0.6276642054877023,6.959683895111084,2.998378562301733,19.322751998901367,7.398611068725586,31.87207794189453,0.48393720388412476,1.7439112663269043,0.7441559433937073,0.035674624145030975,14.47640609741211,0.6989543500763945,0.028383823176396147,0.48779988288879395,0.4505520761013031,0.5706405066909239,4.015464270531773,29.64129638671875,63.773597717285156
02956.png,4.4862,0.7261395454406738,0.6321734056060543,0.8674186746685503,7.122350692749023,85.32376098632812,0.9544456538420835,0.4929531221677051,7.328108787536621,4.567609849269198,22.448354721069336,7.771274566650391,43.988197326660156,0.5406370162963867,1.609865427017212,0.7462741136550903,0.08227618038654327,10.847259521484375,0.6829122703312456,0.03476437404548117,0.45588216185569763,0.5351813435554504,0.5672156905852223,3.923026473215181,36.96160888671875,69.32426452636719
03019.png,4.3901,0.7378336191177368,0.6227516866734191,0.872108458201158,7.234126567840576,66.05070495605469,0.9601016738020065,0.5571252933968337,6.990869045257568,4.429331127060536,17.549423217773438,6.103291988372803,35.09523010253906,0.34363266825675964,1.6859145164489746,0.7655883431434631,0.06794872879981995,11.678186416625977,0.7057333869637112,0.029852870950136744,0.4432673156261444,0.4858619272708893,0.6074128487154049,4.062418493256981,33.71014404296875,67.7609634399414
03045.png,4.468,0.8078698515892029,0.5875910505953169,0.8858559562401208,7.442038536071777,77.9033203125,0.9619666531939153,0.578691499327723,7.259751319885254,4.31933074184983,19.49923324584961,7.310561180114746,44.8464469909668,0.303286075592041,1.6963579654693604,0.7661131620407104,0.09265094995498657,10.331501007080078,0.730151272281239,0.029359599562924967,0.4425342082977295,0.43310725688934326,0.6362424198375526,3.8147463424877204,37.76580810546875,66.89385223388672
03100.png,4.4199,0.7653980255126953,0.7148973887754659,0.8836291487634051,7.226403713226318,57.918548583984375,0.9635289371555269,0.4406185380348715,7.11695671081543,5.127028465049115,17.609813690185547,5.322348117828369,39.77369689941406,0.3170693516731262,1.6674952507019043,0.8369631767272949,0.09479520469903946,10.232135772705078,0.7261702722630227,0.02731304126033833,0.3776214122772217,0.5200570821762085,0.6591265921307381,4.03259713775961,19.08612060546875,59.405174255371094
03109.png,4.4357,0.7577974200248718,0.7348286475877768,0.8719613657494616,7.19435977935791,53.789451599121094,0.9678106330256642,0.43883802797501625,6.976309776306152,5.206520316212153,15.699490547180176,4.984251022338867,34.49580001831055,0.3762580156326294,1.7078830003738403,0.8271073698997498,0.09282208979129791,10.323487281799316,0.7099292376577016,0.0313943366195167,0.3998619318008423,0.5548054575920105,0.6518636550975273,3.949886135962464,28.10076904296875,69.8668441772461
03143.png,4.3874,0.7627468109130859,0.7224848681576065,0.874227317251493,7.249929428100586,55.1667594909668,0.9604529194831857,0.43287437491019287,6.924214839935303,5.120315330788197,16.023433685302734,5.14678955078125,33.39460754394531,0.3054932951927185,1.7453535795211792,0.8132234215736389,0.09528585523366928,10.209714889526367,0.7035228238635268,0.03186617513665174,0.40248391032218933,0.5395337343215942,0.6401540914052049,4.117550460441491,27.91864013671875,65.7398910522461
03173.png,4.4991,0.7540680766105652,0.7486087206194751,0.877984818911813,7.137219429016113,64.41765594482422,0.9725944841817711,0.46249492971332173,7.037078857421875,5.305515272995244,18.43896484375,5.9803290367126465,36.77581787109375,0.40120625495910645,1.6893298625946045,0.8715651631355286,0.09317775815725327,10.306878089904785,0.7320145624056635,0.03605511811822375,0.4202386438846588,0.5337982773780823,0.700398789681549,3.775956106277346,30.38592529296875,65.61969757080078
03219.png,4.5015,0.7864283323287964,0.6530936637286138,0.87067062462866,7.5121259689331055,54.089805603027344,0.953381817871795,0.40953325080229314,7.179368019104004,4.7974727802191275,16.518320083618164,4.954450607299805,39.2650260925293,0.27139976620674133,1.707780122756958,0.777477502822876,0.11054271459579468,9.564699172973633,0.7068837543017236,0.02729663989167338,0.36963075399398804,0.48176145553588867,0.5999867412306878,3.7849127172098886,24.56561279296875,62.56272888183594
03260.png,4.4244,0.7653252482414246,0.6072776366401419,0.8592698137756729,7.315714359283447,61.59630584716797,0.9446317775429038,0.407420583081501,6.886009693145752,4.3122061187788745,17.898792266845703,5.641912460327148,32.33730697631836,0.3361336886882782,1.7155680656433105,0.7016153335571289,0.09947361052036285,10.022920608520508,0.6764617968675598,0.03266727421735235,0.4270850121974945,0.5117725133895874,0.5184397059485666,3.713339036285482,28.38348388671875,65.02249145507812
03281.png,4.3865,0.7527236938476562,0.5260361291590276,0.8661535434665706,7.480989933013916,84.92436981201172,0.9507459372342223,0.44203295148399724,7.143725395202637,3.846574082809182,23.29071044921875,7.8249969482421875,38.71580505371094,0.34188735485076904,1.6981858015060425,0.7228384613990784,0.09164492785930634,10.378915786743164,0.7113299922842401,0.03382824816368973,0.4227883815765381,0.4145458936691284,0.5683556220441228,4.104145914293559,34.18817138671875,68.33928680419922
03289.png,4.4271,0.7175101637840271,0.6131590528322747,0.8742758365770205,7.210501670837402,91.19091033935547,0.9552171770737945,0.4750189195323423,7.2269697189331055,4.426244411345484,23.321475982666016,8.416229248046875,43.07006072998047,0.5807494521141052,1.625715732574463,0.7571201324462891,0.07905679941177368,11.020607948303223,0.6989430902299514,0.039032375762310716,0.4572865664958954,0.5399950742721558,0.576848711209079,3.883023107828808,34.82244873046875,70.66665649414062
03354.png,4.412,0.7110095024108887,0.6470132861356346,0.876021298822675,7.267690181732178,97.9304428100586,0.9658658777083406,0.5379463205995831,7.463809967041016,4.765749852827716,23.840089797973633,9.143133163452148,47.60688018798828,0.5563586950302124,1.5616374015808105,0.8002036213874817,0.06880342960357666,11.623899459838867,0.7117142718490455,0.04165526511236262,0.4611413776874542,0.5682785511016846,0.6232689634806166,3.762890933501974,38.11444091796875,64.49771881103516
03375.png,4.4586,0.732165515422821,0.6218100902431901,0.8745623228212878,7.210687160491943,101.17169189453125,0.9677007241237947,0.52594802132753,7.312318801879883,4.51528718618248,25.100440979003906,9.486776351928711,43.3375358581543,0.4509403705596924,1.5669583082199097,0.8382347822189331,0.07588101178407669,11.19866943359375,0.7401072224864987,0.0409202613490686,0.4317012131214142,0.5084778666496277,0.6667998093614805,3.9327798609598705,43.28485107421875,66.06233215332031
03381.png,4.5182,0.754278838634491,0.6887380682703739,0.8755401572287749,7.08400297164917,77.10668182373047,0.9611571931436554,0.45862306073769427,7.1814069747924805,4.912578074024916,21.41800880432129,7.012507438659668,42.22785949707031,0.44259825348854065,1.5979578495025635,0.790260374546051,0.09261488914489746,10.333192825317383,0.706813915030728,0.03333090309020722,0.43622639775276184,0.5129769444465637,0.6219223079107776,3.666787233680878,36.82098388671875,70.57160186767578
03409.png,4.4934,0.7631247043609619,0.654853602070256,0.8661841035787925,7.197007656097412,66.38430786132812,0.9529914861117943,0.37598682930405225,7.041928291320801,4.662221332123707,20.041318893432617,6.051959037780762,40.01983642578125,0.3533121943473816,1.6712050437927246,0.7289039492607117,0.10200537741184235,9.913768768310547,0.6878126355696786,0.03336727131027331,0.4167357087135315,0.5803881883621216,0.5428031673361597,3.5908587261707656,28.25799560546875,66.46505737304688
03417.png,4.475,0.7389860153198242,0.5458912500157261,0.8644404642239482,7.555621147155762,96.99710083007812,0.9552351355480543,0.47788843878376014,7.197733402252197,4.026873489728263,24.793628692626953,9.101363182067871,40.98189163208008,0.4061508774757385,1.6512205600738525,0.7947245240211487,0.08463098108768463,10.724705696105957,0.7238042500305458,0.040891917441995586,0.40267395973205566,0.5105711221694946,0.6295182779007136,3.784285673130347,35.68914794921875,66.2716064453125
03433.png,4.4843,0.7388437986373901,0.6573366018479275,0.8735996722992073,7.115227699279785,58.38889694213867,0.9579865150700054,0.47023339630398736,7.131603717803955,4.682493732170359,17.978410720825195,5.274079322814941,37.66440200805664,0.4005635380744934,1.6090006828308105,0.8046092391014099,0.07428085803985596,11.291231155395508,0.723637942815962,0.023050463156455262,0.40932533144950867,0.39793410897254944,0.6090171132403962,4.046692938773377,27.48504638671875,63.28481674194336
03438.png,4.4784,0.7514982223510742,0.5706509643387976,0.8709529097727619,7.124380588531494,72.6569595336914,0.9514654664730939,0.47669000357002156,7.1649885177612305,4.077131687369045,20.402244567871094,6.591571807861328,40.34175109863281,0.374479740858078,1.6421284675598145,0.7672719955444336,0.08541300147771835,10.684761047363281,0.7450692815746073,0.024312682898476826,0.3999667167663574,0.479087769985199,0.5827646945305808,3.97344845476142,41.14276123046875,70.22338104248047
03462.png,4.5449,0.7378643751144409,0.5867752189592947,0.8764710562367104,7.046079158782959,89.93624877929688,0.9702173223260231,0.553009004047285,7.353965759277344,4.224805822329543,24.704708099365234,8.241226196289062,46.21132278442383,0.4506756365299225,1.622544288635254,0.8218086957931519,0.07751257717609406,11.106279373168945,0.7802437359704686,0.02059026278791211,0.4244914948940277,0.49567654728889465,0.6841813933502315,3.7694938599618704,41.96014404296875,70.16658782958984
03473.png,4.4402,0.6908136606216431,0.48442227891709355,0.8705237150088945,7.217011451721191,88.58663940429688,0.9707499863029796,0.6805828746662881,7.198249816894531,3.4915458584376022,22.172561645507812,8.181971549987793,37.36613464355469,0.5612850189208984,1.5997593402862549,0.8557765483856201,0.029551642015576363,15.294184684753418,0.7654622791061532,0.019265597438831248,0.4922981858253479,0.47667747735977173,0.6940099089185249,4.1882176389644306,34.97723388671875,64.7309341430664
03575.png,4.4536,0.7605537176132202,0.61969832849195,0.8730972323567561,7.057378768920898,82.84536743164062,0.963180164934404,0.42216096704494377,7.072728633880615,4.3782133539917325,23.68064308166504,7.636226654052734,41.71119689941406,0.39616721868515015,1.6742188930511475,0.7442533373832703,0.10072644054889679,9.968565940856934,0.737807074936663,0.029071415547433116,0.38966789841651917,0.5240685343742371,0.5961967007762382,3.7414210572021007,25.03387451171875,64.15624237060547
03589.png,4.4888,0.7842985987663269,0.6213540837032526,0.8614644583980922,7.125068187713623,56.083431243896484,0.9402699014625682,0.3632004570198264,7.133633136749268,4.429862699174091,16.980621337890625,5.015676021575928,37.27668380737305,0.31551021337509155,1.7507022619247437,0.6641079187393188,0.11952440440654755,9.225434303283691,0.670251038966798,0.028444500349172074,0.4115765690803528,0.5537394881248474,0.4872013543882525,3.8962288974009094,25.46649169921875,62.977386474609375
03600.png,4.4873,0.7936832904815674,0.5664590520715129,0.8898183638210542,7.066704750061035,80.0101318359375,0.9493301432816059,0.46308556370535026,7.2409749031066895,4.052367558303066,21.318002700805664,7.249560356140137,42.639488220214844,0.23932911455631256,1.6577839851379395,0.7098551988601685,0.10756067931652069,9.683465003967285,0.7183997847965065,0.02989018513170295,0.39946115016937256,0.39148953557014465,0.5465920106340029,4.190479506790932,50.58563232421875,63.098331451416016
03640.png,4.4745,0.7340652346611023,0.6097727589439651,0.8806462727806181,7.131977081298828,94.7467041015625,0.9642511193283043,0.5773659098490485,7.31899881362915,4.405916898635644,24.68674659729004,8.631114959716797,43.38788604736328,0.4159647822380066,1.6098861694335938,0.822796106338501,0.07063458114862442,11.509827613830566,0.7634437126494962,0.025837495749988972,0.43620315194129944,0.4320703446865082,0.6798208795500086,4.451143540748278,48.30828857421875,68.94496154785156
03708.png,4.5065,0.7668546438217163,0.568755975504218,0.8767774667681618,7.385227203369141,76.39239501953125,0.9529844320653492,0.49935671818586735,7.2750444412231445,4.169069296775879,19.667037963867188,7.029104232788086,40.794864654541016,0.348972886800766,1.6793992519378662,0.7153351306915283,0.09400438517332077,10.268518447875977,0.6981368429448883,0.03279449613138749,0.41963157057762146,0.4790373742580414,0.5477300743859949,3.8641265358636243,37.42889404296875,65.75697326660156
03719.png,4.4495,0.7636110782623291,0.5716944875863141,0.8802415706980312,7.341967582702637,72.61372375488281,0.955790222460077,0.4826469177938746,7.264467239379883,4.175219369438441,19.159883499145508,6.67908239364624,41.028480529785156,0.30880632996559143,1.6851489543914795,0.6946741342544556,0.09807738661766052,10.084312438964844,0.7013040819803246,0.031264645093187604,0.4071807861328125,0.4773068130016327,0.5367546573772295,4.149403922472519,36.94012451171875,62.09333419799805
03769.png,4.5038,0.7065091133117676,0.5382332890669557,0.8652742242321635,7.116156101226807,82.75279235839844,0.9589720964463748,0.6167447830318382,7.273173809051514,3.872418127202332,22.499948501586914,7.6042399406433105,41.57170867919922,0.5406013131141663,1.6341280937194824,0.7854580879211426,0.047126106917858124,13.26738452911377,0.7472802661002427,0.024428390383257618,0.4625873863697052,0.4879239499568939,0.6020442345362567,4.145533362147061,38.13494873046875,63.910377502441406
03813.png,4.4404,0.7101813554763794,0.6480430514353047,0.8733939414432771,6.8452558517456055,81.98739624023438,0.975829210074725,0.6879806553235672,7.179720878601074,4.5444062461264405,20.515865325927734,7.672435283660889,38.583770751953125,0.6042622327804565,1.6233174800872803,0.8711273074150085,0.05816316604614258,12.353520393371582,0.7804170481016044,0.019912730380093068,0.4886462092399597,0.4972553551197052,0.7220183157773502,4.944982192025593,27.43670654296875,72.34638977050781
03836.png,4.4907,0.736362874507904,0.6242676618223614,0.8660214970575114,7.079698085784912,59.99369430541992,0.9659590759104232,0.5401427280472286,6.885689735412598,4.359081336213933,17.27918243408203,5.460911750793457,37.62273406982422,0.4654058516025543,1.6691694259643555,0.8066351413726807,0.0702168196439743,11.535588264465332,0.738668525774065,0.025954473985164345,0.4319016635417938,0.46611255407333374,0.6079500855332425,4.051689491418828,32.77752685546875,67.91107940673828
03878.png,4.423,0.6012544631958008,0.5161937255556946,0.8726313853525718,6.0998077392578125,46.4073600769043,0.9192006148204943,0.5404996130249594,7.082191467285156,3.4022422178764256,13.621598243713379,4.212848663330078,50.10707092285156,0.5811816453933716,1.4351539611816406,0.8540652990341187,0.036048997193574905,14.431068420410156,0.6743852221901008,0.029833630887728217,0.4574882686138153,0.4746518135070801,0.577202527359116,3.523684917424831,27.04217529296875,57.646827697753906
03989.png,4.4125,0.6216515898704529,0.5099372606078282,0.8704903064846058,5.89216423034668,51.06315612792969,0.9264396752232138,0.5439776465374133,6.81770658493042,3.240627594703348,13.338672637939453,4.604246616363525,41.14665222167969,0.5278785824775696,1.4134082794189453,0.9653223752975464,0.03619284927845001,14.413772583007812,0.6661026904372955,0.03165357301202025,0.4619552195072174,0.48476994037628174,0.6585240034745916,3.674764677011737,39.92645263671875,44.74336624145508
04006.png,4.3576,0.6551811099052429,0.45946199050334824,0.8635934241899341,6.50838041305542,45.197959899902344,0.9000859137224265,0.4970055467027624,6.9732770919799805,3.097162844369297,12.716114044189453,4.143735408782959,42.20140075683594,0.5207736492156982,1.6062837839126587,0.6791945099830627,0.03316758573055267,14.792861938476562,0.6359160461849385,0.03228237976669685,0.4758412539958954,0.279416561126709,0.45311545785453794,3.6469986565630204,32.09735107421875,61.134796142578125
04018.png,4.3195,0.6742550730705261,0.6629309517364749,0.8966196943431152,5.699459075927734,32.10308837890625,0.939911837685286,0.4900819333221187,7.348680019378662,4.325019868941961,8.8681640625,2.933100461959839,48.11457061767578,0.26068902015686035,1.438217282295227,0.891637921333313,0.06244305148720741,12.045158386230469,0.6129131328948182,0.033065750012627015,0.44531792402267456,0.4392738342285156,0.6041034201083624,3.389768442767519,25.05731201171875,47.06088638305664
04026.png,4.3746,0.6635841131210327,0.6100491563356405,0.8922343723510624,5.6661577224731445,33.83231735229492,0.9226416578420187,0.47330753840896667,7.344379901885986,3.968544717031511,9.268985748291016,3.119544506072998,45.04895782470703,0.2825676500797272,1.4236117601394653,0.8378515839576721,0.05815575644373894,12.354073524475098,0.6053022233628381,0.03371310360950789,0.4361993670463562,0.35104531049728394,0.5576845375477922,3.222534336744528,21.15155029296875,46.743186950683594
04053.png,4.3818,0.6596646904945374,0.5343583608682525,0.8634375696016389,6.620237350463867,41.3155632019043,0.9491863684179722,0.5743400584631437,6.926426410675049,3.6193963312374056,11.718008995056152,3.738283157348633,42.737796783447266,0.5238279104232788,1.582000970840454,0.8742122054100037,0.028171543031930923,15.501893997192383,0.6700326889529495,0.030329735713583654,0.4870280623435974,0.4737304747104645,0.5897224958700754,3.8967462983616037,28.47674560546875,54.94457244873047
04092.png,4.471,0.6627177000045776,0.4798951103098266,0.8639345108659423,6.601898193359375,44.62083053588867,0.9390418292030838,0.5610502258644826,6.968860149383545,3.256279233893668,12.50766658782959,4.030923366546631,44.190589904785156,0.532785952091217,1.5494279861450195,0.8007217049598694,0.03023831732571125,15.194424629211426,0.6574264733677745,0.03150636902055685,0.4893592596054077,0.48357251286506653,0.5416769660602264,4.093928384214339,33.75213623046875,57.19965744018555
04160.png,4.5073,0.7340360879898071,0.6890361722997764,0.878053834131857,7.065021514892578,62.255706787109375,0.9815854820525083,0.5719661967442219,6.708658695220947,4.745294558927542,17.441104888916016,5.756496429443359,35.31875228881836,0.3768044114112854,1.4996306896209717,0.8934218287467957,0.06155721843242645,12.107210159301758,0.7676989736344043,0.02353885940833179,0.43307244777679443,0.43610337376594543,0.7519288912215836,4.229584134395592,35.39813232421875,67.99774169921875
