image_name,time_s,CE,NMI,QNCIE,TE,EI,Qy,Qcb,EN,MI,SF,AG,SD,CC,SCD,VIF,MSE,PSNR,Qabf,Nabf,SSIM,MS_SSIM,VIFF,NIQE,BRISQUE,MUSIQ
190002.jpg,11.404032602906227,0.6060601472854614,0.5205622435786176,0.8871945122778273,6.736354827880859,33.730987548828125,0.9241904332436288,0.3970431821595446,7.598391532897949,3.7310735365800216,12.009416580200195,3.112023115158081,55.958656311035156,0.7721260786056519,1.6441901922225952,0.9002584218978882,0.04187597706913948,13.780350685119629,0.6337941747280915,0.007543600757353547,0.3794246315956116,0.48459330201148987,0.5513095722375667,3.704164513591519,15.21990966796875,51.37015914916992
190003.jpg,11.320713933557272,0.6379824876785278,0.49268377729223634,0.8857453038065699,6.953792095184326,43.71773910522461,0.9236199337707345,0.45447283764920776,7.638222694396973,3.5946334093460877,13.993602752685547,4.065511226654053,58.34711456298828,0.7682769298553467,1.5958526134490967,0.8815841674804688,0.03752222657203674,14.257115364074707,0.6678643629071318,0.0066598757238761006,0.40740668773651123,0.49104079604148865,0.552758082566702,3.375010011461094,17.01531982421875,54.31147003173828
190007.jpg,11.21219391003251,0.6787335276603699,0.4806654794552461,0.8749013361976836,6.909088134765625,40.43009567260742,0.8982896668132643,0.4150749314376132,7.610154151916504,3.4894584018679424,12.896577835083008,3.722912311553955,59.006778717041016,0.705960750579834,1.602406620979309,0.848362922668457,0.05203874036669731,12.836732864379883,0.6429853267877265,0.008282532910115898,0.3889186382293701,0.4622783660888672,0.5316006957794761,3.251629139458904,16.79949951171875,56.91584014892578
190009.jpg,11.332642629742622,0.6268718838691711,0.49456333887856,0.8721583530395435,6.792787075042725,46.34356689453125,0.9340359903139626,0.4835418110741535,7.592710018157959,3.5572788115926155,15.299403190612793,4.325812816619873,58.68186569213867,0.7027793526649475,1.586045503616333,0.9426689147949219,0.04253948852419853,13.712077140808105,0.6823292250994286,0.006435992100819229,0.4180946946144104,0.49743902683258057,0.5829306195149736,3.2923467314418584,10.86053466796875,50.27845001220703
190011.jpg,9.438344269990921,0.6660995483398438,0.4745883940815648,0.8816152097247523,6.880317687988281,42.445556640625,0.8977833680218688,0.4036438108651765,7.633692741394043,3.4440992389413214,14.068005561828613,3.959592580795288,57.56671905517578,0.7457405924797058,1.6194798946380615,0.8631508946418762,0.04810216277837753,13.178354263305664,0.6712244528027279,0.005605217072319005,0.3816937804222107,0.4704781770706177,0.538157789023959,3.487920221218335,11.81219482421875,54.51880645751953
190014.jpg,11.145165782421827,0.5904712080955505,0.4563344929032642,0.8872652892409976,7.009186267852783,58.7764778137207,0.9405413364618789,0.5442658177198015,7.60560941696167,3.3346261765649086,18.979948043823242,5.544861793518066,60.02239227294922,0.7673789262771606,1.6107218265533447,0.9382501840591431,0.029869910329580307,15.247660636901855,0.7354724811301934,0.003906382387754909,0.43657708168029785,0.5089776515960693,0.6125539465489883,3.237167453775374,23.38446044921875,49.88552474975586
190015.jpg,11.3270098939538,0.5898184180259705,0.456375388259989,0.8850557520457085,6.852782726287842,70.4969253540039,0.9446802114936728,0.5894646950792934,7.588133811950684,3.2952477927239805,22.47759437561035,6.621882915496826,63.34950256347656,0.7427921295166016,1.5941009521484375,0.9055999517440796,0.033481165766716,14.751995086669922,0.735233947012276,0.004006330168008226,0.451682448387146,0.5115579962730408,0.6205423221930785,3.4230418465870542,37.67498779296875,54.65971755981445
190023.jpg,11.392994239926338,0.6507192254066467,0.4992523289373608,0.8807178903446139,6.773731231689453,36.194175720214844,0.886657523898299,0.37045070666158986,7.599355697631836,3.587907866802537,12.09539794921875,3.345175266265869,56.40602111816406,0.7294257283210754,1.6032745838165283,0.8514512777328491,0.053435105830430984,12.721734046936035,0.6337417790424066,0.00706024570334728,0.3702922463417053,0.4687923491001129,0.5304331974503944,3.5010750833122057,10.80877685546875,56.985416412353516
190025.jpg,7.745389077812433,0.66575026512146,0.4617139953501424,0.8777503519368064,7.00278377532959,40.50544357299805,0.8859868025052903,0.4072777606209605,7.626926898956299,3.37737953344808,12.77900218963623,3.7420830726623535,58.214447021484375,0.7204738855361938,1.62615966796875,0.8145853877067566,0.05092348903417587,12.930818557739258,0.6504305875417423,0.006897913114092131,0.385679692029953,0.4572925567626953,0.5321843896838963,3.48450564032998,13.81317138671875,58.31787872314453
190027.jpg,8.419024113565683,0.6720948219299316,0.46980526347497015,0.8758387986551144,7.078091144561768,43.4516716003418,0.8989562520887621,0.44962363825461954,7.636918544769287,3.456603047355438,13.256265640258789,4.032468318939209,57.467098236083984,0.7183387279510498,1.6095359325408936,0.888756275177002,0.046262115240097046,13.347745895385742,0.6737661458290201,0.006138876933819063,0.4052467942237854,0.4686073958873749,0.5570703210961668,3.348090853223358,13.02947998046875,57.488670349121094
190030.jpg,8.919864121824503,0.6325977444648743,0.49083137656762155,0.8852706639265923,6.9102582931518555,44.83864974975586,0.9190643616825371,0.41971970324729596,7.63852071762085,3.570507612913394,15.729151725769043,4.202609539031982,59.37306594848633,0.7633824348449707,1.632138729095459,0.8738389015197754,0.04146549478173256,13.823132514953613,0.6910902278463514,0.004714644534053365,0.3931514620780945,0.48578080534935,0.5420819093150344,3.266912946547025,16.51678466796875,48.65172576904297
190033.jpg,10.23941133543849,0.6744838953018188,0.4850349558206583,0.8817895385243557,6.971644401550293,46.293846130371094,0.9151148374220285,0.4418730199934757,7.682226181030273,3.5538285730102483,14.629288673400879,4.313470363616943,59.02647018432617,0.7519218921661377,1.599094271659851,0.9027807712554932,0.04588320106267929,13.383463859558105,0.6900393916018587,0.00516771984498434,0.3975645899772644,0.48167651891708374,0.5573298298969436,3.500489361732806,13.46063232421875,55.46415328979492
190039.jpg,10.341600086539984,0.6454429030418396,0.49332512889708247,0.8801341897880097,6.790124416351318,33.220611572265625,0.9089622449124598,0.3729088758670913,7.616246223449707,3.5535213901707365,11.36938762664795,3.043694257736206,56.69789505004883,0.7363016605377197,1.6534929275512695,0.8456616997718811,0.05215092748403549,12.82737922668457,0.614358012889197,0.008010403833508437,0.36963897943496704,0.4760914444923401,0.5272034742560666,3.6997227644780573,11.17547607421875,51.40110397338867
190040.jpg,10.31340691819787,0.681268036365509,0.47278769847805285,0.8730364265936372,7.000402927398682,42.38033676147461,0.9017178029295811,0.43898630677928907,7.635250091552734,3.4597871742418143,13.29046630859375,3.8977043628692627,58.725563049316406,0.6975049376487732,1.5982296466827393,0.8582059741020203,0.050671398639678955,12.952371597290039,0.64753998931037,0.008666883214421009,0.3987899720668793,0.4619380831718445,0.5384237458265224,3.3857468952545178,14.17547607421875,55.77281188964844
190042.jpg,10.384950991719961,0.647676408290863,0.46047694849173,0.8826825644142648,7.126013278961182,44.21500778198242,0.8964020390216245,0.44003368029876155,7.653555870056152,3.402833658935739,13.549675941467285,4.126225471496582,57.401058197021484,0.751750111579895,1.647422432899475,0.8161334991455078,0.04223053157329559,13.743734359741211,0.6599118251751731,0.006083188920120192,0.40199899673461914,0.467656672000885,0.5303695830081813,3.1285744452124717,12.06463623046875,55.59270477294922
190048.jpg,10.366816572844982,0.6448780298233032,0.4762609035752609,0.8798859921795156,6.896986484527588,39.49580764770508,0.9074607828262213,0.4252830606251662,7.609897136688232,3.4545397363583685,13.088034629821777,3.6437175273895264,58.16246795654297,0.7352679967880249,1.6045057773590088,0.8381762504577637,0.04258517920970917,13.707414627075195,0.6404120808471034,0.007116903079610975,0.39605769515037537,0.48467761278152466,0.5262961700449434,3.5028805628635657,18.17449951171875,48.936885833740234
190051.jpg,8.37544971704483,0.6537002921104431,0.46003678682709476,0.8784568306110347,6.958729267120361,41.816131591796875,0.8938302293237502,0.41014692752197707,7.632460117340088,3.356250312987836,13.662896156311035,3.8945205211639404,57.61738967895508,0.7316281795501709,1.617319107055664,0.8385748267173767,0.0477927029132843,13.206384658813477,0.6657774369680717,0.006287909910296486,0.3908846974372864,0.4616049826145172,0.5386102997276077,3.3475078719141638,10.09100341796875,57.66739273071289
190052.jpg,8.64848094433546,0.6671876907348633,0.47581686524745254,0.879786057719341,6.95682430267334,41.072025299072266,0.9062477274986324,0.4225087024880429,7.627697944641113,3.4697895783903707,13.380800247192383,3.8152687549591064,56.01889419555664,0.7392783761024475,1.6223504543304443,0.8572258949279785,0.04305306822061539,13.65995979309082,0.6594973707916303,0.005387625170853149,0.3951103091239929,0.47766441106796265,0.5359989915304495,3.39037093991716,12.87225341796875,53.709774017333984
190058.jpg,8.115315020084381,0.6256942749023438,0.4772036572339321,0.8831597732126462,6.887402057647705,43.05070114135742,0.9110306833250228,0.4338852124910263,7.585139751434326,3.4531835970538953,14.154460906982422,4.0111823081970215,55.12794494628906,0.7563217878341675,1.6193385124206543,0.831985592842102,0.03654421865940094,14.371813774108887,0.6554962868775577,0.006153603587622327,0.40002351999282837,0.4891665279865265,0.5242965785200784,3.343016637432129,10.07147216796875,55.335548400878906
190061.jpg,7.799087584018707,0.6268010139465332,0.4642348163064535,0.8780461467055672,6.881740093231201,45.73316192626953,0.911553403703135,0.43251999735408336,7.598616600036621,3.3611513959276316,14.800237655639648,4.264367580413818,56.73680877685547,0.7345240712165833,1.6111711263656616,0.8415201902389526,0.04182460531592369,13.78568172454834,0.6590952671242499,0.006554708038593115,0.3986995220184326,0.4879609942436218,0.5274653812120544,3.1672513014390167,12.37762451171875,52.64118194580078
190071.jpg,9.18554624542594,0.6060293912887573,0.4974708956213647,0.8757669055373958,6.7869439125061035,48.01955032348633,0.9325061476393895,0.4799732368461513,7.606325149536133,3.580125499350217,15.366787910461426,4.493751525878906,60.55881881713867,0.7232886552810669,1.574991226196289,0.9461962580680847,0.040070779621601105,13.971721649169922,0.7072173964413718,0.006071321680814923,0.4138883352279663,0.48753273487091064,0.586741638893757,3.153821664873773,13.18865966796875,54.547027587890625
190080.jpg,9.446011673659086,0.6413275599479675,0.45063814773470623,0.879285006216804,6.887411594390869,45.039642333984375,0.8999070441019777,0.4297718024533048,7.571965217590332,3.2579816692923647,14.51480770111084,4.218524932861328,55.92190170288086,0.7360879182815552,1.6153464317321777,0.8349362015724182,0.04085827246308327,13.887200355529785,0.6624229841096946,0.006270545180675599,0.400043785572052,0.4875175952911377,0.5361685939848418,3.2803033696105603,7.80828857421875,54.956512451171875
190081.jpg,10.162651419639587,0.6559464931488037,0.4633899209783928,0.8804542216843699,6.9910454750061035,41.024879455566406,0.8888687378694775,0.40116061588949486,7.623586654663086,3.386145074393818,13.158077239990234,3.8100063800811768,56.95281982421875,0.7379043698310852,1.6367111206054688,0.8395275473594666,0.05001277104020119,13.009191513061523,0.6574455676625458,0.006291709280174523,0.3838004767894745,0.46204662322998047,0.5348799839850616,3.39438518839747,9.93182373046875,56.995506286621094
190084.jpg,9.887189771980047,0.6446687579154968,0.4531616309301628,0.8807654091557581,6.905711650848389,44.217987060546875,0.8977799922557432,0.43005985171481637,7.5775251388549805,3.2816319426721527,14.209416389465332,4.13967227935791,56.3792724609375,0.7433912754058838,1.6151431798934937,0.8398929834365845,0.04069961607456207,13.904096603393555,0.667156905998116,0.005519391030105849,0.399686723947525,0.4852614998817444,0.540710182080377,3.2677202851953737,8.83123779296875,56.17731857299805
190087.jpg,8.081562213599682,0.6366128325462341,0.4713298381626094,0.8811916742407825,6.899914741516113,38.27665328979492,0.9111093917969435,0.4344537785745217,7.555427551269531,3.406625479015032,12.542816162109375,3.533785343170166,55.200958251953125,0.7431994080543518,1.6263236999511719,0.8328118920326233,0.03690485656261444,14.3291654586792,0.6279407735491508,0.00875127670043641,0.405191034078598,0.49032333493232727,0.5276465201694255,3.503412844945701,10.00408935546875,51.31386184692383
190097.jpg,8.547370593994856,0.6582124829292297,0.484193142712434,0.8845612831198495,6.970950603485107,43.89089584350586,0.9078525989364877,0.429140775368837,7.631409645080566,3.5351900698440257,14.301031112670898,4.110875129699707,58.55903625488281,0.7618027925491333,1.6143099069595337,0.896198034286499,0.041593607515096664,13.809733390808105,0.6902197386546025,0.004943107078548797,0.3972282111644745,0.4767780900001526,0.5594833993908297,3.371413157846015,12.36102294921875,56.776710510253906
190101.jpg,8.530296579003334,0.6372944712638855,0.4746577224244422,0.881155957075139,6.919808387756348,38.75410079956055,0.9210431357751419,0.4558222732996095,7.546202659606934,3.4332107543177575,13.105294227600098,3.579174757003784,56.05494689941406,0.7425562143325806,1.640751838684082,0.8575006723403931,0.03566696122288704,14.477338790893555,0.6426478341668131,0.007042907135095574,0.4095737040042877,0.4923488199710846,0.5471483903634538,3.6946341419171427,8.33563232421875,50.13079833984375
190102.jpg,7.763373084366322,0.6271023154258728,0.5177423573195324,0.8974255582518119,6.752563953399658,44.76449203491211,0.9135754576168088,0.3985151349366646,7.673611164093018,3.734530416029349,16.421239852905273,4.214661121368408,58.3927116394043,0.8090836405754089,1.6715502738952637,0.8732863664627075,0.04147062450647354,13.822593688964844,0.6843823532659017,0.004418920269647201,0.3811923861503601,0.48973551392555237,0.5404191261364235,3.4501195974622716,11.70233154296875,52.35488510131836
190103.jpg,7.286972500383854,0.5932745933532715,0.5274986891582649,0.8952945183128819,6.910295009613037,46.75332260131836,0.945455681096291,0.4841414543593514,7.57933235168457,3.82163925595059,16.712692260742188,4.388458251953125,60.28849792480469,0.8015148043632507,1.6092277765274048,0.9256380200386047,0.02918163686990738,15.34890365600586,0.7076341044643979,0.003825566439402702,0.4159582257270813,0.5128648281097412,0.5904593217633687,3.603012080649832,24.16571044921875,44.46489715576172
190106.jpg,9.344412684440613,0.6652559638023376,0.4724299502774067,0.8730447888853188,6.786036014556885,36.06090545654297,0.9023152400195997,0.39635742803341056,7.567408561706543,3.390507223743896,12.344030380249023,3.3315625190734863,55.46271514892578,0.6859089136123657,1.6357340812683105,0.8512829542160034,0.051733553409576416,12.862277030944824,0.6337200784014588,0.007425505216379846,0.378206729888916,0.46980801224708557,0.5336554050456204,3.624913089192646,9.61639404296875,52.04617691040039
190109.jpg,9.364092644304037,0.6598285436630249,0.46190072443044106,0.8756009842160422,6.963822841644287,41.4561653137207,0.9057818259197417,0.43938420304785925,7.58190393447876,3.3593492777982554,13.651471138000488,3.845855712890625,57.89706039428711,0.7139936685562134,1.6054089069366455,0.835893988609314,0.04402642324566841,13.5628662109375,0.6527058884756028,0.006003579959529427,0.40053948760032654,0.4780338406562805,0.5434870107846461,3.3673136030333084,11.61444091796875,54.795127868652344
190111.jpg,9.151347327977419,0.6386739015579224,0.4728310343620113,0.8870168561399332,6.934069633483887,44.33224105834961,0.9021914662224305,0.4326495193654369,7.659768104553223,3.450218396047699,14.302660942077637,4.154789924621582,59.28279495239258,0.7714262008666992,1.6136958599090576,0.8611854314804077,0.040843620896339417,13.888758659362793,0.6771085955180564,0.005080325401800442,0.3996293842792511,0.4770204424858093,0.5460191338439263,3.4281583562658566,11.26043701171875,57.48129653930664
190112.jpg,7.5858261324465275,0.6665591597557068,0.45871820353463194,0.8737810711226489,6.975346565246582,42.09414291381836,0.8964444446064933,0.4404693769133175,7.623364448547363,3.3483559768815088,13.215193748474121,3.90531849861145,56.842044830322266,0.7031773924827576,1.6080695390701294,0.8493319749832153,0.046377282589673996,13.336946487426758,0.6552436240017256,0.007280560945834665,0.40141746401786804,0.46935373544692993,0.5434699166914526,3.3506022482750635,10.95721435546875,55.77608108520508
190114.jpg,8.090719982981682,0.6451390385627747,0.502425928817907,0.8839533016381576,6.896087169647217,38.91074752807617,0.9153351884205967,0.4294923101673586,7.5610432624816895,3.6318278606987597,13.194620132446289,3.602745771408081,57.516090393066406,0.756501317024231,1.6288846731185913,0.8808190822601318,0.04024430364370346,13.95295524597168,0.6605416054842829,0.005468170523822257,0.39792364835739136,0.4829174876213074,0.5577897823478979,3.4807411781856286,15.79217529296875,50.97536849975586
190118.jpg,9.070294667035341,0.6289698481559753,0.5000039796504011,0.8886758322621339,6.7827019691467285,45.10309982299805,0.9213576309433895,0.4151136682930576,7.6497883796691895,3.6081604826573397,15.11581039428711,4.241711616516113,56.397727966308594,0.7791962027549744,1.6303009986877441,0.9139237999916077,0.041379086673259735,13.832191467285156,0.6966650433207034,0.004783053012520373,0.39087975025177,0.48770636320114136,0.5604022491650736,3.6437931210306074,13.74725341796875,53.07860565185547
190119.jpg,8.709104672074318,0.6303628087043762,0.4764850421891525,0.8862331926816263,6.919116020202637,44.172218322753906,0.9049690107856083,0.41467747487609796,7.641733646392822,3.4690221981204914,14.57748031616211,4.154439449310303,56.14609909057617,0.7699534893035889,1.636744737625122,0.8676160573959351,0.04154039919376373,13.81529426574707,0.6854504397756739,0.004125581925129114,0.3923189640045166,0.4790304899215698,0.5466161242660404,3.3289797790062714,10.07196044921875,54.661067962646484
190123.jpg,8.25742892920971,0.6399268507957458,0.48123479173709915,0.8764669351519803,6.893057346343994,43.23946762084961,0.9172814286770994,0.44639662576111194,7.597731590270996,3.486744743558935,14.321845054626465,4.017952919006348,57.062931060791016,0.7255815267562866,1.5742335319519043,0.8840005397796631,0.04070967435836792,13.903024673461914,0.6645772553796592,0.00615379144271468,0.4062190353870392,0.49236953258514404,0.5517908827000263,3.406558979763876,13.23358154296875,52.582252502441406
190128.jpg,6.779201358556747,0.671073853969574,0.48741340740536016,0.8791490631378615,7.091161251068115,44.38782501220703,0.915443707708528,0.445096129644187,7.666001319885254,3.5964285575677657,14.345043182373047,4.1033477783203125,59.43621826171875,0.7390925884246826,1.609217882156372,0.8679569363594055,0.04422912001609802,13.542917251586914,0.6510022199722213,0.007361671484040687,0.40766051411628723,0.48252177238464355,0.5443562723937102,3.237836177246301,14.49090576171875,51.799041748046875
190129.jpg,8.927420146763325,0.6690222024917603,0.4667605058091501,0.8795636221761753,7.077538967132568,41.203826904296875,0.9047788810682674,0.4344294298971967,7.659989356994629,3.439456952732316,12.840657234191895,3.7993786334991455,56.634033203125,0.7377836108207703,1.6342031955718994,0.837266206741333,0.04322122037410736,13.643030166625977,0.6461935231177607,0.0068948024695287624,0.401185542345047,0.4729323387145996,0.5260974334678562,3.3422936136234576,15.19549560546875,53.56471252441406
190131.jpg,8.868984159082174,0.6668012738227844,0.4701835976409124,0.8766196320001164,7.012236595153809,40.92341995239258,0.9014287953219896,0.43461867297997325,7.642107009887695,3.445124802550499,13.09005069732666,3.7732808589935303,59.359764099121094,0.7185143232345581,1.6073540449142456,0.8227481842041016,0.04694124311208725,13.284454345703125,0.6405624088427965,0.008452988976454755,0.39808008074760437,0.4603990316390991,0.5235866347640253,3.3211829937721697,15.70770263671875,53.97678756713867
190133.jpg,8.62837514653802,0.6927415728569031,0.4679902599159366,0.870061709986256,6.9033660888671875,37.24959182739258,0.9050908035381013,0.427932550029696,7.615521430969238,3.3973576400104086,12.119257926940918,3.419466495513916,58.09097671508789,0.6737151145935059,1.57969331741333,0.8635410070419312,0.053561169654130936,12.71150016784668,0.6384731590075723,0.007520629515219399,0.3906432092189789,0.4611336588859558,0.5353031185425181,3.699698521658139,10.65008544921875,53.62212371826172
190135.jpg,8.594755806028843,0.6605361104011536,0.473461275044358,0.8778400965244785,7.061600685119629,42.46855545043945,0.9027915999973253,0.44082293012071755,7.627024173736572,3.477256220485792,13.247528076171875,3.9373695850372314,56.55232620239258,0.7313247919082642,1.6165860891342163,0.8851355314254761,0.044965971261262894,13.471160888671875,0.6705148181477144,0.00606182315220156,0.40105774998664856,0.4673694968223572,0.5534285521807462,3.3278200954972563,12.15887451171875,56.599456787109375
190149.jpg,7.802959214895964,0.6811000108718872,0.4803680110245742,0.8778087622981039,6.978882312774658,46.094886779785156,0.9149907318670909,0.4346139991017925,7.635622501373291,3.5101791055493017,14.66596508026123,4.293403625488281,56.59425735473633,0.7306041717529297,1.5985379219055176,0.9175156950950623,0.04726818948984146,13.25430965423584,0.6816494539965735,0.006633235972858137,0.3989184498786926,0.4768097996711731,0.5532522025240371,3.1336596197055506,12.07391357421875,55.872535705566406
190158.jpg,7.822129417210817,0.5600032210350037,0.5575361286410542,0.8971417278243922,6.586666107177734,47.21596908569336,0.9460151410845796,0.4625840231415743,7.503260135650635,3.927831589093948,18.276460647583008,4.465574264526367,60.460880279541016,0.8076413869857788,1.6195909976959229,0.9365010261535645,0.029190393164753914,15.347599983215332,0.7119536451630497,0.003723769984606907,0.40925514698028564,0.5126571655273438,0.5882969578218544,3.4767764101061385,20.88836669921875,45.35247802734375
190160.jpg,8.116023167967796,0.6370288133621216,0.5071854766803219,0.8790292599712706,6.7205610275268555,33.22480773925781,0.9102208714380433,0.3883622448051438,7.57314920425415,3.624790497658994,11.591692924499512,3.0589778423309326,56.019039154052734,0.7291527986526489,1.6295990943908691,0.8750035762786865,0.04759828746318817,13.22408676147461,0.6241011343810772,0.0076337960345033455,0.37766289710998535,0.4797622263431549,0.5394197987547695,3.8010433501529612,10.16522216796875,51.61463165283203
190164.jpg,8.319104194641113,0.6324860453605652,0.47293629714800445,0.8873228405538858,7.022918224334717,39.380550384521484,0.8941081258507412,0.4186654221814145,7.623504638671875,3.4634208940265587,12.520528793334961,3.653737783432007,57.14496994018555,0.7726626396179199,1.641959309577942,0.8270090222358704,0.0410323292016983,13.868738174438477,0.6445117761429003,0.006999142061325183,0.3938907980918884,0.4671940207481384,0.5267451591004063,3.2705486604863583,11.68377685546875,56.275428771972656
190165.jpg,7.372346717864275,0.6456093192100525,0.44828994519281273,0.8820021338728763,7.095608234405518,49.91691207885742,0.9053277389609753,0.4408444060876569,7.712265491485596,3.319118440547239,16.0157413482666,4.696030616760254,60.0299186706543,0.7469769716262817,1.678624153137207,0.8485262393951416,0.04489383473992348,13.478134155273438,0.6973195908313206,0.005095856848067492,0.39907681941986084,0.47415435314178467,0.5488026812333183,3.4884460462279847,15.91278076171875,50.251792907714844
190166.jpg,8.252546284347773,0.6366491913795471,0.49497339812925345,0.8781745841989237,6.753841876983643,35.3287353515625,0.9154166279447129,0.39378726608540304,7.613736152648926,3.555793414711136,12.346168518066406,3.26359224319458,57.25614547729492,0.7316122651100159,1.6501975059509277,0.8720275163650513,0.04731342941522598,13.25015640258789,0.6330102935464919,0.006624023512674753,0.3818897306919098,0.4840320944786072,0.5437997014293396,3.5739920034454227,8.22332763671875,51.74634552001953
190170.jpg,8.272329643368721,0.6525350213050842,0.4665581983977159,0.879974834464876,7.00870943069458,40.950172424316406,0.8871856779914726,0.4201963775445592,7.631882190704346,3.415352742321849,12.737874984741211,3.7945175170898438,56.768802642822266,0.7352858781814575,1.6375722885131836,0.8306503295898438,0.04607287794351578,13.365546226501465,0.6485898969581008,0.006609382072128152,0.3947684168815613,0.4699944257736206,0.5306394233120406,3.3107613336853943,11.89520263671875,56.203392028808594
190173.jpg,8.35715850442648,0.6286476254463196,0.4892753071112764,0.8844988169620694,6.828056335449219,37.96429443359375,0.9111124508330989,0.4118568315769373,7.618330955505371,3.5341392110166527,13.254110336303711,3.529587507247925,59.452945709228516,0.760765790939331,1.6384227275848389,0.8492363095283508,0.042618684470653534,13.703999519348145,0.6458016359157618,0.0068218014626652244,0.39271125197410583,0.4834018349647522,0.5414106354703634,3.619649972427468,7.91619873046875,51.98681640625
190179.jpg,8.237914476543665,0.6845406889915466,0.46936613538366745,0.8773217958554558,6.844681739807129,47.640281677246094,0.916914475758561,0.4290820544969905,7.630181312561035,3.397013857604046,15.336511611938477,4.4599127769470215,59.430809020996094,0.7255891561508179,1.5742151737213135,0.8951699733734131,0.05146293714642525,12.885054588317871,0.6793345721088901,0.006086477047442165,0.39397555589675903,0.4740728735923767,0.5432934987020908,3.0755946944925325,15.41033935546875,53.46802520751953
190182.jpg,8.221149072051048,0.6891092658042908,0.4679071035484948,0.8731762121138837,7.07102632522583,46.548194885253906,0.9142447954558011,0.4660094050828134,7.667057991027832,3.448035621772913,14.568387985229492,4.347007751464844,58.800052642822266,0.7093981504440308,1.5889885425567627,0.8883529901504517,0.045337315648794174,13.435441970825195,0.6784087634799738,0.0072828226035569045,0.4085414707660675,0.4795653522014618,0.5541029499252679,3.002315776094603,9.71844482421875,52.66581344604492
190183.jpg,7.466273117810488,0.5596842169761658,0.49321854522980907,0.895465771108477,6.820381164550781,44.3116569519043,0.9358640862882475,0.5055704191769121,7.414508819580078,3.510464901155764,16.210710525512695,4.152635097503662,62.085201263427734,0.7907353639602661,1.6224470138549805,0.896780252456665,0.02770049311220646,15.575124740600586,0.6734025542700391,0.004541875823083504,0.42917004227638245,0.5064684152603149,0.5832204229389951,3.5751869348010414,9.19110107421875,50.964759826660156
190188.jpg,7.206034354865551,0.6569409370422363,0.47796591566752766,0.8782400427138121,6.959877014160156,39.7297248840332,0.8940927092978161,0.41837089786901044,7.5999603271484375,3.479561764039289,12.666019439697266,3.659209966659546,57.55748748779297,0.7251470685005188,1.6194616556167603,0.8411140441894531,0.046982601284980774,13.280630111694336,0.6520188956599879,0.007185146212525042,0.3928692936897278,0.4631814956665039,0.5380521431439935,3.5990971132745333,15.43768310546875,53.99502944946289
190189.jpg,8.955928422510624,0.6392717361450195,0.4815552215134152,0.8789092653959073,6.881640911102295,39.43166732788086,0.8955259115719376,0.39947433044612746,7.582071304321289,3.4825469142983003,12.938590049743652,3.643596649169922,55.960086822509766,0.7283673286437988,1.6222820281982422,0.8508929014205933,0.04708556458353996,13.271122932434082,0.6453243620065408,0.007238307986014045,0.38462620973587036,0.47241342067718506,0.5346450110582407,3.4569286186384445,12.12176513671875,53.53485870361328
190191.jpg,8.305721335113049,0.6710643768310547,0.4649890703722196,0.8757661484378475,6.905656337738037,43.461273193359375,0.898975652854076,0.4219462807445135,7.651405334472656,3.384445862106263,13.745294570922852,4.01253604888916,57.55695724487305,0.7135565876960754,1.6121801137924194,0.8545185327529907,0.04950321838259697,13.053666114807129,0.6478826793432524,0.0073655781466694815,0.39170926809310913,0.4783427119255066,0.5317138931038299,3.2852568969028173,15.20867919921875,53.113868713378906
190194.jpg,8.3057881295681,0.6520032286643982,0.4793762348412881,0.8777878005116982,6.874678611755371,39.21735763549805,0.8931035817933008,0.4211431165262659,7.605323791503906,3.470693324486449,12.73080062866211,3.630046844482422,57.964988708496094,0.7203885316848755,1.5906305313110352,0.8405117988586426,0.0465584397315979,13.320016860961914,0.6450303596413474,0.007474435179026256,0.3927523195743561,0.46853530406951904,0.533523882471113,3.5000384197189662,12.06561279296875,54.33019256591797
190207.jpg,8.00821766257286,0.6830372214317322,0.4690510265232146,0.8768793026757883,7.065787315368652,47.986568450927734,0.9161254728094141,0.4470873765872275,7.668222427368164,3.455509863901442,14.974273681640625,4.464725494384766,57.721435546875,0.7292280197143555,1.6051194667816162,0.8909698724746704,0.04649212956428528,13.32620620727539,0.6745294252860773,0.00561737613147147,0.40595555305480957,0.48112383484840393,0.5456292028105477,3.143063275447445,13.67694091796875,53.19824981689453
190209.jpg,8.947595443576574,0.668616771697998,0.47578433533039066,0.8832916714822541,6.911393642425537,42.604610443115234,0.8801158706530638,0.4029301764819259,7.601714611053467,3.452563646526084,13.627881050109863,3.9700989723205566,56.55735397338867,0.7503208518028259,1.6234464645385742,0.8442316651344299,0.046718887984752655,13.305074691772461,0.6612642026835401,0.005787259419838128,0.3858379125595093,0.47165006399154663,0.5373774685380294,3.3822098724465204,12.64422607421875,58.732818603515625
190210.jpg,9.05971971154213,0.5747763514518738,0.5367692357742561,0.8941129786360454,6.615002632141113,43.7381591796875,0.9384575663502981,0.4512166440667583,7.560131072998047,3.804397690823002,15.937666893005371,4.098093032836914,58.554141998291016,0.7981700897216797,1.6209213733673096,0.9405546188354492,0.03226282075047493,14.91297721862793,0.6854474292203607,0.005322454386374332,0.40438657999038696,0.507648229598999,0.5844509544111594,3.3143152925601203,16.93524169921875,48.78086853027344
190212.jpg,9.039119776338339,0.5980631113052368,0.4831546235001652,0.8816046431225558,6.705331802368164,41.74585723876953,0.9188064538595733,0.43146467778779507,7.516960144042969,3.435791828497212,15.209857940673828,3.9169418811798096,55.65622329711914,0.7454355955123901,1.59909188747406,0.8591511845588684,0.03598574176430702,14.438695907592773,0.6639306528205879,0.006253142291107311,0.39966991543769836,0.4876999855041504,0.5363214344274976,3.7506182424622025,10.08319091796875,48.47943115234375
190215.jpg,8.605553533881903,0.6465673446655273,0.4817268104338552,0.8859229586502226,7.009187698364258,40.8856315612793,0.9033402387538505,0.4189711102583177,7.635459899902344,3.5273683096763957,13.515283584594727,3.8142802715301514,58.80607604980469,0.7659413814544678,1.6277116537094116,0.8667347431182861,0.04144281893968582,13.825507164001465,0.6663935037549863,0.0044058701465587375,0.3938235640525818,0.47561973333358765,0.5415872262822417,3.354452337020479,10.48895263671875,53.30894470214844
190221.jpg,7.892823256552219,0.6648101210594177,0.48233292480877665,0.8799514364581599,6.866497993469238,38.463111877441406,0.8882194348353389,0.3935987356119108,7.621458053588867,3.4940180180687577,12.433025360107422,3.5566928386688232,57.09269332885742,0.729659378528595,1.61356520652771,0.8598300218582153,0.05082741379737854,12.939020156860352,0.6503007921977295,0.006625011171799777,0.37879419326782227,0.47175341844558716,0.5390736156167701,3.4719127050053484,12.84393310546875,54.47632598876953
190223.jpg,8.543762285262346,0.6604358553886414,0.45800893587494407,0.8751881367242377,7.047669410705566,43.290008544921875,0.8981719342295847,0.4289843210650542,7.646480560302734,3.365034468532132,13.359131813049316,3.9949066638946533,57.29423904418945,0.7112339735031128,1.6217961311340332,0.8271613121032715,0.048173800110816956,13.171891212463379,0.6449345557803955,0.008470474126192937,0.39902204275131226,0.4676532447338104,0.5260694274713168,3.1981016104080147,14.91815185546875,57.49958801269531
190225.jpg,8.529749263077974,0.6563851833343506,0.4809588976909697,0.8825034423103559,7.029760360717773,42.82194137573242,0.9124725249800204,0.4349638212534265,7.648965835571289,3.5299407794945363,13.916035652160645,3.9950528144836426,58.18574142456055,0.7532429695129395,1.6125521659851074,0.8776321411132812,0.04157990962266922,13.811164855957031,0.6730979266538487,0.0053671086728537135,0.3998764753341675,0.473540723323822,0.5413711833086672,3.251397963798161,14.38787841796875,53.604454040527344
190231.jpg,8.09550104290247,0.6664094924926758,0.48527151772588767,0.8801613121621445,6.896636009216309,38.74709701538086,0.889627790389541,0.4009354325399677,7.622364044189453,3.5228376123159784,12.722392082214355,3.5799217224121094,57.096126556396484,0.7340735197067261,1.6142430305480957,0.8420687913894653,0.04814222455024719,13.174738883972168,0.642122146849729,0.0072523769204205085,0.3839768171310425,0.4725978970527649,0.5324859448687687,3.339331303228092,11.25506591796875,57.7521858215332
190234.jpg,8.40731218084693,0.6648579835891724,0.48822000463154674,0.8778802097224649,6.899730682373047,37.15157699584961,0.8964506580180969,0.3994189520925922,7.600558280944824,3.5396744512278016,12.18138599395752,3.418309450149536,58.39815139770508,0.7195028066635132,1.6062042713165283,0.862305760383606,0.05192173272371292,12.846508026123047,0.6435284711422916,0.006994335092664782,0.37975963950157166,0.45870447158813477,0.5358901223316629,3.5486719476465916,14.52655029296875,56.60982131958008
190236.jpg,9.499959520995617,0.6250763535499573,0.48704956611842004,0.8917126876388768,6.928402900695801,46.20759582519531,0.9102240792078714,0.4256111076412354,7.667388439178467,3.554445926120195,15.050814628601074,4.333524227142334,57.28146743774414,0.7898333072662354,1.6498768329620361,0.8686023950576782,0.039157185703516006,14.071885108947754,0.6866496814719483,0.004451533744104296,0.3954656422138214,0.49080130457878113,0.5536147495199847,3.1499331997757483,12.53973388671875,54.57061767578125
190239.jpg,9.400649409741163,0.6351812481880188,0.5287254784050268,0.8914938708557043,6.837120056152344,47.483154296875,0.9342757739663896,0.46015429801035945,7.666291236877441,3.834171141438114,16.133808135986328,4.4590678215026855,59.388702392578125,0.7885459661483765,1.6155736446380615,0.9716898202896118,0.0393919013440609,14.045930862426758,0.7118791525232926,0.0042328802872535175,0.40577346086502075,0.497602641582489,0.6030218687026538,3.4646659167574803,17.57684326171875,54.258182525634766
190241.jpg,9.228360652923584,0.6617754101753235,0.477061173462098,0.8793441587702506,7.039895534515381,35.676666259765625,0.8992523539626168,0.40789184715140525,7.605933666229248,3.4934870987916415,11.621023178100586,3.2551686763763428,57.701629638671875,0.7287511825561523,1.6283807754516602,0.8352977633476257,0.049242448061704636,13.076602935791016,0.630834122034952,0.006574406620083856,0.3861446678638458,0.4621657133102417,0.5276368083703852,3.7622069068867834,15.21649169921875,53.537723541259766
190242.jpg,6.777899537235498,0.6403345465660095,0.5146688204877562,0.8903188244044835,6.82218074798584,44.64213180541992,0.9181956316304332,0.41013144472600777,7.6878862380981445,3.733948970252497,16.244218826293945,4.236728668212891,59.83259963989258,0.7846400737762451,1.6390665769577026,0.9024559259414673,0.04314202070236206,13.650995254516602,0.6968705815101478,0.003946592256986902,0.38865604996681213,0.48284193873405457,0.5471662457205563,3.450825976311691,9.51043701171875,54.58531951904297
190243.jpg,9.337676826864481,0.6765989661216736,0.45968149660504476,0.8771726805308679,7.039099216461182,44.05703353881836,0.898171617293174,0.43346658157473733,7.634261131286621,3.3725447853940693,13.720587730407715,4.09768533706665,56.77348327636719,0.726183295249939,1.6189851760864258,0.8404374122619629,0.045080579817295074,13.460105895996094,0.6564295470544298,0.006358249363175466,0.39846664667129517,0.47223857045173645,0.5327522963431447,3.1756982788904424,12.37469482421875,55.689598083496094
190248.jpg,9.22335010766983,0.6495059132575989,0.4707787978174877,0.8815171182034399,7.067767143249512,38.27293014526367,0.8971186119413815,0.41265771409829494,7.6098856925964355,3.454972600084563,12.17923355102539,3.5157387256622314,56.52781295776367,0.7428184747695923,1.6513152122497559,0.8283327221870422,0.04529477283358574,13.439519882202148,0.6350883396466499,0.0058301261509441475,0.3943301737308502,0.47427183389663696,0.5259263594921431,3.420614998553587,14.48602294921875,53.463584899902344
190250.jpg,7.917369343340397,0.6546816825866699,0.4909254532785259,0.8832796452944357,6.9666900634765625,38.51398849487305,0.9019579057434272,0.41789021109531976,7.623922824859619,3.5814606518373893,12.867049217224121,3.5643470287323,57.955787658691406,0.7511512637138367,1.6138300895690918,0.8502994775772095,0.04287070780992508,13.678394317626953,0.6480564014034598,0.0058136643018068465,0.3941618800163269,0.4789438843727112,0.5349308758785026,3.436674733478376,12.58563232421875,54.42420959472656
190251.jpg,7.945438094437122,0.6588119864463806,0.4692017619993633,0.8793442249390298,7.025089740753174,38.33244323730469,0.8895466754534271,0.41050440375761443,7.589515686035156,3.428607822416101,12.477839469909668,3.548069477081299,56.425682067871094,0.7307325601577759,1.6378984451293945,0.8376121520996094,0.04813885688781738,13.175043106079102,0.645267702002211,0.005815975768452448,0.38759174942970276,0.4582121968269348,0.5336125368958143,3.390070265449702,10.86199951171875,57.57037353515625
190257.jpg,7.880092021077871,0.6634626388549805,0.478206635602607,0.8790466483131507,7.017404079437256,41.380550384521484,0.8968099411989597,0.4345980299238451,7.628072738647461,3.5017911265416046,12.878458023071289,3.8375535011291504,58.342464447021484,0.7328170537948608,1.6178301572799683,0.8586046695709229,0.0460091158747673,13.371562004089355,0.6615934807974583,0.005954974919858643,0.398457407951355,0.46525514125823975,0.5416592854594056,3.367364763425379,13.49822998046875,56.599952697753906
190262.jpg,9.054055713117123,0.6934478878974915,0.46896508415173727,0.8729408901782196,7.035444259643555,43.132930755615234,0.9038970811656237,0.43966911391625607,7.643372058868408,3.4419347653977113,13.343878746032715,3.9870400428771973,59.52405548095703,0.7023431062698364,1.6051831245422363,0.8500596284866333,0.050566405057907104,12.961379051208496,0.6500890571828409,0.008431464532135073,0.3975592255592346,0.4590316414833069,0.5325906151683374,3.219734607135079,15.88494873046875,54.944984436035156
190264.jpg,9.365052312612534,0.6728981137275696,0.4911589753827839,0.8779162624841339,6.764948844909668,35.762550354003906,0.896936381738867,0.37574838793071286,7.591398239135742,3.525633389443163,12.019756317138672,3.290452718734741,56.20392990112305,0.7126263380050659,1.590122938156128,0.8534188270568848,0.05349228158593178,12.71708869934082,0.6333383160762311,0.007991291709815024,0.37051326036453247,0.4605569839477539,0.5247900122924228,3.4161764003195443,15.75311279296875,56.61659240722656
190265.jpg,9.396544050425291,0.6505866050720215,0.45914028410783503,0.8780510717963325,6.913866996765137,41.05276107788086,0.8901555943656725,0.40307785815516156,7.624936580657959,3.3376836141044386,13.455598831176758,3.821319341659546,56.805755615234375,0.7272142171859741,1.6196253299713135,0.8340194821357727,0.049578726291656494,13.047046661376953,0.6583605712125637,0.006179665956644419,0.3837684988975525,0.4676346778869629,0.5340242239248532,3.443015885798779,9.42840576171875,57.786922454833984
190269.jpg,7.600402791053057,0.6258668303489685,0.47757824195788606,0.8815735656386389,6.921780109405518,39.560707092285156,0.9129199819097817,0.4479975647975094,7.566961288452148,3.459762728319884,13.306897163391113,3.6652474403381348,56.530967712402344,0.7450679540634155,1.6083745956420898,0.84786057472229,0.03675096482038498,14.34731388092041,0.6497368500317627,0.007192377524744836,0.40560010075569153,0.4924505949020386,0.5410158148740677,3.620512954615208,10.83905029296875,52.96461868286133
190273.jpg,8.61688632890582,0.6531872153282166,0.4873582379502793,0.8858291895229787,6.855511665344238,47.49648666381836,0.9057463040572948,0.4051650409994775,7.6599440574646,3.5371223639419664,16.03983497619629,4.479833126068115,57.701316833496094,0.7684366703033447,1.6219134330749512,0.8883544206619263,0.044624991714954376,13.504218101501465,0.705625112557092,0.0038843004368166074,0.38496387004852295,0.47402822971343994,0.5495408852157577,3.4995705009646145,10.73992919921875,57.527557373046875
190278.jpg,9.948124703019857,0.659636914730072,0.47486961483147755,0.8785289436914122,6.975125789642334,38.62883377075195,0.8914290248183833,0.4089574314732211,7.6074628829956055,3.4624230392366613,12.425058364868164,3.5759117603302,58.151851654052734,0.7250800728797913,1.6107470989227295,0.8336977362632751,0.048541661351919174,13.138853073120117,0.6438959756198124,0.006701032834771481,0.3876095712184906,0.4561278820037842,0.5316666995977742,3.4632954227258566,12.45574951171875,55.58348083496094
190280.jpg,8.718017373234034,0.6525973677635193,0.45681827271632763,0.8693727626192116,6.92071008682251,43.10997772216797,0.9172179186076351,0.44323931549494233,7.618185043334961,3.32082497011859,13.827579498291016,3.9506547451019287,57.49219512939453,0.6736251711845398,1.5925261974334717,0.8335912823677063,0.04801378771662712,13.18634033203125,0.6356874023146155,0.009671249307447997,0.39757323265075684,0.46804144978523254,0.523561943926911,3.4795549555465586,16.53924560546875,52.516380310058594
190282.jpg,7.683904219418764,0.6624578833580017,0.4771198895012699,0.8819193165142658,6.828482627868652,38.76771545410156,0.8854835498993419,0.3797328729009597,7.564920902252197,3.433698308818691,12.708829879760742,3.6000442504882812,55.127384185791016,0.7409929037094116,1.6322448253631592,0.8379641175270081,0.04803556948900223,13.184370994567871,0.6486083020743462,0.006186880318629465,0.3774457573890686,0.47560417652130127,0.5326654651535653,3.49858659215018,11.35028076171875,55.75927734375
190283.jpg,7.141528192907572,0.6683661341667175,0.4683475727850834,0.8757577178891495,7.0264105796813965,43.41787338256836,0.8968783554928366,0.440323114611061,7.624453544616699,3.4308569875352113,13.448455810546875,4.024410724639893,56.584171295166016,0.7171800136566162,1.618800401687622,0.8514413833618164,0.04516413062810898,13.452062606811523,0.6632152733022442,0.006228087376142954,0.4042111039161682,0.47212475538253784,0.5460023290190724,3.328141651735832,12.75067138671875,55.115081787109375
190284.jpg,8.234481420367956,0.6615206003189087,0.4572334154808261,0.8780310608130886,7.016617298126221,41.035770416259766,0.9058773345929361,0.4212851523519612,7.589107513427734,3.339120976063727,12.993980407714844,3.773540496826172,57.567115783691406,0.725192666053772,1.587268590927124,0.8665198087692261,0.04628172889351845,13.345903396606445,0.663698994472039,0.0057647094698347265,0.3971821367740631,0.470210462808609,0.5488343604772858,3.557387219795567,24.85711669921875,54.556819915771484
190285.jpg,8.197839122265577,0.6599306464195251,0.4853493448210101,0.8801373378200497,6.796797752380371,37.847843170166016,0.8882162613010149,0.39452260770094516,7.58786153793335,3.49080127247551,12.651275634765625,3.5152366161346436,57.51283264160156,0.7273849248886108,1.6054315567016602,0.8538576364517212,0.04965852200984955,13.040061950683594,0.6482708838911029,0.006428828711672934,0.3780001699924469,0.4689532220363617,0.5390427921436053,3.381615397721287,9.03094482421875,57.174171447753906
190286.jpg,7.786908399313688,0.6597010493278503,0.4872967955244566,0.8796038586456149,6.948741436004639,38.963802337646484,0.8952888067139417,0.41365091784282204,7.620051860809326,3.549672301437992,12.677488327026367,3.597707509994507,58.05208969116211,0.7323633432388306,1.6200025081634521,0.8535369634628296,0.04879840835928917,13.115943908691406,0.6479771968038399,0.006345517973031592,0.3896387815475464,0.46776139736175537,0.5377661980422197,3.409279171700252,15.25408935546875,54.87493896484375
190288.jpg,7.968892961740494,0.6336132884025574,0.47175662150334347,0.8854029124153585,6.985841751098633,41.90963363647461,0.9097235515014885,0.4457296684843646,7.6037092208862305,3.4413673324244485,13.459416389465332,3.8981969356536865,57.783939361572266,0.762702226638794,1.6261364221572876,0.8345134258270264,0.03684646636247635,14.336042404174805,0.6580610279396316,0.005769854543899321,0.40741974115371704,0.49110478162765503,0.5386701202766829,3.326231590254023,10.95965576171875,51.665283203125
190292.jpg,8.868406515568495,0.6528695225715637,0.49655662617894536,0.887424226868858,6.837398529052734,36.9298210144043,0.9019293466276381,0.385650016943825,7.578123092651367,3.579070623492683,12.551648139953613,3.4215519428253174,55.01761245727539,0.7691286206245422,1.6412638425827026,0.8520464897155762,0.04503336548805237,13.464655876159668,0.6408632140654639,0.006802027365922718,0.37807193398475647,0.47892236709594727,0.5308351231059167,3.4041048005369463,13.80828857421875,50.19822692871094
190293.jpg,8.75325482338667,0.5717293620109558,0.5484100934603343,0.9012550826339347,6.771230220794678,38.88067626953125,0.9412564247037025,0.4600515709373314,7.548628807067871,3.9265876810334888,14.466412544250488,3.62903094291687,60.701080322265625,0.8188625574111938,1.6556355953216553,0.9171112775802612,0.028268085792660713,15.48703670501709,0.6716125120303249,0.0048933025704871805,0.40952181816101074,0.5056208372116089,0.5816083155551489,3.645508466070897,14.96600341796875,49.104042053222656
190294.jpg,8.721121534705162,0.6431038975715637,0.48764143683093636,0.8841299598179152,6.886435031890869,41.65375900268555,0.9063006540988848,0.39717891631773905,7.628849029541016,3.539136087008293,13.454875946044922,3.8721606731414795,56.82255935668945,0.7572195529937744,1.6331626176834106,0.8825638890266418,0.04713517054915428,13.266550064086914,0.6732700582292785,0.005782885652359713,0.3840738832950592,0.4686329960823059,0.5452711511912375,3.515725151232143,14.30926513671875,53.3978271484375
190299.jpg,8.053297858685255,0.5522686243057251,0.4930701527212894,0.8954597205995573,6.732883930206299,43.77341842651367,0.9323694066742116,0.49428067197269654,7.372049331665039,3.4773697656339007,16.441587448120117,4.0973687171936035,61.39287567138672,0.7888190746307373,1.626616358757019,0.8537732362747192,0.026927921921014786,15.697973251342773,0.6641355755348847,0.004930788449898135,0.4232705533504486,0.5020322203636169,0.5653127704701979,3.774745987467323,9.03192138671875,50.75401306152344
190300.jpg,6.973792225122452,0.612476110458374,0.5070269266269922,0.8787016379368996,6.660983562469482,43.07627487182617,0.9424978638831141,0.464325119286418,7.5733466148376465,3.608603780067245,14.730402946472168,4.020719051361084,60.708431243896484,0.7363735437393188,1.606537103652954,0.9719294905662537,0.04097641259431839,13.87466049194336,0.6928744698331267,0.006021929413727889,0.40893661975860596,0.5023921728134155,0.5979035066639966,3.6991382390102303,11.02655029296875,49.101802825927734
190302.jpg,7.05940194055438,0.6843343377113342,0.47738584761200586,0.8765410056117731,6.913954734802246,47.83879470825195,0.9038103478989155,0.42885927287031367,7.6802287101745605,3.483537128161439,15.649060249328613,4.460111141204834,60.20394515991211,0.7232953310012817,1.6008974313735962,0.8934096097946167,0.05181941017508507,12.85507583618164,0.686029096119879,0.006290983997133354,0.39423680305480957,0.47436076402664185,0.5528347598038104,3.1976890958250594,11.58856201171875,57.3749885559082
190305.jpg,8.21782610565424,0.6293695569038391,0.4967364717382971,0.8860412976182908,6.832993507385254,44.24045944213867,0.9124526826702631,0.41654309038351434,7.643245220184326,3.5954468411565585,15.641423225402832,4.163585186004639,58.502410888671875,0.768674373626709,1.6032707691192627,0.8770585060119629,0.04080762341618538,13.892587661743164,0.6860630552964203,0.004557245057129121,0.3920642137527466,0.48824542760849,0.5512366308955015,3.695263538644081,12.53338623046875,53.69707107543945
190309.jpg,8.396839000284672,0.6491639614105225,0.4598227769063416,0.8795496644961304,6.985628604888916,42.49003219604492,0.8955493026861208,0.42164476963985953,7.627415657043457,3.3597138660961754,13.961465835571289,3.9653232097625732,57.099185943603516,0.7370930910110474,1.6236910820007324,0.8363446593284607,0.04516204446554184,13.452263832092285,0.6664103038044521,0.006022292280803687,0.39481258392333984,0.4637688994407654,0.5393979200714513,3.4133275610754668,11.09002685546875,57.515167236328125
190310.jpg,10.24257643148303,0.6345805525779724,0.47368681079994907,0.8891479970064406,6.963151931762695,42.36646270751953,0.9029879054810576,0.41044197901757706,7.663553714752197,3.4642474698372343,13.995094299316406,3.9457359313964844,57.04006576538086,0.7801955342292786,1.650097131729126,0.855783224105835,0.04159265384078026,13.809833526611328,0.6703723738782966,0.005300611476085916,0.3919154107570648,0.4768044352531433,0.540359581860499,3.7351938497522883,11.94403076171875,52.0057258605957
190313.jpg,10.161407612264156,0.6574745178222656,0.4797340768585376,0.8849077028782051,6.898182392120361,39.403411865234375,0.8888924317396903,0.3962741097895627,7.571234703063965,3.4707451993040053,12.843701362609863,3.6631112098693848,55.4803581237793,0.7582198977470398,1.6456365585327148,0.8352632522583008,0.0443682037293911,13.529280662536621,0.6523061317870078,0.0055275499464411786,0.3827979862689972,0.4776596426963806,0.5348736545724502,3.4098664506303002,12.36395263671875,55.9005126953125
190319.jpg,10.289153635501862,0.6289474964141846,0.48464844161985987,0.8897463555287519,6.918069839477539,41.0530891418457,0.9054988681131042,0.4276903329368631,7.629887580871582,3.525331267181567,13.782681465148926,3.836966037750244,58.893123626708984,0.7817370891571045,1.6289397478103638,0.8497121334075928,0.03764135017991066,14.243349075317383,0.6595988817757114,0.005813553352093222,0.40018385648727417,0.48496097326278687,0.5394751752461351,3.475735960706026,9.15203857421875,54.30753707885742
190324.jpg,10.249804515391588,0.6402458548545837,0.4944540388143232,0.8856178881775107,6.877021312713623,45.409873962402344,0.9107597467618599,0.42051563756588417,7.678511619567871,3.5985303059398284,14.914148330688477,4.245418071746826,57.28463363647461,0.7670034170150757,1.620605707168579,0.8806428909301758,0.042795032262802124,13.686066627502441,0.6804302444630853,0.004487740312497607,0.39100441336631775,0.4796873927116394,0.5465410052182694,3.280716123413012,12.22528076171875,54.64778137207031
190328.jpg,9.848605021834373,0.6318508982658386,0.4644398357823275,0.8879763513025151,6.970836162567139,45.806243896484375,0.900174153417839,0.4312353392621706,7.646022319793701,3.3943341584198965,14.486700057983398,4.305552959442139,57.917274475097656,0.7754544615745544,1.6222991943359375,0.8392438888549805,0.03773335739970207,14.232745170593262,0.6771210665861847,0.00532969996955959,0.403518408536911,0.4858839511871338,0.5431476469875759,3.389948343959589,9.85955810546875,56.78122329711914
190330.jpg,9.492219496518373,0.6673063635826111,0.43352951894452324,0.8814100530136614,7.082314491271973,54.25472640991211,0.9109722708463409,0.4718326505083499,7.663786888122559,3.19644287982187,17.35905647277832,5.097660064697266,60.63665008544922,0.7453198432922363,1.6150579452514648,0.8842461109161377,0.041738059371709824,13.794677734375,0.7248296424845979,0.0032468346606922406,0.4118070602416992,0.48838314414024353,0.5763237182737215,3.529962251576297,28.39666748046875,55.703125
190332.jpg,7.168124258518219,0.6737638711929321,0.4748984057988896,0.8793291891541798,6.9075188636779785,46.003334045410156,0.9016785165771868,0.42244201661797653,7.662899971008301,3.4597431716765232,14.837038040161133,4.2928948402404785,58.492008209228516,0.7378193140029907,1.6008673906326294,0.8890323638916016,0.04782777279615402,13.203200340270996,0.686413949475585,0.005590738767815899,0.39167720079421997,0.4664880037307739,0.549688346183466,3.4109398908994715,11.18133544921875,55.7961540222168
190334.jpg,6.733757220208645,0.6737479567527771,0.4711145319375315,0.8776136188862189,7.000345230102539,42.18593215942383,0.8993142969163959,0.4307872130561801,7.651223659515381,3.451292179244682,13.254236221313477,3.906423330307007,57.685028076171875,0.7266738414764404,1.610499620437622,0.8487184643745422,0.046387020498514175,13.336036682128906,0.6488049598062352,0.0068583208964010664,0.39702916145324707,0.4705018997192383,0.5324919571444614,3.2893384425451457,12.98944091796875,55.43410110473633
190337.jpg,8.153817508369684,0.6510357856750488,0.4603654841895824,0.8808938733854901,6.830770969390869,43.27987289428711,0.8983738330384412,0.4074897089005163,7.621560096740723,3.326685577899129,14.560932159423828,4.024223327636719,58.259151458740234,0.7401324510574341,1.5760246515274048,0.8724520206451416,0.04634055495262146,13.340387344360352,0.67729477070571,0.005976327142578883,0.3857818841934204,0.4822280704975128,0.5516737583656897,3.6085326421420922,20.54608154296875,56.051025390625
190345.jpg,10.024310808628798,0.6538217067718506,0.45656787470992793,0.8769567955643465,6.933537483215332,41.44919967651367,0.8929965121922007,0.4035927402271089,7.617875099182129,3.3218623254275936,13.842021942138672,3.865795135498047,56.788291931152344,0.720680832862854,1.6218528747558594,0.8177812099456787,0.04816959798336029,13.172269821166992,0.6553459256131715,0.0062686457913840475,0.38914749026298523,0.4665070176124573,0.5301969385596502,3.3353038383034295,9.33026123046875,57.24108123779297
190349.jpg,10.724494375288486,0.6555575132369995,0.4575748732715928,0.87374888669941,6.848662853240967,39.09598922729492,0.9037102089859179,0.4303568842252789,7.552133560180664,3.294729610751821,12.914084434509277,3.6276016235351562,56.58205795288086,0.6981968879699707,1.588440179824829,0.8399596214294434,0.04417316988110542,13.54841423034668,0.6448821845251326,0.007630393509118538,0.39881616830825806,0.478767991065979,0.5372957825184144,3.548834946430813,7.24627685546875,55.08720397949219
190350.jpg,10.886420052498579,0.6818816065788269,0.46972764498734654,0.8759197372674506,6.996668815612793,39.6488151550293,0.8930912003222211,0.41427073781025636,7.6196746826171875,3.432858921154871,12.775376319885254,3.6629467010498047,58.09969711303711,0.7120479345321655,1.6194636821746826,0.8221972584724426,0.050860051065683365,12.93623161315918,0.6401048528706458,0.007629806164468095,0.38694214820861816,0.4553946256637573,0.5280463010785376,3.409806419644832,13.93182373046875,56.067203521728516
190352.jpg,10.834271889179945,0.6555636525154114,0.4668943457388481,0.8808065654677986,7.0647292137146,39.33689498901367,0.8877689142538974,0.4208764254645576,7.614889144897461,3.4269238919804828,12.448739051818848,3.641403913497925,57.637386322021484,0.7381932735443115,1.6333463191986084,0.8137751817703247,0.04567600414156914,13.403119087219238,0.6437369189606995,0.006507067574089241,0.39569181203842163,0.46413499116897583,0.528925046399642,3.3642273792405866,13.37127685546875,56.76838684082031
190356.jpg,10.865032754838467,0.6620745062828064,0.471472509394965,0.8776090035370507,6.986506462097168,36.70769119262695,0.8945871506001848,0.40964354090391064,7.576574325561523,3.4330549624458158,11.861279487609863,3.377474308013916,55.976375579833984,0.7198364734649658,1.6306724548339844,0.8482407331466675,0.04832954332232475,13.157873153686523,0.6411265868796823,0.005915447917821141,0.38635367155075073,0.46828603744506836,0.5357814857813359,3.4849562487375167,10.65301513671875,54.87882995605469
190358.jpg,10.862713288515806,0.6478325724601746,0.4776801455230049,0.8826548513764179,6.905725479125977,45.86392593383789,0.8996132409896647,0.4110490347473098,7.664557456970215,3.479976493818512,14.831719398498535,4.300232410430908,57.251190185546875,0.7536845803260803,1.6225674152374268,0.8724686503410339,0.04665185138583183,13.311311721801758,0.6863226680628194,0.004755562729627397,0.38734903931617737,0.46736687421798706,0.5477315087760569,3.4996944313972564,12.71697998046875,57.17877960205078
190374.jpg,9.870421908795834,0.6508952975273132,0.46356051532838294,0.8836821937604195,6.898478984832764,45.62809371948242,0.890657617004786,0.4064547369179561,7.639986515045166,3.3697379108235523,15.056599617004395,4.284557819366455,57.390621185302734,0.7564600110054016,1.6267778873443604,0.849163293838501,0.0452936589717865,13.439626693725586,0.6791351946731539,0.0054750473588225795,0.3872772753238678,0.4672350287437439,0.5382669395918332,3.26061127577649,10.07684326171875,57.024574279785156
190380.jpg,8.48151582852006,0.6626357436180115,0.4691558345437544,0.876680929738278,6.990906238555908,39.553688049316406,0.8937927488014785,0.41919408236323746,7.642026424407959,3.4325715563324213,12.482319831848145,3.6494522094726562,58.73024368286133,0.7148571014404297,1.6246118545532227,0.8247939348220825,0.05023111402988434,12.990272521972656,0.6453313901468405,0.007934834006354256,0.38963770866394043,0.4539790749549866,0.5304263851654322,3.463547520208492,15.18475341796875,53.10490036010742
190381.jpg,7.582801070064306,0.6326417326927185,0.5243879379037595,0.8859513818898108,6.592868804931641,34.71017074584961,0.9082592107756841,0.366029091292642,7.603952884674072,3.7223305759772973,12.082672119140625,3.208096742630005,54.73659896850586,0.7590508460998535,1.605452299118042,0.8905344009399414,0.049491364508867264,13.054705619812012,0.6398812469109546,0.006421781910376861,0.36846399307250977,0.4834626615047455,0.5398782710679287,3.614168451950872,13.44110107421875,50.784767150878906
190383.jpg,7.794235825538635,0.6414397358894348,0.4785078763826462,0.8839936764965268,6.9015278816223145,51.09324264526367,0.9182887619716436,0.4463993580824485,7.655688762664795,3.482880317788334,16.993011474609375,4.827317714691162,60.079227447509766,0.7617403268814087,1.5930005311965942,0.9117876887321472,0.04146093875169754,13.8236083984375,0.713134156565259,0.004074458346451158,0.4014720320701599,0.486309289932251,0.5674560415309841,3.5124210620896115,11.94061279296875,54.19034957885742
190384.jpg,9.515627443790436,0.6475152373313904,0.4767918116894996,0.8839859446623064,6.947934150695801,42.428192138671875,0.9034961462230893,0.4215089393446112,7.632927417755127,3.4760263134889122,13.919039726257324,3.961951971054077,57.468387603759766,0.7588291764259338,1.6248738765716553,0.8555374145507812,0.0415714830160141,13.81204605102539,0.6685484509458977,0.004801758326256887,0.39376986026763916,0.47509652376174927,0.5362675015635683,3.423267655413711,11.63787841796875,54.53883743286133
190385.jpg,10.001460578292608,0.6563779711723328,0.47415126429610577,0.8826601238831597,7.025755405426025,40.745277404785156,0.9002516357161504,0.445150852759973,7.620577812194824,3.4722974996673592,13.057225227355957,3.794274091720581,58.50450134277344,0.7488193511962891,1.6293257474899292,0.8395764827728271,0.04057957977056503,13.916923522949219,0.6579684949282505,0.0061650833547032755,0.40541985630989075,0.4734240174293518,0.5449407602303182,3.4169593128106994,10.07244873046875,57.41508102416992
190388.jpg,10.02828012034297,0.6355797648429871,0.4630268870552904,0.8852944602310354,6.918557643890381,45.52581787109375,0.9033462154057288,0.4340381144988128,7.644282341003418,3.3715015941778717,14.5458984375,4.265992641448975,58.966793060302734,0.7648357152938843,1.6120691299438477,0.8594410419464111,0.040283575654029846,13.948720932006836,0.6748464065937757,0.005571232131238232,0.40418699383735657,0.47917938232421875,0.544272604304115,3.359697715108008,10.79364013671875,55.78302764892578
190398.jpg,10.121557030826807,0.7163095474243164,0.47263401346698064,0.8702644533934971,7.018538475036621,44.17623519897461,0.9032810008708554,0.434391426140178,7.6461639404296875,3.4655270519996577,13.646740913391113,4.064795970916748,58.93560028076172,0.682348370552063,1.5896904468536377,0.8716742992401123,0.05415758118033409,12.663407325744629,0.6551861248634617,0.008615429461555737,0.3983602821826935,0.45735615491867065,0.5437749015609773,3.4063570497624918,15.00604248046875,56.710166931152344
190399.jpg,10.03707754984498,0.6624193787574768,0.4557580942926888,0.8800749921883939,7.075788974761963,45.201812744140625,0.9023769284493653,0.4395532154406441,7.665334224700928,3.3592013707464368,14.030147552490234,4.221266746520996,56.25571060180664,0.7441279888153076,1.628636360168457,0.8459830284118652,0.042610350996255875,13.704849243164062,0.6666761349405687,0.005700673610000435,0.4019739627838135,0.479086697101593,0.5367822567144968,3.1076248760651803,11.63494873046875,54.97475051879883
190403.jpg,8.152023021131754,0.6646683216094971,0.48257857430059364,0.8772340176058893,6.801610469818115,39.06600570678711,0.909840511334636,0.40334469577857485,7.5948896408081055,3.4737301466468775,13.282629013061523,3.6095268726348877,56.38549041748047,0.7182703018188477,1.6069399118423462,0.8780583143234253,0.05027967318892479,12.986076354980469,0.650372629615064,0.007288325091987159,0.38271117210388184,0.4737796485424042,0.5372488193245205,3.5796805240653597,14.05975341796875,49.88365936279297
190405.jpg,7.771940924227238,0.6706545352935791,0.4605624644160465,0.877481570305871,7.078986167907715,42.31406784057617,0.9071454017650528,0.45662163524524274,7.657742500305176,3.393600546456023,13.090075492858887,3.9227676391601562,57.97826385498047,0.7268010973930359,1.6226351261138916,0.816573977470398,0.042357273399829865,13.730720520019531,0.6449329185821142,0.006350857792786391,0.40628284215927124,0.47353726625442505,0.5261782605913203,3.30489004645564,12.67498779296875,53.234764099121094
190408.jpg,8.106378886848688,0.6586009860038757,0.522910887939775,0.8841347880192132,6.675556659698486,42.348751068115234,0.9245022394614999,0.4077015915250186,7.619109153747559,3.737427876453486,14.67104721069336,3.9550933837890625,57.154361724853516,0.7539518475532532,1.5614131689071655,0.9594497680664062,0.04630926251411438,13.343320846557617,0.6967042583992067,0.004433983825324216,0.386822909116745,0.48316690325737,0.5710684237113155,3.8202312424743448,15.72479248046875,55.15357208251953
190411.jpg,7.276457540690899,0.6518546938896179,0.4799899055484453,0.8817834698999089,6.962151050567627,39.77970504760742,0.8953052403019115,0.41594309909579047,7.642174243927002,3.50497313429395,12.883240699768066,3.701986074447632,56.6370849609375,0.7455311417579651,1.62479829788208,0.8445233106613159,0.04348107427358627,13.616996765136719,0.6505419576013802,0.006371254298492861,0.3915412724018097,0.47017887234687805,0.5326317886112111,3.328127596417959,9.92547607421875,56.313297271728516
190413.jpg,8.128709428012371,0.6259835362434387,0.5022922970492297,0.878953435689569,6.954501628875732,35.8953857421875,0.9218517719075886,0.4398804514318673,7.580985069274902,3.650540637861038,12.037919044494629,3.297173023223877,56.99021530151367,0.7350819110870361,1.606419563293457,0.849104642868042,0.03946780413389206,14.03757095336914,0.6201266263934503,0.009580797579048457,0.4019968509674072,0.4824546277523041,0.5263806261479498,3.4694144475365687,17.53924560546875,48.806060791015625
190415.jpg,8.248100560158491,0.6629667282104492,0.5297329739447291,0.8917662045567246,6.716945648193359,37.4996223449707,0.9252524815417971,0.4014103348559009,7.558964729309082,3.781219960392841,12.63199520111084,3.4646549224853516,54.135276794433594,0.7824969291687012,1.5943787097930908,0.9408284425735474,0.04356042668223381,13.609079360961914,0.6721446138646032,0.006006580567177457,0.38193565607070923,0.48034876585006714,0.569475330829508,3.8112264768209676,21.30926513671875,53.308021545410156
190419.jpg,9.019040647894144,0.6582857370376587,0.4667534078454654,0.8777788589011681,6.904123306274414,40.7364616394043,0.8966507935267203,0.40221056813398115,7.606219291687012,3.38638438320484,13.679581642150879,3.775787830352783,56.09159851074219,0.7233607769012451,1.6213068962097168,0.8242048025131226,0.048042573034763336,13.183737754821777,0.640401853451956,0.006998895972168004,0.38251474499702454,0.47256267070770264,0.5177129681626866,3.2670523891393795,11.87615966796875,52.58832550048828
190420.jpg,9.087267607450485,0.6503417491912842,0.46930891112295203,0.8803805405031251,7.057116508483887,38.95905685424805,0.8951018880736257,0.4247033565925355,7.617969512939453,3.4435828541239086,12.357358932495117,3.5968995094299316,57.41510009765625,0.7368810176849365,1.6299083232879639,0.8281816244125366,0.04484943300485611,13.482429504394531,0.6434597099355847,0.005872799484627912,0.39763349294662476,0.4675291180610657,0.5311576567048746,3.396088551799434,12.21014404296875,55.74626922607422
190421.jpg,7.841841470450163,0.6417774558067322,0.47390837776972916,0.8818271658286999,6.926743030548096,44.4310417175293,0.9142534359095423,0.4445408966058709,7.635163307189941,3.4505132640525424,14.308853149414062,4.143714427947998,59.16425704956055,0.7501712441444397,1.593040108680725,0.8681223392486572,0.0399077907204628,13.989423751831055,0.6752044115846038,0.0057800562036654166,0.407499760389328,0.48332440853118896,0.547339129948589,3.3594578190089637,13.90545654296875,54.691070556640625
190422.jpg,7.604863729327917,0.6511897444725037,0.47014920805373334,0.8837922544130896,6.962253570556641,42.330440521240234,0.8998249542262281,0.4286685513672195,7.585639953613281,3.419848813067432,13.824248313903809,3.950576066970825,57.19207763671875,0.7553880214691162,1.6200321912765503,0.8431864380836487,0.04072815179824829,13.901053428649902,0.6624097986447717,0.005097745836160496,0.4006778299808502,0.48399657011032104,0.5426116609315316,3.254306249924707,10.03143310546875,57.0261116027832
190423.jpg,7.225628282874823,0.6590680480003357,0.48850706235703856,0.8833153221399078,6.922534942626953,39.61857986450195,0.8892657707952906,0.4083634884391829,7.605690002441406,3.5485792962772074,13.036920547485352,3.6818299293518066,57.425201416015625,0.7500234842300415,1.6226915121078491,0.8458210229873657,0.04504309967160225,13.463716506958008,0.6581638580888897,0.005607360909242495,0.3899633586406708,0.47217902541160583,0.5390542553225924,3.4876302779542314,11.16424560546875,56.46996307373047
190426.jpg,7.667207378894091,0.6584212779998779,0.48026761296482023,0.8804789913705735,6.946833610534668,36.927242279052734,0.8996553821761992,0.41391638821872123,7.583409309387207,3.4892113762629027,12.339004516601562,3.3975212574005127,57.622440338134766,0.7349583506584167,1.6141202449798584,0.8352469205856323,0.045085448771715164,13.459636688232422,0.6367535032518681,0.006751442464418069,0.3902027904987335,0.47410696744918823,0.5293738049032505,3.525477674140964,12.65985107421875,55.044212341308594
190434.jpg,6.9335019290447235,0.6603415608406067,0.4989709346420458,0.8830840543656033,6.842848777770996,36.44853591918945,0.8895948592647458,0.39304102708867056,7.577238082885742,3.5976110315530896,12.277847290039062,3.375669240951538,57.264976501464844,0.7465426921844482,1.6161413192749023,0.8535704612731934,0.04788240045309067,13.198241233825684,0.6449493193388494,0.006147147207614203,0.3812047243118286,0.4716011881828308,0.5384213083870913,3.534716325945952,10.97479248046875,59.096641540527344
190437.jpg,7.146772421896458,0.675651490688324,0.4795810657636084,0.8760457204106461,6.930724620819092,39.07756423950195,0.8956679090406123,0.4115366533380276,7.605518341064453,3.4856621397776397,12.6117525100708,3.595003128051758,58.304046630859375,0.7104878425598145,1.6068936586380005,0.8541380167007446,0.05194530263543129,12.844537734985352,0.650708389456355,0.007132820322675014,0.3882673382759094,0.46521586179733276,0.5395375352630791,3.5162326324736863,15.01434326171875,52.485206604003906
190438.jpg,8.653165690600872,0.5991653800010681,0.5225387904781479,0.8834107887694204,6.754621982574463,37.61521911621094,0.9425322052191838,0.45240779539079895,7.554879188537598,3.73864412541233,13.383612632751465,3.4684715270996094,56.661712646484375,0.7564023733139038,1.6375257968902588,0.9494167566299438,0.035499315708875656,14.49779987335205,0.6675328673542189,0.0050236361807524344,0.4101100564002991,0.5086057186126709,0.5853500812187272,3.735599261034197,14.48748779296875,48.235958099365234
190440.jpg,8.686435487121344,0.6478994488716125,0.469794345178291,0.8747447069860034,6.823116779327393,39.263038635253906,0.8936227563370545,0.39693842266925694,7.587964057922363,3.385130826950922,12.715853691101074,3.6244828701019287,56.61219024658203,0.7021459341049194,1.6042048931121826,0.8377679586410522,0.050872668623924255,12.935155868530273,0.6378392325079216,0.008127059006970723,0.37937623262405396,0.4627324640750885,0.5260362745425655,3.311285237674363,13.38055419921875,56.58296203613281
190444.jpg,6.83541227132082,0.6563515067100525,0.4777194228220442,0.8813473841523243,6.88723611831665,43.77702713012695,0.8948889886017428,0.40851321127742113,7.653447151184082,3.473192069567915,14.081658363342285,4.092366695404053,57.999813079833984,0.7453619837760925,1.6142271757125854,0.8628095984458923,0.0476517491042614,13.219212532043457,0.6762126188516653,0.006066566439665885,0.38617196679115295,0.4626835286617279,0.5451735336931155,3.49567065103091,12.53973388671875,53.728660583496094
190446.jpg,6.9326472617685795,0.5881412625312805,0.5120556337384475,0.8979804796113737,6.86720609664917,35.17676544189453,0.9260337515467797,0.453805273447364,7.49672794342041,3.6775761055517364,12.874363899230957,3.2681145668029785,60.60776901245117,0.8084254264831543,1.6434752941131592,0.8939714431762695,0.029546547681093216,15.294933319091797,0.6432729286742821,0.006431753437195555,0.4100530743598938,0.5003710985183716,0.5592980812274344,3.7200410126291987,11.95184326171875,51.698699951171875
190449.jpg,8.887332610785961,0.6257262229919434,0.5105887792179666,0.89163278208347,6.9506144523620605,39.692020416259766,0.9222654668405927,0.4153923056320619,7.666305065155029,3.7316267883013197,13.537162780761719,3.691948652267456,57.36349868774414,0.7894837856292725,1.6505937576293945,0.9009851217269897,0.0414038747549057,13.82958984375,0.6707404690533015,0.005347397761328656,0.39172446727752686,0.4771426320075989,0.5493037049543491,3.460264783769467,16.21453857421875,50.8077278137207
190451.jpg,7.397934287786484,0.6581029295921326,0.4810620600869259,0.8835094114018978,6.8621439933776855,38.42861557006836,0.8840225131395976,0.39107912276685064,7.6096272468566895,3.4809188743053543,12.525690078735352,3.5758721828460693,57.35025405883789,0.7509943246841431,1.6209373474121094,0.8365570306777954,0.047973040491342545,13.190027236938477,0.6501389200941597,0.0058637373388942884,0.379425048828125,0.46831580996513367,0.5284457962898134,3.4508080899188553,10.76678466796875,57.13922119140625
190458.jpg,7.557431176304817,0.6430951952934265,0.49636274240402845,0.8826983202369175,6.87804651260376,41.07877731323242,0.9023923276304449,0.4067208830537082,7.636749267578125,3.602311082266759,13.437539100646973,3.805286407470703,56.75123596191406,0.7483475208282471,1.6236259937286377,0.8853129148483276,0.04722573235630989,13.258213996887207,0.662798384373858,0.006176668948603091,0.3873085379600525,0.4774753749370575,0.5493399804659848,3.4175678060292043,13.77752685546875,54.77294158935547
190460.jpg,7.701929766684771,0.5536841750144958,0.490359137856508,0.8931412925769566,6.731950759887695,46.77485275268555,0.9338863067612048,0.5086154508891171,7.382368564605713,3.4605520312921385,17.332788467407227,4.375392436981201,61.93415069580078,0.7801824808120728,1.6182537078857422,0.8647016286849976,0.027961982414126396,15.534320831298828,0.6710401581721571,0.004825959582279175,0.42854779958724976,0.5056958794593811,0.5740573314284817,3.839615637751146,10.77655029296875,50.786949157714844
190469.jpg,8.114297483116388,0.6522487998008728,0.514865859848137,0.8806140497538172,6.781876087188721,37.155128479003906,0.9076606845952938,0.3816583163017564,7.629451751708984,3.7099599666652985,12.68653392791748,3.4333252906799316,56.891822814941406,0.7334185838699341,1.6037375926971436,0.9057649970054626,0.05454001575708389,12.632847785949707,0.6553253681963019,0.005147484783025969,0.37166231870651245,0.4661611020565033,0.5444344595218177,3.4181120492674286,15.51629638671875,52.57297134399414
190470.jpg,8.250150766223669,0.6653832793235779,0.519192682544173,0.8800445370914652,6.862705230712891,41.73629379272461,0.929713036063156,0.4308268519103393,7.588281631469727,3.7514330482887317,14.1182279586792,3.870131731033325,55.84907150268555,0.7417541742324829,1.5787098407745361,0.9360856413841248,0.042884908616542816,13.676956176757812,0.6816143934851175,0.004814044806751631,0.3970752954483032,0.48395949602127075,0.567133356078803,3.551525685329917,17.88153076171875,52.64000701904297
190471.jpg,7.847225613892078,0.6407455801963806,0.47104037098034207,0.8860297420035272,7.006851673126221,44.71139144897461,0.9041749350288921,0.41080090368268546,7.657315254211426,3.4537161133973058,14.274491310119629,4.185483455657959,57.38069534301758,0.7689069509506226,1.637355089187622,0.8649441003799438,0.04352128133177757,13.612983703613281,0.6830583981529262,0.004511445056047733,0.39278483390808105,0.4689543843269348,0.5392381894996469,3.3685508736202068,10.75653076171875,53.609859466552734
190472.jpg,7.3886039443314075,0.6707520484924316,0.5254374038389736,0.8770396039784426,6.886709213256836,31.176782608032227,0.9181036471324971,0.38169198359389767,7.594501495361328,3.8044945744650462,10.924100875854492,2.803520679473877,57.407691955566406,0.7107796669006348,1.595369577407837,0.8956323862075806,0.055549506098032,12.553197860717773,0.622227389387044,0.007185815065105617,0.3704085350036621,0.4664546251296997,0.5353330469252606,4.346191766163287,22.79168701171875,51.23111343383789
190474.jpg,8.30443649739027,0.648850679397583,0.5009683223064848,0.8808058153363609,6.854054927825928,36.194305419921875,0.9022766791741141,0.38364215137826485,7.589208602905273,3.6178180843002785,11.975838661193848,3.32330060005188,55.19313430786133,0.7370774149894714,1.6187970638275146,0.8809713125228882,0.04989337921142578,13.019571304321289,0.64367048574158,0.007009522684620177,0.37299633026123047,0.4663378596305847,0.5387048954162763,3.4894594033452546,14.70574951171875,55.577484130859375
190475.jpg,8.267684053629637,0.6479228734970093,0.48409343862930543,0.88364334364578,6.934666156768799,41.1222038269043,0.8966097706039783,0.4227719928330289,7.6133623123168945,3.5213116273936382,13.513345718383789,3.8190529346466064,59.07546615600586,0.751531720161438,1.606532335281372,0.8652111291885376,0.04327814653515816,13.637313842773438,0.6715575681497901,0.005817386342007127,0.3951219916343689,0.48212695121765137,0.5559777987443711,3.345527777214259,14.03533935546875,56.97221374511719
190487.jpg,7.567419663071632,0.6722443699836731,0.4827783609891175,0.8811771302365328,6.862826824188232,41.00102615356445,0.8891990749202368,0.39732055364703833,7.6031646728515625,3.4919425436533817,13.203701972961426,3.7952935695648193,56.58837127685547,0.7383353114128113,1.6146782636642456,0.8694437742233276,0.0505049005150795,12.966665267944336,0.6569386609435774,0.006590379544743943,0.3780241310596466,0.47400832176208496,0.5415093887983077,3.4594622093458756,13.69793701171875,55.97747802734375
190491.jpg,7.266766287386417,0.6656865477561951,0.4829417030488256,0.8786325094381007,6.918426513671875,37.604000091552734,0.8923962674054469,0.4016543000626463,7.608983516693115,3.5079548441291486,12.325399398803711,3.472639560699463,56.96636962890625,0.7236368656158447,1.6143815517425537,0.8486864566802979,0.04923517629504204,13.077245712280273,0.6411803686890453,0.007219766841579208,0.3834177851676941,0.46725213527679443,0.5346624017990134,3.492174497097128,11.12127685546875,55.287864685058594
190493.jpg,7.899529289454222,0.6609057784080505,0.48338300154833047,0.880174051660243,6.864228248596191,37.084957122802734,0.8909814272788549,0.38948505268955763,7.60846471786499,3.4979356079800716,12.380860328674316,3.431514024734497,56.622222900390625,0.7319721579551697,1.6093330383300781,0.8458585739135742,0.04959097132086754,13.045974731445312,0.6370323904045562,0.007028585672830363,0.3777908980846405,0.46797528862953186,0.5301796979686477,3.3773172609141646,10.73992919921875,56.84071350097656
190496.jpg,8.34994027018547,0.6586185693740845,0.4705416687002831,0.8792621163762055,6.888712406158447,39.465877532958984,0.8918214996349392,0.40274654428928214,7.5908026695251465,3.4066160410921036,12.910160064697266,3.6523683071136475,56.19883346557617,0.729562520980835,1.6185956001281738,0.8306299448013306,0.04761004447937012,13.223014831542969,0.6405608741717701,0.007549357091367253,0.38162392377853394,0.4695499837398529,0.5254233585776377,3.4644275731064393,12.25262451171875,53.24668884277344
190497.jpg,8.33718977496028,0.6933862566947937,0.49643234091877475,0.8745280749513735,6.887008190155029,43.00069046020508,0.9296974129039445,0.44719624788028184,7.614143371582031,3.599429400701892,14.140155792236328,3.988739013671875,59.96438217163086,0.7119133472442627,1.5584545135498047,0.9354678392410278,0.048254162073135376,13.164652824401855,0.6801132764360375,0.005874562389701811,0.3995060920715332,0.4733957350254059,0.5650985277466616,3.4506147335486794,17.40203857421875,52.60771560668945
190499.jpg,8.282570324838161,0.6534233689308167,0.4708719444265518,0.8823813410084911,6.93383264541626,46.47354507446289,0.8975218133596358,0.4038673176015346,7.646578311920166,3.4327621865878832,14.885698318481445,4.362144470214844,56.434818267822266,0.7525213360786438,1.6206183433532715,0.8780970573425293,0.04655171185731888,13.320642471313477,0.6905484365215921,0.004706196065167229,0.38738274574279785,0.4659431576728821,0.5509718321468796,3.464095302356305,11.61395263671875,57.82237243652344
190512.jpg,7.835861846804619,0.608794629573822,0.5210693921604331,0.8836060708559492,6.672679901123047,33.71944808959961,0.9228786236063169,0.3975457299305132,7.5982842445373535,3.7180908615987747,12.057572364807129,3.0953972339630127,57.037010192871094,0.7549709677696228,1.6190699338912964,0.9032872915267944,0.043515779078006744,13.613533020019531,0.63102430588109,0.007685551125125007,0.38030755519866943,0.4873850345611572,0.5539190920898833,3.926879436518658,14.95965576171875,52.35460662841797
190513.jpg,8.421834982931614,0.6507248878479004,0.4746604210923109,0.8785396373990482,6.955418109893799,39.54787826538086,0.9091504136634896,0.43923251642990835,7.601982116699219,3.454919860541718,12.902301788330078,3.6365277767181396,56.545448303222656,0.7294787764549255,1.615311622619629,0.8407593965530396,0.040611401200294495,13.913518905639648,0.6399636334893283,0.008504187187264934,0.40453556180000305,0.49531471729278564,0.5314930432772121,3.647594183634304,11.09686279296875,52.32083511352539
190517.jpg,8.433251947164536,0.6509937644004822,0.46401516602528076,0.883730673946004,6.897270679473877,45.474952697753906,0.890755875610973,0.4073534358760821,7.641277313232422,3.3730620000910676,14.933996200561523,4.2649245262146,57.37578582763672,0.7563667893409729,1.62669038772583,0.8500418066978455,0.045183487236499786,13.450202941894531,0.6798809905547354,0.005508098138868081,0.3881239891052246,0.4678475260734558,0.5378474455063763,3.3653143992229917,9.94061279296875,57.54210662841797
190519.jpg,8.220998972654343,0.6191882491111755,0.5024664622581702,0.8792789173092882,6.635771751403809,35.8223991394043,0.9357665465680353,0.4265188231612589,7.47779655456543,3.5458066674732915,13.36274528503418,3.303884983062744,54.08740997314453,0.736932635307312,1.637548565864563,0.935057520866394,0.03721722587943077,14.292560577392578,0.665027558986459,0.004954886377690827,0.3995145261287689,0.5043431520462036,0.5730229914082596,3.7898663729661917,15.27166748046875,49.307861328125
190520.jpg,8.165796127170324,0.6432968378067017,0.4720373457788294,0.8767312668583624,6.8745880126953125,45.69456100463867,0.9134644111878072,0.44234778869455615,7.609749794006348,3.4185829938066057,14.6285982131958,4.236032009124756,57.300235748291016,0.7253265380859375,1.5933587551116943,0.8694909811019897,0.04166200011968613,13.802599906921387,0.6657231321084738,0.007101264204967359,0.4026089310646057,0.49130094051361084,0.5465707078424948,3.2077360914634356,12.52703857421875,51.934532165527344
190523.jpg,8.02675586938858,0.6631113290786743,0.48703467695861724,0.8844765550696333,6.990900039672852,38.14439010620117,0.8939307701895338,0.40265468833103,7.6151628494262695,3.5568387442672567,12.539708137512207,3.5293991565704346,58.13391876220703,0.7560216188430786,1.6335909366607666,0.8256584405899048,0.045370686799287796,13.432246208190918,0.6410754228637824,0.005604751940850253,0.39162054657936096,0.4748108386993408,0.5277451663365511,3.3545921172815345,14.42010498046875,56.78963088989258
190524.jpg,7.911241661757231,0.6484503746032715,0.4689704272697502,0.8841065827403469,6.981039047241211,43.281349182128906,0.9024261992849869,0.42849714611258727,7.606853485107422,3.420653831650238,14.17625904083252,4.050938129425049,57.69101333618164,0.7589031457901001,1.6165904998779297,0.8523607850074768,0.04063678905367851,13.910807609558105,0.6762254762224512,0.004730410641772867,0.398648202419281,0.4788036048412323,0.5469944857994751,3.4414289192101792,10.78533935546875,57.51767349243164
190527.jpg,7.918738882988691,0.6445648670196533,0.48601795465472786,0.8839791517432899,6.970932483673096,38.739501953125,0.9177484486605509,0.44099329810731247,7.572968482971191,3.534307518679741,12.955256462097168,3.577751874923706,58.13246154785156,0.7557895183563232,1.6466126441955566,0.8668158650398254,0.03831641748547554,14.16615104675293,0.6575256887649134,0.004916480581569825,0.4043623208999634,0.4811530113220215,0.5536521895439455,3.4740688721130932,13.51531982421875,50.30308532714844
190537.jpg,7.828696954995394,0.6560667157173157,0.4885404221519015,0.8832411563277982,7.0279107093811035,40.20501708984375,0.9002040436997263,0.4358965975408266,7.631443977355957,3.5808525148482815,13.141083717346191,3.722156286239624,60.4343376159668,0.7497371435165405,1.613593578338623,0.8453028202056885,0.04260045289993286,13.70585823059082,0.661053326696367,0.005242491266342338,0.4021567702293396,0.4789493680000305,0.5467538573246942,3.419437351696599,13.15447998046875,55.13905334472656
190538.jpg,7.572565469890833,0.6553313136100769,0.48154562379523935,0.8763157061468017,6.898930549621582,42.636138916015625,0.9138351674029647,0.4376862966812267,7.619787216186523,3.4957216639871653,13.92821216583252,3.953434705734253,57.25040817260742,0.7218285799026489,1.590578556060791,0.8635740280151367,0.04353025183081627,13.612089157104492,0.6505230062256948,0.007739147550621504,0.4026486575603485,0.48726627230644226,0.5380427351289376,3.4279486972731315,13.81854248046875,53.044517517089844
190543.jpg,8.016013510525227,0.6518392562866211,0.4552764111834328,0.8815201983480405,6.961659908294678,50.14229202270508,0.898333418243992,0.41453592111992377,7.682090759277344,3.333485585966116,16.17664909362793,4.723156929016113,57.890037536621094,0.7502772808074951,1.632865071296692,0.8483459949493408,0.046494439244270325,13.325990676879883,0.6969681907006224,0.0045576041202499695,0.38650354743003845,0.472455769777298,0.5408261854557538,3.3689235683082055,14.36053466796875,53.07804870605469
190544.jpg,8.034963708370924,0.6302145719528198,0.5235752593840252,0.8857147090216023,6.655721664428711,36.952545166015625,0.9079056975318963,0.3835628018531024,7.6182026863098145,3.736746404195621,13.295940399169922,3.426586151123047,58.24347686767578,0.7604397535324097,1.599958896636963,0.8739728331565857,0.04637238010764122,13.337406158447266,0.6465445292071731,0.0069497337279358475,0.3761391043663025,0.4879381060600281,0.537118535483314,3.5283403824189556,12.67205810546875,50.57004928588867
190548.jpg,7.472763322293758,0.6610211730003357,0.45893699610512906,0.8806604143094366,6.934570789337158,40.632781982421875,0.8981822858817538,0.4175094711647302,7.631967544555664,3.342570201179086,13.034017562866211,3.775733232498169,58.04996871948242,0.7407255172729492,1.6004571914672852,0.8366637229919434,0.04535067826509476,13.434162139892578,0.6568676035311379,0.005265913716241732,0.3930545747280121,0.4757884740829468,0.5362161731390759,3.5525033032623097,15.49578857421875,54.68650817871094
190553.jpg,7.759628061205149,0.656380832195282,0.4858975444392631,0.8821489628815928,6.877927303314209,45.45133972167969,0.8985401090793982,0.41463531657906333,7.652375221252441,3.5301283642857033,15.056573867797852,4.236988067626953,58.08207321166992,0.7518861889839172,1.6189980506896973,0.8932650089263916,0.04584471508860588,13.387107849121094,0.6940119655369203,0.004971774936418313,0.38781291246414185,0.47247442603111267,0.555662614503724,3.4834014978049725,10.88201904296875,59.107051849365234
190558.jpg,7.7831274420022964,0.6401528120040894,0.47209651171491807,0.8843107571056384,7.035182952880859,45.0346565246582,0.9103806959639794,0.43796085131568124,7.6839141845703125,3.474425958428945,14.58430004119873,4.223966598510742,58.38004684448242,0.7627503871917725,1.624513864517212,0.8712586164474487,0.04298941791057587,13.666383743286133,0.6793975504292555,0.004750032586348371,0.4000483453273773,0.47109246253967285,0.542463728929407,3.1273206467889723,12.47723388671875,53.51180648803711
190569.jpg,8.049523830413818,0.6618875861167908,0.4731677777782994,0.8827029329773151,6.927296161651611,40.58293533325195,0.8847191760454122,0.4018378924726442,7.596678733825684,3.436147115316432,13.147590637207031,3.783196210861206,56.31515121459961,0.748303234577179,1.631434679031372,0.8369451761245728,0.0456458181142807,13.405990600585938,0.6568405740324376,0.005593518216951739,0.3859484791755676,0.4671282172203064,0.5379496545015501,3.3042250358148135,11.96112060546875,57.3275032043457
190574.jpg,7.89162228628993,0.662765622138977,0.4784942274732471,0.8784545611717786,7.029186248779297,38.063507080078125,0.9025345872936161,0.4041831419075235,7.6315226554870605,3.507541242559334,12.399855613708496,3.4765679836273193,58.424644470214844,0.7235743999481201,1.6259541511535645,0.8341058492660522,0.05111308768391609,12.914678573608398,0.640241282668384,0.007066906448059496,0.38516804575920105,0.4649536609649658,0.5305497914078822,3.814208227536508,16.39324951171875,53.89887237548828
190577.jpg,8.073680087924004,0.6517084836959839,0.477163637900885,0.8858028535237025,7.021310329437256,45.72371292114258,0.9136894366815966,0.44710876984548753,7.677286148071289,3.5068266743459446,15.02316665649414,4.294300079345703,59.78449630737305,0.7685881853103638,1.6061939001083374,0.8809390068054199,0.0394621267914772,14.03819465637207,0.6887462180959912,0.003936764459928899,0.4034748077392578,0.48091113567352295,0.5501574906084464,3.3407936545968573,11.25994873046875,55.11140441894531
190588.jpg,7.66194436699152,0.6680156588554382,0.47096004124198404,0.87948684962604,7.049171447753906,39.393798828125,0.8972361120210167,0.42658317708517224,7.6376190185546875,3.458454128853351,12.540396690368652,3.637220859527588,57.662445068359375,0.7329083681106567,1.6216713190078735,0.8199319839477539,0.04482502117753029,13.484794616699219,0.639013359320321,0.007123935908805839,0.3975081443786621,0.4712079167366028,0.524476140028092,3.338767624330857,12.54998779296875,53.96048355102539
190606.jpg,7.639299552887678,0.6486008763313293,0.4946362476696339,0.8801229197200409,6.909761428833008,33.33161544799805,0.9024549526124572,0.38907950116416395,7.586191177368164,3.585121042700596,11.369431495666504,3.053046941757202,57.04196548461914,0.731897234916687,1.6132688522338867,0.835281491279602,0.049357809126377106,13.066442489624023,0.6173529358109738,0.007065255050802911,0.37741896510124207,0.46353617310523987,0.5181929232935657,3.7799376852931306,14.56463623046875,54.206092834472656
190607.jpg,8.028980057686567,0.6624547839164734,0.4762705012005272,0.8751354360597058,6.794189453125,39.07475280761719,0.8959649513563719,0.40978310095718345,7.59705114364624,3.4270704869716795,12.733441352844238,3.6224708557128906,56.305870056152344,0.7052939534187317,1.5863752365112305,0.8663121461868286,0.04975751414895058,13.031414031982422,0.6495749893363555,0.006684130177426922,0.38518500328063965,0.47293391823768616,0.53901480694262,3.4261889350151806,9.79315185546875,55.80012512207031
190609.jpg,7.649413090199232,0.6769367456436157,0.48404207396864946,0.877145176409245,6.99174690246582,41.8025016784668,0.8970445384789081,0.42720872818696826,7.641363620758057,3.5415295863860763,13.061100959777832,3.864611864089966,58.21491241455078,0.7226746678352356,1.6105997562408447,0.8597366809844971,0.04833962768316269,13.156967163085938,0.6521192752126315,0.00733792078636841,0.39651671051979065,0.4658062756061554,0.5413146341520049,3.3538960925404875,13.86151123046875,54.963924407958984
190613.jpg,7.7501234114170074,0.6479318737983704,0.4754827315243695,0.8811874434204019,6.945570468902588,44.87324142456055,0.9107989609119631,0.4487365970332074,7.649750709533691,3.469920376103744,14.353665351867676,4.1923723220825195,59.01443862915039,0.7483798265457153,1.6033295392990112,0.8993083238601685,0.041844442486763,13.783621788024902,0.682537720219132,0.005695067080922722,0.40664735436439514,0.48023420572280884,0.5620834669791976,3.349661812801493,10.09490966796875,54.452293395996094
190614.jpg,8.307720690965652,0.6275961399078369,0.47996428007589387,0.8830875204915709,6.944925308227539,41.39449691772461,0.917032561675571,0.4462509174672191,7.6046977043151855,3.4916583047077268,13.738731384277344,3.8532795906066895,58.370765686035156,0.7548067569732666,1.6228128671646118,0.8694763779640198,0.037030916661024094,14.314355850219727,0.6622368731024696,0.00558847613074914,0.4069392681121826,0.4878118634223938,0.5530995210188435,3.4741166916350026,9.57928466796875,50.4052619934082
190620.jpg,7.312741942703724,0.63983154296875,0.4607153264936759,0.8878422614113334,7.041351795196533,46.45930862426758,0.9056697852310447,0.4465030656603419,7.647389888763428,3.383672856071776,14.729204177856445,4.3577680587768555,58.28120040893555,0.7749857902526855,1.6290333271026611,0.8282151818275452,0.036982666701078415,14.320018768310547,0.6782681108017584,0.00466466729696618,0.40468084812164307,0.48427194356918335,0.5454801872858354,3.274164633926457,12.21942138671875,56.372249603271484
190624.jpg,7.453094631433487,0.657630443572998,0.47445475095848966,0.8776927928157151,6.949093818664551,41.11785125732422,0.9006060654916843,0.4404298529056181,7.60102653503418,3.451695262328144,13.078388214111328,3.808293104171753,56.801002502441406,0.7242326140403748,1.5977544784545898,0.8398767709732056,0.041338566690683365,13.836446762084961,0.6458459780219576,0.007530411603305043,0.4054363965988159,0.48245400190353394,0.538234030344164,3.200554775864958,11.80584716796875,56.770042419433594
190627.jpg,8.029844082891941,0.6338554620742798,0.5318211690069056,0.882489629055704,6.779352188110352,40.61671447753906,0.9471233216956375,0.4769602879395022,7.647651195526123,3.8363027703722814,13.388967514038086,3.764679431915283,61.292293548583984,0.7551435232162476,1.6050629615783691,1.0067354440689087,0.04148534685373306,13.821053504943848,0.6934522916841533,0.005167839032037862,0.4091942310333252,0.4922925531864166,0.6161178179523574,3.5335085555241905,17.84783935546875,49.359619140625
190628.jpg,8.033865846693516,0.665550708770752,0.473507162266755,0.8817787991455636,6.918304443359375,43.21760177612305,0.8836021709887483,0.4037743165996699,7.603453636169434,3.4380869377480305,14.220756530761719,4.030041694641113,56.18666458129883,0.7441356778144836,1.6265743970870972,0.8308265209197998,0.0467502623796463,13.302159309387207,0.6515332183435872,0.006314608667769283,0.38653427362442017,0.47539079189300537,0.5280515234744725,3.4211219556045642,11.73651123046875,57.441001892089844
190629.jpg,8.008691359311342,0.6493603587150574,0.48272679180768513,0.8812355709719941,7.01352071762085,36.6671257019043,0.8960008584217551,0.40941872519098993,7.614593505859375,3.530700177714424,11.871875762939453,3.3670735359191895,56.70182418823242,0.7406574487686157,1.6367985010147095,0.8135906457901001,0.044965896755456924,13.471168518066406,0.622710745760815,0.006668051656329143,0.39152348041534424,0.4754866361618042,0.5187968467014059,3.3939637297892773,14.13983154296875,54.1657829284668
190636.jpg,7.747372824698687,0.6490781903266907,0.47703493659577817,0.8823691646318655,6.891507148742676,42.39140701293945,0.9035539554804697,0.423769529276026,7.606250286102295,3.4579774154171776,13.9131441116333,3.9516098499298096,57.25014114379883,0.7495471239089966,1.6143383979797363,0.8877121210098267,0.04277283325791359,13.68832015991211,0.6747434939595219,0.005512314082737619,0.392930805683136,0.4748249650001526,0.5489142744452008,3.3197163432211725,10.95184326171875,54.96950149536133
190637.jpg,7.616207122802734,0.6541372537612915,0.5033863686348472,0.883729507287188,6.74326229095459,36.73208236694336,0.9019535218736859,0.37452638176073755,7.5899200439453125,3.607573643628479,12.574546813964844,3.407323122024536,54.727386474609375,0.7526407837867737,1.6176095008850098,0.8758234977722168,0.04859784618020058,13.133830070495605,0.6519602019665361,0.005958446382953165,0.37065020203590393,0.48342299461364746,0.5390404390645182,3.6273265701863497,11.58660888671875,54.190460205078125
190639.jpg,7.215237632393837,0.6620029807090759,0.4798063005579222,0.8835502002410331,7.041839599609375,36.13431930541992,0.902035852217767,0.42073946902566983,7.635381698608398,3.521120422226602,11.890279769897461,3.3308866024017334,59.65448760986328,0.7524494528770447,1.6391446590423584,0.8472736477851868,0.04300491884350777,13.664819717407227,0.6399523867323114,0.006674339161421182,0.39755913615226746,0.4817469120025635,0.534636747222635,3.5307306475664624,11.40643310546875,54.35585021972656
190644.jpg,8.600852999836206,0.6345690488815308,0.47805397527242777,0.8887062663321091,7.021721363067627,47.186195373535156,0.9144626697396,0.45437197833602827,7.640445232391357,3.504662456764791,15.45640754699707,4.4351372718811035,59.561153411865234,0.7791608572006226,1.6096224784851074,0.891787588596344,0.03697304427623749,14.321146965026855,0.7003911429757881,0.0038017179086807795,0.4060482680797577,0.48808717727661133,0.566688877655761,3.3653208819684948,12.43426513671875,57.185516357421875
190646.jpg,8.06579552590847,0.6473612785339355,0.5022004051816563,0.8797932351191029,6.848001480102539,39.94462203979492,0.9183856690871643,0.3994987069960992,7.57419490814209,3.6214256703487813,13.70425033569336,3.697737455368042,54.61201477050781,0.7394766807556152,1.6184890270233154,0.8969439268112183,0.043782368302345276,13.587007522583008,0.6649964773736387,0.005667000420412383,0.3869457542896271,0.4784601926803589,0.5414291910257579,3.510660717655586,17.34100341796875,52.22528076171875
190647.jpg,7.743756782263517,0.672926127910614,0.4812912992847666,0.8801991967986538,6.9408135414123535,42.732784271240234,0.890694997295407,0.41825203398325217,7.657096862792969,3.5129323058296364,13.42764663696289,3.963085174560547,58.57767868041992,0.7364116907119751,1.6070715188980103,0.8684855699539185,0.04864836111664772,13.129318237304688,0.6577436121069566,0.007089337684156077,0.3894306421279907,0.47450098395347595,0.5425353186399854,3.341592239441272,13.47723388671875,56.50593948364258
190649.jpg,7.7434819675982,0.6328763365745544,0.5197900569324212,0.8876055164473858,6.790724754333496,40.8483772277832,0.9146111827525225,0.4026168870195216,7.645320415496826,3.7518660678328732,15.092207908630371,3.8356690406799316,59.01060485839844,0.7729260921478271,1.608654499053955,0.903426468372345,0.04350215569138527,13.61489200592041,0.6751180900948229,0.004255505653869863,0.38772863149642944,0.49238741397857666,0.5546117696208683,3.5561329228902765,10.82977294921875,53.456363677978516
190650.jpg,8.033482812345028,0.6504964828491211,0.46187164413815285,0.8831293058254625,6.927635669708252,47.989898681640625,0.89418193146754,0.40884158182850766,7.65178918838501,3.366919886126146,15.347393035888672,4.515194892883301,56.57053756713867,0.7556378841400146,1.6189897060394287,0.8743442296981812,0.0459882952272892,13.373527526855469,0.6935693538782971,0.0049700941405965,0.38967573642730713,0.47122371196746826,0.5514718535390342,3.4785987200490416,12.06268310546875,54.256553649902344
190654.jpg,8.40739194303751,0.6321789622306824,0.5053591421435831,0.8820018360172067,6.958888530731201,42.81215286254883,0.9365065306906033,0.46704691506911145,7.6535325050354,3.6922692653557156,14.111515045166016,3.9712235927581787,59.171234130859375,0.7527060508728027,1.630622386932373,0.9321765899658203,0.03917231410741806,14.070207595825195,0.6757833590482333,0.005090307440300061,0.417298823595047,0.511059582233429,0.5828972190820344,3.520512955573065,14.02362060546875,47.80122756958008
190655.jpg,8.407417804002762,0.6231611371040344,0.5007429658044518,0.8764814189886485,6.68808126449585,44.36922836303711,0.9376114975438189,0.4503056027421414,7.5860090255737305,3.5738344605317742,14.736589431762695,4.1560282707214355,56.69298553466797,0.7286484241485596,1.5759153366088867,0.9593393802642822,0.040841296315193176,13.889005661010742,0.6999047399621958,0.005576382083637057,0.40512409806251526,0.4968259632587433,0.5822468540305968,3.5614635713266276,14.46014404296875,50.89696502685547
190656.jpg,8.32652447000146,0.6471620798110962,0.47828673324098964,0.8843618864326982,7.100377559661865,41.53556442260742,0.9203948289806734,0.4644356024426456,7.636491298675537,3.524233220313599,13.079716682434082,3.8295960426330566,59.316864013671875,0.7617738246917725,1.6062190532684326,0.8455268144607544,0.037269528955221176,14.28646183013916,0.6375453970605384,0.00881872769849689,0.417111873626709,0.4924989938735962,0.5350744582330321,3.4207394960969246,16.25164794921875,53.029937744140625
190658.jpg,8.2449359446764,0.6425403952598572,0.5009330281207363,0.8899600423501249,6.9620866775512695,42.9506721496582,0.9082799638517101,0.4139165100639443,7.659052848815918,3.6621154260450073,14.92537784576416,4.017398357391357,59.441864013671875,0.7832099199295044,1.6205296516418457,0.8826110363006592,0.041306160390377045,13.839853286743164,0.6823571718988237,0.004249441154626891,0.3934192657470703,0.4837011694908142,0.5563208026682793,3.489631796887394,12.08758544921875,55.92508316040039
190664.jpg,8.29428605735302,0.6255812048912048,0.49788597309131005,0.8892310916515385,6.859121322631836,41.0917854309082,0.9080994991290136,0.3876218261119421,7.642697811126709,3.6101352812627656,13.702152252197266,3.8388824462890625,55.9920539855957,0.7799370288848877,1.6371278762817383,0.8729971647262573,0.04580603167414665,13.39077377319336,0.6681333335745432,0.004304421381353546,0.37712645530700684,0.47264665365219116,0.5350787830190457,3.541930266438789,14.01043701171875,55.45362854003906
190668.jpg,7.998985681682825,0.6667551398277283,0.4514818919372687,0.8720493882865005,7.028616905212402,44.1031379699707,0.8971356844083834,0.43830906420769866,7.642775535583496,3.311942246351162,13.629063606262207,4.0821685791015625,57.03956604003906,0.6925548315048218,1.6117515563964844,0.8298554420471191,0.04997260868549347,13.012680053710938,0.6446074741976782,0.008964052032404654,0.3991551101207733,0.47219783067703247,0.5285842718575431,3.143469502323608,12.42010498046875,55.71876525878906
190669.jpg,8.0150690600276,0.6772154569625854,0.479700446803283,0.8798754651637868,6.9123430252075195,43.21163558959961,0.8938577941901006,0.4132173401010345,7.653045654296875,3.4935207326199436,13.94240665435791,4.037288665771484,57.93776321411133,0.7366595268249512,1.6066454648971558,0.8847798705101013,0.048919402062892914,13.105188369750977,0.6758841917654008,0.005854484146333853,0.39032888412475586,0.4680275321006775,0.5481162983060482,3.383413589314835,9.84051513671875,56.212093353271484
190672.jpg,8.530373897403479,0.629696786403656,0.5719279173818617,0.9005777578684776,6.63221549987793,43.760005950927734,0.931282872253087,0.41224324128483636,7.676589012145996,4.091813023051573,16.03432273864746,4.098763942718506,62.851593017578125,0.8184327483177185,1.6511356830596924,0.9529125690460205,0.04269766807556152,13.695959091186523,0.6952426529912669,0.004618653358579332,0.3893446922302246,0.5065193772315979,0.5795893721254959,3.3583318909224906,14.52020263671875,53.402931213378906
190673.jpg,8.138116218149662,0.6559919714927673,0.513849733486087,0.8735035429070775,6.855929374694824,42.93388366699219,0.93705857784065,0.4771081207848207,7.629447937011719,3.721663075024555,13.790788650512695,3.973806142807007,59.35688400268555,0.7128541469573975,1.5577075481414795,0.9692349433898926,0.04399987682700157,13.565486907958984,0.687192844997282,0.006389918093677292,0.40912675857543945,0.48216402530670166,0.5925639732245478,3.2671464320352706,21.53826904296875,53.63743591308594
190677.jpg,8.146752379834652,0.655381977558136,0.4782101736241109,0.8800932682676486,6.9056549072265625,40.43314743041992,0.9021676922780865,0.4249300264489859,7.594321250915527,3.4670270477386786,13.038026809692383,3.7405343055725098,57.960445404052734,0.7368865013122559,1.606534481048584,0.8526482582092285,0.04412604123353958,13.553050994873047,0.6488730483198555,0.006747889040741005,0.3964983820915222,0.4855518937110901,0.5357953428671203,3.316258903104573,14.43133544921875,53.70895004272461
190679.jpg,7.77834153547883,0.6564192771911621,0.47989594262787344,0.8806126319387966,6.873170852661133,42.37455368041992,0.9023023502437483,0.39692303846779337,7.6313557624816895,3.4803406915856847,14.438438415527344,3.967763662338257,57.3600959777832,0.7422075271606445,1.6198253631591797,0.8722599148750305,0.049739446491003036,13.032990455627441,0.675252592257753,0.004697727409477603,0.3795204162597656,0.46219950914382935,0.5394104881604943,3.3456557147168597,11.91424560546875,53.163330078125
190684.jpg,8.001098830252886,0.6404345035552979,0.4701907767150017,0.8855571894378289,7.021648406982422,44.68482971191406,0.9065779762615339,0.4449757046250287,7.6309614181518555,3.444769814836862,14.303824424743652,4.1782660484313965,59.00682067871094,0.7667872905731201,1.6033730506896973,0.8645240068435669,0.038975946605205536,14.092034339904785,0.6804168722040792,0.0049129548442745745,0.4051503837108612,0.48444271087646484,0.5550655173040763,3.369532615477693,14.18084716796875,56.193668365478516
190690.jpg,8.23597290366888,0.6299741864204407,0.48226499408427587,0.8893150957772957,7.044775485992432,47.37892532348633,0.9074362830621858,0.4453017156464718,7.671907424926758,3.5486794668771804,14.926200866699219,4.4326677322387695,58.19567108154297,0.7812492251396179,1.6380259990692139,0.8794217109680176,0.0390213318169117,14.086979866027832,0.6957516081702011,0.004888859660154689,0.4035007357597351,0.48645150661468506,0.5600879230022735,3.293402405100346,13.17694091796875,56.375244140625
190698.jpg,8.592990387231112,0.6254628896713257,0.48112642235883607,0.8858222888988577,6.90010929107666,41.5840950012207,0.9069648307661167,0.41399994005421004,7.617463111877441,3.4924028363045636,13.359646797180176,3.8824830055236816,54.757686614990234,0.7670254111289978,1.6348965167999268,0.8658881187438965,0.03914535790681839,14.073198318481445,0.6718005033685486,0.005148914914240799,0.39539170265197754,0.4757152199745178,0.5439010546008329,3.436271844442918,11.32586669921875,54.3939208984375
190703.jpg,8.586580898612738,0.6504513621330261,0.4672836010336482,0.8801477633503699,7.030054092407227,43.44123840332031,0.8996777704931301,0.43846646668868083,7.642786502838135,3.42819746566275,13.641027450561523,4.0524725914001465,58.06411361694336,0.7398021221160889,1.6254607439041138,0.8632447719573975,0.04445517808198929,13.520776748657227,0.6703942119448129,0.005401404881145176,0.40013986825942993,0.4650536775588989,0.5477309027269011,3.2098691886066817,11.80731201171875,54.72234344482422
190714.jpg,7.6023897640407085,0.6527506709098816,0.45841953818670406,0.8826246560785741,7.054215431213379,43.7078971862793,0.9023795027714517,0.4432951106151265,7.644731521606445,3.369150766686939,14.06905746459961,4.084565162658691,58.818275451660156,0.75218665599823,1.6203508377075195,0.8174492120742798,0.04049822315573692,13.925640106201172,0.6649586175943913,0.005329280220293385,0.4030221402645111,0.475314736366272,0.5373485501385734,3.22256255434452,10.65447998046875,56.32597351074219
190715.jpg,8.389587692916393,0.6676816344261169,0.47806613803974113,0.8779318543050216,7.02966833114624,37.13203048706055,0.8987942594681603,0.41736496728070605,7.590674877166748,3.494754399650887,11.910295486450195,3.399384021759033,57.10985565185547,0.7239920496940613,1.6233839988708496,0.8551569581031799,0.04801151528954506,13.186545372009277,0.6442735279409859,0.006431046683312058,0.389213502407074,0.46000146865844727,0.5393594224098015,3.7857967469874017,15.20233154296875,54.11091613769531
190723.jpg,8.404739513993263,0.6112558245658875,0.5145878429931132,0.8818515448566956,6.710801124572754,36.83259201049805,0.9392482427934337,0.43514210007613735,7.533721923828125,3.6650388219501195,14.17354679107666,3.4137275218963623,54.686119079589844,0.7498292922973633,1.6417953968048096,0.9379959106445312,0.03496534377336502,14.56362247467041,0.659167953638163,0.004557303610015375,0.40366995334625244,0.5090163946151733,0.5792476440149714,3.81566453060768,14.02069091796875,48.11552047729492
190724.jpg,8.414145480841398,0.663784384727478,0.4809418863228306,0.8822025853519734,6.933518886566162,42.3361701965332,0.8891442137830968,0.415685548310446,7.639110565185547,3.504303130470525,13.404387474060059,3.9268767833709717,57.71406555175781,0.7460916638374329,1.6124904155731201,0.8705844879150391,0.046765316277742386,13.300762176513672,0.6618332081139415,0.006870709345285074,0.38999462127685547,0.47401946783065796,0.5443007932336713,3.447136754721089,13.85955810546875,56.31848907470703
190728.jpg,8.376256857067347,0.6560418009757996,0.4911320474144279,0.878733324570782,6.848591327667236,35.0179557800293,0.9005564395636348,0.3857754424002706,7.5502753257751465,3.5358815079908883,11.968770027160645,3.215022325515747,57.12302017211914,0.721929132938385,1.6205862760543823,0.8485619425773621,0.05127536505460739,12.90091323852539,0.636514171197098,0.006986570249277929,0.3766220211982727,0.4673645496368408,0.5334086027424528,3.6270721775705836,13.05194091796875,54.898441314697266
190734.jpg,8.317569885402918,0.5655428767204285,0.569188706904849,0.9073769323188774,6.832944869995117,38.605316162109375,0.9472061161891525,0.4613066030087149,7.51809024810791,4.0842340757821916,14.467761993408203,3.6162965297698975,60.120018005371094,0.8379918932914734,1.6303045749664307,0.9516168832778931,0.02507409080862999,16.007749557495117,0.6928629790938904,0.0037395122909194677,0.4115166664123535,0.5065450072288513,0.5943613198892815,3.615843846556098,21.47283935546875,48.308937072753906
190737.jpg,7.961103346198797,0.6264704465866089,0.4901267349331179,0.8953200112141019,7.122641563415527,39.50352096557617,0.9024893534815827,0.4224990068309927,7.652166366577148,3.62077317656059,12.85979175567627,3.665498733520508,58.268890380859375,0.801389753818512,1.6657181978225708,0.8474454879760742,0.03823256120085716,14.175666809082031,0.6605033684627276,0.004722557471244037,0.39706143736839294,0.4734106659889221,0.5439216164492765,3.434699721967952,13.64324951171875,56.85054016113281
190748.jpg,7.938842326402664,0.6534823775291443,0.47859209177304524,0.8846358792186794,6.833185195922852,40.946651458740234,0.9043819010617086,0.39936043322344866,7.60076904296875,3.45399694816102,13.837886810302734,3.815122365951538,55.43793869018555,0.7580279111862183,1.6262848377227783,0.8718123435974121,0.046276673674583435,13.346378326416016,0.6675888473393519,0.005655904494724035,0.3777950704097748,0.46705710887908936,0.5360697262526569,3.383390274284748,12.30682373046875,52.67716979980469
190755.jpg,8.261460285633802,0.6241207122802734,0.4918844020131513,0.8902170552730349,7.03193473815918,35.625732421875,0.9077191928669255,0.4100386938096742,7.638413429260254,3.608066564945597,11.784488677978516,3.281034231185913,57.16286849975586,0.7844029664993286,1.660529613494873,0.8635313510894775,0.04177752509713173,13.790573120117188,0.6359359125233691,0.006438734825421923,0.38748446106910706,0.482448935508728,0.5382567433352715,3.467777345302232,12.65594482421875,54.87480163574219
190759.jpg,7.864211548119783,0.6774584054946899,0.4990287344672664,0.8740219846466497,6.804089546203613,37.537872314453125,0.9155099937099633,0.3994577498815366,7.603631973266602,3.594942627278911,12.725015640258789,3.445720672607422,57.872283935546875,0.6937460899353027,1.5793418884277344,0.8716295957565308,0.05512366443872452,12.586620330810547,0.637610079334501,0.008241231112699903,0.37761443853378296,0.4639708995819092,0.5294747958789793,3.6632940337260207,15.74871826171875,53.39106750488281
190762.jpg,8.64059005305171,0.6399206519126892,0.5090053606180297,0.8847280399956641,6.810580730438232,34.44330596923828,0.9074431533289385,0.3962251877606588,7.608898162841797,3.669805085615966,11.968194961547852,3.1688759326934814,57.696922302246094,0.7591789960861206,1.6262733936309814,0.852668046951294,0.043843816965818405,13.580915451049805,0.630008406260759,0.007364199725344377,0.380226731300354,0.48291563987731934,0.5320293355290827,3.777597505083151,12.63787841796875,53.327598571777344
190765.jpg,8.630609851330519,0.6489964723587036,0.49842169883431636,0.885140645046302,6.894181251525879,41.577171325683594,0.9070320277472007,0.41114505827391545,7.652858257293701,3.62528932287033,14.468523979187012,3.886359453201294,59.52798080444336,0.7628719806671143,1.6179604530334473,0.8739356994628906,0.04506601020693779,13.461509704589844,0.6733681205344054,0.005554316552242453,0.3868059515953064,0.4756408929824829,0.5411195198179577,3.3615891817694896,10.37811279296875,52.72111511230469
190781.jpg,6.759177204221487,0.6653462648391724,0.4826971146493175,0.8823017765256616,7.004247665405273,39.87129592895508,0.9118605056250261,0.43045107716442105,7.622537612915039,3.53016244827546,13.521615982055664,3.7102699279785156,59.38876724243164,0.7485409379005432,1.6135597229003906,0.856201171875,0.04214673489332199,13.752361297607422,0.6679957342310918,0.004497541810685357,0.401306688785553,0.48548197746276855,0.5375646096193805,3.5451494530811503,16.80487060546875,53.89264678955078
190782.jpg,8.506133254617453,0.6321386694908142,0.4690289384371434,0.8819063448095934,6.9011101722717285,44.37997055053711,0.9104229585802122,0.44216899686070654,7.628714084625244,3.4074627448058443,14.284945487976074,4.148444652557373,57.469818115234375,0.7506508231163025,1.6061530113220215,0.8528314828872681,0.03829953446984291,14.16806411743164,0.6718969850737427,0.0055009388821468785,0.40313634276390076,0.4853785037994385,0.5421711795760235,3.3636555976475,10.34442138671875,52.5218620300293
190783.jpg,8.605136219412088,0.6565141677856445,0.4582314488906597,0.8777022914057914,7.011068344116211,39.04857635498047,0.8870652684037422,0.4072410974773032,7.591399192810059,3.345663218489472,12.535503387451172,3.6186256408691406,56.12656784057617,0.7211650609970093,1.6355335712432861,0.8351861238479614,0.04816312715411186,13.172853469848633,0.6475314939867002,0.005953203952063553,0.38825252652168274,0.46177971363067627,0.533599294679325,3.3130728972398082,10.89862060546875,56.42658615112305
190786.jpg,8.656182128936052,0.6410433650016785,0.4911332261706929,0.8816812608196287,6.768929958343506,39.027366638183594,0.8986517097298089,0.38888931401356386,7.610637664794922,3.531150769743583,12.65289306640625,3.6212947368621826,55.00244140625,0.7414538860321045,1.619084119796753,0.876535177230835,0.049467381089925766,13.056811332702637,0.6526841715016573,0.006337616400378946,0.37861567735671997,0.47763246297836304,0.537878338790852,3.533128204505973,11.50067138671875,53.249839782714844
190788.jpg,6.75473527610302,0.658268928527832,0.4673112417350767,0.8773214765883967,7.005772113800049,39.36697006225586,0.8973754337949988,0.4313259021414384,7.610805034637451,3.4152538270054222,12.470067977905273,3.6466050148010254,57.409088134765625,0.7215659618377686,1.6107388734817505,0.8261415958404541,0.04532863199710846,13.436273574829102,0.6447678487914948,0.00710800829850808,0.39661502838134766,0.4661446213722229,0.5288687326777134,3.4096360378691335,11.25701904296875,56.60749816894531
190789.jpg,8.402079831808805,0.6381397247314453,0.49440608661455904,0.885547350419308,6.878242015838623,40.18319320678711,0.907058303916395,0.41249426255991867,7.626031398773193,3.5855097284041104,13.669307708740234,3.74897837638855,58.680233001708984,0.7626805901527405,1.6001113653182983,0.8768222332000732,0.04299796372652054,13.665521621704102,0.6715375188987687,0.00594621626709526,0.392236590385437,0.487989604473114,0.5476134242401093,3.504713691674936,12.26678466796875,55.29293441772461
190791.jpg,7.868482835590839,0.6355549097061157,0.47674565309417166,0.8896354304562021,7.024212837219238,44.96323013305664,0.9075752201388344,0.4411925136470905,7.621379852294922,3.4911199900244476,14.464033126831055,4.215191841125488,58.598304748535156,0.7819898128509521,1.6143133640289307,0.8644763231277466,0.036187589168548584,14.414403915405273,0.6901740302407106,0.004528185732258424,0.40658897161483765,0.48348432779312134,0.5601944651487378,3.40198856807929,13.59979248046875,57.012054443359375
190792.jpg,7.8886859230697155,0.664416491985321,0.478916868306701,0.8819789635572232,7.020238876342773,42.10087966918945,0.9038461049030556,0.4529303031197411,7.608280658721924,3.5029311637658367,13.214494705200195,3.9035775661468506,58.179725646972656,0.7475286722183228,1.604032039642334,0.8612879514694214,0.03943248093128204,14.041460037231445,0.6674870833470208,0.005902858029273885,0.4091654419898987,0.4823777973651886,0.5552942205887887,3.4537575885648306,15.28582763671875,57.26971435546875
190795.jpg,7.768313504755497,0.6787884831428528,0.4602791381520185,0.8790988522772568,6.8978776931762695,45.48075485229492,0.8890469747326787,0.4134144382690929,7.606938362121582,3.3381405615253854,14.551552772521973,4.238779544830322,56.75486755371094,0.7311791181564331,1.6103614568710327,0.826178789138794,0.04764087498188019,13.220203399658203,0.6480284079006875,0.007601750851766248,0.38997966051101685,0.4837934374809265,0.5221106273990196,3.2537290774525878,13.73260498046875,55.1793098449707
190799.jpg,7.346236150711775,0.6764599680900574,0.44394452078927515,0.8691465575646051,6.909963130950928,38.94088363647461,0.9039035891123028,0.44145377291304533,7.590584754943848,3.218727829178315,12.49029541015625,3.586155652999878,56.72372817993164,0.6707308292388916,1.5922040939331055,0.8374800682067871,0.048376429826021194,13.153661727905273,0.6357012826027706,0.0074730316989978845,0.3961198925971985,0.46262919902801514,0.5255255284492184,3.5599501814212395,12.02752685546875,54.306949615478516
190800.jpg,8.00854790955782,0.6585116982460022,0.4854564052585649,0.8791490791997811,6.918643474578857,39.613677978515625,0.892239971293149,0.39705913388643677,7.614946365356445,3.527721243786237,12.94625473022461,3.6723499298095703,57.307899475097656,0.7295629382133484,1.6376163959503174,0.8584517240524292,0.05089322850108147,12.933401107788086,0.6591389110117798,0.005809070338214306,0.37969908118247986,0.4670611023902893,0.5444433706359401,3.4907777488379623,14.21942138671875,55.01551818847656
190811.jpg,8.212834250181913,0.6375229954719543,0.47978612569774826,0.8817711282604712,6.9150390625,37.596431732177734,0.9174384393643845,0.43927969901108926,7.566044807434082,3.4739204200913303,12.598093032836914,3.4676215648651123,56.09552001953125,0.746077835559845,1.6406277418136597,0.8400266170501709,0.036514297127723694,14.375370979309082,0.6293039151211967,0.00827630401767757,0.4070318043231964,0.49501287937164307,0.5316347031622954,3.72400094869358,7.60076904296875,49.23419952392578
190814.jpg,7.673827849328518,0.6416844725608826,0.4692291009728708,0.8808328492679063,6.966467380523682,39.76447677612305,0.9114850427624415,0.4443883939334423,7.58487606048584,3.4139656042083786,12.84507942199707,3.6673812866210938,58.49723434448242,0.7431991696357727,1.6087117195129395,0.8330124020576477,0.03932584077119827,14.053220748901367,0.6356387341682843,0.008224086590716497,0.40578925609588623,0.48787835240364075,0.5268264322595111,3.469667925209675,14.96453857421875,52.936790466308594
190816.jpg,7.509727217257023,0.6480688452720642,0.478805683749422,0.8808267862135389,7.06240701675415,44.27023696899414,0.91220563141809,0.44279304825434107,7.670332908630371,3.5270687018295206,13.97644329071045,4.112734317779541,60.11508560180664,0.7480192184448242,1.6177701950073242,0.8610796332359314,0.04367577284574509,13.597594261169434,0.662662047347978,0.006441429447594955,0.40387922525405884,0.47308510541915894,0.5403221897312463,3.162465536787603,15.39178466796875,56.0076789855957
190818.jpg,7.855798650532961,0.6527217030525208,0.4747851338373427,0.8807378388703238,6.826498985290527,40.146766662597656,0.9093908847636549,0.4119435527090081,7.60532808303833,3.4260175161482564,13.316041946411133,3.742389440536499,55.45602798461914,0.7423697113990784,1.6330949068069458,0.8641541004180908,0.04427861049771309,13.538060188293457,0.6506494649035351,0.0067257755703200766,0.39048057794570923,0.47242236137390137,0.5295646521322109,3.413545906391175,11.14031982421875,50.742958068847656
190819.jpg,7.767523318529129,0.6610162854194641,0.474374820470839,0.8828243066311897,6.941806316375732,45.2822265625,0.897063919655027,0.41462240937951034,7.6656694412231445,3.464718007121384,14.678771018981934,4.232545375823975,58.11843490600586,0.7532656192779541,1.6208853721618652,0.8790085315704346,0.046501778066158295,13.325304985046387,0.6876838353356057,0.0055094894038820825,0.3904882073402405,0.4694541096687317,0.5472560590440992,3.454466342144228,10.36151123046875,58.06192398071289
190820.jpg,6.638938378542662,0.6581427454948425,0.4779197581666206,0.8786749531941238,6.964576721191406,39.33285140991211,0.9028821004101227,0.4314805008737054,7.609524726867676,3.4826341154452205,12.644634246826172,3.6240334510803223,58.50740432739258,0.7276403307914734,1.5899944305419922,0.8466587066650391,0.04403524473309517,13.561996459960938,0.643808182857257,0.0074118584133307155,0.3999301493167877,0.48542100191116333,0.535693073600444,3.541022164322073,18.75750732421875,48.429954528808594
190821.jpg,8.241948138922453,0.6599991917610168,0.4685288444575767,0.8792863446993262,7.048122406005859,39.04146957397461,0.8940832761511417,0.41855076753029596,7.616767883300781,3.4354706772599375,12.381258964538574,3.604639768600464,57.779476165771484,0.7308441400527954,1.6242111921310425,0.8330485820770264,0.047033313661813736,13.275945663452148,0.6457117173897878,0.00661140825818207,0.3950282037258148,0.4622594714164734,0.5325955819625559,3.5110203657895527,13.54071044921875,55.816192626953125
190827.jpg,7.468653507530689,0.5690200328826904,0.5273318051148138,0.8888191687994076,6.673552989959717,36.46848678588867,0.9403205174945276,0.446788871549668,7.4984660148620605,3.7366878828459438,13.653655052185059,3.3978729248046875,55.15462112426758,0.7785045504570007,1.6189736127853394,0.9554025530815125,0.02979336306452751,15.258806228637695,0.6798765834906428,0.004347780415496421,0.40532881021499634,0.5044764280319214,0.5906578498956131,3.802657763020493,16.69256591796875,49.80198287963867
200007.jpg,7.275260627269745,0.5261563658714294,0.6312133484306953,0.8778861632185162,5.3182597160339355,25.243900299072266,0.9452772054510515,0.40109668842688573,7.425502777099609,4.0220281043371475,9.431371688842773,2.28478741645813,48.47166061401367,0.6341405510902405,1.4367094039916992,0.9157068133354187,0.0433991439640522,13.625187873840332,0.5793404379288409,0.012592893911066593,0.39820000529289246,0.5132626891136169,0.5618982222121724,4.318485643911862,30.27801513671875,50.18689727783203
200010.jpg,6.871378384530544,0.5198097825050354,0.6439305265461636,0.8766447846943745,5.259933948516846,24.017358779907227,0.947208783897684,0.3992058235275612,7.418130874633789,4.081908399854772,8.921369552612305,2.1702990531921387,48.4930419921875,0.6195029020309448,1.41799795627594,0.899368166923523,0.04289033263921738,13.676405906677246,0.5666851673262225,0.013118418502075858,0.39737221598625183,0.5019288063049316,0.5539498746877598,4.31358019948127,28.40350341796875,50.854339599609375
200021.jpg,8.477770078927279,0.5200244784355164,0.6188284940973496,0.8772524517509231,5.384783744812012,25.09124183654785,0.9413352940650974,0.39235857388008316,7.413265705108643,3.959910425504516,9.326922416687012,2.2782371044158936,48.30241394042969,0.6299625635147095,1.4184930324554443,0.8875735998153687,0.04151199012994766,13.818264961242676,0.572533337039907,0.01235656516341749,0.3977358341217041,0.510486364364624,0.5428804942574512,4.094188214475512,28.24774169921875,49.08412170410156
200025.jpg,8.029957968741655,0.5138772130012512,0.618874846763731,0.8755351233460168,5.4161057472229,24.518003463745117,0.9427341995225409,0.3954023779069301,7.385606288909912,3.9613401510366106,9.086724281311035,2.2231438159942627,46.606529235839844,0.6047361493110657,1.4012641906738281,0.9004243016242981,0.039267443120479584,14.059673309326172,0.5758830083140836,0.011588717464241532,0.39798223972320557,0.5027376413345337,0.5495309488409433,4.250107199549532,26.63690185546875,50.51111602783203
200032.jpg,8.049604743719101,0.4912493824958801,0.622715258526185,0.8731722242256486,5.304341793060303,27.254072189331055,0.9519362749028482,0.4294726289307641,7.362396717071533,3.9438970150959562,9.95791244506836,2.465873956680298,47.97948455810547,0.5922189950942993,1.4242517948150635,0.9599943161010742,0.038445502519607544,14.151545524597168,0.6085991380411084,0.011819923098634335,0.41053181886672974,0.5033979415893555,0.5968810178155792,4.323842872964884,27.91033935546875,51.017295837402344
200034.jpg,7.756630033254623,0.5156789422035217,0.6193776674150764,0.8749375955738941,5.275036334991455,26.994543075561523,0.9423504772957619,0.402286477025121,7.419634819030762,3.9314099098530644,10.110677719116211,2.453460216522217,48.995025634765625,0.6160768270492554,1.419980764389038,0.8894942998886108,0.04218825325369835,13.74808406829834,0.5880354130093405,0.012640527038075137,0.39831262826919556,0.5078858733177185,0.5486846150625719,4.154239390401974,26.56610107421875,50.025360107421875
200036.jpg,8.340794432908297,0.5197017788887024,0.6315656867541962,0.8761734632285452,5.319262981414795,26.145050048828125,0.94637738223056,0.40244085280982245,7.397790908813477,4.015839098735777,9.664278030395508,2.370065450668335,47.7260856628418,0.6234719753265381,1.4324796199798584,0.9394702911376953,0.04318028688430786,13.64714527130127,0.5929193068150527,0.012089010733928669,0.40471115708351135,0.5136791467666626,0.5810461736134438,4.156935080500258,28.11492919921875,50.50975799560547
200038.jpg,8.534446984529495,0.5254411101341248,0.6328569648460137,0.875734071057439,5.351354598999023,24.82581901550293,0.9437027285059515,0.3947248215339767,7.433248996734619,4.0454244092095095,9.310630798339844,2.247434377670288,48.362144470214844,0.622157871723175,1.4436237812042236,0.9200755953788757,0.043724022805690765,13.592798233032227,0.5790870119612905,0.012132292190536754,0.39609822630882263,0.5085959434509277,0.5630485783057243,4.351629210374763,27.56024169921875,48.7551155090332
200040.jpg,8.492547184228897,0.5242632031440735,0.6322281264470453,0.877732863390596,5.266017913818359,26.134607315063477,0.9455202919189527,0.39976362743845667,7.427651882171631,4.012659396746235,9.674325942993164,2.3694186210632324,48.6456298828125,0.6309046745300293,1.4261174201965332,0.9198046922683716,0.04423147067427635,13.542685508728027,0.5900625071272958,0.011700936877987563,0.3994014263153076,0.516372561454773,0.5692718903964439,4.301208022156831,30.10321044921875,48.023006439208984
200041.jpg,8.077188394963741,0.5222078561782837,0.6440994483723707,0.8766436648617021,5.266960144042969,26.960248947143555,0.9536017709353921,0.4188649929892563,7.414087772369385,4.083939774340832,9.668387413024902,2.4326963424682617,47.829071044921875,0.6057608723640442,1.43748939037323,0.963373064994812,0.04388606920838356,13.57673454284668,0.6029512832680868,0.012141664155100713,0.4062371850013733,0.5111814737319946,0.6028425634785975,4.332277024248598,31.00994873046875,48.950775146484375
200042.jpg,8.46160402521491,0.523321270942688,0.6413638467907877,0.8772485990598518,5.2755045890808105,23.675039291381836,0.9455258596798907,0.39352504798738297,7.419469833374023,4.071060713653907,8.871511459350586,2.135066270828247,47.80217742919922,0.6159968376159668,1.3935459852218628,0.9052383899688721,0.04253578931093216,13.712454795837402,0.5677717808333768,0.011795026967446108,0.39524489641189575,0.5060745477676392,0.5518312353004338,4.358560258748248,29.50115966796875,49.783660888671875
200044.jpg,8.387129984796047,0.5249390602111816,0.6408255954563413,0.876035822090689,5.274780750274658,26.742389678955078,0.9496217915869863,0.4083285330986999,7.466589450836182,4.082509923751088,9.797372817993164,2.4109604358673096,49.32186508178711,0.613242506980896,1.4310184717178345,0.9277951717376709,0.045968860387802124,13.37536334991455,0.5914507884413633,0.01352635544061207,0.4032639265060425,0.5048103332519531,0.5825497529614095,4.22685211238499,28.59002685546875,48.87055206298828
200047.jpg,8.39119765534997,0.5107510089874268,0.6210786816968575,0.8741349339925335,5.331697940826416,26.05763053894043,0.9451405947146357,0.39690725451867087,7.369048118591309,3.94409241455808,9.806288719177246,2.368117094039917,45.828880310058594,0.6189083456993103,1.4801020622253418,0.9144541621208191,0.03919089213013649,14.06814956665039,0.5912208812825918,0.011092695019319618,0.3965361714363098,0.5078916549682617,0.5606506409645301,4.201477159143757,28.75262451171875,47.930442810058594
200049.jpg,8.325948014855385,0.5238451361656189,0.6369252034342617,0.8766356510252103,5.252976417541504,24.432941436767578,0.9425504494233234,0.3866131022571634,7.410741329193115,4.0329322563981265,9.168524742126465,2.213031053543091,48.321937561035156,0.6333900094032288,1.4265536069869995,0.9184308052062988,0.04315682128071785,13.649505615234375,0.5795379729190601,0.011065729163206552,0.3922739028930664,0.507256031036377,0.5604810084963928,4.2924565864704665,28.11444091796875,47.73298645019531
200050.jpg,8.637505203485489,0.5173708200454712,0.6418173239523404,0.8755020336147079,5.277204990386963,24.133554458618164,0.9473907813600256,0.4082707042360083,7.439255714416504,4.0808340955501965,8.75093936920166,2.1727101802825928,49.44176483154297,0.6074601411819458,1.3796348571777344,0.9397517442703247,0.04435279592871666,13.530790328979492,0.5785967868995769,0.011996921652066853,0.404086172580719,0.509721577167511,0.5796692656210714,4.451747959763808,32.02166748046875,48.273868560791016
200051.jpg,8.48504925146699,0.517872154712677,0.5676500819334633,0.8756661746283637,5.507104873657227,29.41275978088379,0.9218961927413742,0.4015797692695274,7.396576881408691,3.662398275808462,10.146373748779297,2.6986401081085205,47.29445266723633,0.6222941279411316,1.4017057418823242,0.9057124853134155,0.039465855807065964,14.037784576416016,0.6066923690974063,0.011184101352283145,0.39418846368789673,0.5065977573394775,0.5571177106492036,4.224381071521416,18.43621826171875,51.19621276855469
200055.jpg,8.477886117994785,0.5207484364509583,0.6304502283322488,0.8763577478498417,5.333982944488525,24.830236434936523,0.9428704731530669,0.39043581660418103,7.434868812561035,4.025074540705811,9.266777038574219,2.246817111968994,48.45225143432617,0.629865288734436,1.4315330982208252,0.8966730833053589,0.042215701192617416,13.745260238647461,0.572364706913188,0.01260617704688958,0.39459943771362305,0.5069410800933838,0.550173544858684,4.308534914638441,28.79608154296875,49.53307342529297
200060.jpg,8.38395581021905,0.522700309753418,0.6517852200171175,0.8764684217070207,5.2021379470825195,23.66118812561035,0.9460768451127006,0.38940817250019555,7.4182515144348145,4.112903593076361,8.983978271484375,2.135672092437744,48.56103515625,0.6224831342697144,1.4112266302108765,0.9148303270339966,0.044000204652547836,13.56545352935791,0.5725894563547278,0.01186967622575298,0.3923409581184387,0.5040886402130127,0.5591017058405573,4.242865119223166,27.84637451171875,45.59914016723633
200065.jpg,8.609624192118645,0.5172281265258789,0.6465886510025897,0.8768227870982581,5.23797607421875,26.01155662536621,0.9509482494887792,0.4163930222046949,7.445094108581543,4.100376427189708,9.385885238647461,2.3439242839813232,48.70341491699219,0.6018333435058594,1.3795546293258667,0.9368729591369629,0.04367277771234512,13.597892761230469,0.592110416354246,0.013312338986168428,0.40794920921325684,0.5065445303916931,0.5864957615007186,4.361423857272838,28.91033935546875,47.74872589111328
200066.jpg,8.577875901013613,0.5245398879051208,0.6261984912082766,0.875396024283748,5.346246719360352,25.246305465698242,0.9439521720792414,0.39147694404601197,7.442802429199219,4.004253003333515,9.395425796508789,2.2867753505706787,48.58624267578125,0.6193270683288574,1.4560792446136475,0.8960504531860352,0.04388469085097313,13.57686996459961,0.577062244013013,0.012103377581841776,0.3934042751789093,0.5015600919723511,0.5493262263399671,4.216659615693882,26.63885498046875,47.704803466796875
200069.jpg,8.57262097299099,0.5207445025444031,0.6251514927180764,0.8778304191667817,5.376578330993652,23.78940200805664,0.9396119280019708,0.3814816430254971,7.393335342407227,3.9915766266573467,8.83590030670166,2.153097152709961,47.43622970581055,0.6333966255187988,1.4121736288070679,0.9145691394805908,0.04205966368317604,13.761343002319336,0.5734877169677446,0.011508951927860816,0.39056292176246643,0.5107896327972412,0.555295594114516,4.355614692690837,26.22528076171875,48.82049560546875
200070.jpg,8.605825308710337,0.5083084106445312,0.6339057074364419,0.8746722766502376,5.23599100112915,28.903905868530273,0.9515195968302719,0.4277451623616167,7.412625789642334,4.009027029315636,10.351338386535645,2.6180248260498047,48.297996520996094,0.6062441468238831,1.444012999534607,0.9692009687423706,0.0419241264462471,13.775360107421875,0.6226683946185916,0.011942374285265855,0.40917420387268066,0.5085822343826294,0.6077730504038552,4.072739490073434,28.53045654296875,48.482521057128906
200072.jpg,8.617126438766718,0.525485634803772,0.6320194209841636,0.8751159295950883,5.334725379943848,24.625591278076172,0.9487724760401793,0.4033945980402249,7.4333882331848145,4.034859605699481,9.165355682373047,2.2212295532226562,48.077362060546875,0.608237624168396,1.4326084852218628,0.9243021011352539,0.04340255632996559,13.624847412109375,0.5776954335650806,0.011662892161867208,0.4011114835739136,0.5030485987663269,0.569107570536287,4.420320170427768,28.67303466796875,48.109703063964844
200073.jpg,8.599192693829536,0.5222728848457336,0.624671379949723,0.8769896572466092,5.287168979644775,24.774120330810547,0.942275231920543,0.39389431069704445,7.41053581237793,3.9659576400047083,9.315489768981934,2.2443490028381348,47.77060317993164,0.6232941150665283,1.4214158058166504,0.8999351263046265,0.042229607701301575,13.743829727172852,0.5727451834618096,0.01184001167996036,0.3945213556289673,0.5085620284080505,0.5499368037906311,4.24471719968672,26.90252685546875,49.71165466308594
200076.jpg,8.592596508562565,0.49993276596069336,0.6111102373367324,0.8743046856594721,5.299672603607178,28.183313369750977,0.9457429529002707,0.4159784753633061,7.346672058105469,3.864166702280812,10.318092346191406,2.5573039054870605,47.176055908203125,0.6053578853607178,1.4167958498001099,0.92052161693573,0.03881105035543442,14.11044692993164,0.6033300383303275,0.011928925384133439,0.40421462059020996,0.5064713954925537,0.5723327375140748,4.131338098509001,27.01971435546875,52.87706756591797
200077.jpg,8.607992000877857,0.5247969031333923,0.6556630016212753,0.8763356444024588,5.212159633636475,22.89693260192871,0.9477853010413834,0.39301671148238454,7.4158477783203125,4.139870392169929,8.761613845825195,2.0639569759368896,48.45417785644531,0.6211698055267334,1.4194447994232178,0.9262032508850098,0.044572778046131134,13.509303092956543,0.5676359598712224,0.011435983703240412,0.39723923802375793,0.5097339749336243,0.5645098131459121,4.448812397479619,29.81414794921875,48.16521453857422
200081.jpg,8.677448991686106,0.5207085013389587,0.6624894804979568,0.8763996856813764,5.200619220733643,23.397275924682617,0.9504156040680011,0.3971245067738802,7.4433770179748535,4.188269957531,8.930220603942871,2.104558229446411,49.220420837402344,0.6130949258804321,1.3876752853393555,0.9531296491622925,0.04491783306002617,13.475811004638672,0.5798168130303999,0.011506875673042632,0.39735448360443115,0.5046119689941406,0.5849207650927648,4.543553282417728,29.85223388671875,48.399330139160156
200085.jpg,8.6758146956563,0.5245187878608704,0.6201418017969601,0.8754946786505519,5.383797645568848,25.436859130859375,0.9407199394087513,0.3924195273605734,7.455356597900391,3.981059544799443,9.456925392150879,2.307319402694702,48.87105178833008,0.6206117272377014,1.4437694549560547,0.9047746658325195,0.04373547062277794,13.591662406921387,0.5784680347281274,0.01197692167506519,0.3936084806919098,0.5072020292282104,0.5545908712271069,4.266366688720825,27.47625732421875,48.81550979614258
200087.jpg,8.656014259904623,0.5121758580207825,0.6255956857965369,0.8741168221271066,5.314267158508301,25.936389923095703,0.9474022216135968,0.4003184644490534,7.364315986633301,3.9658448951280434,9.732556343078613,2.3532044887542725,45.88990020751953,0.613677442073822,1.475398063659668,0.928656816482544,0.039715345948934555,14.010416030883789,0.5939738707943485,0.011042879417296208,0.3991386294364929,0.5085370540618896,0.5708119800515807,4.232077331075704,29.38055419921875,48.83989715576172
200088.jpg,8.637238066643476,0.5201576948165894,0.6085354419380546,0.8760991883715289,5.361464023590088,26.07529067993164,0.9397098528292478,0.40042279798828606,7.418731689453125,3.888612632713677,9.54822826385498,2.3723294734954834,48.291290283203125,0.6127431988716125,1.4002798795700073,0.8997385501861572,0.04227244853973389,13.739425659179688,0.5811134530735079,0.01192601965140146,0.3975300192832947,0.5068569779396057,0.5539473895264274,4.163510197845638,27.92205810546875,47.89978790283203
200092.jpg,8.718476962298155,0.5238714814186096,0.6136937861955299,0.8759572521585159,5.357958793640137,26.98213005065918,0.9422529393586534,0.4078063630236944,7.412028789520264,3.918442035879652,9.92390251159668,2.4503324031829834,47.82342529296875,0.6105132102966309,1.4372118711471558,0.9253252744674683,0.042944371700286865,13.670936584472656,0.5931531320245762,0.012008931426186401,0.4011166989803314,0.5085582137107849,0.5748158047169244,4.230156196739438,27.79168701171875,51.04583740234375
200094.jpg,8.702061235904694,0.5225775837898254,0.6213361930605825,0.8756279816806843,5.365269660949707,25.137046813964844,0.942797943068324,0.39439594580309323,7.431990623474121,3.9757118872651738,9.320749282836914,2.279472827911377,48.28879928588867,0.6271006464958191,1.4324113130569458,0.9032407402992249,0.04232465848326683,13.734065055847168,0.5783020931645952,0.0112747878007053,0.39511194825172424,0.5073573589324951,0.5516738755731315,4.2541907656492155,27.98065185546875,49.94878387451172
200098.jpg,8.700515650212765,0.5138338208198547,0.6464616173711225,0.8759848896860006,5.165700435638428,24.504507064819336,0.9516838701415113,0.4119439411679393,7.398056983947754,4.061005416602789,9.273038864135742,2.2085747718811035,47.30080032348633,0.5958951115608215,1.4075469970703125,0.9314694404602051,0.04153203219175339,13.816169738769531,0.58261589325862,0.011984037961951365,0.40262168645858765,0.5024480819702148,0.5785642489778454,4.373833380154116,29.15155029296875,50.68307876586914
200105.jpg,8.685643438249826,0.520118236541748,0.6578860921370907,0.8771071450534452,5.191105365753174,24.5454158782959,0.9520224355645124,0.40682890783835063,7.41119909286499,4.145452477209298,9.263718605041504,2.2108566761016846,48.30691909790039,0.6124411821365356,1.409519910812378,0.9436142444610596,0.04426996782422066,13.538908958435059,0.584801701106045,0.012224218924317043,0.4045732021331787,0.5099889636039734,0.5853028935040276,4.183686507985393,31.39324951171875,49.83236312866211
200106.jpg,8.713508490473032,0.5253364443778992,0.6194857772847617,0.8758297035242606,5.37368631362915,25.257104873657227,0.9428608542878119,0.3958382518794507,7.429633617401123,3.9657489129594694,9.337757110595703,2.2879445552825928,47.81123352050781,0.6289592981338501,1.447229266166687,0.9019207954406738,0.04205353930592537,13.761974334716797,0.5778265438676294,0.011525460355685701,0.39525270462036133,0.5069068670272827,0.5515395954425003,4.2848258042320575,28.08612060546875,48.09846115112305
200107.jpg,8.6991544701159,0.5215310454368591,0.6234776114016067,0.8757767218804973,5.3419671058654785,24.64586639404297,0.9412689812888119,0.38848190783327885,7.4173736572265625,3.9775932135292003,9.189874649047852,2.234369993209839,48.33287811279297,0.6283029913902283,1.4273560047149658,0.9018478393554688,0.04146750271320343,13.822921752929688,0.5770435677643397,0.011432277766883004,0.39200669527053833,0.5096938014030457,0.5480180242587809,4.275348999576714,27.75311279296875,47.86503601074219
200111.jpg,8.6975731626153,0.5203436017036438,0.5764328305511246,0.8756362161720467,5.478744983673096,29.290252685546875,0.9234376643437138,0.4066308650788843,7.435907363891602,3.722225503186941,9.937782287597656,2.678903579711914,49.41790008544922,0.605592668056488,1.3594013452529907,0.9120509624481201,0.0420721210539341,13.760056495666504,0.6044024986016819,0.012094363627127375,0.39693325757980347,0.5099654197692871,0.5625910580937313,3.9949971177084254,18.11639404296875,48.89915466308594
200112.jpg,8.697541367262602,0.5214905142784119,0.6187133538312537,0.8783669260160333,5.320540428161621,25.359088897705078,0.9392949841443079,0.3871667293719776,7.43072509765625,3.9447005664768344,9.155256271362305,2.304515838623047,48.163082122802734,0.636500895023346,1.403947353363037,0.8903604745864868,0.04217987135052681,13.74894905090332,0.5748283206282292,0.011888092662849388,0.391190767288208,0.5082864165306091,0.5440150479240444,4.239500197058174,25.98992919921875,50.017547607421875
200116.jpg,8.710138998925686,0.5168218016624451,0.6490449973481678,0.8767572804881981,5.272724628448486,24.81668472290039,0.9505399736219972,0.42407554378104895,7.4054388999938965,4.114361539080326,9.325911521911621,2.2329165935516357,48.08002853393555,0.6134049296379089,1.3926708698272705,0.9684691429138184,0.04187149181962013,13.780815124511719,0.5992602881785316,0.011575630462524272,0.40925613045692444,0.5043333172798157,0.6041078711965222,4.633744597455607,29.79217529296875,47.162193298339844
200118.jpg,8.682204730808735,0.5107623338699341,0.6345891064188863,0.8768820521260128,5.259525299072266,23.229032516479492,0.9447564450379059,0.38283583550982386,7.348962783813477,4.000616069827878,8.816614151000977,2.101964235305786,45.89826583862305,0.617514431476593,1.3938733339309692,0.9113224744796753,0.03999744728207588,13.979677200317383,0.5702296638691141,0.01241089739139441,0.3915383815765381,0.5050958395004272,0.5533272582043961,4.491007355133137,29.48114013671875,47.626129150390625
200121.jpg,8.727912303060293,0.523759663105011,0.6367818629595705,0.8756209856525209,5.290012836456299,25.474287033081055,0.9460864948882094,0.40030727142518807,7.452043533325195,4.056967070346655,9.465408325195312,2.3007800579071045,49.14229965209961,0.6154590845108032,1.4218411445617676,0.9198827147483826,0.044792208820581436,13.487977027893066,0.5829260855766321,0.012415767822923682,0.3993256986141205,0.5073225498199463,0.5666182766041512,4.340244655353305,28.47723388671875,48.485694885253906
200122.jpg,8.7105151116848,0.5162357687950134,0.6338180331110598,0.8759599303729609,5.212335586547852,26.867605209350586,0.9482670851117062,0.4125790228793704,7.423794746398926,4.0045153858157985,9.611434936523438,2.4233367443084717,47.91108322143555,0.5958086252212524,1.3843284845352173,0.9322970509529114,0.04252893477678299,13.713155746459961,0.598198933346641,0.01287786120424338,0.40456706285476685,0.5028020143508911,0.5834229637729003,4.3157368402442415,27.61834716796875,48.627357482910156
200126.jpg,8.71766995638609,0.5188801288604736,0.6412762283347301,0.8772073780159817,5.276782035827637,24.11543846130371,0.9431204650536353,0.3919941409771551,7.43032169342041,4.074393362473911,9.021093368530273,2.1826586723327637,48.79058074951172,0.6342166662216187,1.4048963785171509,0.9218813180923462,0.04334425926208496,13.630684852600098,0.5768041461021144,0.011124470424975443,0.39483919739723206,0.5076967477798462,0.562616768655276,4.318426395385621,28.06121826171875,48.05460739135742
200127.jpg,8.727165557444096,0.5257574319839478,0.6348454314964559,0.8768254497759993,5.2602620124816895,24.83513641357422,0.943974438135391,0.3976157230967768,7.448901653289795,4.0341889681936784,9.331263542175293,2.2461941242218018,49.132266998291016,0.612641453742981,1.3983007669448853,0.9150084257125854,0.044405579566955566,13.52562427520752,0.5771802563205461,0.012574792799752644,0.39849036931991577,0.509499728679657,0.5624870363129687,4.430203511356746,28.64764404296875,49.885597229003906
200130.jpg,8.733470756560564,0.5201089978218079,0.6329545630150322,0.8779294023246051,5.290811061859131,24.630964279174805,0.943445626488521,0.39459219356118114,7.422137260437012,4.023370781405573,9.283166885375977,2.2295212745666504,48.36597442626953,0.6320433020591736,1.4080615043640137,0.8892655372619629,0.042019106447696686,13.765531539916992,0.5705874585792876,0.011848829562764411,0.3953039050102234,0.503925085067749,0.5455345747320964,4.326679522668369,26.25262451171875,49.928733825683594
200134.jpg,8.713826477527618,0.5212814211845398,0.6401453819160181,0.8781806462289539,5.27482795715332,24.27228355407715,0.9474957951066728,0.3937986583913654,7.404303550720215,4.058255474770704,9.029339790344238,2.186467409133911,48.06250762939453,0.6315448880195618,1.3925200700759888,0.9197008609771729,0.0423111692070961,13.735450744628906,0.5749444033967067,0.012577525278817295,0.39900678396224976,0.510382890701294,0.5643590176491485,4.578670386271963,30.53338623046875,47.511192321777344
200136.jpg,8.715686179697514,0.5173706412315369,0.6137942283818776,0.87526586736495,5.397715091705322,25.40216064453125,0.9425099133667928,0.3945710161123612,7.396945953369141,3.9266555504663962,9.329133033752441,2.3012492656707764,47.282569885253906,0.6246322989463806,1.4354161024093628,0.8986106514930725,0.040319010615348816,13.944902420043945,0.5813730401791734,0.011829260000938684,0.3972831964492798,0.5084631443023682,0.5499415679751417,4.263926103460103,27.10076904296875,49.13031005859375
200137.jpg,8.728812508285046,0.5233234763145447,0.6187024946377192,0.8753247973077609,5.362804889678955,26.569931030273438,0.9420307864110676,0.40427748129260754,7.456310272216797,3.9656207528036003,9.787909507751465,2.408867359161377,49.531917572021484,0.6179788708686829,1.4228357076644897,0.9057750701904297,0.044305287301540375,13.535444259643555,0.5844316471050685,0.012540139495405146,0.40011805295944214,0.5094280242919922,0.5592909173242219,4.148924511145823,26.89422607421875,46.53907775878906
200142.jpg,8.744279947131872,0.5160992741584778,0.6087611771657978,0.8770682470211146,5.393924713134766,25.502988815307617,0.9400275316042626,0.39519520970483185,7.389510631561279,3.8910406526278827,9.457944869995117,2.316472291946411,47.207061767578125,0.631178617477417,1.4307211637496948,0.8852190375328064,0.03978807479143143,14.002470970153809,0.5738848920898802,0.012873266159905248,0.3963235020637512,0.5071659088134766,0.5418130557014275,4.123428858393676,26.02166748046875,50.53635025024414
200143.jpg,8.712430238723755,0.5197651386260986,0.6285917505570121,0.8771647911668865,5.368181228637695,26.077072143554688,0.9448757379177857,0.398014667243992,7.458108425140381,4.031261473609215,9.44814395904541,2.3593950271606445,49.31722640991211,0.6148994565010071,1.367867350578308,0.9300901293754578,0.043992895632982254,13.566174507141113,0.5895737984576422,0.01193609507784941,0.3988160490989685,0.5089924931526184,0.5730667118346674,4.209036701063801,27.38153076171875,49.78913116455078
200148.jpg,8.739001087844372,0.5225645303726196,0.669177281130943,0.8783106209591925,5.152623176574707,23.553380966186523,0.9529308512219128,0.40438625950039797,7.415952682495117,4.205315294582059,9.136933326721191,2.1162240505218506,48.44112777709961,0.6287522315979004,1.3998003005981445,0.9409537315368652,0.04356098175048828,13.609023094177246,0.5804061774136505,0.011599024523077983,0.4000202417373657,0.5106073617935181,0.5813099089707776,4.6179442685095875,32.41668701171875,49.712398529052734
200151.jpg,8.7299666069448,0.5268613696098328,0.6489486323389456,0.8754051798651441,5.239058971405029,26.93109703063965,0.9536536115271961,0.4145476743156298,7.445183753967285,4.115723094899792,9.450570106506348,2.4189565181732178,49.42765426635742,0.5956131815910339,1.4278860092163086,0.9889646768569946,0.04730215668678284,13.251191139221191,0.6103076690166055,0.012158127236585513,0.409412682056427,0.51102215051651,0.6198297418903577,4.3535758384311976,30.68621826171875,48.79315185546875
200153.jpg,8.736946601420641,0.5244972109794617,0.5432768641399524,0.8768106068186557,5.59743070602417,35.121578216552734,0.9111937814870764,0.40112926931201803,7.471436500549316,3.5500167740815094,11.990063667297363,3.254427433013916,50.6301155090332,0.6595922708511353,1.4555482864379883,0.9069228768348694,0.043429240584373474,13.622178077697754,0.6354071708616763,0.009811660614790031,0.3911498785018921,0.511902391910553,0.5669539213951795,3.858852076000014,26.18963623046875,48.348854064941406
200154.jpg,8.74696485325694,0.5266811847686768,0.6488485779770337,0.8747845114256382,5.258364677429199,26.769372940063477,0.9502753573181721,0.40987344067004444,7.478139877319336,4.132043163633238,9.498437881469727,2.414290189743042,50.49250411987305,0.5826694965362549,1.4147725105285645,0.9661843776702881,0.04828522726893425,13.161857604980469,0.6031013200755603,0.012413775871583599,0.4038519263267517,0.504036545753479,0.6016474711380104,4.275874695144044,31.25946044921875,46.82099151611328
200156.jpg,8.753496311604977,0.5226613283157349,0.6066155146671538,0.8767620058232071,5.464138507843018,25.413312911987305,0.9406811088826524,0.39840570742982884,7.440300941467285,3.9140279090030337,8.995987892150879,2.3030991554260254,48.2728157043457,0.6388898491859436,1.4430443048477173,0.9037846326828003,0.04131730645895004,13.8386812210083,0.5774860828546245,0.011363665655990245,0.39659494161605835,0.5132977366447449,0.551167946922522,4.153690024504391,30.77606201171875,45.991249084472656
200158.jpg,8.769003354012966,0.5207692384719849,0.6255956887425496,0.8767768336175932,5.341176509857178,27.169477462768555,0.9447939070881962,0.4043855718269407,7.427363395690918,3.9939833447763995,9.726871490478516,2.4597206115722656,48.58620071411133,0.6154868006706238,1.3981006145477295,0.9456329345703125,0.0438339002430439,13.581899642944336,0.6007924855821821,0.012532623429203199,0.400640606880188,0.5098007917404175,0.5884475414596253,4.193836887137266,27.90936279296875,49.54564666748047
200160.jpg,8.7658914886415,0.4956788122653961,0.611737294014601,0.8759125365608466,5.262334823608398,27.9830265045166,0.9467180213556392,0.4171041401969408,7.31306791305542,3.8464326944751583,10.126220703125,2.5376858711242676,46.24850082397461,0.6149303317070007,1.4065468311309814,0.9339231252670288,0.03734634444117546,14.277520179748535,0.6041851681030009,0.012775293095970398,0.4052067995071411,0.5115410089492798,0.5835494053474036,4.1750984527987995,27.57733154296875,52.32344055175781
200162.jpg,8.769095830619335,0.5164474248886108,0.639991041012266,0.876755365588858,5.267471790313721,24.406869888305664,0.9474576214145556,0.3903347848029275,7.374739646911621,4.045462870569306,9.171418190002441,2.2067883014678955,46.96598815917969,0.6356098055839539,1.4472639560699463,0.939453125,0.04167710617184639,13.801025390625,0.5851417576525356,0.011588881648468845,0.3963358402252197,0.5102108120918274,0.5750789923879787,4.337218683568477,30.88543701171875,50.67739486694336
200168.jpg,8.776869878172874,0.5240134596824646,0.6377993066589988,0.8757628940697745,5.288934230804443,24.565832138061523,0.9474753332879093,0.3982422605211456,7.428442001342773,4.055578623169138,9.188307762145996,2.216789960861206,47.96642303466797,0.621380627155304,1.4368188381195068,0.9264860153198242,0.04302259162068367,13.663034439086914,0.5801978428694177,0.01138057195537344,0.39652353525161743,0.5055679082870483,0.567206411592032,4.340300275336806,28.44354248046875,48.58769989013672
200169.jpg,8.771994952112436,0.5073556303977966,0.6312012918988928,0.8746442080751619,5.221020221710205,24.887529373168945,0.9486772355958846,0.4019759340997149,7.332019805908203,3.961758914119029,9.488289833068848,2.255289316177368,45.347293853759766,0.6216422915458679,1.4696699380874634,0.930955708026886,0.03804619610309601,14.196887969970703,0.5879916966996234,0.011267634661927702,0.39702385663986206,0.5060679316520691,0.5738000464448307,4.3835624977348155,30.84295654296875,49.16419219970703
200170.jpg,8.787579074501991,0.5276949405670166,0.5913832733994399,0.8750991669361246,5.4185590744018555,28.217187881469727,0.930408753877313,0.3899733783531978,7.4413838386535645,3.802588346912678,10.107950210571289,2.5711326599121094,48.46660232543945,0.6219561100006104,1.4561536312103271,0.867302417755127,0.043140944093465805,13.651103973388672,0.5844858269997136,0.012821655106371453,0.3923184275627136,0.5105942487716675,0.5358532089650606,3.960062819580426,23.36151123046875,48.96659469604492
200172.jpg,8.758143920451403,0.523992657661438,0.6287068729935846,0.8761909126585709,5.288265228271484,24.66876792907715,0.9441723891824355,0.3925285790725453,7.440128326416016,4.001225654116006,9.102862358093262,2.230018377304077,48.21797561645508,0.6275961399078369,1.4326176643371582,0.9097306728363037,0.042956192046403885,13.669742584228516,0.575427218048963,0.01167348887205772,0.3945394456386566,0.5070424675941467,0.5567431853963892,4.402993202062178,28.38494873046875,47.911338806152344
200173.jpg,8.764276795089245,0.4955504536628723,0.620552096969044,0.8745599062130699,5.272613048553467,25.359691619873047,0.9468589037098223,0.40886222262780986,7.317438125610352,3.9064029519290884,9.67702579498291,2.3048903942108154,44.95465087890625,0.6303815841674805,1.4837791919708252,0.9134281277656555,0.034838512539863586,14.579404830932617,0.5876891707653354,0.011451508841775718,0.39927512407302856,0.5085160732269287,0.5605559083458272,4.213059975733469,28.94842529296875,48.22822570800781
200174.jpg,8.774762108922005,0.5258796215057373,0.6362972403783216,0.8776739027987176,5.302100658416748,24.577058792114258,0.9446046537335218,0.3974811152058378,7.4452972412109375,4.055578734119745,9.063911437988281,2.22172212600708,49.21843338012695,0.6264264583587646,1.411710262298584,0.9173187017440796,0.04414999485015869,13.55069351196289,0.5764623592365163,0.012254149046244275,0.3967941999435425,0.5116263031959534,0.5619386784775989,4.306821601625466,30.09735107421875,48.08148193359375
200176.jpg,8.782956935465336,0.5252507328987122,0.6545220948921134,0.8750401462647475,5.205610752105713,24.71551513671875,0.9536461132262994,0.4057272460362679,7.424148082733154,4.133240098989235,9.012460708618164,2.223534107208252,48.47313690185547,0.5952206254005432,1.435798168182373,0.9774940013885498,0.04561733081936836,13.408700942993164,0.595885006980722,0.011506891477465187,0.40126344561576843,0.5042322874069214,0.6040179002483127,4.364774860963523,30.46649169921875,48.36256408691406
200177.jpg,8.715155377984047,0.5135273933410645,0.6418375695806287,0.8755704478321351,5.295560836791992,23.259363174438477,0.9479907130724222,0.4035542796411702,7.401197910308838,4.074640176921106,8.692380905151367,2.095820188522339,47.68783950805664,0.6132103204727173,1.4007997512817383,0.9274578094482422,0.0414116196334362,13.828778266906738,0.5718393637502389,0.01165630938479287,0.4004833698272705,0.5063321590423584,0.5676222840012267,4.4402266879135555,30.43133544921875,47.329410552978516
200179.jpg,8.762915797531605,0.5270795822143555,0.5757823684516199,0.8777020824130022,5.621650695800781,30.305347442626953,0.9163306062029304,0.4024401862098841,7.466288089752197,3.767912692875065,10.627564430236816,2.7844810485839844,50.164363861083984,0.6597516536712646,1.4240541458129883,0.940532922744751,0.04146931320428848,13.822731971740723,0.6198210583405355,0.010225073527989334,0.39723700284957886,0.5202191472053528,0.5780344516360858,4.06196101231387,27.29364013671875,49.48046112060547
200182.jpg,8.752002529799938,0.5220239758491516,0.6213237364813179,0.8768868512619796,5.347001075744629,25.763580322265625,0.9424261761317485,0.4017358325106978,7.438215255737305,3.971890832439586,9.463700294494629,2.3362648487091064,48.45885467529297,0.6217795610427856,1.4095648527145386,0.9169292449951172,0.042460810393095016,13.720117568969727,0.5826769686553152,0.01210941268932986,0.3998410701751709,0.5128998756408691,0.5631489207455271,4.257360431239774,28.23699951171875,48.44688415527344
200184.jpg,8.731171328574419,0.5127299427986145,0.6234770761372003,0.8764567081910908,5.272955417633057,24.710145950317383,0.9443537370596394,0.3970060902205271,7.3589959144592285,3.937877610298223,9.184460639953613,2.2308762073516846,46.67728042602539,0.614342212677002,1.392019271850586,0.8990992307662964,0.0398639552295208,13.994196891784668,0.5703994425892377,0.013860902420525565,0.39780551195144653,0.5052468776702881,0.5521966616726905,4.376777030598959,28.39471435546875,48.380859375
200186.jpg,8.747367821633816,0.518105149269104,0.6264880148163259,0.8760133749425751,5.320662498474121,25.384138107299805,0.9462349606767667,0.40907466846967505,7.43173885345459,3.994625030552104,9.188312530517578,2.287750005722046,49.127952575683594,0.6215357780456543,1.396526575088501,0.920890212059021,0.04326827824115753,13.638304710388184,0.5819271483293665,0.01225132588085518,0.4041502773761749,0.5081245303153992,0.5708021829605825,4.528631559315209,29.12078857421875,46.69878005981445
200189.jpg,8.774554915726185,0.5231694579124451,0.6272040326800227,0.8766182112700458,5.303545951843262,26.205190658569336,0.9440608648671909,0.40345160957296144,7.4479804039001465,3.9989156386801703,9.652853012084961,2.373258352279663,49.326663970947266,0.6152437925338745,1.403348445892334,0.9098684787750244,0.04393715783953667,13.571680068969727,0.5863544242582271,0.01218150004915214,0.39945095777511597,0.5111140012741089,0.5624463943300774,4.16883347788932,28.91229248046875,50.28206253051758
200190.jpg,8.714028410613537,0.5209227800369263,0.6479537172552129,0.8762946142343688,5.255661964416504,23.81203269958496,0.9460751604848401,0.39520714774912846,7.4460015296936035,4.115056908180675,8.906919479370117,2.1464641094207764,49.14658737182617,0.6162607669830322,1.3952189683914185,0.9367009401321411,0.04444662854075432,13.521613121032715,0.5772642557788292,0.011789603808166266,0.39702093601226807,0.5043596625328064,0.5731620088190155,4.439982461191474,29.50018310546875,48.187713623046875
200192.jpg,8.734469316899776,0.5048753619194031,0.6160928058263319,0.8770008055273824,5.282373428344727,25.20381736755371,0.9430019823547771,0.40195718587703255,7.332955360412598,3.8861181483064797,9.355488777160645,2.279083013534546,45.35586929321289,0.6367778778076172,1.438523530960083,0.9089248180389404,0.036721911281347275,14.350747108459473,0.5790074439194157,0.012126791981123737,0.3992655873298645,0.5122321844100952,0.5548760377257129,4.284295272918754,29.06024169921875,48.73530197143555
200194.jpg,8.73625909164548,0.5229568481445312,0.6455480956470627,0.8761058536198078,5.224509239196777,24.4283447265625,0.947349528258619,0.39346658645816834,7.434545516967773,4.0860260355569,9.222212791442871,2.2066144943237305,48.773136138916016,0.620696485042572,1.4243273735046387,0.9115367531776428,0.04402622580528259,13.562885284423828,0.5743665053612775,0.01237784242605075,0.3957335948944092,0.5044517517089844,0.5600181582954556,4.265841448929952,28.66473388671875,48.366783142089844
200196.jpg,8.724956102669239,0.5208234786987305,0.6204262195844942,0.8767485352379332,5.3280415534973145,25.567020416259766,0.9434159833482664,0.392545931750718,7.400075912475586,3.948439978355985,9.380890846252441,2.318154811859131,47.3928337097168,0.622489869594574,1.4219869375228882,0.9156512022018433,0.041707947850227356,13.797811508178711,0.586876251763409,0.011710338332017277,0.3928675055503845,0.5091517567634583,0.5634280331426288,4.279864155232284,29.67205810546875,51.11714553833008
200197.jpg,8.780435405671597,0.5135700106620789,0.5981662293645512,0.8749672353991802,5.438102722167969,27.223905563354492,0.939226417087782,0.4001570476980713,7.43013334274292,3.8486830973749395,9.624958038330078,2.470855474472046,48.324798583984375,0.6184936165809631,1.426596999168396,0.9094641208648682,0.040696628391742706,13.904417037963867,0.5918617774978332,0.011505550912522514,0.3980383276939392,0.5059577226638794,0.5596885532360294,4.118846200025888,26.19403076171875,49.633670806884766
200202.jpg,8.739566586911678,0.521783709526062,0.6215420133140098,0.8751663798090197,5.3205718994140625,24.7365779876709,0.9420212799106136,0.3889646444411388,7.379741668701172,3.9469004847346945,9.170273780822754,2.2447659969329834,46.81443405151367,0.6256756782531738,1.4533042907714844,0.901930570602417,0.04103304445743561,13.868661880493164,0.5766924836649869,0.011890851570345765,0.39245474338531494,0.5087106823921204,0.549561591260279,4.098870675903046,26.50408935546875,49.47684097290039
200203.jpg,8.759975641965866,0.5248913168907166,0.6241694109543722,0.8760810087811992,5.273410320281982,27.54859733581543,0.9460913459380207,0.4132347407172223,7.444775104522705,3.969162657212035,9.704399108886719,2.4903934001922607,49.32868576049805,0.5998107194900513,1.4026939868927002,0.9381356239318848,0.04537510871887207,13.43182373046875,0.5977636739584793,0.012667238064335371,0.40421730279922485,0.5142565965652466,0.585340312742845,4.262294554994667,28.58367919921875,47.8940544128418
200207.jpg,8.735405970364809,0.5001908540725708,0.6173108175429682,0.8739938360599232,5.335793495178223,27.026342391967773,0.9461371945868369,0.40895170584085183,7.3571858406066895,3.9177680624653917,10.049553871154785,2.45485520362854,45.872314453125,0.6170404553413391,1.463387131690979,0.9249202609062195,0.03699988126754761,14.317997932434082,0.6023020212788186,0.011466535714836794,0.40144211053848267,0.5051040649414062,0.5723383096606328,4.198172220574818,28.50897216796875,51.034759521484375
200208.jpg,8.771258503198624,0.5234473347663879,0.6372743144590347,0.8755145318176991,5.226276397705078,26.6003475189209,0.9511214544154449,0.4173780961079901,7.419187068939209,4.029326205625743,9.52994441986084,2.4001381397247314,48.20304489135742,0.5859509706497192,1.4068331718444824,0.961418628692627,0.04484255611896515,13.4830961227417,0.5996753280404945,0.012263003244893473,0.4054306149482727,0.5109466314315796,0.5991654935608122,4.367694985389535,29.97723388671875,48.64250183105469
200217.jpg,8.749867361038923,0.5127202868461609,0.6252560882561393,0.8747909864418388,5.369427680969238,26.37703514099121,0.9449166899580146,0.4019606123966577,7.428206920623779,4.000910856748515,9.61683464050293,2.3928749561309814,48.29890060424805,0.6140252947807312,1.4371625185012817,0.9189226627349854,0.04197285324335098,13.770315170288086,0.5903150947580528,0.012366837381842547,0.4035053253173828,0.5115668773651123,0.5636041505917956,4.089614695862227,29.47430419921875,46.68820571899414
200223.jpg,8.73372757434845,0.5195842385292053,0.6099606961043071,0.8748040863719999,5.352777481079102,24.972938537597656,0.9389389552485657,0.384696793327308,7.378632545471191,3.8828410746667394,9.316061973571777,2.2707486152648926,46.78084945678711,0.6240155696868896,1.4478672742843628,0.8833142518997192,0.03987286239862442,13.993226051330566,0.5756986537791298,0.011384091291411463,0.3890339136123657,0.5034080147743225,0.5363230293517156,4.150321177967262,25.84490966796875,49.227149963378906
200232.jpg,8.718655560165644,0.5145434737205505,0.5833241733446987,0.8772534614209351,5.5373430252075195,29.563138961791992,0.9283245514919622,0.3999391990805666,7.398873805999756,3.7730146113316643,11.112247467041016,2.727858304977417,47.065494537353516,0.6720725297927856,1.4898210763931274,0.8938080072402954,0.037753622978925705,14.230413436889648,0.6081688001238957,0.01015577066407633,0.39269790053367615,0.5080647468566895,0.5507007118740999,4.043199692581486,29.40985107421875,50.672027587890625
200235.jpg,8.70363313704729,0.5157628655433655,0.6239639580251556,0.8753437993863802,5.425725936889648,25.447799682617188,0.943917875623067,0.4032115185495171,7.420984268188477,4.007953567776633,9.240551948547363,2.30319881439209,48.0866813659668,0.5928314924240112,1.3755229711532593,0.9170129299163818,0.04179447889328003,13.788812637329102,0.5838592978492465,0.011309569490463632,0.40047314763069153,0.5028787851333618,0.5616734696290046,4.267527842708579,28.49920654296875,49.872901916503906
200239.jpg,8.767343822866678,0.5126177668571472,0.5868546090257809,0.8744742285567121,5.412600040435791,28.490692138671875,0.9347321185702484,0.39821152654620945,7.3909687995910645,3.7569274680984464,10.549120903015137,2.608780860900879,47.872764587402344,0.6345638036727905,1.4511606693267822,0.8693430423736572,0.03901013731956482,14.088225364685059,0.5941270519952255,0.011488558088276486,0.39441102743148804,0.5114497542381287,0.535362092786386,4.115683641020853,25.04559326171875,48.96583557128906
200242.jpg,8.69998349621892,0.48768892884254456,0.6276010079164869,0.8730672762116634,5.223247051239014,28.003400802612305,0.9543101379509213,0.433003871515194,7.373797416687012,3.952970655780504,10.137826919555664,2.536377429962158,48.617496490478516,0.5780225396156311,1.4229817390441895,0.9720818400382996,0.039556387811899185,14.027833938598633,0.6168289786501945,0.011820942093655093,0.41091448068618774,0.4964911937713623,0.6094524293498318,4.4047815565623365,28.12322998046875,49.28504180908203
200243.jpg,8.696145351976156,0.5300345420837402,0.5911237138055414,0.874470952143979,5.436230182647705,30.17958641052246,0.9345031148728276,0.4023330619284258,7.455472469329834,3.8103064078278006,11.09378433227539,2.7707715034484863,50.0389289855957,0.6180003881454468,1.444562554359436,0.9250785112380981,0.045511674135923386,13.418771743774414,0.6136150240545098,0.010165370714038597,0.3951704502105713,0.5104038715362549,0.5733144812429621,3.9780811434060896,24.70916748046875,47.46280288696289
200246.jpg,8.714440479874611,0.5253583788871765,0.6189777786423305,0.8754963021082346,5.449057102203369,25.42426872253418,0.9398944792881553,0.394440025201082,7.433321475982666,3.9869641377381537,9.481868743896484,2.3113772869110107,48.580780029296875,0.626472532749176,1.4332304000854492,0.9079643487930298,0.042991627007722855,13.66616153717041,0.5865201677146934,0.011591862663153055,0.3938630223274231,0.503631055355072,0.5571965631399748,4.4912397520424125,17.24920654296875,48.23414611816406
200250.jpg,8.747169770300388,0.5235951542854309,0.6381278481338628,0.8756610434622071,5.249182224273682,24.749723434448242,0.9438823594861163,0.3925670510429855,7.434366226196289,4.04687444637722,9.166799545288086,2.2366020679473877,49.19816589355469,0.6168821454048157,1.412399411201477,0.9294601678848267,0.04388036951422691,13.577298164367676,0.5824349699459136,0.01172921717328096,0.3930729031562805,0.5105148553848267,0.5686964597562107,4.521344187083911,31.08612060546875,47.942840576171875
200252.jpg,8.700588393956423,0.5201404690742493,0.6251042872624325,0.8749042639414736,5.368114948272705,25.859460830688477,0.9434171813744285,0.3979979261536658,7.440953254699707,4.003513210221056,9.409893989562988,2.3441271781921387,48.90597915649414,0.6119305491447449,1.424440622329712,0.9275900721549988,0.04319746792316437,13.645418167114258,0.5900222292738175,0.011000934655820596,0.39900141954421997,0.5080344080924988,0.5683223741892723,4.16676429530829,28.00604248046875,48.254051208496094
200255.jpg,8.665564507246017,0.518954873085022,0.6217345173056977,0.8760428834283244,5.368340969085693,25.073810577392578,0.942337136146739,0.3970224007954566,7.419449329376221,3.975316842776115,9.308804512023926,2.272062301635742,48.07171630859375,0.6332707405090332,1.4317984580993652,0.9008809328079224,0.041026998311281204,13.869302749633789,0.5780112064770452,0.01157748963210951,0.39690783619880676,0.5101593136787415,0.5496789245030347,4.290934460221009,27.73699951171875,47.50018310546875
200257.jpg,8.668193113058805,0.5236198306083679,0.6126787441574254,0.8776187974785523,5.3701348304748535,25.523801803588867,0.9398319437586278,0.3861284945267326,7.410247802734375,3.915145844195253,9.528051376342773,2.32220458984375,47.66402053833008,0.6390742659568787,1.4439959526062012,0.8821960687637329,0.0413781963288784,13.832283973693848,0.5736080657255795,0.011941575399785435,0.39349204301834106,0.5108649730682373,0.5382724082777559,4.1346635745457805,27.98895263671875,50.05955123901367
200258.jpg,8.665760457515717,0.5008276700973511,0.5545666155111445,0.8757704353675058,5.487585067749023,31.583389282226562,0.9272294623590915,0.4198511195366201,7.343849182128906,3.5579527597234843,11.358274459838867,2.9153172969818115,46.64162826538086,0.643519937992096,1.4282907247543335,0.8927928805351257,0.0342402458190918,14.654631614685059,0.6151063777899906,0.012179833995231218,0.4035543203353882,0.5143141746520996,0.5579715733772413,3.83217766962805,18.61492919921875,51.49137878417969
200259.jpg,8.666585199534893,0.5160571932792664,0.6426980378261177,0.875601456477364,5.299692153930664,24.93182373046875,0.9485902355623828,0.4014093209381786,7.405097484588623,4.082683874831812,9.156208038330078,2.248791456222534,48.02073287963867,0.6190928220748901,1.4278137683868408,0.9444891214370728,0.04253888130187988,13.712139129638672,0.588128895633747,0.01234629071825766,0.40111732482910156,0.5099257826805115,0.5797168336694688,4.3217966362575435,31.57586669921875,47.94768142700195
200260.jpg,8.662062652409077,0.5158004760742188,0.649356821484219,0.8769416102850762,5.151456832885742,24.33637237548828,0.9490942528037505,0.4053270917341144,7.41169548034668,4.078996300203961,9.27147388458252,2.1957383155822754,48.418792724609375,0.6093695163726807,1.3894422054290771,0.9362881183624268,0.04320783540606499,13.644375801086426,0.5812896436839357,0.012278161547875375,0.39946484565734863,0.5075627565383911,0.5795301126353454,4.442981319437386,29.67498779296875,49.13437271118164
200261.jpg,8.651657368987799,0.5157202482223511,0.63656038460924,0.8760377000601216,5.24810266494751,25.399646759033203,0.9465528609209628,0.40086151457026614,7.388607025146484,4.022026194904861,9.255046844482422,2.2941436767578125,47.44468307495117,0.6245428919792175,1.4346129894256592,0.9353692531585693,0.041694995015859604,13.799160957336426,0.5879029678255401,0.01244824202946858,0.3972400426864624,0.508292019367218,0.5760063270263599,4.402187364198291,26.85711669921875,46.564361572265625
200266.jpg,8.648914344608784,0.5179089903831482,0.634399793865606,0.8769668316922004,5.2446489334106445,24.39872169494629,0.9452472438020962,0.39893806647473484,7.403359413146973,4.0119585611246364,9.151671409606934,2.2007100582122803,48.117164611816406,0.618389904499054,1.4090306758880615,0.9182730913162231,0.042409174144268036,13.72540283203125,0.5740447330639533,0.012412546694896515,0.39601290225982666,0.5087407827377319,0.5631500024139529,4.355005837037539,29.04461669921875,50.09602355957031
200267.jpg,8.632942639291286,0.5146496891975403,0.6511457851892936,0.8767005925323618,5.169448375701904,23.23149299621582,0.9497321961238261,0.39278938874791036,7.3708906173706055,4.082806397338729,9.030818939208984,2.0957913398742676,47.2118034362793,0.6130871772766113,1.4184315204620361,0.9186363816261292,0.04170767590403557,13.79784107208252,0.5733713621725175,0.011732363617784165,0.394789457321167,0.5024707317352295,0.5631294767915344,4.352825109244968,30.06072998046875,48.174625396728516
200270.jpg,8.68786470592022,0.527718186378479,0.4705720516606237,0.8747592512328002,5.847113132476807,44.5985107421875,0.8969400402244894,0.41558632951358443,7.4907546043396,3.138222454425316,14.76407241821289,4.17773962020874,49.70946502685547,0.6592581272125244,1.4603686332702637,0.8847740888595581,0.038829632103443146,14.108367919921875,0.6786469909989041,0.008177857723800851,0.39044272899627686,0.5152974128723145,0.574218134415394,3.5874394544530173,27.90985107421875,57.2496452331543
200273.jpg,8.717907767742872,0.5169683694839478,0.6287419516830495,0.8766561409340569,5.268265724182129,25.404273986816406,0.944841118908811,0.40132470687658617,7.412210464477539,3.9863851002929636,9.402017593383789,2.2964231967926025,47.74696350097656,0.611278772354126,1.4073302745819092,0.8922043442726135,0.04201089218258858,13.766380310058594,0.5728162514251878,0.013097082077976352,0.3979411721229553,0.5016805529594421,0.5538038936011676,4.312104536346519,27.99920654296875,51.12436294555664
200279.jpg,8.680805746465921,0.5005613565444946,0.5661708088325719,0.875533573125562,5.4241838455200195,29.37158203125,0.9296669654585146,0.4125182267237717,7.316139221191406,3.606609768090765,10.49626350402832,2.693610429763794,45.54012680053711,0.6327225565910339,1.444380521774292,0.8860882520675659,0.03416518494486809,14.664163589477539,0.6023903100051659,0.012047100826278691,0.3991726040840149,0.5139204263687134,0.5497045139033012,3.922996175182733,21.65936279296875,49.49000549316406
200280.jpg,8.677229057997465,0.5184451341629028,0.6266859210511075,0.8756855685717055,5.370975017547607,24.410593032836914,0.9456696216927466,0.39857911195898243,7.367643356323242,3.9915679248061284,9.086379051208496,2.2106881141662598,46.078857421875,0.6335867643356323,1.4696860313415527,0.9066312313079834,0.03953929990530014,14.02971076965332,0.5739453579385685,0.011843278900904385,0.3982054889202118,0.5055989027023315,0.5544051190483208,4.335535811049839,28.36590576171875,49.508609771728516
200283.jpg,8.825981058180332,0.5192203521728516,0.6024616938538319,0.8766077118986073,5.388911724090576,26.7375431060791,0.939114822217475,0.3928188319031124,7.398168563842773,3.8518742580771885,9.611175537109375,2.4340498447418213,46.90861511230469,0.627918541431427,1.4300806522369385,0.8963109850883484,0.04005225747823715,13.97373104095459,0.586871063424784,0.012214449967369033,0.3940064609050751,0.5096747279167175,0.551259288836324,4.191541981975558,24.34832763671875,50.71640396118164
200286.jpg,8.831590626388788,0.5219897627830505,0.6004788070367026,0.8771120696897563,5.465424060821533,26.806116104125977,0.9342130098947105,0.3895558011232447,7.43272590637207,3.8725437973718737,9.889404296875,2.447838306427002,48.7554931640625,0.6559613943099976,1.4426827430725098,0.8788784742355347,0.04166256636381149,13.802539825439453,0.5846812870487478,0.011501742072211801,0.3916339874267578,0.5136972665786743,0.5377140859575732,4.1327930305403475,23.43328857421875,46.884395599365234
200289.jpg,8.829882599413395,0.5134382247924805,0.6309191553694057,0.877566080874144,5.229616641998291,25.877105712890625,0.9449296482612477,0.40870203832400565,7.404219627380371,3.985476699151091,9.372909545898438,2.3377063274383545,47.97637176513672,0.6222842931747437,1.3958125114440918,0.904550313949585,0.04078858718276024,13.894614219665527,0.5797533311492012,0.013746320506110197,0.4018203914165497,0.5117742419242859,0.5603037167078077,4.335077647366202,30.51971435546875,48.468238830566406
200291.jpg,8.77806706354022,0.5153956413269043,0.607893185504072,0.8760030631142572,5.419601917266846,25.414457321166992,0.9390956616982283,0.394601014940504,7.416440010070801,3.901482470316047,9.183736801147461,2.304857015609741,47.74095916748047,0.6246213912963867,1.4045130014419556,0.8772940635681152,0.03998884558677673,13.980611801147461,0.5707826670762625,0.013459078035980118,0.3965030908584595,0.5079549551010132,0.5375245149523448,4.350898615077918,27.73260498046875,47.5423698425293
200297.jpg,8.877944972366095,0.5181110501289368,0.6110509500921804,0.8761793257213681,5.412602424621582,25.87920570373535,0.9416637321602721,0.4002947536800887,7.421504020690918,3.921157569558927,9.51395034790039,2.343259334564209,48.548728942871094,0.6370494961738586,1.440787434577942,0.9027470350265503,0.04180257394909859,13.787969589233398,0.5800064721875251,0.011841257200810508,0.3995899558067322,0.5111225843429565,0.555681152422429,4.364481709852147,30.63885498046875,45.99477005004883
200298.jpg,8.755536954849958,0.5149960517883301,0.6400615218836486,0.8767122071565329,5.305368423461914,24.08330535888672,0.9479911982511795,0.4015551450401489,7.387747764587402,4.062199232853009,9.198775291442871,2.1729912757873535,47.150142669677734,0.6209516525268555,1.40620756149292,0.9206206798553467,0.04053247720003128,13.921968460083008,0.5773798223631751,0.01168646318505264,0.40129905939102173,0.505724310874939,0.5652826690720464,4.491158659015599,30.22430419921875,47.89488220214844
200300.jpg,8.766884427517653,0.5150997042655945,0.6091919517299221,0.8751438803659946,5.4201226234436035,25.9669246673584,0.9409359180099964,0.4018115914328768,7.430352210998535,3.9142138082079683,9.35720443725586,2.3552918434143066,48.07514953613281,0.6210008263587952,1.4273557662963867,0.9063791036605835,0.04025658220052719,13.951631546020508,0.5827709633010094,0.01168935298957712,0.40147167444229126,0.5094466805458069,0.5547221323375295,4.195826825856061,26.85321044921875,49.68179702758789
200305.jpg,8.816805109381676,0.5208019018173218,0.6538509908150529,0.8768681242025657,5.202387809753418,24.432178497314453,0.9509721696888047,0.40132306588694844,7.422390460968018,4.127373956839682,9.301572799682617,2.202547550201416,48.71461486816406,0.6097607016563416,1.406829595565796,0.9334423542022705,0.044390253722667694,13.527122497558594,0.5821617357252256,0.01229733790573624,0.3976144790649414,0.5095926523208618,0.5777113395361744,4.385075676802502,30.43231201171875,49.50214385986328
200306.jpg,8.68769758939743,0.5241495370864868,0.6325980644986163,0.8758570752433058,5.287885665893555,26.223546981811523,0.9474711367719046,0.4050641045764627,7.451871395111084,4.029584610258677,9.689433097839355,2.3686840534210205,48.658626556396484,0.6148691177368164,1.4383964538574219,0.9038353562355042,0.04494807869195938,13.472888946533203,0.5812360289272829,0.013406623650669887,0.40120601654052734,0.5069810152053833,0.5632783172728776,4.317121348312987,27.65350341796875,48.296295166015625
200307.jpg,8.728951755911112,0.5174741744995117,0.6213681156793233,0.8754111179719045,5.331173896789551,24.685388565063477,0.9428380830112536,0.38846732507183446,7.371450424194336,3.9465141717810948,9.139084815979004,2.238485813140869,46.56635284423828,0.6296007633209229,1.450050711631775,0.90680992603302,0.04010463505983353,13.968053817749023,0.5783801462551904,0.011981119286072544,0.3926244378089905,0.5069271326065063,0.5514984924969181,4.355143904138458,26.55047607421875,49.134307861328125
200309.jpg,8.693605992943048,0.5217295289039612,0.6490126972041347,0.8754666499560892,5.158445835113525,23.979618072509766,0.948598578065004,0.39748863017422115,7.398560523986816,4.074840373842957,8.796000480651855,2.1584129333496094,47.941646575927734,0.610201358795166,1.415820837020874,0.946845293045044,0.04315551370382309,13.649637222290039,0.5794613790124853,0.011533372443561875,0.3967745900154114,0.5037369728088379,0.5815607908979928,4.517335298848212,30.73016357421875,47.59454345703125
200312.jpg,8.658809054642916,0.5181235671043396,0.6083274458607835,0.8767146387624669,5.33800745010376,26.830411911010742,0.9414341320295618,0.3990013521269535,7.383062362670898,3.869298986730451,9.772173881530762,2.4360737800598145,47.44719696044922,0.6288191080093384,1.4296919107437134,0.914580225944519,0.04098786041140556,13.87344741821289,0.5896091218017765,0.012034093085190444,0.397972047328949,0.513376772403717,0.5623083447303326,4.245651147587274,29.30145263671875,45.97248077392578
200313.jpg,8.686721008270979,0.5258433222770691,0.624635675003384,0.8767447653536932,5.290961742401123,26.579187393188477,0.9443363298479142,0.40513985526260204,7.444406032562256,3.9774941884431207,9.71064281463623,2.4094762802124023,49.07632064819336,0.616331934928894,1.419440746307373,0.9145258069038391,0.04487460479140282,13.479994773864746,0.5886346263276443,0.012336963377083086,0.4013071060180664,0.5113487839698792,0.5670963249401013,4.123950799881933,29.26629638671875,48.98667907714844
200314.jpg,8.749084651470184,0.5227209329605103,0.6495708550620984,0.8758902704642948,5.25924015045166,23.76679229736328,0.9507005089123558,0.4036031234107985,7.417911529541016,4.117366217266772,8.84521770477295,2.1402108669281006,47.8813591003418,0.6184880137443542,1.4388203620910645,0.9321750402450562,0.0432257205247879,13.642578125,0.5739601819813696,0.011835890549776346,0.4009919762611389,0.5038225650787354,0.5743536892748703,4.418544713249737,30.59442138671875,47.69829177856445
200315.jpg,8.727754831314087,0.524992823600769,0.6251141207990302,0.8756898783154351,5.355645656585693,25.123334884643555,0.9419787179728161,0.394335772536893,7.454543113708496,4.003926841622764,9.350852012634277,2.278017997741699,48.858551025390625,0.623958945274353,1.4410427808761597,0.9090110063552856,0.043527279049158096,13.612384796142578,0.5775524614917941,0.011885056772924788,0.3948540687561035,0.5075671076774597,0.554642198928699,4.209209339348312,26.57391357421875,49.86587142944336
200316.jpg,8.761648882180452,0.5256578922271729,0.6480418933269818,0.8756631990914385,5.247174263000488,24.829105377197266,0.9515405646356045,0.4042604951519428,7.429445266723633,4.107502255376138,9.004659652709961,2.2367751598358154,48.47205352783203,0.6084476709365845,1.442352533340454,0.9440836310386658,0.04491356015205383,13.476224899291992,0.5833444495073546,0.01191449532132121,0.4016140103340149,0.5071523189544678,0.5833418867738435,4.255702237683372,31.07489013671875,48.32481384277344
200317.jpg,8.681702375411987,0.5136305689811707,0.6392472320021751,0.8764424254687924,5.22958517074585,24.582284927368164,0.950065642507483,0.40466023182034694,7.344488143920898,4.018982733083714,9.315275192260742,2.216712713241577,45.961334228515625,0.6170041561126709,1.4258437156677246,0.9371801614761353,0.03994732350111008,13.985123634338379,0.584137189360802,0.012770221725808604,0.40224218368530273,0.5083620548248291,0.5773453047784756,4.431352084218707,30.68621826171875,48.4173698425293
200319.jpg,8.416209053248167,0.5097916126251221,0.5838774036718027,0.8755450977334335,5.418996334075928,28.892135620117188,0.9349447213068086,0.40141228774343124,7.37658166885376,3.7355350847494933,10.635546684265137,2.6470131874084473,47.903343200683594,0.6255309581756592,1.423536777496338,0.8765218257904053,0.03847271203994751,14.148472785949707,0.5948580750930604,0.012118131419314079,0.3959400951862335,0.5115354657173157,0.5407791528484073,3.928791269092184,25.29168701171875,50.955284118652344
210009.jpg,8.742315836250782,0.5354185104370117,0.48036971706433335,0.8969886296609577,7.051084041595459,76.00662994384766,0.9529959418939771,0.5786024992178886,7.444999694824219,3.4817485491197555,24.209835052490234,7.549157619476318,53.842124938964844,0.8070619106292725,1.5522792339324951,0.8392300009727478,0.019102387130260468,17.189123153686523,0.7740792434308196,0.003415154988961249,0.45367538928985596,0.4732925295829773,0.6166938234824693,3.416186763291866,27.07586669921875,49.90082550048828
210013.jpg,8.50157206133008,0.5080161690711975,0.4963782696710234,0.8761737362355678,6.4711737632751465,42.16972732543945,0.9081882133043356,0.4759258210699134,7.355562210083008,3.4316547861981253,12.534194946289062,4.011542797088623,50.879493713378906,0.6999985575675964,1.541061520576477,0.8816512227058411,0.028335241600871086,15.476731300354004,0.6792919940940753,0.007849596242129192,0.4182804822921753,0.44451430439949036,0.5764620071470853,3.445030027857287,13.28045654296875,51.26055908203125
210014.jpg,8.258579388260841,0.49249267578125,0.6026202014652995,0.868093508798168,6.12889289855957,29.169570922851562,0.9574142610253802,0.45906387819695404,7.3439788818359375,4.059523579609797,10.954569816589355,2.6861002445220947,54.78324508666992,0.6147761344909668,1.535136103630066,1.0436826944351196,0.038163043558597565,14.18356990814209,0.6406996364375959,0.008266974959321877,0.42478710412979126,0.48514094948768616,0.6272017199923222,4.223134764219896,21.55877685546875,46.03148651123047
210017.jpg,8.347020644694567,0.49632397294044495,0.554030179788979,0.8887160452175968,6.096742630004883,25.511173248291016,0.9249529161684447,0.4312438970542946,7.162111282348633,3.6729129587182534,9.125112533569336,2.3841161727905273,46.81736755371094,0.7340503931045532,1.4017374515533447,0.7946207523345947,0.023921167477965355,16.212175369262695,0.5956033164122996,0.01155729076682882,0.3883739113807678,0.45840197801589966,0.5162797836599985,3.660042563705912,12.01971435546875,51.29953384399414
210019.jpg,8.419143792241812,0.4754889905452728,0.5594707776319858,0.8974856797194276,6.310391902923584,26.450225830078125,0.9121472136484933,0.46055589121922724,7.141274452209473,3.7629173438624424,7.9416608810424805,2.490051031112671,47.270729064941406,0.770300030708313,1.3878968954086304,0.8462094664573669,0.01979842223227024,17.033695220947266,0.6164431729665629,0.008242397127243287,0.4074275493621826,0.4614151120185852,0.5475343020453555,3.6566930357789444,12.88494873046875,48.703250885009766
210022.jpg,8.420890543609858,0.5369431376457214,0.5150681015576098,0.8710911515679312,6.180689334869385,28.616012573242188,0.9276606454729953,0.42554667237683064,7.378696441650391,3.492013104778911,9.155807495117188,2.676241636276245,49.55032730102539,0.6193221807479858,1.5603735446929932,0.7990778088569641,0.03549155220389366,14.498750686645508,0.5863981615708808,0.01044227083881324,0.395786851644516,0.4533759653568268,0.5123129044333101,3.578003327795984,10.40838623046875,50.492469787597656
210023.jpg,8.284667078405619,0.49779826402664185,0.5205436292555683,0.8861772484922862,6.548831939697266,39.895362854003906,0.9113155677266068,0.4671586496789868,7.315436840057373,3.608488045114859,12.607327461242676,3.8233649730682373,55.665157318115234,0.7575027942657471,1.5406758785247803,0.7911315560340881,0.026593562215566635,15.752235412597656,0.6586305823211319,0.007730522966714904,0.4133974611759186,0.45454221963882446,0.5427542337528363,3.9151272576040594,17.16180419921875,49.705570220947266
210025.jpg,8.314510900527239,0.498031347990036,0.5599135510620974,0.8752001018611348,6.090023040771484,29.75367546081543,0.9136297194558282,0.443609004842072,7.3003692626953125,3.7487412583026387,8.963586807250977,2.7524025440216064,52.26177215576172,0.6454129815101624,1.4783337116241455,0.9005962610244751,0.03370979055762291,14.722440719604492,0.632210033631923,0.009503064014365036,0.3960495889186859,0.4538767337799072,0.5750136677077127,3.695455908826995,12.50750732421875,51.58784484863281
210030.jpg,8.258654367178679,0.4915826916694641,0.5054287932775042,0.8937049925530155,6.510017395019531,40.67143630981445,0.9158162731246521,0.49234080169869365,7.185840129852295,3.461149921744168,12.176701545715332,3.876960515975952,47.44980239868164,0.7634081840515137,1.400315523147583,0.8877404928207397,0.019383491948246956,17.125680923461914,0.6872859025264757,0.008466619291331436,0.4187646210193634,0.4702293574810028,0.578796151522627,3.523323814117707,18.52117919921875,52.94288635253906
210035.jpg,8.288034781813622,0.5239446759223938,0.5113960694858183,0.8820978258906484,6.901342391967773,63.93787384033203,0.9513340818569397,0.5699433513873767,7.42610502243042,3.6635096118288732,20.382789611816406,6.295498371124268,53.11880111694336,0.7503581047058105,1.5916635990142822,0.8376968502998352,0.025657065212726593,15.907931327819824,0.755343313603083,0.0034418901976905093,0.451682448387146,0.4712449908256531,0.6323804562712432,3.4814707394112525,22.19207763671875,50.08091735839844
210040.jpg,8.241922702640295,0.4990637004375458,0.5245271593414317,0.8942262725911547,6.783256530761719,57.62018585205078,0.9475020522891513,0.5524840706923045,7.476011276245117,3.739696331508176,19.270280838012695,5.653548240661621,60.13566970825195,0.7961570024490356,1.5078628063201904,0.8994234800338745,0.024084005504846573,16.18271255493164,0.736744715077518,0.004839453354454246,0.4397684335708618,0.46491265296936035,0.6046439999693204,3.3151201853799153,17.83416748046875,57.4024658203125
210047.jpg,8.156161293387413,0.5128360986709595,0.5470651293209091,0.8749346147461886,6.053040981292725,23.859724044799805,0.9316823676178129,0.42341821501617005,7.305693626403809,3.654058977348029,7.342889785766602,2.1983115673065186,48.925174713134766,0.6411396265029907,1.4748616218566895,0.8870991468429565,0.03183066099882126,14.971543312072754,0.5898853458216211,0.009254025066067713,0.3924201726913452,0.47298192977905273,0.5550683479732614,4.097714017778002,10.71893310546875,44.494354248046875
210051.jpg,8.10188165307045,0.47951793670654297,0.5918139576160888,0.8660688112651702,6.151578903198242,32.27082061767578,0.94893707406659,0.442600410712425,7.291987895965576,3.9780560521371484,11.172842025756836,3.021296977996826,56.45743942260742,0.6069369912147522,1.5033304691314697,0.9362900257110596,0.03891296312212944,14.099058151245117,0.6551072051908542,0.008673580315012076,0.40554553270339966,0.46983224153518677,0.5872194147779083,3.6537728589252607,14.86102294921875,47.26652526855469
210055.jpg,8.374940358102322,0.5168642401695251,0.520738196325009,0.8969730110393752,7.0215888023376465,77.30789947509766,0.9595973626284204,0.5911331672794322,7.415384292602539,3.758950985453234,24.78573989868164,7.6969475746154785,54.67011260986328,0.8060573935508728,1.5270633697509766,0.8907332420349121,0.019164975732564926,17.174917221069336,0.7867586378770359,0.003456385144676313,0.4558086693286896,0.46994510293006897,0.6426123835527362,3.7539641843800617,27.25506591796875,55.9718132019043
210057.jpg,8.19757878407836,0.5328763127326965,0.5114414113209809,0.8824241528802301,6.950547218322754,76.22554779052734,0.9552786718582387,0.5895874680180339,7.502804756164551,3.6960307398032928,24.096817016601562,7.572566986083984,55.28129577636719,0.7501853704452515,1.595288872718811,0.8351653814315796,0.02879687026143074,15.406547546386719,0.77232381370493,0.0032887893668816347,0.4587491750717163,0.4802982211112976,0.6470542593632166,3.3896445813450735,22.64764404296875,52.95321273803711
210060.jpg,8.241091009229422,0.4986753463745117,0.5954837469755307,0.8928443250810593,6.070834636688232,21.221527099609375,0.9270840802375248,0.4204641916323196,7.223291397094727,3.958228767606,6.2557759284973145,1.9418556690216064,50.38604736328125,0.7345526814460754,1.3089855909347534,0.8153479695320129,0.02712954953312874,15.665574073791504,0.5612475377652227,0.010262044077194301,0.3791598081588745,0.4469079375267029,0.5049290051971511,4.180114060612001,12.23211669921875,46.693565368652344
210066.jpg,8.26487036794424,0.4951319694519043,0.5880416543030461,0.8872750657307049,5.956645488739014,22.214649200439453,0.9277727221935156,0.4152055813576094,7.207197189331055,3.870454881383438,6.933536052703857,2.053725004196167,49.992828369140625,0.7001035809516907,1.3320190906524658,0.8188974857330322,0.02904192917048931,15.369747161865234,0.5701803349293665,0.009558103601467364,0.3851444125175476,0.4633738398551941,0.5093512365796293,3.9020723246246947,12.35125732421875,52.319034576416016
210068.jpg,8.24141040071845,0.48655134439468384,0.5325674388429831,0.8775479888707376,6.571579456329346,36.63996505737305,0.9435313544157001,0.5012730851880637,7.199814796447754,3.667107637338619,12.382974624633789,3.514202833175659,49.804683685302734,0.7291693687438965,1.537605881690979,0.8622912764549255,0.02194863185286522,16.58592414855957,0.6705502769333657,0.006645294321217428,0.43567878007888794,0.4719165563583374,0.5853565208635233,3.7478143123247096,14.73944091796875,45.073997497558594
210070.jpg,8.293653927743435,0.5620934367179871,0.4912846881018662,0.8818135722862452,7.023034572601318,73.84638977050781,0.9600032125822029,0.5995356984056276,7.527409553527832,3.5742145220835724,23.819517135620117,7.323703289031982,57.40505599975586,0.7488044500350952,1.5643922090530396,0.8880129456520081,0.02897631749510765,15.379568099975586,0.7741112950189296,0.002948757189981036,0.4585021138191223,0.47474199533462524,0.6439368331052526,3.4870952436407423,22.14178466796875,53.85184860229492
210072.jpg,8.388957474380732,0.5316808223724365,0.5600394475736162,0.8711976308083703,6.1778411865234375,24.512710571289062,0.9337221448025812,0.4139673047333031,7.373594284057617,3.79467927769317,8.038973808288574,2.2683637142181396,51.624908447265625,0.6279152035713196,1.561467170715332,0.8730553388595581,0.03845434635877609,14.15054702758789,0.6029155760546611,0.008685044467513463,0.3868175148963928,0.4640344977378845,0.5540327621748807,3.8958818961869506,11.54315185546875,47.705528259277344
210077.jpg,8.384995978325605,0.5137807726860046,0.5015606297405691,0.9028571440211992,7.031765460968018,61.5634765625,0.9407077059614379,0.5496830576777845,7.344334125518799,3.60525213174901,19.8133487701416,6.111242771148682,52.48029708862305,0.8199033737182617,1.518316626548767,0.8374882340431213,0.016816746443510056,17.74258041381836,0.7587441309943744,0.003287701152778542,0.4295039474964142,0.45270150899887085,0.6010862363278046,3.630182047064432,30.37518310546875,51.51592254638672
210078.jpg,8.110463302582502,0.493856817483902,0.5655956495802568,0.8918574474905041,6.058584690093994,23.805444717407227,0.920421826187758,0.4236747552391733,7.17702579498291,3.743012165950093,7.11842155456543,2.199272632598877,50.36616516113281,0.740520715713501,1.3695299625396729,0.7721656560897827,0.026422590017318726,15.780247688293457,0.5546925091022836,0.013350240784974982,0.3876429498195648,0.4614250957965851,0.47955135981057656,3.6546620334809967,11.24041748046875,45.172306060791016
210081.jpg,8.338245213031769,0.5232855081558228,0.501305164060378,0.90251110519729,7.060533046722412,75.69742584228516,0.9548015240482004,0.5771718289338337,7.399157524108887,3.62436811786708,24.847091674804688,7.549324989318848,54.67937088012695,0.823691189289093,1.5461375713348389,0.8328346610069275,0.017851602286100388,17.48322868347168,0.7761604709281805,0.0033966944385461903,0.4513484239578247,0.4619055986404419,0.6138199276524867,3.8130978846969965,26.46697998046875,52.27638626098633
210083.jpg,8.31429998576641,0.5639867782592773,0.46012010956436755,0.8646745611131216,6.5174970626831055,46.12589645385742,0.9334803844287127,0.4836924396748349,7.3690667152404785,3.19475212864727,15.337845802307129,4.448424816131592,42.30042266845703,0.5437312126159668,1.6543619632720947,0.8104954957962036,0.03308878839015961,14.803191184997559,0.6819154964194262,0.006543959258658149,0.41525155305862427,0.467747300863266,0.5852552905022744,3.0387728521607316,17.63397216796875,53.90700149536133
210085.jpg,8.294196423143148,0.4857253134250641,0.5559477778872737,0.8870569241131165,6.130448818206787,24.493789672851562,0.9221733211391195,0.44809326749797906,7.133618354797363,3.687074400479453,7.4599385261535645,2.279481887817383,46.296138763427734,0.7137352228164673,1.3881542682647705,0.8376996517181396,0.022488955408334732,16.480308532714844,0.5934372010876835,0.00959682731025294,0.400701105594635,0.4559805989265442,0.5397519486642643,3.901191682344199,12.72723388671875,50.4141731262207
210087.jpg,8.230457965284586,0.49890923500061035,0.5288823126739473,0.8924049594650808,6.777349948883057,56.76996612548828,0.9498061837593401,0.5633887340374432,7.42520809173584,3.7557505709546497,18.28716468811035,5.537312030792236,58.46310806274414,0.7902749180793762,1.505376935005188,0.9168710112571716,0.023171838372945786,16.35039520263672,0.7406542555674059,0.003896329760559961,0.44236066937446594,0.46892285346984863,0.6224747176896843,3.403935756094873,19.24383544921875,57.538116455078125
210090.jpg,8.203314878046513,0.47738000750541687,0.5874293344699654,0.8923460348568254,5.894789218902588,26.812345504760742,0.9217849715399965,0.41180155664406864,7.234402179718018,3.8562470259778685,8.44920539855957,2.465407133102417,52.846927642822266,0.7289854288101196,1.327008605003357,0.8242079019546509,0.031512293964624405,15.015199661254883,0.5846341541659973,0.0179336636913696,0.38103610277175903,0.4612880051136017,0.5161113261619441,3.562310108626935,18.13543701171875,45.16684341430664
210093.jpg,8.264578863978386,0.4893883764743805,0.5382948740299712,0.871342159029952,6.491166591644287,41.655548095703125,0.9309798115559325,0.4966296117596942,7.258573532104492,3.700717010779279,13.575063705444336,4.017723083496094,52.68328094482422,0.6796253323554993,1.5056695938110352,0.8646868467330933,0.02825414016842842,15.489179611206055,0.6991290951296568,0.007164860644441242,0.4272356331348419,0.46372219920158386,0.602839344261132,3.5709239490204534,14.03924560546875,54.274024963378906
210094.jpg,8.33660787716508,0.4909277856349945,0.5349991205486837,0.8729811624234579,6.430944442749023,37.95878219604492,0.9225148720436549,0.46679302659003485,7.262597560882568,3.663026472645864,12.555501937866211,3.6311473846435547,55.11222457885742,0.6775540113449097,1.5006170272827148,0.8341172933578491,0.031522735953330994,15.013761520385742,0.6641800274980378,0.009403156264131568,0.41415438055992126,0.46132516860961914,0.5624276095175044,3.651866576907711,12.92498779296875,51.01207733154297
210099.jpg,8.363067876547575,0.4909340441226959,0.5908424406489143,0.8868376972491574,5.894047260284424,21.281917572021484,0.924199905769937,0.407021900544831,7.185425758361816,3.863964664452368,6.159615516662598,1.963621973991394,49.42835998535156,0.6948726773262024,1.4087110757827759,0.793762743473053,0.02878381684422493,15.408515930175781,0.5548817877985546,0.01119545845387061,0.38274630904197693,0.4513853192329407,0.5023364947749622,4.1113522482038,11.98260498046875,47.869239807128906
210105.jpg,7.756729759275913,0.5089458227157593,0.5829429310436473,0.8803834021453367,6.216307163238525,24.29619789123535,0.9304252484504043,0.4148135580443283,7.318022727966309,3.9448815948357154,7.283205509185791,2.244093418121338,52.059326171875,0.6814652681350708,1.4842956066131592,0.851366400718689,0.03290634974837303,14.827203750610352,0.5805789549263141,0.01041578945024461,0.38441330194473267,0.44539424777030945,0.535114978408584,3.9646377114180114,10.72869873046875,44.14009475708008
210109.jpg,8.320586536079645,0.5048045516014099,0.49555165506997373,0.892085557158939,6.599185466766357,47.98650360107422,0.9058128349393176,0.49378097995553133,7.389372825622559,3.4660357199266407,15.38268756866455,4.619085311889648,51.7108039855957,0.7751889824867249,1.5222941637039185,0.800082266330719,0.022289466112852097,16.519004821777344,0.6799496679947116,0.007336702075446165,0.4282340407371521,0.45762011408805847,0.557873434785896,3.241130121300571,18.43914794921875,50.05836868286133
210110.jpg,8.302297811955214,0.49986812472343445,0.5455621319356498,0.8787293350453801,6.005191802978516,31.3515567779541,0.9274866410151065,0.4328843553427484,7.343033313751221,3.6411532318206277,10.821036338806152,2.8859190940856934,52.47073745727539,0.671249270439148,1.425108551979065,0.8532278537750244,0.03335689753293991,14.768143653869629,0.6057383496564074,0.013061140940339836,0.39695417881011963,0.47005921602249146,0.5348418231530728,3.602262210129745,14.67547607421875,47.59491729736328
210114.jpg,8.267991986125708,0.4901341497898102,0.581618719062342,0.8918067246347665,6.09649658203125,23.909196853637695,0.9232085829072769,0.4255662286709634,7.18829345703125,3.8633521529768178,7.677884578704834,2.209840774536133,48.84817123413086,0.7454574108123779,1.4237886667251587,0.765919029712677,0.02392387203872204,16.211685180664062,0.5576063116919421,0.012343059944869244,0.3887454867362976,0.4589410424232483,0.4774383264632235,3.73657255831932,12.69647216796875,40.98114013671875
210117.jpg,8.05086924508214,0.48913270235061646,0.6043909359670743,0.8692205582929983,5.984762668609619,26.617630004882812,0.9504339098933701,0.43888627304925926,7.354361534118652,4.031034239463949,10.225358963012695,2.4436538219451904,54.79106140136719,0.6117383241653442,1.5207610130310059,1.0078210830688477,0.040270667523145676,13.950111389160156,0.6171009712297376,0.009546194346619774,0.41656607389450073,0.48116934299468994,0.6033806790643254,4.11589541300407,26.33416748046875,47.29021453857422
210121.jpg,7.956075258553028,0.5023903250694275,0.5545143310603803,0.8877113423520072,6.154229164123535,25.850738525390625,0.923710616761058,0.4262362198862002,7.262351036071777,3.719852769654725,8.680328369140625,2.3957765102386475,51.001190185546875,0.7212269902229309,1.3951116800308228,0.7425675392150879,0.02785341441631317,15.551216125488281,0.5538886352659221,0.012346494144921966,0.3890274167060852,0.44187498092651367,0.4667144705525069,3.783527095473207,10.19207763671875,45.85254669189453
210126.jpg,8.032917074859142,0.48665839433670044,0.5622811121507065,0.8890166966765654,6.013040542602539,30.264820098876953,0.9208999804488607,0.42248848621461993,7.261082649230957,3.731904679174068,10.097084999084473,2.795954465866089,52.72612380981445,0.7140165567398071,1.304290533065796,0.8074684739112854,0.03145873174071312,15.022588729858398,0.5956445998383783,0.01688170469597651,0.3859943151473999,0.46153125166893005,0.5076358929441853,3.623007607645232,14.78143310546875,43.43430709838867
210129.jpg,8.013624101877213,0.5121245384216309,0.5214520955093529,0.8989927209450597,6.999632358551025,80.3409423828125,0.9603620937248529,0.5968582988257308,7.419063568115234,3.759339314054726,26.003894805908203,8.004290580749512,54.76624298095703,0.8133068084716797,1.5293470621109009,0.8912156224250793,0.01849278248846531,17.32997703552246,0.794789368789236,0.0029787410813989397,0.4550817310810089,0.4719870090484619,0.6479398182637044,3.695157192716322,28.64764404296875,53.83351516723633
210131.jpg,8.185547810047865,0.511246919631958,0.5627636700040337,0.895167620183742,5.985809326171875,21.585233688354492,0.9214635106870848,0.4298492120378599,7.128801345825195,3.69022316753297,6.215081691741943,1.9919967651367188,45.1159553527832,0.7538571357727051,1.2959115505218506,0.7986557483673096,0.022572392597794533,16.464223861694336,0.5564217490715976,0.011399476522924605,0.3863912522792816,0.46205541491508484,0.5047414397670699,4.051935168721568,13.43035888671875,49.43315505981445
210132.jpg,7.82511218264699,0.49538078904151917,0.6022712103528896,0.8812342700935485,6.031509876251221,19.771371841430664,0.9369504679383006,0.4278972237580785,7.1883769035339355,3.9809899936884285,5.75977087020874,1.8055721521377563,49.73466491699219,0.6959202885627747,1.4097291231155396,0.8308401703834534,0.027317330241203308,15.635618209838867,0.5424952082578092,0.011958437141835802,0.38755178451538086,0.45095303654670715,0.5035143844989104,3.987192051024348,18.78436279296875,42.51683044433594
210139.jpg,7.9054090566933155,0.5014474391937256,0.5244963333373366,0.8747767171750167,6.567352294921875,38.99290084838867,0.943750796878728,0.5039087390134169,7.257262706756592,3.6254897027577577,13.059600830078125,3.746239423751831,50.31829071044922,0.7059856653213501,1.554645299911499,0.8603109121322632,0.02485104277729988,16.046554565429688,0.6765106177635841,0.006752739951242311,0.4373270273208618,0.47458991408348083,0.5957082127242993,3.7329952180494734,14.64080810546875,47.23534393310547
210140.jpg,8.014871045947075,0.5451496839523315,0.49407045991104204,0.8732954144237435,6.502318382263184,38.25628662109375,0.9221074695263269,0.4740307285043661,7.437658309936523,3.4436745188704396,11.152766227722168,3.6156270503997803,52.88601303100586,0.6740078926086426,1.5735987424850464,0.8456293344497681,0.03184449300169945,14.969655990600586,0.6550170548617937,0.007925119060362503,0.42855381965637207,0.45973098278045654,0.5794102168837968,3.4574730331877634,15.49188232421875,50.676876068115234
210141.jpg,7.51127315685153,0.5256363749504089,0.5301915599444734,0.873893578848846,6.787557125091553,55.48983383178711,0.9437834120335797,0.5342000457918856,7.380368232727051,3.75586681546293,19.019088745117188,5.467886447906494,57.26209259033203,0.7094457149505615,1.530893325805664,0.8884755373001099,0.030507592484354973,15.15592098236084,0.7460244615304249,0.0037999303817419284,0.43043553829193115,0.46055787801742554,0.6127270006315668,3.397191145450353,22.10174560546875,48.40985870361328
210143.jpg,7.889200206845999,0.4797331988811493,0.6472724470481869,0.8861737173884288,6.474884033203125,28.865253448486328,0.9569608246826754,0.47960822632163974,7.20341157913208,4.426803914715816,11.862570762634277,2.755751371383667,52.86510467529297,0.7622473239898682,1.5804566144943237,0.9553832411766052,0.023363694548606873,16.314584732055664,0.6673184541909293,0.004869006876003664,0.4325181245803833,0.4715748429298401,0.6114779922992807,3.9062621472241825,8.58514404296875,38.00684356689453
210147.jpg,7.830853570252657,0.5199049115180969,0.517851032014845,0.8963831353609364,7.022794246673584,78.19469451904297,0.9592149624924664,0.5905162836459358,7.409423351287842,3.736878885491379,25.220754623413086,7.804473400115967,55.131622314453125,0.8036410808563232,1.522564172744751,0.8799253106117249,0.019680757075548172,17.059581756591797,0.787563198761547,0.0034614065663478486,0.455230712890625,0.4665224552154541,0.6402119085038009,3.632482097870326,27.32781982421875,54.83238983154297
210150.jpg,8.267650842666626,0.5224864482879639,0.4952844681427597,0.8966981061321191,6.975273609161377,75.2571792602539,0.9527050265634687,0.5701405289496811,7.390071868896484,3.5574754051879793,24.70818519592285,7.4960527420043945,53.63493728637695,0.8054710626602173,1.5717337131500244,0.8215283155441284,0.019515983760356903,17.09609603881836,0.7684008030665896,0.004107434456601576,0.4544767141342163,0.46310973167419434,0.6165032847273185,3.78770346573183,25.83807373046875,54.26948928833008
210154.jpg,7.306733161211014,0.524379551410675,0.49846598377762447,0.8821079128326925,6.884298324584961,69.58385467529297,0.9531167274710572,0.5713931409146852,7.429495811462402,3.567479111926909,22.178117752075195,6.896174907684326,52.41499710083008,0.7509361505508423,1.6000882387161255,0.8262515068054199,0.02548380196094513,15.937357902526855,0.7663423242858112,0.0032324445206468252,0.45439982414245605,0.47444650530815125,0.6397713714513252,3.6259049899898175,22.73895263671875,54.71888732910156
210164.jpg,7.555888764560223,0.5142936706542969,0.4978039907925376,0.9151778147880315,6.980057239532471,68.44535064697266,0.9305337443590542,0.5514129649677203,7.5615339279174805,3.619440282829272,22.232877731323242,6.799855709075928,59.85538864135742,0.8590872287750244,1.562249779701233,0.8756611347198486,0.018536584451794624,17.3197021484375,0.7664507703451564,0.003473195341735145,0.441209614276886,0.4771074056625366,0.6026159873251888,3.4047013973133224,24.99969482421875,54.45458984375
210174.jpg,7.476953163743019,0.486837774515152,0.5866932162709169,0.8858475207078836,5.95279598236084,24.283018112182617,0.9271556191909064,0.4118733738535225,7.231906890869141,3.8676984655168223,7.155079364776611,2.2051475048065186,54.065914154052734,0.6898544430732727,1.335134744644165,0.819301187992096,0.03364862874150276,14.730327606201172,0.5538786753963886,0.01602847287697584,0.386618435382843,0.4563181400299072,0.5062392183718006,4.069693848215092,18.01873779296875,42.80767059326172
210175.jpg,7.722018908709288,0.5080694556236267,0.5192884813093555,0.8953007316462239,6.485708713531494,31.644567489624023,0.8969486582237345,0.44288206326088847,7.247744560241699,3.565821797894733,9.214141845703125,3.002775192260742,53.049678802490234,0.7758728265762329,1.4430532455444336,0.77326500415802,0.025179123505949974,15.989595413208008,0.6135592077299844,0.009465220882849438,0.39060211181640625,0.44583839178085327,0.5078312948080156,3.6540509586921464,10.86248779296875,49.01969909667969
210182.jpg,7.764669127762318,0.49775129556655884,0.5750777435714536,0.888898955586388,6.036067962646484,23.7806339263916,0.9210952076205108,0.433657096612337,7.182887554168701,3.800974342564471,7.147843837738037,2.2153728008270264,47.72414779663086,0.7185646891593933,1.3732248544692993,0.7906919717788696,0.024618228897452354,16.087432861328125,0.5774047649151984,0.010712760650338063,0.3895963728427887,0.4601541757583618,0.5148996511338427,3.80847933134878,10.51922607421875,53.65803909301758
210183.jpg,7.438850067555904,0.4841878414154053,0.5236344417147534,0.8914882557516525,6.621673107147217,45.39013671875,0.9369119572790603,0.5196795182391152,7.176476955413818,3.6126029988075334,15.457955360412598,4.421839714050293,49.19420623779297,0.778842568397522,1.5293753147125244,0.8554630279541016,0.018138334155082703,17.414024353027344,0.7190771137274271,0.0052807954508427655,0.4349730610847473,0.46166500449180603,0.6056520592130001,3.6905121930652225,18.04608154296875,50.37418746948242
210186.jpg,7.387868911027908,0.504285454750061,0.5236986603402407,0.896094752510115,6.700868129730225,42.788936614990234,0.9253659251856612,0.4987818403830535,7.378505706787109,3.686684336702765,14.57104778289795,4.165508270263672,54.85801696777344,0.7955310344696045,1.5048853158950806,0.8392194509506226,0.021503278985619545,16.67495346069336,0.6917619858963259,0.005559495172824249,0.42294347286224365,0.4655211269855499,0.5582147501225343,3.705086578110639,15.05584716796875,43.518795013427734
210191.jpg,7.680383566766977,0.49202099442481995,0.5671966844519838,0.8855721018095485,6.025454521179199,24.846586227416992,0.9212413637406348,0.4118282918469028,7.213026523590088,3.754421613837165,8.193643569946289,2.2919068336486816,50.37931442260742,0.6935752034187317,1.353754997253418,0.8087854385375977,0.031151829287409782,15.065164566040039,0.5724927191121678,0.012150903633173312,0.3765445947647095,0.45231273770332336,0.5057125007970062,3.80472011124943,14.30487060546875,48.100669860839844
210193.jpg,8.03579943627119,0.5144437551498413,0.5310808764962965,0.8826035832813461,6.060441017150879,25.45241355895996,0.9237976463392159,0.4239286945540009,7.265008449554443,3.5384553451272502,7.244192123413086,2.351393938064575,47.2497673034668,0.6927832961082458,1.4713236093521118,0.7893524765968323,0.026815790683031082,15.716094970703125,0.5639659087855929,0.012454007900902857,0.39703133702278137,0.46864110231399536,0.5009468827734809,3.888749499247362,12.05096435546875,44.27385330200195
210195.jpg,7.724712084978819,0.47902819514274597,0.5602396543765058,0.8829403768730775,6.5605244636535645,45.62800598144531,0.9437538635694669,0.5018573080168185,7.234615325927734,3.8643024332441183,15.271845817565918,4.436045169830322,54.9373893737793,0.740401029586792,1.5307873487472534,0.8459082245826721,0.025376521050930023,15.95567798614502,0.6964188865739375,0.006059723432473229,0.4280657470226288,0.4624992609024048,0.5875325481151005,3.739076309210835,16.74188232421875,52.624229431152344
210199.jpg,7.722099054604769,0.4721994400024414,0.526208975525954,0.9161368318257105,6.8149003982543945,71.77953338623047,0.9554910710121796,0.5571847789214557,7.1837158203125,3.683108451412499,25.98689079284668,7.258443355560303,49.756553649902344,0.8619234561920166,1.5721511840820312,0.8192664980888367,0.011400725692510605,19.430675506591797,0.7919330292290876,0.0025675794293420007,0.43930476903915405,0.4790903329849243,0.6067672087928756,3.6911084640955254,26.44647216796875,55.95109558105469
210207.jpg,8.092605590820312,0.4861851632595062,0.5777870927857188,0.8838704861828635,5.86167049407959,24.82805061340332,0.9292718371933358,0.4186992920306758,7.259585380554199,3.7906567358337373,7.360171318054199,2.268890142440796,49.81553268432617,0.6714231967926025,1.3589539527893066,0.8582056760787964,0.031247001141309738,15.05191707611084,0.5786967340132232,0.016096745728826644,0.38802966475486755,0.46278586983680725,0.5351761041956473,3.9155585538657336,13.72528076171875,45.50519561767578
210208.jpg,7.635430980473757,0.4896852970123291,0.5999095961320902,0.8951710210722947,5.984011173248291,21.174463272094727,0.9248175818156551,0.4247981338755249,7.167591094970703,3.9448973335710207,6.359602451324463,1.9463638067245483,49.75068283081055,0.7488542199134827,1.2683396339416504,0.8076354265213013,0.025513309985399246,15.932332038879395,0.5465591718609648,0.011452266187156654,0.383761465549469,0.4583476781845093,0.49078260573727966,4.053109534306186,15.24725341796875,46.337928771972656
210209.jpg,7.885244768112898,0.5190598368644714,0.4606795866141746,0.887116706590934,6.866466522216797,62.33279037475586,0.9370360502688279,0.5512722350317474,7.417052745819092,3.2900712795570524,19.040569305419922,6.121497631072998,51.07986068725586,0.7708127498626709,1.5536558628082275,0.8912007808685303,0.02039245143532753,16.905305862426758,0.7474318059975983,0.004860660038075612,0.4418083727359772,0.46789923310279846,0.5979615087941496,3.3973382378474235,20.46112060546875,50.912147521972656
210210.jpg,7.831373959779739,0.5318617820739746,0.5078383851999028,0.9088488702865472,7.154820919036865,93.50675964355469,0.955970294241676,0.6041752239857914,7.567331314086914,3.7382465508016054,30.407228469848633,9.481595039367676,59.11571502685547,0.8417379856109619,1.5845677852630615,0.7997113466262817,0.019355569034814835,17.131940841674805,0.7969432996375864,0.002584846452010012,0.45900994539260864,0.47592613101005554,0.6240000748774607,3.7867528601620566,29.30828857421875,53.96772766113281
210211.jpg,8.119381960481405,0.5062670111656189,0.5206644705243644,0.8850719929999251,6.631994247436523,42.05644607543945,0.9164372085205899,0.4795579141068695,7.352927207946777,3.6407356886455986,13.468245506286621,4.0512614250183105,56.16991424560547,0.7546088099479675,1.5232635736465454,0.8137391805648804,0.026929505169391632,15.69771671295166,0.6735294261263015,0.006841630269195081,0.4146904945373535,0.45430052280426025,0.5607828542001874,3.7785908386470743,17.22186279296875,53.67386245727539
210215.jpg,7.0365460477769375,0.48467397689819336,0.5959953146891355,0.8922716289155235,5.927188396453857,23.20586585998535,0.9173659864167908,0.39668203999116447,7.225601673126221,3.919511552507478,7.44528341293335,2.124744176864624,52.350425720214844,0.7277754545211792,1.308774471282959,0.833997905254364,0.032322078943252563,14.905008316040039,0.5669284465145549,0.011964288809015662,0.3748307228088379,0.4488537907600403,0.5142336406779813,3.890576774436199,19.89666748046875,50.70440673828125
210221.jpg,7.659682743251324,0.5269730687141418,0.5684794612723313,0.8731570845290084,5.783071517944336,23.53635025024414,0.9301815261644667,0.4030694339028861,7.391538619995117,3.7447580312682938,7.454553604125977,2.16137957572937,48.50061798095703,0.6496559381484985,1.5383341312408447,0.8251489400863647,0.0337626077234745,14.715641021728516,0.5724967427904846,0.011376484996092631,0.386152982711792,0.46232399344444275,0.5160352172224147,3.8100500280766965,13.46307373046875,48.37339782714844
210227.jpg,7.6381034553050995,0.4915938079357147,0.6354184545215555,0.895605410017386,5.894669055938721,19.17928695678711,0.9265644541254056,0.38444634005180767,7.246991157531738,4.175238380805858,5.7945237159729,1.7304035425186157,53.29014587402344,0.7333838939666748,1.2321377992630005,0.8160061836242676,0.033373963087797165,14.765922546386719,0.5355039496731738,0.013220619410730303,0.3661808967590332,0.4461495280265808,0.49305640324067523,4.465334392156496,21.62615966796875,46.56568908691406
210230.jpg,7.534169297665358,0.5257486701011658,0.5317687235861511,0.8719507359596634,6.483448028564453,36.88682174682617,0.9314012746001716,0.47104943023815693,7.523557186126709,3.7242534721594645,11.844442367553711,3.4474971294403076,58.24076461791992,0.6653833985328674,1.5143442153930664,0.9219406843185425,0.03782949596643448,14.221695899963379,0.6524283459217673,0.00826008547105176,0.4242394268512726,0.47849389910697937,0.5802146199754404,3.65730379118234,15.91766357421875,48.610626220703125
210231.jpg,7.903492972254753,0.49423256516456604,0.5394011669185167,0.8931062223683375,6.266177654266357,32.325740814208984,0.894953528369555,0.43616712792020434,7.271864891052246,3.6512279170721236,9.701746940612793,3.0369346141815186,51.93766403198242,0.7488090991973877,1.4339981079101562,0.8627791404724121,0.027354862540960312,15.629654884338379,0.6341654330414209,0.009141133677964158,0.39145687222480774,0.4536283612251282,0.5544986938964261,3.595285652976344,17.63836669921875,50.29708480834961
210232.jpg,7.504418831318617,0.5143070220947266,0.5483196309699513,0.8736440565461289,5.943492889404297,24.02265739440918,0.9337381432083742,0.42233930915769025,7.279410362243652,3.6251991128886534,6.7447614669799805,2.212139129638672,47.40169906616211,0.6184979677200317,1.5099501609802246,0.8316236734390259,0.030277209356427193,15.188841819763184,0.5696607304424848,0.011576203546833197,0.3977372348308563,0.448828786611557,0.5297737064912075,4.083971996714585,12.65740966796875,49.54545593261719
210233.jpg,7.506778959184885,0.4810403287410736,0.5352562639276929,0.9017456629437305,6.8161821365356445,59.0515022277832,0.9431745474994623,0.5259343076070452,7.322773456573486,3.7839920530842956,21.477014541625977,5.834817409515381,59.404964447021484,0.8228957056999207,1.5594053268432617,0.8440329432487488,0.020873354747891426,16.8040771484375,0.7365365073460461,0.004902713860683805,0.43232089281082153,0.4709630310535431,0.5760785062370012,3.480513902241281,17.18865966796875,48.12815856933594
210237.jpg,7.25626815110445,0.5278908014297485,0.49611704349156205,0.9103772897404935,7.0056891441345215,68.12371826171875,0.9473016139685462,0.5836694150649384,7.5508623123168945,3.6108859620776705,22.547597885131836,6.759741306304932,60.69069290161133,0.8478522300720215,1.5559823513031006,0.8877773284912109,0.0191385205835104,17.180917739868164,0.7693538224819544,0.0034278835855843545,0.4485466480255127,0.489180326461792,0.6158327047102272,3.6051728414986925,20.82049560546875,53.03185272216797
210239.jpg,8.588488131761551,0.49558988213539124,0.5946219167200896,0.8822407124135273,5.963747024536133,23.741872787475586,0.9323969403248533,0.4087686127168366,7.316808700561523,3.948465657104327,6.947988510131836,2.1574368476867676,53.253318786621094,0.6663487553596497,1.3646270036697388,0.8481136560440063,0.03485116362571716,14.577827453613281,0.5626677043468009,0.014670212456124643,0.3843001127243042,0.44849735498428345,0.5261305633729643,4.120027786903818,18.50701904296875,42.323089599609375
210244.jpg,7.914527226239443,0.5023824572563171,0.5523986741404668,0.8894170613687085,6.698286056518555,44.4309196472168,0.9510402680957384,0.4984089684949953,7.385045528411865,3.889817259578656,14.762187957763672,4.269481182098389,54.667667388916016,0.7800878286361694,1.6066093444824219,0.8627313375473022,0.024547191336750984,16.09998321533203,0.6914754901054827,0.005653706455716311,0.43940046429634094,0.47462737560272217,0.59941476844207,3.6120781236654618,7.70184326171875,42.97885513305664
210248.jpg,7.863569498062134,0.48505958914756775,0.6053590387669445,0.8737560486473167,5.782197952270508,25.15642738342285,0.9483102818323245,0.4433886411577634,7.330409526824951,3.968928698887918,8.581664085388184,2.324810028076172,53.70902633666992,0.5341871976852417,1.4107747077941895,1.0746827125549316,0.04190463200211525,13.777379989624023,0.6445886595695467,0.011497177649075232,0.41197729110717773,0.48705852031707764,0.6390561104226313,4.247861582486992,14.30145263671875,40.82371520996094
210249.jpg,7.748733066022396,0.5028538107872009,0.5529738231294187,0.8891278596351271,6.796905040740967,59.54706954956055,0.9491481543311068,0.5190684786766121,7.426362991333008,3.9325574632521114,21.433448791503906,5.8785834312438965,67.0280990600586,0.7782951593399048,1.5512385368347168,0.8650442361831665,0.033582255244255066,14.73890209197998,0.7283719224021811,0.005090099841525137,0.42943495512008667,0.4698476791381836,0.584166304246374,3.460249767087003,20.09442138671875,48.23219299316406
210250.jpg,7.886569287627935,0.5361928939819336,0.5257821259086165,0.872658138856332,6.4649271965026855,34.80406188964844,0.932895308747718,0.477947026174008,7.481697082519531,3.666452501923956,10.100485801696777,3.2542502880096436,55.279720306396484,0.660398006439209,1.5272128582000732,0.9241034388542175,0.03465808928012848,14.601954460144043,0.6454915136913432,0.00786484440149483,0.4293946325778961,0.46784448623657227,0.5942012342630012,3.6809826482162227,12.45233154296875,46.72962188720703
210252.jpg,8.180216815322638,0.4919482171535492,0.613376593149487,0.8703314456551757,5.890698432922363,28.608884811401367,0.953703724429019,0.4422047795089185,7.325824737548828,4.053364341202423,10.894433975219727,2.6946845054626465,53.92621612548828,0.5345128774642944,1.5011625289916992,1.1101596355438232,0.04573675990104675,13.397346496582031,0.6865008665822957,0.007553885026458823,0.4163908064365387,0.4866151809692383,0.6524508495020083,4.0490761548905665,16.85028076171875,42.033485412597656
210259.jpg,8.198928322643042,0.5152904987335205,0.5137679548103052,0.9067135030473019,7.052893161773682,67.6800537109375,0.9503071569719233,0.5816076874911414,7.564675807952881,3.7550285390650444,22.173934936523438,6.659637451171875,63.84891128540039,0.837579607963562,1.5529522895812988,0.9065806865692139,0.02267388254404068,16.44474220275879,0.7547348807362845,0.004871706106021339,0.4505431652069092,0.49037832021713257,0.6154854210396562,3.2676451375008573,18.74285888671875,49.846961975097656
210263.jpg,8.535895150154829,0.47513648867607117,0.5781171206668673,0.8824489458949397,5.838434219360352,27.260847091674805,0.9324751899383475,0.4039785929716551,7.195593357086182,3.7676078025865465,9.150525093078613,2.49802565574646,51.746429443359375,0.6633597612380981,1.3960025310516357,0.8275909423828125,0.03344620391726494,14.756531715393066,0.5917757006405204,0.017161578209507658,0.3850395083427429,0.46489304304122925,0.5188047469515781,3.8160108833372286,17.70574951171875,43.40868377685547
210270.jpg,7.130998916924,0.49516162276268005,0.49965616613910796,0.88363089422968,6.623585224151611,48.63540267944336,0.952851592366407,0.5647232289244076,7.238663673400879,3.4631883906522756,15.356132507324219,4.73002290725708,45.45283126831055,0.7487903833389282,1.5210938453674316,0.9480631947517395,0.01682312972843647,17.74093246459961,0.7331416117074838,0.004611612165221589,0.449268639087677,0.4771103262901306,0.6410281342834208,3.438618594284229,20.70623779296875,50.34782409667969
210277.jpg,7.962466232478619,0.494940847158432,0.5215240107411867,0.9054071421682228,6.93105411529541,63.6063346862793,0.9494194658927569,0.5574985448763784,7.2607502937316895,3.700692738516276,22.02210807800293,6.350732326507568,52.53010559082031,0.8328312039375305,1.5499911308288574,0.8529881834983826,0.015402826480567455,18.12399673461914,0.7719910902746403,0.0027829887512369317,0.43526947498321533,0.47479861974716187,0.6137086445652468,3.663578563568261,29.02655029296875,53.61936950683594
210284.jpg,7.970820248126984,0.5250188708305359,0.5106561940809448,0.9089706480930693,7.08441686630249,70.86134338378906,0.9513809011522094,0.5915329106766155,7.5705108642578125,3.7418241361854268,23.377565383911133,7.03253173828125,62.401458740234375,0.8440768718719482,1.551220417022705,0.8772655129432678,0.020575273782014847,16.86654281616211,0.7687373191510205,0.0038742309432686956,0.4507763981819153,0.49001049995422363,0.6186853003286439,3.4465982025084703,22.27557373046875,53.31756591796875
210287.jpg,7.732879102230072,0.5382322669029236,0.5430447005009701,0.8721526945068462,5.997399806976318,25.425783157348633,0.9283607779624621,0.42164444223835534,7.412882328033447,3.6412010955427956,7.635956764221191,2.358454942703247,47.56882095336914,0.6382629871368408,1.541207194328308,0.8413350582122803,0.0318489633500576,14.969047546386719,0.5886472538296706,0.010848430941985298,0.3940642476081848,0.4568910002708435,0.5422713582824605,3.6276177392701614,12.63494873046875,47.49248504638672
210288.jpg,8.016600158065557,0.49113160371780396,0.5965547607278475,0.8686273990327105,6.086741924285889,30.710790634155273,0.9559989189117104,0.4578772041949966,7.314901351928711,3.997417945991174,12.257467269897461,2.8538339138031006,56.46330261230469,0.6076167821884155,1.5042845010757446,1.019365906715393,0.04011821746826172,13.966584205627441,0.6563561706382633,0.00859199080464665,0.4229445457458496,0.48264431953430176,0.6185546353352163,4.321882471773322,15.08221435546875,42.93959045410156
210293.jpg,7.73540486395359,0.48396560549736023,0.4896658976187051,0.8930999306171543,6.649697780609131,57.03899002075195,0.9235461916074512,0.49879314686882126,7.2756547927856445,3.4093940939760152,20.86639976501465,5.690981388092041,53.773746490478516,0.7806947231292725,1.4828574657440186,0.8743653297424316,0.022092849016189575,16.55748176574707,0.7572774643402833,0.0035691837338155106,0.417044460773468,0.47245049476623535,0.5724040875703583,3.8035601299313733,27.34246826171875,52.338462829589844
210295.jpg,7.710456263273954,0.5141394734382629,0.5930671296205438,0.9146837500034396,6.94789457321167,93.15196228027344,0.9724933257340418,0.6081868881639358,7.448806285858154,4.2691157755881495,31.000957489013672,9.429452896118164,57.062950134277344,0.848819375038147,1.5451231002807617,0.8243020176887512,0.01946421153843403,17.10763168334961,0.8227182976075843,0.0018190850972216474,0.4603688418865204,0.47573980689048767,0.6638190835099388,3.9200288013195315,39.38153076171875,50.321739196777344
210296.jpg,7.014119274914265,0.5121551156044006,0.48703441304168216,0.9069480392549255,6.753907680511475,50.171852111816406,0.9064940373653965,0.4931248791252582,7.293773651123047,3.4208609252349085,15.928360939025879,4.911044597625732,49.98822784423828,0.8369144201278687,1.5776703357696533,0.7990834712982178,0.01658908650279045,17.801774978637695,0.7179613504150757,0.0043037895053124045,0.41732144355773926,0.4478267431259155,0.5604002347778841,3.8369254877874446,27.27947998046875,45.08095932006836
210303.jpg,8.910198707133532,0.5097728967666626,0.5638915902015899,0.8871885333898625,5.96812105178833,22.053874969482422,0.923967809371659,0.422723567132157,7.242667198181152,3.7247357850518146,6.371145725250244,2.017932415008545,49.45149230957031,0.6953001618385315,1.2836964130401611,0.8057603240013123,0.029963180422782898,15.234121322631836,0.5439537055156778,0.012744729821289965,0.3796457350254059,0.4507012367248535,0.49801313261614266,4.113740774366162,16.60028076171875,43.98958969116211
210306.jpg,8.088570602238178,0.4731697142124176,0.6100573735289554,0.8776364568699144,5.840859413146973,19.389551162719727,0.9423425169146361,0.4260366669004201,7.107234001159668,3.9495509152548554,6.523971080780029,1.7801506519317627,48.830650329589844,0.6232999563217163,1.3476194143295288,0.8635300993919373,0.02823011577129364,15.492873191833496,0.563077780268502,0.009980702163783104,0.39390209317207336,0.4702931046485901,0.5302413847071332,4.125927449312752,22.63836669921875,44.341888427734375
210308.jpg,8.096843041479588,0.5070264935493469,0.5797532900962594,0.8852862643113544,5.964287757873535,23.96180534362793,0.9213887152352378,0.41756587231078135,7.2512736320495605,3.8308929667381673,7.1030402183532715,2.2221462726593018,50.3931770324707,0.6903981566429138,1.3926366567611694,0.7839206457138062,0.02930104173719883,15.331171035766602,0.5697499177088626,0.012504737730804988,0.3896879553794861,0.4613853991031647,0.5078178621120748,3.8219448771531868,11.38494873046875,50.06523895263672
210310.jpg,7.856347315013409,0.4952300190925598,0.54199323587372,0.9073456628036456,6.937041759490967,81.9297103881836,0.9515042739370598,0.5646044183409982,7.427822113037109,3.8928396994506276,27.83110809326172,8.221590995788574,62.96647262573242,0.8389453291893005,1.5422322750091553,0.8583669662475586,0.02138972282409668,16.697948455810547,0.7858926308400289,0.0033468146951936588,0.44195622205734253,0.473723828792572,0.6013119470286975,3.624777128481356,36.03631591796875,49.42062759399414
210320.jpg,7.928151294589043,0.5452429056167603,0.48217989823711815,0.9034436686973806,7.117680072784424,71.18024444580078,0.9546159508599946,0.6049676101458732,7.600841522216797,3.548496725960968,22.32042121887207,7.044677734375,58.105926513671875,0.8276968002319336,1.5864884853363037,0.8495076894760132,0.020358245819807053,16.912595748901367,0.7674354108296031,0.0035671117842150215,0.4602774381637573,0.49052000045776367,0.631761862182372,3.4364838606125687,23.19158935546875,52.219749450683594
210325.jpg,8.475060354918242,0.5040545463562012,0.5664671472901398,0.8858939270683807,5.9742913246154785,26.90010643005371,0.9204537580760486,0.42963915378995526,7.326503753662109,3.767241958542412,8.423276901245117,2.477933168411255,46.58591842651367,0.6991323232650757,1.2435853481292725,0.9058613181114197,0.027732370421290398,15.570130348205566,0.616521928294442,0.011034797197774627,0.3890276551246643,0.45954519510269165,0.5647054687759451,3.7611111097233763,11.42205810546875,50.9354362487793
210333.jpg,8.479056853801012,0.4992685317993164,0.5873972193665086,0.8953797119955889,5.9962477684021,21.62881851196289,0.9250400709092315,0.4216873447383684,7.1962409019470215,3.874626537570208,6.427976131439209,1.9883211851119995,48.34252166748047,0.751032829284668,1.3299939632415771,0.7715182304382324,0.02480359375476837,16.054855346679688,0.5425658541289013,0.012527812769417428,0.38684263825416565,0.45754775404930115,0.47306590340901056,4.113720810016597,12.39910888671875,49.123329162597656
210336.jpg,8.052600860595703,0.4787289798259735,0.5789739093476111,0.8882595934410726,5.884994983673096,29.81403923034668,0.9220429153649565,0.41414119189633036,7.274926662445068,3.8096363463940612,9.737309455871582,2.7399520874023438,53.664798736572266,0.7032286524772644,1.276271939277649,0.8271045684814453,0.033420976251363754,14.759808540344238,0.6010788920223925,0.019222234729565656,0.3796061873435974,0.4650554358959198,0.5188762796079327,3.5633184886903346,15.42596435546875,44.637516021728516
210337.jpg,8.329542022198439,0.5129814147949219,0.50646315513059,0.890505109668458,6.818686008453369,59.793617248535156,0.946743824988938,0.5590173324913305,7.521599769592285,3.631422424826276,19.43363380432129,5.855101108551025,60.43294906616211,0.7816557884216309,1.4983267784118652,0.9184273481369019,0.02608252316713333,15.836504936218262,0.7369134204856282,0.004906587116312181,0.44118818640708923,0.4741297662258148,0.613280511557815,3.319766318941856,17.51776123046875,57.530616760253906
210338.jpg,8.167352054268122,0.4994557499885559,0.5940118864933243,0.8879273473659733,5.981510639190674,21.735614776611328,0.9264166477612186,0.4139000537283966,7.225708961486816,3.9226334967618417,6.410503387451172,2.0054070949554443,49.61710739135742,0.7058644890785217,1.3811745643615723,0.7973100543022156,0.027297133579850197,15.638829231262207,0.5613309723326007,0.011364439411319094,0.38530510663986206,0.4473007917404175,0.5096568410615114,4.221204681159872,10.67010498046875,49.60331344604492
210341.jpg,8.150551185011864,0.5005355477333069,0.5771026711451545,0.8886174013749621,5.948398113250732,21.289392471313477,0.9248117500142938,0.41871889819003627,7.1892218589782715,3.7908882318510333,6.414287090301514,1.9519903659820557,47.54277801513672,0.7122458219528198,1.2629420757293701,0.8172773122787476,0.0260715801268816,15.83832836151123,0.5528367197412246,0.01171239272951642,0.3818790316581726,0.46299293637275696,0.5003640809171765,4.082750901381487,15.57293701171875,47.624839782714844
210346.jpg,8.060945685952902,0.48238322138786316,0.5904586962736695,0.8902360956919357,5.889881610870361,20.48636817932129,0.9323715465464444,0.4182290023742244,7.140438079833984,3.8469429286641734,6.106281757354736,1.882045030593872,47.52613067626953,0.7210085391998291,1.3687176704406738,0.7947483062744141,0.024391796439886093,16.1275634765625,0.5428153874573075,0.010782780805552922,0.3864676058292389,0.44714847207069397,0.49219211834062576,4.46789366777778,10.84246826171875,45.96705627441406
210348.jpg,8.842848971486092,0.4981697201728821,0.5690864684019017,0.892263411499556,6.026111602783203,25.28506088256836,0.9171022385242736,0.41945431647174325,7.288158416748047,3.788495638666033,8.08486270904541,2.344550132751465,51.751197814941406,0.7337276935577393,1.3134335279464722,0.8117796778678894,0.029570218175649643,15.291454315185547,0.5831888715973519,0.011063697004185745,0.3812221884727478,0.4625147581100464,0.5149399072168824,3.755200651519807,11.95623779296875,51.25249481201172
210349.jpg,8.339607052505016,0.5052823424339294,0.5514624893340921,0.8839868038152432,6.1474080085754395,30.31988525390625,0.917833608133951,0.43448488477110647,7.342083930969238,3.7194848797357363,9.902116775512695,2.828045606613159,52.31325912475586,0.6982676386833191,1.4084841012954712,0.7811486721038818,0.029946889728307724,15.236483573913574,0.5915766968959747,0.01220925990366459,0.3983937203884125,0.4499545693397522,0.5063611010385692,3.550706916187275,9.97723388671875,49.531314849853516
210365.jpg,8.307034719735384,0.5319336652755737,0.47113186116257777,0.8694457020078659,6.295107364654541,34.03744125366211,0.9272318894193874,0.4915461094917965,7.1543121337890625,3.168233639754366,11.637877464294434,3.234403371810913,39.50822830200195,0.6582586765289307,1.580615520477295,0.8166519403457642,0.019729478284716606,17.048843383789062,0.6449218725581553,0.007839523334774369,0.41905850172042847,0.4694286286830902,0.5739235338247463,3.412238018794795,13.18865966796875,50.31159591674805
210366.jpg,8.273418311029673,0.4892340302467346,0.5417983219816516,0.8928209044417836,6.424564838409424,37.73749923706055,0.9140093450562209,0.47719270253594337,7.25206184387207,3.7049965865811174,13.951760292053223,3.645622968673706,51.82189178466797,0.7737987041473389,1.4585351943969727,0.8509476184844971,0.021608203649520874,16.653812408447266,0.6868406735468742,0.0048519988267616675,0.4128222167491913,0.46191927790641785,0.5630313003771229,3.904236067359234,13.13006591796875,48.56549072265625
210367.jpg,7.998755767941475,0.5113345384597778,0.5220423869590429,0.8805684819122843,6.802013397216797,63.16188430786133,0.9531905021260081,0.5635357768994161,7.416700839996338,3.711395489851613,20.64664077758789,6.232154369354248,53.518775939941406,0.7441729307174683,1.5919091701507568,0.849923849105835,0.026545219123363495,15.760137557983398,0.7435107431838501,0.004810468600369451,0.45512497425079346,0.4721266031265259,0.629013565135558,3.5412068857325236,19.92791748046875,50.461463928222656
210368.jpg,8.656590566039085,0.4926609992980957,0.5721409498376433,0.9037539710437761,6.1839213371276855,24.66132926940918,0.9052038359631779,0.422119080855555,7.211956024169922,3.8321752948591143,6.854164123535156,2.2902729511260986,52.65842819213867,0.7842133641242981,1.3342761993408203,0.8183588981628418,0.02656703069806099,15.756570816040039,0.5790902737044195,0.011153258418314767,0.38317418098449707,0.4528953433036804,0.5118334147802499,3.7383416783737564,14.59246826171875,47.994956970214844
210371.jpg,8.658914234489202,0.48942747712135315,0.5621438768058744,0.8826251393205345,5.9036478996276855,31.075393676757812,0.9300585813974994,0.4205115118519981,7.299464225769043,3.711034852899422,10.239715576171875,2.8581383228302,53.10157012939453,0.6641056537628174,1.328635573387146,0.8324102759361267,0.03490366414189339,14.571290016174316,0.6057067104838817,0.01714694870124569,0.386687308549881,0.46380341053009033,0.5249913324721303,3.5663109982095724,14.41229248046875,44.92631530761719
210372.jpg,8.687076818197966,0.5208489298820496,0.5488332085425319,0.8723827894504951,6.054971694946289,22.98154640197754,0.9392442986134933,0.43111762559127914,7.224846363067627,3.644212883914287,6.669343948364258,2.1225037574768066,44.950340270996094,0.6204507946968079,1.5700513124465942,0.8258239030838013,0.027789993211627007,15.561115264892578,0.5705879385890259,0.010034561155725699,0.404150128364563,0.4625203013420105,0.5329256627520624,4.038901001141853,15.26336669921875,50.999446868896484
210384.jpg,7.864136666059494,0.5414618253707886,0.531049649809922,0.8710055393954828,6.132296562194824,28.438745498657227,0.9285404903352984,0.4373730018142487,7.371159553527832,3.5855124882012746,9.547220230102539,2.6512207984924316,46.401485443115234,0.636867880821228,1.563504695892334,0.8278650045394897,0.029530514031648636,15.297289848327637,0.6104920234709524,0.008500063107318911,0.4031912386417389,0.46380406618118286,0.5452276303166276,3.7706603041589535,13.25457763671875,51.6229133605957
210386.jpg,8.404254082590342,0.48159143328666687,0.5698342824661199,0.8827371397618495,5.835873603820801,30.66294288635254,0.927570534085059,0.41513646706446256,7.303688049316406,3.7436966061132306,9.761175155639648,2.817460775375366,53.257694244384766,0.6629090309143066,1.3408594131469727,0.8402833938598633,0.03538499400019646,14.511809349060059,0.6061088374519705,0.01876471526378765,0.38414889574050903,0.46175187826156616,0.5326809662882642,3.570304955585461,14.13934326171875,46.26154327392578
210392.jpg,8.368889048695564,0.5254878401756287,0.5352102960751439,0.8752574685995466,6.15222692489624,23.825496673583984,0.9263805628074787,0.41121044025953835,7.316561222076416,3.6043269984736863,6.823698043823242,2.2030446529388428,48.42176055908203,0.6691879034042358,1.5474903583526611,0.7844234704971313,0.029857836663722992,15.24941635131836,0.5538366698109327,0.011726412992517633,0.3956752419471741,0.47135961055755615,0.49263064745687274,3.8491830547124763,10.39031982421875,43.0360221862793
210405.jpg,8.334444627165794,0.5066795349121094,0.561191605535837,0.9036867134581807,6.9535017013549805,54.25518798828125,0.9547598434617749,0.567001518790413,7.309170246124268,4.0020566475804475,17.994836807250977,5.349137783050537,51.430023193359375,0.8282080888748169,1.5535469055175781,0.8470317125320435,0.01539367251098156,18.12657928466797,0.7470376804353289,0.0037783041231980556,0.44227588176727295,0.4632389545440674,0.6263649301183574,3.5262104067637905,22.69598388671875,50.23151397705078
210407.jpg,8.353598970919847,0.48725637793540955,0.5959467878661838,0.8684018582752011,6.130359172821045,27.046478271484375,0.9572318824480182,0.44957301258657045,7.2943525314331055,4.000217869373541,10.114978790283203,2.485947370529175,53.14384460449219,0.6183381676673889,1.5384185314178467,1.0335853099822998,0.03681306540966034,14.339981079101562,0.6261536156600985,0.00820019085579382,0.42277202010154724,0.4777951240539551,0.6148185836959756,4.259404944645264,23.54901123046875,44.131046295166016
210409.jpg,8.099834904074669,0.5019357800483704,0.5711494647295962,0.895103473814844,6.090317726135254,23.818084716796875,0.9145294164762978,0.4142799907945536,7.2446184158325195,3.8081310125836385,6.796997547149658,2.2038159370422363,50.94255447387695,0.7467560768127441,1.3608951568603516,0.77591872215271,0.027412233874201775,15.620556831359863,0.5582424706897364,0.011068767608196192,0.38678210973739624,0.45782673358917236,0.4849526081033016,3.9103483515753124,10.83172607421875,50.620887756347656
210411.jpg,8.071917343884706,0.5511296391487122,0.4237934881041197,0.8873880584817162,6.863269805908203,78.20365905761719,0.9329052738676635,0.5538294140754619,7.564141273498535,3.0571293394520715,25.63417625427246,7.760279178619385,54.289093017578125,0.7739585638046265,1.5611294507980347,0.8418546319007874,0.02374287322163582,16.244667053222656,0.756276162710445,0.004879975134462929,0.44448554515838623,0.49133312702178955,0.5849435210667627,3.62823284600668,23.96258544921875,47.62224578857422
210413.jpg,8.05349387973547,0.5108498930931091,0.5167437676230756,0.8857500301612065,6.867293357849121,63.34893798828125,0.948284427390735,0.55982769480574,7.386763572692871,3.6828567561035044,20.41066551208496,6.243551731109619,52.75920867919922,0.7659088373184204,1.5858852863311768,0.8402851223945618,0.022835779935121536,16.413843154907227,0.7504985078047444,0.003779745600549913,0.450448602437973,0.4743357002735138,0.620049603817337,3.668679744244412,20.51483154296875,52.18937301635742
210418.jpg,7.907736577093601,0.4919625222682953,0.5599710848753816,0.8787308520981236,5.978322982788086,29.169126510620117,0.9255774425772301,0.4274335599459795,7.285810470581055,3.713775841763404,9.916561126708984,2.6932873725891113,52.273681640625,0.6775854825973511,1.406961441040039,0.8762091398239136,0.033638931810855865,14.73157787322998,0.6079094201054641,0.011561522774828921,0.3891853094100952,0.4595414996147156,0.5479328757684403,3.6490352913481816,13.67352294921875,44.78704071044922
210421.jpg,8.126331463456154,0.5384659171104431,0.4761557993401397,0.8925291352322094,7.043701648712158,77.77651977539062,0.9514497918140216,0.5736122672850403,7.463951587677002,3.4539602963905125,24.97024154663086,7.7396979331970215,55.63508987426758,0.7924893498420715,1.5456798076629639,0.8427612781524658,0.02166878432035446,16.64165496826172,0.7748736305351039,0.003571450924374263,0.4493759274482727,0.4684097170829773,0.6094904022338398,3.678318293461387,27.02655029296875,49.44083786010742
210423.jpg,7.948365192860365,0.5030896067619324,0.5199814454775031,0.8864202819544162,6.843708515167236,63.87663650512695,0.948800307008312,0.5639000117900148,7.401303768157959,3.703580655774539,20.420433044433594,6.28522253036499,53.13430404663086,0.7686052918434143,1.5832924842834473,0.8505687117576599,0.022829078137874603,16.415115356445312,0.7540062659210531,0.003929842920240236,0.4496937096118927,0.4721449017524719,0.6221425734919864,3.507740289229473,20.61199951171875,48.663230895996094
210427.jpg,8.101629201322794,0.4847128987312317,0.5486057314081053,0.8842023726807146,6.307724952697754,27.848331451416016,0.9361893576209781,0.45805964172088587,7.206868648529053,3.7071019538791994,9.437962532043457,2.592512845993042,50.54108428955078,0.7240028381347656,1.4521206617355347,0.8318623304367065,0.024777133017778397,16.059490203857422,0.5952273887249675,0.012720187315975075,0.4027601480484009,0.46197664737701416,0.526850985819006,3.737546960080896,10.96942138671875,45.551231384277344
210431.jpg,7.630217049270868,0.4772375524044037,0.6221127017781188,0.8786202584889143,5.91817045211792,18.319997787475586,0.9420320974998572,0.4304879534744445,7.10122013092041,4.049775850709912,5.596512317657471,1.6635092496871948,49.037681579589844,0.6336503624916077,1.288901925086975,0.8782560229301453,0.028020963072776794,15.525169372558594,0.5481613680681584,0.010745176812291778,0.4008726477622986,0.4707922041416168,0.5248325262243987,4.366130851352118,23.54119873046875,41.05604553222656
210432.jpg,7.869096264243126,0.47937899827957153,0.5556245128960519,0.8711966588721765,6.457453727722168,40.37489700317383,0.9373517730495031,0.4962031105195852,7.228715896606445,3.802196256096769,13.172955513000488,3.8801045417785645,51.045284271240234,0.682769238948822,1.524646520614624,0.8797105550765991,0.02643561363220215,15.778106689453125,0.698121893269763,0.007583492224023155,0.43209555745124817,0.47006604075431824,0.607138823442819,3.695117888432306,12.21112060546875,50.54833984375
220011.jpg,7.93797929957509,0.597730278968811,0.4875953003451209,0.8622875169204842,6.554503917694092,39.26890182495117,0.91180173843386,0.41273267161189975,7.503069877624512,3.4272127877386325,13.936164855957031,3.7558517456054688,50.1575927734375,0.5841455459594727,1.627936840057373,0.8252552151679993,0.04938025027513504,13.064468383789062,0.6452059646864345,0.00959035184681642,0.3831191062927246,0.43703263998031616,0.5501209106511982,3.2538820417617385,11.48553466796875,59.02584457397461
220014.jpg,7.9137065932154655,0.6027346253395081,0.5529875740743276,0.8630019376356262,6.25895357131958,30.956348419189453,0.9266321396481274,0.3827091001189467,7.597231388092041,3.8311592156377188,10.884056091308594,2.900723695755005,53.809017181396484,0.5804426670074463,1.648287057876587,0.8116405010223389,0.05877025052905083,12.308424949645996,0.5970674066508355,0.010171918857194744,0.37070751190185547,0.43015891313552856,0.526842842620369,3.6173717437282793,10.47479248046875,43.228553771972656
220016.jpg,7.956236127763987,0.5763458609580994,0.4322440694378098,0.8733829413655336,6.894645690917969,73.38663482666016,0.9348687390454998,0.5322859684516932,7.6108551025390625,3.1349661118283745,23.788719177246094,7.3681535720825195,52.75807189941406,0.7018848657608032,1.589489221572876,0.8783339262008667,0.03228304907679558,14.91025447845459,0.7553667089103139,0.004571494190172331,0.43993261456489563,0.46234503388404846,0.5992427862507764,3.1580894355645532,29.60174560546875,54.949588775634766
220018.jpg,7.704131707549095,0.6301290392875671,0.3961947691251113,0.8656313854601578,7.187726974487305,92.63569641113281,0.9295375036317939,0.5577286636921343,7.772514820098877,2.9635920946641576,30.613685607910156,9.288565635681152,56.34463119506836,0.6608307957649231,1.6651983261108398,0.8507816195487976,0.044213663786649704,13.544435501098633,0.763049148554478,0.004347490761287437,0.4404779374599457,0.47209420800209045,0.5854114184848158,3.3347973879978,23.47528076171875,58.55607986450195
220032.jpg,7.846713203936815,0.5627066493034363,0.532652686529083,0.8658618175790385,6.1533942222595215,24.840879440307617,0.9287820809972983,0.41251397139821083,7.186492443084717,3.552773362316712,8.284601211547852,2.3374061584472656,39.23603820800781,0.5309599041938782,1.5963807106018066,0.8550010919570923,0.03363804891705513,14.73169231414795,0.6062934336581467,0.00873657993872286,0.3779613971710205,0.42057839035987854,0.5573149951827133,3.408711882324025,14.29852294921875,43.60224914550781
220039.jpg,7.812751073390245,0.5720729827880859,0.4254524229348263,0.8804898813338905,6.665824890136719,62.19792556762695,0.9053934925957976,0.509116154347596,7.470920562744141,3.007264176994946,20.377620697021484,6.239281177520752,45.743690490722656,0.7376238107681274,1.6170482635498047,0.8327118754386902,0.024023598060011864,16.193620681762695,0.7709296370904813,0.0029522335131062787,0.42966264486312866,0.43210500478744507,0.6052481152363902,3.1310568172736426,28.96502685546875,63.29362106323242
220040.jpg,7.675415597856045,0.5754728317260742,0.4808060097229982,0.8642359153301434,6.751044273376465,45.23216247558594,0.920122548956522,0.4701690848394213,7.580224990844727,3.4452890842974337,16.25057029724121,4.417632579803467,50.577701568603516,0.6455180644989014,1.5750861167907715,0.857028603553772,0.03564523160457611,14.479986190795898,0.6937859476934198,0.006123309757273457,0.4143792390823364,0.45537734031677246,0.5695262370490656,3.343471667283151,11.00506591796875,37.124786376953125
220043.jpg,7.364535771310329,0.5683643221855164,0.5720967557844071,0.8671726816968718,6.006167888641357,24.155771255493164,0.9311979481164075,0.39218865760501775,7.305239677429199,3.8077170684156076,8.579073905944824,2.277559995651245,42.92547607421875,0.5165605545043945,1.605628252029419,0.8232059478759766,0.04061459004878998,13.913179397583008,0.6018301832847525,0.008783666786728435,0.3722760081291199,0.41615134477615356,0.5473540865693852,3.531795830136185,11.66473388671875,46.362491607666016
220051.jpg,7.929821368306875,0.5844331383705139,0.423607641487843,0.8685727950891874,6.9558563232421875,70.60797882080078,0.9187424041742878,0.5121765798044468,7.660384178161621,3.095783650860504,22.459638595581055,7.00593900680542,54.250999450683594,0.6756011247634888,1.615856647491455,0.8398951292037964,0.037579044699668884,14.250543594360352,0.7284929324797209,0.005458224313184995,0.4358268082141876,0.46389928460121155,0.5856721481869086,3.1794019113356615,24.97967529296875,59.423614501953125
220053.jpg,7.9514822997152805,0.570359468460083,0.4470426263712642,0.8813081026434475,7.01894474029541,98.58672332763672,0.9426332344699289,0.5813599927226346,7.742249965667725,3.299449911833209,31.998783111572266,10.017852783203125,57.527862548828125,0.7498639822006226,1.5918669700622559,0.8971158266067505,0.030169053003191948,15.204383850097656,0.8003074249683247,0.002949497126371719,0.44949638843536377,0.46983033418655396,0.6128357486309557,3.4702997667298483,33.70037841796875,62.47418212890625
220054.jpg,7.180744972079992,0.5625237822532654,0.5438497212887261,0.86631312242604,6.207949161529541,27.26104736328125,0.9400096518967921,0.43514152620839347,7.226027488708496,3.653042336246889,8.5509033203125,2.5350663661956787,38.211952209472656,0.43111738562583923,1.655532717704773,0.967571496963501,0.03530079126358032,14.52215576171875,0.6388813775726588,0.009833168118404075,0.3953121602535248,0.4295145273208618,0.6094382237949298,3.4194945273997632,16.19451904296875,45.75341796875
220055.jpg,7.340947475284338,0.6413788795471191,0.38927823709319054,0.8717654600955673,7.237539291381836,111.44658660888672,0.9388292121379624,0.5989279138254734,7.76816463470459,2.920704245463847,34.94856262207031,11.35899829864502,55.3938102722168,0.6740238666534424,1.6563422679901123,0.7842236757278442,0.03932538256049156,14.05327033996582,0.7940616969785925,0.002744888472190999,0.4547281265258789,0.46229326725006104,0.5981119966067553,3.3348045033133014,30.31463623046875,65.70328521728516
220056.jpg,7.536017872393131,0.5644605755805969,0.5307239157690022,0.8654660884252544,6.169233798980713,25.015661239624023,0.9285662773424062,0.41503605368551355,7.191075325012207,3.5453275544982112,8.265239715576172,2.3562800884246826,39.187957763671875,0.5319678783416748,1.6016345024108887,0.8567934036254883,0.03348492830991745,14.751506805419922,0.6104480653928765,0.008394626724799209,0.3795980215072632,0.4240309000015259,0.560019588410633,3.4021867413979723,13.05682373046875,44.71279525756836
220060.jpg,7.5838307328522205,0.5731313824653625,0.5133747209547964,0.8593027621133393,6.432765007019043,33.200138092041016,0.9254037736231635,0.41214976732998887,7.429314136505127,3.5582297408068566,11.999337196350098,3.1340978145599365,47.066471099853516,0.5925502777099609,1.6067705154418945,0.8476465940475464,0.041063908487558365,13.865398406982422,0.6217012979857526,0.009884058954933715,0.3907972574234009,0.4070219397544861,0.545192082004717,3.412901751884575,14.30682373046875,44.323036193847656
220061.jpg,7.68458241596818,0.5991660952568054,0.38234153746831917,0.8626898773018092,6.9189934730529785,70.65013122558594,0.9259572141415522,0.5270259114016288,7.610777378082275,2.777674404554528,22.1927490234375,6.912429332733154,51.338680267333984,0.6336878538131714,1.583763599395752,0.8822554349899292,0.038253262639045715,14.17331600189209,0.7205270994680258,0.007404322225525109,0.43654826283454895,0.4518957734107971,0.5747373094075964,3.2362009759568875,21.18865966796875,57.295711517333984
220062.jpg,7.343988128006458,0.571855366230011,0.5559176802639567,0.8681376024235898,6.1380486488342285,24.309362411499023,0.9354780463336377,0.4028139113547138,7.320554733276367,3.7409479367779177,7.920841693878174,2.2846035957336426,41.19368362426758,0.4494692087173462,1.6464236974716187,0.8987056016921997,0.04115866869688034,13.855386734008789,0.6083382445681074,0.008638901001775591,0.3830450177192688,0.42804408073425293,0.5835535524327785,3.441271161800023,13.07440185546875,43.09745788574219
220067.jpg,7.738754477351904,0.5751884579658508,0.4344212432416371,0.8802783009426511,7.037257671356201,97.54561614990234,0.9373986243718573,0.5861199803687241,7.695660591125488,3.2001544353720313,30.71944808959961,9.800945281982422,55.332942962646484,0.7448811531066895,1.5992319583892822,0.8542521595954895,0.02769479714334011,15.576018333435059,0.7788843234301237,0.003979813399170097,0.4492158889770508,0.47532299160957336,0.5911185024398231,3.166076073854428,30.30389404296875,64.65841674804688
220068.jpg,7.717014946043491,0.5904220938682556,0.4197976473255564,0.8756702546877785,7.0035552978515625,89.788330078125,0.9380208120543174,0.5518142123252622,7.689250946044922,3.084010515532178,29.749975204467773,9.110902786254883,56.10356521606445,0.7236292362213135,1.5759787559509277,0.8231199383735657,0.032927803695201874,14.824372291564941,0.7810806034793801,0.003646468631895616,0.4442164897918701,0.4581265151500702,0.5917026910478128,3.2937749452148015,32.10809326171875,55.32658004760742
220072.jpg,7.593033414334059,0.5561494827270508,0.5555541491848839,0.8667598462922702,6.018414497375488,21.967933654785156,0.9345322251826936,0.4041254778906591,7.121264457702637,3.6499116937775504,7.473703861236572,2.052050828933716,37.822105407714844,0.5256652235984802,1.5912656784057617,0.8657885193824768,0.031932707875967026,14.957642555236816,0.5965812522854379,0.008629509880989247,0.3750217854976654,0.41681745648384094,0.5582348596616309,3.7122798612482732,12.90496826171875,41.80302810668945
220075.jpg,7.657959621399641,0.6017872095108032,0.381228310648401,0.8740528587055559,7.085501670837402,92.4491195678711,0.9187659450108884,0.5697196647226247,7.661721229553223,2.8110364085574684,27.04201316833496,9.316615104675293,53.432315826416016,0.7082844972610474,1.6614153385162354,0.8350127339363098,0.03246679529547691,14.88560676574707,0.7949331186241924,0.0030856127356511955,0.44372421503067017,0.444444477558136,0.6186720328153202,3.2332177889531493,31.62274169921875,66.52680206298828
220082.jpg,7.364558063447475,0.562680721282959,0.5358076317445876,0.8637542060430887,6.408885955810547,27.814563751220703,0.9400057064557672,0.4532389453421024,7.379066467285156,3.6938547463970117,9.260293006896973,2.6407711505889893,43.74168395996094,0.5728585124015808,1.5888755321502686,0.9427610635757446,0.03415470942854881,14.665494918823242,0.6426707085820749,0.006359779655456592,0.40593087673187256,0.4613691568374634,0.605462774839111,3.379899056618363,12.16961669921875,37.189735412597656
220083.jpg,7.556693226099014,0.5888672471046448,0.404652779282496,0.8668334198046108,6.3323445320129395,44.80337142944336,0.8683390719902726,0.4400876508026311,7.359323024749756,2.7701931449432156,13.377753257751465,4.382079601287842,41.36978530883789,0.6146160960197449,1.7135908603668213,0.8144965171813965,0.03322698548436165,14.785091400146484,0.6996355183950953,0.005578236690456383,0.4010902941226959,0.41909611225128174,0.5858648626370029,3.271032843307929,24.95037841796875,56.01017761230469
220086.jpg,7.622533347457647,0.6145097017288208,0.3984053190757633,0.8646293562799028,7.09760046005249,62.46767807006836,0.9352232735510978,0.5558957972197867,7.497221946716309,2.9073348757563107,20.812116622924805,6.208703994750977,46.51386260986328,0.6641243696212769,1.6170027256011963,0.8549004197120667,0.02794998697936535,15.536185264587402,0.7556606436708719,0.0032582640532812517,0.4438125491142273,0.4783543348312378,0.6152172569624167,3.1676908966960227,23.03192138671875,38.721214294433594
220088.jpg,7.562371976673603,0.6006985902786255,0.3845580499991925,0.8622929739822217,6.711611270904541,63.04475021362305,0.874053429836875,0.4739505036617979,7.529230117797852,2.738221988672322,18.91959571838379,6.133358955383301,48.65555953979492,0.615358293056488,1.6392383575439453,0.7800213098526001,0.03800473362207413,14.20162296295166,0.7019224644957167,0.007882950967548352,0.4114857316017151,0.42091938853263855,0.5532874793699434,3.2374238461024545,26.60272216796875,70.60042572021484
220091.jpg,7.8002243265509605,0.5641746520996094,0.46527728230764676,0.8741287087753388,6.5452470779418945,45.805721282958984,0.8937697928840926,0.4554960621845462,7.616562843322754,3.29459268189834,15.536561965942383,4.432067394256592,52.91563415527344,0.668899655342102,1.5034629106521606,0.8359061479568481,0.0364561527967453,14.382291793823242,0.6752985095203751,0.00798685826618239,0.4005246162414551,0.4630165696144104,0.541577282161564,3.2095503433735355,15.62664794921875,52.507354736328125
220092.jpg,7.3494375012815,0.5614516139030457,0.5470477191791312,0.8672786916628022,6.0197272300720215,22.182538986206055,0.9365030107340078,0.4046095384845707,7.147039413452148,3.6014349411762154,8.146143913269043,2.085453510284424,38.0173225402832,0.5151339769363403,1.6041688919067383,0.8701168298721313,0.032458819448947906,14.886673927307129,0.6021392847712018,0.007933660191559189,0.3729824423789978,0.42483121156692505,0.5692059620610983,3.485618763383615,13.93621826171875,41.273902893066406
220102.jpg,7.74654908105731,0.5550517439842224,0.5559867738139825,0.8673348021572773,6.050111293792725,24.765451431274414,0.9314351137496616,0.41211665913058426,7.27471923828125,3.704225059413085,7.973823547363281,2.317451000213623,40.2367057800293,0.4817996919155121,1.620685338973999,0.9082906246185303,0.03533492237329483,14.517959594726562,0.6141771978650765,0.01017386569685601,0.3832119405269623,0.42700257897377014,0.5800148679162251,3.6356699696269317,13.13250732421875,43.11250305175781
220105.jpg,7.647820509970188,0.584764838218689,0.5525609657769588,0.8688347827524663,6.115391731262207,26.014358520507812,0.927695961873676,0.4040729882148701,7.387218952178955,3.730517987578093,8.402543067932129,2.471562623977661,43.41564178466797,0.45657414197921753,1.6418178081512451,0.8296400308609009,0.04455747455358505,13.510794639587402,0.6039085142724133,0.008380307009739334,0.38168948888778687,0.42704522609710693,0.5581771562201194,3.453373927971095,10.80291748046875,43.97882843017578
220107.jpg,7.723124418407679,0.6242638826370239,0.32943778823653513,0.858567674484769,7.093961715698242,91.08131408691406,0.9226563027036381,0.5447389439561102,7.560161590576172,2.4138170295547496,26.514894485473633,9.076862335205078,47.75035095214844,0.6086366772651672,1.6414943933486938,0.7974086403846741,0.03617405891418457,14.416028022766113,0.7627171608030255,0.004799326934246886,0.4474944472312927,0.45024043321609497,0.5855961549466266,3.357375375409376,31.22723388671875,58.6610107421875
220116.jpg,7.576596707105637,0.647115170955658,0.4093312882999245,0.8700994816906409,7.1698737144470215,87.2354507446289,0.9336166116393916,0.57156784786351,7.693209171295166,3.0419699397534643,26.64723777770996,8.751532554626465,53.183692932128906,0.6328674554824829,1.6542322635650635,0.768613338470459,0.040960244834423065,13.876375198364258,0.7474776710290377,0.004074630782733787,0.45398038625717163,0.45844757556915283,0.5852668720981259,3.3182763682983,29.81805419921875,67.40969848632812
220118.jpg,7.634569935500622,0.5601492524147034,0.4802788906269448,0.8766841371030129,6.420586109161377,37.283485412597656,0.9052755672858677,0.4698749074480419,7.405783176422119,3.3202656944063786,12.49986457824707,3.605883836746216,46.01008224487305,0.6946750283241272,1.5639457702636719,0.8261486887931824,0.02673719823360443,15.728840827941895,0.6631673946695925,0.007159778052641131,0.4101795554161072,0.4236583113670349,0.5658159466448377,3.282322777351543,15.66375732421875,58.151397705078125
220122.jpg,7.654360551387072,0.5997619032859802,0.4154407006094034,0.8772002185695336,6.8945536613464355,87.70108795166016,0.9594014084532158,0.6383080990904171,7.343906402587891,2.9576255267543132,25.868221282958984,8.87454891204834,41.68451690673828,0.7021057605743408,1.6189615726470947,0.7968898415565491,0.02069566585123539,16.841205596923828,0.8113236208138935,0.0020766902355431813,0.46642327308654785,0.46844446659088135,0.6648152639922101,3.1751711704213834,36.90936279296875,51.4682502746582
220123.jpg,7.227823041379452,0.5865007638931274,0.4462790840387428,0.8716618658193112,6.6224589347839355,56.1706657409668,0.922293588600658,0.44606697802344614,7.6874189376831055,3.193107653019286,20.051496505737305,5.488783359527588,56.1563720703125,0.7003737688064575,1.6774122714996338,0.7910363078117371,0.04000158607959747,13.979227066040039,0.7032943792307015,0.004778197315291331,0.4199685752391815,0.46127012372016907,0.5469517934008775,3.3197245145088137,16.27850341796875,44.256988525390625
220135.jpg,7.243853114545345,0.6060343980789185,0.3779781611355514,0.8597401014576018,6.943984508514404,68.50618743896484,0.8993496512094507,0.5341123985080789,7.443192481994629,2.719026372351639,21.252328872680664,6.803686618804932,44.870277404785156,0.6091854572296143,1.6625440120697021,0.844369649887085,0.034900110214948654,14.571732521057129,0.7856020243365842,0.0028846297529246012,0.42317500710487366,0.4390639066696167,0.641924353583288,3.327005040128153,32.28045654296875,55.03573226928711
220136.jpg,7.9408306404948235,0.5851182341575623,0.4415705058651895,0.8703751975086094,6.922588348388672,70.42583465576172,0.9405814495494262,0.5565977516578241,7.6155242919921875,3.2098089235646725,23.073354721069336,6.95685338973999,53.456634521484375,0.694520890712738,1.6102030277252197,0.8570346236228943,0.032151345163583755,14.928008079528809,0.726034056230713,0.005845897215676573,0.44980865716934204,0.48263537883758545,0.5875047462364397,3.0212975991540354,16.55194091796875,49.39665985107422
220137.jpg,7.7477929927408695,0.5989164113998413,0.4838057135643269,0.8626438054156192,6.564993858337402,39.713287353515625,0.909342935732947,0.41552541951764144,7.508793830871582,3.4044983383714005,13.952263832092285,3.7932305335998535,50.51044845581055,0.5839409828186035,1.621382236480713,0.8245127201080322,0.050001125782728195,13.010201454162598,0.6426709519900216,0.010180670502057837,0.3850291073322296,0.4406734108924866,0.547475985061312,3.3177083867138735,10.88006591796875,58.712059020996094
220139.jpg,7.661218475550413,0.6092830896377563,0.5488874899209888,0.8634218078828604,6.129851818084717,27.018049240112305,0.9273926177559834,0.39362580115505746,7.488408088684082,3.7374564250291247,9.200255393981934,2.5261170864105225,46.19723129272461,0.5364341735839844,1.628199577331543,0.8189533352851868,0.05124559625983238,12.903434753417969,0.5925846122626951,0.008839324566454688,0.3740766644477844,0.4094960391521454,0.5338107994294314,3.579606810426484,12.59002685546875,43.75279235839844
220141.jpg,7.588769484311342,0.5708144903182983,0.5384807778001366,0.8692501893639755,6.051007270812988,28.82962417602539,0.9170645987748124,0.41033436656653627,7.4818115234375,3.6435914510397627,9.163865089416504,2.7108304500579834,47.16544723510742,0.5064939260482788,1.5997432470321655,0.8580034971237183,0.043860867619514465,13.579227447509766,0.6158329797748617,0.010796878582700096,0.3886600136756897,0.4290800094604492,0.5605800618970485,3.3041321368210603,15.11785888671875,41.68920135498047
220145.jpg,7.881491158157587,0.5761587023735046,0.44188424894500805,0.8733203895729532,6.679447174072266,49.3066291809082,0.9058196368699637,0.4682486163286087,7.478460311889648,3.1280861722397635,15.438248634338379,4.804629802703857,48.789756774902344,0.6651983261108398,1.6241415739059448,0.8684550523757935,0.03602564334869385,14.433881759643555,0.6943545675295154,0.007753670266205778,0.40602317452430725,0.4551425576210022,0.5807153969687762,3.350607706617971,19.64715576171875,50.12120819091797
220147.jpg,7.855065170675516,0.5698468089103699,0.5429900755438168,0.8692916137749613,5.9667463302612305,23.741485595703125,0.9238834277525838,0.39357955901797137,7.279220104217529,3.596224043637955,7.798793315887451,2.233454465866089,41.544559478759766,0.5247669816017151,1.5657645463943481,0.8673326969146729,0.03782740980386734,14.22193431854248,0.5946301750651881,0.008889477510260046,0.3702762722969055,0.41416192054748535,0.5558672708919833,3.584943035173396,10.87567138671875,42.391380310058594
220148.jpg,7.809065643697977,0.5707190632820129,0.5409697043575484,0.868006057487837,5.9834489822387695,20.722320556640625,0.9363774564066937,0.41285272419970953,7.088881015777588,3.535877221268091,6.980662822723389,1.9355942010879517,36.945220947265625,0.535710871219635,1.597012996673584,0.8423218727111816,0.030036434531211853,15.223516464233398,0.580928822671627,0.008956833389628997,0.37957319617271423,0.41711559891700745,0.5458680161166227,3.697006865107512,13.21600341796875,41.31330871582031
220150.jpg,7.791768118739128,0.5871996879577637,0.39715708983150927,0.8716794412844676,6.83195686340332,61.91201400756836,0.8949334743112299,0.505590677348616,7.467389106750488,2.8395505876771807,18.598581314086914,6.161462306976318,46.41054153442383,0.6828250885009766,1.6765753030776978,0.8675537705421448,0.03104609251022339,15.079931259155273,0.7418004497751997,0.005543065976150857,0.4216533601284027,0.45624956488609314,0.597240297776217,3.2042388399387596,27.75213623046875,51.26823806762695
220151.jpg,7.730718348175287,0.579811155796051,0.46614495508501413,0.8727294563689332,6.974639892578125,97.52461242675781,0.9433489749695412,0.5916157185826643,7.772283554077148,3.4371106955215396,30.749473571777344,9.834063529968262,59.463600158691406,0.7008742094039917,1.6199398040771484,0.8600032329559326,0.039210379123687744,14.065990447998047,0.7782675196392147,0.003882819243680009,0.45085608959198,0.4810950756072998,0.6049609663116718,3.291606709135049,32.03826904296875,62.121986389160156
220152.jpg,7.762152653187513,0.5737672448158264,0.3922550999503129,0.8591865038848039,6.742402076721191,46.46091842651367,0.8995117885887218,0.5247814905889053,7.06661319732666,2.7083356528196845,12.581025123596191,4.562541484832764,33.98931884765625,0.5943028926849365,1.7131366729736328,0.8634708523750305,0.022381003946065903,16.501205444335938,0.7355909421261599,0.004011637341131365,0.42296189069747925,0.4356398582458496,0.644408465557198,3.2859003168885255,21.62615966796875,57.854148864746094
220153.jpg,7.795458283275366,0.5840517282485962,0.4930395019795328,0.8657335480421663,6.376687526702881,45.345645904541016,0.9191594797730268,0.4218631654325461,7.598976135253906,3.445286156860588,15.396519660949707,4.256728649139404,53.91428756713867,0.5906692147254944,1.599195957183838,0.817571222782135,0.054256439208984375,12.655487060546875,0.6349688780705478,0.013060547343008235,0.3929969072341919,0.46015727519989014,0.5325379803891382,3.1372217785663663,12.56121826171875,50.081878662109375
220160.jpg,7.88479720801115,0.5785384178161621,0.485984150159694,0.8654392409183231,6.345335006713867,43.072139739990234,0.8888911553972779,0.468726943058455,7.563380241394043,3.3797164671159674,12.697009086608887,4.105450630187988,49.55842590332031,0.5333079695701599,1.5832594633102417,0.8686265349388123,0.042675044387578964,13.698261260986328,0.6768269452682577,0.010599397117116584,0.4047742784023285,0.43076592683792114,0.594321047649203,3.0739399190609604,18.57977294921875,51.61309051513672
220161.jpg,7.760437216609716,0.5796478390693665,0.4455476576091322,0.8732411833383764,6.665877819061279,47.242958068847656,0.8987162941783389,0.45974668666062546,7.486252784729004,3.1527326816523455,15.038110733032227,4.610799312591553,48.77609634399414,0.6610720157623291,1.6198928356170654,0.8476623296737671,0.03687339648604393,14.332867622375488,0.6833712413901306,0.007121566644704636,0.4009791314601898,0.4544461667537689,0.5678167239779535,3.3004475050566144,18.03094482421875,53.42926025390625
220166.jpg,7.79054531827569,0.5881117582321167,0.4691330640873894,0.8725503426195442,7.023004055023193,102.16322326660156,0.9430527763158572,0.5921927327791155,7.798653602600098,3.4766733098265483,31.730594635009766,10.308639526367188,60.62580108642578,0.6962919235229492,1.6377400159835815,0.8749955892562866,0.04320581257343292,13.64457893371582,0.7845450331628341,0.003753860012054286,0.4516453146934509,0.4766220450401306,0.6087037252223445,3.361727388733473,35.99041748046875,65.0580062866211
220170.jpg,10.623266033828259,0.6123790144920349,0.37662747877609754,0.8665651935481067,7.027613639831543,81.52191162109375,0.8966586788138994,0.5140605122362921,7.6817708015441895,2.7699862178722174,25.072837829589844,8.141509056091309,53.64702606201172,0.6723889112472534,1.641564130783081,0.7990812063217163,0.039167314767837524,14.070762634277344,0.7565200247958302,0.004508628269767356,0.423586368560791,0.43441519141197205,0.5816588797501578,3.3988560572228566,30.34735107421875,63.13774108886719
220173.jpg,7.641806475818157,0.5301761031150818,0.6136716471197339,0.8723712883490528,5.959042549133301,22.35329246520996,0.9368174771724651,0.4096199349508967,7.400040149688721,4.099056556007552,8.039152145385742,2.0916829109191895,47.75471115112305,0.5660611987113953,1.5016510486602783,0.9371839761734009,0.038202110677957535,14.179126739501953,0.6073921444136476,0.00798777016684766,0.37772971391677856,0.4428287148475647,0.5897317091208575,3.781163205701553,12.39910888671875,34.554107666015625
220174.jpg,7.618065599352121,0.5864249467849731,0.4417884904617723,0.863866294125972,6.59754753112793,51.2748908996582,0.8975392256852719,0.47522206925687005,7.572706699371338,3.130135838364371,14.668627738952637,4.935761451721191,49.52296829223633,0.5688773393630981,1.6326313018798828,0.906154453754425,0.042797476053237915,13.685818672180176,0.6980915263309154,0.009075180067286092,0.41990113258361816,0.44690173864364624,0.5969993275289237,2.982249604743296,19.16082763671875,52.64056396484375
220175.jpg,7.434657458215952,0.5745707750320435,0.420504726435385,0.8785812961844877,6.737731456756592,59.777923583984375,0.8893716991276517,0.5072333933170439,7.47873592376709,2.9890535597628443,17.86430549621582,5.930886745452881,48.459781646728516,0.7127839922904968,1.574973225593567,0.8758882284164429,0.028379593044519424,15.469938278198242,0.7488642227749698,0.004195994065851258,0.4205012023448944,0.44586098194122314,0.6079076583334859,3.2798867995944225,29.23309326171875,59.67499542236328
220179.jpg,7.702329125255346,0.5786778330802917,0.42105753080324226,0.8753509635953615,6.952783107757568,75.59596252441406,0.9322500743358848,0.5480357794480956,7.584078788757324,3.0604352969011934,24.028900146484375,7.618659973144531,50.815311431884766,0.7148450016975403,1.5954022407531738,0.8679418563842773,0.02897658571600914,15.379528045654297,0.7697914945077705,0.0039711693978198995,0.44239479303359985,0.46337684988975525,0.6131984822468177,3.257734577559518,32.50701904296875,58.72466278076172
220184.jpg,7.637853272259235,0.5425694584846497,0.4737403359526059,0.8739201396506099,6.427698135375977,38.50004196166992,0.9083684859119266,0.48034333498756326,7.372386932373047,3.268837519562224,12.942569732666016,3.7163751125335693,45.0438346862793,0.6849138736724854,1.5987902879714966,0.8522722721099854,0.025279797613620758,15.97226333618164,0.6654917936109437,0.007208890110798087,0.41639697551727295,0.4344621002674103,0.5767922298064686,3.2046442821062113,13.98699951171875,51.41141891479492
220185.jpg,7.443521421402693,0.5746609568595886,0.48721177977002694,0.8741650896244311,6.33953332901001,34.27522659301758,0.9007117358333719,0.4320228784373048,7.495682716369629,3.37034911311806,12.442139625549316,3.2941863536834717,48.81381607055664,0.6697582602500916,1.5302479267120361,0.8325082063674927,0.033860914409160614,14.703012466430664,0.6458694634972447,0.007599054234886971,0.3951852321624756,0.4533689022064209,0.5461949349963933,3.3764086061471397,6.49530029296875,46.714935302734375
220194.jpg,7.73439871147275,0.5750495195388794,0.5648342192649282,0.8693885084238724,6.0956950187683105,30.46181297302246,0.9356590078936696,0.42673578315603855,7.538451194763184,3.850526364921901,10.05805778503418,2.844770908355713,50.28446960449219,0.4782228171825409,1.5582367181777954,0.9044622182846069,0.04982860013842583,13.025212287902832,0.629519441740035,0.010739903200243957,0.3879930377006531,0.4320596754550934,0.5830881567097231,3.3863712362749276,13.95379638671875,50.544803619384766
220198.jpg,7.440936215221882,0.5636883974075317,0.5853743692467392,0.8671308523675306,5.817741870880127,26.450550079345703,0.9384341048220093,0.39719506072106364,7.417472839355469,3.873788756809903,9.857357025146484,2.475679874420166,47.828575134277344,0.5561123490333557,1.633636236190796,0.9354439973831177,0.0461554117500782,13.357773780822754,0.6198832360053497,0.007517868954595183,0.3833090662956238,0.44486773014068604,0.5907356098986921,3.8291854224898385,8.39959716796875,36.888946533203125
220199.jpg,7.652686346322298,0.5652018785476685,0.4696317590477703,0.8675591281075357,6.785783767700195,53.13078689575195,0.9283804439131083,0.5054216002139014,7.6541595458984375,3.3907364017358628,17.32077980041504,5.132470607757568,55.966468811035156,0.6548664569854736,1.6194345951080322,0.8795506358146667,0.03911253809928894,14.076841354370117,0.6947307013870476,0.00637056953368876,0.43411707878112793,0.4780515432357788,0.5928558598295484,3.113052785313437,9.20330810546875,42.26599884033203
220202.jpg,7.446396574378014,0.5668732523918152,0.5791928775168892,0.8674221985114988,5.912652969360352,24.61165428161621,0.9357300897995231,0.3969498754204199,7.316977024078369,3.8312645259032063,8.902913093566895,2.3090572357177734,44.44458770751953,0.5356075763702393,1.6239866018295288,0.845536470413208,0.0419577993452549,13.771873474121094,0.5990882453978661,0.010514349355749466,0.37842774391174316,0.42716556787490845,0.5504293916858134,3.551880210775564,11.82000732421875,42.04016876220703
220203.jpg,7.350831910967827,0.5893508195877075,0.4121496224049352,0.8674159643170027,7.054961681365967,78.43701171875,0.9275636135657033,0.5546369592646291,7.644135475158691,3.02912148633912,24.717676162719727,7.803907871246338,52.976871490478516,0.6807093620300293,1.6052117347717285,0.8341302275657654,0.03322361409664154,14.785530090332031,0.7475591524822524,0.005505761102391653,0.44417741894721985,0.4541861414909363,0.5867894423337469,3.380388404062946,28.42694091796875,60.62858963012695
220204.jpg,7.50209204480052,0.5815651416778564,0.5760827121408384,0.8676587224251806,6.066723346710205,25.680288314819336,0.9310945594768816,0.3992110317728382,7.428291320800781,3.8871329958655423,9.131669998168945,2.413058042526245,47.046810150146484,0.5379265546798706,1.5839015245437622,0.8477765917778015,0.045505933463573456,13.419319152832031,0.6065549721821454,0.00949837062037308,0.3781428933143616,0.41831231117248535,0.5473030248312818,3.5870391316870736,11.00213623046875,38.713897705078125
220205.jpg,7.406073726713657,0.6174175143241882,0.4823833446148329,0.8897148592455365,7.120434761047363,108.9442138671875,0.942902162207259,0.58860426192901,7.928684711456299,3.6297310844766404,36.851016998291016,11.14185619354248,69.88704681396484,0.7714910507202148,1.6546635627746582,0.8216150999069214,0.046027638018131256,13.369813919067383,0.8026017555631834,0.002298871014569309,0.4461272954940796,0.4698014557361603,0.5921116304095544,3.20247947590054,33.46502685546875,58.66165542602539
220206.jpg,7.997775841504335,0.6065441370010376,0.4358837803297823,0.873081064193266,7.081783294677734,97.30912017822266,0.9371081230986127,0.5862534629365522,7.755746364593506,3.233727376773773,32.13142776489258,9.845099449157715,57.23263168334961,0.6930922865867615,1.6434264183044434,0.8677152991294861,0.03797242045402527,14.205317497253418,0.7888515956439726,0.003257839332148073,0.448997437953949,0.4859733283519745,0.6063305135944658,3.302843763554604,28.16864013671875,63.77113723754883
220213.jpg,7.704215407371521,0.5818462371826172,0.39363787670645195,0.8806151014696123,6.888936519622803,82.71338653564453,0.9258801109098486,0.5722357286801909,7.516267776489258,2.8352241254154116,26.01902961730957,8.349258422851562,46.62082290649414,0.7464901208877563,1.656764030456543,0.7836730480194092,0.022841116413474083,16.412826538085938,0.7946479845124523,0.003087254975835261,0.4517700672149658,0.4478839039802551,0.6214170686220309,3.391103069317939,32.66326904296875,57.93598556518555
220220.jpg,7.410902913659811,0.6383671760559082,0.3517508491099996,0.8605829967086884,7.153250694274902,96.73650360107422,0.936575149124813,0.5770933826888852,7.589458465576172,2.592886483243408,29.031002044677734,9.736355781555176,48.64484786987305,0.5960839986801147,1.6303105354309082,0.7727789878845215,0.03652584180235863,14.373998641967773,0.7755789947297749,0.00397090465749192,0.45515164732933044,0.4509560763835907,0.598412233509745,3.362469492747948,31.77410888671875,63.70643615722656
220223.jpg,8.243477750569582,0.5509077906608582,0.4649639371950576,0.8724684414278967,6.481297016143799,39.51865768432617,0.907667076395791,0.476721517128653,7.4140305519104,3.2304216344749968,13.04129409790039,3.801455020904541,46.11284637451172,0.6693059802055359,1.5555040836334229,0.8760444521903992,0.027872802689671516,15.548192977905273,0.6635709153168878,0.00833307506714907,0.4121817350387573,0.4289341866970062,0.5756725195248324,3.197318001355877,12.96893310546875,51.98472595214844
220228.jpg,8.095640681684017,0.596695601940155,0.38867990462184776,0.8747745786162463,7.003877639770508,96.37471771240234,0.9475172251047994,0.6111557251752509,7.550511360168457,2.828506483710516,28.764881134033203,9.786763191223145,47.77698516845703,0.7233937978744507,1.6288373470306396,0.7924789786338806,0.025209274142980576,15.984396934509277,0.8125071104438591,0.0025206031096516126,0.46037691831588745,0.45555534958839417,0.6427618886585915,3.38698335034523,37.77947998046875,62.706661224365234
220230.jpg,8.052078947424889,0.5803536176681519,0.41730061735983526,0.8898855409841888,6.984447002410889,94.32930755615234,0.939728170577101,0.5710312621614666,7.6493916511535645,3.05336275310988,29.41399574279785,9.56909465789795,53.87174606323242,0.7834851145744324,1.6173560619354248,0.7843483090400696,0.02368154563009739,16.25589942932129,0.7909952515844201,0.0033675680839400832,0.4534527063369751,0.4648056924343109,0.5956711882037281,3.4678134480058764,40.03143310546875,56.885948181152344
220231.jpg,8.195460926741362,0.5655779838562012,0.5766775496567399,0.8662492657184142,6.029298305511475,24.30988311767578,0.9361976612457685,0.4020048680181237,7.326230049133301,3.8509272475226215,8.65756893157959,2.2829298973083496,43.40852737426758,0.5172537565231323,1.6116077899932861,0.8364201784133911,0.03994794562458992,13.985055923461914,0.5989979791288581,0.009629722796892524,0.381242960691452,0.42143523693084717,0.5505267847109643,3.604843776139799,11.68963623046875,39.86311721801758
220232.jpg,8.20148554071784,0.5498113036155701,0.47432470882936495,0.8752581852414157,6.447474479675293,39.23749542236328,0.9072986385881342,0.47482986934757804,7.396444320678711,3.283265140273004,13.511094093322754,3.804624319076538,45.62389373779297,0.6990703344345093,1.6158447265625,0.8009549379348755,0.025636842474341393,15.911354064941406,0.6584424353248716,0.006982553572191994,0.41681092977523804,0.42830944061279297,0.5608712295493768,3.1397940665504107,15.04510498046875,52.59910202026367
220234.jpg,8.323450051248074,0.6049404740333557,0.39014776284660013,0.8620658204377598,6.992458820343018,76.627197265625,0.9319785855991137,0.5435387349710489,7.603580474853516,2.8473132619429897,24.23093605041504,7.5737433433532715,50.6099967956543,0.6435751914978027,1.5993731021881104,0.8456119894981384,0.035617515444755554,14.483365058898926,0.7318095677524513,0.006343991752049144,0.4436852037906647,0.45069825649261475,0.5738027144885322,3.1020281348506877,23.00067138671875,54.80461883544922
220245.jpg,8.300343912094831,0.562170684337616,0.5485504508492088,0.8586969938327222,6.181708812713623,26.379758834838867,0.9359691853247398,0.39559733710838857,7.29964542388916,3.697611574755495,9.621695518493652,2.4470462799072266,42.25539016723633,0.5484129190444946,1.6486144065856934,0.8727152347564697,0.03966853395104408,14.01554012298584,0.6031081077045873,0.009567782753836827,0.3804364800453186,0.4119345545768738,0.5618051668366074,3.5715412759203105,16.06365966796875,40.76214599609375
220254.jpg,8.279675133526325,0.5779269337654114,0.5357504141846844,0.8693300591896249,6.170009613037109,35.91997146606445,0.9196961808131127,0.4378960981864888,7.5735578536987305,3.681570890935724,11.308810234069824,3.381232500076294,51.3848991394043,0.4817012548446655,1.565850019454956,0.8570788502693176,0.05034995451569557,12.980009078979492,0.6304366994221359,0.01297082782936678,0.39543938636779785,0.43896371126174927,0.5670400117780708,2.8863930262156194,14.42791748046875,51.600372314453125
220256.jpg,8.393291611224413,0.6064863801002502,0.43968979476528647,0.873644876296205,7.074087142944336,96.96781158447266,0.937554407414363,0.583472407614325,7.762154579162598,3.261680255588008,31.891956329345703,9.784411430358887,57.58369064331055,0.6995757818222046,1.638134241104126,0.85551917552948,0.0374872088432312,14.26116943359375,0.7853531495678879,0.003648519342737796,0.4502403140068054,0.4852760136127472,0.6032246821988967,3.3304157233492453,27.48016357421875,63.48694610595703
220258.jpg,8.34987710788846,0.5485947728157043,0.4326092896862604,0.8757791931207773,6.48051643371582,48.3282356262207,0.8960898856148669,0.4869742084890211,7.302915096282959,2.981428286232484,14.679916381835938,4.734042644500732,44.05530548095703,0.7005888223648071,1.6062688827514648,0.8793933391571045,0.025209035724401474,15.984437942504883,0.7264474023227274,0.005450314874174129,0.4126932621002197,0.45139139890670776,0.599572481113433,3.328990678860384,22.75604248046875,55.40979766845703
220262.jpg,8.324756670743227,0.5499287843704224,0.5583638219747392,0.8672871213626407,6.008692264556885,24.421672821044922,0.9322395022780207,0.4141084239386011,7.270015716552734,3.7071855073259155,7.810871124267578,2.2772960662841797,40.227630615234375,0.4879681169986725,1.6117215156555176,0.9136143922805786,0.03434094041585922,14.641878128051758,0.6121761100954146,0.011182992808652654,0.3862474858760834,0.4302510619163513,0.5823787693824898,3.6315848249421165,12.85125732421875,44.802738189697266
220264.jpg,8.318847831338644,0.6482309103012085,0.37822043213990353,0.8634719081471085,7.207739353179932,86.6270980834961,0.9329155367964589,0.5555694415609373,7.6602091789245605,2.811687879064916,26.579280853271484,8.654528617858887,51.15391540527344,0.6008111238479614,1.664891004562378,0.779021143913269,0.04408358782529831,13.557231903076172,0.7437939492146248,0.004620739850238532,0.4529305100440979,0.45868855714797974,0.5819317999134244,3.286779991817554,27.87518310546875,64.75299072265625
220265.jpg,8.30512061342597,0.568217933177948,0.534972019794249,0.8658881661803087,6.1148881912231445,24.287643432617188,0.9293668066139699,0.4144189193355288,7.211091041564941,3.5645227936729267,8.00695514678955,2.280035972595215,39.45048141479492,0.5235180258750916,1.5988812446594238,0.8660550117492676,0.03458848595619202,14.610685348510742,0.604073874951196,0.008464752313927754,0.3807460069656372,0.4257766604423523,0.5602353633037643,3.427853531201402,13.30682373046875,41.460777282714844
220268.jpg,8.32968794554472,0.6050872802734375,0.41743418526382403,0.8811316448699573,7.021347999572754,97.51759338378906,0.9506111956813179,0.6103914103076358,7.601723670959473,3.0520928378368595,30.534534454345703,9.946067810058594,51.05516815185547,0.738501787185669,1.5929961204528809,0.8183556795120239,0.023810744285583496,16.232271194458008,0.7970178572067815,0.0027986533777848996,0.4592335522174835,0.4840533435344696,0.6069329371723254,3.0933897762131264,35.42596435546875,52.50066375732422
220276.jpg,8.361671328544617,0.5920844078063965,0.40695787006312795,0.8781216191932912,6.9498066902160645,75.9310073852539,0.901372010704561,0.5114948826165578,7.634335517883301,2.967573290076066,24.765844345092773,7.704348087310791,54.139503479003906,0.7303394079208374,1.6590068340301514,0.8006192445755005,0.033875972032547,14.701082229614258,0.7685103605430725,0.003000309607789325,0.4213760197162628,0.46053948998451233,0.5770061712811739,3.1432435215421726,32.69549560546875,53.730224609375
220277.jpg,8.308394625782967,0.6319559216499329,0.46303371318960745,0.8824058282098823,6.8943915367126465,102.657958984375,0.9715171183503751,0.6846087313641538,7.528407096862793,3.3391294259145177,29.812116622924805,10.46782112121582,48.957454681396484,0.6501597166061401,1.580580711364746,0.8083589673042297,0.03017321415245533,15.203784942626953,0.831478455494147,0.0013898048435819904,0.4731298089027405,0.4835001230239868,0.6777633781992041,3.2082701748715623,38.14129638671875,56.39313507080078
220278.jpg,8.282248232513666,0.5866554379463196,0.4775474970817649,0.8607479130210882,6.550273895263672,40.511871337890625,0.9151307324034405,0.4304395499848093,7.450508117675781,3.3430278890863097,13.953868865966797,3.8649957180023193,47.04017639160156,0.5776958465576172,1.6254758834838867,0.8436223268508911,0.04322110861539841,13.643041610717773,0.6515381118741147,0.010393993707425928,0.38902726769447327,0.43902868032455444,0.5593820106281315,3.3697600614350844,10.88641357421875,57.05574035644531
220281.jpg,8.252180378884077,0.5699416995048523,0.5305215770116506,0.8660617038764767,6.134808540344238,22.4243221282959,0.9333330649128447,0.41208166515994693,7.134373664855957,3.5198036015700787,7.388710021972656,2.109579086303711,36.42399597167969,0.49263063073158264,1.6185003519058228,0.8603459000587463,0.031100429594516754,15.072336196899414,0.6054363347443507,0.007262297204092432,0.3778362572193146,0.428622305393219,0.5716628391056976,3.5238547901754704,11.35711669921875,43.47936248779297
220282.jpg,8.289948966354132,0.5586949586868286,0.46200464889838777,0.8718726092167316,6.4131903648376465,39.546024322509766,0.9060364837175836,0.4700415400079699,7.380997657775879,3.1864981612576493,12.976914405822754,3.806527853012085,45.159908294677734,0.6641907691955566,1.6056632995605469,0.8551230430603027,0.028370749205350876,15.471291542053223,0.6660592444228585,0.008237194435731234,0.412549763917923,0.4255109429359436,0.573473833555725,3.166351719818643,14.93035888671875,57.15277099609375
220284.jpg,8.152148526161909,0.5823625922203064,0.5576368859592128,0.8687801988044532,6.012709617614746,24.377399444580078,0.9305890500872073,0.3953360156499831,7.349537372589111,3.72565108948735,8.054408073425293,2.300874948501587,42.50716018676758,0.4637712240219116,1.6553592681884766,0.8340073823928833,0.04350006952881813,13.61510181427002,0.5931164480994117,0.008585170796485563,0.38001933693885803,0.42591941356658936,0.5540645150189538,3.4668231630475557,11.98699951171875,44.669410705566406
220288.jpg,8.1898931004107,0.5600035786628723,0.5702161175085596,0.8603287640475381,6.3504791259765625,31.284093856811523,0.9371304154519056,0.43568131964550344,7.567416667938232,3.968114425219941,12.043949127197266,2.976217746734619,51.837093353271484,0.5648359060287476,1.6048810482025146,0.8823349475860596,0.045079268515110016,13.46023178100586,0.6304964602145342,0.008528439138227727,0.4121337831020355,0.43359869718551636,0.5839472223688965,3.4474864226851505,5.77459716796875,44.81548309326172
220291.jpg,8.301737237721682,0.5740239024162292,0.5093562608942097,0.8705892550132548,6.279311180114746,32.09049987792969,0.9189909042261463,0.4410699635723767,7.425498962402344,3.4903246160304704,11.096199989318848,3.1052587032318115,45.669219970703125,0.6516326665878296,1.6272614002227783,0.8409445285797119,0.03243740275502205,14.88953971862793,0.6630626697367219,0.005643783603042859,0.4014207720756531,0.4351656436920166,0.5740451169108026,3.306083344646288,12.95574951171875,48.71782302856445
220296.jpg,8.264088116586208,0.5742660760879517,0.5160309181984093,0.8601299242250547,6.466268062591553,27.783231735229492,0.9342692905417505,0.46362574166426973,7.248932838439941,3.538743294000156,9.126102447509766,2.637573480606079,38.9791259765625,0.5302240252494812,1.6515388488769531,0.8922621011734009,0.03008272498846054,15.216828346252441,0.6494001588106463,0.00590099932372335,0.41061973571777344,0.4525708854198456,0.6122147412689256,3.3772946889045805,13.05340576171875,39.24510955810547
220298.jpg,8.289065763354301,0.5677896738052368,0.5500558188677321,0.8868076249047802,6.743317604064941,85.49457550048828,0.963198605280914,0.5779138254587424,7.702817916870117,3.973100650131327,28.94742774963379,8.598365783691406,58.97359848022461,0.7237441539764404,1.5720295906066895,0.8220489025115967,0.03607605770230293,14.427809715270996,0.7820153752276054,0.0030936897488715253,0.4545151889324188,0.4928402602672577,0.6360850983879036,3.216667954890592,17.52313232421875,51.596900939941406
220300.jpg,8.311971310526133,0.6140437722206116,0.4188706735253003,0.8833685078901495,7.154625415802002,113.1585693359375,0.9381397199467101,0.596632071771319,7.767504692077637,3.1252290831486444,35.661380767822266,11.576471328735352,57.18022537231445,0.7351352572441101,1.6412354707717896,0.7423449754714966,0.03206767141819,14.939327239990234,0.8061414405060303,0.0023317097455133272,0.45728495717048645,0.46634572744369507,0.6038777113500242,3.342456792925865,33.15936279296875,63.199283599853516
220302.jpg,8.33559800311923,0.589242696762085,0.37492482229146473,0.8747731316532887,6.912949562072754,80.46236419677734,0.8980454864247405,0.5331027601328167,7.5667853355407715,2.7144128195355837,25.494300842285156,8.093551635742188,49.127933502197266,0.7145329713821411,1.626832365989685,0.8557227849960327,0.029002543538808823,15.375638961791992,0.7821139563439093,0.003333226628148385,0.423414945602417,0.44454485177993774,0.6012337259045061,3.430058629518247,31.70623779296875,59.55338668823242
220304.jpg,8.32115077599883,0.6086571216583252,0.4129766638242721,0.868160082805104,7.0958943367004395,87.2086410522461,0.9251604813622297,0.534988496514473,7.761067867279053,3.067796915556606,27.548337936401367,8.737607955932617,57.39702606201172,0.6890496611595154,1.609215497970581,0.8267359733581543,0.040354859083890915,13.941040992736816,0.7563429993887707,0.005046963373396337,0.4342496395111084,0.4689813554286957,0.5748401649062317,3.3438953331056043,29.24969482421875,63.074893951416016
220310.jpg,8.375434875488281,0.552253782749176,0.48145711531839064,0.875513459604789,6.417460918426514,36.649471282958984,0.909142093291635,0.47310263280432274,7.376885890960693,3.320702110338706,12.501826286315918,3.5370547771453857,45.41008758544922,0.6909083127975464,1.5814430713653564,0.8202612400054932,0.025845035910606384,15.876228332519531,0.6563903074462248,0.007113131661245552,0.4130549132823944,0.42456454038619995,0.5637625155076406,3.404481826819474,14.59002685546875,53.4581298828125
220312.jpg,8.377595588564873,0.59068363904953,0.49109912584287785,0.865195998887245,6.350764751434326,32.60342025756836,0.9038727007017338,0.43413405699804,7.446598052978516,3.3879455482307286,10.151655197143555,3.085078716278076,45.3841438293457,0.5597469806671143,1.5597031116485596,0.837990403175354,0.039725326001644135,14.009324073791504,0.6268146507821961,0.010619904841286706,0.3950921297073364,0.42513570189476013,0.5586502737054694,3.22457147569858,13.88543701171875,38.027992248535156
220313.jpg,8.308415856212378,0.5754501819610596,0.5176729116469853,0.8675898801213638,6.031037330627441,28.66936683654785,0.9012281416686112,0.403334495034515,7.388917922973633,3.473583037209522,9.028253555297852,2.7301173210144043,43.908050537109375,0.5204274654388428,1.6434662342071533,0.8208907842636108,0.04012349992990494,13.966012001037598,0.6134054321261628,0.009338747273078016,0.38169676065444946,0.4179321527481079,0.5569311530883455,3.353369030341877,13.87469482421875,46.10036087036133
220321.jpg,8.303564995527267,0.5910003781318665,0.5836055012273781,0.8717818188026649,6.245113849639893,25.947021484375,0.9450998591462687,0.41220667454883064,7.426295757293701,3.9893658291209118,8.689788818359375,2.432593584060669,44.570823669433594,0.3986988663673401,1.6382149457931519,0.9213641881942749,0.04971630871295929,13.035011291503906,0.6276041778745544,0.007849736724741116,0.38422611355781555,0.41840827465057373,0.5981595546991563,3.3270110958307204,12.77557373046875,48.42571258544922
220322.jpg,8.280197579413652,0.587560772895813,0.5668235271516309,0.8697167308962275,5.986062049865723,20.867919921875,0.935019312834416,0.39867942319000554,7.248188018798828,3.7507517470317886,6.893247604370117,1.942696452140808,41.362884521484375,0.517153263092041,1.524946928024292,0.8595716953277588,0.03736436739563942,14.27542495727539,0.5802536931893737,0.008746790077683985,0.3710147738456726,0.4146735370159149,0.553998552911323,3.6497831528563074,13.31365966796875,40.078338623046875
220323.jpg,8.254394613206387,0.576686680316925,0.497833033910312,0.8621966872887447,6.630942344665527,38.893917083740234,0.913069663600518,0.44992674846833297,7.5839009284973145,3.538318626139686,12.991994857788086,3.73909068107605,50.90940856933594,0.6065330505371094,1.5663738250732422,0.8759510517120361,0.040182046592235565,13.95967960357666,0.6602735158653624,0.008529924739443135,0.408729612827301,0.4444772005081177,0.5734848195732416,3.093476191567605,13.47869873046875,41.758358001708984
220327.jpg,8.304109625518322,0.5705843567848206,0.5214189668321707,0.8640620331338479,6.1772966384887695,25.13458824157715,0.9345189870864298,0.4178603908135925,7.206474781036377,3.489285631194237,9.146514892578125,2.3567216396331787,38.80147933959961,0.5865486264228821,1.6115403175354004,0.8961994647979736,0.031249292194843292,15.051597595214844,0.6175107923134675,0.007408977546247822,0.3794785141944885,0.4310171604156494,0.5737353297444356,3.5468806838803473,11.70233154296875,36.34640884399414
220331.jpg,8.284179899841547,0.5577990412712097,0.5499118592143085,0.8657758315525206,6.146298408508301,22.341428756713867,0.9411820996203684,0.42995914495909987,7.180383682250977,3.6642606608685124,8.02590274810791,2.0921149253845215,38.161155700683594,0.5189511775970459,1.565444827079773,0.9013038873672485,0.029952775686979294,15.23563003540039,0.6083108103665219,0.00850474852001826,0.3855744004249573,0.43501508235931396,0.5856184572073596,3.5062808208616842,14.88641357421875,37.22185134887695
220333.jpg,8.244616091251373,0.6175631880760193,0.5470503019524909,0.8641782479595934,6.338078022003174,29.145978927612305,0.9256513590137125,0.39784718347492953,7.654300689697266,3.8272777054971723,10.218344688415527,2.7452447414398193,55.01142120361328,0.5890744924545288,1.6560723781585693,0.817288875579834,0.05861760675907135,12.319719314575195,0.5961232287813738,0.008471636267132687,0.3865933120250702,0.423381507396698,0.5265369910248123,3.759182170975243,10.13641357421875,40.328819274902344
220336.jpg,8.247060358524323,0.5703034400939941,0.3826363377700642,0.8707177909349406,6.792452812194824,62.64565658569336,0.9309989493934824,0.5942419231965426,7.091204643249512,2.6562029614640483,18.4144229888916,6.256160259246826,34.66995620727539,0.6908692121505737,1.6838911771774292,0.8294423818588257,0.01508554071187973,18.21438980102539,0.7830653988681932,0.0033130135867855555,0.44706040620803833,0.45435863733291626,0.6573852982113381,3.212054840783144,33.88104248046875,58.91030502319336
220341.jpg,8.228655558079481,0.5677258372306824,0.514317974283445,0.8741334895187205,6.702022552490234,38.664302825927734,0.9286249734057286,0.47196851682982066,7.548320770263672,3.664613136336916,13.187832832336426,3.7439613342285156,51.37712478637695,0.6851637363433838,1.6217617988586426,0.897400975227356,0.03497147560119629,14.562859535217285,0.6694005165401324,0.006084424603914935,0.4081316590309143,0.4642913043498993,0.5929355887055333,3.489184089712207,13.12420654296875,41.1074104309082
220343.jpg,8.268669314682484,0.6034027338027954,0.3782881294453256,0.8725628998587046,7.1018571853637695,87.6170883178711,0.9110138563266187,0.5546141605852668,7.670544624328613,2.7941189915634634,25.746620178222656,8.794134140014648,53.45439910888672,0.7010287046432495,1.6681947708129883,0.8286930322647095,0.034402504563331604,14.634099006652832,0.7782321225095502,0.004040105892406575,0.4386484622955322,0.44246211647987366,0.6054440092429628,3.1574700361852694,28.76873779296875,63.5213623046875
220345.jpg,8.284795057028532,0.5604134798049927,0.4902029189809278,0.8706500132975843,6.556396961212158,40.896575927734375,0.9126495191697424,0.4618163276003879,7.562582969665527,3.4605917748540787,13.858037948608398,3.915949583053589,51.504764556884766,0.6367570757865906,1.4902803897857666,0.892113447189331,0.0361596904695034,14.417753219604492,0.6729391489932361,0.00832427440044091,0.4062248468399048,0.46532636880874634,0.5712801716486943,3.2046844379481616,14.06170654296875,48.784934997558594
220346.jpg,8.224217146635056,0.6491518020629883,0.3848557977086658,0.8670151719689565,7.249141693115234,89.53285217285156,0.9277578035730809,0.5632873918277111,7.702378273010254,2.877096744019944,26.900053024291992,8.948590278625488,53.06239700317383,0.6293355822563171,1.6633691787719727,0.7644887566566467,0.04174334928393364,13.794127464294434,0.7369788501732149,0.004759636484819619,0.4513067603111267,0.4584726393222809,0.5715587209954874,3.2307351834903346,29.71942138671875,69.50261688232422
220355.jpg,8.211967557668686,0.5941361784934998,0.53831352518852,0.8587340687349527,6.3245720863342285,30.804441452026367,0.9332148337026794,0.39993410988384825,7.477350234985352,3.714890410765303,10.37017822265625,2.8707635402679443,48.136444091796875,0.5173726081848145,1.6361732482910156,0.9163849353790283,0.05263734608888626,12.787060737609863,0.6278236542916558,0.007489448853646866,0.3818889856338501,0.42044734954833984,0.5827887273329765,3.609749254023545,8.26971435546875,45.55518341064453
220356.jpg,8.226415656507015,0.5623061060905457,0.49296859000690796,0.8628894459264109,6.502706050872803,39.456268310546875,0.9168042103547599,0.43982813940296683,7.437793731689453,3.4361232821711525,13.983433723449707,3.7498574256896973,47.10841751098633,0.6260018944740295,1.6315274238586426,0.8308714628219604,0.03599046915769577,14.438124656677246,0.6376143285080645,0.010070713609125046,0.4044331908226013,0.445070743560791,0.5470541233521105,3.276390954958382,12.98309326171875,53.70716094970703
220357.jpg,8.212125774472952,0.5855557322502136,0.5489914049642363,0.869293220634477,6.05531644821167,25.809972763061523,0.9251737331864146,0.3838713899772911,7.467639923095703,3.7120035604091743,9.390082359313965,2.4234824180603027,45.98299789428711,0.5077323317527771,1.5259373188018799,0.8212622404098511,0.047845348715782166,13.201602935791016,0.5772670858664671,0.0109987204994967,0.3708755373954773,0.42342036962509155,0.5291631288030574,3.407508864616539,10.98797607421875,40.401126861572266
220358.jpg,8.21470333263278,0.5688703656196594,0.4401514774174243,0.8736386040738053,6.493231296539307,45.94289016723633,0.9000318782433325,0.46433531854267635,7.394217491149902,3.0562986035043505,15.352619171142578,4.513644695281982,44.00961685180664,0.6761723756790161,1.6464195251464844,0.8076466917991638,0.02856617048382759,15.441479682922363,0.7083571749512705,0.005848178560242393,0.4117361307144165,0.4346356987953186,0.5742351796195839,3.2898925119534437,16.91131591796875,50.43561935424805
220363.jpg,8.24369628727436,0.606512725353241,0.39414835645187907,0.8703938310376221,7.160126686096191,92.16045379638672,0.9188303393092915,0.5457875087682881,7.7356696128845215,2.93558423592515,28.641925811767578,9.248974800109863,56.393310546875,0.6999871134757996,1.6184815168380737,0.7945230603218079,0.03668307140469551,14.35534381866455,0.7525648800239491,0.0051073109779350805,0.4381926655769348,0.4705177843570709,0.5605968996316707,3.306183871783456,30.24969482421875,64.50255584716797
220365.jpg,8.231878638267517,0.6258105635643005,0.40929837401815017,0.8661032728141222,7.170011043548584,93.81668853759766,0.9320693471844156,0.5559930185580435,7.769347667694092,3.0573352736870056,30.826677322387695,9.419754028320312,56.21195602416992,0.66675865650177,1.661656379699707,0.8396158218383789,0.0435105636715889,13.614052772521973,0.766623484840077,0.0043626477305391395,0.44347161054611206,0.4755616784095764,0.586272690838873,3.1709248639084717,26.21453857421875,60.508365631103516
220369.jpg,8.21626827120781,0.590462327003479,0.4680467036954425,0.8652165091082191,7.036510467529297,67.74629974365234,0.9340088664826773,0.5205264038753598,7.727147102355957,3.455049386630167,23.399200439453125,6.711728096008301,59.55643844604492,0.6602562069892883,1.6258593797683716,0.8769831657409668,0.04674149304628372,13.302974700927734,0.7579201497969974,0.0035419455696152364,0.4303709864616394,0.46451568603515625,0.6200242791177079,3.2890167146719893,21.24432373046875,58.86006546020508
220371.jpg,8.23080674558878,0.5586100816726685,0.5232070058670922,0.8619218228001299,6.399040699005127,37.902854919433594,0.9264474455707266,0.427381128326204,7.493762016296387,3.6344154788410457,13.763495445251465,3.5841667652130127,48.56719207763672,0.6049090027809143,1.6252532005310059,0.8374494314193726,0.0407320037484169,13.900643348693848,0.6320237798256272,0.01043573498722721,0.3996985852718353,0.4466589689254761,0.5459202171290666,3.3666501281318686,10.24822998046875,49.78817367553711
220372.jpg,8.239157117903233,0.5883355140686035,0.48890032499206004,0.8662085893691698,6.397724151611328,42.881282806396484,0.912207853616463,0.4120397975194179,7.552729606628418,3.410199853458124,14.719927787780762,4.034549713134766,53.00400924682617,0.5907229781150818,1.6159980297088623,0.8305071592330933,0.0545058399438858,12.63556957244873,0.6363845653543853,0.012017038994629983,0.3867819309234619,0.4581100046634674,0.5372116115425132,3.2112626511293216,11.40057373046875,49.40141296386719
220375.jpg,8.205779574811459,0.561528205871582,0.5733106893000905,0.869055143777282,5.956816673278809,22.37871551513672,0.9369501561619343,0.391125485684259,7.241424560546875,3.783356908891715,7.856817722320557,2.0997915267944336,40.01674270629883,0.4602240324020386,1.6170153617858887,0.843727707862854,0.03702014312148094,14.315619468688965,0.5841555922486418,0.013055347941619956,0.3736214339733124,0.41279473900794983,0.5508523909391844,3.685143341712373,14.30535888671875,45.70726776123047
220379.jpg,8.226691205054522,0.580276608467102,0.4440955909131612,0.8800081957559118,6.9529032707214355,91.6736831665039,0.934065853845231,0.5595306855129101,7.7449750900268555,3.263639722802072,29.512781143188477,9.222696304321289,58.842918395996094,0.7356587648391724,1.5236338376998901,0.8826853036880493,0.03450784459710121,14.620820999145508,0.7734674580321593,0.0042984715688798155,0.4427923560142517,0.4665513336658478,0.5837052712722014,3.2376159574618426,29.26385498046875,58.81721115112305
230009.jpg,8.203952942043543,0.5255520939826965,0.6676023816303205,0.8766481793830169,4.945795059204102,29.9923152923584,0.9602733327525842,0.4092380233762907,7.359273910522461,4.107459021446097,11.403951644897461,2.6855428218841553,45.81552505493164,0.5711398124694824,1.2860443592071533,0.9693716764450073,0.049359869211912155,13.066261291503906,0.6484326517662742,0.01266664380817137,0.3959041237831116,0.4589581787586212,0.6595100466729339,4.45491345605359,24.76531982421875,50.5128173828125
230018.jpg,8.206899777054787,0.4956323802471161,0.6521154679728685,0.8750827210730702,4.920453071594238,30.47303581237793,0.9612940952488943,0.41156811080738775,7.24056339263916,3.965205502285155,11.498148918151855,2.7394230365753174,42.69744110107422,0.5518263578414917,1.301330804824829,0.976984977722168,0.03951871767640114,14.031970977783203,0.6630954735919239,0.01188292766506925,0.38855284452438354,0.45477062463760376,0.6575391855692974,4.519660222991704,26.34930419921875,49.775386810302734
230021.jpg,8.219855193048716,0.5338277816772461,0.5483011344780679,0.8702575078373345,5.556081771850586,38.59493637084961,0.9392747676947224,0.42167519403321796,7.344127655029297,3.5366100015050357,14.233186721801758,3.5878021717071533,45.22056579589844,0.5614268183708191,1.376197338104248,0.9854692816734314,0.043610829859972,13.604057312011719,0.6743228639900054,0.01009267361881337,0.3924328088760376,0.4609453082084656,0.6197794606023196,3.5210135784965777,14.31805419921875,52.336952209472656
230022.jpg,8.185248233377934,0.5311257243156433,0.6605374427833517,0.8760902416572911,4.931525230407715,33.70443344116211,0.9596691203062724,0.4124006518505766,7.4133405685424805,4.077135416750165,12.546208381652832,3.039987325668335,46.3048095703125,0.5526223182678223,1.2896168231964111,0.9579486846923828,0.05239804461598396,12.806849479675293,0.6624252443369653,0.013643942670696279,0.39733344316482544,0.4557308256626129,0.6627537940013731,4.396399915680377,22.22576904296875,51.345703125
230026.jpg,8.274926327168941,0.5214589238166809,0.6593603945752944,0.8757349698646979,5.1429901123046875,32.66170883178711,0.9548245984601205,0.4329679260551242,7.419070243835449,4.141474790715982,11.876266479492188,2.9430274963378906,46.82953643798828,0.5730651617050171,1.2738834619522095,1.009010910987854,0.047445088624954224,13.23808765411377,0.6672663426201677,0.0124889606771681,0.40691691637039185,0.46471333503723145,0.6728758200985672,4.1158263719035,23.79852294921875,51.695579528808594
230027.jpg,8.287416782230139,0.5278005599975586,0.5704343966731187,0.871543370946986,5.4174909591674805,38.46674346923828,0.9444592541179628,0.42642553418060364,7.380578994750977,3.650240541083173,13.666658401489258,3.5398361682891846,45.749847412109375,0.5473470687866211,1.3422209024429321,0.9910790920257568,0.045754626393318176,13.395650863647461,0.6761963730639023,0.01039938620629984,0.3959193229675293,0.45173612236976624,0.6346957128778177,3.661945042693162,18.25506591796875,48.978370666503906
230028.jpg,8.25416487455368,0.5295771956443787,0.6330780380120862,0.8744183106989755,5.208172798156738,32.72004699707031,0.9515967652354071,0.4154398280073706,7.4001312255859375,3.9910315835835313,12.310484886169434,2.9622745513916016,46.43141174316406,0.5619426369667053,1.3064188957214355,0.9650955200195312,0.04837151989340782,13.154104232788086,0.6525894980969705,0.011620653765929825,0.39330586791038513,0.44717031717300415,0.6393910641709902,4.139954102812148,21.28778076171875,50.738075256347656
230031.jpg,8.222049720585346,0.5199661254882812,0.6730775660897649,0.8752378933959307,4.909942626953125,30.774763107299805,0.9619881809801337,0.4102718573076569,7.337128162384033,4.121626502753838,12.137701034545898,2.76313853263855,44.734130859375,0.5759803652763367,1.3604190349578857,0.9812076091766357,0.04659617692232132,13.316497802734375,0.6586508067538309,0.01171746845026847,0.3930177092552185,0.4617072343826294,0.6632082284331495,4.5387515639856915,26.29754638671875,48.78527069091797
230035.jpg,8.237827744334936,0.5066574215888977,0.6540557442480879,0.8756571628794092,4.969970226287842,31.465627670288086,0.9607116430692341,0.4122897623455874,7.273923873901367,4.004106676714759,11.973884582519531,2.8357629776000977,44.005496978759766,0.5674934387207031,1.2918980121612549,0.9789928197860718,0.04286416620016098,13.679057121276855,0.6657833119542009,0.012764140535743396,0.38931912183761597,0.45490193367004395,0.6633833960991344,4.459673327343789,23.99139404296875,53.208518981933594
230037.jpg,8.27711770683527,0.5052142143249512,0.6571254036340113,0.8761219655592067,4.980862140655518,30.22262954711914,0.9549772142251474,0.41452425917007335,7.382646560668945,4.062199988826995,11.534425735473633,2.7357425689697266,44.989776611328125,0.5722790360450745,1.3014211654663086,0.9861080646514893,0.04392820596694946,13.572565078735352,0.6548000753367346,0.011515011063660308,0.3915719985961914,0.4642794132232666,0.6511035928750302,4.418700682723363,21.48651123046875,48.40094757080078
230039.jpg,8.335236810147762,0.5223433375358582,0.6031123862248038,0.8740258135892818,5.526901721954346,34.446598052978516,0.9510751655007363,0.4573067837882839,7.36545467376709,3.887781133735741,11.685949325561523,3.1604421138763428,45.63322448730469,0.5710381269454956,1.27065908908844,1.0384935140609741,0.04137161746621132,13.832975387573242,0.6691126200376954,0.011615178508736888,0.41605985164642334,0.47222286462783813,0.6587657097533952,3.5318342923736608,23.18133544921875,48.79035949707031
230045.jpg,8.318437397480011,0.5192728042602539,0.6650828411124541,0.8749460690644869,4.957769393920898,31.62177848815918,0.9614957057693133,0.4197103911564781,7.321835994720459,4.083489511900272,12.228584289550781,2.838515043258667,44.52754211425781,0.5761278867721558,1.36808443069458,0.9724143147468567,0.04650868847966194,13.324660301208496,0.6599778365861736,0.012394075560086591,0.3971916437149048,0.45983076095581055,0.6634330341791057,4.519189583946222,25.27362060546875,48.40329360961914
230048.jpg,8.208160754293203,0.5187523365020752,0.6302377524247438,0.8747815399760126,5.215925216674805,36.44045639038086,0.9560897862659543,0.43728383284765115,7.414778709411621,3.980184754447853,12.558281898498535,3.3030624389648438,46.01001739501953,0.6105796098709106,1.427720069885254,0.9649926424026489,0.04532834142446518,13.436302185058594,0.6680500215324534,0.013647114966934477,0.40963488817214966,0.4746268689632416,0.6540781708387954,4.035599809509099,19.90008544921875,48.87554931640625
230052.jpg,8.222239028662443,0.5018221735954285,0.6445962330187237,0.8753404625493408,4.999401092529297,31.9276123046875,0.9585725995794455,0.41730160266369776,7.258787631988525,3.9508031173037548,12.040181159973145,2.8795101642608643,43.554443359375,0.5713960528373718,1.305416226387024,0.9841125011444092,0.04156559705734253,13.812660217285156,0.6670008282292443,0.012415245095428448,0.39162367582321167,0.45642736554145813,0.6635188307921063,4.323851277336447,22.70477294921875,53.292972564697266
230059.jpg,8.227447994053364,0.5232908129692078,0.6706510272659734,0.8767876671921191,4.843718528747559,30.442514419555664,0.9588074871102752,0.4046413015235879,7.3478193283081055,4.088145869244366,11.816253662109375,2.735670566558838,45.218936920166016,0.5686538815498352,1.2822418212890625,0.9788271188735962,0.04915836825966835,13.084025382995605,0.6569542759203691,0.012174224055236183,0.392733097076416,0.46286314725875854,0.6634404677275104,4.490801667562853,24.16473388671875,52.19938659667969
230062.jpg,8.23226210847497,0.5013344883918762,0.6666330010559277,0.8752146725246862,4.93749475479126,36.422420501708984,0.9630937631149777,0.43525476033451804,7.365884780883789,4.100931425036322,12.97078800201416,3.3128459453582764,45.13395690917969,0.538354754447937,1.392129898071289,1.0164850950241089,0.04650164023041725,13.325318336486816,0.6891555313259377,0.011137650226716412,0.41164642572402954,0.47175177931785583,0.6853255311209655,4.106283767034014,14.38934326171875,49.61948776245117
230082.jpg,8.228411175310612,0.5342980623245239,0.6314602141916688,0.8746390372638335,5.18114709854126,34.012969970703125,0.95342126065065,0.4112164255658258,7.37962532043457,3.965825812421974,12.512215614318848,3.0826497077941895,46.99254608154297,0.5486478209495544,1.2767735719680786,0.981197714805603,0.05095440521836281,12.928182601928711,0.6631670953228693,0.01156306528684578,0.3900812268257141,0.4531295895576477,0.6470654957193098,4.0493042999831115,20.10565185546875,52.45006561279297
230088.jpg,8.195286493748426,0.5118532180786133,0.6046084674272354,0.8741258201150458,5.133790493011475,34.52689743041992,0.9497721052053116,0.40921607476233696,7.328832149505615,3.7675144324163004,12.884466171264648,3.130347728729248,44.73438262939453,0.5728013515472412,1.328758716583252,0.9539049863815308,0.043592669069767,13.605866432189941,0.6603914564595499,0.011494762848559726,0.38811442255973816,0.4534664750099182,0.6346198359764854,4.2569323346691315,23.35369873046875,52.958168029785156
230097.jpg,8.191920816898346,0.5368693470954895,0.5893702540670815,0.8732874079128892,5.67155122756958,40.03287887573242,0.9524229385300965,0.4556523257129129,7.477045059204102,3.874706812015754,14.579472541809082,3.7264277935028076,48.448341369628906,0.6203411817550659,1.4170432090759277,1.002855658531189,0.04572640359401703,13.398330688476562,0.6794271197251347,0.009663210045283132,0.4163658916950226,0.484566330909729,0.6360392615875232,3.5868676248740905,19.08026123046875,50.413394927978516
230105.jpg,8.181272372603416,0.5268011093139648,0.6694075080977611,0.8764064269731744,4.880410671234131,33.024227142333984,0.9614357856030538,0.40736312697319677,7.386839866638184,4.105907248000275,12.188838005065918,2.9692561626434326,45.9738883972168,0.5456429719924927,1.2896344661712646,0.9783899784088135,0.052338361740112305,12.811799049377441,0.6691339409204786,0.013006829436172193,0.3979511260986328,0.4593733549118042,0.6685620627598581,4.469279006744744,23.07147216796875,52.35595703125
230107.jpg,7.8433303236961365,0.5199836492538452,0.6262403303145964,0.8734573824503751,5.278656005859375,34.902931213378906,0.9551425044347281,0.43385362187247395,7.344114303588867,3.9524554554221876,12.545133590698242,3.175753355026245,45.1522216796875,0.5685417056083679,1.3058249950408936,1.012134313583374,0.0441739484667778,13.548337936401367,0.6768505105905573,0.012050799446369258,0.40056926012039185,0.4629093408584595,0.6583271364179341,3.8961054239624224,22.51092529296875,52.101959228515625
230108.jpg,8.281802389770746,0.5292356610298157,0.6492724420145528,0.8736542944442259,5.151490688323975,32.125221252441406,0.957749506572585,0.4264305923083387,7.382750511169434,4.069080696399972,12.322845458984375,2.904261350631714,46.29090118408203,0.5867104530334473,1.397300124168396,0.998085618019104,0.04936704784631729,13.065628051757812,0.6605932167994337,0.011192076532692538,0.40248677134513855,0.4636210501194,0.6643158795384815,4.136515028981015,23.92547607421875,47.928836822509766
230110.jpg,8.2433300614357,0.5282679796218872,0.6808230672790129,0.8762661591931584,4.878975868225098,32.53030014038086,0.9618540288051691,0.4191139364808761,7.409958839416504,4.183307376324903,12.301766395568848,2.9302196502685547,46.29157638549805,0.5442931652069092,1.289511799812317,0.9971386194229126,0.05200778320431709,12.839317321777344,0.6724395524658556,0.011790645584461863,0.3976750373840332,0.4618905484676361,0.6768842122640886,4.3999622620931795,21.67498779296875,53.96900939941406
230115.jpg,8.254217397421598,0.5240535736083984,0.6482192717255871,0.8751601861000321,5.08172082901001,32.44647216796875,0.9587307631341475,0.4152405640967266,7.391090393066406,4.042570325042364,12.463651657104492,2.938868284225464,46.27717590332031,0.5627614259719849,1.2975223064422607,0.9845956563949585,0.04856468364596367,13.136795043945312,0.6602690303308167,0.011115908598903247,0.39600735902786255,0.4571766257286072,0.6539079268257579,4.455528066548029,20.16961669921875,49.83171081542969
230117.jpg,8.322627924382687,0.5176958441734314,0.6672194689457598,0.8758959898278094,4.9029622077941895,30.934614181518555,0.9616278092359765,0.4090415275108124,7.317677021026611,4.076936689622315,11.90593147277832,2.7860310077667236,44.24104309082031,0.560421884059906,1.299652099609375,0.9695475101470947,0.047705795615911484,13.214288711547852,0.6578714780544906,0.011938036524669184,0.3909348249435425,0.452504962682724,0.6624901739934721,4.477696343305704,23.08465576171875,52.267608642578125
230118.jpg,7.926292069256306,0.5345839858055115,0.622599079837829,0.8723406999414092,5.5391645431518555,36.84102249145508,0.9590883229499847,0.4614781401941356,7.4675703048706055,4.049002199770509,12.678253173828125,3.3283531665802,47.92184066772461,0.5661715269088745,1.4090418815612793,1.0275405645370483,0.04855598509311676,13.137571334838867,0.6828231851360304,0.012159840334655997,0.4215194582939148,0.4736141562461853,0.676240965512289,3.7868438040044863,20.71551513671875,48.52000427246094
230124.jpg,7.936795886605978,0.5271422266960144,0.6735456418341437,0.8760196735553603,5.021572589874268,31.115432739257812,0.9610216266962841,0.41290988185401645,7.417383670806885,4.189114739829774,11.7765531539917,2.7938284873962402,47.04170227050781,0.5616486072540283,1.325049638748169,0.9931656122207642,0.05113183334469795,12.913087844848633,0.659308985259845,0.01191737869143467,0.3950452208518982,0.46041834354400635,0.6676387681557624,4.363884809675056,22.59393310546875,53.620201110839844
230125.jpg,7.941636856645346,0.5126497149467468,0.6378028246733143,0.8741281959608533,5.116474151611328,30.80083656311035,0.9558392916183189,0.4119750937250326,7.252923011779785,3.9446299103011953,11.699827194213867,2.780100107192993,42.73554611206055,0.5523492693901062,1.3087620735168457,0.9895843267440796,0.041960347443819046,13.771610260009766,0.6568732937634046,0.011542134067271882,0.3904338479042053,0.4497022032737732,0.6534945881776009,4.26632089337087,23.62225341796875,52.3853759765625
230131.jpg,8.372834045439959,0.5363796949386597,0.623855281374874,0.8663556788763855,5.701101303100586,32.55593490600586,0.9605608727150057,0.4686699705860126,7.4263200759887695,4.0948168958467654,12.131657600402832,2.9350638389587402,47.459232330322266,0.6042778491973877,1.5546348094940186,1.025573968887329,0.042807962745428085,13.684755325317383,0.6613773866533189,0.011089337648071953,0.4176430106163025,0.47078853845596313,0.6574918189754759,3.8985376892890176,22.28533935546875,47.74536895751953
230132.jpg,8.189203102141619,0.5079985857009888,0.6698550149450045,0.875451702434625,4.898597717285156,30.09560203552246,0.9625854626284771,0.4181746595275373,7.2738037109375,4.076884302971212,11.507673263549805,2.7029476165771484,43.04336166381836,0.5590012669563293,1.3010389804840088,0.9967567920684814,0.04344136267900467,13.620965957641602,0.6666562980035208,0.011310701076062551,0.3963429033756256,0.45930472016334534,0.6750098758579854,4.633809011341007,26.19061279296875,49.21033477783203
230143.jpg,8.231574296951294,0.5222777724266052,0.6346389275174366,0.874064179163603,5.209836483001709,36.12154006958008,0.9564392857106706,0.4393569683721871,7.405859470367432,4.003217532777093,12.739496231079102,3.2573201656341553,46.88603210449219,0.5880376100540161,1.390556812286377,0.9926540851593018,0.04749952256679535,13.233108520507812,0.677618152674041,0.012918613949800038,0.4080455005168915,0.47132062911987305,0.6736648568266261,4.257027128360857,22.41473388671875,49.524959564208984
230149.jpg,7.8034743294119835,0.5241914987564087,0.6062300298035296,0.8743222220649165,5.367725849151611,37.003326416015625,0.9505183604727567,0.4319118036854958,7.39091682434082,3.8673473994909617,12.84550952911377,3.3796043395996094,47.01327133178711,0.5597346425056458,1.2689812183380127,1.0076003074645996,0.046442270278930664,13.330865859985352,0.6758101300210683,0.011611271325910949,0.40331900119781494,0.46908968687057495,0.6526252044196078,3.48633288820861,23.01629638671875,48.66929244995117
230154.jpg,7.73761884868145,0.5196598172187805,0.6316050501524082,0.8746325801676778,5.188222408294678,36.47599411010742,0.9570388197478625,0.4418758924011396,7.378909111022949,3.968743656664298,12.543402671813965,3.3011715412139893,45.28122329711914,0.603230893611908,1.42868173122406,0.9607255458831787,0.0452917255461216,13.439809799194336,0.66674367450494,0.014083893931136198,0.40980324149131775,0.47289857268333435,0.6566687688113361,4.028420447561445,18.87567138671875,46.481964111328125
230157.jpg,8.297955617308617,0.5155868530273438,0.5981618920235324,0.8708153165896262,5.648770809173584,37.2154541015625,0.9501856462881598,0.4800061164906936,7.397035121917725,3.901763067495745,12.513113975524902,3.4093899726867676,48.961917877197266,0.6005563735961914,1.4118661880493164,1.088435411453247,0.040488891303539276,13.926641464233398,0.6926824872889366,0.011326997272126622,0.42818430066108704,0.4692997932434082,0.686195143791694,3.3992474560819885,21.15789794921875,46.31855773925781
230159.jpg,8.304530579596758,0.5206122398376465,0.67585768494863,0.8773724861513852,4.846495151519775,31.58713150024414,0.9607348350174336,0.40587944839695533,7.35441780090332,4.123052882407585,12.029498100280762,2.8328540325164795,46.75562286376953,0.5836018323898315,1.278145670890808,0.9830286502838135,0.050536371767520905,12.963958740234375,0.665336160184867,0.011657885063916584,0.39099380373954773,0.4565277397632599,0.6708956929293093,4.458950921362525,26.58660888671875,51.217864990234375
230167.jpg,8.272547502070665,0.5195980668067932,0.6609364113320642,0.8753113160454963,5.0896735191345215,33.12336730957031,0.9612370194048125,0.4262483212735173,7.431224822998047,4.137770785175828,12.225794792175293,2.9850966930389404,47.892234802246094,0.5563157796859741,1.3877675533294678,0.9926834106445312,0.05016886070370674,12.995657920837402,0.6604074103749774,0.0120293378699935,0.40267306566238403,0.4672940671443939,0.6619121288886742,4.181252163602439,20.62030029296875,50.2725715637207
230173.jpg,7.8575479835271835,0.5190258026123047,0.6685552661676554,0.8762369560414883,4.932992935180664,31.09296226501465,0.9593773211499349,0.40680023857310027,7.370290279388428,4.1127245369118235,12.064273834228516,2.7966396808624268,47.267860412597656,0.5633271932601929,1.270885944366455,0.9701331853866577,0.04939515143632889,13.06315803527832,0.656086887275309,0.011537736374209852,0.39352142810821533,0.4566919803619385,0.6597186303936244,4.514499705955433,25.85467529296875,49.85737609863281
230175.jpg,8.395179629325867,0.5194103717803955,0.6605109867591312,0.8758799657089458,4.9414825439453125,30.05413246154785,0.9600829746288927,0.4010166357716234,7.299698829650879,4.042729468520113,11.521686553955078,2.693993330001831,44.039024353027344,0.5652316212654114,1.3037374019622803,0.9706631898880005,0.046934887766838074,13.285041809082031,0.6525662949533184,0.011937881221192478,0.38760554790496826,0.4554508924484253,0.6557944563678146,4.483947994646204,25.56024169921875,50.4249153137207
230178.jpg,8.568706031888723,0.5295028686523438,0.635153097395461,0.874954928763634,5.163341999053955,33.84210968017578,0.9528398316344273,0.41686062163737597,7.3671064376831055,3.9793881426822306,12.574309349060059,3.0612924098968506,47.15789031982422,0.5477119088172913,1.2624863386154175,0.9805861711502075,0.04999979957938194,13.010318756103516,0.664450736230042,0.011954708717682332,0.3966863751411438,0.4533613324165344,0.6538388260737554,4.160491355517818,20.49725341796875,53.38496398925781
230179.jpg,8.499859277158976,0.5352419018745422,0.6303529840743186,0.8751403207726446,5.180888652801514,34.14817428588867,0.9538997921878626,0.4237950348530176,7.399947166442871,3.965195656934979,12.364338874816895,3.091062068939209,46.49835968017578,0.5591629147529602,1.2873680591583252,0.9733386039733887,0.05001666396856308,13.0088529586792,0.6608057187659488,0.012059636147669556,0.4008380174636841,0.4574626684188843,0.6505930229575159,4.001492478836878,20.63885498046875,47.07318115234375
230186.jpg,8.480078350752592,0.5103861689567566,0.6443247853583922,0.8749064855202181,4.931568145751953,31.403135299682617,0.9568864446704088,0.4078410595315745,7.263740539550781,3.9288816733685454,11.945104598999023,2.82712721824646,43.47434616088867,0.5608891844749451,1.3188953399658203,0.9941791296005249,0.04400193691253662,13.565282821655273,0.6643636540346742,0.011426526933586202,0.3903932571411133,0.4525718092918396,0.6651090890678684,4.343864882895186,26.06610107421875,50.56076431274414
230199.jpg,8.292152348905802,0.5114192962646484,0.6422892690075337,0.8754438387802793,5.005316734313965,33.73683547973633,0.9561182940223116,0.4153164868646954,7.367867469787598,3.973593511002811,12.419264793395996,3.041341543197632,45.919532775878906,0.5584872961044312,1.2771580219268799,0.9930698275566101,0.04639613628387451,13.33518123626709,0.6706223259843623,0.012064606804938453,0.39419129490852356,0.46285420656204224,0.6683758539976038,4.382635852507736,23.65740966796875,51.26705551147461
230204.jpg,8.259593475610018,0.4875098168849945,0.6651319195978839,0.8754745916777708,4.870998382568359,28.465665817260742,0.9614075631393302,0.4087850576901759,7.203152656555176,4.015463725186599,10.768684387207031,2.552828788757324,41.529022216796875,0.5602736473083496,1.2954258918762207,0.9951783418655396,0.03841127082705498,14.155414581298828,0.6607946494646666,0.012668537485223006,0.389549195766449,0.4545654058456421,0.6682375402798459,4.468471473017549,26.73260498046875,50.93963623046875
230205.jpg,8.279746659100056,0.5306793451309204,0.5682737923510571,0.871005259504605,5.463800430297852,38.83681869506836,0.9471359870035988,0.42754577483091344,7.330259323120117,3.6352748656511356,14.238188743591309,3.5986077785491943,44.353858947753906,0.5601353645324707,1.3599801063537598,1.014570951461792,0.04333438724279404,13.631672859191895,0.6846921703342052,0.009478869028141728,0.3973355293273926,0.4595302939414978,0.6375971258535679,3.6430002808152144,16.52069091796875,51.31280517578125
230210.jpg,8.485339011996984,0.5254875421524048,0.6475804236967286,0.8729162362103933,5.182936668395996,31.274076461791992,0.9569560335009588,0.42275326934789875,7.364877223968506,4.062871514946686,12.28779125213623,2.826664686203003,45.29958724975586,0.5937308073043823,1.4276738166809082,1.0006399154663086,0.04606321454048157,13.366458892822266,0.6575904400868243,0.010540078694809277,0.39823439717292786,0.4654081463813782,0.6542169597024274,4.2477145890705525,23.28045654296875,51.530189514160156
230212.jpg,7.696894388645887,0.5073086023330688,0.6228445655400546,0.8722539235247302,5.259163856506348,36.18940353393555,0.9585324638936957,0.4479871087098741,7.326505661010742,3.919469385771425,13.39426326751709,3.3079497814178467,43.90275955200195,0.5978606343269348,1.440476894378662,1.0096349716186523,0.04157643020153046,13.811529159545898,0.684133043138606,0.010440670558856589,0.40909987688064575,0.4682796895503998,0.6644603298909807,3.7777369465943833,20.43328857421875,48.1534309387207
230213.jpg,8.35801986604929,0.4909544885158539,0.6403528194146306,0.8737395374718111,5.0146002769470215,30.489490509033203,0.9566836807616369,0.4105728754581822,7.21386194229126,3.9152769752798395,11.736343383789062,2.7542197704315186,41.69768142700195,0.5452159643173218,1.3162410259246826,0.9891635179519653,0.03809533268213272,14.191283226013184,0.6635972937341946,0.011082944084381837,0.38919970393180847,0.45348092913627625,0.6560313520396414,4.2439134785001,25.45574951171875,50.66158676147461
230219.jpg,8.377597369253635,0.5226476192474365,0.5681546235321697,0.8722492556901744,5.477339744567871,41.029273986816406,0.9426905499119702,0.44232903108208854,7.400379657745361,3.6582782672301626,14.012070655822754,3.801776170730591,46.22239303588867,0.5819432735443115,1.3437947034835815,1.0603818893432617,0.04417967423796654,13.547774314880371,0.7031550185250154,0.010088162670116129,0.4050174057483673,0.46689373254776,0.6630170099056456,3.4607146032078857,19.63153076171875,49.33037567138672
230220.jpg,8.351766671985388,0.526469886302948,0.6534843210285513,0.87386697430041,5.167129993438721,31.378204345703125,0.9570102832044342,0.4240622180196967,7.412579536437988,4.11033359233903,12.100403785705566,2.8211441040039062,46.97565841674805,0.579668402671814,1.3864009380340576,0.9894543886184692,0.04795001447200775,13.192113876342773,0.6580456556745048,0.011303747066342004,0.3975065350532532,0.45823416113853455,0.6567626148777714,4.295432597134558,24.73065185546875,53.13877868652344
230225.jpg,8.162821188569069,0.5237064361572266,0.6478370845346855,0.8750156855381294,5.069955348968506,32.01913070678711,0.9544379359580546,0.4140300763625641,7.378011703491211,4.032138976836361,12.163392066955566,2.88665771484375,47.01848602294922,0.5567941665649414,1.2809302806854248,1.0018903017044067,0.04903687164187431,13.094773292541504,0.6658107437217644,0.010775557279318754,0.3942296802997589,0.45870593190193176,0.6651152413528857,4.0691063219669825,23.57830810546875,49.93287658691406
230232.jpg,8.166808996349573,0.5313367247581482,0.6490067188122373,0.8742419434868172,5.18437385559082,30.876800537109375,0.9593670425491988,0.4293372909212651,7.405219078063965,4.085376859761517,11.822303771972656,2.782550573348999,45.93546676635742,0.5800830125808716,1.3630646467208862,0.9870800971984863,0.04786496236920357,13.199823379516602,0.654189312383096,0.011508182472154125,0.40024545788764954,0.4617135524749756,0.6573573148795754,4.1994482958282315,25.20965576171875,49.55073165893555
230234.jpg,8.172805275768042,0.5238092541694641,0.6465888597631867,0.8756772651471278,5.051407814025879,32.378387451171875,0.9546005362861186,0.4007883636013529,7.373220920562744,4.016825152274357,12.222068786621094,2.924621343612671,46.34941482543945,0.5671151876449585,1.2745225429534912,0.983000636100769,0.04900313541293144,13.097762107849121,0.6635358144789836,0.011866312168517494,0.38661953806877136,0.4546910226345062,0.6509824942067042,3.9355271381710106,25.08758544921875,50.40614318847656
230237.jpg,8.471960563212633,0.5323386788368225,0.5827269402653197,0.8736123791802624,5.312440872192383,34.91819381713867,0.9387715996952682,0.39494296805434054,7.366526126861572,3.6941985425912414,13.207666397094727,3.1852920055389404,45.492122650146484,0.5837607383728027,1.3658570051193237,0.9429448843002319,0.046660374850034714,13.310518264770508,0.6530611320103975,0.010880790180416051,0.3823201358318329,0.45530766248703003,0.6092718523313346,3.9117805967877164,20.26922607421875,46.25575637817383
230240.jpg,8.539597902446985,0.5398464798927307,0.6050502749471754,0.8723750714661642,5.3661932945251465,37.173500061035156,0.9494089591198321,0.443272568620475,7.481072425842285,3.8866320833566466,13.705251693725586,3.3747780323028564,47.680694580078125,0.5808911323547363,1.4361763000488281,0.972297191619873,0.05020316317677498,12.99268913269043,0.6627423426758088,0.012003429851402474,0.4116629362106323,0.46969762444496155,0.6480107933163883,3.920801734075738,19.11248779296875,52.02124786376953
230242.jpg,7.885980911552906,0.5206928849220276,0.6525752973096229,0.8753862243252674,5.037787437438965,33.58744430541992,0.9598819148771711,0.4207141368478568,7.392041206359863,4.055711784205837,12.460979461669922,3.0378925800323486,46.45438766479492,0.5566617250442505,1.2750084400177002,0.995278537273407,0.04831274226307869,13.159381866455078,0.6721066722110202,0.011708448082310908,0.39746975898742676,0.4578906297683716,0.6674959003224171,4.293141803666465,22.64813232421875,49.860557556152344
230243.jpg,7.8802908062934875,0.5176160931587219,0.6816757814256916,0.876297054376085,4.9368815422058105,30.614770889282227,0.9611792672204328,0.4110328168169911,7.325566291809082,4.179519421392852,11.54331111907959,2.7444703578948975,44.23330307006836,0.5832083225250244,1.3362183570861816,0.9993162155151367,0.047481998801231384,13.234709739685059,0.66982494555523,0.012720511287415883,0.3952530026435852,0.46178558468818665,0.6748509552989356,4.503699862680532,24.29803466796875,45.70595932006836
230245.jpg,7.883451376110315,0.5172173976898193,0.6677314270135248,0.8756319979773779,4.982755661010742,30.273405075073242,0.9598815207607978,0.41720191805719903,7.363126277923584,4.121879025976138,11.40052318572998,2.719280481338501,44.81052780151367,0.58049076795578,1.3513762950897217,0.9936796426773071,0.04633932560682297,13.340503692626953,0.6587503245183439,0.01206628890203214,0.39737188816070557,0.45853036642074585,0.6670673656802549,4.512568476171209,22.78387451171875,53.2427864074707
230246.jpg,8.40424532815814,0.5232259035110474,0.5838509106388353,0.8730322986801761,5.419961929321289,38.770870208740234,0.9460268743185193,0.43191122700399665,7.351304054260254,3.7282686734290404,13.900832176208496,3.589069366455078,44.853389739990234,0.566319465637207,1.3064954280853271,1.0426225662231445,0.043728869408369064,13.592317581176758,0.695343646953874,0.008790951188045982,0.3975713551044464,0.454548716545105,0.6546325239246954,3.546434628385739,19.83807373046875,52.18287658691406
230247.jpg,8.396956618875265,0.5176635384559631,0.6773953309335441,0.8761527001008763,4.875217914581299,29.273950576782227,0.9632226014902253,0.4035954487449134,7.302068710327148,4.124431260525702,11.087272644042969,2.6171517372131348,43.97341537475586,0.5625162124633789,1.2862730026245117,0.9965121150016785,0.04575386270880699,13.395724296569824,0.6617289264015118,0.0114112028776883,0.38974809646606445,0.4574772119522095,0.6729429433640951,4.667137756703868,27.29315185546875,49.248626708984375
230250.jpg,8.386448174715042,0.5175555944442749,0.6586699365844723,0.8761804786230568,4.955053329467773,30.076772689819336,0.9595533738821894,0.4054429992879758,7.337739944458008,4.048458873710466,11.67520523071289,2.703300952911377,45.84006881713867,0.5720810890197754,1.2896182537078857,0.962047278881073,0.04626595228910446,13.34738540649414,0.6512705234052344,0.011743515912444364,0.3884813189506531,0.45805227756500244,0.6456465766303651,4.587387540717309,25.04168701171875,48.98505401611328
230252.jpg,7.957839876413345,0.536425769329071,0.611182487601495,0.870089234311195,5.5771379470825195,32.976173400878906,0.9502339673452124,0.43519585421329554,7.3882551193237305,3.9621218247397483,12.484380722045898,2.9983017444610596,45.616050720214844,0.5899244546890259,1.4588284492492676,0.9825108051300049,0.04431969299912453,13.534031867980957,0.6539230996371741,0.010679935257580963,0.40604108572006226,0.46044430136680603,0.6339313751871466,3.9650711073363825,20.64373779296875,48.61126708984375
230258.jpg,9.318913742899895,0.5202733278274536,0.6895627330525854,0.8773340534477401,4.836853981018066,30.623327255249023,0.9634101675077015,0.4120347260929451,7.376893997192383,4.211085377274777,11.346343994140625,2.7323367595672607,46.50749588012695,0.5603305697441101,1.2223191261291504,0.9896347522735596,0.050328392535448074,12.981870651245117,0.6714036350250452,0.012099305868104988,0.39360421895980835,0.45762476325035095,0.6831412772725346,4.547813553781548,26.56561279296875,51.51130676269531
230260.jpg,8.959041263908148,0.5112735033035278,0.6178086263478462,0.8854269302255751,5.3589982986450195,32.5063591003418,0.9414261478267459,0.3939692478714683,7.2926788330078125,3.908169298485644,11.982083320617676,2.952313184738159,44.00060272216797,0.6997910141944885,1.395493745803833,0.953290581703186,0.0390891507267952,14.079437255859375,0.6559952825141687,0.01162348895181176,0.3834993243217468,0.461653470993042,0.6204731139221178,4.090554374509391,24.26531982421875,47.150115966796875
230263.jpg,8.955727156251669,0.5205604434013367,0.6451967919627172,0.8754252640988771,4.995305061340332,31.97918128967285,0.956304631276808,0.41012094508112007,7.332216262817383,3.9768505428694443,12.01809310913086,2.88629150390625,44.49626922607422,0.5577794313430786,1.2935259342193604,0.9613051414489746,0.046750351786613464,13.30215072631836,0.6573591707392619,0.012692058154960629,0.3886081576347351,0.4478382468223572,0.6489765980983709,4.205521203824419,21.97674560546875,49.81600570678711
230270.jpg,8.955455396324396,0.5145824551582336,0.6924879520300995,0.8768487120881416,4.864272117614746,32.106346130371094,0.9637615669999365,0.4255103304172739,7.3582658767700195,4.231992537843588,11.520570755004883,2.872342348098755,44.927886962890625,0.5573442578315735,1.2523458003997803,1.0086579322814941,0.04785192012786865,13.201006889343262,0.6855192513957667,0.012775513111958786,0.4030194580554962,0.4670807123184204,0.6963385746829147,4.714654168771618,24.21063232421875,46.49703598022461
230271.jpg,8.925971508026123,0.5374202132225037,0.6365488764294909,0.8734300730497895,5.309415340423584,33.27696990966797,0.9557492339023427,0.43250105090005875,7.402469635009766,4.045879374875794,12.429402351379395,3.0141823291778564,46.58558654785156,0.5778125524520874,1.3701823949813843,0.9827476739883423,0.04929456487298012,13.072009086608887,0.6591824897445773,0.011711749660857371,0.40341123938560486,0.4601699411869049,0.6553163565600846,4.057101275433281,21.93231201171875,47.47224044799805
230272.jpg,8.911359306424856,0.5133857131004333,0.6417003646722076,0.875911268228445,5.006967067718506,33.27035140991211,0.9578274200808807,0.4109557553577625,7.331019401550293,3.9586571796027012,12.444062232971191,3.0013110637664795,45.31407165527344,0.5740444660186768,1.2947556972503662,0.9622941017150879,0.04584396630525589,13.387179374694824,0.6617183656282283,0.012671653792327148,0.3897307813167572,0.4581923186779022,0.654767147810071,4.34349969271922,23.56610107421875,49.647010803222656
230274.jpg,8.88144326582551,0.5121757388114929,0.6686668661708098,0.8764660626429525,4.855996608734131,28.890853881835938,0.9606815535487515,0.3940575614763146,7.31262731552124,4.068390115312759,11.00714111328125,2.5863239765167236,44.198326110839844,0.56034916639328,1.2717299461364746,0.9774898290634155,0.046057894825935364,13.366958618164062,0.6536970783949412,0.012542209104938366,0.38255786895751953,0.4531884491443634,0.6577837555451083,4.579411849250763,24.99725341796875,51.00463104248047
230282.jpg,8.817500561475754,0.5036777853965759,0.642596254740272,0.8744154314460334,4.985926628112793,30.22900390625,0.957502321790426,0.4076276646288035,7.248716831207275,3.930980011576647,11.862385749816895,2.7375216484069824,41.56153106689453,0.5768845677375793,1.3561831712722778,0.9643699526786804,0.039867863059043884,13.993770599365234,0.6495597030689345,0.011881664056281745,0.38924166560173035,0.45041126012802124,0.6393815164726323,4.501804804923672,21.26678466796875,51.22332763671875
230289.jpg,7.819240681827068,0.5158292055130005,0.66769985739525,0.8762334332851178,4.930524826049805,31.643651962280273,0.9615742420906925,0.4071880031610494,7.327796936035156,4.092452283187493,11.707544326782227,2.841616153717041,44.6710319519043,0.5562512874603271,1.2756330966949463,0.9878491163253784,0.04735345393419266,13.24648380279541,0.6660353304425771,0.013079769698309285,0.392605721950531,0.4636111855506897,0.6712747847930983,4.518057088768203,24.87469482421875,47.976844787597656
230292.jpg,8.989813648164272,0.5305134654045105,0.59809386660051,0.8736905234896258,5.41431188583374,36.84669876098633,0.9480492258795288,0.43101055654212833,7.374640464782715,3.824507993767499,13.053966522216797,3.348952531814575,46.64686965942383,0.5526571869850159,1.2882213592529297,0.9482660293579102,0.046756114810705185,13.301615715026855,0.6611561705201385,0.013159926489598028,0.40336787700653076,0.45069384574890137,0.6348852636285489,3.795810269062828,19.38641357421875,53.20543670654297
230297.jpg,9.040170330554247,0.5219628214836121,0.6751261298222428,0.8758657502387968,4.933779239654541,31.827911376953125,0.9615390606228286,0.4207616090330193,7.380913257598877,4.156997594306311,12.167716026306152,2.8627078533172607,45.879730224609375,0.5538905262947083,1.3071006536483765,0.986689567565918,0.04885908588767052,13.110546112060547,0.6660742586701186,0.012216656632364783,0.39914432168006897,0.46323463320732117,0.6670248635533345,4.42855380115293,24.58074951171875,53.40580749511719
230298.jpg,9.00312602519989,0.5195263028144836,0.6904584425035966,0.8761007596089406,4.774850845336914,31.151594161987305,0.9643626394673224,0.41780358930958833,7.347919464111328,4.185147390692498,11.86126708984375,2.7914299964904785,44.916072845458984,0.5813401341438293,1.363539218902588,0.9969475269317627,0.04871516674757004,13.123358726501465,0.6705312079137394,0.012287327275622806,0.400931179523468,0.4677162170410156,0.6819778160419568,4.715645391928346,27.05584716796875,47.77873229980469
230299.jpg,8.636176697909832,0.522985577583313,0.6194341562816833,0.8738548133677522,5.141595363616943,32.4578971862793,0.9501287900412635,0.40391329519982444,7.343491554260254,3.866856264503129,12.628459930419922,2.943744659423828,44.67216873168945,0.5686790943145752,1.3512475490570068,0.9650349617004395,0.046011894941329956,13.371297836303711,0.6516095525228766,0.010569175779056592,0.38766586780548096,0.45117253065109253,0.6318109332080398,4.063089830874426,21.88153076171875,51.1458625793457
230301.jpg,8.58428106829524,0.5327533483505249,0.6388177505551929,0.8748722251768334,5.178727626800537,31.682998657226562,0.9515332279627426,0.3963278042254647,7.399104118347168,4.01748244818133,12.32727336883545,2.8659119606018066,46.34611892700195,0.5766451358795166,1.3299603462219238,0.9733144640922546,0.0495721660554409,13.04762077331543,0.6509842477741432,0.011404301661698884,0.3889159560203552,0.46412402391433716,0.6365300063790092,4.197868290478943,22.99774169921875,48.40446472167969
230304.jpg,8.635037381201982,0.5268294811248779,0.6378679009582783,0.8715374607533375,5.358672618865967,31.12782096862793,0.9553813755152114,0.4246621220155916,7.342599868774414,4.0508788631864245,12.083710670471191,2.821866750717163,44.78439712524414,0.5815112590789795,1.4195772409439087,0.9952834844589233,0.04433488845825195,13.532543182373047,0.6520245520214583,0.010776279318567328,0.40126878023147583,0.46162182092666626,0.6459401936301151,3.9748856284041314,22.79168701171875,48.1645393371582
230305.jpg,8.717935517430305,0.5123870968818665,0.6370613084970097,0.8741896783331506,5.164856910705566,33.74699020385742,0.9544802929115758,0.4280422406928433,7.429641246795654,4.011745457726381,12.237152099609375,3.070066452026367,47.1612548828125,0.5570617914199829,1.3634366989135742,1.022842526435852,0.046493735164403915,13.326055526733398,0.670120921824715,0.01110977300607692,0.40354660153388977,0.4853506088256836,0.6605485540939477,3.7872191552164716,17.29217529296875,51.49064636230469
230306.jpg,8.52894127368927,0.5383331179618835,0.6268297521014142,0.8721355340101407,5.4519476890563965,31.991413116455078,0.9545334965039984,0.4333052517730945,7.3914289474487305,4.025316520063139,11.908811569213867,2.8943450450897217,45.8853759765625,0.5820550918579102,1.3987324237823486,1.003568410873413,0.046740319579839706,13.303084373474121,0.6573165793871357,0.011368238858850922,0.40266263484954834,0.4648810029029846,0.6524503213386642,3.818445130445408,20.33074951171875,48.554412841796875
230308.jpg,7.6272724866867065,0.5244585275650024,0.6154686506504828,0.8746390685033607,5.2917585372924805,38.7352180480957,0.9521438058218412,0.44115689684592385,7.439841270446777,3.917961529383522,13.102913856506348,3.5120182037353516,46.44837188720703,0.6017900705337524,1.405288815498352,0.9719112515449524,0.04665978252887726,13.31057357788086,0.6777566702484145,0.014013593098403703,0.4076588749885559,0.4781379699707031,0.6561789361983508,3.753825464580393,18.84197998046875,47.29507827758789
230309.jpg,8.21303003653884,0.5250331163406372,0.6507724186181023,0.876660103399217,5.020423412322998,31.741308212280273,0.9558408460405158,0.41574179829508007,7.405425071716309,4.04321168228708,11.50831127166748,2.8514811992645264,46.455055236816406,0.5730475187301636,1.2696843147277832,1.0001647472381592,0.049858998507261276,13.022564888000488,0.6647151448843134,0.011858911581060515,0.3960615396499634,0.4619015157222748,0.6684337786190788,4.191575681235623,25.50897216796875,49.33612060546875
230312.jpg,8.235595300793648,0.520054042339325,0.6650710901390692,0.8793817103786824,4.993949890136719,30.76462173461914,0.956594294650488,0.4163560418846124,7.328646659851074,4.09771365744716,11.971699714660645,2.7649762630462646,45.10772705078125,0.6241649389266968,1.3183962106704712,0.9823577404022217,0.046859122812747955,13.292058944702148,0.6591972627986941,0.012007993141400143,0.39164745807647705,0.4627647399902344,0.6648385037336925,4.539224774998107,25.88397216796875,53.620201110839844
230314.jpg,7.7637277245521545,0.536684513092041,0.5370130642269249,0.8695732480545241,5.58066987991333,40.455299377441406,0.9350903915126851,0.4181584386002392,7.361844062805176,3.4751594148952165,14.959124565124512,3.7687065601348877,45.290313720703125,0.5724391937255859,1.3978328704833984,0.9853525161743164,0.04419359192252159,13.546407699584961,0.6827643663073106,0.009557977400259711,0.3894587755203247,0.45812100172042847,0.6192028302266341,3.6240590136419994,15.92498779296875,53.549354553222656
230319.jpg,8.480681862682104,0.5353150963783264,0.5897941174909834,0.8733633466552156,5.410984992980957,37.02204895019531,0.9471577137527736,0.43623104077248365,7.381948471069336,3.772609549831314,13.175204277038574,3.400388479232788,45.88528060913086,0.5627156496047974,1.3025729656219482,1.0047495365142822,0.04760054498910904,13.223881721496582,0.6755413833446304,0.010559756512839498,0.4037730097770691,0.46096354722976685,0.6465031971217938,3.663047478754238,18.09930419921875,49.7218132019043
230321.jpg,8.463727839291096,0.5170354247093201,0.6053975933520878,0.8723171721756415,5.2368645668029785,35.76642990112305,0.9562878638769299,0.43384101168828393,7.36081075668335,3.8133123071670134,13.048615455627441,3.2704949378967285,44.13222122192383,0.5883442163467407,1.4072062969207764,0.9866030812263489,0.0423109233379364,13.735475540161133,0.6705516020734067,0.010822012190052499,0.4012874960899353,0.47120389342308044,0.645731729848608,3.7889497316910536,19.78485107421875,49.002655029296875
230323.jpg,7.769119765609503,0.5230821967124939,0.6781440477650769,0.8767872091709172,4.924489974975586,31.250244140625,0.9606540043724167,0.42252381422042123,7.383227348327637,4.173215184945853,11.500726699829102,2.7983453273773193,46.319976806640625,0.5711794495582581,1.2696123123168945,1.0001424551010132,0.05010764300823212,13.000960350036621,0.667992645965323,0.01256057350379209,0.4026705026626587,0.4638800024986267,0.681957331822154,4.39180349714781,25.24139404296875,48.71104049682617
230327.jpg,8.47328581288457,0.5069192051887512,0.6316063999004153,0.8721223555797339,5.270491123199463,37.24516296386719,0.9630617159541446,0.44950193187710374,7.406103134155273,4.003320843280987,13.262693405151367,3.40474009513855,45.46725845336914,0.5641076564788818,1.486121416091919,1.0252574682235718,0.04467174410820007,13.49967098236084,0.6848536112826676,0.0113806353261589,0.41775405406951904,0.47317537665367126,0.6733677837324807,3.8780534266153293,12.85174560546875,48.395668029785156
230331.jpg,8.293966680765152,0.5034329295158386,0.6615100047910335,0.8762191766128112,4.928818225860596,30.035924911499023,0.9599673229939452,0.4124593212433376,7.306057929992676,4.0467587825632165,11.576024055480957,2.7048757076263428,43.9202995300293,0.5822926163673401,1.2960140705108643,0.9578940868377686,0.04208851605653763,13.758363723754883,0.6522408486242359,0.011689211928988393,0.39025241136550903,0.4587928354740143,0.6486657009917923,4.462059324558389,25.32147216796875,48.42810821533203
230335.jpg,7.692191917449236,0.5133935809135437,0.6593377078198779,0.8759172168308734,4.943968772888184,29.999847412109375,0.9600923404848093,0.40702212610038313,7.319718837738037,4.042967981597579,11.757939338684082,2.701298236846924,44.14323806762695,0.5745320320129395,1.3209418058395386,0.9693913459777832,0.04490625113248825,13.476932525634766,0.6513241741282889,0.012295135163866721,0.391255646944046,0.46264395117759705,0.6505974293536037,4.637857641252195,24.73553466796875,49.75453186035156
230336.jpg,7.7088040597736835,0.5128509402275085,0.6431096986932032,0.8757015882807366,5.013260841369629,33.68006134033203,0.9594140123527343,0.41229247577590017,7.3175177574157715,3.965033490502705,12.392650604248047,3.035973072052002,47.079429626464844,0.5560929179191589,1.2728102207183838,0.9701142907142639,0.04658310487866402,13.317716598510742,0.6674673007421499,0.012583806979601915,0.3919583559036255,0.45179814100265503,0.6627703077923099,4.397921896305819,24.44989013671875,50.805458068847656
230337.jpg,8.078702460974455,0.5395423769950867,0.5925149200723632,0.8710964209738244,5.6625518798828125,38.64774703979492,0.9529553950860065,0.455736993852059,7.469878196716309,3.89059125690574,13.542516708374023,3.511384963989258,48.555572509765625,0.5809358358383179,1.4165502786636353,0.9728676080703735,0.047271572053432465,13.253998756408691,0.6698739196508935,0.012473975903426832,0.41888365149497986,0.46248114109039307,0.6464905292998233,3.721532807723182,20.24969482421875,46.88444519042969
230343.jpg,7.755486872047186,0.5283849239349365,0.6359309561846122,0.8763169306525581,5.024288177490234,34.332401275634766,0.9563813605677087,0.40100647382506627,7.38405179977417,3.945435418838061,12.668802261352539,3.091237783432007,45.92219161987305,0.5694270730018616,1.3186935186386108,0.9275075793266296,0.05012345686554909,12.999589920043945,0.6561543506576848,0.013461072421404624,0.3888440430164337,0.4553091526031494,0.6365657027526985,4.341599748604672,22.34979248046875,49.098419189453125
230344.jpg,7.711524501442909,0.5246490240097046,0.655448291878675,0.8756547553330672,5.044546604156494,31.458969116210938,0.9594207421312122,0.40818215137734254,7.373050212860107,4.069558389746751,12.02875804901123,2.8268513679504395,45.45548629760742,0.5681857466697693,1.2978720664978027,0.9754809141159058,0.04826071858406067,13.1640625,0.6597760445911213,0.01242783097271318,0.3939506411552429,0.45968395471572876,0.6544138099179871,4.327730316029521,25.00262451171875,53.0355224609375
230348.jpg,8.08219714090228,0.52252197265625,0.666849680987868,0.8767385634808057,4.924257755279541,31.119998931884766,0.9572727177690388,0.4130654548248634,7.370362758636475,4.099344028260264,11.88929271697998,2.7947678565979004,46.06818771362305,0.5718131065368652,1.2698249816894531,0.9838746190071106,0.04876333475112915,13.119067192077637,0.6586921333966839,0.012632662918784962,0.39301973581314087,0.462881475687027,0.6654196604859431,4.353521557630126,24.57537841796875,51.96465301513672
230349.jpg,7.319047052413225,0.5266253352165222,0.6009618062142685,0.8744631952166997,5.47678804397583,36.74775695800781,0.9512307305004385,0.45062932287201196,7.407854080200195,3.871599869913787,12.478589057922363,3.3751614093780518,47.00919723510742,0.5677456259727478,1.2708642482757568,1.0176469087600708,0.044932033866643906,13.47443962097168,0.6705912917694107,0.012379780221068297,0.4136655628681183,0.4755367636680603,0.6530313135474072,3.5050291046997173,22.33514404296875,50.096466064453125
230353.jpg,7.908340007066727,0.5283423662185669,0.6680313456554814,0.8766082100965843,4.930564880371094,30.803747177124023,0.9607340602055988,0.411476130469434,7.371805667877197,4.109196676849306,11.747730255126953,2.762103319168091,46.28947448730469,0.5705715417861938,1.2811083793640137,0.9625073671340942,0.050630711019039154,12.955860137939453,0.6507507944748887,0.012455196892298404,0.39500969648361206,0.45520684123039246,0.6608200888498509,4.4175550796664576,24.34539794921875,50.98212814331055
230356.jpg,8.269352216273546,0.5185672044754028,0.6777814394131232,0.8771424838874642,4.904212951660156,29.775800704956055,0.9608288241185751,0.39637270066719915,7.360568046569824,4.156432912713212,11.12338638305664,2.6590206623077393,45.46559524536133,0.5670638084411621,1.2530829906463623,0.9834275245666504,0.048969168215990067,13.100772857666016,0.6601860068174376,0.012284275686999099,0.38774219155311584,0.46074798703193665,0.6661020235948402,4.536935965093674,26.80633544921875,50.568023681640625
230361.jpg,8.262172520160675,0.5322569012641907,0.6498270949666967,0.8739336249366739,5.278560161590576,33.96503829956055,0.9558827892654649,0.43527663745061446,7.441431045532227,4.1329091862718315,13.13494873046875,3.092090129852295,47.90570831298828,0.6110008955001831,1.4273889064788818,1.0240920782089233,0.048835303634405136,13.112661361694336,0.6793125484213398,0.01041431781936413,0.4039401412010193,0.4650629758834839,0.6681126678449713,4.077481072749212,22.85174560546875,51.612850189208984
230367.jpg,7.392314404249191,0.5202388167381287,0.6683943094230624,0.8760583976769902,4.8993000984191895,30.68436050415039,0.9616882119995778,0.4089810027144758,7.318674087524414,4.0832244932615716,11.831008911132812,2.76157808303833,44.286678314208984,0.5629503726959229,1.3019696474075317,0.9728343486785889,0.04777151346206665,13.208309173583984,0.6559560100383227,0.011889875641237177,0.39241430163383484,0.4596764147281647,0.6631781328907898,4.536278020665875,24.77215576171875,50.90861129760742
230369.jpg,7.587504103779793,0.5348419547080994,0.6121342579105682,0.8711183670496477,5.472938537597656,35.86655807495117,0.9488611105442836,0.44305876187222,7.423730850219727,3.9472578267480465,13.050366401672363,3.263021230697632,46.357261657714844,0.5847240090370178,1.4200325012207031,0.9927729368209839,0.04654470458626747,13.321296691894531,0.6653692789168887,0.0117598102078804,0.4122767746448517,0.4678139090538025,0.6445229145484901,3.7220829333580516,21.05047607421875,50.55253219604492
230371.jpg,7.543348848819733,0.5261797904968262,0.5884432859601912,0.8727535818557906,5.452126502990723,40.233154296875,0.9494499987337823,0.44752319621743636,7.4511213302612305,3.7964257816971827,13.799087524414062,3.6741936206817627,46.33334732055664,0.605545163154602,1.4519450664520264,0.9567728042602539,0.045986879616975784,13.373661041259766,0.6706367805186855,0.012937581888592405,0.4133119583129883,0.4845293462276459,0.6388803397660338,3.707721339086425,16.92205810546875,46.07491683959961
230372.jpg,7.904003594070673,0.5297622680664062,0.6250505256964869,0.8722093933611381,5.3882904052734375,36.34518814086914,0.9551803172845486,0.43882214196059643,7.416785717010498,4.001921162863933,12.97170639038086,3.2941863536834717,47.23926544189453,0.5874451398849487,1.4294124841690063,0.9948247671127319,0.04739732667803764,13.242463111877441,0.6745149034991046,0.012634812119630866,0.40766891837120056,0.470081627368927,0.6582729037403544,3.852400692181484,22.46160888671875,47.87009811401367
230376.jpg,7.797303378582001,0.5027963519096375,0.6495599445742409,0.8757966997224518,4.944462299346924,30.85879898071289,0.9593711491345212,0.4037408695769531,7.2619476318359375,3.9644094815552755,11.808082580566406,2.7824900150299072,42.9860954284668,0.5732516050338745,1.3109140396118164,0.9690145254135132,0.04223456233739853,13.74332046508789,0.6582329804004801,0.01221555467412772,0.3874129056930542,0.45490753650665283,0.6529743348823261,4.445312934786139,22.65887451171875,50.53926086425781
230389.jpg,7.015993852168322,0.5086471438407898,0.6750626889076597,0.8772684457907162,4.868610382080078,32.817203521728516,0.9619505329729802,0.4286848596968589,7.386496067047119,4.13649480406181,11.393574714660645,2.9387078285217285,47.48348617553711,0.5379534959793091,1.1636170148849487,1.0181230306625366,0.04814249649643898,13.174715042114258,0.6884592683588122,0.012142570481307312,0.40097081661224365,0.46417000889778137,0.701427286752738,4.428518624343666,25.67449951171875,50.32737350463867
230395.jpg,7.866194874048233,0.5252265334129333,0.6874873831013825,0.8767540040200302,4.854203224182129,30.744312286376953,0.9641133919579179,0.41581363430828877,7.360551834106445,4.19875767440614,12.10848617553711,2.75451922416687,46.49647903442383,0.56902015209198,1.2893295288085938,0.9758008718490601,0.050937965512275696,12.929583549499512,0.6642195612177573,0.011229346790675129,0.39855676889419556,0.45951735973358154,0.6709235277055644,4.648349137430236,27.35565185546875,49.42168045043945
230396.jpg,7.8520467802882195,0.5118191838264465,0.6625183454888663,0.8758680167490904,4.937525749206543,30.349079132080078,0.9613558584811314,0.41454545593082526,7.310348033905029,4.057232700724075,11.744514465332031,2.7295010089874268,44.034942626953125,0.5723959803581238,1.3168376684188843,0.9684047102928162,0.04434005543589592,13.532037734985352,0.6537431458825753,0.012406365611811231,0.3961043655872345,0.46401846408843994,0.6570366587947813,4.540699227764272,25.34100341796875,49.57807922363281
230398.jpg,7.964158948510885,0.5253893733024597,0.6598433692203876,0.8764107103979328,4.997976303100586,31.442047119140625,0.9570302142364746,0.4050548100239544,7.379183769226074,4.083505744249843,11.90344524383545,2.829000949859619,46.41395950317383,0.5663518309593201,1.2632759809494019,0.9715025424957275,0.0493563711643219,13.066568374633789,0.6572640181944055,0.012084755632820536,0.38998401165008545,0.4552851915359497,0.6544900411471326,4.44993270029773,25.01824951171875,51.742156982421875
230399.jpg,7.93928536772728,0.5182337164878845,0.5998932733818891,0.8741022172834603,5.536364555358887,36.5528678894043,0.9532181411638974,0.47077830013108096,7.412593841552734,3.8840073838083686,12.4473876953125,3.343006134033203,45.9339714050293,0.5932284593582153,1.33920419216156,1.0443050861358643,0.04017114266753197,13.960858345031738,0.6773066578113737,0.012859938393108063,0.4212234616279602,0.48294147849082947,0.668663642010281,3.3469850623981743,22.44891357421875,50.061378479003906
230401.jpg,7.944266133010387,0.511267364025116,0.6523973872751107,0.87577432820549,4.948169708251953,32.69199752807617,0.9597661885654954,0.4171853104700695,7.348043441772461,4.0110210687488355,12.107708930969238,2.9384002685546875,44.97706985473633,0.5660170316696167,1.2941466569900513,0.9859542846679688,0.04558242857456207,13.412025451660156,0.6696130227462255,0.012174461366228606,0.39445629715919495,0.4651678800582886,0.6707935116753548,4.417793964399444,24.62713623046875,49.26042938232422
230402.jpg,8.032415922731161,0.5349571704864502,0.6411921446521028,0.8745730766087039,5.4066643714904785,36.19195556640625,0.9613405223270309,0.461687696287937,7.471966743469238,4.128850606350136,13.293510437011719,3.3291289806365967,48.333370208740234,0.6210715770721436,1.442491054534912,1.064551830291748,0.04751133173704147,13.23202896118164,0.6961207701813731,0.00903658291146524,0.4147622585296631,0.4645395874977112,0.6775751907074331,3.88025320703739,24.36248779296875,48.882408142089844
230408.jpg,7.609029997140169,0.5246292948722839,0.5455833007361544,0.8718783628664963,5.502259254455566,42.243011474609375,0.9391818279682653,0.4352321799710687,7.36721658706665,3.5106956202749373,14.75497055053711,3.911803960800171,45.51102828979492,0.5753494501113892,1.346587896347046,1.0155072212219238,0.0432111918926239,13.644038200378418,0.6968641301864816,0.009730515093401294,0.40256524085998535,0.4666481614112854,0.6397477919512392,3.4307087241722813,18.03289794921875,51.07490158081055
230409.jpg,8.027583688497543,0.5233680009841919,0.6976774342764954,0.8778931615425878,4.8075079917907715,30.073652267456055,0.9640922209644597,0.40982513111490326,7.359210014343262,4.244235148932482,11.527609825134277,2.6885714530944824,46.34761047363281,0.5750887989997864,1.2448949813842773,0.9871014356613159,0.05123722925782204,12.904144287109375,0.6641678371150955,0.011641862171145358,0.39528101682662964,0.46024465560913086,0.6796470313584506,4.629820152696242,26.73651123046875,53.46139907836914
230410.jpg,8.216680213809013,0.5205604434013367,0.5795898207175708,0.8701147918441867,5.566810131072998,38.397918701171875,0.952323322043419,0.452367816316982,7.380338668823242,3.7520287268279855,13.712711334228516,3.5417373180389404,44.51995849609375,0.5791869163513184,1.4269800186157227,0.9957437515258789,0.04071157053112984,13.90282154083252,0.6721865026309308,0.010624198876976788,0.41033732891082764,0.4798944890499115,0.638136972186846,3.5487507754052263,17.21844482421875,51.36237335205078
230413.jpg,8.309024959802628,0.5170382857322693,0.6728504124440808,0.8763182067493173,4.918562412261963,29.9591007232666,0.9613066981851844,0.40844399766246725,7.337682723999023,4.123322260501828,11.584000587463379,2.6871676445007324,45.40781784057617,0.560753583908081,1.2656558752059937,0.9898895025253296,0.048126839101314545,13.176126480102539,0.6576497207272987,0.011326002530572256,0.3914024531841278,0.45792102813720703,0.6697545210834025,4.518078741277865,25.97283935546875,51.01318359375
230416.jpg,6.814739119261503,0.5184828639030457,0.6742644855328217,0.8767758569415199,4.849380016326904,30.497358322143555,0.9617394251168225,0.41233842399555176,7.312572479248047,4.100198420683368,11.421944618225098,2.738309860229492,44.33180618286133,0.5639932155609131,1.2830965518951416,0.9803982973098755,0.04807561635971069,13.18075180053711,0.6602018899555891,0.012636706614034491,0.3941848576068878,0.4611855447292328,0.6710500852061213,4.425875772206066,24.25604248046875,52.199928283691406
230420.jpg,7.902733758091927,0.5278558135032654,0.6705641908891856,0.8761449527877455,4.906600475311279,31.508228302001953,0.9614163568522955,0.4058905471010128,7.3605875968933105,4.112980753585983,12.078253746032715,2.831789255142212,45.75081253051758,0.5576383471488953,1.2902556657791138,0.9645519256591797,0.05156513676047325,12.87643814086914,0.660053097044314,0.011789017978209615,0.3941219449043274,0.45372968912124634,0.6633221791250787,4.533792593966633,24.28924560546875,50.47856140136719
230423.jpg,7.843697387725115,0.5148681998252869,0.7079510982801533,0.8770656229553322,4.80147123336792,31.423994064331055,0.9647248133089175,0.4114715329870336,7.362481117248535,4.305754713444985,11.400569915771484,2.810101270675659,45.122806549072266,0.5512145757675171,1.246285080909729,1.0225712060928345,0.04927733540534973,13.073529243469238,0.6918691259024536,0.012646095273893971,0.3982113301753998,0.4594036042690277,0.7022220528121619,4.69941724644311,24.52801513671875,48.961036682128906
230428.jpg,8.155177149921656,0.5351558327674866,0.6203834167416006,0.8730071456306867,5.158745765686035,33.455657958984375,0.9521733378101715,0.4096810260281803,7.397374153137207,3.89481602745,12.806370735168457,3.046492338180542,45.54467010498047,0.5671597123146057,1.3715553283691406,1.0061993598937988,0.048036471009254456,13.18428897857666,0.6672986776663191,0.01080323689451007,0.391580194234848,0.4691466689109802,0.6491376232957515,3.8396962671885406,19.89617919921875,51.261695861816406
230430.jpg,7.796926021575928,0.5243062376976013,0.6495303387185454,0.8749900916343574,5.044224739074707,32.30473709106445,0.9587488880955631,0.4107673653941579,7.385652542114258,4.0368035443261405,12.542752265930176,2.9245798587799072,46.05682373046875,0.5624293088912964,1.3047751188278198,0.9769976139068604,0.048532601445913315,13.139665603637695,0.6585166683249184,0.010801114026399463,0.3926979899406433,0.4519786834716797,0.6508669272352936,4.373954195006065,22.31707763671875,50.306121826171875
230432.jpg,7.802288386970758,0.5185872912406921,0.5846680670639992,0.8687069999820464,5.700811862945557,35.59995651245117,0.956102386555121,0.46888493246562607,7.381258010864258,3.8243451513208058,12.745753288269043,3.2653262615203857,45.27550506591797,0.6127239465713501,1.5351107120513916,1.0250508785247803,0.03832798823714256,14.164839744567871,0.6705647262956567,0.010833753989980278,0.42048853635787964,0.4779776930809021,0.6486820166578455,3.5354882122503626,17.82489013671875,49.57829666137695
230447.jpg,7.704438298940659,0.5245887637138367,0.6245870711135468,0.874112314340718,5.177785396575928,35.21804428100586,0.9534571374041699,0.41362091142618634,7.410820960998535,3.93135207760168,13.132026672363281,3.2014007568359375,46.642269134521484,0.5535935759544373,1.3454782962799072,0.9598599672317505,0.0487135648727417,13.12350082397461,0.6639688217649399,0.011352551984168907,0.3925101161003113,0.442955881357193,0.6421014271007112,4.046330467132385,18.99822998046875,51.01625061035156
230448.jpg,7.665469162166119,0.5219017863273621,0.638299683481731,0.8755170409432591,5.041043758392334,32.941097259521484,0.9526539623526147,0.4108935659194751,7.3638105392456055,3.959019185739656,12.261422157287598,2.976834774017334,45.48993682861328,0.5625754594802856,1.285609245300293,0.9812793731689453,0.04767175391316414,13.217390060424805,0.6641977674213532,0.011584590144102838,0.39161416888237,0.4584709107875824,0.6555216926637024,4.023543266431118,21.96160888671875,52.498783111572266
230451.jpg,8.300272807478905,0.5231029987335205,0.6797549449122743,0.876971233069466,4.925431728363037,30.232568740844727,0.9605106993036895,0.41109936857171525,7.395157814025879,4.1875035257991655,11.757606506347656,2.7141242027282715,46.8151741027832,0.5708493590354919,1.2556278705596924,0.976111888885498,0.05035952478647232,12.9791841506958,0.6548355338569716,0.011727076987593971,0.39414703845977783,0.46046626567840576,0.6637794629209304,4.601075807681954,23.90740966796875,53.38592529296875
230452.jpg,7.87351405993104,0.5187598466873169,0.6850601965738422,0.8768858027200006,4.8900909423828125,31.37306022644043,0.9604831357654672,0.4129308522251188,7.429640769958496,4.219891650927012,11.901128768920898,2.815617799758911,48.495399475097656,0.5645702481269836,1.250443696975708,0.9887298345565796,0.05116511881351471,12.910260200500488,0.6667744491601031,0.010912528817500215,0.39641496539115906,0.46232306957244873,0.67210645995052,4.580872208561693,26.17645263671875,49.918067932128906
230453.jpg,7.86570367962122,0.5349567532539368,0.6422886434595438,0.8743273590659579,5.212896347045898,34.47004318237305,0.9562833882865498,0.4295930587249748,7.435850620269775,4.062084737465783,12.427563667297363,3.1116256713867188,47.13645553588867,0.5865079760551453,1.389426827430725,0.9789190292358398,0.050196729600429535,12.993246078491211,0.6632697375773452,0.01302484410210626,0.4040687084197998,0.4640790820121765,0.6595358679497588,4.045164200044433,21.03680419921875,49.8162956237793
230456.jpg,7.848466333001852,0.5222179293632507,0.6617124954357294,0.8755814930972837,5.012901782989502,31.944360733032227,0.9600523618889696,0.41489298567738797,7.399277687072754,4.106659314005096,12.372666358947754,2.8866145610809326,46.51068878173828,0.5703780055046082,1.2921619415283203,1.0043033361434937,0.04888230562210083,13.108482360839844,0.6673017534367652,0.010721005076807073,0.395338237285614,0.4625217616558075,0.6659376596084626,4.338981199892393,23.21600341796875,51.598628997802734
230462.jpg,7.928285248577595,0.5331791043281555,0.5344408780693435,0.8733213708611938,5.588538646697998,38.42033767700195,0.9213562961610329,0.40418053578902235,7.373600959777832,3.463758242172755,14.951432228088379,3.5542571544647217,45.358009338378906,0.6468492746353149,1.5028400421142578,0.917633056640625,0.04146958142518997,13.82270336151123,0.6506218871756397,0.009730343947296645,0.3842949867248535,0.46821898221969604,0.5855205108011949,3.790175863061932,20.07733154296875,52.13621520996094
230463.jpg,7.929021470248699,0.5269126296043396,0.6692428480630799,0.8760371325673779,4.921034336090088,32.474586486816406,0.9614651302775017,0.412289696834827,7.385473251342773,4.118033630644982,12.126655578613281,2.920747756958008,45.71857833862305,0.5502122044563293,1.3079440593719482,0.9717341065406799,0.05098871886730194,12.92525863647461,0.6631179649784237,0.012889178948019716,0.3959644138813019,0.4612233340740204,0.6678108560744296,4.511254556731729,23.95965576171875,49.72870635986328
230464.jpg,7.897223304957151,0.4995729625225067,0.6740631526688503,0.8754255860506643,4.9203338623046875,30.534961700439453,0.9631033746580573,0.42638316044265445,7.308367729187012,4.121470825653104,11.722796440124512,2.751638412475586,43.91720199584961,0.5862077474594116,1.346290111541748,0.981174111366272,0.04206134006381035,13.76116943359375,0.6649335183949457,0.01191002788642376,0.39881986379623413,0.46284109354019165,0.666145172117912,4.641767166437281,26.20819091796875,49.180320739746094
240003.jpg,7.858861044049263,0.521246075630188,0.6397244432602689,0.8785542683113059,4.724416255950928,50.499603271484375,0.946264184122142,0.432967675771447,7.375335693359375,3.870265065496447,14.435159683227539,4.6782121658325195,51.09049606323242,0.5415518283843994,1.0510153770446777,0.951338529586792,0.057860881090164185,12.376150131225586,0.7102627671162477,0.015239064752838401,0.413202702999115,0.4775034189224243,0.7032694641141,3.7957625634439744,20.24139404296875,52.34223937988281
240006.jpg,7.418043613433838,0.5196065902709961,0.6362548771683392,0.8785331132945453,4.7318525314331055,48.12770462036133,0.9439327842846901,0.4260928932306601,7.401627063751221,3.860004724110844,13.781593322753906,4.4568352699279785,50.95271682739258,0.5529935956001282,1.0673458576202393,0.9441730976104736,0.05712524428963661,12.431720733642578,0.6962797434081301,0.01675020846396182,0.40974128246307373,0.47710806131362915,0.6921256475983956,3.663403495134834,20.01336669921875,53.54747772216797
240008.jpg,8.063000064343214,0.5220104455947876,0.6460175716772588,0.878717537240571,4.749300956726074,48.245155334472656,0.9464010639669166,0.4371579054301899,7.399035453796387,3.9240312600857727,13.793160438537598,4.460838794708252,51.860374450683594,0.562966525554657,1.0947855710983276,0.9646093249320984,0.05873141810297966,12.311295509338379,0.7044304477542853,0.01643457116493819,0.4123212397098541,0.4849071204662323,0.7096588864479274,3.722956354308549,19.22381591796875,49.861602783203125
240009.jpg,8.139430735260248,0.5233452320098877,0.6320473723627534,0.8785355626033118,4.694460391998291,48.17002487182617,0.9430110843533331,0.43581876936947916,7.412082672119141,3.825966233770094,13.705645561218262,4.453303337097168,52.151512145996094,0.5266703963279724,1.0596270561218262,0.9493827223777771,0.060206927359104156,12.203536033630371,0.6980247122988862,0.015799055241888894,0.41624078154563904,0.4810555577278137,0.7008052971433631,3.7508594540385936,20.29559326171875,52.59729766845703
240011.jpg,8.260266076773405,0.5133681297302246,0.5578123910503667,0.8766525595650084,5.154159069061279,56.336036682128906,0.9274552944165319,0.46578161641288374,7.403361797332764,3.5023807721858304,16.19979476928711,5.286656379699707,50.262203216552734,0.608503520488739,1.1618013381958008,0.9641566872596741,0.04740108177065849,13.242116928100586,0.7040805907317065,0.015323444843592753,0.4304330348968506,0.47604086995124817,0.6712613042172431,3.298299254429175,18.02655029296875,51.932373046875
240012.jpg,7.785987477749586,0.5253960490226746,0.5632623861478183,0.8747828247966081,5.276615619659424,60.6163215637207,0.9317618605775231,0.4657461604169739,7.434006690979004,3.579718139648296,18.583473205566406,5.712581634521484,53.667930603027344,0.6276825666427612,1.2904132604599,0.9363867044448853,0.052595965564250946,12.790475845336914,0.7026457858191456,0.01401945375732298,0.4367903172969818,0.5002250075340271,0.6498799416516607,3.36576349198072,19.00457763671875,50.461395263671875
240013.jpg,7.787560380995274,0.5186497569084167,0.632321490663576,0.8781534335017055,4.673335552215576,47.733154296875,0.943141178957254,0.4326158084702577,7.380326271057129,3.8109062915535237,13.666119575500488,4.420177459716797,49.51714324951172,0.5448052883148193,1.1233391761779785,0.973223090171814,0.05606573820114136,12.513025283813477,0.7067373806315607,0.015960769147765452,0.4112204313278198,0.47549495100975037,0.7085642518307365,3.7578614858361314,18.65740966796875,51.43476104736328
240014.jpg,8.055102650076151,0.5241602063179016,0.6607197170945595,0.878544063587986,4.673639297485352,44.98778533935547,0.9483272496740089,0.42850866087326334,7.389584541320801,3.985216746735823,12.779391288757324,4.1519455909729,50.625335693359375,0.5454241037368774,1.0692417621612549,0.9791229963302612,0.05818842351436615,12.351634979248047,0.7010763720393243,0.015368631456972225,0.41479262709617615,0.47836852073669434,0.7160899073229846,3.836917705897126,20.09930419921875,51.02876663208008
240015.jpg,8.058890391141176,0.5214715003967285,0.6301235127798176,0.8781872193803334,4.653575897216797,50.3396110534668,0.9427493952632329,0.4447183013231777,7.425671577453613,3.8057205600468897,14.105213165283203,4.657568454742432,50.37807083129883,0.5269490480422974,1.09291672706604,0.9616889357566833,0.05788521468639374,12.374323844909668,0.7104342600011744,0.015866565224148168,0.419231653213501,0.47874870896339417,0.7106637583366211,3.7688027003538416,19.19500732421875,52.43525695800781
240024.jpg,8.11306120082736,0.5131869912147522,0.62743838909446,0.8774275260203077,4.776195526123047,49.808738708496094,0.9427376981834036,0.4371416417038769,7.41446590423584,3.8244560716752876,15.177950859069824,4.637391567230225,51.143035888671875,0.5706639885902405,1.133910894393921,0.9633344411849976,0.05506272614002228,12.591423034667969,0.6959745972613628,0.014839629688965681,0.4138942360877991,0.47900423407554626,0.6959228164484664,3.594108324769118,19.38983154296875,50.90733337402344
240030.jpg,7.70671146735549,0.5223090052604675,0.6487356655845427,0.8779488424116879,4.69655704498291,44.55167770385742,0.9463749388555242,0.4268225976332577,7.380955696105957,3.917568420935302,12.900135040283203,4.116403102874756,49.8753662109375,0.5325535535812378,1.1045832633972168,0.9619139432907104,0.05757121741771698,12.39794635772705,0.6901933577928889,0.01653300832297071,0.4122505187988281,0.47884923219680786,0.7019481543997821,3.7643273123456584,19.31365966796875,50.87512969970703
240036.jpg,7.640772335231304,0.5176433324813843,0.5875044733841432,0.8803954030891746,5.165496349334717,55.03190994262695,0.9338464484174136,0.4544503279389508,7.478687286376953,3.71426786391984,16.907114028930664,5.1692118644714355,54.4173698425293,0.6758400201797485,1.3227829933166504,0.9554802179336548,0.051044393330812454,12.92051887512207,0.6861979538446668,0.014291508512890775,0.42614948749542236,0.49885109066963196,0.6650066891400882,3.2348454919899785,19.15594482421875,50.31950759887695
240041.jpg,7.641705475747585,0.5298833250999451,0.5857569488588157,0.8751431880445076,5.058657169342041,55.169677734375,0.9252565756599712,0.4452638269975102,7.446349620819092,3.6624581921023616,18.451929092407227,5.211331367492676,50.33729553222656,0.634706974029541,1.2977447509765625,1.0338870286941528,0.05228901281952858,12.815896034240723,0.7088139753311329,0.010527081487833602,0.42264240980148315,0.4809435307979584,0.6893686157566914,3.431474754019631,20.24871826171875,50.39472961425781
240043.jpg,7.674911718815565,0.5038921236991882,0.6025850345060029,0.8776114548514014,4.75640869140625,49.40019607543945,0.9336573358369922,0.4340776645387623,7.3053483963012695,3.6341283680685272,14.3040771484375,4.589933395385742,47.595375061035156,0.558440625667572,1.157163143157959,0.9389526844024658,0.05007355660200119,13.003915786743164,0.6823403030161933,0.018580274745946534,0.40890073776245117,0.49176281690597534,0.6730548810922293,3.5544355198923343,20.97723388671875,51.871826171875
240048.jpg,7.666220434010029,0.5217596292495728,0.572178933554348,0.8740304521685318,5.139773845672607,61.6795654296875,0.9359641552685979,0.45446240942846433,7.445365905761719,3.6004863872060398,22.07843780517578,5.905791759490967,51.4645881652832,0.6604622006416321,1.3561575412750244,1.0294671058654785,0.04943615198135376,13.059553146362305,0.7204640453744583,0.008559434771030128,0.42570263147354126,0.49231088161468506,0.6788186715960122,3.2822745078557833,17.32293701171875,53.69453430175781
240052.jpg,7.826607797294855,0.5194426774978638,0.5789132980147771,0.8770496206097035,5.000258445739746,57.18000411987305,0.9290899414548939,0.4526204478085234,7.446268081665039,3.6027406290894852,17.163307189941406,5.3511881828308105,53.6842155456543,0.6040236949920654,1.1507200002670288,0.9297834634780884,0.05527319759130478,12.574854850769043,0.6915492369571226,0.015736314827855813,0.4240966737270355,0.4859319031238556,0.669361644815815,3.4087817034492884,17.15643310546875,51.57489013671875
240054.jpg,7.948779154568911,0.5191404223442078,0.6466409307964803,0.8782809793952966,4.673035144805908,46.956356048583984,0.9469150413197074,0.4331698301288096,7.359810829162598,3.890477672365856,13.291088104248047,4.34138822555542,49.44257736206055,0.5391218662261963,1.078025221824646,0.9638887643814087,0.056616827845573425,12.470544815063477,0.7012170818115169,0.01616514741133505,0.4140617847442627,0.4726080596446991,0.7090468831049497,3.8112206827811788,19.12713623046875,51.698062896728516
240055.jpg,7.79316233843565,0.5205583572387695,0.6293530004577962,0.8782688126413006,4.770908355712891,46.56470489501953,0.9413532786281998,0.42666497978890466,7.374728679656982,3.8219579599114564,13.350871086120605,4.319641590118408,50.77543640136719,0.542339563369751,1.0620769262313843,0.942264974117279,0.056620750576257706,12.470244407653809,0.685944646750402,0.017831183750434763,0.41070687770843506,0.4828088581562042,0.6881455126596181,3.6173797671722685,18.30047607421875,51.550323486328125
240058.jpg,7.850578594952822,0.5251394510269165,0.5476752296696791,0.8784247088083867,5.078405857086182,50.906063079833984,0.9191016021841341,0.409265001989687,7.385396480560303,3.4130679903348273,14.55291748046875,4.754939556121826,50.91272735595703,0.5972591042518616,1.1646662950515747,0.9050402641296387,0.054156843572854996,12.663467407226562,0.6573553330477785,0.018510124634070896,0.3907320499420166,0.48357564210891724,0.6274636021683941,3.394848166457558,20.03729248046875,51.41016387939453
240059.jpg,7.810964550822973,0.5160383582115173,0.6424371555357731,0.8785645029365611,4.678646564483643,47.810237884521484,0.9428866096132795,0.4383259088774031,7.396256923675537,3.8786950564346085,13.607948303222656,4.427277565002441,50.75986099243164,0.5437471270561218,1.0435888767242432,0.9552528858184814,0.05599590018391609,12.518438339233398,0.6998244420563833,0.015985380495463927,0.4180371165275574,0.4785502552986145,0.7070976692471589,3.663737159607941,19.66766357421875,51.26381301879883
240065.jpg,8.042630296200514,0.5171492695808411,0.6010455542742456,0.8789707165126864,5.047467231750488,55.28876876831055,0.9370778953748,0.4585654040801946,7.47973108291626,3.7647195768009976,16.60833168029785,5.1632208824157715,54.03789138793945,0.6461999416351318,1.2573585510253906,0.9570702314376831,0.053233325481414795,12.738164901733398,0.6997938007536625,0.015144457407672595,0.4287799596786499,0.49246543645858765,0.684544950201607,3.330357502670827,18.78192138671875,52.167789459228516
240066.jpg,8.07806333526969,0.5037149786949158,0.6045429287683113,0.8774155589428375,4.809182643890381,48.0595817565918,0.9326438372939414,0.43117120605647963,7.329504489898682,3.6691899015310643,13.86780834197998,4.45747709274292,48.021244049072266,0.5641127824783325,1.1694281101226807,0.954333484172821,0.050193753093481064,12.99350357055664,0.6815646177348308,0.017892035581702936,0.41105031967163086,0.488861620426178,0.6798469419437382,3.4891452147526865,19.58123779296875,53.20529556274414
240070.jpg,7.77265252545476,0.5206255316734314,0.5973023323684618,0.8766596031427634,4.919618129730225,49.565242767333984,0.9375737625732621,0.4388972444929602,7.387475490570068,3.6755391868386322,14.938897132873535,4.631956577301025,51.68185043334961,0.5762714743614197,1.1723302602767944,0.9405221939086914,0.05550994351506233,12.556293487548828,0.6822584942808396,0.016805824965062797,0.4167245626449585,0.49159637093544006,0.6683714337508561,3.2877206546364195,16.81512451171875,52.02515411376953
240074.jpg,7.284024324268103,0.5212388038635254,0.6274308172839125,0.877812077130733,4.812588691711426,46.803165435791016,0.9394058670705943,0.42604904887585093,7.370794773101807,3.8221266269886236,13.698092460632324,4.343837261199951,50.32714080810547,0.5678985714912415,1.1145312786102295,0.9329071044921875,0.05585601553320885,12.529298782348633,0.6769682848095185,0.01758616313552098,0.41241538524627686,0.4880659878253937,0.6746657245596411,3.473119126278845,19.33172607421875,50.61821746826172
240076.jpg,7.450895361602306,0.5304777026176453,0.5740273763414919,0.8739602248915771,5.215058326721191,51.844696044921875,0.9321490266264778,0.42508525870717073,7.396081924438477,3.6195803707036216,18.06519889831543,4.91383695602417,49.0208740234375,0.6138559579849243,1.3368024826049805,0.9347829222679138,0.050912875682115555,12.931723594665527,0.6797914205070285,0.015036348387176848,0.4125393033027649,0.4933001697063446,0.6398381408155289,3.2095429783674474,15.32049560546875,53.93479537963867
240080.jpg,8.504243142902851,0.5186352133750916,0.6123298607269695,0.877389004786832,4.845247268676758,50.381988525390625,0.9373330057992096,0.4419420889046995,7.389432907104492,3.7458413530895758,14.864580154418945,4.691152095794678,50.46491622924805,0.5785210728645325,1.1408421993255615,0.9414324760437012,0.05430528521537781,12.651578903198242,0.6859524795397618,0.015753468103152413,0.41649752855300903,0.4840640425682068,0.6791908352270105,3.585767678428508,18.34344482421875,53.347434997558594
240092.jpg,7.856833148747683,0.4992120862007141,0.5970273990890865,0.8773534147067155,4.850467681884766,50.3149528503418,0.9280358096917706,0.43359722605840595,7.339970588684082,3.639023681873004,14.512999534606934,4.680377960205078,47.9043083190918,0.5729852914810181,1.1520582437515259,0.9462953805923462,0.0477759875357151,13.207903861999512,0.6805790893306028,0.019445047901801203,0.4147107005119324,0.48751378059387207,0.674831457586784,3.3892997527587925,20.40252685546875,52.93128204345703
240093.jpg,7.840997789055109,0.5203458666801453,0.6576427163154633,0.8783491663585095,4.607208251953125,44.0247802734375,0.9463316854992698,0.4288992731294048,7.406118392944336,3.950250692338786,12.702035903930664,4.064134120941162,50.38103485107422,0.528382420539856,1.0599400997161865,0.9748404026031494,0.05809101089835167,12.358911514282227,0.6968168404827182,0.015522957599866983,0.41170263290405273,0.47173723578453064,0.713267454801245,3.838339772506042,20.44061279296875,50.02751922607422
240104.jpg,7.452106989920139,0.5110816359519958,0.5451840189715671,0.8754429121643087,5.225541591644287,59.01459503173828,0.9255166499529429,0.46351818389775457,7.423647880554199,3.4480779243581043,17.937171936035156,5.581639289855957,54.967411041259766,0.6182963848114014,1.2447601556777954,0.9110459089279175,0.051946286112070084,12.84445571899414,0.6720639488795441,0.015315219762404266,0.43604785203933716,0.5029681324958801,0.6352332957608173,3.077946612163101,15.68377685546875,50.48255920410156
240107.jpg,8.078404277563095,0.5259733200073242,0.6716578366083118,0.879650598689748,4.548911094665527,52.40353012084961,0.9502798215370742,0.46200845610908037,7.474410057067871,4.0377912393073245,14.581435203552246,4.83469295501709,53.47330856323242,0.5202541947364807,0.9815527200698853,0.9806573390960693,0.06280659884214401,12.01994800567627,0.7433781522649823,0.011775907678980693,0.4254256784915924,0.4736078679561615,0.7408544698771409,4.0679519502543515,21.67254638671875,53.93047332763672
240113.jpg,8.122236665338278,0.5279008150100708,0.6514702718262333,0.878452830163168,4.681335926055908,44.69392013549805,0.9483648364104401,0.4247380691939713,7.348066806793213,3.9184112840114445,12.890100479125977,4.123082637786865,50.31584167480469,0.5240421295166016,1.059978723526001,0.9670966863632202,0.058421503752470016,12.334274291992188,0.6970698009480686,0.01549591450003122,0.4080153703689575,0.47109198570251465,0.7054787798996116,3.91436005617059,19.78485107421875,51.662471771240234
240115.jpg,8.348732076585293,0.5175884366035461,0.6393645574172966,0.8785540031823722,4.709267616271973,47.486507415771484,0.9428436282060432,0.43200866018332107,7.389799118041992,3.8678691159279825,13.535333633422852,4.395005702972412,51.08354568481445,0.5381595492362976,1.0404269695281982,0.9499187469482422,0.05698757618665695,12.442198753356934,0.6961981251603392,0.016619608958134604,0.41428816318511963,0.4793641269207001,0.6999321575690961,3.7307136947530983,19.44989013671875,52.221824645996094
240119.jpg,8.183089058846235,0.5306708216667175,0.5324721556941966,0.8784669987028354,5.589104175567627,58.07880783081055,0.9310332500947762,0.481037100640042,7.5025835037231445,3.4854894521203317,18.351587295532227,5.53082799911499,56.154876708984375,0.7068901062011719,1.4901177883148193,0.9393084049224854,0.04662788286805153,13.313542366027832,0.6702081682299368,0.01381015579785462,0.44011998176574707,0.5105913281440735,0.6275732211139308,2.913338185110594,15.72479248046875,52.63402557373047
240123.jpg,7.142508994787931,0.5230472683906555,0.6055288542375528,0.8771618554247802,4.942007541656494,51.939876556396484,0.9414881155911712,0.45491432180634334,7.4123992919921875,3.740485824209186,14.755738258361816,4.824269771575928,51.80690002441406,0.5819059014320374,1.2100309133529663,0.9480897188186646,0.05626143515110016,12.497892379760742,0.7049634589526245,0.015342575679921205,0.4203614294528961,0.48253604769706726,0.6893440766211779,3.5404882553364394,19.00360107421875,49.642242431640625
240132.jpg,7.698529038578272,0.5173285603523254,0.636625876942253,0.877926499729659,4.692056655883789,46.58561325073242,0.9451431770422464,0.42903185349669465,7.391385555267334,3.8463279983296097,13.3514404296875,4.307975769042969,49.969417572021484,0.5324593782424927,1.0870271921157837,0.9493793249130249,0.05615803971886635,12.505882263183594,0.6884512917256714,0.017168490216394088,0.41304704546928406,0.4790920615196228,0.6961778380661658,3.6576943071100776,20.74578857421875,51.96754837036133
240138.jpg,7.765528339892626,0.5235759019851685,0.639472673588114,0.8785143046864489,4.735647201538086,47.37485885620117,0.9413952819006358,0.43213393791473165,7.401095390319824,3.880569691245533,13.602103233337402,4.3873491287231445,51.86434555053711,0.5513432621955872,1.063141942024231,0.9564237594604492,0.05902985483407974,12.289284706115723,0.6935229762989821,0.016944922076617068,0.411888062953949,0.48165977001190186,0.6982185551968222,3.6667606837750073,19.77459716796875,52.23411560058594
240140.jpg,8.058857273310423,0.5211640000343323,0.6574853362409461,0.8786931899469678,4.645442962646484,45.09336853027344,0.9456849057269416,0.4306746661291431,7.399113655090332,3.959571939606924,13.049403190612793,4.162757873535156,50.98606491088867,0.5400501489639282,1.0515519380569458,0.9679956436157227,0.058055296540260315,12.36158275604248,0.7008112750923916,0.015408130287234444,0.4116232991218567,0.4748593866825104,0.7077063014870836,3.7537447486933946,19.70428466796875,49.95952606201172
240141.jpg,7.4765411503612995,0.5135869383811951,0.5628359139041613,0.8755718834263043,5.119189739227295,57.1270866394043,0.9286661628832587,0.4449425879233756,7.4289326667785645,3.531277322012098,18.129512786865234,5.393970012664795,51.58017349243164,0.6072037220001221,1.2525067329406738,0.9382398128509521,0.05061228200793266,12.957440376281738,0.6855619854495236,0.015658696729433454,0.4216783344745636,0.5001667141914368,0.6545391271078618,3.242675110848486,18.52117919921875,56.39961242675781
240145.jpg,7.465061973780394,0.5185775756835938,0.6299931801914476,0.8771076943491483,4.825425148010254,48.43447494506836,0.9399287098758955,0.43635067874874345,7.3930253982543945,3.848781880574892,15.732989311218262,4.510643005371094,50.6258659362793,0.5882256031036377,1.1914907693862915,0.9742670655250549,0.05526753515005112,12.575298309326172,0.6923110183621656,0.014253276005067522,0.4131031334400177,0.4775731563568115,0.6973014552021873,3.781923536301975,19.62225341796875,51.94226837158203
240150.jpg,7.272895619273186,0.5237118005752563,0.6473302601076372,0.8784912403430896,4.725957870483398,47.77226638793945,0.9455262648662391,0.44043363204300423,7.4342851638793945,3.935858445931178,13.372804641723633,4.410866737365723,51.157920837402344,0.5347694158554077,1.0439767837524414,0.9644944071769714,0.058436859399080276,12.333131790161133,0.7024363562111194,0.015831363503513746,0.4180907607078552,0.47710463404655457,0.7127004538714828,3.704357151187916,20.80487060546875,50.67838668823242
240155.jpg,7.415541265159845,0.5115885734558105,0.5919005188232712,0.8786925066470315,5.089179992675781,53.2096061706543,0.9354901308363696,0.46868966619193597,7.428702354431152,3.7046815412105776,14.991422653198242,4.9679718017578125,51.70524597167969,0.6227436065673828,1.1631946563720703,0.9604064226150513,0.049472782760858536,13.056336402893066,0.7034167301651569,0.01630135023408377,0.43041032552719116,0.48813265562057495,0.6866066513342237,3.3052433633876617,19.60418701171875,52.40052795410156
240158.jpg,8.202359572052956,0.5295367240905762,0.49544881935175467,0.873244814312709,5.446844100952148,76.41629791259766,0.9308655563854344,0.46674916526506866,7.5010905265808105,3.2075288212500777,25.0235595703125,7.374099254608154,54.210548400878906,0.66480553150177,1.350555658340454,0.9561293125152588,0.04858021438121796,13.135405540466309,0.7133755196094793,0.009926968632416976,0.43574613332748413,0.49848318099975586,0.6272699853449677,3.1476245766225386,19.71600341796875,54.885223388671875
240163.jpg,7.795438759028912,0.5164949297904968,0.6278581666884596,0.8778303649455476,4.8594160079956055,51.33320236206055,0.945330586573428,0.45359397910801375,7.393918514251709,3.846689588755245,14.496138572692871,4.771844863891602,51.55387496948242,0.5737239718437195,1.0960400104522705,0.9731151461601257,0.05568723380565643,12.542444229125977,0.7138971966913095,0.01479216881253775,0.42464208602905273,0.4871748387813568,0.7074247260441989,3.574338483965191,19.49237060546875,49.809532165527344
240168.jpg,7.729385443031788,0.5237586498260498,0.5987927559980514,0.8771475603400295,5.095648288726807,52.7649040222168,0.9363891965889085,0.4620876911160992,7.43052339553833,3.750301288838255,14.8772611618042,4.908864498138428,52.2366943359375,0.6132990121841431,1.2044968605041504,0.9620000720024109,0.05353720858693123,12.7134428024292,0.7023509890108269,0.015911611090859232,0.42734992504119873,0.49332132935523987,0.688308706956581,3.327529936657751,19.49383544921875,50.493595123291016
240169.jpg,7.447598271071911,0.5097135901451111,0.6346984243732582,0.8781684998453032,4.732343673706055,48.7325325012207,0.9445213633722482,0.435394155268701,7.381355285644531,3.844284424026524,13.958609580993652,4.509702205657959,49.6146125793457,0.5542881488800049,1.1020745038986206,0.9558201432228088,0.05320003256201744,12.740880966186523,0.7051220929749861,0.015650560378078063,0.4131777584552765,0.4770965278148651,0.7019736273679535,3.7673523752508578,20.27020263671875,51.66997528076172
240171.jpg,7.720310356467962,0.5195040106773376,0.6003515826287257,0.8769485350694671,4.91746711730957,55.636817932128906,0.9308584517770262,0.44607800129458985,7.431966781616211,3.7070122185479946,16.715848922729492,5.209480285644531,53.106849670410156,0.5748175382614136,1.1242187023162842,0.9191415309906006,0.05662703886628151,12.469762802124023,0.6832441404648298,0.017424362342863677,0.4242800772190094,0.485064834356308,0.6711421531893953,3.3759995965682785,18.06365966796875,53.02166748046875
240174.jpg,7.8375035263597965,0.5174099802970886,0.623033131957628,0.8826670575609521,5.078012943267822,51.13938522338867,0.9411373812556498,0.4624931430993683,7.481234073638916,3.912424924847354,14.550520896911621,4.774674892425537,54.43682098388672,0.6945483088493347,1.3626322746276855,0.9922384023666382,0.05033594369888306,12.981219291687012,0.7001611264809107,0.015505471745347336,0.4321494698524475,0.4964182376861572,0.6907609517945816,3.169344522782634,18.39764404296875,51.292869567871094
240180.jpg,7.626673128455877,0.5221661329269409,0.6045091887385079,0.8786187181265512,4.951388359069824,52.52051544189453,0.9305505002868646,0.45741321382241723,7.430011749267578,3.742345924708726,14.801101684570312,4.877133369445801,53.03084182739258,0.5718938112258911,1.0600333213806152,0.9329409003257751,0.056348443031311035,12.491180419921875,0.6979388363098507,0.018596556444705103,0.4226970672607422,0.48472365736961365,0.6795888449179179,3.5692087669369292,20.12322998046875,50.69492721557617
240182.jpg,7.712311495095491,0.5171371698379517,0.6441975580313258,0.8781545790337395,4.738232612609863,46.310482025146484,0.9447064343900142,0.4561464704017308,7.390207290649414,3.906567677039151,13.195269584655762,4.281567573547363,51.04142379760742,0.5441323518753052,1.0666139125823975,0.9529379606246948,0.055752113461494446,12.537385940551758,0.6967038822988452,0.016459252704351633,0.42547518014907837,0.47981685400009155,0.7080950535744495,3.7876361837194796,20.37908935546875,50.12321472167969
240184.jpg,7.4475629813969135,0.517216145992279,0.6449359852719432,0.87846343238263,4.700174331665039,44.90473556518555,0.9425848075525773,0.42639138687173617,7.377805233001709,3.8947740121436762,12.9680814743042,4.157094478607178,50.813140869140625,0.5385308265686035,1.0428274869918823,0.9553195834159851,0.056883297860622406,12.450152397155762,0.6901743081148527,0.01622317876066388,0.410381555557251,0.47787365317344666,0.6983827596293599,3.74354654312138,20.34051513671875,50.15220642089844
240188.jpg,7.53580766543746,0.5303563475608826,0.6119328500079614,0.8761403631308505,4.9553327560424805,48.461463928222656,0.9400361721881961,0.44811723868365516,7.379350185394287,3.774009902348592,14.05416488647461,4.50166130065918,51.075077056884766,0.5690290331840515,1.2182058095932007,0.9465221166610718,0.05703503265976906,12.438583374023438,0.688355760490539,0.016742020258970938,0.4208243787288666,0.48170360922813416,0.6800215950400574,3.4881132620860016,19.25213623046875,51.36668395996094
240190.jpg,7.4706351310014725,0.5190700888633728,0.6299930784739297,0.877834317263296,4.835966110229492,44.86613464355469,0.9426517557757749,0.43896060191948605,7.375645637512207,3.846627027542297,12.997817039489746,4.157281398773193,49.815582275390625,0.5757898688316345,1.1317375898361206,0.9758309125900269,0.05428018048405647,12.65358829498291,0.6959405352943563,0.015213975451410027,0.4138481616973877,0.47943115234375,0.6960424639893603,3.619570584069326,18.82635498046875,52.124900817871094
240192.jpg,7.747487097978592,0.5280102491378784,0.5801540278611602,0.8769519611870846,5.2625412940979,53.3617057800293,0.9346645517971283,0.466573191662329,7.44211483001709,3.685339242258113,15.693204879760742,5.026424884796143,53.48540496826172,0.6397262215614319,1.2870404720306396,0.9504882097244263,0.05285349860787392,12.769264221191406,0.6859061865950619,0.016606677596525985,0.4336509108543396,0.4978964626789093,0.663501903198032,3.090567369314926,17.06903076171875,51.90678405761719
240196.jpg,7.517318777740002,0.5239982604980469,0.6540770164968558,0.8787085408790464,4.668858528137207,48.059791564941406,0.9466989366272331,0.42496927277453955,7.3869476318359375,3.942724496128367,13.713708877563477,4.4424285888671875,51.412906646728516,0.5434345006942749,1.046456217765808,0.9581847190856934,0.05944604426622391,12.258769989013672,0.7041976458824128,0.015917573440087606,0.41251516342163086,0.4807707667350769,0.706112062966211,3.722962087738582,20.11151123046875,52.676025390625
240198.jpg,7.432158954441547,0.5200366973876953,0.5631718856071626,0.8764623178862312,5.137378692626953,57.29635238647461,0.9287970774867631,0.45525798100633247,7.438884735107422,3.5413089928294177,16.65640640258789,5.3762969970703125,51.146080017089844,0.601272463798523,1.1604290008544922,0.9426043629646301,0.050964318215847015,12.927337646484375,0.7006125722240414,0.01620865862130052,0.42907989025115967,0.48093941807746887,0.6636135033074694,3.334862128004862,16.15594482421875,52.718292236328125
240203.jpg,7.459279410541058,0.5256304740905762,0.6167197685640071,0.8775732976462943,4.822505474090576,47.4881706237793,0.9370772165465534,0.4421618700890555,7.383166313171387,3.763750628546008,13.761221885681152,4.407692909240723,50.341896057128906,0.5604038238525391,1.1074556112289429,0.9587942361831665,0.0559648834168911,12.520843505859375,0.6876958439311059,0.015635377447815568,0.4150257110595703,0.47985440492630005,0.6910231589531574,3.5278836261978355,19.89569091796875,52.63256072998047
240204.jpg,7.4752838388085365,0.5194917917251587,0.615411855145855,0.8780764836013621,4.806622505187988,45.4509162902832,0.9377951638496116,0.4187674117926967,7.3597211837768555,3.7436673493434203,13.310336112976074,4.216098308563232,49.439170837402344,0.5593182444572449,1.1197419166564941,0.9332125186920166,0.054295845329761505,12.652335166931152,0.6783234691587808,0.01683016227045391,0.40493062138557434,0.47684788703918457,0.6735765807681539,3.5829815454569967,20.10223388671875,51.281150817871094
240214.jpg,8.293111473321915,0.5236973166465759,0.6674465311277168,0.8783525086515145,4.631936550140381,42.489593505859375,0.9479613577413603,0.4327213387134142,7.399232864379883,4.01509362860892,12.212693214416504,3.912602186203003,49.80558395385742,0.5327839255332947,1.0632926225662231,0.99134361743927,0.05743556469678879,12.408191680908203,0.696749098324248,0.01578955634458434,0.4121742248535156,0.4762488603591919,0.7190966817690089,3.8923646997930494,20.41375732421875,49.07102966308594
240217.jpg,7.776443175971508,0.5147596597671509,0.5844430504919841,0.8860381326689616,5.256541728973389,50.74610137939453,0.9291085036665342,0.43326532031879844,7.447153091430664,3.712303862358386,14.30266284942627,4.710250377655029,52.531497955322266,0.7074499130249023,1.3113899230957031,0.954339861869812,0.04695776477456093,13.282926559448242,0.6832292805995464,0.01681057498166346,0.41682136058807373,0.48593106865882874,0.6578986822058659,3.481521417662572,18.23358154296875,50.00129699707031
240225.jpg,7.768879987299442,0.5214049816131592,0.531183162650369,0.8737572154736877,5.262749195098877,61.16213607788086,0.9237574859550641,0.4480806542763679,7.390040397644043,3.360484090295344,19.62822723388672,5.832995891571045,50.50708770751953,0.6335837244987488,1.2680420875549316,0.9599473476409912,0.04776235297322273,13.209142684936523,0.6888917833368403,0.011655418933344654,0.4255760908126831,0.48888254165649414,0.6358941112898722,3.1943875779679587,17.86639404296875,53.232025146484375
240232.jpg,7.516054145991802,0.5210525989532471,0.6203055136981916,0.8772356509172387,4.788851737976074,50.575199127197266,0.9392060559550162,0.4391531674735871,7.395992279052734,3.7791741631985847,15.123502731323242,4.708916664123535,51.282020568847656,0.5556574463844299,1.1151583194732666,0.9560147523880005,0.05727952718734741,12.420004844665527,0.694362309067317,0.01540518742019717,0.41518840193748474,0.4815158247947693,0.691611046892468,3.5120946477965753,19.85467529296875,52.04083251953125
240233.jpg,7.67182482406497,0.52306067943573,0.632581995022316,0.8771375093657077,4.774863243103027,48.20231246948242,0.9445080046249329,0.4286515285769397,7.368441581726074,3.840829311577844,14.303901672363281,4.479087829589844,49.353492736816406,0.5558578968048096,1.148408055305481,0.9561747312545776,0.0556320883333683,12.546747207641602,0.6902238489934763,0.017043834358568676,0.41082701086997986,0.4807128310203552,0.6869514047426014,3.4589880540578952,18.43768310546875,51.04515075683594
240240.jpg,7.945965129882097,0.5221547484397888,0.5735969379952279,0.8801053706651403,5.288168430328369,59.53058624267578,0.9365820489618877,0.4855595741794358,7.4611663818359375,3.6565001539579676,16.86872100830078,5.608021259307861,53.87818908691406,0.6621965765953064,1.2638715505599976,0.9825352430343628,0.05013613402843475,12.998493194580078,0.715852662503376,0.014543711321568002,0.44181814789772034,0.5017345547676086,0.6778230858220918,3.3194775366668186,20.66473388671875,48.43939208984375
240242.jpg,8.766891866922379,0.5154591798782349,0.5631934924097137,0.8779765580420714,5.069859504699707,49.21082305908203,0.9272912468675831,0.4261890182220272,7.379115104675293,3.505601104328118,14.706375122070312,4.602588653564453,49.48731231689453,0.6102553606033325,1.1883896589279175,0.9003329277038574,0.04992629587650299,13.016706466674805,0.6595164118942451,0.017339465786278974,0.4090224504470825,0.48479294776916504,0.637098289500419,3.4483749761918925,17.67889404296875,50.98589324951172
240246.jpg,8.55662127956748,0.5344590544700623,0.5770179920430455,0.8770403786974433,5.3968706130981445,55.730812072753906,0.936426345955624,0.4593173724970783,7.476487159729004,3.71409033486767,17.079557418823242,5.287368297576904,53.2859992980957,0.6633270382881165,1.3771090507507324,0.9611114263534546,0.05167231336236,12.867420196533203,0.6904442974671093,0.014798364997785715,0.4308777451515198,0.503578245639801,0.6526615269241207,3.1097193022860856,16.95623779296875,52.31376647949219
240247.jpg,6.851807210594416,0.5178980827331543,0.6456892168440254,0.8785808358051311,4.705020904541016,45.573055267333984,0.9424108856870004,0.43069855271868784,7.396480560302734,3.9069162560874027,13.034432411193848,4.215080738067627,51.74889373779297,0.535863995552063,1.0316569805145264,0.9685835242271423,0.057853519916534424,12.376703262329102,0.6958344307649306,0.016502137813716688,0.41396576166152954,0.4786233603954315,0.7082403952252544,3.712632463701926,20.63104248046875,49.39572525024414
240249.jpg,7.955919746309519,0.5135616660118103,0.6409749091972838,0.8784105451685882,4.68864631652832,45.88600540161133,0.9419127551861731,0.43094939450638203,7.37579345703125,3.8665136261557063,13.128679275512695,4.244039058685303,50.928985595703125,0.5349615216255188,1.0512903928756714,0.9595948457717896,0.05678585171699524,12.457599639892578,0.6926835526959556,0.016723478157675383,0.41523459553718567,0.47766339778900146,0.7030636861458022,3.839045774382122,19.97918701171875,52.0174560546875
240251.jpg,8.08612747490406,0.5223021507263184,0.6118657413333044,0.8776293124990381,4.903130531311035,48.42629623413086,0.9399838299639838,0.43948722489149006,7.398107528686523,3.763364085873338,13.698722839355469,4.490984916687012,50.74455261230469,0.5922170877456665,1.2003345489501953,0.9515564441680908,0.05505451187491417,12.592071533203125,0.693479579342264,0.01679447850075001,0.4170004725456238,0.4881553053855896,0.6863955923026722,3.4841094989214016,18.49725341796875,49.3088493347168
240252.jpg,8.413393624126911,0.5253806710243225,0.614292943834218,0.875831209508151,4.905713081359863,48.76567840576172,0.9380849805503294,0.4275124856231165,7.40703010559082,3.7818267279748596,16.456315994262695,4.560821056365967,49.5587043762207,0.6019506454467773,1.2830190658569336,0.9855809807777405,0.05428758263587952,12.652996063232422,0.6916237548220039,0.01291716926788403,0.4098048210144043,0.4857213795185089,0.6844595069392511,3.6105149629248166,19.46160888671875,51.844627380371094
240255.jpg,8.124273676425219,0.5248286724090576,0.6056788175731698,0.8764357397511136,4.886399745941162,47.87482833862305,0.9396001103171394,0.4207669477571827,7.406834125518799,3.722886707326369,14.190553665161133,4.453976631164551,48.606136322021484,0.5572211742401123,1.1803534030914307,0.9471902847290039,0.05438879877328873,12.644906044006348,0.6783159260946302,0.016944629288715686,0.40736061334609985,0.480137437582016,0.6708053150975489,3.439469074999985,20.15203857421875,52.37165069580078
240258.jpg,7.816749047487974,0.5197925567626953,0.5764470556943859,0.8772136118513199,4.915435791015625,51.245540618896484,0.9230455989436511,0.4226090950478538,7.404275894165039,3.550841342961224,15.545326232910156,4.812180042266846,51.930999755859375,0.5796707272529602,1.138689637184143,0.9141963720321655,0.055734362453222275,12.53877067565918,0.6682272312791057,0.015668045235081456,0.4080691933631897,0.4879523515701294,0.6438988474762686,3.2918567485230352,16.68963623046875,52.3958740234375
240263.jpg,7.782408032566309,0.519350528717041,0.6262747721134485,0.87689558144978,4.772264003753662,49.69194030761719,0.9437930403241336,0.435638430059927,7.398373603820801,3.811093150971063,15.767759323120117,4.6375298500061035,51.49604415893555,0.5567015409469604,1.1549094915390015,0.9656521081924438,0.05755367502570152,12.399269104003906,0.6966186886490273,0.014451753794785851,0.41415587067604065,0.4773017466068268,0.6966795751621522,3.6730617570206245,19.41912841796875,51.86414337158203
240269.jpg,9.47733985260129,0.5278013348579407,0.6277583274614498,0.8763865381497951,4.840075969696045,47.12986755371094,0.9441708315130726,0.42482724156521456,7.40787935256958,3.844389340063527,14.517447471618652,4.3812665939331055,49.197364807128906,0.5667893886566162,1.2016465663909912,0.9802922606468201,0.0562375970184803,12.499732971191406,0.6912436980352947,0.014705308363211825,0.40662050247192383,0.48284631967544556,0.694432707296499,3.583030524008078,19.70721435546875,51.21766662597656
240270.jpg,8.672863110899925,0.5282601714134216,0.6493331416903112,0.8780121509025173,4.708547592163086,44.37725830078125,0.9485490862912536,0.4305882605410741,7.39328145980835,3.92907110802488,12.545125007629395,4.088035583496094,49.242244720458984,0.5234575867652893,1.0964800119400024,0.9721457958221436,0.057556282728910446,12.399072647094727,0.6961263644987987,0.016041289387158007,0.41434013843536377,0.4696032404899597,0.7107229259546585,3.8816026759426157,20.18182373046875,49.96478271484375
240273.jpg,7.720214199274778,0.5287915468215942,0.5978380356679704,0.8779728547614974,5.186359882354736,53.06269454956055,0.9376876692747619,0.46755337349807374,7.441257476806641,3.7746460676462377,15.395231246948242,4.997218608856201,52.61661911010742,0.6394131779670715,1.271459937095642,0.9843704700469971,0.05336092785000801,12.727766036987305,0.7064324288601955,0.014793492622153478,0.4326402544975281,0.4904664158821106,0.6806415287491334,3.2460832669876565,18.45037841796875,52.69520950317383
240274.jpg,7.617555119097233,0.5153279304504395,0.5688398562692739,0.8767873033844691,5.145014762878418,53.51686477661133,0.9294987039560884,0.45706357636491124,7.385007381439209,3.5637983716995603,15.481842994689941,5.010702133178711,49.43813705444336,0.602665901184082,1.1494226455688477,0.9711614847183228,0.04840213432908058,13.151354789733887,0.7055811310808058,0.015742974801003763,0.4254213571548462,0.4709838330745697,0.6755920837572938,3.46599128786014,17.06463623046875,53.22517395019531
240279.jpg,8.075159549713135,0.5151336193084717,0.5506535133490298,0.8750952229273326,5.360620021820068,57.060035705566406,0.9332689425035476,0.4667572664388773,7.433330535888672,3.522527251009212,17.414669036865234,5.401254177093506,51.92823028564453,0.6432867050170898,1.3212722539901733,0.9551530480384827,0.0470515713095665,13.274258613586426,0.680826591161742,0.015097921893668756,0.43317705392837524,0.5070485472679138,0.6535918363220857,3.1780687938600374,18.00457763671875,53.762535095214844
240282.jpg,8.479406751692295,0.5325779914855957,0.597189062215121,0.8755493655373577,5.108088493347168,52.6994514465332,0.9387401012318425,0.43116588595969096,7.398292064666748,3.7343477425314315,17.66890525817871,4.966546058654785,50.923126220703125,0.5942570567131042,1.2818315029144287,0.945803165435791,0.056239381432533264,12.499594688415527,0.6936020575205166,0.014550094833007812,0.41155752539634705,0.49356016516685486,0.6551959649529874,3.3674954157044192,17.18621826171875,53.46843719482422
240286.jpg,8.51597947999835,0.506237804889679,0.5858976975970183,0.8767096291445461,5.075094223022461,49.516239166259766,0.9297964280469426,0.45336213376293205,7.305514812469482,3.6268960024450383,14.294384002685547,4.61541748046875,48.03912353515625,0.6088446974754333,1.2316416501998901,0.9506178498268127,0.045833054929971695,13.388212203979492,0.6819147210845353,0.018873824813786116,0.4251464903354645,0.4918502867221832,0.6676116763570236,3.332321107010813,21.32586669921875,50.24383544921875
240288.jpg,7.642402954399586,0.5195404291152954,0.6063058615938058,0.8770582847207197,4.923890590667725,52.708221435546875,0.9395947722107071,0.4488687155549338,7.421398162841797,3.7425214427849838,14.990415573120117,4.894874572753906,52.079349517822266,0.5741151571273804,1.204020619392395,0.9244334101676941,0.05619726702570915,12.502847671508789,0.6944092361354859,0.01637628845998942,0.4201658368110657,0.484818696975708,0.6813644522927912,3.5969223360019016,18.39617919921875,51.10011291503906
240290.jpg,8.3167405128479,0.525162398815155,0.5140974666375512,0.8726412062131397,5.430231094360352,70.8228530883789,0.9315449082190332,0.4696571030939337,7.418513298034668,3.302762704002882,23.32716941833496,6.792110443115234,50.57719421386719,0.6600738763809204,1.3654162883758545,0.9619327783584595,0.045735009014606476,13.397513389587402,0.7036680284399432,0.010483956119937623,0.43349114060401917,0.5012621879577637,0.6347195690844859,3.3337411438905966,17.32440185546875,55.50004577636719
240291.jpg,8.568638756871223,0.5263954997062683,0.5797780369839338,0.8757547949229767,5.0751824378967285,54.376251220703125,0.9286351743637372,0.4515711040021737,7.44895076751709,3.630619410058161,17.383142471313477,5.107614040374756,53.366886138916016,0.6127426624298096,1.2394243478775024,0.941885232925415,0.054922427982091904,12.602502822875977,0.6812545731453411,0.014868878617426784,0.42252811789512634,0.4901466965675354,0.6659379576414137,3.345873652719672,18.32586669921875,51.83472442626953
240294.jpg,8.116612691432238,0.5307413339614868,0.6506108382921598,0.8781571007026158,4.764113903045654,44.35171127319336,0.9472963937926768,0.4299305931337049,7.390393257141113,3.9539389972817407,12.626211166381836,4.085964202880859,49.918270111083984,0.5319229364395142,1.0730100870132446,0.9692308902740479,0.05812394618988037,12.356449127197266,0.6968813501903731,0.01601232816071103,0.4084617495536804,0.4776972532272339,0.7058049013404338,3.8339303745608273,21.11737060546875,49.587276458740234
240299.jpg,8.064262587577105,0.5265455842018127,0.65221709381998,0.8779281468400119,4.669203281402588,44.188751220703125,0.9475241444629332,0.431208269756418,7.368086814880371,3.925475070369883,12.754088401794434,4.081276893615723,50.0494499206543,0.5267223119735718,1.1083030700683594,0.9683364033699036,0.05808683857321739,12.359222412109375,0.6908172790863829,0.016561062529010157,0.41370952129364014,0.4768293797969818,0.7066702569961724,3.849141422484912,19.10467529296875,51.42723846435547
240302.jpg,7.597293104976416,0.515235424041748,0.6504970074985573,0.8776844681320761,4.749643802642822,41.28681182861328,0.946442588332042,0.4219400783945405,7.306086540222168,3.9211204026234032,11.994843482971191,3.808159589767456,46.60560989379883,0.5369477868080139,1.128322958946228,0.982934296131134,0.05233805626630783,12.811823844909668,0.6900761170837806,0.016657824798851955,0.4061421751976013,0.46917760372161865,0.7045573139110766,3.8883161304132994,19.43865966796875,48.835968017578125
240305.jpg,7.759236458688974,0.5204063653945923,0.6499490607189058,0.8786155445695696,4.6838812828063965,46.06899642944336,0.9446316469918978,0.4418079315359482,7.426795482635498,3.9356736757029545,13.019089698791504,4.255651950836182,52.27169418334961,0.5243986248970032,1.0269991159439087,0.9734059572219849,0.05939776077866554,12.262298583984375,0.700182859722241,0.01631045102947965,0.41936370730400085,0.4741785228252411,0.7153761909072652,3.6467124855017574,20.24041748046875,49.93775939941406
240306.jpg,8.333527591079473,0.5203754305839539,0.6117183530150546,0.8766821168550878,4.9650559425354,46.61573028564453,0.9396166924611502,0.44779046419508045,7.41334342956543,3.7860583000454042,13.587776184082031,4.336857318878174,50.9886474609375,0.5964165329933167,1.221481442451477,0.9615471363067627,0.05442130193114281,12.642311096191406,0.689482729346716,0.015771216218394595,0.4172806143760681,0.48798900842666626,0.6849697210099843,3.4753239920726324,18.66033935546875,49.546173095703125
240311.jpg,8.256765138357878,0.5248011350631714,0.5764482349443356,0.8751922433340187,5.184505939483643,52.18795394897461,0.9276326734608299,0.4518108672498139,7.382805824279785,3.622212840398042,16.105430603027344,4.90234375,49.4616813659668,0.6119667291641235,1.2544782161712646,0.9430635571479797,0.05006241053342819,13.004883766174316,0.6735108473860564,0.016362761021505,0.4276435077190399,0.5004441142082214,0.6602039808679974,3.3345438979896693,18.63055419921875,52.6418342590332
240314.jpg,6.999411650002003,0.5198428630828857,0.6247038023584701,0.8779766452285324,4.800766468048096,46.45268249511719,0.9397947412302294,0.4256392350577077,7.369435787200928,3.8013973553513765,13.397642135620117,4.309062480926514,50.47990798950195,0.5460267066955566,1.0768035650253296,0.9451041221618652,0.05651728808879852,12.478187561035156,0.6853632610925553,0.017255208266494376,0.40984511375427246,0.47731858491897583,0.6852590686838189,3.5965271368694074,19.65789794921875,52.203861236572266
240316.jpg,7.554481934756041,0.5287587642669678,0.6532560773294022,0.8783537141795474,4.705633163452148,45.89214324951172,0.9468648742534285,0.4439116192537018,7.4069108963012695,3.956308370681077,13.180514335632324,4.2395219802856445,50.86822509765625,0.5299891829490662,1.0496882200241089,0.9534845352172852,0.05902737006545067,12.28946590423584,0.6978079223056041,0.01630874671704876,0.41935816407203674,0.47634226083755493,0.7055870896871521,3.8665659777346697,19.82098388671875,51.85469055175781
240317.jpg,7.917809545993805,0.5023415684700012,0.6039668848459512,0.8773482845834801,4.826146125793457,51.01422882080078,0.9301312020015073,0.4461789536199865,7.352329254150391,3.6777090428279315,14.50656509399414,4.73641300201416,48.43878936767578,0.5681472420692444,1.1498148441314697,0.9599125385284424,0.048806365579366684,13.115235328674316,0.6873911896927934,0.019186447901204308,0.4210156202316284,0.4886971116065979,0.6897944151443183,3.465547814449721,19.51873779296875,53.53663635253906
240318.jpg,7.869823355227709,0.5126108527183533,0.5769003663900591,0.877137743543333,5.0995659828186035,56.90983963012695,0.9307743642278171,0.4623882034540972,7.446619033813477,3.6189599307882307,16.261056900024414,5.329716205596924,53.19682312011719,0.6253264546394348,1.2247536182403564,0.9351585507392883,0.051472727209329605,12.884227752685547,0.6919231034720481,0.015858722317093926,0.4343964457511902,0.5048624873161316,0.6626955930379842,3.1892436446580237,18.05975341796875,54.017005920410156
240319.jpg,7.818053223192692,0.5047863125801086,0.6019092176937989,0.877495948739009,4.819028854370117,48.26421356201172,0.9324679684452187,0.43427795151378323,7.336826801300049,3.658371657821572,13.935422897338867,4.47662878036499,48.20096206665039,0.5676705837249756,1.1713263988494873,0.9498587250709534,0.04991534352302551,13.017660140991211,0.6804343558573094,0.017512769599599434,0.40952569246292114,0.487478107213974,0.6765313625450414,3.458518205249513,19.94354248046875,53.05299758911133
240322.jpg,7.272183559834957,0.5157356262207031,0.6431623408497024,0.8787228591630698,4.680785655975342,46.84463119506836,0.9427554615042377,0.43190162441042174,7.382328033447266,3.879282240213973,13.402567863464355,4.336822509765625,51.3956184387207,0.5408012866973877,1.0354797840118408,0.9479316473007202,0.05713407322764397,12.431049346923828,0.6942726621841195,0.016836199283488975,0.414334774017334,0.4803628921508789,0.7017653049535035,3.8508488060291075,19.54315185546875,52.56797790527344
240323.jpg,6.9456416219472885,0.528202474117279,0.6513817862404997,0.878289497055129,4.644089698791504,47.435882568359375,0.9474624754388373,0.43305937018137186,7.382754325866699,3.917045556827089,13.606904983520508,4.38698673248291,51.05171585083008,0.535545825958252,1.0762470960617065,0.957492470741272,0.05996118113398552,12.221298217773438,0.7008067497948303,0.016003042488033997,0.4178606867790222,0.48080745339393616,0.7057024637916385,3.7967849381315637,18.59539794921875,50.61164093017578
240326.jpg,6.999808359891176,0.5154062509536743,0.6475223856413383,0.8785872342819908,4.693347930908203,48.40748977661133,0.9473797287081791,0.44977964894712485,7.383215427398682,3.9099342323328976,13.968191146850586,4.465491771697998,49.66876220703125,0.5434337854385376,1.096100091934204,0.9790342450141907,0.05438969284296036,12.644834518432617,0.7130568029773773,0.015961016037315024,0.41464295983314514,0.48285672068595886,0.7135671649206523,3.927939605485159,22.57147216796875,54.29063034057617
240329.jpg,8.509479638189077,0.5179980397224426,0.6333967370139666,0.8781854817543839,4.779276371002197,48.54280471801758,0.942874282729731,0.4435911006568362,7.403522491455078,3.8582844211634786,14.005488395690918,4.504763603210449,52.07509231567383,0.5475202202796936,1.0573562383651733,0.9387046098709106,0.05708836019039154,12.434525489807129,0.6951098740795759,0.016315493631657085,0.4212053418159485,0.48110947012901306,0.6936728850908648,3.7425726982216974,19.17645263671875,50.51373291015625
240336.jpg,7.560725338757038,0.5091855525970459,0.5606575801687927,0.8749569438952743,5.256115436553955,50.076202392578125,0.9257954433722762,0.4583198323397376,7.313912391662598,3.52375102055991,14.413723945617676,4.680959224700928,47.95570755004883,0.6292263269424438,1.3191096782684326,0.9403551816940308,0.043949026614427567,13.570508003234863,0.6706339215908125,0.018873773350973035,0.42977190017700195,0.497638076543808,0.6478744758555173,3.248142148950236,20.09149169921875,51.22048568725586
240338.jpg,7.554166480898857,0.5173388719558716,0.5834026860681667,0.8760393973810586,4.8923020362854,54.51803207397461,0.9300544051062254,0.4428801585610086,7.432889938354492,3.59528556712657,17.295719146728516,5.1092047691345215,52.88623809814453,0.582972526550293,1.1861577033996582,0.9298887252807617,0.05536171793937683,12.56790542602539,0.6836374661168895,0.015287844538168088,0.41998252272605896,0.4824363589286804,0.6664918078246629,3.6348985389438866,16.79510498046875,52.60776138305664
240342.jpg,7.592809971421957,0.5185675621032715,0.5952911831825672,0.8765164121872909,4.923376083374023,53.8498420715332,0.9384061351347163,0.47737825385348087,7.431560039520264,3.677403502026099,15.061958312988281,5.01903772354126,52.603458404541016,0.5590326189994812,1.1399571895599365,0.9621676206588745,0.05515894293785095,12.583839416503906,0.7066278884714393,0.016398703444863955,0.4379158318042755,0.4879911541938782,0.6932756118240119,3.4779066863640864,17.49041748046875,50.271888732910156
240345.jpg,7.798054296523333,0.520794153213501,0.6161630732243805,0.8773452846577315,4.833779811859131,49.15510940551758,0.9388806992008516,0.4349167189457866,7.38814640045166,3.7653612556936995,14.264997482299805,4.568188190460205,51.57601547241211,0.5581957697868347,1.1351029872894287,0.9456950426101685,0.05759957805275917,12.395807266235352,0.6861923779875662,0.0161285689277764,0.4150138795375824,0.4810604155063629,0.6826991548258912,3.5929322164420427,19.96502685546875,50.20261764526367
240354.jpg,7.765558011829853,0.5096966624259949,0.6241959887460644,0.8780427697306219,4.784271240234375,48.41525650024414,0.9414222188082715,0.4327863574134767,7.3931498527526855,3.800560168066255,13.855489730834961,4.489737033843994,50.91598892211914,0.5514969229698181,1.073171854019165,0.9456753730773926,0.054263439029455185,12.654928207397461,0.6912391446948503,0.017116970300102348,0.411506325006485,0.47353824973106384,0.6887379104393124,3.590659907841106,19.28338623046875,51.86003112792969
240355.jpg,7.96846554428339,0.536871612071991,0.5574623638867472,0.8748517154348293,5.543361186981201,58.27521896362305,0.9376317155444007,0.48515139030360643,7.504051685333252,3.6367310983689265,18.126279830932617,5.523077487945557,53.590606689453125,0.6566728949546814,1.3890271186828613,1.0019892454147339,0.04935561493039131,13.066634178161621,0.7148072320096811,0.011731020554020446,0.4346216917037964,0.5021380186080933,0.6640421099119085,3.1124465298605464,18.58074951171875,54.39441680908203
240357.jpg,7.771674539893866,0.5237972736358643,0.6426622572043958,0.8788269072185779,4.710038185119629,47.82355880737305,0.9431548474409358,0.43259921367715704,7.422887802124023,3.8986983873784897,13.519003868103027,4.418199062347412,52.254608154296875,0.5379846692085266,1.0271461009979248,0.9458441138267517,0.060043588280677795,12.215333938598633,0.696606324075582,0.016431008101426434,0.4143196642398834,0.4768776297569275,0.7025149824259301,3.8165907124492344,20.61248779296875,51.61399841308594
240358.jpg,8.069468755275011,0.5170102119445801,0.6386819745177076,0.8779475127600074,4.721331596374512,46.48182678222656,0.943241521615586,0.43353429350233397,7.381129264831543,3.864823333186772,13.814848899841309,4.317439079284668,50.7551383972168,0.5451801419258118,1.0964168310165405,0.9732910394668579,0.05639273673295975,12.48776912689209,0.6952962032176547,0.01567815202223297,0.4159846305847168,0.48163163661956787,0.7039364704709278,3.6541493840496817,19.10223388671875,48.88676452636719
240363.jpg,8.206296250224113,0.5197389125823975,0.5325987597530993,0.8740208660135694,5.2352375984191895,60.16199493408203,0.9235223314580004,0.4441858491671644,7.388236999511719,3.3616333647577896,18.986862182617188,5.722194671630859,50.543601989746094,0.6260800957679749,1.2507553100585938,0.9524585008621216,0.04885449260473251,13.110956192016602,0.6850181863921259,0.012414747768253796,0.4237457513809204,0.48804745078086853,0.6354540999768898,3.2726377903333326,18.28680419921875,53.04282760620117
240364.jpg,7.800379749387503,0.5262134671211243,0.6300979979069166,0.8766353207120824,4.758319854736328,49.15857696533203,0.9420036667793821,0.4213728326473929,7.396671295166016,3.8294293359324243,16.35094451904297,4.5966057777404785,51.71921920776367,0.5828183889389038,1.1973748207092285,0.9709553718566895,0.059283941984176636,12.270630836486816,0.6912638444158041,0.012866351378400058,0.40888670086860657,0.4801452159881592,0.6880904194505384,3.612600469763835,19.63641357421875,50.88347625732422
240370.jpg,7.765745315700769,0.5232702493667603,0.631946393707458,0.8781588939823134,4.688490390777588,48.715843200683594,0.9411628021163552,0.4312142132761667,7.406525611877441,3.8217125861468997,13.822074890136719,4.508876323699951,49.80588912963867,0.5398851633071899,1.1154491901397705,0.9758120179176331,0.057530924677848816,12.40098762512207,0.7095836946225845,0.015272946113308728,0.4083922207355499,0.4739665985107422,0.7086250699664706,3.6606856518189326,18.53485107421875,53.13358688354492
240371.jpg,8.30659880116582,0.5230302810668945,0.6662298960988072,0.8783571002628269,4.613402843475342,46.64607238769531,0.9503076986490143,0.4426961331218811,7.374224662780762,3.9932703638815585,13.677970886230469,4.30954122543335,50.51681137084961,0.5233180522918701,1.0641937255859375,0.9850106239318848,0.058435115963220596,12.333260536193848,0.7178828080489646,0.014220605310520744,0.4191164970397949,0.4662474989891052,0.722293510341599,4.012456522482113,21.05535888671875,51.33858108520508
240375.jpg,8.286689259111881,0.5203008055686951,0.5985038898202346,0.8771075966488404,4.872818470001221,48.30504608154297,0.9390503583835411,0.4393683293956465,7.3594560623168945,3.6605431321990345,13.996050834655762,4.488327503204346,49.7950325012207,0.5473671555519104,1.1317765712738037,0.9209115505218506,0.054453592747449875,12.63973617553711,0.6744668186519324,0.01819634456532415,0.414120078086853,0.4816613793373108,0.6710670036701424,3.720797631233258,19.06463623046875,51.60165023803711
240377.jpg,7.877867832779884,0.5192975997924805,0.609750526098995,0.8766677725639491,4.819288730621338,51.91622543334961,0.9371064611223956,0.4336880967539061,7.397727012634277,3.724677078648142,16.312368392944336,4.858638286590576,51.33238220214844,0.5816975831985474,1.1811113357543945,0.962119460105896,0.05644572898745537,12.48369026184082,0.6935499763262598,0.01298020456218777,0.4140947759151459,0.48210272192955017,0.682901812770474,3.4742420176359734,19.39813232421875,51.66590118408203
240382.jpg,7.644875831902027,0.528282105922699,0.6471327019507704,0.8781415479419347,4.69623327255249,45.66386032104492,0.9469705581209414,0.43240751008604267,7.37868595123291,3.9070491661941507,13.062664985656738,4.216523170471191,50.347694396972656,0.5267205834388733,1.0706977844238281,0.9623761773109436,0.05819793418049812,12.35092544555664,0.6951617359280794,0.01574481630514138,0.4118121862411499,0.4747782051563263,0.7060832313222903,3.8305559472850303,19.75897216796875,52.647422790527344
240384.jpg,7.883128542453051,0.5166987776756287,0.64340064662104,0.8785566212145375,4.682331562042236,47.07366943359375,0.9447325695336943,0.4330526528859466,7.382105827331543,3.8811454378985424,13.467649459838867,4.359559059143066,51.061431884765625,0.5345830321311951,1.0403059720993042,0.9470314979553223,0.057513557374477386,12.402297973632812,0.6969027982212637,0.016377770258782866,0.41414594650268555,0.4748234450817108,0.7022081501651224,3.770188958737083,19.60906982421875,50.95056915283203
240386.jpg,8.27768513187766,0.5274595618247986,0.5686590096680014,0.8746321736985327,5.105751991271973,61.27678298950195,0.9274367640378505,0.455973890258605,7.448672294616699,3.569603260823806,20.786212921142578,5.823514938354492,52.84714889526367,0.6347844004631042,1.270832896232605,0.974492073059082,0.05363532528281212,12.70549201965332,0.7025411220716409,0.011070692631931686,0.42795082926750183,0.49256157875061035,0.6663897987778501,3.198189158471402,16.12225341796875,51.97660446166992
240389.jpg,8.238479409366846,0.5029494166374207,0.6307320053009565,0.8784096519541413,4.722019672393799,48.1248664855957,0.9418310960571026,0.4314288559554831,7.3542633056640625,3.8084606044422245,13.880523681640625,4.458243370056152,50.40610122680664,0.5511913895606995,1.0671844482421875,0.9545438289642334,0.05300891399383545,12.756510734558105,0.7006048989611009,0.015361232449654578,0.4114333987236023,0.4745146334171295,0.693873982487626,3.7603351230259383,19.88983154296875,51.94780349731445
240396.jpg,8.257876314222813,0.5037311911582947,0.6049846487031002,0.8763909190125045,4.858532428741455,50.85172653198242,0.9351398658425012,0.4541395461261608,7.322085380554199,3.6845546192233645,14.586710929870605,4.724007606506348,48.66791534423828,0.5815081596374512,1.2253000736236572,0.929597020149231,0.048481591045856476,13.144231796264648,0.6844553068713011,0.01941625329260673,0.42696309089660645,0.4875044822692871,0.6757514541221198,3.4708491440185,18.17059326171875,49.23710632324219
240401.jpg,7.850051514804363,0.5308594107627869,0.6616233248563741,0.8783806657414065,4.702675819396973,44.037410736083984,0.9494389743923817,0.4358845621425779,7.390085220336914,4.000438334109477,12.481014251708984,4.053694248199463,49.78459930419922,0.5220929384231567,1.059290885925293,0.9708967804908752,0.05906994268298149,12.286334991455078,0.6997498772918402,0.0157474148601513,0.41475117206573486,0.4782005548477173,0.7140783299225992,3.9075001833183682,20.70916748046875,49.679298400878906
240418.jpg,8.130115061998367,0.5197154879570007,0.6270549188031848,0.8781989421676689,4.7901482582092285,50.00764846801758,0.9447967266647,0.44793154231238774,7.409389495849609,3.8249018859859323,14.164612770080566,4.628336429595947,51.502464294433594,0.5447628498077393,1.0823248624801636,0.9339249134063721,0.056682173162698746,12.465535163879395,0.6999989077642014,0.01646967587193502,0.4208050072193146,0.4773419499397278,0.6944437544649633,3.7911757792567995,20.63787841796875,51.76673126220703
240424.jpg,8.243904959410429,0.5289910435676575,0.4777928946560994,0.876123866527336,5.503398418426514,67.489013671875,0.9031338590638956,0.43237687808046366,7.470250606536865,3.0993674526446675,21.979578018188477,6.459743499755859,53.32183074951172,0.6636192202568054,1.348276138305664,0.9073238372802734,0.0494820773601532,13.055521011352539,0.6820128762192779,0.012478858569418204,0.4093073904514313,0.49418970942497253,0.6036225370551149,3.050733032242091,19.09002685546875,54.24250030517578
240426.jpg,8.043927602469921,0.529700756072998,0.5777767960859883,0.8777469615298759,5.38383150100708,50.564659118652344,0.9373665674377529,0.45982931001411675,7.445825576782227,3.7063497356800656,15.655377388000488,4.782674312591553,50.235225677490234,0.6679596304893494,1.3878282308578491,0.9730353355407715,0.04709913581609726,13.26987075805664,0.6821034699443909,0.01466902526440523,0.42847007513046265,0.5015447735786438,0.6581062267632051,3.204240488433863,17.37713623046875,51.690223693847656
240430.jpg,8.08497678115964,0.5255452990531921,0.5902257287451742,0.8749664806238042,4.940801620483398,56.36260986328125,0.9273312634550074,0.44672969744134616,7.460999488830566,3.659941761822953,19.059555053710938,5.316212177276611,53.01667785644531,0.6004053354263306,1.2232890129089355,0.9803363084793091,0.05647658929228783,12.481315612792969,0.6973058946570112,0.012081990124933089,0.4211634695529938,0.4800127446651459,0.6781564020985421,3.5547209673311886,19.04022216796875,51.719993591308594
240432.jpg,7.902002140879631,0.5281581878662109,0.5137595501070529,0.8720145664148945,5.411360263824463,71.18846893310547,0.9268461910276191,0.4590686027769799,7.48328971862793,3.3123842888170767,24.58134651184082,6.837398529052734,54.92862319946289,0.6520710587501526,1.3796583414077759,0.9170434474945068,0.051507674157619476,12.881280899047852,0.6909794401667633,0.010730428348430026,0.4299049377441406,0.4992944002151489,0.6151583487123194,2.982109372316758,16.34197998046875,54.43218231201172
240434.jpg,7.842051472514868,0.5190135836601257,0.5769067349154032,0.8766608296382002,5.009121894836426,57.374267578125,0.9268053435090393,0.445591362879654,7.439645767211914,3.59089967963766,18.091182708740234,5.383895397186279,53.40963363647461,0.6114467978477478,1.173759937286377,0.9430062770843506,0.054715778678655624,12.618873596191406,0.6929851650092939,0.014346131461265442,0.4193801283836365,0.4794934093952179,0.6670902788522941,3.4682800558806233,17.91522216796875,52.40747833251953
240441.jpg,7.8356068804860115,0.5192742347717285,0.5321042905374367,0.8743822575456343,5.200783729553223,64.22471618652344,0.9248729365263841,0.45172218072302495,7.421321868896484,3.3581480682436666,20.400596618652344,6.132636070251465,52.024322509765625,0.6384906768798828,1.2687020301818848,0.939741849899292,0.04983101040124893,13.025003433227539,0.6881133954292968,0.012247141785124751,0.42988121509552,0.49710097908973694,0.6325542180786066,3.1757696990916515,17.14080810546875,53.935943603515625
240442.jpg,7.899159222841263,0.5246617794036865,0.6431050558143894,0.8781491597290472,4.74345064163208,46.30327606201172,0.9440815551584181,0.43541275127313767,7.428503036499023,3.9139341793150795,13.180948257446289,4.278565883636475,51.11826705932617,0.5293525457382202,1.0644493103027344,0.9568494558334351,0.05783738195896149,12.377914428710938,0.6937776033063529,0.015887395175440407,0.4145171642303467,0.4765099883079529,0.7004763619896676,3.727918697152729,20.10467529296875,51.64741516113281
240443.jpg,7.778152976185083,0.5274693369865417,0.6367975258715763,0.8786685395419966,4.734002113342285,49.06743621826172,0.9422010405291481,0.43534311845786694,7.44351863861084,3.877319451174575,13.966316223144531,4.545358180999756,52.6344108581543,0.5366318225860596,1.0292845964431763,0.945425271987915,0.06096804141998291,12.148979187011719,0.6983579495675525,0.016178070577039995,0.4143783152103424,0.47778263688087463,0.6999695377865379,3.784310033419011,19.66717529296875,51.82945251464844
240445.jpg,7.943763647228479,0.5276500582695007,0.5125316153445375,0.8729954583922611,5.277134418487549,68.8415756225586,0.9163558300219763,0.4498190480620796,7.483004570007324,3.2699965697686277,23.48515510559082,6.585693359375,55.11466979980469,0.6354585289955139,1.318616509437561,0.9119545221328735,0.05404295027256012,12.67261028289795,0.6869438727690443,0.011456555303807554,0.424122154712677,0.4943894147872925,0.6180368383801139,3.138682283028356,16.32391357421875,53.50824737548828
240452.jpg,7.901511132717133,0.5259336233139038,0.6109046186020406,0.875943219210591,4.92618465423584,49.32667922973633,0.9433595342690376,0.4329887196653111,7.3964338302612305,3.7639834227014717,15.431674003601074,4.60861349105835,50.56621551513672,0.5805357098579407,1.215788722038269,0.9237579107284546,0.05533471703529358,12.570023536682129,0.6745780686024925,0.015867075253599303,0.4183259606361389,0.49179911613464355,0.664432845558333,3.461497536156778,18.40936279296875,54.028053283691406
240456.jpg,7.649255026131868,0.5192030072212219,0.6546639381122187,0.878598572644854,4.678863525390625,47.163204193115234,0.9460787418781241,0.4431350159508968,7.398531436920166,3.953329566612963,13.532221794128418,4.363223075866699,50.83849334716797,0.54241544008255,1.0424549579620361,0.9585411548614502,0.0570804625749588,12.435125350952148,0.7059891750070997,0.015435738294742731,0.41955119371414185,0.47900450229644775,0.7131086079585114,3.8636914563459923,20.49920654296875,52.21249771118164
240461.jpg,7.933330077677965,0.5075303912162781,0.5976613344945015,0.8760349313779037,4.966955661773682,49.91215896606445,0.9443771405583736,0.4597850194253962,7.361386299133301,3.684097874284703,14.669983863830566,4.659778594970703,51.212432861328125,0.6024197340011597,1.2808928489685059,0.9686520099639893,0.0506141372025013,12.957282066345215,0.7024710674144569,0.014308062830155998,0.42760270833969116,0.4880242645740509,0.6857992841156921,3.509128786415094,17.88348388671875,50.63441848754883
240470.jpg,7.943711310625076,0.5178933143615723,0.6494697455629375,0.8786247748152963,4.695040702819824,46.37869644165039,0.9438174910923923,0.4424058752083155,7.441791534423828,3.9412648291361503,13.089879035949707,4.286678314208984,52.571590423583984,0.5270741581916809,1.0258275270462036,0.9748020768165588,0.059107307344675064,12.283588409423828,0.6988490134041799,0.01603508890522128,0.41982683539390564,0.4741641581058502,0.7144440224518953,3.690508036823213,20.84100341796875,50.05455017089844
240479.jpg,7.969925682991743,0.5144323706626892,0.6790533165939973,0.8798577699579799,4.453323841094971,46.739341735839844,0.9529341552854771,0.45074492832116086,7.377847194671631,4.017010464153952,13.439690589904785,4.301025390625,50.81195831298828,0.5039733052253723,1.0082741975784302,0.9984486103057861,0.05788765475153923,12.374141693115234,0.7352882928950784,0.012160762825669764,0.4200598895549774,0.47865140438079834,0.7405473882940599,4.044876257843272,23.08319091796875,50.117286682128906
240491.jpg,8.265169844031334,0.5205742120742798,0.6457608135475575,0.8781044828318322,4.719243049621582,47.93623733520508,0.9483581906297728,0.44489560971774794,7.392613410949707,3.9106929156082852,13.513880729675293,4.423605442047119,50.044742584228516,0.546046257019043,1.1019127368927002,0.9614536762237549,0.05651044100522995,12.478713989257812,0.705870056440295,0.015375586183776508,0.42085516452789307,0.4758608043193817,0.7148966239172327,3.7759165745649277,20.68865966796875,50.39894104003906
260003.jpg,8.233004979789257,0.6612768173217773,0.4809060782642838,0.8792335826061859,6.921355247497559,39.93115234375,0.90348357814942,0.4326451274510397,7.62272310256958,3.497176621220751,12.910736083984375,3.7025699615478516,59.091278076171875,0.7315130233764648,1.5912744998931885,0.8563594818115234,0.04430908337235451,13.53507137298584,0.6581399050386438,0.006956832433923984,0.39599353075027466,0.46406322717666626,0.5370027026230614,3.3519858990319165,14.24627685546875,56.04323196411133
260004.jpg,7.929097224026918,0.5194859504699707,0.6314702328164215,0.8775293871060317,4.765909671783447,45.5322265625,0.9444466111487717,0.42717489669061703,7.365236759185791,3.8302405854643577,13.335467338562012,4.215304851531982,49.24165725708008,0.5587249994277954,1.1245366334915161,0.9475839138031006,0.05473097413778305,12.617668151855469,0.6805652696232147,0.01674562292908534,0.4110022783279419,0.48035725951194763,0.6871431319004503,3.748629271965434,20.19598388671875,51.98158264160156
260010.jpg,7.924411356449127,0.6089024543762207,0.45976632998921657,0.9089507301516562,7.5447001457214355,118.6143569946289,0.9498694332124717,0.6338413123440492,7.892049789428711,3.548657151862109,34.41066360473633,11.62309455871582,71.09471130371094,0.819251537322998,1.648651123046875,0.760466456413269,0.03474627807736397,14.590917587280273,0.747822515458884,0.0035428023515576006,0.4815484881401062,0.5839261412620544,0.6033118089170917,4.098888475557224,39.26385498046875,60.685997009277344
260011.jpg,8.638607539236546,0.6168846487998962,0.44878954004071786,0.9065001359807796,7.580774784088135,121.3975601196289,0.9492348692911762,0.6304564863499476,7.905877590179443,3.475132096792416,35.887454986572266,11.963343620300293,71.25057983398438,0.8113022446632385,1.655552864074707,0.7517266869544983,0.037149060517549515,14.300522804260254,0.7488823817776499,0.003549600667450047,0.4771566689014435,0.5813236236572266,0.5977993532693772,3.897856305376471,38.42352294921875,62.150726318359375
260013.jpg,8.212688691914082,0.6148070096969604,0.4341154349225678,0.9032578484757172,7.527946472167969,120.95211029052734,0.9451423091927359,0.6231955381727176,7.883319854736328,3.345142321033192,35.39015579223633,11.83957576751709,71.0415267944336,0.8037844896316528,1.6541454792022705,0.7445170283317566,0.036821600049734116,14.338973999023438,0.7427645558117331,0.003938341275236035,0.47602856159210205,0.5832562446594238,0.5874778290828978,3.5624427508066328,36.98260498046875,60.51169967651367
260018.jpg,8.168206576257944,0.5146585702896118,0.625731818450835,0.8764203513840674,5.247117519378662,24.54717445373535,0.9463538810556895,0.40100690264655214,7.378485679626465,3.9501323046454875,8.840459823608398,2.2173290252685547,46.639854431152344,0.6088449358940125,1.415085792541504,0.8999349474906921,0.04001268371939659,13.978023529052734,0.5688096847999564,0.01308314741412198,0.3985629677772522,0.5090233087539673,0.552285223677363,4.234449162637499,29.78143310546875,48.976959228515625
260022.jpg,8.168315716087818,0.5126025080680847,0.610617094241475,0.8759253493873043,5.430005073547363,25.364063262939453,0.9408398222326865,0.3963473489782376,7.413116455078125,3.921125767100408,9.272216796875,2.2973716259002686,47.83233642578125,0.6235702037811279,1.4052698612213135,0.8836350440979004,0.03995871916413307,13.983884811401367,0.5723701078939987,0.013399196566123801,0.39722949266433716,0.5064291954040527,0.5424619807436023,4.341003211251378,28.70086669921875,48.95805358886719
260023.jpg,7.896295253187418,0.651075005531311,0.46649887058160716,0.8831773929150438,6.902584552764893,45.28042984008789,0.8933105686994516,0.4073894953333409,7.6426286697387695,3.3926713127968764,15.076329231262207,4.250579357147217,57.4367790222168,0.7542901039123535,1.6249845027923584,0.8503631353378296,0.04551664739847183,13.41829776763916,0.67866439147119,0.005400111307592884,0.38704338669776917,0.46810826659202576,0.5366474557928038,3.379302049250412,9.54119873046875,57.54534149169922
260026.jpg,7.8873962089419365,0.5274274945259094,0.6303094427159736,0.8756678575758344,5.312846660614014,25.043594360351562,0.9439506995266254,0.3914572576238844,7.442849636077881,4.0200294290635945,9.21581745147705,2.2657341957092285,48.68757629394531,0.6251172423362732,1.4391475915908813,0.9040701389312744,0.04402366653084755,13.563138008117676,0.5782933440257566,0.011503408472814067,0.39307713508605957,0.5048302412033081,0.5521972397228111,4.335605407498376,27.20037841796875,47.271148681640625
260028.jpg,8.322545431554317,0.610435426235199,0.4446207592793575,0.905033171698872,7.510435581207275,120.72651672363281,0.9475345273802595,0.6301489442162761,7.882931709289551,3.422113308088326,35.69782257080078,11.881308555603027,71.6531753540039,0.8082947731018066,1.648642897605896,0.7544572353363037,0.037076499313116074,14.309014320373535,0.7517731661184648,0.003666064558570987,0.47528499364852905,0.5811342597007751,0.5994541907131417,4.065875207440958,37.54022216796875,60.61231231689453
260033.jpg,8.324613321572542,0.6265309453010559,0.5045441249314305,0.8844039451908478,6.835968494415283,38.782955169677734,0.910961397804039,0.408333392847253,7.614272117614746,3.645401439542862,13.261792182922363,3.605933427810669,56.85087966918945,0.7590415477752686,1.5962926149368286,0.8762955069541931,0.040858786553144455,13.887146949768066,0.655074274128564,0.005264546116120491,0.3921606242656708,0.48922497034072876,0.5409700257664688,3.661265482188741,13.27899169921875,53.71781539916992
260034.jpg,7.576214734464884,0.6147348284721375,0.4402775897104597,0.904975892304858,7.544888973236084,122.2887191772461,0.94698462392297,0.6264423836049144,7.887391567230225,3.397251693885549,36.41815948486328,12.051502227783203,71.64905548095703,0.8076223134994507,1.65115487575531,0.7454994320869446,0.036818575114011765,14.339330673217773,0.7448245722293779,0.0036922762139276416,0.47605007886886597,0.5813977122306824,0.5914987445316006,3.9147265920309735,37.77313232421875,60.94094467163086
260038.jpg,8.059247829020023,0.5191313624382019,0.5408230091868622,0.8741399655191624,5.195566654205322,58.39046859741211,0.924764604833483,0.44116038757388304,7.390357971191406,3.403388916780541,18.32788848876953,5.538446426391602,50.72909164428711,0.6164271235466003,1.2352054119110107,0.9472560882568359,0.049576535820961,13.04723834991455,0.681023104937422,0.012716689733694614,0.42325037717819214,0.48322004079818726,0.6389562169607678,3.192523770081237,17.51141357421875,53.225975036621094
260041.jpg,7.982631284743547,0.6531276106834412,0.49756966528437147,0.8887843467611861,6.889449119567871,46.7941780090332,0.9091500242967744,0.4164854425955266,7.655759811401367,3.6186364809552227,15.46488094329834,4.39879035949707,58.0239372253418,0.7795459032058716,1.6245925426483154,0.8885078430175781,0.04211675003170967,13.755450248718262,0.7015536568133699,0.003899783486161669,0.3895043730735779,0.47679781913757324,0.5541512871282441,3.506598802717921,12.99237060546875,56.43805694580078
260047.jpg,8.031795997172594,0.5127091407775879,0.6024353088105293,0.8772603905602491,4.881599426269531,50.51041030883789,0.9377420964399793,0.43366336599226596,7.400476455688477,3.699589405729885,14.81483268737793,4.71030330657959,51.01553726196289,0.5620629191398621,1.1209040880203247,0.9310365915298462,0.05394667014479637,12.680354118347168,0.6804669957874716,0.01779467430113563,0.41430583596229553,0.4757992625236511,0.6694013001008524,3.4616351930999834,18.27117919921875,51.706668853759766
260048.jpg,8.289677117019892,0.6174120306968689,0.4381842624548626,0.904612251255878,7.575608730316162,121.54156494140625,0.9471223761552751,0.6226494909756051,7.891741752624512,3.3887827822154737,35.35222244262695,11.903732299804688,71.38764953613281,0.8045628070831299,1.657463550567627,0.7479743957519531,0.03786959499120712,14.217094421386719,0.74046364367299,0.003757614315776398,0.4771444499492645,0.5861521363258362,0.589332740098501,3.675490057258125,37.11883544921875,59.98284149169922
260053.jpg,8.278474830091,0.5727499127388,0.3932465591712546,0.8591520816348254,6.753017425537109,46.82423782348633,0.9027887458359927,0.5199495667063017,7.067667007446289,2.717475470666626,14.084077835083008,4.607285976409912,34.717716217041016,0.5972772836685181,1.7007319927215576,0.8299971222877502,0.022951655089855194,16.391860961914062,0.7441709460226069,0.0031508855070171036,0.41535767912864685,0.43108710646629333,0.6415441690446734,3.418115502355659,23.76287841796875,59.34120559692383
260057.jpg,7.860317748039961,0.6594600081443787,0.4618865025941388,0.8823403689370964,6.913337707519531,42.49191665649414,0.8955496768256208,0.3994908536761457,7.602993965148926,3.352457403329451,14.056779861450195,3.9647655487060547,56.52900314331055,0.7496066093444824,1.6265838146209717,0.8636471033096313,0.04759959876537323,13.223967552185059,0.6763120938089131,0.004990794621917947,0.3796871304512024,0.4631488025188446,0.5369653798747973,3.406462035030061,11.23211669921875,54.637516021728516
260059.jpg,7.877576857805252,0.6131585240364075,0.4514082047701989,0.906600145467995,7.57214879989624,118.85820770263672,0.9475998345150694,0.625122953985823,7.895405292510986,3.4910986740803676,34.57372283935547,11.637048721313477,71.13047790527344,0.8123008012771606,1.6494823694229126,0.7550960183143616,0.035868000239133835,14.452929496765137,0.7452093753864049,0.003688059349264247,0.4771905541419983,0.5829123258590698,0.5942620002552201,3.9623856052550037,39.19598388671875,58.06193923950195
260060.jpg,8.503261029720306,0.523442804813385,0.6256653081196638,0.8780147765860863,4.744797706604004,51.13151168823242,0.944511116795312,0.4335806911168394,7.3780517578125,3.792434595662648,14.579957962036133,4.742922306060791,50.60517120361328,0.5403345227241516,1.0886790752410889,0.9399329423904419,0.058028444647789,12.363591194152832,0.7013413231429148,0.016044037010935232,0.4127200245857239,0.4752143621444702,0.6917018853987289,3.7112108308086453,19.71942138671875,52.958221435546875
260063.jpg,8.164548806846142,0.5214309096336365,0.6074269052887176,0.8776966589144999,5.395170211791992,25.98988151550293,0.9373283630713243,0.38898647185708796,7.427659034729004,3.8944767233004924,9.538904190063477,2.363675355911255,48.22976303100586,0.6349632143974304,1.3996307849884033,0.8969540596008301,0.041500024497509,13.819517135620117,0.5806141107562164,0.011578148713845616,0.39287295937538147,0.5109363794326782,0.5470173037034914,4.1326462748831085,24.71209716796875,48.56203842163086
260064.jpg,8.165172461420298,0.6681222915649414,0.47487397938511317,0.8772535000712331,6.96584415435791,44.01833724975586,0.9014772374456506,0.42442562866954003,7.675324440002441,3.4763638203534253,13.82601261138916,4.0966620445251465,58.84663009643555,0.7262969613075256,1.6271462440490723,0.8587551116943359,0.04864491894841194,13.129626274108887,0.6708853840546045,0.0061096822512131735,0.394046425819397,0.4638967514038086,0.5388695163153818,3.2871830172191516,12.65447998046875,50.86699676513672
260068.jpg,8.16806373372674,0.6136084794998169,0.44742267318600754,0.9036647612486342,7.537886619567871,119.3302001953125,0.9482121062535562,0.6282766735397929,7.885491371154785,3.4503925274120277,35.13364028930664,11.694311141967773,71.17938232421875,0.8059948682785034,1.6426239013671875,0.760822057723999,0.03679298236966133,14.342350959777832,0.7487250933280453,0.0037496396178738796,0.47625476121902466,0.5787627696990967,0.5986433896820778,3.6497158074426803,36.29656982421875,58.73917770385742
260078.jpg,7.684131134301424,0.513756513595581,0.5629006750364801,0.8767926740616667,5.137843132019043,55.7112922668457,0.9286257398346902,0.46411389315460827,7.396602153778076,3.527834208015003,16.080307006835938,5.2212233543396,49.93391418457031,0.6058962345123291,1.1536706686019897,0.9647750854492188,0.04802941158413887,13.184927940368652,0.7086876444760102,0.01540532300149344,0.42954587936401367,0.4739527404308319,0.673321693591386,3.442715673660556,17.64129638671875,53.427642822265625
260084.jpg,8.128790032118559,0.6179689764976501,0.44357253035824107,0.9058868687772453,7.581216335296631,122.90660858154297,0.9495838223333909,0.630596350092398,7.898177146911621,3.4331249315492656,35.97441482543945,12.085850715637207,71.25643157958984,0.8091146945953369,1.6529213190078735,0.7516472339630127,0.03716852515935898,14.298246383666992,0.7466314180321352,0.003645174467241642,0.47838497161865234,0.5856956243515015,0.5956506037970528,3.79885641244948,38.07879638671875,59.812538146972656
260085.jpg,8.316361438483,0.5188907980918884,0.6258108656631257,0.874622703995635,5.137880325317383,32.476959228515625,0.9520511539003689,0.405119737492568,7.318613529205322,3.8977161506035465,12.025677680969238,2.9328908920288086,45.03150939941406,0.5422298908233643,1.29030179977417,0.9610227346420288,0.0467524528503418,13.301956176757812,0.6565946515722917,0.012060363716453245,0.387756884098053,0.4353331923484802,0.6415329549738352,4.027388790976799,21.97772216796875,49.94434356689453
260087.jpg,8.321319106966257,0.6466647982597351,0.4794560793398789,0.8830217800326229,6.941582202911377,38.7928466796875,0.8919078956049168,0.39988150060772065,7.586935520172119,3.482902001779973,12.55489730834961,3.5851027965545654,56.775787353515625,0.7477668523788452,1.6300610303878784,0.83795166015625,0.0470459870994091,13.274774551391602,0.6412888034946714,0.006442048937188325,0.3871102035045624,0.47510528564453125,0.5304161156990496,3.395191354289086,13.98309326171875,55.345184326171875
260091.jpg,7.546538110822439,0.6239350438117981,0.44483882631567034,0.905321732261375,7.538827896118164,127.372314453125,0.949309180057973,0.633308220949027,7.875782489776611,3.4285168756111357,37.03003692626953,12.498138427734375,72.24956512451172,0.801344633102417,1.6560039520263672,0.7462210059165955,0.03945808485150337,14.038640022277832,0.742669123844993,0.0035264957686946597,0.47967037558555603,0.5878655314445496,0.591857180649534,3.748030485061427,37.68865966796875,59.19940185546875
260093.jpg,7.777952998876572,0.6169368624687195,0.4406500216790047,0.9046444177599944,7.5827956199646,113.3514633178711,0.9466904658712487,0.617176418948775,7.898922920227051,3.4110179908249894,33.533443450927734,11.103675842285156,70.6317367553711,0.8088101744651794,1.6590813398361206,0.7512178421020508,0.03676256909966469,14.345941543579102,0.7413077845325424,0.0036392979130042886,0.474744975566864,0.5767876505851746,0.589783986574345,3.5402882548662196,34.29803466796875,57.043846130371094
260094.jpg,7.786558974534273,0.5161344408988953,0.6487433317684734,0.8759603167373852,5.159777641296387,26.730432510375977,0.9521580904205162,0.4220417180251131,7.4367170333862305,4.085957922268635,9.733613014221191,2.4035394191741943,49.068809509277344,0.5881986021995544,1.3914817571640015,0.9681985378265381,0.044163890182971954,13.54932689666748,0.602170936078616,0.012648129689595947,0.4066603481769562,0.508482813835144,0.6072649536126067,4.310102823064538,29.40301513671875,50.11882019042969
260097.jpg,7.771751541644335,0.5121666789054871,0.6813623222240368,0.8757673064572408,4.852270603179932,29.334320068359375,0.9621707757061444,0.40551152689074393,7.335672378540039,4.1522151023320415,11.520318984985352,2.6396539211273193,44.2742805480957,0.557128369808197,1.2846089601516724,0.997404932975769,0.046038951724767685,13.368745803833008,0.6625522861014879,0.011389300997292764,0.390534907579422,0.4533899128437042,0.6697191184474094,4.574910310419379,26.48406982421875,50.37437438964844
260104.jpg,7.950528148561716,0.5268800258636475,0.6126890050446879,0.8736543016377596,5.2781195640563965,35.05929946899414,0.9491350049065752,0.41882434247086037,7.384710311889648,3.8791996293772915,12.749853134155273,3.189141035079956,46.72055435180664,0.5498857498168945,1.3112125396728516,0.9875005483627319,0.04793891683220863,13.193119049072266,0.6694667538335838,0.011688162737265233,0.3939472734928131,0.45259231328964233,0.6451567166977289,3.909882250003329,20.52655029296875,47.9169921875
260108.jpg,7.539466176182032,0.5171632170677185,0.6112528232720787,0.8756027746922906,5.455435752868652,26.6064453125,0.9355728642427197,0.40224734231056436,7.437800407409668,3.9405249155115776,9.513351440429688,2.4205615520477295,49.55091857910156,0.5985556840896606,1.3622937202453613,0.9064615368843079,0.042421117424964905,13.7241792678833,0.5884234045875967,0.011769579812377385,0.3978514075279236,0.5052034854888916,0.5566846997939443,4.205745298330044,24.08905029296875,45.04588317871094
260113.jpg,7.404221031814814,0.5670996904373169,0.543590441993684,0.8678738273922122,6.065499782562256,24.60574722290039,0.9280894393068966,0.40141631642781966,7.315813064575195,3.6369866048100103,8.20776653289795,2.3203248977661133,41.76789474487305,0.4791927933692932,1.619631290435791,0.8367985486984253,0.039288900792598724,14.057302474975586,0.5810573289965933,0.011593025844425914,0.3820522725582123,0.4261389970779419,0.5465033196429773,3.329924155296802,11.92596435546875,41.75468063354492
260117.jpg,7.6525198221206665,0.6530501246452332,0.48673603453650244,0.8764323842452254,6.832647323608398,37.26942443847656,0.894845543175997,0.3884815670403533,7.591650485992432,3.5104216862548547,12.333144187927246,3.426872730255127,56.823123931884766,0.7098246812820435,1.6021640300750732,0.837880551815033,0.052189964801073074,12.824130058288574,0.6300289071931114,0.00783359829108837,0.375225305557251,0.46406280994415283,0.5252339552200481,3.5698454700326194,14.06707763671875,55.663421630859375
260122.jpg,7.860528852790594,0.5270922183990479,0.6452320700488492,0.8781423044027828,4.7185773849487305,46.3840446472168,0.944171014485948,0.43173486393570565,7.426172256469727,3.9181029241613263,13.336626052856445,4.292562961578369,51.46550369262695,0.5331685543060303,1.0657953023910522,0.9593096375465393,0.05982201546430588,12.231389045715332,0.6926201143887957,0.015917455084970764,0.413327693939209,0.47767695784568787,0.70200821238071,3.7620234401112818,19.08367919921875,51.90094757080078
260123.jpg,7.522765506058931,0.6181450486183167,0.4390855752336409,0.9056261604332917,7.598763465881348,123.341552734375,0.9474438579840978,0.624492220935571,7.906854629516602,3.4041546672169165,36.44641876220703,12.145094871520996,71.6979751586914,0.8092111349105835,1.6567084789276123,0.7496569156646729,0.03770643472671509,14.235845565795898,0.7458160390366942,0.003681161263262685,0.4798239469528198,0.5871956944465637,0.5907323576721877,3.845495305422924,38.22918701171875,59.91122817993164
260130.jpg,8.013024598360062,0.6163219809532166,0.44465106161755735,0.9041142301845488,7.564136505126953,116.3293228149414,0.9479660136880428,0.6231784696717518,7.898174285888672,3.4376745826106685,34.50350570678711,11.413296699523926,70.40678405761719,0.8061606884002686,1.6556586027145386,0.7529221177101135,0.03679782152175903,14.341779708862305,0.7425139246142758,0.0035873945381709985,0.47645047307014465,0.5821318030357361,0.5938241047381922,3.7640936350442518,36.75213623046875,60.572811126708984
260134.jpg,8.0074717476964,0.6110967397689819,0.4427102314707477,0.904149712544555,7.5217766761779785,121.07036590576172,0.9475813973901661,0.6299166659201275,7.885985374450684,3.4105950331975734,35.691158294677734,11.911018371582031,71.61724853515625,0.807396411895752,1.641860008239746,0.7535626292228699,0.0372658334672451,14.286890983581543,0.7469143435659282,0.0035867686296102426,0.47649234533309937,0.5815640091896057,0.5963886493503036,3.9554768208914712,37.38836669921875,59.898773193359375
260135.jpg,7.4052263759076595,0.5225419402122498,0.676125473609433,0.877267716660367,4.866266250610352,29.552555084228516,0.9613492133096151,0.4023808674506955,7.3365068435668945,4.125315083781162,10.996624946594238,2.6402642726898193,45.21864318847656,0.5672422051429749,1.248712420463562,0.9709805250167847,0.04871154576539993,13.123682022094727,0.6568736222444282,0.012830529443995936,0.38898470997810364,0.4570980668067932,0.6641543064539225,4.533544394024615,26.04412841796875,50.51817321777344
260138.jpg,7.780456211417913,0.5309354662895203,0.4176508861244678,0.8792689371165627,6.300430774688721,66.9009017944336,0.9037733534630501,0.4760670163749902,7.528907299041748,2.8879255300477737,22.477407455444336,6.421334743499756,52.0920524597168,0.7308944463729858,1.5627686977386475,0.875251829624176,0.031825948506593704,14.972187042236328,0.7485842892756271,0.0045324041411541754,0.4169163703918457,0.5204629302024841,0.6005816030663133,3.6791812650671605,23.49139404296875,54.62644958496094
260141.jpg,8.069822564721107,0.47657060623168945,0.5956803849070603,0.8887260296028845,5.90181303024292,20.21101188659668,0.9266346841282023,0.4256554106211187,7.122993469238281,3.8793215483715233,5.826143264770508,1.8720821142196655,47.003204345703125,0.7076460719108582,1.3345460891723633,0.8258692026138306,0.02396264672279358,16.204652786254883,0.5614557286733596,0.010898103022934017,0.3894844651222229,0.4537097215652466,0.5238657736065984,4.0553423735350185,13.78924560546875,47.08707809448242
260146.jpg,7.847550053149462,0.61846524477005,0.44329774101086517,0.9041202274773761,7.574943542480469,111.98311614990234,0.9463452571701269,0.6212827332294202,7.885096549987793,3.4267086078180817,33.536231994628906,10.955047607421875,70.29134368896484,0.8046889305114746,1.650299310684204,0.7582711577415466,0.03660909831523895,14.364109992980957,0.7330965346499363,0.003899749345044254,0.478243887424469,0.5817878842353821,0.5870056979281287,3.51234071242834,35.44647216796875,57.057762145996094
260147.jpg,7.468350403010845,0.6187789440155029,0.43343477939399666,0.9034068342178685,7.566980361938477,122.85786437988281,0.9452443860637763,0.6210339672766659,7.900669097900391,3.3521166854114224,36.18703079223633,12.07597541809082,71.61283111572266,0.8027042150497437,1.6597033739089966,0.744441568851471,0.03863068297505379,14.13067626953125,0.7430161447077112,0.0038421946498938867,0.4763278365135193,0.5829061269760132,0.585815897504817,3.612021149408528,37.71844482421875,59.32645034790039
260148.jpg,7.818462956696749,0.5237523317337036,0.6129091836225438,0.8750842199334679,5.457212448120117,26.739913940429688,0.9415641412112983,0.39837324574009503,7.466273307800293,3.9604729100422595,9.851006507873535,2.4321236610412598,49.54792404174805,0.6190869808197021,1.4435620307922363,0.8930249214172363,0.043717093765735626,13.593487739562988,0.5850767987000141,0.011781789353099323,0.39828160405158997,0.5068479776382446,0.5504150138019677,4.11404488274779,26.88055419921875,47.551513671875
260157.jpg,7.334891874343157,0.5206038355827332,0.6212969145850089,0.8740420753989097,5.172323226928711,33.433837890625,0.9510459682107787,0.4034549606426274,7.369602680206299,3.8961413497786275,12.737067222595215,3.0297956466674805,45.88808822631836,0.5642969608306885,1.3465852737426758,0.9450973272323608,0.046649686992168427,13.311511993408203,0.6527780401644284,0.011335592461584044,0.387454092502594,0.45013687014579773,0.6266392528742233,4.151977512702625,19.83026123046875,49.70465850830078
260164.jpg,7.3347274996340275,0.5146423578262329,0.5466178739293699,0.8745862786539625,5.194884777069092,58.6965446472168,0.9239897244043199,0.45162298736790496,7.41348123550415,3.4459892911767067,18.116350173950195,5.561548233032227,50.18463134765625,0.6279405355453491,1.249264121055603,0.9730210304260254,0.047955021262168884,13.191659927368164,0.6884581023916397,0.01228285045539531,0.4296215772628784,0.48469120264053345,0.6522579675066278,3.3460426830381205,19.40887451171875,53.564788818359375
260166.jpg,7.952501021325588,0.5199007987976074,0.6418303444018864,0.8778037799086857,4.772139072418213,44.955013275146484,0.9439612155047978,0.43011891181529444,7.372920036315918,3.8975457030113585,12.996230125427246,4.155551433563232,49.728294372558594,0.53755784034729,1.0925477743148804,0.969529390335083,0.055087633430957794,12.589459419250488,0.6957939176984369,0.016138664128628324,0.4117790460586548,0.47681161761283875,0.7024125449304484,3.723329608051789,19.96112060546875,50.327491760253906
260169.jpg,7.435052305459976,0.5242096185684204,0.6267344104882075,0.8750890407624002,5.36025333404541,25.96114158630371,0.9442749700720082,0.3999537747735262,7.456026077270508,4.016213219119708,9.554804801940918,2.3512818813323975,49.71715545654297,0.6074708104133606,1.4410438537597656,0.9174124002456665,0.04523451626300812,13.445301055908203,0.5848897822948365,0.012585694182412083,0.3995196223258972,0.5046889185905457,0.5647921872306643,4.190451912497694,27.57830810546875,48.809814453125
260170.jpg,7.775135960429907,0.5244569778442383,0.6389762346846081,0.8746043431458728,5.294920444488525,25.776586532592773,0.948475856866835,0.4023543050623379,7.433450698852539,4.0665752521402965,9.601309776306152,2.331956624984741,48.20164108276367,0.607597827911377,1.4557219743728638,0.912713348865509,0.0444895438849926,13.51742172241211,0.58608168991208,0.01228470431520221,0.40017634630203247,0.5051437020301819,0.5663106697057878,4.2394334605209725,27.75604248046875,49.726470947265625
260172.jpg,7.782826736569405,0.6161589026451111,0.43916952537353465,0.9042437724670573,7.571939468383789,120.08631896972656,0.9470882862257156,0.6256443290847579,7.902268886566162,3.397908409915045,35.39008331298828,11.810368537902832,71.02677154541016,0.8064669370651245,1.6589043140411377,0.7471108436584473,0.037453748285770416,14.265047073364258,0.7455384947476138,0.003587129164644742,0.4747556447982788,0.5790087580680847,0.5924426515038809,3.826236525024196,37.17694091796875,60.13728332519531
260173.jpg,7.7995545119047165,0.5201346278190613,0.6376169368150248,0.8763507658533555,5.227634429931641,24.1271915435791,0.9468094576859862,0.3961486627623765,7.401089668273926,4.026155943063582,9.18828010559082,2.1809911727905273,47.77816390991211,0.6078203916549683,1.3980168104171753,0.9168835282325745,0.04206174612045288,13.761128425598145,0.5766654123816369,0.011675259252623948,0.39655226469039917,0.503966212272644,0.5601949445916788,4.3698534934352935,27.31610107421875,48.152366638183594
260179.jpg,7.498130816966295,0.6164039373397827,0.4263994176094182,0.9001932615715764,7.534354209899902,120.00592041015625,0.9455340489259805,0.6219587588927862,7.882290363311768,3.286831920772734,35.57936096191406,11.774748802185059,71.19361877441406,0.7953848242759705,1.6470403671264648,0.7462029457092285,0.03885715827345848,14.105290412902832,0.7417672442374691,0.003966451366340678,0.47362229228019714,0.5787904858589172,0.5899356286511724,3.914574258605455,38.78387451171875,60.156673431396484
260185.jpg,8.056749034672976,0.6162851452827454,0.4381869954003674,0.9030616338700175,7.558686256408691,122.552978515625,0.9477454748770449,0.6283366769242672,7.9000563621521,3.386918190805197,36.19350814819336,12.073241233825684,70.96553802490234,0.8027953505516052,1.6519381999969482,0.7488466501235962,0.03787772357463837,14.216161727905273,0.7471199281025251,0.0037846669789468874,0.47737690806388855,0.5832247138023376,0.5947052690463007,3.872753509222441,37.71063232421875,61.444908142089844
260186.jpg,8.08298597484827,0.6212588548660278,0.4267007190931627,0.9015396146355366,7.553978443145752,124.88496398925781,0.9447073109006617,0.6189399010640056,7.888980865478516,3.294768579456994,36.99349594116211,12.263147354125977,71.5132064819336,0.7942318916320801,1.6598742008209229,0.7368588447570801,0.039444200694561005,14.040168762207031,0.7384534747305171,0.003830153739884043,0.47540047764778137,0.5831854343414307,0.5812227832186689,3.425891988770683,36.72918701171875,58.74190139770508
260188.jpg,7.715376928448677,0.6088051795959473,0.4504794492621772,0.9089609581118704,7.563451766967773,120.47883605957031,0.9475533249718359,0.6250018107304797,7.887460708618164,3.480167460623383,35.95393753051758,11.87735652923584,71.79957580566406,0.8202300667762756,1.6467552185058594,0.7446531653404236,0.034376729279756546,14.63735580444336,0.7439915444500228,0.0037129513620476375,0.47624775767326355,0.5804217457771301,0.590556885678175,3.9562624825250325,37.61151123046875,61.28041076660156
260191.jpg,7.642734806984663,0.550717294216156,0.48489754618540276,0.8916650850739374,6.700991630554199,48.15228271484375,0.9366061570105386,0.5199419447667688,7.371160507202148,3.4117849767995008,17.667320251464844,4.514703273773193,62.09538269042969,0.7747356295585632,1.6110707521438599,0.890657901763916,0.028586704283952713,15.438360214233398,0.6792432449783683,0.004757092422019338,0.42874255776405334,0.5059025287628174,0.5883485781202036,3.8054000335418143,11.13006591796875,50.36043930053711
260192.jpg,7.3809180818498135,0.5006880760192871,0.5480910466217385,0.8905543367663752,6.1626973152160645,26.68340492248535,0.9186416515251763,0.43679764151067035,7.166548728942871,3.65283029946138,9.00011157989502,2.5008180141448975,47.29340744018555,0.7435296773910522,1.4083528518676758,0.7956308126449585,0.02365286275744438,16.26116371154785,0.5999022148389971,0.01231324844059621,0.39332830905914307,0.45668935775756836,0.5224051713986638,3.567703604133967,11.53631591796875,50.1748161315918
260194.jpg,7.598668202757835,0.6738107800483704,0.4597940959674895,0.8813970684958384,7.029879093170166,43.74226760864258,0.8900373006028137,0.4258644760863544,7.623469352722168,3.3687701109768415,13.752434730529785,4.085392475128174,57.39213562011719,0.745384156703949,1.6344047784805298,0.8138320446014404,0.043749455362558365,13.5902738571167,0.6626415461465194,0.005688890062684268,0.3956274390220642,0.46579352021217346,0.5284737018912136,3.234373217205499,13.68817138671875,56.568626403808594
260195.jpg,7.937408857047558,0.5163488388061523,0.6037016390967548,0.8752136472048878,5.422534942626953,25.360095977783203,0.9374729025949311,0.3867869467468624,7.415155410766602,3.8750784725926106,9.301178932189941,2.3048102855682373,47.321712493896484,0.6300225257873535,1.4421240091323853,0.8828467130661011,0.03936413675546646,14.048994064331055,0.5774653813092316,0.011707619397102442,0.39167314767837524,0.5045558214187622,0.5388241580506485,4.195199451031467,26.05194091796875,48.96124267578125
260198.jpg,7.609909065067768,0.6191534996032715,0.43906504727060297,0.9039104833603562,7.575491905212402,122.71577453613281,0.9474226595386377,0.6247622483328785,7.904326438903809,3.398331586602227,36.32023620605469,12.081649780273438,71.37216186523438,0.803809642791748,1.6548290252685547,0.7522487044334412,0.03830037638545036,14.167970657348633,0.7443655546085534,0.0037293624351034424,0.4775656461715698,0.5870516300201416,0.5910695912348245,3.7244213181395107,38.10369873046875,59.72096633911133
260199.jpg,7.4534229300916195,0.5808191299438477,0.43242729995423895,0.8781810583780724,6.98807954788208,88.34645080566406,0.9307051676715306,0.552354403393262,7.740905284881592,3.1846153703124127,28.24880599975586,8.84771728515625,59.057472229003906,0.7258163690567017,1.5184617042541504,0.885149359703064,0.03617101535201073,14.416393280029297,0.7627768606776316,0.004611151608425893,0.4387975335121155,0.4714619517326355,0.5795987938971507,3.3079930211186146,26.82830810546875,58.837852478027344
260201.jpg,7.479655522853136,0.6125337481498718,0.4473330193570767,0.9069590657821116,7.556387901306152,120.52064514160156,0.9469723588615285,0.6311875606759791,7.889285087585449,3.4546882472081446,35.20440673828125,11.810940742492676,71.55048370361328,0.8145396709442139,1.655159592628479,0.7561866044998169,0.03564953804016113,14.479461669921875,0.7440219964198113,0.0035770492598499967,0.47829973697662354,0.5841777324676514,0.5968399645901555,3.9746240832259154,37.47430419921875,59.36967849731445
260202.jpg,7.838291883468628,0.5146664977073669,0.5673992874968944,0.876138742669175,4.996011734008789,54.221832275390625,0.9173650596788635,0.4264983158775737,7.398305892944336,3.5162739268161314,16.785669326782227,5.118936538696289,51.77431869506836,0.5923471450805664,1.1596788167953491,0.9395582675933838,0.05261705070734024,12.788735389709473,0.6753324257965934,0.016161810599622444,0.4137417674064636,0.4855053722858429,0.6504349532708271,3.203080801735044,18.15740966796875,53.723941802978516
260207.jpg,7.825261168181896,0.5178589224815369,0.537013922660422,0.8760267010129592,5.233047008514404,62.64398193359375,0.9268414076649582,0.4600691172571438,7.417614936828613,3.3968007503020967,18.401613235473633,5.924941539764404,51.24549102783203,0.6180647611618042,1.2033870220184326,0.9445947408676147,0.04915015026926994,13.08475112915039,0.7089076146765447,0.015208593352755996,0.4299667477607727,0.4804559350013733,0.6501859526937183,3.207833399208598,16.72625732421875,54.22712326049805
260208.jpg,7.901465605944395,0.5162779688835144,0.6505349555058967,0.8785159649342578,4.674398899078369,47.66402816772461,0.9464923281826807,0.43665635758503063,7.389270782470703,3.923931467259429,13.476143836975098,4.405364036560059,50.412776947021484,0.5457677841186523,1.0570043325424194,0.9679173231124878,0.05644836276769638,12.483487129211426,0.7044807988608973,0.015510513453568235,0.4161941409111023,0.47570914030075073,0.712320633314417,3.696753118344296,20.08319091796875,49.52887725830078
260213.jpg,7.6750821731984615,0.647681713104248,0.501118368516143,0.8883006179653021,6.881628513336182,37.90607833862305,0.898352046060386,0.40136788660202516,7.598478317260742,3.6281328233170917,12.54288101196289,3.5070290565490723,58.090702056884766,0.7721707820892334,1.6172490119934082,0.8806854486465454,0.04377109929919243,13.588125228881836,0.6624086288684637,0.005167031287274926,0.3848015367984772,0.4802197813987732,0.5496415621562649,3.5409372579728453,14.71063232421875,56.19799041748047
260215.jpg,7.848642971366644,0.6118072271347046,0.42754952871909163,0.9026578683848374,7.558358192443848,118.73259735107422,0.9445744863686294,0.6200444621275626,7.89517879486084,3.3035840911668704,35.17905807495117,11.693143844604492,70.3042221069336,0.8052212595939636,1.662304162979126,0.7419491410255432,0.036257993429899216,14.405961990356445,0.7455897623428117,0.0037834128125293987,0.47352537512779236,0.576049268245697,0.5883374524440264,3.8353956408629806,37.72576904296875,60.183143615722656
260219.jpg,7.795927308499813,0.5283692479133606,0.6445701962241648,0.8778787767361846,4.7454833984375,46.75385665893555,0.9450348936013052,0.43688831770402925,7.434296607971191,3.925373781047835,13.663008689880371,4.334430694580078,51.71775436401367,0.5367735028266907,1.0785547494888306,0.9611033201217651,0.059664178639650345,12.242862701416016,0.6937639981063792,0.015647480394758436,0.41559913754463196,0.47837284207344055,0.702656724170575,3.7658666374225676,19.23944091796875,51.40060043334961
260220.jpg,7.974758263677359,0.5203089118003845,0.6228266577535032,0.8758822334160905,5.354128837585449,24.931379318237305,0.9431064783732886,0.3938063906875641,7.415311813354492,3.9765853459977407,9.197769165039062,2.2580878734588623,47.828800201416016,0.6307786107063293,1.4306375980377197,0.9093359708786011,0.04104309529066086,13.867599487304688,0.5802514163859163,0.01136311817001371,0.3955034017562866,0.508497416973114,0.5545751674757574,4.2667771548474915,27.72528076171875,48.32818603515625
260224.jpg,7.943046469241381,0.6195957064628601,0.4399572144848731,0.9045165313749908,7.57473087310791,121.46504211425781,0.9477195256899114,0.6272298716703925,7.898825645446777,3.403859569335312,35.33442687988281,11.916644096374512,70.87957763671875,0.8059868812561035,1.6565512418746948,0.7510641813278198,0.03745479881763458,14.264925003051758,0.7455335128254508,0.003611450101431134,0.47725850343704224,0.5838457942008972,0.5949252107808914,3.721026648776971,39.06561279296875,59.29525375366211
260226.jpg,7.859495028853416,0.5246123671531677,0.6417332276425747,0.8778454459369621,4.757469177246094,48.13839340209961,0.947770077894325,0.4300879513205847,7.424683094024658,3.9088575260110243,13.984694480895996,4.4496355056762695,50.333168029785156,0.5416977405548096,1.152536153793335,0.9698351621627808,0.0579107366502285,12.372408866882324,0.7054470471995842,0.016940952239153446,0.4119925796985626,0.4858010411262512,0.7018027905011033,3.6445539461039282,20.05438232421875,53.205352783203125
260239.jpg,7.838773187249899,0.6189308166503906,0.45602810558299745,0.9088315371064363,7.577589511871338,123.4017105102539,0.950325674160656,0.6363125696335561,7.893866539001465,3.5277176536168238,35.921329498291016,12.113593101501465,72.26051330566406,0.8156335353851318,1.6509976387023926,0.7537018060684204,0.0372186154127121,14.292398452758789,0.7506100182381157,0.0032729056431585785,0.4787929654121399,0.5822295546531677,0.6007144649773607,4.058856393773317,40.13983154296875,59.49212646484375
260242.jpg,7.872067645192146,0.6144787073135376,0.4545238061524737,0.9085218025169649,7.589801788330078,118.5137710571289,0.9492021203374036,0.6283662153734968,7.902439117431641,3.520804645422384,34.56175994873047,11.614219665527344,71.23260498046875,0.8180772066116333,1.65846848487854,0.7585155367851257,0.03587178885936737,14.452468872070312,0.7445461429964136,0.0034963072055084134,0.47885575890541077,0.5839275121688843,0.5989339721152195,3.745960475542437,38.74285888671875,61.45205307006836
260248.jpg,7.848622962832451,0.6111969351768494,0.4491499111836107,0.9069275393512857,7.551248073577881,121.8831787109375,0.9487701569556064,0.6320305383067883,7.892265796661377,3.4682345880024172,35.681236267089844,11.970349311828613,71.88484954833984,0.8138171434402466,1.6481544971466064,0.7542139291763306,0.03649147227406502,14.37808609008789,0.7487723507887577,0.0034847218052335154,0.4766402840614319,0.5807073712348938,0.5996623709675963,4.046723654787348,40.69549560546875,59.263427734375
260252.jpg,7.9206995368003845,0.6112304925918579,0.45142084879400507,0.908012056651297,7.55419921875,121.2824935913086,0.9488905598808896,0.633916207608284,7.891593933105469,3.4862850193343995,35.091495513916016,11.87199592590332,71.44189453125,0.8162342309951782,1.6533067226409912,0.7579619884490967,0.035367291420698166,14.513982772827148,0.745109131809668,0.003525011079610726,0.4792623519897461,0.5878614783287048,0.6005674424684488,3.988833845745274,39.51043701171875,58.45658874511719
260260.jpg,7.895792223513126,0.5181782841682434,0.5689354357272542,0.8769816264640835,5.541508674621582,28.711933135986328,0.9218642497215094,0.391436461833456,7.424206733703613,3.6883381062601206,10.119879722595215,2.6286213397979736,48.899051666259766,0.6554320454597473,1.454134225845337,0.8810036182403564,0.04091545194387436,13.881126403808594,0.5929968362354885,0.01126131043228226,0.39164990186691284,0.5163658261299133,0.543344995614208,4.1123341495949735,30.90399169921875,47.32270431518555
260261.jpg,7.997536078095436,0.5225750803947449,0.6727610231845851,0.8764051717908243,5.176591873168945,23.019514083862305,0.9527951644206555,0.3977657010798621,7.393623352050781,4.228387682544531,8.673261642456055,2.0666093826293945,47.397605895996094,0.6193823218345642,1.4230090379714966,0.9458742141723633,0.04360766336321831,13.604372024536133,0.5770421610808826,0.012280679894398544,0.3988490104675293,0.505354106426239,0.5815745312604695,4.6103101401436355,32.06170654296875,46.86450958251953
260263.jpg,8.000002730637789,0.6123935580253601,0.43433108493733075,0.9024521184064951,7.529876232147217,117.37287902832031,0.9447996345707719,0.6176426263016469,7.876456260681152,3.3457326275340336,34.66218566894531,11.484671592712402,70.72407531738281,0.802064061164856,1.6559832096099854,0.7581002712249756,0.036630649119615555,14.361554145812988,0.736818875615613,0.0038010989932128875,0.4786861538887024,0.5865127444267273,0.5858406998327719,3.5012687199280608,33.36395263671875,58.375667572021484
260272.jpg,7.9384545385837555,0.5581960678100586,0.5171775183478386,0.8984733466805859,6.838310241699219,41.00265121459961,0.9391391067850727,0.49929407386282265,7.3958635330200195,3.6808067933046384,15.158919334411621,3.825145721435547,62.481422424316406,0.8023897409439087,1.6200294494628906,0.903457760810852,0.026832085102796555,15.713455200195312,0.6706204500268234,0.004719816139476657,0.42501100897789,0.5015655755996704,0.5838894369045914,3.740856626748551,10.36492919921875,49.82251739501953
260275.jpg,7.9171450808644295,0.5231826901435852,0.6461368025808352,0.8764161503218482,5.272082328796387,24.107383728027344,0.9466532741487053,0.39324455354507154,7.446961879730225,4.109132966390941,9.146657943725586,2.1761491298675537,49.346221923828125,0.6214200258255005,1.4008480310440063,0.9327042102813721,0.04439201578497887,13.52695083618164,0.5804295497716752,0.011767654314350656,0.3950435519218445,0.5076369643211365,0.5697229500914346,4.418848054087046,28.85272216796875,47.498268127441406
260282.jpg,7.982174452394247,0.5242366194725037,0.6294313847432595,0.8761800000086838,5.319370269775391,24.002029418945312,0.943370294887842,0.3890634605340754,7.416774272918701,4.008275888838535,8.649296760559082,2.1711461544036865,47.72496032714844,0.6271685361862183,1.43598473072052,0.9095234870910645,0.04240771755576134,13.72555160522461,0.5715949723797077,0.012373611382317254,0.3941383957862854,0.5076714754104614,0.5551931994026387,4.267460129972162,28.74334716796875,48.04621124267578
260284.jpg,7.956747956573963,0.6387222409248352,0.4604872580262686,0.8844845047027345,7.112652778625488,44.48438262939453,0.9038787882959938,0.431157542839571,7.686315059661865,3.407376647143204,14.203285217285156,4.148413181304932,58.07309341430664,0.7613388299942017,1.647903561592102,0.814225435256958,0.04167304188013077,13.801448822021484,0.6609524666446936,0.005360662814748453,0.39742210507392883,0.46552568674087524,0.5210846338951438,3.0988559514006644,14.50506591796875,53.629432678222656
260287.jpg,7.939675960689783,0.5262542963027954,0.622166755805488,0.8756235474827317,5.316585063934326,26.41111183166504,0.9438779475015278,0.39825286922161746,7.445682048797607,3.970140770782896,9.756946563720703,2.390867233276367,48.539520263671875,0.6158236265182495,1.4440031051635742,0.8887815475463867,0.04424658790230751,13.541202545166016,0.5773887395090701,0.013153790778092565,0.39829081296920776,0.5096818804740906,0.5505944299288138,4.2247774532155935,26.99383544921875,47.846954345703125
260290.jpg,7.966632407158613,0.6164076924324036,0.4410969533324798,0.9043023311365094,7.56973934173584,121.9510498046875,0.9477369686459349,0.6287968235460044,7.901430606842041,3.412151277156834,35.475990295410156,11.982245445251465,71.27389526367188,0.8062587976455688,1.653843641281128,0.750236451625824,0.03790776804089546,14.21271800994873,0.7479059288785339,0.0037099833278260506,0.47573935985565186,0.5814712643623352,0.5969615589872024,3.865586806636764,39.39666748046875,61.07496643066406
260298.jpg,7.740395616739988,0.5230762362480164,0.6422107535911515,0.8783602055264856,4.728246212005615,45.042423248291016,0.9448504080965545,0.42753060600329484,7.393788814544678,3.8924625569163993,12.8638334274292,4.158685207366943,50.750999450683594,0.5335639715194702,1.0596081018447876,0.9629544019699097,0.05802750587463379,12.36366081237793,0.691847556608802,0.016227235616233234,0.4115579426288605,0.4751244783401489,0.7018457799133188,3.6917334085622486,21.45281982421875,50.12016677856445
260301.jpg,7.757551558315754,0.6545559167861938,0.4681455621189738,0.8797491697976381,6.96511697769165,39.6355094909668,0.884740059202501,0.39749658208591737,7.601534366607666,3.4096654417152994,12.849363327026367,3.678941488265991,57.499114990234375,0.7298358678817749,1.626081943511963,0.8365687131881714,0.05010411515831947,13.001266479492188,0.6556486350528977,0.006256507584411969,0.38147714734077454,0.4579050540924072,0.5375563737065295,3.3956577778175343,12.92889404296875,57.49935531616211
260304.jpg,7.88969836384058,0.5190211534500122,0.6562089442134902,0.8783135958807988,4.674596309661865,44.253204345703125,0.9462289953965718,0.425872864191316,7.3648786544799805,3.9502177789836566,12.705620765686035,4.0858378410339355,50.12732696533203,0.5376867651939392,1.066454291343689,0.9758118391036987,0.057136278599500656,12.430879592895508,0.6959404707314868,0.01580675455182102,0.4119277000427246,0.4742516875267029,0.7102417362336996,3.8220595038801304,20.51239013671875,50.37532424926758
260306.jpg,7.928732223808765,0.6161781549453735,0.4588905844610402,0.9098580616065891,7.5805463790893555,122.0176773071289,0.9498764463292839,0.6359908256682153,7.892959117889404,3.55033137810239,35.60779571533203,12.021242141723633,72.28172302246094,0.8196457624435425,1.6488635540008545,0.7532303929328918,0.03651279956102371,14.37554931640625,0.7492583479237864,0.0033975718572324203,0.47836217284202576,0.5823948383331299,0.5994354129871721,4.020904714170893,38.83123779296875,60.2156982421875
260307.jpg,7.964537750929594,0.6187842488288879,0.44395441791251866,0.9057929520406859,7.602337837219238,123.8305435180664,0.9481487645805791,0.626363716806908,7.906619548797607,3.4426430601949427,36.47713088989258,12.195178985595703,71.56773376464844,0.808117151260376,1.65505051612854,0.7471407651901245,0.0375763401389122,14.250855445861816,0.7487628601623386,0.003688442000362817,0.4764602780342102,0.5822216272354126,0.5924464489923723,3.8718867506650736,38.74969482421875,59.070255279541016
260312.jpg,7.964202526956797,0.5261957049369812,0.6130567115388008,0.8772290890425727,4.911667346954346,50.54487228393555,0.9407232565138538,0.4481107329633945,7.412839889526367,3.777822420287851,14.81624984741211,4.6997504234313965,52.05058670043945,0.5640783905982971,1.1253397464752197,0.9376262426376343,0.05759904161095619,12.39584732055664,0.6977316386572384,0.015626273375457418,0.41976436972618103,0.48013830184936523,0.684948938225952,3.7067996142249635,17.82781982421875,50.85533142089844
260316.jpg,7.862050302326679,0.5223227143287659,0.6516781857008618,0.8781018667848725,4.800744533538818,48.288360595703125,0.9516797445576984,0.45966293375728784,7.390512466430664,3.9724000069112506,13.950423240661621,4.44895601272583,50.372859954833984,0.5505875945091248,1.1198421716690063,0.9715403318405151,0.05509801208972931,12.588640213012695,0.7225631965436545,0.014801368612285887,0.419497013092041,0.47875529527664185,0.715219464555419,4.013378837731501,21.65594482421875,52.565696716308594
260318.jpg,7.852486778050661,0.5192954540252686,0.6443125363238525,0.8783294549142981,4.748878002166748,45.25212478637695,0.9466769565207038,0.43434575324985475,7.384138107299805,3.90873911931509,12.998149871826172,4.177507400512695,49.81031036376953,0.5537278652191162,1.0803258419036865,0.9582343101501465,0.05561058968305588,12.548423767089844,0.6938467483883016,0.01598965476341387,0.41427502036094666,0.47339966893196106,0.7017185711694457,3.787411781225952,19.95379638671875,52.45748519897461
260324.jpg,8.022065050899982,0.6228607296943665,0.5195677126285217,0.8928608595501875,6.8554487228393555,44.31035232543945,0.9245513669030943,0.413505302262175,7.679385185241699,3.7759246325410167,16.428560256958008,4.174839973449707,60.662803649902344,0.7938319444656372,1.6343036890029907,0.8883501887321472,0.039956510066986084,13.984125137329102,0.6888480494437376,0.0038385743779837216,0.3924868702888489,0.4928249716758728,0.5476243590867267,3.5117316475326046,13.31414794921875,54.287864685058594
260325.jpg,8.039549302309752,0.6124246120452881,0.4417485606834767,0.9070676270926534,7.593393325805664,120.27503967285156,0.9451148696655584,0.6160928167604773,7.890308380126953,3.419959666151531,35.78044509887695,11.840096473693848,71.88748168945312,0.8148964047431946,1.647440791130066,0.7387040257453918,0.03511440008878708,14.545146942138672,0.7401484195201539,0.003943943340300592,0.47497794032096863,0.57766193151474,0.5823992242251661,3.710129914233233,37.55877685546875,58.29277801513672
260326.jpg,7.856122761964798,0.5561172962188721,0.5523037748041502,0.8668031072228239,5.985457420349121,21.313154220581055,0.9356732497054319,0.404221383233789,7.070244312286377,3.605366642496163,7.2317070960998535,1.9885101318359375,36.99457550048828,0.5378745794296265,1.6001150608062744,0.8491177558898926,0.030267436057329178,15.1902437210083,0.5921435699463913,0.00882801860550478,0.3716844916343689,0.4157329499721527,0.5532640949463817,3.6984705881588353,13.62713623046875,43.688194274902344
260332.jpg,7.875828940421343,0.5192744135856628,0.6766903075309451,0.877260113762466,4.907474994659424,31.5722599029541,0.9606485526328836,0.40915010681540753,7.342823028564453,4.144841217204705,11.972014427185059,2.8319547176361084,45.4769401550293,0.5838794112205505,1.2798984050750732,0.9815820455551147,0.0476871132850647,13.21599006652832,0.6669126602509804,0.012951067929970557,0.3907241225242615,0.460062175989151,0.6678258750477143,4.432592333729125,26.24041748046875,52.21905517578125
260333.jpg,7.780706211924553,0.646003782749176,0.4899293233747098,0.8827784543830001,7.001399517059326,41.648223876953125,0.917259800014336,0.41311727598312653,7.66790771484375,3.5934709732726127,13.591229438781738,3.8598411083221436,57.35078048706055,0.7553925514221191,1.6303601264953613,0.8999343514442444,0.04695339500904083,13.283329963684082,0.6736349363894548,0.004462099129216673,0.3880719244480133,0.4721482992172241,0.5427740739624292,3.3741130551023497,16.27703857421875,54.36998748779297
260336.jpg,7.780743099749088,0.5067041516304016,0.5790218720736807,0.8949740623846296,5.948186874389648,23.22572135925293,0.9147667019174128,0.40464661674411756,7.26008415222168,3.8239490932401488,6.984986782073975,2.1296908855438232,51.18726348876953,0.7454190254211426,1.2812602519989014,0.7728298902511597,0.030920177698135376,15.097579956054688,0.5478879840402877,0.013826292388246083,0.3693772554397583,0.4473434090614319,0.47823038132671775,3.959847940327624,14.80926513671875,48.62147903442383
260344.jpg,7.891010891646147,0.6169182658195496,0.44720127356759287,0.9059945536206423,7.584775924682617,121.12744140625,0.9486905465790252,0.6270022388858063,7.902756214141846,3.4630301582116587,35.74546432495117,11.925735473632812,71.06798553466797,0.8100436925888062,1.653717041015625,0.7535914182662964,0.03690526634454727,14.329117774963379,0.7480169861978239,0.003681890605514353,0.4794880747795105,0.5840101838111877,0.5960516052780864,3.865876097178232,37.66717529296875,61.272666931152344
260345.jpg,7.891848746687174,0.5143491625785828,0.5986990048093798,0.8749636024849426,5.3812785148620605,28.795547485351562,0.9373789821672823,0.4063288197318331,7.436166763305664,3.8369067364428133,10.512029647827148,2.628556728363037,49.49761962890625,0.6246652007102966,1.4251368045806885,0.8824588656425476,0.041584562510252,13.810678482055664,0.5949233665007153,0.011679293675067797,0.3982662558555603,0.5086427330970764,0.5455980085828792,4.084686826568521,24.67987060546875,49.635353088378906
260349.jpg,7.9640286564826965,0.6130324602127075,0.45128495616612946,0.9071015475353896,7.551828384399414,119.4114990234375,0.9478549659994159,0.6261581194842043,7.889158248901367,3.4841508339579885,35.03515625,11.707839965820312,71.50004577636719,0.8144418001174927,1.648396372795105,0.752616286277771,0.03537539020180702,14.51298713684082,0.7400260188790472,0.0036752684421437806,0.4813247323036194,0.58743816614151,0.5927575730309218,3.710408866945343,36.28973388671875,61.53971862792969
260352.jpg,7.909960802644491,0.5061241388320923,0.5610594066464947,0.8875965030579203,6.185871124267578,25.300031661987305,0.927441409954901,0.4316834908248424,7.276258945465088,3.7765376106846524,8.18499755859375,2.339747190475464,50.620216369628906,0.7199418544769287,1.4021289348602295,0.7748613953590393,0.027417980134487152,15.619645118713379,0.5639808047588032,0.011976686953972603,0.39030975103378296,0.44154930114746094,0.48970287807423774,3.981048329814179,10.94842529296875,43.06573486328125
260360.jpg,7.944728907197714,0.6179473996162415,0.4637035316938992,0.9089598860289956,7.569052696228027,122.02473449707031,0.9505329431998706,0.6365827813368414,7.896313667297363,3.5856808926061845,35.680938720703125,12.006422996520996,72.1063461303711,0.8165475130081177,1.6462514400482178,0.7573718428611755,0.037062302231788635,14.310676574707031,0.7499519951273796,0.0033747156374926077,0.47843778133392334,0.581093430519104,0.6019551833479273,4.1847824965835345,39.72283935546875,60.37504577636719
260364.jpg,7.914652355015278,0.5261365175247192,0.536421142859197,0.8732228317389105,5.3489179611206055,71.70387268066406,0.939987393085162,0.47874402194440935,7.473714828491211,3.4391755915859914,23.41234588623047,6.8746337890625,51.743839263916016,0.6622307300567627,1.3631787300109863,1.0082933902740479,0.04746951535344124,13.235851287841797,0.7215723166900475,0.01004636821501647,0.43675482273101807,0.5020918250083923,0.6656046134676553,3.306526600681175,17.88153076171875,53.727813720703125
260368.jpg,8.139945976436138,0.6505200266838074,0.4654762405869659,0.8839493141532445,6.9072160720825195,45.57243728637695,0.8926713479963468,0.40782211874557545,7.642149925231934,3.386200688242276,15.125325202941895,4.280642986297607,57.49842834472656,0.7578238248825073,1.62485671043396,0.8482146859169006,0.045035455375909805,13.464454650878906,0.6795431006500429,0.0055640993670551635,0.38712844252586365,0.46729910373687744,0.537568932218054,3.1917997342072866,9.39520263671875,57.050872802734375
260369.jpg,8.164098389446735,0.6146437525749207,0.43522862047774186,0.9018598241138269,7.54612398147583,120.3228759765625,0.9463308566139195,0.6222455228543065,7.887424468994141,3.358568882045409,35.95903396606445,11.840460777282715,71.41397857666016,0.802078366279602,1.64351487159729,0.7514592409133911,0.03756009414792061,14.252734184265137,0.7420981249822752,0.003801344178990314,0.47490304708480835,0.5795615911483765,0.5887225500260608,3.6472062970888186,35.74188232421875,58.392723083496094
260371.jpg,8.036960143595934,0.5534734725952148,0.4463725433091462,0.8699456350149605,6.510502338409424,39.92708206176758,0.9103703101096823,0.4865657592930022,7.334066390991211,3.0899257856080187,13.187298774719238,3.853935956954956,42.96323013305664,0.6668992042541504,1.63550865650177,0.8564867973327637,0.025362644344568253,15.95805549621582,0.6771869651565784,0.006472109325459818,0.4180554747581482,0.4341026842594147,0.5848366438719902,3.2181538670730205,15.87908935546875,48.737060546875
260374.jpg,8.380810126662254,0.6189367175102234,0.4441222874499462,0.9062830428808121,7.61116361618042,123.16121673583984,0.9482385611311586,0.6272240813122071,7.910658836364746,3.4468017862534737,36.11009216308594,12.124114036560059,71.5435562133789,0.8104214668273926,1.6556713581085205,0.7482925653457642,0.03744777292013168,14.265739440917969,0.7478617257319767,0.003518262265236749,0.47729700803756714,0.5814715623855591,0.5924364634792767,3.861182418035451,39.35858154296875,59.87609100341797
260379.jpg,7.7214635871350765,0.5144141316413879,0.6404947266530635,0.8751482464803271,5.0569868087768555,32.614051818847656,0.9561918434274482,0.4102812533831216,7.33931303024292,3.969894246650723,12.370223999023438,2.9485394954681396,45.66888427734375,0.5673092603683472,1.3054184913635254,0.9751273989677429,0.04606412351131439,13.366373062133789,0.6607451197022046,0.012698705048266356,0.39151954650878906,0.45558062195777893,0.6556333155533091,4.352116018366977,21.91668701171875,49.039161682128906
260382.jpg,7.717715539038181,0.6185184717178345,0.4511517638725408,0.9061903087166896,7.576234817504883,124.69520568847656,0.9505358926336183,0.6326150185948443,7.9067888259887695,3.492604820812634,36.83953857421875,12.289236068725586,71.71556091308594,0.8081667423248291,1.650766372680664,0.7528159618377686,0.03838189318776131,14.158736228942871,0.7504989012064099,0.0036163569048795283,0.4776834547519684,0.5840282440185547,0.5998413601872539,4.147769097813204,39.86834716796875,60.53331756591797
260385.jpg,8.047285735607147,0.6128572821617126,0.44343187360340297,0.907023049520018,7.616810321807861,116.36360168457031,0.9449436409429378,0.613116138434719,7.893398284912109,3.43886871447825,33.751487731933594,11.380034446716309,71.45653533935547,0.8166317939758301,1.6491570472717285,0.7457135915756226,0.03473508358001709,14.592317581176758,0.7365560963214771,0.004070965545979501,0.47623974084854126,0.5787872672080994,0.5827906896672306,3.6397898341238877,37.44256591796875,57.102088928222656
260389.jpg,7.986499477177858,0.631330668926239,0.48613535287735204,0.8876035716365236,6.897243976593018,50.63021469116211,0.9258389656637318,0.45071062634171954,7.647739410400391,3.5354242646054974,17.073932647705078,4.780295372009277,60.03554916381836,0.7753751873970032,1.5992286205291748,0.9226299524307251,0.03920048847794533,14.067086219787598,0.7157949938715873,0.00411307145946102,0.4040050506591797,0.49662595987319946,0.5712900735786585,3.6021246464398153,13.53338623046875,56.52227020263672
260390.jpg,7.81331005692482,0.6106826066970825,0.4485089017466733,0.9064684543382859,7.535996437072754,118.3201904296875,0.9478660151787834,0.6307410710153795,7.887063980102539,3.458698354008261,34.43651580810547,11.575868606567383,71.10157012939453,0.8127535581588745,1.6567312479019165,0.7598495483398438,0.035596784204244614,14.485893249511719,0.7444317585105571,0.0035259079664847763,0.47732871770858765,0.5843080878257751,0.5993395920463331,3.9300349849525706,37.87908935546875,59.79087829589844
260393.jpg,7.807544305920601,0.4942738115787506,0.5644522940060988,0.8889103575124173,6.050782680511475,23.919044494628906,0.9246822662771091,0.42239666056131075,7.169853687286377,3.731219625434626,7.256424427032471,2.20312762260437,50.63948059082031,0.7233953475952148,1.3841078281402588,0.7724924683570862,0.027627767994999886,15.586542129516602,0.5524803459929075,0.013453076910705403,0.38556841015815735,0.4584018290042877,0.4782746218604202,3.726502019634305,12.69403076171875,45.60005187988281
260394.jpg,7.624152731150389,0.5238212943077087,0.6762848515833627,0.8759174050385921,4.869480133056641,32.37178421020508,0.9621031913756793,0.4235249510817985,7.3908891677856445,4.1457635176926075,12.249955177307129,2.9181339740753174,45.657257080078125,0.543129026889801,1.2842116355895996,0.9793751239776611,0.050032421946525574,13.00748348236084,0.6676568081321275,0.01179640299730497,0.40044039487838745,0.45086121559143066,0.6734593395501457,4.539018229891204,23.19158935546875,53.72310256958008
260413.jpg,8.16235813498497,0.6198102235794067,0.4481056999970613,0.90471756242709,7.570343971252441,115.7298355102539,0.9487030492461795,0.6253119911262519,7.894768238067627,3.465010909789358,33.50440216064453,11.281847953796387,71.26443481445312,0.8060412406921387,1.6581940650939941,0.7609298825263977,0.03853083401918411,14.14191722869873,0.7431769041471569,0.0034956458001484023,0.4767426550388336,0.5827586054801941,0.5986203453713197,3.6099563420465057,36.59979248046875,57.768089294433594
260414.jpg,8.171681921929121,0.5231550931930542,0.6525134213862385,0.8783626169305616,4.705279350280762,47.3263053894043,0.9476759281611372,0.4409210909335679,7.39937686920166,3.9492375943830194,13.445123672485352,4.371882915496826,51.00121307373047,0.5292197465896606,1.0571398735046387,0.9705810546875,0.05825468525290489,12.346692085266113,0.7048445297749958,0.015890649404261336,0.4169614315032959,0.47690826654434204,0.714927990393669,3.8355228936753027,19.91082763671875,51.88697052001953
260418.jpg,8.17900487408042,0.6135797500610352,0.44966722061203485,0.9078239051108543,7.615350723266602,116.62725067138672,0.9466999922675307,0.6197567390042967,7.8955278396606445,3.48737518427488,33.84457778930664,11.395898818969727,71.62248229980469,0.8177824020385742,1.6488540172576904,0.7507396340370178,0.03496317192912102,14.563892364501953,0.7397100883533549,0.003928834309056927,0.47865232825279236,0.5801679491996765,0.5891324893350519,3.491548478503168,36.91717529296875,56.97093963623047
260429.jpg,8.538156099617481,0.5252713561058044,0.5106851790302487,0.8727645029651043,5.434994220733643,70.697998046875,0.9329960528203558,0.47124007569351767,7.430777072906494,3.285189042750627,22.526229858398438,6.7609171867370605,50.674102783203125,0.6555179357528687,1.3495497703552246,0.966366171836853,0.04593433439731598,13.378625869750977,0.704422654481709,0.010956133377855429,0.43569302558898926,0.5024079084396362,0.6399740958910421,3.2488818694940935,18.29119873046875,56.5964241027832
260435.jpg,8.557512357831001,0.516150951385498,0.6204644238707967,0.8761977629947877,5.294443607330322,25.044391632080078,0.9434936352166666,0.39478562427107255,7.378008842468262,3.931414192629507,9.223167419433594,2.260906934738159,48.108768463134766,0.6055868864059448,1.3750073909759521,0.8951019048690796,0.0414528027176857,13.824461936950684,0.5709382547802602,0.013680815466734591,0.3956500291824341,0.5048457980155945,0.5501110012269645,4.311582695360142,30.73358154296875,48.16661834716797
260436.jpg,8.008536703884602,0.5261237025260925,0.6355635203544727,0.878605183692007,4.7342352867126465,49.263999938964844,0.9418369770496803,0.43863098227444086,7.452080726623535,3.8726008802214764,13.980928421020508,4.5651726722717285,52.54543685913086,0.5391893982887268,1.0396733283996582,0.9495925903320312,0.06060345098376274,12.175025939941406,0.6989974747416354,0.016166000255189928,0.4159073233604431,0.47675269842147827,0.7022206484767771,3.78651329529749,19.56024169921875,51.359779357910156
260437.jpg,7.988821122795343,0.6146570444107056,0.4431728993923209,0.9039424819695585,7.546898365020752,121.4204330444336,0.9483350283486156,0.6285188221321899,7.889616966247559,3.420530987802536,36.13389205932617,11.94659423828125,71.23577117919922,0.805078387260437,1.6448301076889038,0.7566248774528503,0.03686852008104324,14.333443641662598,0.746300181245921,0.0037219950322784794,0.47819045186042786,0.583073616027832,0.5936499741524879,3.521154046170076,36.37469482421875,58.440704345703125
260439.jpg,8.998403273522854,0.5203062891960144,0.5433206510395716,0.8758124760270893,5.670184135437012,33.46541976928711,0.9201767599663854,0.41239258563036973,7.410025596618652,3.55338411443568,11.587461471557617,3.103710651397705,47.13422775268555,0.6430546045303345,1.444917917251587,0.8937249183654785,0.03710297495126724,14.305912017822266,0.6285673138474647,0.011105103868764841,0.3980447053909302,0.5114534497261047,0.5641554297007098,3.9762350978365126,15.30975341796875,54.319061279296875
260452.jpg,8.35098546743393,0.6156100630760193,0.42460955215482604,0.8995983112956341,7.539625644683838,118.7064208984375,0.944145375558287,0.6168067403237771,7.8875017166137695,3.2752606195697247,35.136810302734375,11.655546188354492,70.38507080078125,0.7954094409942627,1.6541953086853027,0.741220235824585,0.03790994733572006,14.212469100952148,0.7408003306290902,0.0038476646407802667,0.4729725122451782,0.5778900980949402,0.5845050360851035,3.8510219581455885,36.78240966796875,58.6268310546875
260462.jpg,8.292157046496868,0.5258076786994934,0.6490513774584085,0.8783948763407051,4.745987892150879,47.26045608520508,0.9458068090271031,0.43833544807885405,7.435690879821777,3.9532798266133167,13.225414276123047,4.361072063446045,50.92776870727539,0.5329817533493042,1.0538359880447388,0.9716304540634155,0.058756597340106964,12.30943489074707,0.7036611648000003,0.01579607091103585,0.4166649580001831,0.4761640727519989,0.7141301584142173,3.7544358480492233,20.47137451171875,49.134803771972656
260464.jpg,8.303362213075161,0.6227432489395142,0.44258383884120767,0.9029557666670042,7.514423847198486,118.91793060302734,0.9477377309020586,0.6269352163866841,7.8763580322265625,3.4058638523873697,35.23942184448242,11.666214942932129,71.91529083251953,0.7994965314865112,1.6482834815979004,0.756633460521698,0.03964110463857651,14.018543243408203,0.7403534309982077,0.0035413497072550306,0.4755919873714447,0.5797649621963501,0.5931631932549644,3.6357281859895454,36.12030029296875,61.595497131347656
260473.jpg,7.8572250716388226,0.5178840756416321,0.6564578258634904,0.876221897337496,5.034198760986328,32.3321533203125,0.9548012934201413,0.42206553611478026,7.3349456787109375,4.059922708684228,11.989850997924805,2.9145216941833496,45.22212600708008,0.5794312953948975,1.2855135202407837,0.9838619232177734,0.045684292912483215,13.402332305908203,0.6645880399237956,0.012997424978602026,0.39663147926330566,0.4605500102043152,0.6628762537982636,4.162211216196456,24.48797607421875,51.084083557128906
260476.jpg,8.578627429902554,0.6179841756820679,0.4624628450650517,0.9093563909990233,7.573680877685547,121.9868392944336,0.9501853243725688,0.6370178486392515,7.895355224609375,3.5769356370721077,35.62861251831055,11.996840476989746,72.20650482177734,0.8176351189613342,1.646822214126587,0.754252016544342,0.03690909966826439,14.328666687011719,0.7492120181743979,0.003409151733606314,0.47842860221862793,0.5812341570854187,0.6004682238385171,4.129300287534828,40.45574951171875,60.74128723144531
260481.jpg,8.567319378256798,0.5084438323974609,0.6657027583535281,0.8751033819840243,4.900243282318115,29.67683982849121,0.9616817062083126,0.40349672625901,7.23744535446167,4.04005891337601,11.353044509887695,2.65995717048645,41.941001892089844,0.5633003115653992,1.33315110206604,0.9969582557678223,0.0423995777964592,13.726385116577148,0.662632528933946,0.011665446900278287,0.3875557482242584,0.452107310295105,0.6681917545143438,4.489642387561217,25.47430419921875,49.60145568847656
260483.jpg,8.568781770765781,0.6193510890007019,0.3688237949739507,0.8605452914821894,7.1681132316589355,96.6513442993164,0.9396045927745362,0.5715800057032772,7.631559371948242,2.7292425966909004,29.003923416137695,9.689852714538574,50.878631591796875,0.646141529083252,1.6164262294769287,0.8553017377853394,0.037233203649520874,14.290696144104004,0.7776082131538637,0.004579429590856145,0.4485982060432434,0.46516719460487366,0.5989712464362006,3.3411067063028663,31.14422607421875,60.81196212768555
260486.jpg,8.41702151298523,0.6218031644821167,0.44168982723049416,0.9042930451357968,7.5747151374816895,119.97859191894531,0.9490608814675797,0.6300663120706054,7.9002203941345215,3.417568905517763,35.280094146728516,11.778886795043945,71.55855560302734,0.8033387064933777,1.6565957069396973,0.75335693359375,0.03903418034315109,14.085550308227539,0.7471185209904169,0.0034302643500103793,0.4775239825248718,0.5794317722320557,0.5976165773261986,3.7868834420703923,37.05145263671875,59.29722595214844
260492.jpg,8.27834253013134,0.6118167042732239,0.4399750466061989,0.9055902071282639,7.554621696472168,116.81063079833984,0.9445264679623533,0.6164250943355738,7.884092330932617,3.3963325026369233,35.03956604003906,11.484089851379395,71.20069885253906,0.812004566192627,1.656266212463379,0.7472109794616699,0.03533661365509033,14.51775074005127,0.7408248596219523,0.0037251285057886387,0.47605299949645996,0.5808213949203491,0.5846829688969426,3.3828730038222172,33.88104248046875,59.70982360839844
260493.jpg,8.237009275704622,0.6120730042457581,0.45253996182797873,0.9072188090833541,7.540668964385986,122.38533782958984,0.9497544004240585,0.6352878231921821,7.890763282775879,3.4916781978711544,36.02884292602539,12.045462608337402,71.49481201171875,0.8129289150238037,1.6487438678741455,0.7547979950904846,0.03623078763484955,14.409222602844238,0.7490585083641482,0.0034570316108288317,0.47854143381118774,0.5857414603233337,0.6000963749660675,3.9146976444570285,38.09149169921875,58.79010772705078
260494.jpg,8.234967220574617,0.6652427911758423,0.4673244279852938,0.8783945140522091,7.037422180175781,42.59159851074219,0.8964810222782866,0.43862924036901374,7.635806083679199,3.428587554036474,13.08017635345459,3.9573256969451904,58.23974609375,0.7306245565414429,1.6166058778762817,0.8644729852676392,0.046088434755802155,13.364081382751465,0.6674581518484585,0.006086368780807301,0.40061095356941223,0.4650171995162964,0.5454649589525594,3.2703587038102087,13.25897216796875,57.02484893798828
260501.jpg,8.804608225822449,0.5074470639228821,0.6217711012198126,0.8740171019880979,5.154390811920166,33.5743293762207,0.9535616826961661,0.42865804914012284,7.267932415008545,3.8619324671477795,12.347034454345703,3.05791974067688,43.10121154785156,0.5658436417579651,1.3206089735031128,1.0298840999603271,0.04030786454677582,13.946102142333984,0.6780763110723691,0.010954875180736267,0.39595499634742737,0.4540930986404419,0.6684216605753882,4.131429432723799,21.85858154296875,50.244232177734375
260502.jpg,8.346713978797197,0.5253068804740906,0.6440489093492421,0.8758360829789187,5.287533283233643,26.09571647644043,0.9504816626711897,0.4064719179505038,7.465869903564453,4.106919310424491,9.588698387145996,2.348909378051758,49.414981842041016,0.6092689633369446,1.4278061389923096,0.9347093105316162,0.046332139521837234,13.341176986694336,0.5903204938951166,0.012894046485116769,0.4023193418979645,0.506628155708313,0.5825217277149913,4.296329124234111,29.76287841796875,47.589599609375
260505.jpg,8.32862139865756,0.5152420997619629,0.638568628067382,0.8755983669909886,5.319065570831299,23.4663143157959,0.9457781862788306,0.3993140313475692,7.411627769470215,4.064722390265597,8.687174797058105,2.116431951522827,48.22488021850586,0.6159675717353821,1.3989949226379395,0.9226791858673096,0.04185934737324715,13.782075881958008,0.5704720694707438,0.011890082409601188,0.39929115772247314,0.5083256959915161,0.563273387964348,4.384084648137557,30.17938232421875,48.02458572387695
260508.jpg,8.328931301832199,0.6141547560691833,0.4463059427880168,0.9047602965214862,7.5349531173706055,122.1174545288086,0.9483641651893742,0.6312090548235676,7.891147613525391,3.44238843219485,36.14551544189453,12.021011352539062,71.70539855957031,0.8070592880249023,1.6440081596374512,0.7509475350379944,0.03748170658946037,14.261807441711426,0.7453683022974934,0.0037016151296451615,0.47627025842666626,0.5809653997421265,0.5963872307894944,3.9615859967396516,39.56805419921875,60.123435974121094
260509.jpg,7.629608049988747,0.584392249584198,0.40956661525394955,0.8729694429713799,6.849092483520508,66.0845718383789,0.9103381644701657,0.5133473249549931,7.525440216064453,2.9436718865169436,21.793872833251953,6.6016740798950195,48.87800598144531,0.693085789680481,1.6072617769241333,0.8756652474403381,0.03168300911784172,14.99173641204834,0.7580136890649187,0.003963991251619825,0.41470664739608765,0.4452611207962036,0.600359680595816,3.3776701972847754,25.37518310546875,58.165802001953125
260511.jpg,8.605015773326159,0.6078720092773438,0.4437327521214653,0.9083344956225018,7.5698041915893555,119.2029800415039,0.9452993466293486,0.6217345762873463,7.883074760437012,3.4284825190051524,34.55479431152344,11.670475959777832,71.43311309814453,0.8192704916000366,1.6542935371398926,0.7439233660697937,0.03405486419796944,14.67820930480957,0.7381009661951374,0.003772994756638309,0.4791256785392761,0.5858390927314758,0.5860125335513547,3.753424266259122,37.41082763671875,58.79768753051758
260521.jpg,8.62291207164526,0.5135632157325745,0.6414398216780498,0.8771800741448208,5.207362174987793,24.992700576782227,0.9488692458468496,0.4061975868901101,7.3903727531433105,4.040356289721888,9.204514503479004,2.2577874660491943,46.99479675292969,0.6218397617340088,1.4295369386672974,0.9271853566169739,0.040778495371341705,13.8956880569458,0.5843442206318659,0.012145086405313862,0.4029482901096344,0.5088446736335754,0.5715823207104158,4.34476009116565,30.63104248046875,48.087066650390625
260529.jpg,8.62770151719451,0.6534523367881775,0.4774319258007254,0.8817131157447128,7.021663188934326,45.54196548461914,0.9055901348961586,0.4360599146283535,7.674752235412598,3.5082777682147004,14.585271835327148,4.263504981994629,57.46522903442383,0.7516471147537231,1.622923731803894,0.8926578760147095,0.044114090502262115,13.55422592163086,0.6871415244063714,0.00459611005881302,0.39770662784576416,0.46752816438674927,0.5544764264755945,3.2591575785038396,11.71502685546875,57.089454650878906
260535.jpg,6.283403757959604,0.5144779086112976,0.6740474902075726,0.8757726099462573,4.928452014923096,31.47788429260254,0.9641299675711781,0.417604437261863,7.309626579284668,4.124535413155071,12.002552032470703,2.8308045864105225,44.53982162475586,0.560905396938324,1.3061649799346924,0.9808899164199829,0.046165723353624344,13.356803894042969,0.6699336366427906,0.01178546960308972,0.39742276072502136,0.45656946301460266,0.6740516864759877,4.479730615136624,27.06805419921875,50.973995208740234
