image_name,time_s,CE,NMI,QNCIE,TE,EI,Qy,Qcb,EN,MI,SF,AG,SD,CC,SCD,VIF,MSE,PSNR,Qabf,Nabf,SSIM,MS_SSIM,VIFF,NIQE,BRISQUE,MUSIQ
00004N.png,1.6919,0.29956290125846863,0.6015963783135125,0.8798752161482476,5.582128524780273,16.682790756225586,0.8982170551848841,0.47495391519114344,5.401966094970703,3.3040060695286577,6.159519672393799,1.5569614171981812,23.54720115661621,0.6547738909721375,1.7959611415863037,0.6339524388313293,0.008081396110355854,20.92513656616211,0.44580428570463254,0.005804126001903653,0.4379168450832367,0.3941139280796051,0.4368468568886452,5.316252069070207,30.91912841796875,30.817119598388672
00008N.png,1.6716,0.33625712990760803,0.6640900982135353,0.8899884151540258,5.611305236816406,21.210664749145508,0.902192615336264,0.47995754003113567,5.895124435424805,3.820663880496017,7.475307941436768,1.9580543041229248,37.26862335205078,0.6889803409576416,1.829542875289917,0.7290863990783691,0.01699427142739296,17.696975708007812,0.5300230176852627,0.006243201215931423,0.43916964530944824,0.49183493852615356,0.5383853349163963,5.2605701822928115,32.67010498046875,31.434310913085938
00012N.png,1.6971,0.3228302597999573,0.6114821838591047,0.8823159798510415,5.699477672576904,18.149192810058594,0.9238412831946695,0.5013950824430972,5.493452548980713,3.4221495150717587,5.975885391235352,1.6789758205413818,30.445392608642578,0.5889225602149963,1.889122486114502,0.6734583973884583,0.012358428910374641,19.080368041992188,0.49446367094941257,0.004869580023152606,0.44818854331970215,0.4161232113838196,0.5048084199748004,5.446740366045325,33.73797607421875,28.907474517822266
00016N.png,1.6965,0.32566726207733154,0.552806219204812,0.87986784249935,5.757887840270996,23.405847549438477,0.9149889614972165,0.5004318540139949,5.471099853515625,3.1037369415470124,7.343928337097168,2.1634902954101562,29.093965530395508,0.6057547926902771,1.8519811630249023,0.6662842035293579,0.010844352655112743,19.647964477539062,0.4840008071732448,0.008507558838021956,0.44518786668777466,0.4505152106285095,0.48267104791987137,5.062194808993864,35.39227294921875,24.81751251220703
00020N.png,1.6984,0.20100343227386475,0.40172632400493585,0.88768700912983,5.54052734375,11.836359024047852,0.8174449287204327,0.44642270609369217,3.6623356342315674,1.8485230004924667,5.966433525085449,1.1871477365493774,16.15848159790039,0.6905163526535034,1.721958875656128,0.5329820513725281,0.003744498360902071,24.266063690185547,0.3526177441630352,0.006507825150360777,0.37289857864379883,0.45680660009384155,0.281474800926839,5.960559279996015,34.59832763671875,25.104358673095703
00024N.png,1.6629,0.2564588487148285,0.5093076652183984,0.8780316251104102,5.647715091705322,15.961024284362793,0.8743065365427972,0.4720641626817698,4.717896461486816,2.6396514395668014,6.177570819854736,1.5261430740356445,20.33716583251953,0.6480382084846497,1.8433456420898438,0.6096040606498718,0.006169381085783243,22.097585678100586,0.4165180083810204,0.007013423676955984,0.4119424819946289,0.4537757337093353,0.4005925579506976,5.649015123323845,33.72772216796875,24.180660247802734
00028N.png,1.6778,0.2568735182285309,0.5777522761225506,0.8755917979793963,5.336400032043457,14.458073616027832,0.8516879750272057,0.4336627317085322,4.802287578582764,2.9288351578686393,6.0394415855407715,1.3637354373931885,20.360549926757812,0.6117104291915894,1.8764231204986572,0.6250637769699097,0.007252458482980728,21.39514923095703,0.39659792126909776,0.008611032748465001,0.38250255584716797,0.44574418663978577,0.3765854029989173,5.410623777203388,32.28533935546875,20.183860778808594
00032N.png,1.6846,0.24151639640331268,0.45542548898958596,0.8807639449338517,5.790301322937012,18.065431594848633,0.8361328936130925,0.3939734364853743,4.500079154968262,2.343258615336712,7.218320846557617,1.7359308004379272,29.1039981842041,0.6316646933555603,1.8217129707336426,0.6542264223098755,0.00981457345187664,20.081287384033203,0.4573175315640363,0.00392390174263486,0.3687421679496765,0.4349226951599121,0.4251852498686455,5.251456531517768,33.15545654296875,22.952444076538086
00036N.png,1.6866,0.2015562802553177,0.39025271165297815,0.8751364096902952,5.4327147006988525,15.351175308227539,0.76688960620591,0.3062579742083994,3.8086516857147217,1.8032407787668143,6.8140950202941895,1.5052183866500854,22.086851119995117,0.6811994314193726,1.751856803894043,0.6019073724746704,0.0067872656509280205,21.68305206298828,0.39483075153472935,0.007232462294090127,0.33667927980422974,0.4215390384197235,0.3439939289455443,5.682610991700438,36.13250732421875,22.18020248413086
00040N.png,1.6798,0.21120962500572205,0.41056693826297297,0.8742397115728666,5.531421184539795,11.467220306396484,0.7885234491951013,0.3449186942697711,3.8969454765319824,1.9354947843177701,5.171276569366455,1.1454744338989258,15.274052619934082,0.623404860496521,1.8242456912994385,0.566515326499939,0.004712313879281282,23.26766014099121,0.3294173807801953,0.007607532253503214,0.3542824387550354,0.42489346861839294,0.3135773376777948,6.443527295866001,37.07733154296875,17.242029190063477
00047N.png,1.6894,0.3056102991104126,0.5722291350299359,0.879930399731063,5.758481025695801,19.87002182006836,0.9173945824684312,0.5097475700452654,5.259666442871094,3.152461706418096,7.53631067276001,1.8420007228851318,30.36058235168457,0.5916963815689087,1.8186709880828857,0.6515839099884033,0.011380999349057674,19.438196182250977,0.495233940492661,0.0034480932685331876,0.4312248229980469,0.4468226134777069,0.47801848905837896,5.368140486987079,30.69158935546875,31.50656509399414
00051N.png,1.6883,0.3296959698200226,0.46786100665332725,0.8806045938412442,6.206768989562988,23.048072814941406,0.8916360707984693,0.3960542378857786,5.117300510406494,2.6490532679816408,8.560035705566406,2.1183669567108154,36.1884765625,0.6166628003120422,1.7910420894622803,0.6432939171791077,0.012186032719910145,19.141376495361328,0.42397554566566115,0.006014836828230362,0.40891605615615845,0.4583794176578522,0.36605593166539035,5.077919181255866,28.56512451171875,27.929035186767578
00055D.png,1.6886,0.4999978244304657,0.6567146257622326,0.8852127225129446,5.733874797821045,65.75835418701172,0.960448593067378,0.5268189940019712,6.7395453453063965,4.095750212336901,19.85080909729004,6.091338157653809,62.33652114868164,0.6086773872375488,1.836470603942871,0.7279167175292969,0.05657545104622841,12.47372055053711,0.7170085622789543,0.006662212870620712,0.4627659022808075,0.47424665093421936,0.6279341989737905,3.175718524514345,24.74237060546875,45.124237060546875
00081D.png,1.7017,0.5610214471817017,0.6378372464556973,0.8840153404452398,5.673611640930176,51.838375091552734,0.958032501426958,0.4789300205459445,7.294771671295166,4.13587027167908,14.865842819213867,4.597607612609863,59.355735778808594,0.5605829954147339,1.878222107887268,0.7956439256668091,0.07493454217910767,11.253179550170898,0.6767638003932431,0.008604727643575292,0.46324411034584045,0.46557432413101196,0.6445560571641137,3.798500627670191,33.30828857421875,42.813255310058594
00085D.png,1.6913,0.5510647892951965,0.6286028659060751,0.8916182688371479,5.511299133300781,49.56813430786133,0.9594806875799949,0.5004364479576299,7.076904296875,3.9565012263301806,12.385315895080566,4.3515825271606445,41.645408630371094,0.6983792781829834,1.709395170211792,0.8492752313613892,0.05227785184979439,12.816823959350586,0.6663744365535305,0.01122640504988798,0.48313191533088684,0.5528813600540161,0.677300666596942,4.145555825716452,38.23944091796875,39.819183349609375
00091D.png,1.6932,0.538455605506897,0.7985551258720949,0.8830350297870866,5.0205488204956055,41.00048828125,0.9549615244830701,0.46593635835516534,7.005597114562988,4.801783359969452,11.698444366455078,3.6457955837249756,51.06987380981445,0.4748077392578125,1.8540115356445312,0.8005005121231079,0.0690387412905693,11.6090726852417,0.6535140229950361,0.012889634976036044,0.48013564944267273,0.46938759088516235,0.6610353374389271,4.135458455597357,36.04656982421875,40.16950988769531
00095D.png,1.7116,0.630781352519989,0.5841296889666918,0.8846841905622016,5.947239875793457,67.39376068115234,0.959075299093027,0.513715057385526,7.326574325561523,3.876824591918842,17.184534072875977,6.086134433746338,61.39475631713867,0.47332024574279785,1.8788306713104248,0.787360668182373,0.09240494668483734,10.343048095703125,0.7002353105806527,0.010854841977813981,0.5084183216094971,0.527117133140564,0.6447248207873778,3.7666780751483704,36.94256591796875,42.67863464355469
00099D.png,1.694,0.6069071888923645,0.4859443151832301,0.8859536929914643,6.404072284698486,107.77381134033203,0.9628208717900242,0.6132459358110965,7.5357255935668945,3.3869913180113382,25.454818725585938,9.98089599609375,56.73406982421875,0.6321163177490234,1.7592313289642334,0.7370015382766724,0.06292262673377991,12.011930465698242,0.699675535771325,0.0132897821519828,0.5109043717384338,0.580183744430542,0.6098739183265304,3.042181357228837,28.23651123046875,49.495018005371094
00103D.png,1.6819,0.5781922340393066,0.5340619354087879,0.8821033074669183,6.602038383483887,72.59024810791016,0.9532198216365472,0.5680259538164342,7.326542854309082,3.719371761752992,18.656755447387695,6.650227069854736,55.73283767700195,0.5630671381950378,1.8275907039642334,0.7206881046295166,0.05453294888138771,12.633410453796387,0.633134323681422,0.020811582553863797,0.5094038248062134,0.5670651197433472,0.5624667874168203,3.5481108241997625,32.36639404296875,48.412410736083984
00107D.png,1.6842,0.4877896308898926,0.48713603376124465,0.8828921515306195,6.374245643615723,52.56681823730469,0.9504295271727756,0.5426760387894755,6.7322282791137695,3.192326532826371,15.237835884094238,4.77666711807251,43.85466766357422,0.5965030789375305,1.8173267841339111,0.7222239971160889,0.026402898132801056,15.783485412597656,0.5970243881009297,0.01836653026511987,0.5179809331893921,0.5612523555755615,0.5276053994603153,3.441871748151957,28.80584716796875,48.250648498535156
00111D.png,1.7317,0.5302801132202148,0.5431939716954687,0.900271207060812,6.701743125915527,53.631038665771484,0.9236172512380414,0.49556317052821974,6.930299758911133,3.7024312942036097,16.287137985229492,4.860694885253906,73.73609161376953,0.813916802406311,1.6686537265777588,0.6429800987243652,0.03766403719782829,14.240732192993164,0.5209655548968175,0.017528392969635945,0.49941548705101013,0.5854018926620483,0.4254203103252202,3.550278636940301,31.48114013671875,49.08467483520508
00115D.png,1.6916,0.5119418501853943,0.5503327034380839,0.8799494865278173,6.435535430908203,46.6023063659668,0.935787342720804,0.5218128782686035,6.693948745727539,3.6128018760754994,14.22537899017334,4.189542770385742,53.652462005615234,0.5697616934776306,1.7999913692474365,0.6879593133926392,0.03937976434826851,14.047269821166992,0.543172978663287,0.01578265746420678,0.5208421945571899,0.5602932572364807,0.47523119387357055,3.8025660143998627,33.56610107421875,54.410804748535156
00119D.png,1.6742,0.4491209089756012,0.5434435945660482,0.8789193080618045,6.434197902679443,37.65544509887695,0.9265046166774594,0.49530235745152595,6.307757377624512,3.4622764467572598,12.397607803344727,3.3246326446533203,46.33568572998047,0.5746448040008545,1.7764395475387573,0.707115650177002,0.02630970999598503,15.798839569091797,0.5423995432709562,0.013073629436005919,0.5022717714309692,0.5639433860778809,0.45353770538877936,3.801536522345538,31.78192138671875,45.42102813720703
00123D.png,1.6823,0.5181444883346558,0.5921244542881057,0.8843806655948137,5.782251834869385,61.5601921081543,0.9590027899396597,0.5599824763979504,7.1540703773498535,3.82996664308126,16.049480438232422,5.532585620880127,55.25531005859375,0.6522413492202759,1.7311010360717773,0.8153766393661499,0.055809829384088516,12.532892227172852,0.6465750229000697,0.011113849513604659,0.48651859164237976,0.5186741352081299,0.6453699393799888,3.390528232476518,30.09002685546875,54.53843307495117
00127D.png,1.6637,0.43879833817481995,0.6599518149850258,0.885578784686005,5.6293110847473145,37.921714782714844,0.9498275173171742,0.5079314577663075,6.371947765350342,3.960137317834283,12.610392570495605,3.387220859527588,30.546640396118164,0.4029292166233063,1.8793509006500244,0.7131347060203552,0.025143522769212723,15.995739936828613,0.6372375370194502,0.008178731623116416,0.4693567752838135,0.4667791724205017,0.5884420099715387,3.801326771517022,31.30291748046875,45.042972564697266
00131D.png,1.6784,0.4607197046279907,0.5535917466642578,0.8734531199813828,6.201114654541016,45.03060531616211,0.9420973506816663,0.49353649926356974,6.604204177856445,3.5444688050554145,14.222228050231934,4.028648853302002,37.374725341796875,0.5826146602630615,1.7567288875579834,0.7131602764129639,0.027780063450336456,15.562667846679688,0.6078037340832941,0.012068179589239145,0.47047093510627747,0.487846702337265,0.5439945890985988,3.689438456674066,30.95721435546875,51.39813995361328
00135D.png,1.6721,0.49108216166496277,0.6089966853394875,0.8880210682599013,5.471532344818115,37.366355895996094,0.9488860839400781,0.45464077876173653,6.504318714141846,3.646637220855851,11.114923477172852,3.3909084796905518,41.704708099365234,0.39287838339805603,1.9146907329559326,0.7667725682258606,0.04380795732140541,13.584470748901367,0.5767998950208915,0.020557869120441132,0.47843796014785767,0.5148183107376099,0.5871804055274129,3.5184540067630348,27.32733154296875,50.19996643066406
00139D.png,1.665,0.5556299686431885,0.5797023947568868,0.8824625953974803,5.729172706604004,54.10612106323242,0.9560070322518764,0.49932718224969236,7.116481304168701,3.723337562826865,14.549139022827148,4.826594352722168,44.40098190307617,0.49545207619667053,1.8599827289581299,0.7633790969848633,0.055038534104824066,12.593331336975098,0.6597445221805999,0.011762501849269844,0.4646323025226593,0.4684278964996338,0.6387344806394412,3.5481525514106966,32.26287841796875,54.736202239990234
00143D.png,1.6841,0.5898981690406799,0.5220355205056779,0.8725858993595031,6.100484848022461,56.53392028808594,0.9464231089499641,0.4913282516114269,7.089534759521484,3.442838382868656,14.999872207641602,4.997822284698486,39.36857604980469,0.4585621654987335,1.736236572265625,0.7650195360183716,0.0579526461660862,12.369266510009766,0.6443712323131328,0.014605795873364179,0.4630638659000397,0.4516311287879944,0.6093581333841933,3.869938320530557,34.74969482421875,62.06854248046875
00147D.png,1.6699,0.4297129511833191,0.6042766843941033,0.8838384415702831,5.619112968444824,42.108482360839844,0.9520492474568636,0.4840801402203594,6.454363822937012,3.647870051796957,12.790128707885742,3.8463571071624756,32.496429443359375,0.43768545985221863,1.88820219039917,0.7284108400344849,0.025309408083558083,15.967179298400879,0.6509102063654126,0.0074251786388674764,0.473512202501297,0.45657655596733093,0.6188080962645227,3.6898163523368823,30.04412841796875,49.387718200683594
00151D.png,1.6682,0.506734311580658,0.6302378481426448,0.886540434575207,5.370909690856934,47.1154899597168,0.9613020009343898,0.4990410570481852,6.902248859405518,3.867515037108472,12.778404235839844,4.277063846588135,39.37430953979492,0.41097941994667053,1.8788164854049683,0.8022621870040894,0.044169455766677856,13.548779487609863,0.6710426197613486,0.0129221488300404,0.4768095910549164,0.47305575013160706,0.6928924210775322,3.671509061904771,31.21697998046875,49.68324279785156
00158D.png,1.6739,0.6149414777755737,0.6065814767871704,0.8852777551083935,5.515782833099365,34.296180725097656,0.9585307451918806,0.4961482134982845,7.000921726226807,3.7962101268051125,8.907662391662598,2.935905933380127,38.946834564208984,0.4528302848339081,1.9146902561187744,0.7785135507583618,0.04678107425570488,13.299298286437988,0.5745942650747321,0.007405713712698879,0.468704491853714,0.47352415323257446,0.6445804804602531,4.933497125292655,46.64520263671875,31.044811248779297
00162D.png,1.6787,0.6177674531936646,0.7921720130572485,0.8956151354901641,4.787703514099121,57.32334899902344,0.9681343199762802,0.5926315132438604,7.531728744506836,4.879567370662382,14.126867294311523,5.22058629989624,55.80912399291992,0.69597327709198,1.8915785551071167,0.9271062612533569,0.0816473588347435,10.880578994750977,0.7875841271578148,0.005676239597087328,0.4722689390182495,0.5123735666275024,0.7477300585223624,3.7572840238030154,35.39471435546875,42.355369567871094
00169D.png,1.6825,0.5094465017318726,0.6029885689136776,0.8955725930420915,6.002209186553955,38.68169403076172,0.9586903179973357,0.5781293004292538,6.931578159332275,3.8994733858841126,10.874631881713867,3.4343717098236084,51.272281646728516,0.7296178340911865,1.7641687393188477,0.8090540170669556,0.02843036688864231,15.462175369262695,0.61848478813529,0.013782706043809836,0.5041853785514832,0.531269907951355,0.6141850137331093,4.040654346778701,28.58612060546875,45.039207458496094
00174D.png,1.6902,0.5353125333786011,0.5582352193801616,0.8884148831998092,5.887863636016846,40.04474639892578,0.962300776861215,0.5858138607543805,7.048174858093262,3.6106853321545636,11.248383522033691,3.537916660308838,45.42142105102539,0.6809243559837341,1.7399048805236816,0.8231133818626404,0.03215716779232025,14.927223205566406,0.6600377554287004,0.010276008899977958,0.485013484954834,0.5162066221237183,0.6478038766366174,4.023347990223449,28.86199951171875,40.587547302246094
00178D.png,1.6793,0.5150467753410339,0.5894876370384887,0.8961908724512689,6.013383865356445,41.670982360839844,0.9598016531480832,0.5792267417342081,6.995345115661621,3.834252436600904,12.842632293701172,3.7292964458465576,47.66748046875,0.7247134447097778,1.790887475013733,0.7880371809005737,0.02842794731259346,15.462545394897461,0.6522645622267523,0.01047775854972981,0.49217018485069275,0.5162109136581421,0.6224104209922228,3.91215119311112,23.70233154296875,43.5337028503418
00182D.png,1.6743,0.5534156560897827,0.6476535038874707,0.8945607850202979,5.888311862945557,44.53530502319336,0.9631921004084846,0.572008370482987,7.253966808319092,4.255832812418163,13.616564750671387,3.9629321098327637,50.9509391784668,0.7093701362609863,1.8048546314239502,0.8121615648269653,0.041428063064813614,13.82705307006836,0.6805020946689118,0.008436625164511595,0.48108845949172974,0.5156823396682739,0.6554163283651651,4.333985371764552,24.70477294921875,45.36334991455078
00186D.png,1.6858,0.619864821434021,0.5480603833728224,0.8824963737951937,6.133272171020508,50.77764892578125,0.9552250812731202,0.5361042351825343,7.4269561767578125,3.7159212764587757,14.31140422821045,4.503722667694092,50.83679962158203,0.5852711796760559,1.7916622161865234,0.7825247645378113,0.057630617171525955,12.39346694946289,0.6604026836830359,0.009990623832955346,0.46712884306907654,0.4476330280303955,0.5946909683588278,3.6882524277559297,25.83465576171875,56.184791564941406
00191D.png,1.7023,0.5825463533401489,0.5295599023687051,0.8863475270390605,6.398935794830322,52.67512512207031,0.9503099610764456,0.5775561155746922,7.318038463592529,3.631989010980851,14.228048324584961,4.641983985900879,54.02397155761719,0.6753652095794678,1.7279400825500488,0.7582306861877441,0.04195953905582428,13.77169418334961,0.63382230126602,0.012648858098939508,0.48597556352615356,0.5351691246032715,0.579027712249693,3.993528028008297,34.78680419921875,45.39033508300781
00196D.png,1.708,0.597663402557373,0.4212210447137311,0.8743600354430031,6.668931007385254,51.43003845214844,0.9334591341350408,0.5758366910767069,7.18220329284668,2.9172019460714953,13.848849296569824,4.610492706298828,42.369834899902344,0.5550862550735474,1.6981194019317627,0.6703904867172241,0.02429424226284027,16.14496612548828,0.526060415156811,0.024046988602269895,0.5022856593132019,0.5190737247467041,0.4554369384278585,3.46688862219865,25.81024169921875,43.173500061035156
00200D.png,1.6802,0.42118799686431885,0.5275596709279744,0.886072271997995,6.277132987976074,22.354429244995117,0.9262943678684729,0.47712500283076803,5.50607967376709,3.108182830490362,8.562235832214355,2.0277318954467773,39.2184944152832,0.629092276096344,1.8570809364318848,0.6689980030059814,0.01311744749546051,18.821508407592773,0.47562477855498836,0.008589942717714533,0.4749070107936859,0.506007730960846,0.38851994836304055,4.28244441898868,26.00506591796875,33.20829772949219
00204D.png,1.695,0.455011248588562,0.579633383707884,0.8826454013069983,5.960165500640869,31.422670364379883,0.95407046440968,0.5656032777837,6.329525470733643,3.5617671510467144,10.486921310424805,2.8391525745391846,36.30349349975586,0.5869566798210144,1.8293343782424927,0.7442883849143982,0.01628224179148674,17.882858276367188,0.5863507022726697,0.011541162788401116,0.49990445375442505,0.5069429278373718,0.5549820337804986,3.80169713992908,30.23895263671875,43.38749313354492
00209D.png,1.7005,0.48228058218955994,0.5642316680465234,0.8817322769184371,6.103322982788086,35.652000427246094,0.9514424925445273,0.5654986314822461,6.57581901550293,3.576996515204792,11.191773414611816,3.1937801837921143,38.7292594909668,0.6232131123542786,1.764162302017212,0.7507851719856262,0.018833253532648087,17.250747680664062,0.594070410633044,0.013806634249488301,0.4938943088054657,0.5052283406257629,0.5549391586221698,3.996119610495153,30.33172607421875,36.44666290283203
00213D.png,1.6919,0.4400045871734619,0.5639863105036704,0.880228176922922,5.759944915771484,30.95478630065918,0.9550516844534304,0.5886554117628778,6.2322282791137695,3.38171957848569,9.856206893920898,2.802992343902588,27.616313934326172,0.5687922835350037,1.8276091814041138,0.7472004890441895,0.01098382007330656,19.592466354370117,0.5996866760119947,0.010953546546095289,0.49804311990737915,0.4477846920490265,0.5777910653015977,3.85241227402551,29.39276123046875,42.80173110961914
00218D.png,1.7145,0.45202165842056274,0.5774732968960252,0.8803419660800976,5.781167984008789,31.666038513183594,0.9562758848852358,0.5893587515046931,6.38716983795166,3.5134543748418743,9.17000961303711,2.846327781677246,30.89798927307129,0.6000009775161743,1.8054852485656738,0.7618106007575989,0.014546450227499008,18.37242889404297,0.5907102791826857,0.013857295554963421,0.5042355060577393,0.5107067823410034,0.5795005021767479,4.031715855188705,29.77655029296875,39.22696304321289
00225D.png,1.6842,0.47775229811668396,0.5668243770402404,0.8804904148797722,5.705366134643555,36.40718460083008,0.9636506020633628,0.5867925034851231,6.477494239807129,3.4527811979080543,10.16157054901123,3.278970718383789,27.464067459106445,0.560251772403717,1.816298007965088,0.783562183380127,0.014640554785728455,18.344425201416016,0.6000139170365459,0.015587629632719275,0.5146068930625916,0.4909963607788086,0.6081318125911697,3.765036254174309,31.43768310546875,40.384864807128906
00229D.png,1.6814,0.45866426825523376,0.6154435572695925,0.8808146571123817,5.49016809463501,27.799863815307617,0.963683897565407,0.5733904595389764,6.331599235534668,3.6378251521141696,7.811244487762451,2.4752678871154785,24.64670181274414,0.4903516471385956,1.8583651781082153,0.8059024810791016,0.012908701784908772,18.89117431640625,0.5818741562113499,0.012050243793665141,0.5127410888671875,0.4603828489780426,0.6151060657682662,4.400985066771922,27.75799560546875,31.7989501953125
00233D.png,1.7042,0.4756585955619812,0.5498138752532618,0.8782220483871807,5.770476818084717,35.25063705444336,0.9590501208356432,0.5712507413890794,6.468498229980469,3.3645885723869764,9.774138450622559,3.1546120643615723,27.800283432006836,0.5842483639717102,1.7767930030822754,0.7775912880897522,0.013979480601847172,18.54509162902832,0.5737414674949266,0.016854440766681727,0.5114978551864624,0.527990996837616,0.5678576643017903,4.345377740705437,28.07489013671875,27.53999900817871
00237D.png,1.7021,0.5854901671409607,0.6466864638933718,0.8783259213489352,5.452646255493164,54.48845672607422,0.9645425209190979,0.5954365651927895,7.2079854011535645,4.093740505496166,14.409194946289062,4.837509632110596,46.12550735473633,0.5590466856956482,1.7156903743743896,0.8437246084213257,0.05110018700361252,12.915775299072266,0.7074447113671605,0.010084693849396082,0.4940802752971649,0.5180914402008057,0.6871707065481806,4.108155927360284,34.82537841796875,34.679779052734375
00241D.png,1.7114,0.616081714630127,0.625322078262884,0.883147777908803,5.13492488861084,63.628971099853516,0.9733085473984724,0.6734099673208888,7.252690315246582,3.8731351189772347,14.907391548156738,5.684112071990967,41.80025100708008,0.5516481995582581,1.757339358329773,0.8593063950538635,0.052806347608566284,12.773139953613281,0.7522657937177493,0.008671460122434884,0.5000202655792236,0.5037727952003479,0.7441650142670629,3.76192297854516,31.35125732421875,41.405513763427734
00245D.png,1.6929,0.5831244587898254,0.6751168006417795,0.8829233393087533,5.1234235763549805,66.24202728271484,0.9704436306938069,0.635269070370685,7.3312835693359375,4.204202593323615,17.86280632019043,6.038357734680176,45.56024932861328,0.5057080984115601,1.8002592325210571,0.845930278301239,0.05182240903377533,12.854825019836426,0.7698476550434948,0.006615909248947377,0.49517735838890076,0.5041007399559021,0.7233615983356295,3.5092621379080704,27.09783935546875,45.80400848388672
00258D.png,1.6922,0.5624533295631409,0.6721001116327995,0.8882814895717014,5.665353298187256,52.066341400146484,0.9634322545550038,0.6309436362177933,7.386622428894043,4.386128613544063,13.641966819763184,4.687066078186035,59.42903137207031,0.6321964263916016,1.8883640766143799,0.8507331013679504,0.058628201484680176,12.31893539428711,0.7320643297841887,0.006488758126970055,0.48174041509628296,0.472432941198349,0.7150095848398448,3.3532696956739554,25.87518310546875,42.858009338378906
00262D.png,1.6872,0.5744129419326782,0.651585746893947,0.8843126272182975,5.56778621673584,52.15485763549805,0.964571655718797,0.6218289639820018,7.284680366516113,4.187252789699135,13.999735832214355,4.740537643432617,58.75064468383789,0.5506729483604431,1.9142277240753174,0.841612696647644,0.056356944143772125,12.490525245666504,0.7461453976957156,0.005987837180842279,0.4892452359199524,0.4852595031261444,0.7171212972529688,3.423140937319201,25.38787841796875,43.90951156616211
00266D.png,1.6874,0.5095695853233337,0.5833385889711719,0.8851469553645287,5.651578426361084,38.34758758544922,0.9665379747901627,0.5813488804888148,6.577064037322998,3.566729149495007,11.540678024291992,3.4486422538757324,35.71732711791992,0.43243488669395447,1.8968368768692017,0.7874780893325806,0.023498371243476868,16.289623260498047,0.6314609348989756,0.016850035806634998,0.48783406615257263,0.46063727140426636,0.6419443316013738,4.010483749979913,14.57098388671875,41.20466613769531
00270D.png,1.6879,0.6099424958229065,0.6117154192607422,0.8804636029753415,5.6454291343688965,51.34919357299805,0.9669722652289086,0.562116511249104,7.146416664123535,3.9124946115508603,14.66435432434082,4.589038372039795,48.045623779296875,0.49975720047950745,1.7211627960205078,0.8038585782051086,0.05982448533177376,12.231210708618164,0.6920670265166563,0.01267076760802899,0.48429933190345764,0.4649854004383087,0.6747337133247278,3.852723047700932,28.64959716796875,48.12489318847656
00275D.png,1.6939,0.620768129825592,0.6146062267911001,0.89189508362288,5.568079948425293,56.66994857788086,0.9661412707699288,0.572022133013949,7.314026832580566,3.958722194819183,14.46778678894043,5.0812482833862305,51.1075553894043,0.6818697452545166,1.7935266494750977,0.818459689617157,0.06079990044236183,12.160972595214844,0.6760020444537455,0.01122213095321603,0.47647976875305176,0.5034361481666565,0.6670079123103873,3.3781989877853773,34.27508544921875,48.994014739990234
00279D.png,1.694,0.5692738890647888,0.6558569470775839,0.8837468605368153,5.7879862785339355,46.701255798339844,0.9682192815247419,0.569817539274574,7.062563419342041,4.214072780664422,13.115019798278809,4.169072151184082,52.739017486572266,0.5222803354263306,1.8699464797973633,0.7824791669845581,0.04855039343237877,13.138073921203613,0.6788525865656029,0.01148576173675807,0.4849989116191864,0.46005481481552124,0.6542704851852299,3.839988939195447,33.57928466796875,48.32041549682617
00283D.png,1.6877,0.5537689924240112,0.6569172462929884,0.8836557020922025,5.7183732986450195,49.39360046386719,0.9663327474510457,0.5797248255655452,7.069732666015625,4.200375158268253,13.956600189208984,4.455729961395264,55.124019622802734,0.5532688498497009,1.8548662662506104,0.7994658946990967,0.04872351512312889,13.122614860534668,0.6714385751698784,0.014088866441996346,0.48716405034065247,0.5011282563209534,0.6510965967592945,3.854007376653625,35.67449951171875,41.72636795043945
00287D.png,1.7077,0.5419158935546875,0.5863434529788509,0.8820569489578376,5.993156909942627,52.152740478515625,0.9575752056856031,0.5598822453765354,6.904790878295898,3.7813237847477055,15.123927116394043,4.708055019378662,52.772369384765625,0.5965472459793091,1.7570773363113403,0.7272384762763977,0.03855336457490921,14.139376640319824,0.6421148759301128,0.016364443171855262,0.48070088028907776,0.522585928440094,0.5775258069763994,3.532745471951926,32.31268310546875,48.97767639160156
00291D.png,1.7008,0.5378613471984863,0.5870431870812738,0.881944378452446,5.939216136932373,41.24597930908203,0.9566517562132432,0.5485359297778627,6.775236129760742,3.731976495061396,12.247958183288574,3.6768436431884766,50.376956939697266,0.5301852822303772,1.8182891607284546,0.7335516214370728,0.037896156311035156,14.214049339294434,0.6164952755486234,0.012652004767303411,0.47937390208244324,0.47239628434181213,0.5749821827276399,3.95760558938863,33.64080810546875,45.14704895019531
00298D.png,1.6772,0.531719982624054,0.60743705170702,0.8809876589474348,6.048146724700928,41.74940872192383,0.9532066309057043,0.5669799216075367,6.768951416015625,3.892800568253641,12.730999946594238,3.721768856048584,52.865943908691406,0.5233392119407654,1.8101420402526855,0.7441517114639282,0.04034923017024994,13.941648483276367,0.6278273902680112,0.01114688881796477,0.46792876720428467,0.4763982892036438,0.5912188423885554,3.982719804214293,32.00018310546875,45.97843933105469
00303D.png,1.6908,0.547488808631897,0.5757390132141814,0.8764106360500742,5.992250442504883,42.20203399658203,0.9514334783532855,0.5663927784277302,6.965108394622803,3.730038675470233,12.002556800842285,3.6899898052215576,46.99507141113281,0.5663824081420898,1.7416538000106812,0.7938278913497925,0.03747939690947533,14.26207447052002,0.631398563194561,0.011152635512513671,0.47465264797210693,0.49200230836868286,0.5925274686828357,4.34201517960938,37.84881591796875,39.08872985839844
00307D.png,1.7057,0.6258379220962524,0.5879556140333306,0.8725446077675534,6.31131649017334,48.631263732910156,0.9486836254439618,0.5416582798145794,7.413456439971924,4.034788533111772,13.771334648132324,4.278426170349121,56.96261978149414,0.515641987323761,1.7071864604949951,0.8213611245155334,0.06607654690742493,11.79952621459961,0.6718356644406349,0.011155128906832349,0.46279969811439514,0.46185192465782166,0.6160233612633712,4.26579107129488,26.75213623046875,54.5726318359375
00311D.png,1.6776,0.5904239416122437,0.6273166208709492,0.8833358922987731,5.616085529327393,46.04247283935547,0.9684213288235611,0.5620166818398522,7.199372291564941,4.019685820788213,12.632208824157715,4.070858478546143,48.7298469543457,0.5064563751220703,1.8421244621276855,0.8337780833244324,0.05400305986404419,12.67581558227539,0.6901587942790957,0.009517360689019285,0.482102632522583,0.46624723076820374,0.6810554307438801,4.0930219965199734,33.34002685546875,48.642242431640625
00315D.png,1.6914,0.5681474804878235,0.5914927338352557,0.882014645478272,5.839383125305176,46.133399963378906,0.9618416066718004,0.5662402890876155,7.179292678833008,3.850236312565521,12.801702499389648,4.125314235687256,48.709346771240234,0.5175772309303284,1.812307596206665,0.7887072563171387,0.04442760720849037,13.52347183227539,0.6577997699023608,0.01197163988135259,0.47581154108047485,0.48406553268432617,0.6412011979165437,3.7944300612004023,30.97723388671875,48.97365951538086
00319D.png,1.686,0.557892918586731,0.5550676405356381,0.8801200400771356,6.154056549072266,39.640533447265625,0.9553303423752924,0.5392618129890997,6.871860504150391,3.6151418961965973,11.669925689697266,3.5068140029907227,48.039649963378906,0.5181348919868469,1.7791497707366943,0.7504002451896667,0.03783365339040756,14.22121810913086,0.6132902985169196,0.014260855281869681,0.47879719734191895,0.498046338558197,0.568767470638595,4.090501997288379,28.70672607421875,48.472984313964844
00323D.png,1.6995,0.562103271484375,0.5949676592673743,0.8824910084665387,5.6141557693481445,41.484371185302734,0.964825288431105,0.5579155475723226,6.995262145996094,3.751108264894336,11.835413932800293,3.692561149597168,46.34236526489258,0.565251886844635,1.8075177669525146,0.8302075266838074,0.04125366359949112,13.845376014709473,0.6491247738704881,0.012481874105075966,0.48567289113998413,0.5323066711425781,0.6476186543147808,4.04544683929053,30.42987060546875,50.62751007080078
00327D.png,1.6772,0.5925171375274658,0.6322227542395558,0.8888038385638679,5.366837978363037,51.63431167602539,0.9706271195486065,0.5837509267207068,7.262479782104492,3.9922820786232105,13.68187427520752,4.62782096862793,50.61921691894531,0.6408238410949707,1.876851201057434,0.8428105115890503,0.053949903696775436,12.680093765258789,0.7070096237076298,0.01078024357951107,0.48256540298461914,0.5195545554161072,0.6947250222874964,3.8971848406358918,33.17010498046875,42.09477615356445
00332D.png,1.691,0.5966047644615173,0.5442185419641268,0.8833875802938294,6.231046199798584,52.20481872558594,0.960221369090834,0.5889238639675803,7.270001411437988,3.673769524622937,13.57401180267334,4.5382161140441895,49.85797119140625,0.5910913944244385,1.7796518802642822,0.793717086315155,0.04289574548602104,13.675857543945312,0.6421930606615383,0.014202267592486297,0.49828004837036133,0.5159429907798767,0.6182073629466044,3.7255977062642085,40.59246826171875,46.12334442138672
00337D.png,1.6918,0.5808541774749756,0.540333598087663,0.8831818576990046,6.308129787445068,39.397647857666016,0.9546393546837229,0.543145653484584,6.988803386688232,3.592399053068222,10.483236312866211,3.4593091011047363,48.00331115722656,0.590226948261261,1.814887285232544,0.7412608861923218,0.035287000238895416,14.523853302001953,0.5650851817090375,0.016615264781706413,0.4851748049259186,0.4783523678779602,0.5474376866018795,3.8914183504005506,32.26531982421875,46.318092346191406
00341D.png,1.6924,0.5933781862258911,0.580326911932032,0.8824041693025283,6.055161952972412,38.96400833129883,0.9572163339339138,0.5438766798353888,7.076756477355957,3.810412667075356,10.625435829162598,3.3782496452331543,50.485939025878906,0.5736310482025146,1.8059039115905762,0.8019782304763794,0.04460630565881729,13.506036758422852,0.605395172986231,0.013559378719681095,0.48354867100715637,0.5138648152351379,0.5948754593164921,4.243890916188075,31.49676513671875,40.61933898925781
00345D.png,1.7061,0.5734249949455261,0.5728201983519449,0.8824972316274181,6.050447463989258,41.76024627685547,0.9539744996478436,0.5366375004664727,7.039850234985352,3.7492030493953905,11.258532524108887,3.655322790145874,52.60301971435547,0.6034360527992249,1.7788121700286865,0.7506002187728882,0.04301226884126663,13.664077758789062,0.5969205109931282,0.01610094931515003,0.481071412563324,0.5076395869255066,0.5629489113469524,3.981110062518615,30.76434326171875,40.759422302246094
00349D.png,1.6872,0.4872278571128845,0.5853808017143284,0.889673360864547,5.890268325805664,34.137298583984375,0.9561561426314071,0.5869199171927744,6.398197650909424,3.5967259551971384,10.226459503173828,3.0227906703948975,45.463844299316406,0.6645241379737854,1.8324980735778809,0.7650009989738464,0.02051708847284317,16.878843307495117,0.5907882858326399,0.01293741817153557,0.5129011273384094,0.5224752426147461,0.5723360613517514,3.9636001180036975,31.06951904296875,42.346588134765625
00353D.png,1.6963,0.5122923254966736,0.6270107183958541,0.8885199044504133,5.84939432144165,36.62561798095703,0.9571056788964806,0.5842329236891205,6.779078006744385,3.959104343659215,10.37859058380127,3.2590653896331787,47.11670684814453,0.6634243130683899,1.8074647188186646,0.7769188284873962,0.027408860623836517,15.621089935302734,0.6122910735404948,0.012424564090214623,0.4960511326789856,0.5102965831756592,0.610528257685337,3.9661899081401666,29.93377685546875,45.082942962646484
00357D.png,1.702,0.615061342716217,0.4653179155148622,0.8838779357914969,6.759777545928955,46.57460403442383,0.9288481891965334,0.559655202195811,7.201483249664307,3.2482202499329205,11.459739685058594,4.108858108520508,48.715824127197266,0.711129903793335,1.6706528663635254,0.6365810036659241,0.024597670882940292,16.0910587310791,0.4750101710552205,0.024283907082622798,0.5108956098556519,0.5321342945098877,0.4114646309149523,3.465754037052607,29.68621826171875,43.9033203125
00361D.png,1.7047,0.559505045413971,0.6435620712649943,0.8864551610124229,5.722504615783691,40.6567268371582,0.9668759959675155,0.5268147427700791,6.808738708496094,4.032327298561876,11.183130264282227,3.608830690383911,42.46693420410156,0.6460307240486145,1.8085697889328003,0.8022280335426331,0.031111061573028564,15.070852279663086,0.629519599740743,0.018362048826271758,0.4932405948638916,0.5539918541908264,0.6153542693230302,3.9750135591682523,29.92791748046875,41.01331329345703
00367D.png,1.6916,0.5778119564056396,0.6797028947855264,0.8853733221770155,5.318146705627441,45.841068267822266,0.9707425456399483,0.5507448494083486,6.940797328948975,4.166231274032656,12.172039031982422,4.084277629852295,42.58720016479492,0.6039789915084839,1.8485990762710571,0.8331022262573242,0.04255881905555725,13.710103988647461,0.6814605962996283,0.01423674205705835,0.48751819133758545,0.5280826091766357,0.6839709567411077,3.616155919495456,30.07147216796875,41.9287223815918
00371D.png,1.7087,0.5804968476295471,0.6448209470043758,0.8838662105868276,5.478240966796875,52.596683502197266,0.9680076145943569,0.5865608565508829,7.125167369842529,4.063481593267166,13.318427085876465,4.705593585968018,44.360496520996094,0.6004127264022827,1.7889877557754517,0.8309890627861023,0.04436115548014641,13.529973030090332,0.6906536376490482,0.014199401165024016,0.4926890730857849,0.5352517366409302,0.6825361027350199,3.7621039003162746,31.88104248046875,44.987674713134766
00375D.png,1.7077,0.5917624831199646,0.6098585193143818,0.881583326189827,5.535114288330078,51.07028579711914,0.9623037693941553,0.580124308963714,7.19993257522583,3.8832991948009017,12.270203590393066,4.544589042663574,43.02388381958008,0.5852407217025757,1.7713122367858887,0.8313447833061218,0.04982616752386093,13.025425910949707,0.659461405678187,0.01579957227087406,0.49553459882736206,0.5381010174751282,0.6666836377700245,3.8819348859087857,36.72039794921875,40.80492401123047
00379D.png,1.6971,0.5881820917129517,0.6159442913573095,0.8911420158511505,5.66635274887085,50.27619552612305,0.9673289700133146,0.6201490034374905,7.217207908630371,3.9677883219673085,12.791666984558105,4.46610164642334,51.878379821777344,0.6678784489631653,1.8835337162017822,0.8533592224121094,0.051999226212501526,12.840030670166016,0.6929514071449021,0.01207905706637948,0.4921986758708954,0.5511392951011658,0.6918871775340227,3.3165712510052563,32.94256591796875,43.03730773925781
00383D.png,1.6833,0.576831042766571,0.6095111024826864,0.8915013461337349,5.57365608215332,55.98621368408203,0.9683403010711334,0.6488488028401711,7.308754920959473,3.925996717386777,13.793664932250977,4.989340782165527,45.901363372802734,0.687323272228241,1.7726644277572632,0.8553781509399414,0.04116230830550194,13.855003356933594,0.6973366810343777,0.012516033677772447,0.5017075538635254,0.5276939868927002,0.703989007010077,3.648137391612247,35.15936279296875,45.753936767578125
00388D.png,1.6699,0.5573511719703674,0.6148433237160733,0.8913441678194302,5.481961250305176,51.35676574707031,0.9716372876817776,0.6210274569625979,6.9257612228393555,3.8144133684347175,13.230525970458984,4.599522590637207,40.3427848815918,0.6861044764518738,1.7283843755722046,0.8244696855545044,0.03681594878435135,14.339639663696289,0.7116208173779381,0.010201892098029295,0.49486929178237915,0.5190715789794922,0.7051615683790201,3.5584512658193863,31.82342529296875,38.25288009643555
00392D.png,1.6892,0.6042697429656982,0.5984870616801025,0.8846237302081218,5.62052059173584,52.64887619018555,0.9681538190442734,0.6221707547043809,7.123814582824707,3.813669798031478,13.658249855041504,4.729488372802734,45.30698013305664,0.600020706653595,1.7822198867797852,0.7835907936096191,0.04383999481797218,13.581295013427734,0.6978327458784944,0.010901946676776525,0.48055779933929443,0.47550079226493835,0.6808984449085449,3.3416781670871294,28.24725341796875,48.557559967041016
00396D.png,1.6872,0.6008166670799255,0.6041324962007406,0.8876144410126634,5.582663536071777,54.816036224365234,0.9706061238488615,0.6223850704763031,7.19468355178833,3.859615892608762,14.441349029541016,4.947113513946533,44.580848693847656,0.6458780765533447,1.760023832321167,0.7960464358329773,0.04531335458159447,13.437738418579102,0.7154825059827211,0.00954750774881958,0.48525914549827576,0.48515310883522034,0.6987109808089604,3.308967733106251,29.18426513671875,41.42333221435547
00400D.png,1.6888,0.5558847188949585,0.5561550373040509,0.8829358575671732,5.886582374572754,47.59678649902344,0.9660287785829758,0.6149839215840263,6.974175930023193,3.5762969241096947,13.138100624084473,4.250736713409424,40.9244270324707,0.5329940915107727,1.8143707513809204,0.7846444249153137,0.03004986234009266,15.221575736999512,0.6833635037199193,0.008911522712335121,0.49226438999176025,0.47692418098449707,0.6682272480453285,4.035288139321324,36.12860107421875,41.54444885253906
00404D.png,1.6753,0.5392313003540039,0.557505880466799,0.8818986437472126,5.811349868774414,47.87238693237305,0.9648007356715232,0.6340631027307982,6.931989669799805,3.5522526562830805,13.651368141174316,4.303775310516357,39.28971481323242,0.5360288023948669,1.7889121770858765,0.8039349317550659,0.027334118261933327,15.632949829101562,0.6901754478181089,0.008711385320936977,0.4948410391807556,0.46691399812698364,0.668385568517299,3.688060182206723,33.38592529296875,47.56715393066406
00408D.png,1.7022,0.5918273329734802,0.5935195018060998,0.8837809033689485,5.423954963684082,54.811973571777344,0.9735611369566198,0.6320724937434979,7.1866302490234375,3.742324435067845,13.278674125671387,4.876199245452881,41.376617431640625,0.5211183428764343,1.8359689712524414,0.8246579170227051,0.03843841701745987,14.152345657348633,0.670377115107272,0.01525784111425503,0.51838219165802,0.5225231051445007,0.6906055748270402,3.66852532947785,38.29022216796875,46.49174499511719
00412D.png,1.6823,0.619995653629303,0.6044399744615533,0.885313320718546,5.653506278991699,54.52255630493164,0.9722886765801884,0.5906419664977087,7.115908145904541,3.8591822629268737,14.712596893310547,4.788959503173828,45.15132141113281,0.4513891339302063,1.8500434160232544,0.8103667497634888,0.0520893856883049,12.832508087158203,0.711645214484978,0.009214363905131152,0.48723816871643066,0.4817867577075958,0.6981777481521599,3.824818475951391,36.48162841796875,52.44442367553711
00416D.png,1.7031,0.6300513744354248,0.47868849492833415,0.8759727527415646,6.354381084442139,51.774879455566406,0.9498008902790523,0.5707173917953201,7.084056854248047,3.216420959303024,13.86762523651123,4.554209232330322,43.2151985168457,0.5521295666694641,1.7095928192138672,0.7111714482307434,0.03439205139875412,14.635419845581055,0.5629029225889164,0.020246590944160765,0.5173654556274414,0.5226538181304932,0.4996836440112533,3.9608850063957406,36.44842529296875,37.97041320800781
00420D.png,1.6928,0.5968942046165466,0.6079207187874921,0.8866862578868415,5.634169101715088,50.0727424621582,0.9637810183259407,0.6105822618713341,7.1717753410339355,3.8925096530975996,13.327261924743652,4.484263896942139,45.72695541381836,0.42320987582206726,1.8582273721694946,0.795345664024353,0.048422928899526596,13.149490356445312,0.6900911629103959,0.009981616528392868,0.48668479919433594,0.4762461483478546,0.6809253031400363,3.4069933367651175,29.38006591796875,48.638671875
00427D.png,1.6998,0.6610484719276428,0.42744287385807544,0.8762828155658106,6.554531097412109,48.019866943359375,0.9278275739721119,0.5649375109681368,7.263278007507324,2.9531695672315426,11.888333320617676,4.181239604949951,44.42974853515625,0.5833873748779297,1.731259822845459,0.6332500576972961,0.029298758134245872,15.331507682800293,0.5120561663247152,0.02194485602826628,0.5130699276924133,0.49253734946250916,0.4287435096034373,3.5921007251988164,28.81658935546875,38.77644729614258
00431D.png,1.6931,0.5763877630233765,0.6280157296708021,0.89122559220872,5.660350799560547,46.07757568359375,0.9689775986496048,0.5978017126888177,7.316795825958252,4.074936801880584,12.006416320800781,4.057755947113037,48.85569381713867,0.6733751893043518,1.8397762775421143,0.8319277167320251,0.03855979070067406,14.138652801513672,0.6495059486421251,0.01497316474086159,0.5105836391448975,0.5401303768157959,0.6655171918936659,3.8793553446238045,33.21942138671875,33.72140121459961
00435D.png,1.67,0.5570136308670044,0.6406634822664621,0.8859951355632739,5.428214073181152,49.488609313964844,0.9630006124802983,0.567491206583947,7.384805202484131,4.104427765893373,12.510128021240234,4.518229961395264,52.72967529296875,0.609004557132721,1.8875222206115723,0.7790875434875488,0.05052471160888672,12.964962005615234,0.6595071904388603,0.014424897470740473,0.4880297780036926,0.4923011064529419,0.6575042299257999,3.533765658284225,26.72479248046875,48.99187469482422
00440D.png,1.6905,0.5947527289390564,0.5548555087928677,0.8833637041239281,6.0285820960998535,48.49287796020508,0.9620459107597928,0.5243581206943516,7.093145847320557,3.640340639508903,11.831377983093262,4.283117294311523,43.838722229003906,0.5020818114280701,1.8435208797454834,0.7628841996192932,0.05005793273448944,13.005270957946777,0.6157214273420752,0.020546267253942898,0.5074652433395386,0.5291236639022827,0.5915726658968914,4.440857094139826,30.42547607421875,44.3646240234375
00444D.png,1.6905,0.6080255508422852,0.5504840624808583,0.8947627451605542,6.217981815338135,44.507686614990234,0.957701544448586,0.6147121641759712,7.358670234680176,3.736874715433613,9.782441139221191,3.8249735832214355,45.97735595703125,0.7113950252532959,1.7170920372009277,0.7956809401512146,0.03129012882709503,15.045927047729492,0.60158385183716,0.01642302716225531,0.5183848142623901,0.5370675921440125,0.6299689140358404,4.81799181024608,36.54754638671875,35.35679626464844
00448D.png,1.6786,0.6023809909820557,0.6238666218390639,0.8885055301528482,5.710521697998047,55.97528839111328,0.9716902439980623,0.6327099976164015,7.323760986328125,4.065837150289386,13.908404350280762,4.909947872161865,46.91519546508789,0.6407559514045715,1.807800531387329,0.8244773745536804,0.04233874753117561,13.732620239257812,0.7207335285433956,0.00863270437348166,0.4949571192264557,0.5024778246879578,0.7097522007083766,4.153250629674418,39.31365966796875,49.40024185180664
00453D.png,1.6836,0.6056084632873535,0.6057581381958417,0.8884787632517822,6.108421802520752,57.774845123291016,0.9597237394248832,0.5759260479084973,7.381890296936035,4.085943799700516,15.68329906463623,5.199771404266357,59.896549224853516,0.6595056056976318,1.7845840454101562,0.7967523336410522,0.05610606446862221,12.50990104675293,0.654366266968007,0.010800641234098685,0.4943787157535553,0.554866373538971,0.6138710545087951,3.617293177257027,31.66033935546875,45.152732849121094
00457D.png,1.6809,0.6418523192405701,0.5759705601111638,0.8850507446400118,6.1305646896362305,56.80729293823242,0.9559663473975144,0.5603406605814003,7.454294681549072,3.9122494684694296,14.831014633178711,5.072537899017334,56.67423629760742,0.6282525062561035,1.771909475326538,0.7840465307235718,0.06551551818847656,11.83655834197998,0.6485982467920374,0.012075660983258518,0.4689900875091553,0.488996684551239,0.6124731971097638,3.6012723685970203,32.09344482421875,46.65171432495117
00462D.png,1.7009,0.6040773391723633,0.5840221467801748,0.886158591250777,6.267715930938721,56.159812927246094,0.9581190742006355,0.5735556707347214,7.293611526489258,3.960067832716982,15.014031410217285,4.993675231933594,55.94935607910156,0.6555964946746826,1.741971731185913,0.8076635599136353,0.04955761507153511,13.048897743225098,0.6518748460367505,0.01484228991983228,0.4914337992668152,0.5447061657905579,0.604736950648311,3.693074018718783,37.38641357421875,39.20420837402344
00466D.png,1.6987,0.6109321117401123,0.601675579158892,0.8857453833321863,6.11513614654541,49.96563720703125,0.9600689097045819,0.5767127960294627,7.383650779724121,4.060955523245992,13.529147148132324,4.3521223068237305,55.767459869384766,0.6606523394584656,1.719231367111206,0.8421329259872437,0.05308963358402252,12.749902725219727,0.6713877374773141,0.007959262365394218,0.4832403063774109,0.49403536319732666,0.6406492012050382,4.302459750420375,34.03143310546875,42.75111389160156
00481D.png,1.689,0.5894206762313843,0.5127767577526423,0.8815504293676603,6.113877773284912,52.85048294067383,0.9521219094668948,0.5371243813816673,7.312689304351807,3.4424246291552283,14.134429931640625,4.659834384918213,51.72294235229492,0.5160249471664429,1.7937376499176025,0.7614057064056396,0.0599052719771862,12.225350379943848,0.6030424929379864,0.012973145614646178,0.4954606890678406,0.5295179486274719,0.5686338983002742,4.0420311038928824,34.10418701171875,45.3734016418457
00486D.png,1.6753,0.6270973086357117,0.5396448445428053,0.8849981201901933,5.784872055053711,45.63327407836914,0.9593607296136805,0.47491514307387134,7.246872425079346,3.5162660443043894,11.362792015075684,3.954906463623047,40.66364288330078,0.6322402954101562,1.7413785457611084,0.7897969484329224,0.06726284325122833,11.722248077392578,0.6034525316169276,0.01305656668206894,0.48362210392951965,0.5421776175498962,0.5980488161501276,4.572798191703962,40.02020263671875,44.82040786743164
00491D.png,1.6741,0.5614357590675354,0.5287506684604208,0.8835070224703434,6.007023811340332,48.655391693115234,0.9558905857310044,0.5266970833379172,7.239523887634277,3.502069875223116,11.523698806762695,4.371980667114258,44.00532913208008,0.5736000537872314,1.8758552074432373,0.7712681293487549,0.052356649190187454,12.810281753540039,0.6036108445035576,0.017918471092055563,0.4958098232746124,0.5583612322807312,0.598966956529882,3.9073976401490094,27.18524169921875,45.751373291015625
00496D.png,1.6905,0.5888133645057678,0.545725759927522,0.8840586632793667,6.010987758636475,39.40065002441406,0.9544344778564778,0.48880352065202043,7.191049575805664,3.6023550011189833,8.910711288452148,3.3798537254333496,45.297569274902344,0.5767968893051147,1.8872745037078857,0.7900118827819824,0.06799714267253876,11.675094604492188,0.5681108042191992,0.014270955541716764,0.4744008183479309,0.5447487831115723,0.5951904809110146,4.7713021071870925,44.43572998046875,31.012554168701172
00500D.png,1.6824,0.6208471655845642,0.5349962348007046,0.8781408839619445,5.849347114562988,58.12211608886719,0.9524093293974633,0.5114837068311656,7.383500099182129,3.5397709061814737,14.31523323059082,5.226004123687744,48.8456916809082,0.5616828203201294,1.7223460674285889,0.7684358954429626,0.073578380048275,11.332498550415039,0.6284148718694811,0.014328016171191123,0.4744209051132202,0.5230226516723633,0.6044651337837297,3.6282687459362117,31.11151123046875,44.57635498046875
00504D.png,1.7155,0.6450160145759583,0.40119368866838656,0.884489927728128,6.837603569030762,68.69218444824219,0.9023210195030011,0.5523171917899489,7.343000411987305,2.844591413297419,16.47162437438965,6.218752861022949,47.1546745300293,0.6738230586051941,1.696075439453125,0.6690573692321777,0.04089197888970375,13.883618354797363,0.5310506630497626,0.017368528705057746,0.4993559718132019,0.5346881747245789,0.4544279118392412,2.885684412745793,23.72869873046875,43.08161926269531
00508D.png,1.6757,0.6328870058059692,0.6222175108744893,0.8870904331058996,5.3523030281066895,49.35453414916992,0.9584712435012944,0.49848534789753374,7.095758438110352,3.872711250736737,12.78624153137207,4.483248710632324,49.01125717163086,0.6194638013839722,1.8870856761932373,0.7717463374137878,0.08577615767717361,10.66633415222168,0.6261867242837045,0.011900084571977759,0.48084914684295654,0.5134154558181763,0.6204363559414788,3.267712582024662,21.24774169921875,48.12105178833008
00512D.png,1.6792,0.6135904788970947,0.6671755829530382,0.8832138556811899,5.5559186935424805,38.18488311767578,0.9550500271403398,0.47964028699397954,7.250976085662842,4.2722355323715515,9.74952507019043,3.343644618988037,52.723453521728516,0.5941882133483887,1.7773828506469727,0.7881596088409424,0.08160046488046646,10.883073806762695,0.5719580398818217,0.014857318509466377,0.47892051935195923,0.5253590941429138,0.5995407464087823,4.418560928072217,27.95965576171875,34.392696380615234
00516D.png,1.6833,0.6012628078460693,0.5841730617685748,0.8809660126644282,5.8229169845581055,47.6671142578125,0.9545086491783391,0.4942462768328764,7.219146728515625,3.809421195457025,12.916242599487305,4.275193214416504,52.634613037109375,0.6191491484642029,1.7212822437286377,0.750333309173584,0.07104900479316711,11.484420776367188,0.5826840218709284,0.016011975280125313,0.4811843931674957,0.5614595413208008,0.5567461576124114,3.448761174924175,26.60614013671875,44.970130920410156
00521D.png,1.6649,0.5655031204223633,0.6107572574241991,0.8838240172327928,5.691402912139893,40.316070556640625,0.9559199912724168,0.5153374204798794,7.139737606048584,3.918366926798077,11.211886405944824,3.5641422271728516,49.82537841796875,0.5873068571090698,1.8427139520645142,0.7767375111579895,0.058430276811122894,12.33362102508545,0.5755848756036377,0.01525265775326368,0.48570746183395386,0.5522043108940125,0.57725477282685,3.6529047995153294,27.97430419921875,42.35333251953125
00526D.png,1.6877,0.558937668800354,0.5485088148440816,0.8824616267987159,6.405816555023193,44.11387634277344,0.9441991679602401,0.4795331045146735,7.063126087188721,3.6939262987929293,12.175923347473145,3.962904930114746,50.214080810546875,0.5892746448516846,1.8243159055709839,0.7461935877799988,0.04998024180531502,13.012016296386719,0.5312304947960527,0.013636507809482857,0.47064876556396484,0.5445519685745239,0.4966393117451835,3.22362134096716,26.67791748046875,40.64241027832031
00533D.png,1.6664,0.5974860787391663,0.6315084158305618,0.8828248252397433,5.624078273773193,44.935646057128906,0.9599718110231281,0.42892679020442626,7.046725273132324,4.000870708282763,12.598060607910156,3.9735844135284424,47.647315979003906,0.5116733908653259,1.8630459308624268,0.8018345832824707,0.07004836201667786,11.5460205078125,0.6136014016275808,0.014687920508948306,0.4771660268306732,0.5507035255432129,0.5883494969965646,3.6495879123885717,36.63885498046875,46.714996337890625
00537D.png,1.6819,0.5479188561439514,0.6159902436385193,0.8778392865851943,5.727787017822266,39.10850524902344,0.9474870445474297,0.4666666169318952,6.84605598449707,3.872692550830923,11.351765632629395,3.466285467147827,46.40938949584961,0.511195719242096,1.7603611946105957,0.752595841884613,0.0536721870303154,12.702507019042969,0.5874333719187668,0.013384281934884341,0.49209052324295044,0.49994534254074097,0.5747650050641288,4.2890139453270315,33.92059326171875,38.39604568481445
00546D.png,1.6906,0.5295876264572144,0.6588317867718005,0.8810954750905867,5.603472709655762,32.07099151611328,0.9562201160496724,0.4496747716273325,6.736812591552734,4.065097458199075,10.082229614257812,2.7982418537139893,43.358821868896484,0.5058367848396301,1.8242366313934326,0.7379117608070374,0.04676295444369316,13.300981521606445,0.5549142603002937,0.013070249050570906,0.4826364815235138,0.5096666812896729,0.5499609002629132,4.236968228357812,31.43670654296875,49.39897155761719
00551D.png,1.6734,0.613287091255188,0.6170535891250657,0.880650066661486,5.392967224121094,41.179359436035156,0.9528233335198809,0.45125927042307906,7.189035415649414,3.8818957426645877,11.568763732910156,3.667120933532715,39.435821533203125,0.5403851270675659,1.7791728973388672,0.7427114248275757,0.06812147051095963,11.667160034179688,0.5434190084040027,0.014852851359305889,0.46062350273132324,0.458751380443573,0.5479181947796637,3.8362507464292577,31.01922607421875,44.92818069458008
00555D.png,1.6982,0.542614758014679,0.5303235017704908,0.8896111818677235,6.745616436004639,36.96882247924805,0.8873735292837636,0.4485609452543249,6.919369697570801,3.6234411504799873,9.569930076599121,3.2754406929016113,53.87493133544922,0.7255431413650513,1.744987964630127,0.7259661555290222,0.035678964108228683,14.475878715515137,0.4308891691739058,0.013857002952287126,0.44182252883911133,0.5201435685157776,0.42127061004990785,3.66181956899599,17.79852294921875,31.907983779907227
00559D.png,1.6704,0.47230175137519836,0.6208835397658271,0.8823860191645507,5.675743579864502,29.356430053710938,0.9358643961812577,0.45476774949647597,6.588301181793213,3.807282711800445,8.363715171813965,2.602273464202881,42.415809631347656,0.6155200600624084,1.841383934020996,0.7407183647155762,0.034306179732084274,14.64627742767334,0.4906577276122126,0.013151644027428331,0.45691967010498047,0.49073970317840576,0.501028717005111,4.062269848843265,22.79315185546875,30.85483741760254
00563D.png,1.6896,0.5972337126731873,0.6077143698522331,0.8845829950935077,5.852781772613525,47.364009857177734,0.9500343626823254,0.49460530993874946,7.346706390380859,4.010770060227156,12.311722755432129,4.221395969390869,53.28024673461914,0.6375641822814941,1.7837064266204834,0.7467327117919922,0.0750616267323494,11.245820999145508,0.5797632801082173,0.014401365477327819,0.4655885696411133,0.5252127647399902,0.5745803978352283,4.079119953239264,25.86688232421875,39.836029052734375
00567D.png,1.693,0.5919078588485718,0.5287414115153948,0.8746778195762305,6.227975368499756,46.63058853149414,0.9390027272657239,0.5033052609697635,7.158056259155273,3.5388836775851917,12.193044662475586,4.120474338531494,51.02476501464844,0.527789294719696,1.7545322179794312,0.7740271091461182,0.06198861077427864,12.076881408691406,0.5694667219715209,0.016170071789838668,0.46975958347320557,0.5415697693824768,0.5351453923642124,3.840506089475908,37.22918701171875,47.009830474853516
00571D.png,1.6903,0.5389311909675598,0.519161191496204,0.8798355594356256,6.147576808929443,45.786460876464844,0.9360367509699477,0.5326044302661558,7.099788188934326,3.4387676128074833,12.032970428466797,4.112051486968994,46.946083068847656,0.4907642900943756,1.8009040355682373,0.7510271072387695,0.04287426918745041,13.678033828735352,0.5516798335188238,0.016141345348401864,0.48270919919013977,0.5323606729507446,0.5458080188859046,3.6662470745913676,24.55731201171875,49.02061080932617
00581D.png,1.694,0.5165191292762756,0.6414333181535818,0.8836040614229174,5.701140880584717,29.159921646118164,0.9513283839817693,0.4505724587743462,6.596655368804932,3.9441191505061397,8.322672843933105,2.5838024616241455,54.9742431640625,0.6427317261695862,1.7710161209106445,0.7385932207107544,0.059425003826618195,12.260307312011719,0.5028745564594209,0.018297597999027224,0.47963452339172363,0.5253664255142212,0.5236580469930056,4.090906021536782,25.00799560546875,42.37560272216797
00587D.png,1.6891,0.6125075221061707,0.6080478046921209,0.8838796971282921,5.888131618499756,25.95343780517578,0.9363590226597556,0.4998880818822638,7.271194934844971,4.0007592794305396,6.230644702911377,2.2245187759399414,48.874271392822266,0.5065721273422241,1.9267189502716064,0.7650471329689026,0.05634799972176552,12.491215705871582,0.4224654037841219,0.01120586846829201,0.4720323383808136,0.5418589115142822,0.47447166273994257,4.105535498118201,29.55828857421875,40.30659866333008
00591D.png,1.6752,0.5379881858825684,0.5741191752390521,0.8785768585336864,5.666252613067627,51.056297302246094,0.9591063969065028,0.5192317923870239,6.881657123565674,3.602007708278432,14.256150245666504,4.608747482299805,40.5560417175293,0.5353530645370483,1.760729193687439,0.7635433673858643,0.04126132279634476,13.844568252563477,0.604695558113186,0.01375006317389501,0.49474862217903137,0.535187840461731,0.5718324729556397,3.688053587145409,29.62127685546875,49.759544372558594
00596D.png,1.665,0.5756880044937134,0.5692189176341053,0.8842504722380906,5.656862735748291,48.85334396362305,0.9538521977863669,0.49732922247392786,6.858382225036621,3.5619672383510768,14.239027976989746,4.436000347137451,49.09663772583008,0.46223947405815125,1.8879270553588867,0.7534154057502747,0.061203714460134506,12.132223129272461,0.5993079847766434,0.011489349597164107,0.48919177055358887,0.5093737840652466,0.5721206487267546,3.317622966840793,24.42694091796875,49.24651336669922
00600D.png,1.6771,0.6056899428367615,0.597668174625732,0.8843414726557395,5.541898727416992,39.29722213745117,0.95630531852091,0.4937257758389202,7.086341381072998,3.7737581188483293,11.249716758728027,3.455794334411621,44.34923553466797,0.46395227313041687,1.9016705751419067,0.7569615840911865,0.061375439167022705,12.120054244995117,0.5676713495728143,0.01283870789446204,0.4592742621898651,0.46615633368492126,0.6029910901044191,4.103397532718589,27.64910888671875,43.449371337890625
00606D.png,1.6772,0.5669296383857727,0.6229337862819438,0.8857105680994874,5.364943504333496,52.564083099365234,0.9579913944556822,0.49442085898931853,7.126281261444092,3.8906131447313914,14.161567687988281,4.7331037521362305,46.095584869384766,0.6316202878952026,1.7831894159317017,0.7539794445037842,0.05817732214927673,12.352462768554688,0.6262912985966403,0.012678412129049011,0.4718272089958191,0.5277031660079956,0.5966594687887417,3.639769286207377,28.72430419921875,50.21628189086914
00613D.png,1.6901,0.5232170820236206,0.5735037631457587,0.8772587277314999,5.797738075256348,47.8953971862793,0.9531482141091996,0.5275904624697015,7.021261692047119,3.675882106776031,11.93842887878418,4.281801700592041,43.91608428955078,0.5744273066520691,1.7155017852783203,0.7869316339492798,0.04237611964344978,13.728789329528809,0.6089313380156339,0.013035347734099622,0.4880087673664093,0.5365819334983826,0.6110380731128906,4.1028755301896895,33.00604248046875,48.88774108886719
00621D.png,1.6978,0.5672544240951538,0.5894328874657083,0.8817938476594228,5.55518102645874,51.24660110473633,0.9541697623870736,0.5359596953848813,7.305639266967773,3.790305544787312,12.17104721069336,4.535529136657715,42.84638977050781,0.6000156402587891,1.7505416870117188,0.7747170925140381,0.05538809671998024,12.565835952758789,0.6066318567080283,0.017633973582439077,0.4806513488292694,0.4862423837184906,0.652065243751531,4.0602653086750875,32.73455810546875,38.771217346191406
00626D.png,1.6778,0.5287958979606628,0.6753688489401944,0.883138278057439,5.459049224853516,48.67057418823242,0.9590194532710553,0.5353942378262404,7.008880615234375,4.210237379677885,13.782772064208984,4.409839153289795,48.289268493652344,0.5264316201210022,1.8869467973709106,0.7842505574226379,0.049661923199892044,13.039765357971191,0.6473402624252385,0.008795243599335312,0.5190580487251282,0.5397562384605408,0.6454708993405912,3.6649614953816387,30.35076904296875,45.51823806762695
00630D.png,1.6664,0.44854456186294556,0.49756511821570354,0.8779830620470263,6.4661784172058105,33.38884735107422,0.924752475251122,0.5241526149924249,6.436436653137207,3.209953974924888,9.485276222229004,3.0124754905700684,38.93661117553711,0.5304626226425171,1.7860183715820312,0.7181247472763062,0.02083549089729786,16.81196403503418,0.453642994395168,0.009247632187221735,0.5029396414756775,0.5610259771347046,0.44398033385511104,3.271947528474668,20.39031982421875,37.11774444580078
00634D.png,1.6902,0.5233845114707947,0.5986010687654726,0.8739152718933295,6.53058385848999,36.1834602355957,0.9206260107454762,0.4375929365308635,6.712080955505371,3.9635469975076383,10.499068260192871,3.2086589336395264,51.04399871826172,0.607551634311676,1.7342126369476318,0.6562069654464722,0.04247593879699707,13.718570709228516,0.44442633006577426,0.00942712618597974,0.48197439312934875,0.49940773844718933,0.39286570273659027,3.15008984689463,21.94940185546875,36.67625427246094
00638D.png,1.6851,0.4572243392467499,0.6264561884038814,0.8805888496109279,5.86885929107666,32.497650146484375,0.9482869315618117,0.5154935243615402,6.640480041503906,3.9182872889037768,9.663958549499512,2.871490240097046,42.26457977294922,0.5364089012145996,1.8604710102081299,0.7416688203811646,0.03399474546313286,14.685882568359375,0.5478636738582228,0.010373097643398065,0.49586957693099976,0.509993851184845,0.552343478298165,4.037752282257994,28.39080810546875,41.273658752441406
00642D.png,1.6734,0.514858603477478,0.6435078092946037,0.9304726043482177,6.084602355957031,31.471614837646484,0.9290588487473754,0.4951292075706749,7.085826873779297,4.2376471497750785,7.538179397583008,2.8046233654022217,52.59996032714844,0.8677905201911926,1.8430566787719727,0.7579562664031982,0.04392901435494423,13.572486877441406,0.4672859110995717,0.012656580511514635,0.4774894714355469,0.5567232370376587,0.5127988140051384,3.4043353983898927,20.96014404296875,35.91157531738281
00646D.png,1.6757,0.5845319032669067,0.6052059880305481,0.8858928414933791,5.704699993133545,61.00735855102539,0.9633438823760943,0.5537610138826312,7.273723602294922,3.927320182494146,15.657317161560059,5.527185440063477,50.368072509765625,0.6082496047019958,1.8310518264770508,0.7734351754188538,0.06340452283620834,11.978797912597656,0.6639468721496012,0.013845978260654413,0.5008111000061035,0.5474645495414734,0.643508319605122,3.605333458034221,30.76580810546875,48.645721435546875
00650D.png,1.6803,0.5201890468597412,0.5480902285937794,0.8831004728584755,5.908933639526367,43.224403381347656,0.9515799162481496,0.4775275658894284,6.729156494140625,3.4634161137300747,12.046728134155273,3.8552870750427246,36.821205139160156,0.6851396560668945,1.7554001808166504,0.7427234649658203,0.03301653638482094,14.812684059143066,0.5590875091301734,0.01620294125520256,0.4869789779186249,0.5657722353935242,0.5287507191993945,3.7298626836736863,31.11981201171875,44.84904098510742
00655D.png,1.6803,0.4928815960884094,0.5378044504640692,0.8835183892769518,5.825079441070557,39.342918395996094,0.9600037307055342,0.5493062641233212,6.663579940795898,3.3582368259213577,10.742969512939453,3.510293483734131,31.645065307617188,0.595350444316864,1.8324508666992188,0.7629559636116028,0.022755956277251244,16.42905044555664,0.5725166499214553,0.011391942326159553,0.502619743347168,0.5368663668632507,0.5777243487952307,3.9858324606605118,33.71600341796875,43.943511962890625
00659D.png,1.683,0.6254569888114929,0.5529549090605411,0.8863350830867234,5.737779140472412,38.5203742980957,0.9535254996765717,0.47888292201018245,7.016402721405029,3.526252285063226,11.39914321899414,3.385781764984131,39.504302978515625,0.6136698722839355,1.8485846519470215,0.7934240102767944,0.043699417263269424,13.595243453979492,0.5493968735887999,0.008205648568060568,0.46597957611083984,0.5403151512145996,0.5219925298933127,3.8939456197976665,26.03436279296875,46.42537307739258
00671D.png,1.6873,0.5599218606948853,0.538930939422301,0.8886215219316624,5.7558441162109375,62.50056076049805,0.9625142114919383,0.5633491468706995,7.263271331787109,3.5082114735692524,15.515951156616211,5.658990859985352,43.81496810913086,0.6603518128395081,1.809706211090088,0.8048450946807861,0.04899017885327339,13.098908424377441,0.6613027392227269,0.015889857454208223,0.5033532977104187,0.5659458637237549,0.6481721754070116,3.558270271137485,25.79510498046875,53.31809616088867
00676D.png,1.6927,0.5596072673797607,0.5201792810878614,0.8859162802652184,6.012324333190918,64.6996078491211,0.9543653881752833,0.5565249623778593,7.32039737701416,3.467712059540805,16.047330856323242,5.8592424392700195,46.980072021484375,0.6902416348457336,1.741146445274353,0.7802889943122864,0.04838159307837486,13.153199195861816,0.6344979416664824,0.016339951998466107,0.5007829070091248,0.579312801361084,0.6077612602985633,3.5596885998881356,26.92742919921875,53.835044860839844
00681N.png,1.6884,0.277984619140625,0.4497832952611397,0.8699643851935426,5.912459373474121,19.882524490356445,0.8235188758144243,0.36604234390858426,4.71712589263916,2.390512905553555,8.565225601196289,1.8312619924545288,30.979286193847656,0.6755087375640869,1.6922496557235718,0.6552495360374451,0.011295409873127937,19.470979690551758,0.43682163437540944,0.008534908617751068,0.3871970772743225,0.45609402656555176,0.3443661145679304,5.50600805241014,33.16815185546875,22.171310424804688
00686N.png,1.6712,0.2586938440799713,0.5166662514743192,0.8798301675626412,5.610384464263916,20.637845993041992,0.8685809215107955,0.4445226225380532,4.776651859283447,2.68332449424436,9.140990257263184,1.9529064893722534,27.361568450927734,0.5826923847198486,1.8238954544067383,0.6439453363418579,0.009367206133902073,20.283899307250977,0.4943773701652327,0.0035385621169036715,0.41144731640815735,0.4799456000328064,0.42495724553136627,5.181815610417452,31.08953857421875,36.01110076904297
00690N.png,1.68,0.3059728145599365,0.3947800644646264,0.8919902423616815,6.408012390136719,19.972721099853516,0.8639240342427851,0.4260215222333714,4.640403747558594,2.180853799336546,8.853111267089844,1.8708178997039795,39.89475631713867,0.712777853012085,1.7856940031051636,0.6380867958068848,0.01226903684437275,19.111896514892578,0.38618957320979475,0.007531142919026715,0.41295909881591797,0.4812363088130951,0.3172155544834084,5.803162212983508,30.44744873046875,32.90141677856445
00695N.png,1.7016,0.33550822734832764,0.49929189697261184,0.884577563642892,6.068002700805664,24.40082550048828,0.8787128618311497,0.47984209997996546,5.601523399353027,2.913258673817367,9.243000030517578,2.2516438961029053,33.47058868408203,0.6526321172714233,1.854109287261963,0.6689445972442627,0.011330898851156235,19.457355499267578,0.4115740374495583,0.01206879537212741,0.437594473361969,0.5000315308570862,0.3909413920429785,4.331751204008022,27.35516357421875,37.13959884643555
00702N.png,1.6749,0.4096132218837738,0.6592253267565334,0.8902063038414125,5.704015731811523,23.601293563842773,0.9197380648196432,0.5030981673057872,6.209610939025879,3.9268933175228113,7.670167922973633,2.1120760440826416,39.837345123291016,0.6821022033691406,1.9080085754394531,0.7569396495819092,0.02193339541554451,16.588943481445312,0.5229851796554327,0.011741553914220104,0.46532344818115234,0.5340412855148315,0.5408735647598522,4.645840080066273,35.18963623046875,30.872604370117188
00706N.png,1.6706,0.2585998475551605,0.5524518920043628,0.8756966098996839,5.525518417358398,13.864241600036621,0.8836978518998191,0.45455950394277495,4.865724563598633,2.870340266834683,5.480035305023193,1.3306076526641846,19.115962982177734,0.6041055917739868,1.8386200666427612,0.6136083602905273,0.006124128587543964,22.129558563232422,0.3974860593695964,0.00583989315222322,0.4132491946220398,0.4378955364227295,0.3835034127372277,5.036901686933614,32.80535888671875,20.757606506347656
00710N.png,1.6667,0.2570345103740692,0.5074374532899035,0.8792776384681606,5.8973188400268555,15.73308277130127,0.8650704501788604,0.34197079153521404,4.736832141876221,2.6980920020050867,6.2595295906066895,1.4863684177398682,25.509281158447266,0.727383017539978,1.7177916765213013,0.5837867259979248,0.007163586560636759,21.44869613647461,0.39269546201626937,0.010017719392058424,0.411212682723999,0.458590030670166,0.33054008712593574,5.362339179096521,33.80340576171875,27.495845794677734
00714N.png,1.6827,0.28707650303840637,0.5295110536845222,0.8860660035476325,5.933165073394775,17.95369529724121,0.8701652447802455,0.43715784661153495,5.131224632263184,2.929367639140949,6.461557865142822,1.6830863952636719,29.384016036987305,0.7161714434623718,1.8122622966766357,0.6370969414710999,0.00965667050331831,20.15172576904297,0.4422853463353777,0.00858414671325374,0.41031986474990845,0.46176183223724365,0.4171826358019268,5.000325614215196,33.95623779296875,18.868473052978516
00718N.png,1.6701,0.1975775510072708,0.4336707520212967,0.8688616236280677,5.360039234161377,10.96719741821289,0.8035371339693668,0.4010905717912839,3.856187582015991,1.9984113899119267,4.893890380859375,1.104210615158081,11.90234088897705,0.6131554841995239,1.8091907501220703,0.5626449584960938,0.004001838620752096,23.97740364074707,0.325225936896207,0.0045589997766447045,0.36810413002967834,0.4191138744354248,0.30249279014718045,5.66903426002521,36.17010498046875,25.88750457763672
00722N.png,1.674,0.2548481822013855,0.5944068937918926,0.8757126356190615,5.030409812927246,15.874407768249512,0.8524532592515113,0.42104377315604763,4.947507858276367,2.9654815721871257,5.776644229888916,1.5312964916229248,17.58676528930664,0.5061349868774414,1.8877735137939453,0.6736260652542114,0.00685042142868042,21.6428279876709,0.4875764117435137,0.005009824429894098,0.4031026363372803,0.42900848388671875,0.48462864856401083,4.503685668435677,35.25262451171875,27.41275405883789
00726N.png,1.6767,0.21980500221252441,0.42864529958883263,0.8755100171224095,5.562699794769287,13.965503692626953,0.8142713145895909,0.3970687564918562,4.108234882354736,2.0727076488141547,6.373741626739502,1.3612077236175537,19.156015396118164,0.6246376037597656,1.783873200416565,0.5871720910072327,0.005468706134706736,22.62115478515625,0.37879712856661374,0.006159925864322066,0.37676870822906494,0.43080711364746094,0.33816785064537547,5.556238566939038,34.82342529296875,26.42681884765625
00730N.png,1.6636,0.20902511477470398,0.4943854220130694,0.8761834893859958,5.365962982177734,13.970475196838379,0.8015150424545527,0.3975008159886986,4.197354793548584,2.363990925543348,6.6438164710998535,1.3744419813156128,15.097099304199219,0.667165219783783,1.748308539390564,0.5676379203796387,0.004356281831860542,23.60883903503418,0.39534474159121225,0.007404551160885104,0.38762518763542175,0.43764612078666687,0.35255613902397576,5.601971402732433,34.75213623046875,19.538101196289062
00734N.png,1.6799,0.24848401546478271,0.5218470858613561,0.8886031253769401,5.596888542175293,18.724973678588867,0.8675171323405607,0.44897737834255325,4.834980010986328,2.7219290775786877,7.20688533782959,1.7903835773468018,23.218175888061523,0.7068754434585571,1.8173794746398926,0.668428897857666,0.006841073278337717,21.648759841918945,0.4800083124487029,0.006539008564515414,0.4344101548194885,0.4998141825199127,0.4767451555845844,4.972534310080661,29.80682373046875,25.358779907226562
00738N.png,1.8376,0.24659083783626556,0.47411475106193357,0.8790212001876783,5.864271640777588,18.68657684326172,0.8355781770249918,0.4313713659818867,4.526494979858398,2.4632164475444034,7.412737846374512,1.7874237298965454,24.00541877746582,0.6416250467300415,1.7969735860824585,0.6506423950195312,0.007383223623037338,21.317541122436523,0.4523455597172312,0.006209665755206265,0.4204833507537842,0.5012071132659912,0.4299977411138196,4.9229937341247325,31.17303466796875,28.519176483154297
00742N.png,1.6793,0.3169114291667938,0.5243761077026793,0.8837946267645119,5.962217330932617,19.392154693603516,0.9053174510298446,0.5107069537412229,5.417944431304932,2.9837518382893915,6.635714530944824,1.8125897645950317,30.054901123046875,0.6156229376792908,1.8726646900177002,0.6726734638214111,0.010716503486037254,19.6994686126709,0.4432646954500377,0.007109209194655166,0.468029648065567,0.4950801730155945,0.4431941411732359,5.086534952802546,31.38348388671875,29.41895294189453
00746N.png,1.6824,0.2335394322872162,0.4884820885517606,0.8857770458237335,5.583880424499512,17.6694393157959,0.821317606644746,0.424828550389786,4.366052627563477,2.4301907490917767,7.972339153289795,1.7042313814163208,23.364883422851562,0.6932657957077026,1.7549432516098022,0.6174067258834839,0.006211909931153059,22.0677490234375,0.4515582240604308,0.006226020877596963,0.40832310914993286,0.4649609327316284,0.3980156768417069,5.111374668941701,30.99432373046875,26.068017959594727
00750N.png,1.6718,0.27361539006233215,0.5781358727334278,0.8811659878485372,5.551839351654053,24.501588821411133,0.8686750093051998,0.49386619078230415,5.197141170501709,3.1071956861776826,9.561873435974121,2.2961926460266113,25.30791664123535,0.6421994566917419,1.7972108125686646,0.6777942180633545,0.008765899576246738,20.57203483581543,0.558983584532261,0.00561729912012926,0.4286282956600189,0.49188441038131714,0.502755885869587,5.3298318471250585,32.97186279296875,26.303089141845703
00754N.png,1.667,0.2813536524772644,0.587053770978884,0.8894928132008922,5.610471725463867,23.4395809173584,0.8734996944968394,0.434478197290205,5.216733455657959,3.1780859410137605,9.035222053527832,2.1990504264831543,32.38173294067383,0.6820226907730103,1.8256793022155762,0.6744974255561829,0.011882719583809376,19.250843048095703,0.5384484256802357,0.007388961996971596,0.4285891354084015,0.49355176091194153,0.485985218255124,5.297988533755782,32.40740966796875,28.738645553588867
00758N.png,1.6774,0.2566760778427124,0.5413541456588568,0.8755864946584766,5.637454986572266,18.164127349853516,0.8759524375447113,0.42997001309038146,4.822365760803223,2.831243207034545,8.079689979553223,1.7436851263046265,18.87518310546875,0.6464464068412781,1.7720240354537964,0.603850245475769,0.005715745501220226,22.42927360534668,0.4521666194673505,0.00965221676688836,0.4229898452758789,0.46692344546318054,0.40661005760635216,5.118771215726275,31.17889404296875,25.68907928466797
00762N.png,1.9192,0.24266329407691956,0.4748149837436963,0.8799647566038649,5.694396495819092,16.39522361755371,0.849429647462494,0.46483029658647423,4.321959495544434,2.377966303902153,7.476032257080078,1.5839654207229614,18.94850730895996,0.6872411966323853,1.7354563474655151,0.5789002776145935,0.004868620075285435,23.12594223022461,0.4262862551194085,0.008074071812401827,0.41714024543762207,0.4612742066383362,0.39170392794526043,5.374980680333469,33.85125732421875,26.934412002563477
00766N.png,1.6669,0.3445926010608673,0.5157544061508248,0.888663457081629,6.429431915283203,21.324228286743164,0.9018633765130036,0.46868416044014,5.525654315948486,3.082952820892258,8.103291511535645,1.959175705909729,21.96468734741211,0.7412060499191284,1.708245873451233,0.6431058049201965,0.004372384399175644,23.592817306518555,0.3838671603071817,0.01041325400435481,0.4632876515388489,0.5289604663848877,0.3227582334765897,4.358138717081725,21.65252685546875,28.6480712890625
00770N.png,1.6853,0.28967565298080444,0.42602669226566814,0.874572052620828,6.421298027038574,20.526960372924805,0.8613246210029271,0.32771305481706914,4.696521759033203,2.368251361274913,8.428431510925293,1.952078938484192,24.717832565307617,0.7162089943885803,1.6457734107971191,0.6166868209838867,0.006246390752494335,22.0437068939209,0.3514780979352214,0.010415958174777345,0.3819608688354492,0.4821697771549225,0.2914992279116565,4.8279535592637135,21.76629638671875,31.784290313720703
00774N.png,1.6796,0.20372386276721954,0.48910343257363226,0.8761925491444751,5.306379079818726,13.844210624694824,0.800389651733694,0.3518768326460389,3.979806900024414,2.2709608005059003,7.043406963348389,1.367510437965393,15.392623901367188,0.6485810279846191,1.7462400197982788,0.5951535105705261,0.004322423599660397,23.642728805541992,0.39841766290886205,0.006459203900940091,0.36378908157348633,0.4288141429424286,0.34973892335707724,6.1490598062480695,36.97430419921875,24.26177406311035
00778N.png,1.6723,0.2859381139278412,0.3294415143502381,0.8750909621047763,6.48164176940918,18.316455841064453,0.8322298777607983,0.4498351071740442,4.383557319641113,1.789729597787023,7.787978172302246,1.7696588039398193,19.577632904052734,0.7006735801696777,1.6519062519073486,0.5885969996452332,0.004764476325362921,23.2198486328125,0.2925758283023905,0.010975427976464393,0.35939455032348633,0.4505906105041504,0.26974154315139465,5.102323772763853,18.60662841796875,25.224279403686523
00782N.png,1.6623,0.2964380979537964,0.33943671197575354,0.8635570069385341,6.608255863189697,19.979398727416992,0.8368839356395446,0.39394351293410884,4.6452460289001465,1.9099319350164379,8.182896614074707,1.8949388265609741,22.076662063598633,0.6647684574127197,1.6225405931472778,0.5694096684455872,0.006323021836578846,21.990755081176758,0.322563754687234,0.00933240748419603,0.3834984302520752,0.4769441783428192,0.2775350274880607,5.083571423423184,19.51629638671875,20.308156967163086
00786N.png,1.649,0.2628404200077057,0.42517227590969986,0.8707442878725601,6.227900981903076,15.025773048400879,0.8514935153839684,0.42337863504484397,4.327164649963379,2.2438682391247475,6.464214324951172,1.4628021717071533,13.970519065856934,0.6847370862960815,1.5851945877075195,0.5427532196044922,0.0030121500603854656,25.21123504638672,0.26016553324133274,0.008132241478460183,0.3787453770637512,0.4667700231075287,0.23872008699302477,4.900115975272621,17.34246826171875,19.13791275024414
00790N.png,1.6781,0.26809895038604736,0.39776197462518487,0.8697123066381252,6.253112316131592,17.913278579711914,0.8280918423049108,0.4048350175746358,4.2603535652160645,2.0909355758854886,7.790212631225586,1.7478786706924438,18.731201171875,0.6967816352844238,1.6186943054199219,0.5191510915756226,0.004856294021010399,23.136951446533203,0.27675806823162813,0.011948489676276187,0.34195244312286377,0.44133245944976807,0.23746245009528477,4.818229826940017,18.47869873046875,21.175621032714844
00794N.png,1.6588,0.24153153598308563,0.38422581754619756,0.8762368047611452,6.006705284118652,16.75580406188965,0.8325335321899786,0.3949376094682029,4.102088928222656,1.9420365380643316,7.187315940856934,1.6479486227035522,17.31879997253418,0.7040877342224121,1.6506140232086182,0.5593270063400269,0.004016862250864506,23.961132049560547,0.3028132504019378,0.008519150404429163,0.3481566309928894,0.4631446599960327,0.26151470962876416,4.807404126613466,21.30731201171875,20.683738708496094
00798N.png,1.6726,0.20092949271202087,0.4701938742276529,0.8778811167238658,5.172998428344727,14.959142684936523,0.7661883678779021,0.4439359616624082,4.066254615783691,2.172128408595343,6.7138471603393555,1.4673981666564941,17.859737396240234,0.6707881689071655,1.7891292572021484,0.5888585448265076,0.0053871977142989635,22.686370849609375,0.40209693680932357,0.004068674450471544,0.3537319600582123,0.41869205236434937,0.350007478399239,5.6477764608715395,33.39276123046875,21.91353988647461
00802N.png,1.6939,0.22630831599235535,0.5102092518622553,0.8729523495553302,5.114118576049805,10.840837478637695,0.7879963839181272,0.36218580531018246,4.068195343017578,2.3424587385902313,5.290536880493164,1.0911197662353516,14.339914321899414,0.5895256996154785,1.7843496799468994,0.5598786473274231,0.004391907714307308,23.573471069335938,0.3290239793598205,0.004540958179405685,0.3589112162590027,0.4133308231830597,0.28779704146986174,5.8601867358461845,32.99627685546875,23.518898010253906
00806N.png,1.6659,0.2430078387260437,0.3828581847441354,0.872119395851707,5.879787921905518,14.494738578796387,0.8012242737526394,0.2788664388219974,4.009173393249512,1.893041476177257,6.435327053070068,1.4222166538238525,20.70015525817871,0.6882625818252563,1.614864706993103,0.5943937301635742,0.0055069271475076675,22.59090805053711,0.2842314803801705,0.008713556437273298,0.3233274221420288,0.43672534823417664,0.25985561111845473,5.096031589387528,21.85125732421875,22.51504135131836
00810N.png,1.6712,0.2506225109100342,0.5006635725473688,0.8811855845746109,5.6895294189453125,14.955738067626953,0.8394134689446884,0.388664517730135,4.735021114349365,2.6096047180679065,5.890964031219482,1.4473990201950073,21.508934020996094,0.7296862006187439,1.7726349830627441,0.6566110849380493,0.005969701800495386,22.240474700927734,0.3983381055251041,0.006216282316143473,0.4025343060493469,0.4417179226875305,0.3979199218779767,4.996344638726366,28.90057373046875,26.11245346069336
00815N.png,1.6727,0.21648183465003967,0.49870168284686606,0.8795877652764581,5.202099323272705,17.093589782714844,0.812134883053847,0.4378756395966368,4.306588649749756,2.371008194149895,7.039995193481445,1.6680867671966553,17.878042221069336,0.654082715511322,1.77620267868042,0.6075282692909241,0.005046168342232704,22.970382690429688,0.4547150384092247,0.006475231532154409,0.3994179666042328,0.46182161569595337,0.4417473217757536,5.378867559265692,31.44012451171875,32.52124786376953
00819N.png,1.7111,0.2820556163787842,0.6231160402124527,0.8783844621598939,4.904336929321289,24.38863182067871,0.883247632965417,0.5028036636005591,5.423973083496094,3.217878748715739,8.546992301940918,2.2825632095336914,25.386350631713867,0.6005821228027344,1.8331506252288818,0.6734596490859985,0.010570866987109184,19.758893966674805,0.5520411358808389,0.0056794064718764525,0.4353976547718048,0.47601500153541565,0.5313287449979355,4.14371062244532,30.07977294921875,33.55340576171875
00823N.png,1.6908,0.29292136430740356,0.6366548084332349,0.8778896404001201,4.867979049682617,21.465517044067383,0.8795570484425268,0.4705989094341819,5.477319717407227,3.293203206573086,7.92051887512207,1.9812315702438354,24.357690811157227,0.6280770301818848,1.8449146747589111,0.6880532503128052,0.010645303875207901,19.72842025756836,0.5048880327828873,0.00691200176539169,0.4347391128540039,0.4848087430000305,0.5083526207300879,4.929847856629484,32.87030029296875,36.10279846191406
00828N.png,1.6864,0.3224945068359375,0.5605159226125824,0.8949026574003874,5.776520729064941,26.488168716430664,0.8642067034533902,0.47334621363580465,5.66523551940918,3.206652930875755,8.81873893737793,2.4669365882873535,50.17920684814453,0.7610211968421936,1.7518937587738037,0.6824513077735901,0.021402493119239807,16.695356369018555,0.5043016155323828,0.00840153871406373,0.4266158640384674,0.48035913705825806,0.46647618543308655,4.872895921693697,30.38494873046875,27.063079833984375
00832N.png,1.6802,0.3338651657104492,0.6739260389081134,0.8840659028218787,5.038969993591309,25.334150314331055,0.8966800046138671,0.5138237144996735,5.965232849121094,3.7080209242879754,8.268054008483887,2.317664861679077,35.64152908325195,0.6180779933929443,1.8889883756637573,0.73873370885849,0.019427629187703133,17.115800857543945,0.5747788412728595,0.003949399135248504,0.4395562410354614,0.48217344284057617,0.594174048008179,4.430898129367765,31.34246826171875,32.96728515625
00838N.png,1.6817,0.3470643162727356,0.6399829313938499,0.8946359293865003,5.686037063598633,21.410377502441406,0.9272531203264776,0.45560878224896767,5.986213684082031,3.7350319139383803,7.462932109832764,1.9947428703308105,41.289424896240234,0.7318613529205322,1.8151664733886719,0.7143731117248535,0.018791425973176956,17.26040267944336,0.48125194441670033,0.0056035607533366965,0.45249828696250916,0.4860050678253174,0.48875798384989616,4.879375488110349,33.25799560546875,30.471759796142578
00842N.png,1.6665,0.24844680726528168,0.3950896564328489,0.8861629550433441,5.733222484588623,14.42279052734375,0.8128270490314738,0.39902608197573863,3.869823932647705,1.8970385547775113,7.080904960632324,1.4112406969070435,23.52110481262207,0.6375793814659119,1.837600827217102,0.6212413907051086,0.006425635423511267,21.92083740234375,0.3947976478224311,0.003317217331354902,0.3710392117500305,0.4672888219356537,0.3208924678336426,5.838019051534876,32.04364013671875,35.43938064575195
00846N.png,1.6786,0.25321653485298157,0.602315285931587,0.8811733034768223,5.132018566131592,17.650911331176758,0.8413439315825426,0.43025708424291076,5.066876411437988,3.071485108906467,6.77278995513916,1.6899094581604004,22.917268753051758,0.6173118948936462,1.8678290843963623,0.6557366847991943,0.008451120927929878,20.730857849121094,0.46752619711937415,0.00798535497165092,0.40854644775390625,0.4495660364627838,0.4627634933814153,4.822507343595368,30.96405029296875,25.795719146728516
00850N.png,1.6929,0.24553391337394714,0.48928631329790395,0.8845072453449649,5.43966007232666,22.1995906829834,0.8225589522558873,0.41089579646417956,4.620416641235352,2.461136966714487,9.131608963012695,2.112586259841919,30.216089248657227,0.65680330991745,1.8178203105926514,0.6497799754142761,0.010211216285824776,19.909225463867188,0.500369552329474,0.004754466661350734,0.3920660614967346,0.468421995639801,0.42548485840268935,4.8453791671700115,30.91375732421875,31.666765213012695
00854N.png,1.6812,0.29716262221336365,0.27734684993012965,0.8826134025818563,5.928014278411865,13.333758354187012,0.8259526146549788,0.44279153982587477,3.785508155822754,1.347012199891,5.6931304931640625,1.3634727001190186,17.424129486083984,0.6632214188575745,1.801999568939209,0.5351266860961914,0.004667938686907291,23.30875015258789,0.2064951128086259,0.008990515303320358,0.3317958116531372,0.376320481300354,0.21480786056699794,6.268398746998711,16.69989013671875,17.01976776123047
00858N.png,1.6618,0.2610275447368622,0.32769366172538983,0.8658896196951926,6.007579803466797,14.876437187194824,0.8531896617812175,0.4038491901032043,4.167849063873291,1.6672174543281244,6.352823257446289,1.4876409769058228,17.75812339782715,0.6612714529037476,1.6664284467697144,0.5413481593132019,0.004379703663289547,23.585552215576172,0.2557994649118392,0.007069492128070206,0.36486485600471497,0.4132692217826843,0.2378666071900446,6.214142630465802,18.29364013671875,19.32586669921875
00862N.png,1.6444,0.2591354548931122,0.25380744902992025,0.8658349786656416,5.948244333267212,17.252283096313477,0.8252903370657568,0.3107550441535328,3.9074490070343018,1.2507286239343705,7.48043155670166,1.7241578102111816,21.77691650390625,0.6531589031219482,1.6218595504760742,0.5439722537994385,0.006406593136489391,21.933727264404297,0.25285300614710177,0.007848637766184203,0.32503554224967957,0.38815948367118835,0.23917958020412433,6.180484673264267,17.63397216796875,28.296911239624023
00866N.png,1.6654,0.2772580087184906,0.2826900013363399,0.8584523678601085,6.078049659729004,15.241832733154297,0.8270117289300977,0.4116140666669626,4.172961711883545,1.4489341451836504,6.256547927856445,1.5418328046798706,14.277448654174805,0.5961898565292358,1.7140107154846191,0.5231541395187378,0.004223932512104511,23.742830276489258,0.21768979875997627,0.006037114053891064,0.3398507237434387,0.4010736346244812,0.23000465875942233,6.306802920274913,15.54461669921875,26.694780349731445
00870N.png,1.6589,0.24048297107219696,0.29086463862212003,0.8641134029958897,5.666827917098999,12.822724342346191,0.8368662280852389,0.45507677985960077,3.8288986682891846,1.380990380414607,5.216449737548828,1.3380367755889893,10.991265296936035,0.6047019362449646,1.7157838344573975,0.5084546804428101,0.002960562240332365,25.286258697509766,0.19261376769439567,0.006725407847916618,0.3336905837059021,0.3900699317455292,0.2152686758788041,6.2454834322175525,15.25506591796875,23.560104370117188
00874N.png,1.6559,0.26325517892837524,0.26617916308959705,0.8611819129315234,6.096802234649658,18.360862731933594,0.7740105900917331,0.32058195507292,4.07314395904541,1.353518604204793,7.149674892425537,1.8702503442764282,18.17843246459961,0.6341509819030762,1.6354862451553345,0.543553352355957,0.005678202956914902,22.45789337158203,0.20462707465313915,0.007191864937368099,0.307888001203537,0.3949867784976959,0.2494251654847069,5.7035557304566105,11.03436279296875,22.00543785095215
00878N.png,1.7006,0.24087797105312347,0.32223612078155234,0.8752027615515513,5.974313735961914,18.915260314941406,0.8276485347863144,0.3451421721163063,4.293109893798828,1.6542728495209538,7.331584453582764,1.8801844120025635,18.499048233032227,0.6803262233734131,1.739788293838501,0.5516843199729919,0.004521100781857967,23.447559356689453,0.2901866261959195,0.00788837211717337,0.36954522132873535,0.4266998767852783,0.2719936216902169,5.598737790838132,17.98358154296875,24.4117374420166
00882N.png,1.6742,0.25047779083251953,0.39005039104182365,0.880459897285728,5.925291061401367,18.244056701660156,0.8343555617540831,0.42479082838975435,4.640257835388184,2.060555003306737,6.504833221435547,1.7769955396652222,18.831819534301758,0.7269090414047241,1.734774112701416,0.5639498829841614,0.004376494791358709,23.588735580444336,0.30016976126172307,0.010449944716392543,0.39424869418144226,0.41568723320961,0.2961624238483139,5.875627610309792,22.65008544921875,25.70428466796875
00886N.png,1.6841,0.25424569845199585,0.402823275897033,0.8758104504048844,6.025615215301514,18.00486183166504,0.8265165817118129,0.46241828922641165,4.7249979972839355,2.165305647628397,6.3446269035339355,1.734643578529358,20.217397689819336,0.6083279252052307,1.8318235874176025,0.587043285369873,0.006197330076247454,22.077953338623047,0.321682634752371,0.00903928857445207,0.38810569047927856,0.39948412775993347,0.3310400657980474,5.008579339500857,23.23895263671875,24.271682739257812
00890N.png,1.6928,0.3819403052330017,0.5857647312888209,0.8723539014646362,5.861343860626221,25.81459617614746,0.8833736824279288,0.38675289682905717,6.422554016113281,3.597747405881334,8.229475975036621,2.3473398685455322,43.53371810913086,0.6648218631744385,1.7159240245819092,0.6718599796295166,0.02650213986635208,15.767191886901855,0.4026241131702969,0.015976201652472665,0.4273615777492523,0.47644567489624023,0.39274628438576153,4.526505284452377,27.92010498046875,21.021509170532227
00894N.png,1.6745,0.289825439453125,0.4232703915132891,0.8692191831501095,5.825817108154297,23.65684700012207,0.8363968192857515,0.33722515385655505,5.155395030975342,2.3240184805842627,8.68211555480957,2.2679526805877686,30.75275993347168,0.6347317695617676,1.653334617614746,0.5740488767623901,0.011439420282840729,19.415958404541016,0.33732590994910183,0.011340435133888148,0.397513747215271,0.4514634311199188,0.2779092668798853,4.736339305802893,21.44647216796875,29.270883560180664
00898N.png,1.6763,0.2394338995218277,0.42191188496340276,0.8870939179176737,5.923752784729004,17.359630584716797,0.8405084457280081,0.40044203432370135,4.591534614562988,2.2182697002017964,6.47865629196167,1.7102885246276855,20.91963005065918,0.7295436859130859,1.7416210174560547,0.5962805151939392,0.004949798807501793,23.05412483215332,0.32338201086515905,0.008182279024113757,0.399099737405777,0.44057291746139526,0.32026940594162695,5.285206252017878,26.35809326171875,24.495365142822266
00902N.png,1.7099,0.34489184617996216,0.4935295463948434,0.8890378449991866,6.27871561050415,26.85186195373535,0.8869161046533051,0.4546045546100104,5.94245719909668,3.015763380755379,9.0787353515625,2.548210382461548,39.58728790283203,0.7456080913543701,1.7208313941955566,0.5947965383529663,0.013956794515252113,18.552143096923828,0.3655619888320186,0.013826158726122648,0.4558808207511902,0.521786093711853,0.32689122127735726,4.80587726319512,21.78387451171875,23.425813674926758
00906N.png,1.6886,0.36838850378990173,0.4385720245802522,0.8870352441493656,6.391481876373291,31.83038902282715,0.8894452717328721,0.5259752081972452,5.769777297973633,2.666801457688326,10.25800895690918,2.999995231628418,37.5789794921875,0.7373350858688354,1.6979343891143799,0.6234915256500244,0.011082863435149193,19.55348014831543,0.39144140381949444,0.014913527299077122,0.4505402743816376,0.4988527297973633,0.35730262959354975,4.652999998178171,22.01287841796875,28.378978729248047
00910N.png,1.6987,0.41804933547973633,0.4646951876227882,0.8788480489785544,6.37846565246582,34.95962142944336,0.898023430235436,0.5022503271390001,6.126651287078857,2.905541976436462,10.771136283874512,3.2256357669830322,57.707210540771484,0.6762105226516724,1.6696765422821045,0.6707357168197632,0.03147314861416817,15.020598411560059,0.4403641206401264,0.011536036152095471,0.44102752208709717,0.49461254477500916,0.4197362177042992,4.5409970076804465,23.34735107421875,28.91291046142578
00914N.png,1.6869,0.37776845693588257,0.4135496233479956,0.8771345410826695,6.603997230529785,30.675905227661133,0.9082962176303789,0.5065382505047965,5.85251522064209,2.5757001752864586,9.977543830871582,2.860121011734009,34.395938873291016,0.6759668588638306,1.7034094333648682,0.6377670764923096,0.011752349324524403,19.29875373840332,0.4336323913201623,0.012994845130125793,0.46919047832489014,0.4705876410007477,0.40577319087961505,4.187277342363012,21.87567138671875,37.821083068847656
00918N.png,1.6907,0.40045076608657837,0.47675122034500333,0.8907703078401495,6.4348602294921875,31.87213706970215,0.9249400720826075,0.5077073893489541,6.326066970825195,3.041901864526608,9.647562026977539,2.9401371479034424,41.52872085571289,0.7367967367172241,1.7467010021209717,0.649000883102417,0.016628779470920563,17.791397094726562,0.44078483587771644,0.013707570301398896,0.48236608505249023,0.5014642477035522,0.41404562573133585,3.9021529065742095,22.09735107421875,35.23429870605469
00922N.png,1.6842,0.3828873634338379,0.4898717737712855,0.8840332812758938,6.328169345855713,29.228191375732422,0.9123162270663376,0.5242357731506856,6.144463539123535,3.0550037860234553,9.082648277282715,2.692737102508545,35.825321197509766,0.741395890712738,1.6698973178863525,0.6425549983978271,0.011930899694561958,19.23326873779297,0.42734140289511807,0.013265411571999381,0.46784037351608276,0.4469073712825775,0.40390049705003694,4.4814591416692275,26.11932373046875,34.961883544921875
00927N.png,1.6878,0.4080187976360321,0.42383336480573686,0.879878936997392,6.589839935302734,30.64145278930664,0.8810666871927811,0.5290748973829006,6.055536270141602,2.6797737229212917,9.239596366882324,2.853494167327881,35.90064239501953,0.7064531445503235,1.699008584022522,0.605642557144165,0.011167783290147781,19.52033233642578,0.35650967010170254,0.015830801932920347,0.45313072204589844,0.48343926668167114,0.33134513297026774,3.5593594103171986,19.12518310546875,33.29261016845703
00931N.png,1.7049,0.4574108123779297,0.5206456405058156,0.8876879556280581,6.345378875732422,32.852806091308594,0.9211759530613033,0.48444010976343715,6.758565425872803,3.411264822552745,9.61015796661377,3.0051233768463135,47.38771438598633,0.7337872385978699,1.703676700592041,0.6642308831214905,0.023587513715028763,16.273178100585938,0.4066440887898222,0.016332470347055903,0.48539358377456665,0.5241696238517761,0.3908926816409957,4.209496687020815,27.20574951171875,34.63384246826172
00935N.png,1.6655,0.37166839838027954,0.4417652486174928,0.8803884205657029,6.476592063903809,30.752666473388672,0.875567591763126,0.5129296210802425,5.884783744812012,2.730420934580575,10.01331901550293,2.8598501682281494,38.50238800048828,0.6768771409988403,1.754260540008545,0.6707723140716553,0.01387513242661953,18.57762908935547,0.4119935082849669,0.014602577787493973,0.4211342930793762,0.44534456729888916,0.39779452708345125,4.771944803824335,24.73455810546875,35.112464904785156
00939N.png,1.7087,0.3821844458580017,0.4810716950633436,0.8820521215965484,6.310724258422852,31.575420379638672,0.8994495737167275,0.5009146478574465,6.0957136154174805,2.9842013542974346,10.479964256286621,2.935901403427124,34.30980682373047,0.7248375415802002,1.7160454988479614,0.6607215404510498,0.011415287852287292,19.42513084411621,0.42268439079479725,0.01501394747299298,0.4646368622779846,0.4993685483932495,0.3877959904661569,4.4510709097255825,23.41424560546875,41.07773208618164
00943N.png,1.6847,0.36419016122817993,0.5215151093939323,0.8804543702460449,6.243879318237305,34.26884841918945,0.8842819993789734,0.4991692548797463,5.924044609069824,3.172886991890085,11.580831527709961,3.1679580211639404,40.591190338134766,0.7274738550186157,1.6781156063079834,0.6431725025177002,0.014778241515159607,18.303773880004883,0.44188362165789347,0.01475768418878668,0.42277222871780396,0.4896690249443054,0.37448651221821366,4.448418798209833,24.48162841796875,45.17363357543945
00947N.png,1.7009,0.38197940587997437,0.5058258642843007,0.9026734727114029,6.556861877441406,34.09135055541992,0.9015914055238735,0.4850714400662002,6.305965423583984,3.2531842136622426,11.33594036102295,3.193124294281006,47.507232666015625,0.7870551943778992,1.750598669052124,0.650488555431366,0.016250625252723694,17.891298294067383,0.43872313581463923,0.01343550632769068,0.4613499045372009,0.5191521644592285,0.39969896631484514,4.086889092633406,21.61444091796875,30.610279083251953
00951N.png,1.6762,0.27210620045661926,0.3786062864170329,0.8923225306523547,6.16468620300293,21.200780868530273,0.8508539109274312,0.4516393008602668,4.432863712310791,2.006156053705709,8.79940128326416,2.0687992572784424,24.079540252685547,0.7732048630714417,1.6640288829803467,0.5670477151870728,0.005029608961194754,22.984657287597656,0.32056652915763073,0.016960637936538615,0.37390172481536865,0.442768931388855,0.27476758424214814,5.555105076482939,18.74725341796875,23.787673950195312
00955N.png,1.6727,0.3014611005783081,0.33341310455669276,0.8870966589060338,6.1686811447143555,21.05389404296875,0.8355207022390821,0.44384913286675937,4.405754089355469,1.7628335208104584,8.259787559509277,2.046794891357422,25.981414794921875,0.7677267789840698,1.6627193689346313,0.5570683479309082,0.006665344815701246,21.761775970458984,0.29275673904066346,0.013943538401105357,0.35060518980026245,0.4313485026359558,0.25795993371373305,5.994449542225014,19.10955810546875,24.059368133544922
00959N.png,1.6835,0.297284334897995,0.33665726942300855,0.8821335319376788,5.985816955566406,26.26784896850586,0.8182319884668147,0.37026165312114667,4.613241672515869,1.7841311437555643,9.951430320739746,2.5271568298339844,34.575233459472656,0.7509548664093018,1.591245412826538,0.58446204662323,0.01133901346474886,19.454248428344727,0.3251035841424494,0.011620570479576934,0.33699026703834534,0.44883501529693604,0.2815725719706397,5.840671768618301,19.86639404296875,27.560699462890625
00964N.png,1.6733,0.15868274867534637,0.5961089688179673,0.8794107860081545,4.066817760467529,17.19782829284668,0.6607434212590928,0.35964989499237515,3.771049737930298,2.33612173888982,8.198426246643066,1.6651122570037842,24.99629020690918,0.6050207614898682,1.8199000358581543,0.7050487995147705,0.010073943994939327,19.968006134033203,0.6489715948008073,0.0012044003287924009,0.28606143593788147,0.42765870690345764,0.5381640712258318,5.693526707037457,43.47821044921875,29.5109920501709
00968N.png,1.6712,0.24291130900382996,0.43564426484831575,0.9005207529775814,5.723333835601807,17.280086517333984,0.8667745662693912,0.44371999530273865,4.273952484130859,2.177637643835994,7.289972305297852,1.669926643371582,24.710359573364258,0.7569906711578369,1.753260612487793,0.618597686290741,0.005258504301309586,22.791378021240234,0.3772974368748176,0.010099914463527516,0.3951188325881958,0.46496641635894775,0.33945191665954616,5.905397861261517,26.50360107421875,27.897159576416016
00972N.png,1.6743,0.31084245443344116,0.39003400282597434,0.8834743627030721,6.097236633300781,16.87965965270996,0.8806536760325746,0.5079083433707205,4.585822105407715,2.083384683596611,6.7235236167907715,1.637291431427002,20.79216957092285,0.6644862294197083,1.790125846862793,0.5899357199668884,0.004570958204567432,23.399927139282227,0.3303970534349786,0.010007073491949469,0.40465039014816284,0.44435378909111023,0.3148157095147667,5.863346011544977,26.30926513671875,27.267749786376953
00976N.png,1.668,0.33014756441116333,0.5406292477195369,0.882059424132152,5.770537853240967,20.91303825378418,0.913516383563405,0.5195093914636875,5.5574774742126465,3.062137794415925,7.284846305847168,1.9184114933013916,30.946189880371094,0.596663236618042,1.8558354377746582,0.6782326698303223,0.010748285800218582,19.686607360839844,0.4421706264003753,0.009456998308601075,0.471333384513855,0.46494776010513306,0.4481558485960061,4.803428621438032,28.70672607421875,24.5748348236084
00980N.png,1.6646,0.2679489850997925,0.44691028740501315,0.8704391210265154,5.8537373542785645,11.195680618286133,0.8730405460496172,0.4549232022585493,4.4402570724487305,2.3002535177392938,4.898712635040283,1.109468698501587,12.713122367858887,0.5574712157249451,1.827669620513916,0.5794347524642944,0.0031962664797902107,24.953571319580078,0.2633356857419576,0.0070475284029169645,0.41958072781562805,0.42248111963272095,0.23843848411733112,5.468181278212948,26.13055419921875,25.20624351501465
00984N.png,1.6902,0.2780173718929291,0.3684951663215328,0.8836070778315267,6.214950084686279,18.680505752563477,0.8642742402077449,0.42909510299391423,4.32455587387085,1.941884846386392,8.510974884033203,1.8105603456497192,26.03924560546875,0.6887844800949097,1.701910376548767,0.6336448788642883,0.006314597092568874,21.996543884277344,0.40265434771713243,0.00559467376469504,0.4025993347167969,0.47360485792160034,0.32347574902783244,6.141680522730242,28.71649169921875,26.78862190246582
00988N.png,1.6815,0.24618954956531525,0.38723688860438465,0.8946216458013251,5.769050598144531,16.75907325744629,0.8794651968243671,0.41547039127356805,4.094754219055176,1.9098213933877775,7.7795844078063965,1.6221458911895752,21.76126480102539,0.734368622303009,1.7388492822647095,0.5931856632232666,0.004265964962542057,23.6998291015625,0.35259895173928457,0.008795190105740845,0.39225223660469055,0.4507853090763092,0.2895760821088719,6.254689471706543,24.71893310546875,18.606224060058594
00992N.png,1.6745,0.22844800353050232,0.3610029811752282,0.8768469495917135,5.718273878097534,14.349352836608887,0.8529949342446185,0.41446251083094543,3.895616054534912,1.7353276388462344,6.571170330047607,1.4175851345062256,16.90340805053711,0.6504349708557129,1.7478994131088257,0.6051840782165527,0.004053306300193071,23.921905517578125,0.3234115242731254,0.00788871724170975,0.37837016582489014,0.4285482168197632,0.29683160457631996,6.012627945130696,26.72918701171875,20.952516555786133
00996N.png,1.6742,0.24895727634429932,0.4204003951236486,0.8732075105447564,5.679994583129883,15.41780948638916,0.8731368068535688,0.46497489775207607,4.4131669998168945,2.121591591716866,6.584417819976807,1.504433035850525,17.14911460876465,0.6284961104393005,1.780317783355713,0.5997617244720459,0.00436977855861187,23.595407485961914,0.35424639370607147,0.007243987922538326,0.4070228040218353,0.4414713978767395,0.34775118964762103,5.913094314123254,26.40887451171875,24.818157196044922
01000N.png,1.6708,0.24032297730445862,0.41275207798723823,0.8728675883280536,5.709144115447998,14.414889335632324,0.8681019697501257,0.4285566115512006,4.301608562469482,2.0659865179729975,6.498940467834473,1.4253398180007935,18.6729793548584,0.611701488494873,1.795673131942749,0.5879260897636414,0.005158929619938135,22.87440299987793,0.33434960402825836,0.00793836987087932,0.39283472299575806,0.44853028655052185,0.319468822831302,5.706224758962689,26.09149169921875,25.219249725341797
01004N.png,1.6782,0.26292935013771057,0.48346897193159094,0.8978886285144682,5.809458255767822,14.76298713684082,0.8860599074057804,0.47447725161099596,4.689021587371826,2.537853146925821,6.073441028594971,1.4282130002975464,25.787979125976562,0.808372974395752,1.669243574142456,0.599966287612915,0.0052313837222754955,22.81383514404297,0.3485995211406725,0.011327602210730047,0.44215887784957886,0.5011897087097168,0.3351522608406001,5.582729314230644,26.32244873046875,20.710250854492188
01008N.png,1.6668,0.3020027279853821,0.3951810913157381,0.8789727289822765,6.023315906524658,16.076709747314453,0.8626002698112148,0.3564716079077845,4.547273635864258,2.088655294826907,7.149545669555664,1.5629099607467651,45.145748138427734,0.6688393354415894,1.4292773008346558,0.5783126354217529,0.018475674092769623,17.33399772644043,0.33982235315797177,0.012191322473738553,0.3778136372566223,0.4390943646430969,0.3130246446676543,5.757563490278728,29.18914794921875,29.16015625
01012N.png,1.6708,0.2624974548816681,0.3923294123588584,0.8774720483459441,5.8877129554748535,17.234012603759766,0.8388443705358845,0.26936929345828065,4.303292274475098,1.9991226688934924,7.443629264831543,1.675144076347351,29.903587341308594,0.7115494012832642,1.584458827972412,0.5923095345497131,0.008741294965147972,20.58424186706543,0.34985080226408927,0.010489924062411705,0.39296427369117737,0.4856932461261749,0.2922623222686548,6.055013118320998,24.58856201171875,25.314208984375
01016N.png,1.6882,0.2963258922100067,0.4318531744429341,0.887086546719621,6.135548114776611,19.492719650268555,0.8739796084548399,0.44052355531918375,4.954365253448486,2.3946147516985494,7.823014259338379,1.86469566822052,33.98287582397461,0.765900731086731,1.6462008953094482,0.6455289125442505,0.009053057990968227,20.432048797607422,0.3904487091074673,0.010877000800115963,0.4117262363433838,0.4711496829986572,0.3471560596329794,5.544822336657373,24.71258544921875,25.755199432373047
01020N.png,1.6754,0.3485531210899353,0.5278752949388773,0.8786508905117065,6.120865345001221,24.333080291748047,0.8945332420130244,0.5126373739971865,5.795758247375488,3.1452547252599743,8.356472969055176,2.2606189250946045,30.040699005126953,0.4903813898563385,1.8835406303405762,0.6982263922691345,0.013411314226686954,18.72528648376465,0.45825747816276907,0.006780098013162776,0.4360477030277252,0.43755266070365906,0.44027367912355797,4.898624521128521,27.66229248046875,29.142412185668945
01024N.png,1.6921,0.31359419226646423,0.5123843762057622,0.8778304863905346,5.885754108428955,17.57247543334961,0.8778820495281439,0.5099850102351231,5.069246292114258,2.8065942447764023,6.3245062828063965,1.6615883111953735,24.275157928466797,0.45404279232025146,1.8892829418182373,0.6891095638275146,0.00893139187246561,20.490808486938477,0.39352613704742245,0.0052485646512710725,0.38024479150772095,0.3899833858013153,0.3832072576296183,5.085918129316112,24.33660888671875,32.941925048828125
01028N.png,1.6648,0.2676961123943329,0.30469254991653866,0.8755024212185307,6.125765800476074,13.411988258361816,0.8402133624184029,0.38313556266468246,3.893949031829834,1.5264714801373351,5.657070636749268,1.3270344734191895,16.079605102539062,0.6653120517730713,1.7412874698638916,0.5186941027641296,0.0042610857635736465,23.704795837402344,0.24657970643216834,0.0068316130787675015,0.3406749963760376,0.38168078660964966,0.22109168828622436,5.855874808331981,23.32489013671875,24.653873443603516
01033N.png,1.673,0.28584423661231995,0.30157708819863466,0.876297154963131,6.231870651245117,17.602249145507812,0.8379985901594916,0.40353097074412625,4.11774206161499,1.560608207825676,7.426169395446777,1.708701252937317,22.749021530151367,0.6461920738220215,1.7700848579406738,0.6287448406219482,0.006676150485873222,21.75473976135254,0.32562596561909474,0.007712307176713298,0.353598952293396,0.4140620231628418,0.299390559039567,5.747027543036413,25.16766357421875,36.12867736816406
01037N.png,1.6783,0.3292092978954315,0.44781199881324163,0.8747851010962074,6.1909403800964355,19.589176177978516,0.8804448633514623,0.4829175071718132,5.123574256896973,2.5333953282599406,7.128762722015381,1.8614075183868408,28.546863555908203,0.7101702690124512,1.6279072761535645,0.6142357587814331,0.007604493759572506,21.18929672241211,0.35731856421922364,0.014098699322430503,0.43667393922805786,0.49428561329841614,0.3207450541345598,4.97093132660595,22.13299560546875,23.665836334228516
01041N.png,1.6678,0.3533095419406891,0.48591059182183033,0.8770889507094711,6.0365824699401855,24.52908706665039,0.8934693007842828,0.5244550277750992,5.659671783447266,2.841675482180351,8.080402374267578,2.287337064743042,25.38543128967285,0.644325852394104,1.814880609512329,0.6911859512329102,0.007305930368602276,21.363243103027344,0.4037165535237573,0.010290982507179419,0.4441423714160919,0.47023898363113403,0.39160190889627816,4.790967366149652,28.34149169921875,25.572383880615234
01045N.png,1.692,0.32892146706581116,0.40920762127008775,0.8787263149380588,6.196606636047363,25.56513023376465,0.8878315519941896,0.5039114532268114,5.242589950561523,2.3405104309800926,8.990056037902832,2.390423059463501,24.820648193359375,0.6754066348075867,1.7433393001556396,0.6527527570724487,0.00599930202588439,22.218992233276367,0.4098109861162192,0.010424449577279138,0.465470552444458,0.5307091474533081,0.38735904324104736,4.9576399664980615,25.76776123046875,29.87972068786621
01049N.png,1.7027,0.34515854716300964,0.44334460609446213,0.8697654945062872,6.013772964477539,23.405799865722656,0.8996509007916907,0.5256729714213154,5.339804172515869,2.516781150552882,8.425174713134766,2.1808321475982666,24.749086380004883,0.6423066854476929,1.711535930633545,0.6835834383964539,0.007090472616255283,21.493247985839844,0.4158162836363381,0.007912985691593396,0.4766237735748291,0.5186290740966797,0.40076124450121514,4.789078619192383,25.80584716796875,29.013961791992188
01053N.png,1.6859,0.35842713713645935,0.5092339890492418,0.877653147469026,6.051011085510254,24.127826690673828,0.9137510432129474,0.5253266794835354,5.598736763000488,2.9662323658576017,8.817606925964355,2.2359118461608887,27.499433517456055,0.587225615978241,1.807049036026001,0.6879872679710388,0.008803305216133595,20.55354118347168,0.44435935436408425,0.00861241317339731,0.4741968512535095,0.5290728211402893,0.4119097964004763,4.710323298721278,26.98162841796875,30.208999633789062
01057N.png,1.689,0.38268905878067017,0.4524069442982845,0.8892777324923116,6.323462963104248,23.623123168945312,0.8992490433959534,0.5275196499636348,5.385482311248779,2.648611699280023,8.65257740020752,2.2065670490264893,31.52886962890625,0.6846606731414795,1.8325278759002686,0.6791539788246155,0.008080566301941872,20.925582885742188,0.40673573335315877,0.011807504520106099,0.47557228803634644,0.5373989343643188,0.38316906982030285,4.905650122335141,25.06219482421875,30.40802764892578
01061N.png,1.6938,0.41414910554885864,0.5237284805672361,0.8830861489971696,6.332091331481934,30.17824935913086,0.9095566674408565,0.5055595395638276,6.136331558227539,3.265043164258543,10.020506858825684,2.737450122833252,42.96442794799805,0.6452006697654724,1.7820110321044922,0.7096797823905945,0.017789160832762718,17.498443603515625,0.44553766394438976,0.012117297425491657,0.47627735137939453,0.5464416742324829,0.40765640338450615,4.488473280857881,28.50067138671875,29.494169235229492
01066N.png,1.6999,0.30656248331069946,0.4460749868733331,0.874523141760234,6.0311994552612305,17.06118392944336,0.9034387667871403,0.5168670614038755,4.790387153625488,2.413627072296199,7.126170635223389,1.612128734588623,17.933996200561523,0.5559478402137756,1.812256932258606,0.6229990124702454,0.004179750569164753,23.788497924804688,0.4488194863042239,0.005109761042705962,0.4292571246623993,0.48716771602630615,0.39497320589707924,5.450242960603481,29.94061279296875,25.405025482177734
01070N.png,1.6915,0.3979288935661316,0.47782065817476616,0.8778531074405477,6.1283087730407715,21.65488052368164,0.8961186288351034,0.5270700768141766,5.759878158569336,2.8402189554774857,7.678693771362305,2.0040030479431152,23.450395584106445,0.49250534176826477,1.8640429973602295,0.692790150642395,0.006722047459334135,21.724985122680664,0.424753339701711,0.006497354063738285,0.4796640872955322,0.5272952318191528,0.39625089155484794,4.545846425245368,27.68963623046875,24.72213363647461
01074N.png,1.6831,0.3712999224662781,0.5439829249537135,0.8788955384699804,5.97711706161499,21.02907371520996,0.9103559906894699,0.517181857135296,5.6338419914245605,3.158090962639367,7.617249011993408,1.9329755306243896,24.637821197509766,0.4814690947532654,1.8917665481567383,0.7490485906600952,0.008333699777722359,20.791624069213867,0.49469765767381674,0.004994155181300124,0.438197523355484,0.4831768274307251,0.48341238499392897,4.142825911056994,25.58416748046875,31.3663330078125
01078N.png,1.6752,0.35290196537971497,0.5803610346267103,0.8793345749516971,5.984072685241699,18.39487075805664,0.9089376681685641,0.4955030284056554,5.523199558258057,3.3391955261213795,6.784115314483643,1.721687912940979,28.017873764038086,0.4889431595802307,1.875314712524414,0.7118644118309021,0.010311301797628403,19.866863250732422,0.4891687364447129,0.0053399825353452855,0.4313311278820038,0.4770321846008301,0.47373387005242135,5.118234031173873,31.56414794921875,28.753990173339844
01082N.png,1.6741,0.3785269260406494,0.4099753434845937,0.8759379263674283,6.488121032714844,12.657421112060547,0.8490878431136183,0.47349216077044337,4.949102878570557,2.3444953988793955,3.9396181106567383,1.1966356039047241,12.032059669494629,0.43594890832901,1.9066262245178223,0.6621326208114624,0.004983586259186268,23.024580001831055,0.32556196880191746,0.003980503581877782,0.394098699092865,0.45236706733703613,0.3299688145861638,4.81195049033084,31.59051513671875,26.13201141357422
01086N.png,1.6906,0.3484886884689331,0.43860031826403906,0.8717705194863441,6.37177848815918,23.426345825195312,0.8680893819334218,0.4917458694755637,5.430251121520996,2.5881944993338184,8.262713432312012,2.173952341079712,27.421283721923828,0.5514348745346069,1.8177168369293213,0.683975875377655,0.010084522888064384,19.96344566345215,0.4381089967859456,0.0075698689182262064,0.4001063406467438,0.42881810665130615,0.39024925348195155,4.33858977945634,25.87030029296875,28.086471557617188
01090N.png,1.6841,0.3822302222251892,0.31396561439461135,0.8656791881596544,6.709060192108154,22.376436233520508,0.810858514562537,0.4395553026074767,5.3471479415893555,1.892622771197674,7.44277811050415,2.063410520553589,21.231279373168945,0.6230522394180298,1.8138841390609741,0.6424503326416016,0.010086078196763992,19.96277618408203,0.3449812844938402,0.00840599732114973,0.3896496891975403,0.46568363904953003,0.3206046767351042,4.189131716317002,28.95867919921875,31.291244506835938
01094N.png,1.7102,0.3860291540622711,0.4411650659476677,0.8824760902527331,6.357914447784424,31.7954044342041,0.9007261901045251,0.5062770779228312,5.79811954498291,2.6814167017529584,10.705085754394531,2.939802408218384,39.50663757324219,0.5977284908294678,1.8562288284301758,0.6949784159660339,0.014765191823244095,18.30760955810547,0.5177543727332828,0.010287265082262135,0.44925180077552795,0.4941178560256958,0.4546456959400569,4.670822199482583,28.92401123046875,32.577247619628906
01098N.png,1.6969,0.37114417552948,0.5290191311377147,0.8793914403803241,5.981322288513184,32.24480056762695,0.9092400631998986,0.5365348028294945,6.045030117034912,3.181094407867901,10.059687614440918,2.9585611820220947,35.08125686645508,0.5396336317062378,1.8712494373321533,0.7512869238853455,0.0164047684520483,17.850299835205078,0.5661004442869907,0.009816248796930459,0.44495758414268494,0.48758986592292786,0.5397019421917748,4.258843868876105,30.35662841796875,29.54218864440918
01102N.png,1.687,0.3376055359840393,0.40087446534976545,0.8794259885355101,6.489472389221191,24.218698501586914,0.8766605394204182,0.5008687435668036,5.167637348175049,2.3365258842331205,9.411564826965332,2.235772132873535,27.227882385253906,0.7006955742835999,1.706976056098938,0.6545804738998413,0.006863584741950035,21.634490966796875,0.42669396342106386,0.00991493492739059,0.41376858949661255,0.4836830794811249,0.34783802566980265,4.732722849657613,27.22186279296875,31.53759002685547
01106N.png,1.6739,0.2863709330558777,0.5088039008522488,0.8801870692784968,5.6967387199401855,20.142175674438477,0.8927480523473621,0.48321983466860347,4.750453948974609,2.6577944864444722,9.039063453674316,1.91725492477417,23.43134880065918,0.6079213619232178,1.7958506345748901,0.6483350992202759,0.006481679156422615,21.88312530517578,0.5389108848604051,0.0029816486047083393,0.3996012210845947,0.4678722023963928,0.45079177438690526,4.86571333189569,28.37322998046875,34.39425277709961
01110N.png,1.6861,0.3466709554195404,0.5731073113668299,0.8820392773483271,5.925014495849609,24.27754783630371,0.9258884046082866,0.4820082737633024,5.6564483642578125,3.3187202987169595,9.151358604431152,2.250676393508911,38.021244049072266,0.57085120677948,1.8759979009628296,0.7329227924346924,0.016369177028536797,17.859731674194336,0.585247413538368,0.004412587070463539,0.43221038579940796,0.4855726957321167,0.5308653496127617,4.640847464453353,29.73797607421875,31.770023345947266
01114N.png,1.7057,0.3772716224193573,0.5528794922667845,0.8808628795300814,6.186946868896484,31.482255935668945,0.9176323433225727,0.48686133138150434,5.986711502075195,3.3652922063510413,11.38393783569336,2.9230642318725586,40.71999740600586,0.5096015334129333,1.8736042976379395,0.7482335567474365,0.020691150799393654,16.842153549194336,0.6012773235952149,0.006483569147525274,0.4416806101799011,0.48877695202827454,0.5314428053363596,4.325574017521552,22.34735107421875,34.51454162597656
01118N.png,1.6715,0.38729381561279297,0.42888321198933416,0.8824060867878535,6.306717395782471,19.286540985107422,0.8713115866285629,0.46649677927211186,4.785220146179199,2.378579848362861,8.410628318786621,1.8260701894760132,30.03950309753418,0.6023867726325989,1.850267767906189,0.6856687664985657,0.008996933698654175,20.459056854248047,0.48409512993667375,0.0038665948000795483,0.3937187194824219,0.4673355519771576,0.42537464721580365,5.370601471980442,33.92694091796875,32.195640563964844
01122N.png,1.6706,0.29421287775039673,0.49624706123595574,0.8878047405826673,5.924605846405029,18.269773483276367,0.8485333603796353,0.3988872832335138,4.767088413238525,2.652869130877132,8.263699531555176,1.7452161312103271,36.33277130126953,0.6492456793785095,1.850823998451233,0.68657386302948,0.012827008031308651,18.918746948242188,0.5070346024193411,0.002764157856110379,0.3899994492530823,0.47641757130622864,0.4535763106641129,5.082874799119333,36.43670654296875,39.296104431152344
01126N.png,1.6774,0.43479853868484497,0.5347651423088791,0.9082820548668533,6.22538948059082,27.226123809814453,0.9083278712041823,0.506344684959965,5.544415473937988,3.1470494177305,10.25743293762207,2.5030486583709717,52.246337890625,0.7717399597167969,1.8744966983795166,0.7274044752120972,0.022195642814040184,16.537322998046875,0.5409077178384787,0.007262259175525803,0.4624576270580292,0.5229693055152893,0.4791892511232407,5.01551353521778,30.35321044921875,37.24921417236328
01130N.png,1.6787,0.3248520493507385,0.5626170015707919,0.8847257617463584,5.6833648681640625,22.802793502807617,0.9106462061434002,0.5284880071277315,5.342684745788574,3.1017304331209434,8.494261741638184,2.141691207885742,29.68589973449707,0.6349543333053589,1.8399274349212646,0.7269232273101807,0.01118006743490696,19.51555633544922,0.5757644542356869,0.006325121828647256,0.443929523229599,0.4928780794143677,0.5425868338490444,4.7256328737155435,31.87420654296875,28.599132537841797
01135N.png,1.6754,0.3335364758968353,0.628613320922967,0.8819504978810706,5.371087074279785,16.921581268310547,0.9153232975643388,0.48306313726417993,5.31301212310791,3.3580934710790284,6.07651424407959,1.6073654890060425,21.026351928710938,0.40111616253852844,1.9054850339889526,0.6861909031867981,0.008168559521436691,20.8785457611084,0.5351481627859741,0.0034513544048770228,0.412862628698349,0.4025368094444275,0.5237387563038837,4.625225631504448,33.19354248046875,23.512086868286133
01139N.png,1.6702,0.24543966352939606,0.5529562200343794,0.8737581843664449,5.308277606964111,18.69672393798828,0.8281665721412088,0.4072920048134433,4.827852725982666,2.802427483193706,7.23764705657959,1.7681972980499268,21.392789840698242,0.594051718711853,1.8084572553634644,0.679280161857605,0.007473292760550976,21.26487922668457,0.5232876294945714,0.003265914246265088,0.38447946310043335,0.46848437190055847,0.48210832465515036,4.805422742073658,34.73895263671875,29.903114318847656
01144N.png,1.6991,0.28402021527290344,0.5420815663055493,0.879058194258416,5.988077640533447,22.06244468688965,0.8971702463137381,0.4594983162958129,5.300716400146484,3.0597330882120044,8.652332305908203,2.0624096393585205,29.918560028076172,0.5534810423851013,1.8634068965911865,0.7309834361076355,0.01248917169868946,19.034666061401367,0.5948085884630279,0.0029231800969599865,0.3953830599784851,0.467675119638443,0.5421486236310129,4.705318243681707,35.30047607421875,34.970863342285156
01148N.png,1.6728,0.3412100374698639,0.536054500565171,0.8811973707224241,6.193227291107178,22.009708404541016,0.9309427960085114,0.5128600864769879,5.706905364990234,3.189569150215439,7.021153450012207,2.0161292552948,29.197654724121094,0.4899981617927551,1.9075510501861572,0.7032317519187927,0.01351253129541874,18.6926326751709,0.5268639899590027,0.00477998428222938,0.4407005310058594,0.4158390760421753,0.5102791883200164,4.541551970246836,33.28045654296875,29.844871520996094
01152N.png,1.7019,0.34205204248428345,0.5766539497008851,0.8818081053633993,5.872267246246338,26.749977111816406,0.9383153479455381,0.49499540239808004,5.874077796936035,3.386797890787008,8.629819869995117,2.4976346492767334,35.00680923461914,0.5412547588348389,1.8925108909606934,0.7346376776695251,0.017858529463410378,17.481544494628906,0.5988790821025248,0.005721674827663644,0.4610136151313782,0.4715040922164917,0.5705305069914044,4.450912601921048,30.58416748046875,31.736919403076172
01158N.png,1.7097,0.4110039472579956,0.512843165387743,0.8826895066993854,6.1850762367248535,31.565277099609375,0.9459448569100962,0.5295167035733382,6.425821781158447,3.2337155568854783,9.001596450805664,2.8532145023345947,35.247337341308594,0.5923399925231934,1.8597853183746338,0.7202098369598389,0.018420036882162094,17.347095489501953,0.5524114548738837,0.00910116011061985,0.4878390431404114,0.5013508200645447,0.5302282151386892,4.304680795707796,35.58660888671875,33.63665771484375
01162N.png,1.6697,0.36740249395370483,0.5769116732125341,0.8822490064096953,5.985156536102295,31.94829750061035,0.9328368059465524,0.5210628467350209,6.026235580444336,3.4647660623775547,10.7415771484375,2.9047493934631348,42.941192626953125,0.4831874668598175,1.893554925918579,0.7220696210861206,0.024758122861385345,16.062824249267578,0.623966277625055,0.00430243507935119,0.44964703917503357,0.4475743770599365,0.5796321145595322,4.522124227669874,33.60418701171875,35.302669525146484
01166N.png,1.6727,0.30119216442108154,0.4871902528012231,0.8770982614017561,5.971535682678223,21.34109115600586,0.8952111266186975,0.4643541895082506,5.008660316467285,2.6747302496641367,8.771990776062012,2.0033693313598633,23.448570251464844,0.5094762444496155,1.8473159074783325,0.6629442572593689,0.008353186771273613,20.781478881835938,0.514835558720462,0.003433045701843711,0.4164564311504364,0.43770933151245117,0.45956689622589386,4.893654495385883,34.43377685546875,34.15550231933594
01170N.png,1.6707,0.2658400535583496,0.4629179550889168,0.87803876154066,5.884505271911621,17.74941635131836,0.871605841583933,0.4590446438168968,4.571280002593994,2.4200926686067357,7.402758598327637,1.6957014799118042,22.33925437927246,0.5405651330947876,1.8304123878479004,0.6020312309265137,0.007067408412694931,21.50739860534668,0.4783746522733493,0.003940548670525152,0.3929618299007416,0.405062198638916,0.4155764763317561,4.783467226225331,34.76092529296875,24.57520294189453
01174N.png,1.7052,0.42081934213638306,0.4266444296662151,0.8803357464294781,6.539332866668701,21.233518600463867,0.8906221706366073,0.4690941999063382,5.38834285736084,2.544445125746334,7.068671226501465,1.9482125043869019,30.222705841064453,0.5039048790931702,1.8702218532562256,0.6690410375595093,0.010396040044724941,19.831321716308594,0.4450609084705517,0.0060343097755357795,0.42172712087631226,0.4396984279155731,0.4038508092041797,4.507831623664518,32.87615966796875,27.55036163330078
01178N.png,1.6823,0.3722470998764038,0.685776546306451,0.8826680751699297,5.310925483703613,30.732107162475586,0.9012653375202456,0.5080216659977256,6.192487716674805,3.9443963617670725,9.213695526123047,2.804699420928955,45.67136001586914,0.5631449818611145,1.9049607515335083,0.7609760165214539,0.03353467956185341,14.745058059692383,0.6680251026328479,0.005848968745482233,0.4306793808937073,0.4312353730201721,0.6560953928591016,4.334473203086401,28.48553466796875,38.05754089355469
01182N.png,1.6754,0.23674067854881287,0.5346856563123954,0.8774246533180132,5.710824489593506,17.676244735717773,0.8756666370725031,0.38020007254131694,4.7982940673828125,2.809546735101291,7.0792155265808105,1.6827378273010254,22.613813400268555,0.5192169547080994,1.8394768238067627,0.6430166363716125,0.008196413516998291,20.86376190185547,0.5293579944834643,0.0026312733195244437,0.3859541416168213,0.3900657594203949,0.46919699093563016,4.751264485558577,33.83612060546875,26.194873809814453
01186N.png,1.6641,0.3341428339481354,0.5734784439086513,0.8830953315293611,5.676300525665283,18.169395446777344,0.8919154722338787,0.4178259559313011,5.2895965576171875,3.1443620012844757,5.609529495239258,1.6913132667541504,18.763687133789062,0.3851206302642822,1.9201850891113281,0.6805046796798706,0.008230638690292835,20.84566307067871,0.5138814945868783,0.004701093487438048,0.4022696912288666,0.38298600912094116,0.4943489812832609,4.346209924936721,31.80487060546875,25.828134536743164
01190N.png,1.6677,0.27295657992362976,0.6173826791368677,0.8769845051369956,5.376670837402344,17.602392196655273,0.8881218564768809,0.4266680481112956,5.1746134757995605,3.257099803990176,6.055658340454102,1.6661839485168457,19.898361206054688,0.4727919101715088,1.9046053886413574,0.6997643113136292,0.008438912220299244,20.73713493347168,0.5231562420711743,0.00387321565108041,0.3891292214393616,0.4440334439277649,0.48702772285303964,4.715525704676263,27.79510498046875,27.59676742553711
01194N.png,1.6725,0.37698376178741455,0.5032249900242813,0.8797848916488915,6.070347785949707,15.3602933883667,0.8877919511234075,0.48769684746031766,5.0587849617004395,2.800237009213337,5.114465236663818,1.4282801151275635,23.96162986755371,0.4690353572368622,1.9060254096984863,0.6899268627166748,0.008063548244535923,20.934738159179688,0.3759079198338369,0.00653344182650217,0.39723914861679077,0.4811594486236572,0.37722995494953643,4.854890800952922,32.33856201171875,28.85976219177246
01198N.png,1.6649,0.25294190645217896,0.4064828652597012,0.8745979493055978,5.690433502197266,13.840176582336426,0.8433859578659643,0.4159791771551018,4.123839378356934,1.9946733180719454,6.0339274406433105,1.3495967388153076,15.239200592041016,0.48248565196990967,1.8499274253845215,0.6321554183959961,0.0045537929981946945,23.41626739501953,0.4082907882378614,0.0028645031217421884,0.3444843292236328,0.41299018263816833,0.3484624790409239,5.260282615893772,37.62518310546875,24.611892700195312
01202N.png,1.6654,0.27732446789741516,0.4127831144456453,0.8741904805958721,5.822335243225098,14.219742774963379,0.8526962567046227,0.45191204230836785,4.299432754516602,2.0890538397431095,5.89114236831665,1.3924411535263062,15.882397651672363,0.4981420338153839,1.8286089897155762,0.6225073933601379,0.004459459334611893,23.507177352905273,0.3867384232646901,0.004290935453891181,0.3624001741409302,0.4347524046897888,0.34146485422736633,5.120440977864041,34.52410888671875,24.00977325439453
01206N.png,1.6799,0.26328736543655396,0.5392186676331969,0.8765223139533397,5.36532735824585,17.072643280029297,0.8343575564390282,0.39710115575497906,4.5049004554748535,2.6611138904541907,7.567933559417725,1.6448148488998413,20.772764205932617,0.5180262923240662,1.83078932762146,0.6460342407226562,0.006855195853859186,21.639802932739258,0.5257150444444241,0.001273777344666562,0.3621717691421509,0.44734901189804077,0.4360641469080185,4.99773491742296,37.92059326171875,26.145898818969727
01210N.png,1.6796,0.28479763865470886,0.5155189155377856,0.8805432122052538,5.430927753448486,22.51824188232422,0.8246964981733885,0.3992426206456682,4.678010940551758,2.6056825988161725,9.620965003967285,2.1516568660736084,30.693340301513672,0.5402629971504211,1.857258915901184,0.6797382235527039,0.011686106212437153,19.32330322265625,0.5964297753709491,0.001334204648665259,0.36717087030410767,0.44633978605270386,0.4829210490288111,5.10657649758876,34.94110107421875,29.560359954833984
01214N.png,1.694,0.273535817861557,0.4130231140145447,0.8825375279542778,6.198815822601318,21.237346649169922,0.8412078593034966,0.4170397071545381,4.625072956085205,2.235265163424497,9.279960632324219,1.9980370998382568,32.75883102416992,0.5763582587242126,1.8581361770629883,0.6348440647125244,0.01109578087925911,19.548419952392578,0.4814298750654346,0.006225314367563834,0.38157904148101807,0.4609145522117615,0.3660845422447204,5.000511199178516,30.46844482421875,30.75152587890625
01218N.png,1.6662,0.2734597623348236,0.4832044316496337,0.8710178205305259,5.381396770477295,11.863517761230469,0.8224453775740137,0.3776792688103001,4.125610828399658,2.296921666893142,5.222020626068115,1.1840696334838867,12.322942733764648,0.5432250499725342,1.7921779155731201,0.5919004082679749,0.0037650796584784985,24.242259979248047,0.41118777164012416,0.003002335573885029,0.3705117106437683,0.43662530183792114,0.3833100146222816,5.274602949089627,36.35076904296875,22.20806121826172
01222N.png,1.6486,0.38608264923095703,0.47080750597164644,0.8731436632469978,5.776776313781738,10.396484375,0.8945830783808528,0.4129218163297819,4.393747806549072,2.39418384325848,3.3677964210510254,1.029293179512024,8.579463005065918,0.42045706510543823,1.8741953372955322,0.5712389349937439,0.003048218786716461,25.15953826904297,0.34085860104646526,0.005421673716728996,0.39704275131225586,0.3405608832836151,0.327971260601099,4.859449971321713,32.14959716796875,19.724245071411133
01226N.png,1.6733,0.2844741940498352,0.5782902467864315,0.8771708698619202,5.192726135253906,16.814720153808594,0.8474760324506095,0.5203186719679279,4.939840793609619,2.9297920697521516,5.989553451538086,1.6048595905303955,19.505197525024414,0.5466516017913818,1.8682197332382202,0.6730307340621948,0.006979580968618393,21.561708450317383,0.5178115584489285,0.0028821982260658747,0.3957030773162842,0.45990777015686035,0.522353101208747,4.610089749544546,33.75897216796875,32.67236328125
01230N.png,1.6855,0.3434584438800812,0.7148863888351856,0.8805613735568285,4.920334339141846,20.344505310058594,0.8804295190555483,0.4568442620291019,5.795465469360352,3.830301782628595,6.763907432556152,1.8481533527374268,29.45218276977539,0.4731465280056,1.9217029809951782,0.7548200488090515,0.017226779833436012,17.63796043395996,0.5843718433377122,0.0029846694348963786,0.42709383368492126,0.4766604006290436,0.5958819856250659,4.648602346740503,33.97869873046875,31.43651580810547
01234N.png,1.6685,0.26629796624183655,0.6199833971372692,0.8764627719558714,5.301339149475098,17.764883041381836,0.8740864647805382,0.4610694497083924,5.173541069030762,3.247136026610603,6.571573257446289,1.6864557266235352,20.78175163269043,0.5364104509353638,1.866220474243164,0.7020450830459595,0.008095343597233295,20.917646408081055,0.5564373123610967,0.003407307487875698,0.40305909514427185,0.46697840094566345,0.5317626141870602,4.942469221579775,35.01287841796875,31.261268615722656
01238N.png,1.6773,0.25188538432121277,0.5526714193252869,0.8799957900436033,5.637077808380127,12.625511169433594,0.8501054696660665,0.38857557205501136,4.30325984954834,2.7468794900373625,5.673882484436035,1.2268046140670776,18.112472534179688,0.640611469745636,1.8145195245742798,0.6086938977241516,0.005048736464232206,22.96817398071289,0.4676212595170011,0.006171325460074761,0.36113131046295166,0.4543610215187073,0.3880944222939898,5.451866369916713,40.57928466796875,24.59442138671875
01242N.png,1.6763,0.2607192099094391,0.6091800778283325,0.8778390485970314,5.163112640380859,14.502835273742676,0.82048532795775,0.33350554809249916,4.940917015075684,3.077596133690152,6.078337669372559,1.3438130617141724,23.004518508911133,0.5363016724586487,1.9003159999847412,0.6956431269645691,0.009664489887654781,20.148210525512695,0.48129915203800455,0.00641565308367069,0.35778751969337463,0.4657607674598694,0.46154378479161856,4.635105581193799,38.86151123046875,33.86579132080078
01246N.png,1.6963,0.25338512659072876,0.4995432677761508,0.8847161707777651,5.588609218597412,17.172460556030273,0.8056166085694649,0.33315095109508325,4.347611427307129,2.4817945201642555,7.02950382232666,1.6655018329620361,18.650653839111328,0.6591696739196777,1.790175199508667,0.6232690811157227,0.005245697218924761,22.801969528198242,0.5090661607014243,0.005288559317062211,0.34912535548210144,0.4345451891422272,0.43289163859754054,4.837942240103074,34.42596435546875,29.06820297241211
01250N.png,1.6746,0.3378165066242218,0.6004114162374624,0.8782237308747617,5.704757213592529,18.802392959594727,0.8645878977028137,0.42767299424213834,5.516464710235596,3.3686848999014813,6.8192524909973145,1.7277448177337646,24.195228576660156,0.5128874778747559,1.9070913791656494,0.7394942045211792,0.011502953246235847,19.39190673828125,0.5168401727964952,0.003777837226821499,0.39131566882133484,0.4672621488571167,0.4974371038489083,4.869732962609288,33.44500732421875,24.16048812866211
01254N.png,1.6713,0.23289772868156433,0.4779220365527335,0.8810145612113638,5.761855602264404,16.075288772583008,0.803334927077764,0.4069581770293855,4.359711170196533,2.4186680909167197,7.036832809448242,1.5353977680206299,23.255781173706055,0.6109398007392883,1.8173578977584839,0.6879387497901917,0.007130885496735573,21.468564987182617,0.46580103503381876,0.0037989623634936795,0.3457372188568115,0.46216532588005066,0.41704997397620513,5.559618167025352,38.20819091796875,29.32295799255371
01258N.png,1.6815,0.23615394532680511,0.4913070045841171,0.8799643191182744,5.7306952476501465,15.364160537719727,0.7964823282039644,0.41298166601709724,4.449382781982422,2.5007800364373827,6.577041149139404,1.4733145236968994,21.038515090942383,0.6105510592460632,1.8163280487060547,0.6767054200172424,0.006455534603446722,21.900680541992188,0.4448182204490543,0.0056185256988137465,0.3628910779953003,0.488750159740448,0.411293566043826,5.062287909754359,36.29168701171875,24.650699615478516
01262N.png,1.6693,0.25772055983543396,0.4414513277851973,0.8722060215708539,6.147971153259277,17.407161712646484,0.8345159447722389,0.45904081536480773,4.791009426116943,2.4145210812331523,6.768423080444336,1.6428990364074707,18.368722915649414,0.6118296980857849,1.7907872200012207,0.6536680459976196,0.0056029981933534145,22.51579475402832,0.4097010968063748,0.0053812998377513474,0.38863494992256165,0.47270357608795166,0.40058504386613153,4.950489079903323,34.06903076171875,24.01828384399414
01266N.png,1.6803,0.2911507785320282,0.5010721054682015,0.8793537994208817,5.90628719329834,17.70540428161621,0.8539343925512153,0.42427713820862223,4.839120864868164,2.692120536740907,7.47077751159668,1.6719540357589722,20.93130874633789,0.5923521518707275,1.790212869644165,0.6790432333946228,0.00626002810895443,22.034236907958984,0.4698147610426064,0.003504996353735304,0.40354570746421814,0.48722293972969055,0.4281462152264311,4.718681549458998,31.86932373046875,22.910329818725586
01270N.png,1.6893,0.3032081127166748,0.5098795362651036,0.8804040988230006,5.87183952331543,14.611292839050293,0.8354678263641375,0.44555971261039523,4.829442024230957,2.7281905546831737,6.4152326583862305,1.3987096548080444,20.581737518310547,0.6024580597877502,1.8308435678482056,0.6584873199462891,0.006076453719288111,22.163497924804688,0.4002406528478568,0.004133504086166011,0.3988684117794037,0.5193592309951782,0.3728473108246072,5.273653619881139,31.93865966796875,24.892602920532227
01274N.png,1.6757,0.25109803676605225,0.4347724620632699,0.8833895859218949,6.034241199493408,19.981992721557617,0.8337557572284573,0.4400860989094803,4.599505424499512,2.3116372538429513,8.087875366210938,1.8905036449432373,23.381839752197266,0.6457216739654541,1.7832369804382324,0.669497013092041,0.006305117625743151,22.003068923950195,0.46226125478919106,0.004396155928711644,0.37456613779067993,0.4677720069885254,0.4135342674124111,5.199929818263936,32.09637451171875,28.431499481201172
01278N.png,1.6919,0.3377130627632141,0.43206584980188306,0.881559678883786,6.482057571411133,23.754947662353516,0.8880243893317432,0.4670208674197848,5.603654384613037,2.6109191025475695,8.501977920532227,2.2095301151275635,30.345006942749023,0.6077019572257996,1.8355237245559692,0.6572552919387817,0.009914037771522999,20.03749656677246,0.4316763101197272,0.007612610783353046,0.44581639766693115,0.5050481557846069,0.4002151993444823,4.514843496424224,25.80877685546875,29.1293888092041
01282N.png,1.6884,0.3170697093009949,0.5522393294157382,0.8806712035978351,5.845954895019531,23.375690460205078,0.875821044630997,0.4689421806683294,5.619152545928955,3.1657507619820144,8.049333572387695,2.122117280960083,27.322912216186523,0.6021035313606262,1.849679708480835,0.6745167970657349,0.010534297674894333,19.773942947387695,0.5086647246063671,0.009093949869792024,0.4160398542881012,0.45349106192588806,0.46683396555628714,4.445542326475262,32.52264404296875,28.574899673461914
01286N.png,1.6737,0.3783836364746094,0.6150691772154863,0.8802289944863485,5.692096710205078,23.66237449645996,0.8998363610726011,0.4551457333308065,5.974442481994629,3.58787478590909,8.271710395812988,2.1381778717041016,31.663257598876953,0.5492489337921143,1.896965503692627,0.7232846021652222,0.016772950068116188,17.75390625,0.5216490159440722,0.009373483985854027,0.4362202286720276,0.48376572132110596,0.5113263984054662,4.423353007830441,31.04168701171875,38.22636413574219
01290N.png,1.6839,0.3050932288169861,0.5493532486348531,0.8804106466758301,5.73292875289917,24.323888778686523,0.883191571604968,0.46557256212095316,5.5399956703186035,3.0964182806428333,8.218496322631836,2.2614498138427734,30.673307418823242,0.6045398712158203,1.8500280380249023,0.6805404424667358,0.012675879523158073,18.9702205657959,0.5297959482909279,0.0048406413702451745,0.4215845763683319,0.46953749656677246,0.4945569445177095,4.596120946491108,30.11492919921875,30.70514488220215
01294N.png,1.7093,0.36126136779785156,0.5671976830134402,0.8802040279242006,5.803332328796387,21.1810359954834,0.903728949084784,0.44330105859811997,5.96285343170166,3.3368864303191863,7.49355411529541,1.8948086500167847,32.354698181152344,0.5069718360900879,1.9116311073303223,0.6945986747741699,0.016993578523397446,17.69715118408203,0.444466187528711,0.00790655222302301,0.44670286774635315,0.5003479719161987,0.4327288419770103,4.726053802972034,31.25897216796875,30.62529945373535
01298N.png,1.6948,0.27369600534439087,0.4694935944796806,0.8751091545333601,5.80321741104126,15.960882186889648,0.8538250681504442,0.3766658127970884,4.582754611968994,2.4380817240367714,7.3748674392700195,1.5276284217834473,19.27752113342285,0.514822244644165,1.8416433334350586,0.6001620292663574,0.006152312271296978,22.109615325927734,0.4190576216873381,0.005155834714533951,0.3868177831172943,0.4566660225391388,0.3605610216225719,4.933745693631278,31.96356201171875,25.088979721069336
01302N.png,1.6777,0.29440075159072876,0.45317099472520656,0.8751435375949415,6.0707597732543945,18.508459091186523,0.864368834476137,0.4471959546409366,5.047353744506836,2.519210965835301,7.635453701019287,1.7757288217544556,22.871671676635742,0.5585998296737671,1.8498566150665283,0.6414627432823181,0.0073123108595609665,21.359455108642578,0.38016520340126975,0.007521042582691695,0.4104553163051605,0.44598206877708435,0.36263871415139204,4.712843414858776,28.58123779296875,22.723613739013672
01306N.png,1.6799,0.2965952754020691,0.5382633585614525,0.8783759665949963,5.687675952911377,17.439128875732422,0.8715860468296153,0.452452711359155,5.075212001800537,2.8966430139248427,6.835279941558838,1.665113925933838,25.298933029174805,0.5515475273132324,1.8656715154647827,0.6660202145576477,0.008840257301926613,20.53535270690918,0.4779328375008121,0.003958536602981712,0.4084988236427307,0.4593523442745209,0.47067322231148,4.921754854888355,32.32391357421875,25.7087345123291
01310N.png,1.6882,0.34002330899238586,0.45964648447708195,0.8905127309355463,6.005635738372803,16.703901290893555,0.8792600702758181,0.4346409823166372,4.7074713706970215,2.4621282566832416,6.811829566955566,1.592281699180603,26.729585647583008,0.6996421813964844,1.8214643001556396,0.6165730953216553,0.006813112646341324,21.66654396057129,0.437021037465053,0.007209758787479872,0.4124179780483246,0.4720643162727356,0.3818939803132573,5.079409425303052,30.78240966796875,28.214080810546875
01315N.png,1.6714,0.27411749958992004,0.5673036183179044,0.8815526351990018,5.495903491973877,19.802486419677734,0.8521844553382996,0.4407144762445289,5.071671485900879,2.9975213165312784,7.703824520111084,1.8569859266281128,31.09850311279297,0.5884616374969482,1.8666380643844604,0.6326259970664978,0.012047498486936092,19.19103240966797,0.5094440803840216,0.005588900715621473,0.4107029139995575,0.46265530586242676,0.45932914341348624,4.82221916947445,26.94744873046875,26.85691261291504
01319N.png,1.6697,0.2953034043312073,0.655255838310027,0.8847002783350612,5.298481464385986,15.325072288513184,0.8745011439237917,0.46322969262052116,5.423513412475586,3.512835434521591,5.299194812774658,1.4688063859939575,29.4423770904541,0.6218479871749878,1.8744094371795654,0.7240189909934998,0.012100417166948318,19.1719970703125,0.5054560963559651,0.003328742156067887,0.41699230670928955,0.4625333249568939,0.530422981892795,5.284593342336982,31.69451904296875,22.310747146606445
01323N.png,1.6816,0.3517839014530182,0.4876684963427428,0.8888038001895336,6.509568691253662,20.99267578125,0.9015665270841552,0.5043560838434813,5.698935508728027,2.976859584795031,7.28416633605957,1.9272745847702026,34.53914260864258,0.6730178594589233,1.835809350013733,0.6742376089096069,0.010994162410497665,19.58837890625,0.42325696113153577,0.008704460262159479,0.4582453966140747,0.5407598614692688,0.39749380772479553,4.651822569774331,30.23114013671875,29.517536163330078
01327N.png,1.6899,0.38477611541748047,0.3875005042168093,0.882663778279385,6.496225833892822,23.696510314941406,0.9015134907207968,0.5374766028770236,5.525885581970215,2.3292936364429355,7.381191253662109,2.2024476528167725,27.626657485961914,0.6145153045654297,1.814157247543335,0.6579704880714417,0.007168859243392944,21.44550132751465,0.41199896535644903,0.008974283058774964,0.48278647661209106,0.5197960734367371,0.38177426875154313,4.365837563509318,27.78289794921875,28.05120849609375
01331N.png,1.6713,0.37568074464797974,0.6617206963710806,0.8849272122195969,5.49744987487793,21.172988891601562,0.9290656111273056,0.4996131992588231,5.942021369934082,3.784878006266309,6.87265682220459,1.9385722875595093,33.814781188964844,0.6169220209121704,1.8809282779693604,0.7659294009208679,0.016577016562223434,17.8049373626709,0.5623342209133234,0.004760507396797389,0.45678940415382385,0.49694961309432983,0.5580161801512401,5.32415449307147,34.58905029296875,36.71937942504883
01335N.png,1.6901,0.33004194498062134,0.47348807202681803,0.8782133988040657,5.967016696929932,25.23662567138672,0.8904119144128976,0.5240159080288502,5.193138122558594,2.6421078814705474,8.512431144714355,2.3573148250579834,22.58125114440918,0.5588191747665405,1.8375043869018555,0.6731878519058228,0.007198355160653591,21.42766761779785,0.5270293590312066,0.003979586931608475,0.43911752104759216,0.4646509289741516,0.5051576429011708,4.502288300906655,33.26190185546875,34.009159088134766
01340N.png,1.6858,0.2969644367694855,0.46565956997285496,0.8773206413849346,5.89776086807251,22.595645904541016,0.8841230611211738,0.46149404701338553,4.987412929534912,2.5344006528417893,8.496687889099121,2.1170403957366943,21.92903709411621,0.550544261932373,1.8374650478363037,0.6511240601539612,0.006869289092719555,21.630882263183594,0.49342177849322294,0.003767139336409168,0.4212084710597992,0.45389842987060547,0.46789627475830836,4.461496242016962,29.67498779296875,28.2009334564209
01344N.png,1.6887,0.29325124621391296,0.5425158832056736,0.878472782627633,5.7025628089904785,21.497879028320312,0.9088721196375681,0.5216260946269213,5.179920196533203,2.95196862656754,8.53581428527832,1.9989099502563477,25.586990356445312,0.5424644351005554,1.8340097665786743,0.6573265194892883,0.009054026566445827,20.431583404541016,0.5359340468610664,0.0031154183245389135,0.43018651008605957,0.4493855834007263,0.4981100881603683,4.401697372479065,32.86102294921875,34.47150421142578
01348N.png,1.673,0.3084903657436371,0.5411394911405375,0.8818499574826387,5.806025505065918,25.46049690246582,0.8950331759821598,0.5216627996768338,5.3970627784729,3.031225390975207,9.276392936706543,2.3718628883361816,31.076066970825195,0.6182708144187927,1.8275530338287354,0.7004414796829224,0.011742162518203259,19.302520751953125,0.541791917720651,0.004414400799161351,0.43417930603027344,0.4791717529296875,0.5139499970225859,4.711404143385906,32.18670654296875,34.916709899902344
01352N.png,1.6779,0.3111146092414856,0.48183006105048787,0.8765440885309347,5.941828727722168,27.24886703491211,0.8604548298072269,0.4545757492218263,5.4373321533203125,2.741418387967798,9.309417724609375,2.5490498542785645,34.178924560546875,0.5731818079948425,1.8104376792907715,0.6945897340774536,0.01479401532560587,18.29913902282715,0.5120636630221624,0.004335530773020541,0.4137173295021057,0.4516143798828125,0.49109435752356234,4.755982864693363,28.98455810546875,29.820045471191406
01356N.png,1.6666,0.24905945360660553,0.43334866657817744,0.8780938155879351,5.708480358123779,19.05422019958496,0.8294646640913326,0.40804335816349185,4.4715471267700195,2.2057579899681494,8.357208251953125,1.8128951787948608,24.462650299072266,0.5714225769042969,1.8334856033325195,0.66202312707901,0.007939273491501808,21.002193450927734,0.46201753886072344,0.003365230633213077,0.37038034200668335,0.45266133546829224,0.42610915032991054,4.9590736062697625,31.17938232421875,31.02154541015625
01360N.png,1.6659,0.22123947739601135,0.37901451731831504,0.876969962860772,5.75614070892334,14.255448341369629,0.8084181405421644,0.42292788552150706,3.8507497310638428,1.820581531004712,6.842286109924316,1.403253197669983,15.28746509552002,0.6257661581039429,1.7543330192565918,0.5977054834365845,0.0041305976919829845,23.839872360229492,0.3989022540257528,0.004550705187917556,0.3616568148136139,0.4765627384185791,0.3406030476424182,5.906456435565212,33.93670654296875,26.029495239257812
01364N.png,1.6728,0.2916729152202606,0.4030367473825269,0.8750610715799405,6.23797082901001,15.62944221496582,0.8551601342915895,0.3785192806555535,4.558524131774902,2.175698403077826,6.13226842880249,1.4918155670166016,18.002666473388672,0.5325345993041992,1.8531014919281006,0.6208527088165283,0.005548067856580019,22.558582305908203,0.37258207827058126,0.005927207351442544,0.3846953511238098,0.440287709236145,0.3485456007145863,4.815209157427126,28.08026123046875,22.67673110961914
01368N.png,1.6726,0.30599504709243774,0.5110422825976288,0.8781358523339828,6.182845115661621,15.993308067321777,0.8890386203433119,0.41428438488810443,5.174299240112305,2.9019985552324883,5.602948188781738,1.4826399087905884,19.450241088867188,0.45455729961395264,1.9143695831298828,0.6764684915542603,0.007586240768432617,21.19973373413086,0.377196028429486,0.006397005237556378,0.40712207555770874,0.4816405475139618,0.36563511895083994,4.754117191629107,29.72723388671875,22.261119842529297
01372N.png,1.6782,0.28512731194496155,0.4251842360686454,0.8791243214668524,5.8246235847473145,13.542566299438477,0.8465643116943202,0.4101737705981368,4.201359748840332,2.1314524280479628,6.054429531097412,1.3071709871292114,22.54898452758789,0.4714970588684082,1.8757458925247192,0.6231092214584351,0.0072561753913760185,21.392921447753906,0.40137899469662575,0.003197173709117098,0.36320990324020386,0.43846526741981506,0.3758052499670415,5.31248630537196,34.29022216796875,27.08271598815918
01376N.png,1.6869,0.334280401468277,0.4298145280510372,0.872377609114349,6.354830265045166,17.66729736328125,0.8693834661032517,0.4309945093726024,5.30439567565918,2.505659520952829,6.5439839363098145,1.676328182220459,22.385637283325195,0.5256306529045105,1.8675111532211304,0.6151955127716064,0.008008125238120556,20.964691162109375,0.3325291776797165,0.009106569547793961,0.41505736112594604,0.4516887664794922,0.3254260899477904,4.6892893312567825,27.27020263671875,31.9111328125
01380D.png,1.6965,0.544962465763092,0.5516257331239433,0.883917509289539,5.993826866149902,64.56604766845703,0.9602517898960391,0.5644291899583489,7.084851264953613,3.6072772255014964,17.629114151000977,5.905875205993652,51.558048248291016,0.5980837941169739,1.7996766567230225,0.7792699933052063,0.04797947406768799,13.189445495605469,0.7102369853124192,0.007907688805753725,0.47035640478134155,0.4624742865562439,0.6599636938536949,3.3631219482377173,34.46795654296875,52.623619079589844
01384D.png,1.6879,0.5965946316719055,0.5989989566675736,0.8888743213958665,5.874872207641602,66.25025939941406,0.963579975968094,0.5610574348928145,7.2738542556762695,3.9380474986933276,18.27863883972168,6.062738418579102,59.6197509765625,0.656643807888031,1.7876685857772827,0.7967130541801453,0.06722864508628845,11.724456787109375,0.7250780873863965,0.006231584602113653,0.465210884809494,0.48615196347236633,0.6751441191336706,3.472379960655796,31.91180419921875,46.914947509765625
01388D.png,1.6756,0.5597165822982788,0.5575604471203233,0.8864324401585182,5.7906975746154785,65.77391815185547,0.9634427740826846,0.577685775964885,7.269145965576172,3.6408357541800562,18.187088012695312,5.9767961502075195,50.08814239501953,0.6281089186668396,1.802551031112671,0.8103141188621521,0.05104394629597664,12.92055892944336,0.7237039232115503,0.007649693819527352,0.4764224886894226,0.49940818548202515,0.6896789000581747,3.378445726641807,30.44256591796875,47.755531311035156
01392D.png,1.6716,0.5807093381881714,0.6579607381326095,0.8836255713141661,5.34310245513916,57.11248016357422,0.9686420965288237,0.5549296117436477,7.148197650909424,4.109403433787007,14.659859657287598,5.126163482666016,45.6964225769043,0.554132878780365,1.8330762386322021,0.8540868759155273,0.0626622810959816,12.029938697814941,0.7342290603757163,0.00729675837979899,0.4707176685333252,0.48058778047561646,0.7463829301342072,3.5590770334008854,36.07244873046875,45.44966506958008
01396D.png,1.6937,0.5161863565444946,0.6553436265865793,0.8840468868349505,5.672390460968018,47.5789909362793,0.9547513559922512,0.5625157078914735,6.971205711364746,4.142960976936241,13.322051048278809,4.299374103546143,54.91539764404297,0.5917350053787231,1.8438687324523926,0.7977781295776367,0.047904495149850845,13.19623851776123,0.701863005816537,0.005178682665717038,0.46309372782707214,0.4547344446182251,0.6683400769601088,4.36338039527177,32.88739013671875,44.626747131347656
01401D.png,1.6825,0.504287838935852,0.5668440115482521,0.8830174935522945,5.680149078369141,63.05440139770508,0.9626539472426415,0.606720935460945,7.012566566467285,3.5974045848419287,16.374589920043945,5.786068439483643,44.01697540283203,0.5617817044258118,1.8519346714019775,0.7738193869590759,0.036737002432346344,14.348963737487793,0.7237421298271083,0.008578175641445005,0.47106698155403137,0.47760993242263794,0.6967510813960739,4.1487302201527845,39.36639404296875,58.73328399658203
01405D.png,1.683,0.4423075020313263,0.530594114412027,0.8837964310249129,6.442337512969971,40.456478118896484,0.943533751917003,0.5182821107513769,6.243249893188477,3.365458415492107,13.590887069702148,3.6304516792297363,55.17539978027344,0.6005153059959412,1.8588541746139526,0.734804630279541,0.03510633483529091,14.54614543914795,0.6115806168239883,0.00563122038475512,0.45975685119628906,0.4722958505153656,0.5733851374256084,4.082948086106227,33.03143310546875,54.326263427734375
01409D.png,1.6719,0.38282084465026855,0.5340378517495766,0.8800471234449277,6.071803092956543,30.917875289916992,0.9594159989244967,0.4982764295526204,5.738612651824951,3.1536138865661023,10.431930541992188,2.785733222961426,27.054410934448242,0.5983832478523254,1.806908130645752,0.7283982038497925,0.011580654419958591,19.362668991088867,0.6194236071522017,0.005294325147688715,0.4273971915245056,0.42643654346466064,0.578381625717852,4.182916379233039,33.85467529296875,47.321327209472656
01413D.png,1.7054,0.5508213639259338,0.6243980350658782,0.8872754572194704,5.448441505432129,54.43400573730469,0.969213589399631,0.5508331614145772,7.033405780792236,3.89683105188114,14.705300331115723,4.9312567710876465,37.894073486328125,0.4083983898162842,1.8274421691894531,0.8326094150543213,0.04846059903502464,13.146113395690918,0.7253454549220671,0.009689317631860405,0.4792563021183014,0.4890146255493164,0.7243962916418616,3.8136384491519717,26.09100341796875,47.63517761230469
01417D.png,1.6792,0.6111688613891602,0.5442991113735074,0.8859625879785468,5.972365379333496,57.158939361572266,0.9684645426639583,0.5370076142475992,7.179131031036377,3.5791832167434166,14.486418724060059,5.13765811920166,42.644325256347656,0.44364404678344727,1.8655210733413696,0.7789289951324463,0.061934906989336014,12.080645561218262,0.6877610142087408,0.015552625107095605,0.46851226687431335,0.47581180930137634,0.6599446180886281,3.7751000746312746,30.77020263671875,55.16852951049805
01423D.png,1.6775,0.6353495717048645,0.6155040574367755,0.8841192561274945,5.697656154632568,45.235774993896484,0.9680137388115456,0.5513211770919201,7.152724266052246,3.954740550567026,12.490574836730957,3.9263477325439453,48.85326385498047,0.5180763602256775,1.8605972528457642,0.8610577583312988,0.06987161189317703,11.556992530822754,0.6657843666792923,0.009291447158519428,0.48727598786354065,0.482058584690094,0.7132999921882615,4.550610903360404,38.36932373046875,49.79271697998047
01427D.png,1.685,0.6190654039382935,0.5764402378485417,0.8840784957257615,5.777091979980469,55.66752243041992,0.9693042759162357,0.5361100768803614,7.221969127655029,3.7466004925446406,14.805914878845215,4.9649834632873535,44.02412414550781,0.5811413526535034,1.7891604900360107,0.8492604494094849,0.06638450175523758,11.779333114624023,0.7135484318515523,0.011238306956137843,0.48477914929389954,0.5317972898483276,0.6968405549348673,3.778932174229036,30.35516357421875,50.75579071044922
01431D.png,1.6818,0.5515865087509155,0.5379677503279767,0.8828695662337152,6.102875709533691,51.473331451416016,0.9610314229219605,0.582022820713705,7.198794841766357,3.5779438845483558,14.31692886352539,4.579251766204834,45.267276763916016,0.5955711603164673,1.7993360757827759,0.827380895614624,0.039528653025627136,14.030879974365234,0.6917820340750617,0.010411247629213244,0.4767701029777527,0.4974246025085449,0.6712695726166407,3.7979755784278315,35.14910888671875,61.033416748046875
01435D.png,1.6813,0.5342370867729187,0.5415860879012432,0.8907601191433707,6.126769065856934,42.79493713378906,0.9560153070051672,0.5658685157286325,6.973947525024414,3.547592008387511,12.271289825439453,3.786740779876709,49.27800750732422,0.6687993407249451,1.8532178401947021,0.8455686569213867,0.032832980155944824,14.836896896362305,0.6021727656935044,0.011148115516161898,0.5164894461631775,0.5919274687767029,0.5840164894319808,3.903102882250487,32.02117919921875,47.1049919128418
01441D.png,1.6756,0.5965684652328491,0.6313177585640943,0.8818577145186598,5.146456718444824,61.5798454284668,0.9657747779046598,0.5738895438402235,7.147103786468506,3.880582035014651,15.45240592956543,5.5532989501953125,42.875545501708984,0.5597733855247498,1.7522380352020264,0.8442965745925903,0.06603945046663284,11.801965713500977,0.7273082226477355,0.011785905882369281,0.48531726002693176,0.5041723847389221,0.728553693349847,3.69284678728029,34.66717529296875,48.71153259277344
01445D.png,1.712,0.6009330749511719,0.7215480101712205,0.8848329458484032,4.888675689697266,54.20490264892578,0.9701866010255142,0.5882999268412265,7.144451141357422,4.341251059620664,13.652506828308105,4.8993353843688965,43.369468688964844,0.4560090899467468,1.888384222984314,0.8740667104721069,0.06700370460748672,11.739011764526367,0.7798982608270915,0.00473409568911194,0.48162034153938293,0.48539745807647705,0.7564705282960511,3.53841638740143,30.71649169921875,41.9470329284668
01449D.png,1.6839,0.5796521902084351,0.6742465394578864,0.883055813827662,4.773580551147461,77.7566909790039,0.9665296972636986,0.6368811167339349,7.283822059631348,4.064842250556977,18.44548797607422,7.160849571228027,44.16917037963867,0.49427324533462524,1.8486825227737427,0.8451021313667297,0.05951381102204323,12.253822326660156,0.8159761037419404,0.003955193900217989,0.48413699865341187,0.49690237641334534,0.7468470993967242,3.3793245429531096,35.76141357421875,47.30952835083008
01453D.png,1.6771,0.5504911541938782,0.6011338596427657,0.8845053289660489,5.624696731567383,74.23770904541016,0.9624827482899838,0.6102914381362572,7.353259563446045,3.900754872383043,18.816164016723633,6.885599136352539,49.17738723754883,0.5861772894859314,1.836519479751587,0.805543065071106,0.05452566221356392,12.633991241455078,0.7431011961736282,0.0070849975348592845,0.48841145634651184,0.49994519352912903,0.7091072053943053,3.3293888222919183,32.62908935546875,48.34974670410156
01458D.png,1.6849,0.6146650314331055,0.5919173428823992,0.8838378605800489,5.400086402893066,89.07485961914062,0.9691537161093715,0.6261793503840027,7.497340202331543,3.8171153158184143,20.749799728393555,8.252403259277344,51.21926498413086,0.493426114320755,1.8799679279327393,0.777421236038208,0.0773964524269104,11.112789154052734,0.7821588426301159,0.0049323611273428564,0.48418989777565,0.48527780175209045,0.7124622869381436,3.3931592682497826,32.27215576171875,46.67477035522461
01462D.png,1.679,0.4447280466556549,0.6163198854528616,0.8806354101136709,5.534947872161865,40.45655822753906,0.9511375846405369,0.5249496640030429,6.439823150634766,3.69015525847694,11.9588041305542,3.6976122856140137,39.58705520629883,0.5820879936218262,1.838395595550537,0.7719627618789673,0.029341109097003937,15.325235366821289,0.6563041977695929,0.008319854737882507,0.4795365035533905,0.502854585647583,0.6382979619348847,4.245476061645349,34.96795654296875,48.35227966308594
01466D.png,1.6912,0.5466411709785461,0.6303869651002751,0.8835539852626928,5.827725887298584,57.96834945678711,0.9581551069476147,0.5505707333113966,7.2391767501831055,4.118613535615527,15.941551208496094,5.293635368347168,51.67680358886719,0.5705142021179199,1.850172996520996,0.7664517164230347,0.05675944685935974,12.459619522094727,0.7215291907636944,0.007571429124657541,0.479015976190567,0.4810611307621002,0.6707558708853769,3.883134454114091,32.85662841796875,45.119285583496094
01470D.png,1.6692,0.5335947275161743,0.6220134871872107,0.8830181575682918,5.52365779876709,62.02935791015625,0.9567649199406265,0.5545345335970521,7.211359024047852,3.960686888467187,15.709683418273926,5.741480350494385,47.098655700683594,0.5026843547821045,1.897110939025879,0.7703102827072144,0.05513717979192734,12.585555076599121,0.7281726228659446,0.00961250118600123,0.4799487292766571,0.4752684533596039,0.7021586427607883,3.2483161679762063,32.05340576171875,53.094356536865234
01474D.png,1.6815,0.5816468596458435,0.7013096726527489,0.8877892722473795,5.402927875518799,47.78226089477539,0.9665534804475969,0.47134938706011215,7.063275337219238,4.371346481428159,13.020925521850586,4.243720531463623,40.792545318603516,0.40505340695381165,1.8805789947509766,0.8146616220474243,0.06667940318584442,11.760082244873047,0.7001130503456119,0.009650264446394252,0.47211429476737976,0.47966617345809937,0.7084947765798156,3.669601941300251,32.71746826171875,46.47093200683594
01478D.png,1.6846,0.6009660959243774,0.656017943381444,0.8844434276589419,5.467730522155762,53.177364349365234,0.9633577164194431,0.47095841847531045,7.271948337554932,4.1787403237525265,14.378637313842773,4.750054836273193,45.0484504699707,0.4558206796646118,1.853355884552002,0.7818849086761475,0.08014047890901566,10.961481094360352,0.6958899395119394,0.011115689919987678,0.4731912314891815,0.4971897304058075,0.6754866420183001,3.6616821889773834,31.46307373046875,49.737762451171875
01482D.png,1.6781,0.5818336009979248,0.5806582653922399,0.8826300077346722,5.6122145652771,64.38874816894531,0.9586675394406671,0.5316337756236359,7.352941513061523,3.7641725726135835,16.402408599853516,5.816626071929932,44.28336715698242,0.48548778891563416,1.825624704360962,0.7576980590820312,0.06511519849300385,11.863175392150879,0.7173447113047956,0.010316003572885033,0.4740329086780548,0.47376343607902527,0.6791991442939171,3.54424647117681,34.89471435546875,47.572784423828125
01486D.png,1.6829,0.6112669706344604,0.5476873779197576,0.886553407491625,5.261319160461426,59.156005859375,0.9601548368456077,0.5230027277083938,6.861062526702881,3.3196465583343358,13.987421035766602,5.274881362915039,30.61931037902832,0.40627914667129517,1.804185390472412,0.8144006729125977,0.06322108954191208,11.99138069152832,0.7093460083168882,0.011192583917922765,0.47995734214782715,0.48425740003585815,0.703022340028229,3.964402244932965,35.56805419921875,50.46310043334961
01493D.png,1.6664,0.5506686568260193,0.665282336905256,0.887447537746253,5.094317436218262,48.75591278076172,0.9642119329163906,0.523634860700171,6.984062671661377,4.017777246754777,12.010114669799805,4.4009108543396,40.340248107910156,0.3977643847465515,1.888228416442871,0.843006432056427,0.058041010051965714,12.362650871276855,0.7027764820166487,0.009120943368067564,0.4838119447231293,0.5116307139396667,0.7194306032881682,4.059630422951826,31.20916748046875,50.78895568847656
01498D.png,1.6861,0.4693653881549835,0.6422623616047366,0.8822787464113772,5.375935077667236,52.9165153503418,0.9610342229737061,0.5849112907795326,6.762791633605957,3.8981343170964493,15.582334518432617,4.838682651519775,40.975101470947266,0.5263234376907349,1.864342212677002,0.791268527507782,0.035201963037252426,14.534331321716309,0.7316158573492269,0.004851028933012031,0.48227399587631226,0.4713689088821411,0.7039508323998996,3.789690567484661,35.07049560546875,54.998985290527344
01502D.png,1.6874,0.4791399836540222,0.5728410676696691,0.8832704801738894,6.255684852600098,51.365234375,0.9273205334655257,0.4949442895535832,6.903735160827637,3.7691382563405824,15.383238792419434,4.705582618713379,56.80516052246094,0.6119494438171387,1.837558388710022,0.6907689571380615,0.044699776917696,13.496946334838867,0.6161979910721734,0.008629685352472802,0.4740999639034271,0.4321393072605133,0.5563835429674774,3.449168139277359,29.65155029296875,43.208045959472656
01506D.png,1.6785,0.5141005516052246,0.6699270526564918,0.8872169095874219,5.638381481170654,39.10478591918945,0.9511028848105272,0.47340060321631144,6.923269748687744,4.207706446387629,10.559870719909668,3.4970810413360596,35.983646392822266,0.4004072844982147,1.8871591091156006,0.7466372847557068,0.0439462885260582,13.57077693939209,0.6263423196065384,0.011401231901648946,0.4550330340862274,0.4566762149333954,0.647858826922009,3.928248255729598,34.81756591796875,55.64519500732422
01510D.png,1.6806,0.5421656370162964,0.782243379229062,0.8982817081427047,5.091081142425537,41.70344924926758,0.9635212318443355,0.4845174946239091,7.045227527618408,4.746787332387358,10.338748931884766,3.753146171569824,38.602046966552734,0.307888388633728,1.896787405014038,0.797344982624054,0.0585428923368454,12.3252592086792,0.6829014134467437,0.011591800919418091,0.4684986472129822,0.4758533239364624,0.7156344287629043,3.797366665578244,31.55780029296875,48.10429763793945
01514D.png,1.6725,0.5480942726135254,0.6370025559394492,0.8916698410732645,5.513800621032715,65.61688995361328,0.9627205251910396,0.5497915035132271,7.158517837524414,4.036160753327962,16.19808578491211,6.0302863121032715,44.47332000732422,0.3606211841106415,1.902709722518921,0.7712054252624512,0.05562299117445946,12.547455787658691,0.7116734765664668,0.010052932619620914,0.4855888783931732,0.4793572425842285,0.6911878440902295,3.649944199265046,34.35662841796875,43.70594024658203
01520D.png,1.6697,0.5523296594619751,0.7167798353699449,0.8871840079182853,4.969837665557861,49.633853912353516,0.9623712718243376,0.5127840527227401,7.25848388671875,4.382519317841448,12.276357650756836,4.476184368133545,45.365901947021484,0.6273007392883301,1.861487865447998,0.8528017997741699,0.0683235377073288,11.654296875,0.7013414136573963,0.0085821725937911,0.47257182002067566,0.5045984983444214,0.7338574208507415,3.589642841703412,31.54852294921875,43.80292510986328
01527D.png,1.673,0.6678014397621155,0.7823149109265779,0.8862411447217664,4.567375659942627,55.64162826538086,0.9573093603769165,0.5170476661563664,7.4655046463012695,4.706763521804277,13.942025184631348,4.907754898071289,65.15837860107422,0.4345647692680359,1.9176721572875977,0.8485868573188782,0.12301050126552582,9.100578308105469,0.7449065858228732,0.003201787441714162,0.4431881904602051,0.4711630046367645,0.7243749764347079,3.84032688042563,38.82830810546875,45.164512634277344
01531D.png,1.674,0.5628429651260376,0.6932366422161139,0.8871295333225684,4.927017688751221,60.51613998413086,0.9613627135528351,0.5767472290488549,7.294034957885742,4.236052093551802,14.39260482788086,5.4487996101379395,49.5696907043457,0.6291240453720093,1.8268070220947266,0.8500162363052368,0.06504560261964798,11.867819786071777,0.7378413117826278,0.006800814332246229,0.4740891754627228,0.4816954731941223,0.7310782148550028,3.750328448868021,38.41668701171875,39.140357971191406
01535D.png,1.6782,0.511837363243103,0.6925534264100888,0.8850806082761193,5.029919147491455,54.26959228515625,0.9605258633133783,0.5836002053197621,7.173705577850342,4.225843185157354,13.314441680908203,4.947599411010742,45.78318405151367,0.5992832779884338,1.8579027652740479,0.8130136728286743,0.051936306059360504,12.84528923034668,0.7325284115905168,0.006287438693767141,0.48009252548217773,0.4807083010673523,0.7273318419581796,3.5379874079607267,34.86102294921875,39.84309387207031
01539D.png,1.6599,0.5433056950569153,0.6549934331174888,0.886284579948677,5.451395511627197,50.39973831176758,0.9656880561462544,0.51853819878968,7.0975847244262695,4.109760830735359,12.743745803833008,4.526002407073975,40.48212814331055,0.42573410272598267,1.877220630645752,0.8408057689666748,0.05318789556622505,12.74187183380127,0.6700143264971176,0.013117362609800542,0.4976646900177002,0.5241718292236328,0.7054985777517138,3.7930791807875606,34.71697998046875,41.5161018371582
01543D.png,1.6754,0.5563424825668335,0.6921055581319203,0.8837494343336265,5.041718006134033,51.19057846069336,0.9633453981554014,0.5170556919464879,7.221417427062988,4.243703665359208,12.188233375549316,4.552335739135742,41.95261764526367,0.5749110579490662,1.7992899417877197,0.8523776531219482,0.06282269209623337,12.018834114074707,0.7230742738463909,0.008331288252393454,0.4819205105304718,0.49981310963630676,0.7374546185517736,4.039746080265451,36.67108154296875,43.99180603027344
01547D.png,1.6735,0.6477295160293579,0.6454091559786749,0.8851669170175118,5.291173934936523,52.16005325317383,0.9659467838319257,0.5027804904410387,7.225587368011475,4.039226322137253,12.205793380737305,4.556777477264404,40.084373474121094,0.5934270024299622,1.778977632522583,0.84871506690979,0.08642010390758514,10.633852005004883,0.7239302114568292,0.0072506562876250465,0.4773463308811188,0.48719915747642517,0.7331679494213204,4.052353942316265,36.52362060546875,47.12184143066406
01551D.png,1.6506,0.6178908348083496,0.6619839935760685,0.8861672739577546,4.833539009094238,61.11528015136719,0.9706361978922134,0.5707642225054523,7.162557601928711,3.9706226400737314,14.856599807739258,5.419128894805908,38.751251220703125,0.6058647036552429,1.8098833560943604,0.9323525428771973,0.08137736469507217,10.894964218139648,0.7789820063389169,0.004139143534073997,0.47876057028770447,0.513118326663971,0.7900719487303559,4.295952965954147,46.40789794921875,56.05404281616211
01555D.png,1.6701,0.5879285931587219,0.6046657675493095,0.8831442490102557,5.418927192687988,67.69566345214844,0.9675381865660259,0.5406950949673437,7.2243499755859375,3.822488445115802,18.36195182800293,6.213185787200928,46.10708999633789,0.5037657022476196,1.8279534578323364,0.8159890174865723,0.060882825404405594,12.155051231384277,0.7534934475225911,0.007002343100268722,0.47850462794303894,0.4854232966899872,0.7151869089485977,3.764094801795454,30.38739013671875,51.22041320800781
01559D.png,1.6824,0.6149823069572449,0.5804903341550982,0.8920152199864307,6.237798690795898,55.216758728027344,0.9424492920029055,0.47638503680579175,7.349271774291992,3.943591112147031,15.574731826782227,4.985592365264893,54.19960021972656,0.37031739950180054,1.8918673992156982,0.8313779830932617,0.07668982446193695,11.15262222290039,0.6948955672876461,0.006031961740036618,0.45283734798431396,0.46945977210998535,0.6292138913305465,3.5973682956074455,27.71990966796875,37.433937072753906
01566D.png,1.671,0.5274837613105774,0.5171876459863245,0.8839309856972427,6.042125701904297,76.47346496582031,0.9613838722593194,0.5967595786066553,7.130120754241943,3.406270583590702,18.8701114654541,7.09893798828125,45.81338119506836,0.5884600877761841,1.814997673034668,0.778157114982605,0.04080760478973389,13.892589569091797,0.7213254675133721,0.011316318477020578,0.4874627888202667,0.503978431224823,0.6775289119356683,3.432920008973653,39.07684326171875,58.79521942138672
01570D.png,1.6748,0.5522832274436951,0.5882627520673944,0.8926915563450056,5.872574329376221,68.10889434814453,0.9655489008859794,0.5482750786057763,7.231305122375488,3.854272177739123,17.508825302124023,6.20013427734375,48.271663665771484,0.6880592703819275,1.785740613937378,0.7778714895248413,0.0505104623734951,12.9661865234375,0.7158274893491986,0.010499522992944708,0.4815181791782379,0.5090183615684509,0.6829827109411871,3.277661939401382,33.64080810546875,49.091217041015625
01574D.png,1.683,0.38768935203552246,0.5521825602367098,0.8835052584848778,5.573767185211182,38.9814338684082,0.9460031102393446,0.5415909270254531,5.9290642738342285,3.175840353039984,12.160969734191895,3.5681324005126953,30.0466251373291,0.43894872069358826,1.893878698348999,0.7266387343406677,0.01710336282849312,17.6691837310791,0.6263328019212085,0.00882970459473518,0.46633678674697876,0.4720606207847595,0.5796348563817572,4.458526771673632,32.31610107421875,52.997520446777344
01578D.png,1.667,0.5695099830627441,0.7586181102028776,0.8910166508215596,4.976658344268799,50.98979568481445,0.9679149816826778,0.5059729897452208,7.056990623474121,4.564485161505976,14.3744478225708,4.524648666381836,42.036991119384766,0.3656575679779053,1.8966162204742432,0.8542378544807434,0.06709277629852295,11.73324203491211,0.7512253750247226,0.0058858358377062775,0.4688231945037842,0.49722352623939514,0.7468318819119252,4.1299933187977675,34.98162841796875,51.68001174926758
01583D.png,1.6848,0.5941693186759949,0.6173275732581412,0.8828148262154308,5.617572784423828,56.14231872558594,0.9627904003187424,0.539525804513539,7.493457794189453,4.046911324549139,14.30435562133789,5.059322834014893,52.30274200439453,0.5660142302513123,1.798719882965088,0.7803093791007996,0.07627348601818085,11.176263809204102,0.6765609736764401,0.009675072266874607,0.4690397083759308,0.4780822992324829,0.6931090147840767,3.4774285588247262,34.89862060546875,46.34074401855469
01587D.png,1.67,0.5724526643753052,0.6229048099573049,0.8831450054247664,5.568790912628174,56.52288055419922,0.9634721412719223,0.5249641681580457,7.333678722381592,4.018516331459553,15.029412269592285,5.130779266357422,50.28825759887695,0.5221403241157532,1.8564008474349976,0.8078956604003906,0.06810270249843597,11.668356895446777,0.7102489386130153,0.008296181107555149,0.4727214574813843,0.4936216473579407,0.7046917803441073,3.3251323596402886,31.83856201171875,49.878047943115234
01591D.png,1.6877,0.5756343603134155,0.5487959722630261,0.8846275097317742,5.860775947570801,61.764102935791016,0.9595490064750175,0.5389448581546302,7.292813301086426,3.6093276696458343,16.813894271850586,5.6253275871276855,54.670291900634766,0.6212499737739563,1.7732945680618286,0.7727689743041992,0.06300310045480728,12.00638198852539,0.712414734981318,0.006430191033732981,0.4674495756626129,0.4734830856323242,0.6773482874697881,3.2987053398446387,30.26580810546875,49.25526428222656
01595D.png,1.7146,0.5409265756607056,0.5756681520581333,0.8839118614136008,5.949294090270996,50.120704650878906,0.95741615809966,0.5135372406778959,7.058389663696289,3.744064727508487,14.842164993286133,4.560184955596924,56.37089157104492,0.5589468479156494,1.8749641180038452,0.7589977979660034,0.05707218870520592,12.435754776000977,0.660052723163567,0.008261103919490587,0.47658318281173706,0.46418246626853943,0.624602300110002,3.577550161951089,32.64227294921875,42.204689025878906
01599D.png,1.6805,0.4324807822704315,0.47629634501547263,0.8816953567010269,6.358566761016846,37.471893310546875,0.9388634561924885,0.5082607217498404,5.971293926239014,2.9363416502743753,12.72302532196045,3.41939377784729,50.96916961669922,0.502713680267334,1.8439545631408691,0.6852466464042664,0.032149095088243484,14.928313255310059,0.5801912908613394,0.00897175620428302,0.4519469439983368,0.4514020085334778,0.5201816260728997,4.2013967034092845,31.38690185546875,45.46366882324219
01603D.png,1.6867,0.5355319380760193,0.6364167511514572,0.8837518425842568,5.768838405609131,44.150535583496094,0.961426485865626,0.5222437491206829,7.052494049072266,4.079865745703501,11.68062973022461,3.8608224391937256,45.710758209228516,0.5838227272033691,1.832704782485962,0.881558358669281,0.049590278416872025,13.046034812927246,0.6346476823098571,0.014914177369020919,0.5060439109802246,0.5727525949478149,0.6619619421856631,4.6105088153478375,39.35565185546875,43.745357513427734
