image_name,time_s,CE,NMI,QNCIE,TE,EI,Qy,Qcb,EN,MI,SF,AG,SD,CC,SCD,VIF,MSE,PSNR,Qabf,Nabf,SSIM,MS_SSIM,VIFF,NIQE,BRISQUE,MUSIQ
00004N.png,2.3401,0.31251397728919983,0.7394991255579286,0.8852990823081344,4.691849708557129,21.5162410736084,0.9648277873264982,0.5336435269385872,6.29224157333374,4.06137684223431,6.749589920043945,1.942156195640564,30.573652267456055,0.6780030727386475,1.3882542848587036,0.9532274007797241,0.009949642233550549,20.02192497253418,0.60285102277243,0.009861890710065936,0.483742356300354,0.4223516285419464,0.6588568022891953,4.791367966172778,36.17498779296875,26.65178871154785
00008N.png,1.4417,0.36735042929649353,0.8311577635466862,0.8932182880774467,4.832328796386719,25.801231384277344,0.9688239257524061,0.519471250435241,6.674097061157227,4.781842787174913,8.011422157287598,2.3153860569000244,45.87281036376953,0.6938680410385132,1.3123842477798462,1.0155699253082275,0.02184922993183136,16.605640411376953,0.6584345054730902,0.008036529912677583,0.4879196882247925,0.5223145484924316,0.7393325253790682,4.758546985574207,39.37713623046875,30.74756622314453
00012N.png,1.3289,0.33794569969177246,0.7170340246172052,0.8838955707502747,4.843458652496338,23.226978302001953,0.9620836944906247,0.5490208299050738,6.3494696617126465,4.012868574759841,6.321690082550049,2.0753495693206787,37.8759651184082,0.579727828502655,1.395662546157837,1.012861728668213,0.015965184196829796,17.96826171875,0.639036536962127,0.004061553103701478,0.48159605264663696,0.4316311776638031,0.7272173709812104,4.844962610430779,39.32147216796875,29.642297744750977
00016N.png,1.2963,0.339666485786438,0.6281291621951353,0.8810804660029039,4.868729591369629,30.987442016601562,0.939847846840166,0.5648860527991483,6.360256195068359,3.526638480247847,8.260995864868164,2.8124098777770996,36.97166061401367,0.6017359495162964,1.3736152648925781,1.0263711214065552,0.014010938815772533,18.53532600402832,0.6580146748988487,0.00945896834725009,0.47601473331451416,0.48237037658691406,0.7215329628012569,4.278309769799629,35.40155029296875,28.24173355102539
00020N.png,1.2993,0.2045222967863083,0.42995162234913104,0.8951781617369785,4.307549476623535,17.43204689025879,0.9305672397173285,0.5602837225268735,4.895310401916504,1.9784002578871442,6.299059867858887,1.6399840116500854,19.936952590942383,0.717573881149292,1.341148018836975,1.0039446353912354,0.002563362242653966,25.911901473999023,0.5894691076893824,0.008289351299432758,0.4819740653038025,0.535415768623352,0.5997276462248334,4.461400589572965,32.24237060546875,25.398897171020508
00024N.png,1.3135,0.2643103003501892,0.6599234138942418,0.8792175055461191,4.504420280456543,22.527786254882812,0.9565484577118014,0.5695806975198467,5.861188888549805,3.4202661936038066,7.018396377563477,2.049598455429077,27.560327529907227,0.6893005967140198,1.489579200744629,1.0471055507659912,0.006905347108840942,21.608144760131836,0.6252325154573593,0.011861386039595554,0.4947061538696289,0.5311062335968018,0.6862869763952594,4.558977262472685,37.09588623046875,24.861013412475586
00028N.png,1.3025,0.2675606310367584,0.6906212790631501,0.879548441889771,4.268350601196289,20.564908981323242,0.9523736227531332,0.5438389465309847,5.870335102081299,3.5010089384110223,6.922325134277344,1.866261601448059,30.025774002075195,0.6525250673294067,1.4336085319519043,1.0949712991714478,0.00866794679313898,20.620840072631836,0.6363187807674603,0.012058361438836812,0.4640581011772156,0.5114990472793579,0.6848298520345426,4.777102566668554,33.05633544921875,21.626708984375
00032N.png,1.284,0.2540108561515808,0.5869944632541204,0.8842379013213265,4.560330390930176,25.010114669799805,0.9404639704317462,0.5582637387503604,5.730048179626465,3.0202082808909694,7.914616584777832,2.2956228256225586,37.120235443115234,0.6639662981033325,1.3762717247009277,1.1598656177520752,0.011031810194253922,19.573532104492188,0.6824634603002926,0.006585644044027852,0.4650012254714966,0.5017242431640625,0.7429850641469627,4.525233341784397,35.13592529296875,22.18638038635254
00036N.png,1.2975,0.20640668272972107,0.4777350138797274,0.8823419223846942,4.171835899353027,22.420875549316406,0.9396969134958523,0.548255341061643,5.069528102874756,2.207470269261562,7.692979335784912,2.085334300994873,29.950820922851562,0.7250447273254395,1.462329626083374,1.1165958642959595,0.006686671636998653,21.74789810180664,0.6612843567706458,0.011661203075419008,0.47225821018218994,0.5066347718238831,0.6925819623841969,4.352510814173542,33.12860107421875,26.004270553588867
00040N.png,1.3068,0.21550041437149048,0.5055211710798659,0.8807544368680814,4.239509582519531,17.9099063873291,0.9390805131899633,0.5410785667917061,5.188852787017822,2.3831280573317706,5.9798970222473145,1.6662843227386475,23.038022994995117,0.6944694519042969,1.4522755146026611,1.0920462608337402,0.0042183371260762215,23.748586654663086,0.6209316320169185,0.012369756521996862,0.47923949360847473,0.5102971792221069,0.6625188474993307,4.991435383626633,33.93084716796875,17.834941864013672
00047N.png,1.3248,0.3278827369213104,0.711276652949435,0.8824003103548256,4.754169940948486,26.604990005493164,0.9592116606579341,0.546058528799676,6.263973236083984,3.9184869728365452,8.249771118164062,2.385524034500122,37.29399490356445,0.6018608808517456,1.3781218528747559,1.0496991872787476,0.014085025526583195,18.51242446899414,0.669254375455674,0.007370224889434261,0.47845184803009033,0.5004428029060364,0.7383888637345367,4.486952035866115,35.16082763671875,32.31198501586914
00051N.png,1.277,0.3613892197608948,0.5412946782738024,0.8830923776925624,5.058180332183838,34.69248580932617,0.8986273882627496,0.5254326546419178,6.2658867835998535,3.0648385226187127,10.024039268493652,3.167160749435425,43.04601287841797,0.6453189849853516,1.450339674949646,1.1358604431152344,0.014839209616184235,18.2858943939209,0.6935891018819125,0.009194756653092342,0.4462842345237732,0.5127889513969421,0.7268542120707889,4.1758569316926595,31.80780029296875,31.563434600830078
00055D.png,1.3111,0.6141780018806458,0.887018166425295,0.8849951191189307,5.26966667175293,72.20338439941406,0.9817762764587478,0.5764768663256667,7.203751564025879,5.532090653937166,21.428203582763672,6.639220714569092,70.7867431640625,0.6050750017166138,1.368109941482544,0.9508392214775085,0.07243400812149048,11.400575637817383,0.782430180535655,0.012261722901565332,0.49696630239486694,0.49635815620422363,0.8233542526694624,3.1028721397360255,25.27996826171875,44.9686279296875
00081D.png,1.3353,0.6884450912475586,0.8701070088038096,0.8830336283054883,5.382564067840576,56.79433059692383,0.9792985723586966,0.4987351975623107,7.585818290710449,5.641956048957761,15.637626647949219,4.987394332885742,66.98091125488281,0.5390614867210388,1.4003394842147827,0.9785014390945435,0.09940192103385925,10.026052474975586,0.7482465460396428,0.007908521453512988,0.4541543126106262,0.46862804889678955,0.8068967169675244,3.8132078208052946,35.70330810546875,40.0474967956543
00085D.png,1.3307,0.5976148247718811,0.8746301090132254,0.8889673937574271,5.316044330596924,53.27465057373047,0.9760170436348923,0.5279877687493203,7.272158145904541,5.505025965651873,12.913743019104004,4.652996063232422,44.205360412597656,0.6601853370666504,1.4024710655212402,0.988877534866333,0.07091917097568512,11.492362976074219,0.7295523242182602,0.00931764885157026,0.47181618213653564,0.5444236993789673,0.8095436237953033,4.035669802331257,40.29510498046875,38.44968032836914
00091D.png,1.3247,0.6477860808372498,1.0039209377107519,0.8835451530975164,4.69686222076416,43.62029266357422,0.9755887483885882,0.5205562589401833,7.329280376434326,6.036666345557386,12.415995597839355,3.820064067840576,60.40475845336914,0.46154919266700745,1.3798657655715942,0.9532791972160339,0.09334050118923187,10.299299240112305,0.738557870375298,0.011936907747874445,0.5260789394378662,0.493274986743927,0.7735603356822267,3.8913019511225966,38.19891357421875,39.05317306518555
00095D.png,1.3122,0.8599388599395752,0.8537627974612709,0.8834575859640008,5.739745616912842,72.11422729492188,0.976995423228472,0.5386266198805622,7.534065246582031,5.666359151712312,18.085155487060547,6.451323509216309,69.5622329711914,0.4532198905944824,1.3940958976745605,0.9492172002792358,0.12189504504203796,9.14013957977295,0.7655188238544623,0.009735479271045538,0.5765198469161987,0.5214831829071045,0.795127587398525,3.463373738359337,37.07977294921875,42.54596710205078
00099D.png,1.3336,0.6594721674919128,0.7630094885326294,0.8847113961336532,6.228616714477539,114.46524810791016,0.9778219979908299,0.6507482576351106,7.711180686950684,5.318112451312141,27.106428146362305,10.578843116760254,61.063541412353516,0.6003775596618652,1.4487440586090088,0.9253135323524475,0.07657551020383835,11.159101486206055,0.7568947591951242,0.014986379054036542,0.504546046257019,0.5668897032737732,0.7882826904784324,3.0539511807868913,29.46551513671875,48.79795455932617
00103D.png,1.3558,0.703879714012146,0.7649136670839406,0.8818784092415166,6.451797008514404,76.3392105102539,0.9710971501052549,0.5998247032217544,7.476781845092773,5.3270943029356435,19.366195678710938,6.930980682373047,63.09831619262695,0.5172178149223328,1.3633173704147339,0.8900954127311707,0.06916344165802002,11.601234436035156,0.7008350275784635,0.012154200867638845,0.5198628902435303,0.5525717735290527,0.7164126578424402,3.6653121630050367,32.82977294921875,48.886627197265625
00107D.png,1.3016,0.5424938201904297,0.6600396179727724,0.8817501724637439,6.0605034828186035,57.33020782470703,0.9587607990237769,0.5683565504340035,7.045969009399414,4.325407769370182,15.881357192993164,5.1863861083984375,49.72367477416992,0.5691519975662231,1.3789947032928467,0.8861529231071472,0.034556299448013306,14.614727020263672,0.6844401490979223,0.01136244507261314,0.5004093647003174,0.5547376275062561,0.6638778198692629,3.1869709260334953,30.32781982421875,47.77281188964844
00111D.png,1.3106,0.6120641827583313,0.6158462486978615,0.8979609625597744,6.42727518081665,63.0848388671875,0.9381825865223401,0.5490889795848761,7.204765796661377,4.197632047498443,18.572006225585938,5.740836143493652,74.97493743896484,0.7947214841842651,1.5536789894104004,0.7687152624130249,0.043821364641189575,13.583141326904297,0.651350752886504,0.01711758604268351,0.5055939555168152,0.5960900783538818,0.533166124696748,3.2240016984486592,31.36541748046875,46.371246337890625
00115D.png,1.3273,0.6152817010879517,0.6415474951621595,0.8781539365880406,6.099719047546387,53.06689453125,0.9419567978946515,0.5478886296394503,7.029763221740723,4.2116050520594825,15.269068717956543,4.764727592468262,61.71640396118164,0.5467105507850647,1.4157049655914307,0.8570202589035034,0.05180540308356285,12.856249809265137,0.654348514586248,0.015502796684790534,0.5342321395874023,0.5654667019844055,0.6093376425974368,3.3976313291505167,33.23504638671875,48.13648223876953
00119D.png,1.2916,0.48827430605888367,0.6114836788185858,0.8796564729886733,5.924988269805908,44.8275260925293,0.9432696179516467,0.5683627788173459,6.816964149475098,3.895759486208762,13.348662376403809,3.9471607208251953,54.838375091552734,0.5697344541549683,1.4075690507888794,0.8771525621414185,0.03466840088367462,14.600662231445312,0.6732671897867897,0.012790679499419321,0.49818092584609985,0.5687481760978699,0.5928443341995893,3.4964206590913003,34.20135498046875,41.489646911621094
00123D.png,1.3214,0.5752800107002258,0.840218198643011,0.8835481688625775,5.464566230773926,67.39238739013672,0.9776076276599865,0.5749077028626915,7.47175407409668,5.434681257306751,17.094669342041016,6.038460731506348,62.28030014038086,0.6240956783294678,1.3916566371917725,0.9979422092437744,0.07281316071748734,11.377901077270508,0.7324385279507781,0.008720618734815064,0.48823726177215576,0.5256133675575256,0.8138492238123055,3.019010933305353,33.43719482421875,50.52311325073242
00127D.png,1.3168,0.470020055770874,0.8652983652305688,0.8888508513724398,5.114953517913818,43.01876449584961,0.9719554700678555,0.5426889959679054,6.886301040649414,5.192349303999302,13.28421401977539,3.815474510192871,38.57834243774414,0.37350907921791077,1.3564156293869019,0.9494876265525818,0.035900890827178955,14.44894790649414,0.7259062362611195,0.00855529777041741,0.48041585087776184,0.48518675565719604,0.7717819826271864,3.313836617678223,32.61248779296875,40.74711227416992
00131D.png,1.3236,0.49218055605888367,0.7332240403025645,0.8717695483118091,5.721497058868408,50.76042938232422,0.9623441628705841,0.5204770493383621,7.083819389343262,4.6945962500869935,15.247282028198242,4.518354892730713,43.247520446777344,0.5640362501144409,1.5254697799682617,0.9347056746482849,0.038116712123155594,14.188846588134766,0.698420680357222,0.012172320867373838,0.4686935245990753,0.4992046654224396,0.7084164063337544,3.221739480833265,31.20819091796875,49.373138427734375
00135D.png,1.3033,0.5352162718772888,0.7746901439980185,0.8895451085637344,5.1431989669799805,40.5693359375,0.9644012540503643,0.47578525519375836,6.832649230957031,4.638800147423691,11.501336097717285,3.6391780376434326,52.14037322998047,0.3799695372581482,1.3697856664657593,0.9268706440925598,0.06173395365476608,12.094758987426758,0.6737119486086419,0.009942027065339533,0.47380661964416504,0.5261203050613403,0.711331373560974,3.138611287163614,28.94451904296875,44.17522430419922
00139D.png,1.3037,0.5984938740730286,0.8152032521625873,0.8839421805359462,5.470924377441406,57.79369354248047,0.968902261090777,0.5126667039250937,7.374726295471191,5.235922634731402,15.070998191833496,5.109079837799072,51.75384521484375,0.4619048833847046,1.4109289646148682,0.9560937285423279,0.07409388571977615,11.302176475524902,0.7369993718893674,0.006741889216821106,0.44471126794815063,0.46337786316871643,0.8016757356034832,3.4069889389329258,33.73211669921875,50.00837707519531
00143D.png,1.3298,0.6356775164604187,0.7419969126781601,0.8740571229834626,5.947240829467773,60.2414665222168,0.9649545606158203,0.4881463729551424,7.242776393890381,4.893489715917957,16.060758590698242,5.301244258880615,43.44916534423828,0.447468101978302,1.631145715713501,0.9410423040390015,0.07768155634403229,11.096820831298828,0.7247583954405428,0.010356392715702427,0.44060853123664856,0.4256650507450104,0.7513210070091224,3.4159388576809175,35.01287841796875,61.27726745605469
00147D.png,1.3186,0.4537208676338196,0.8600077463481621,0.8867980701172333,5.11039400100708,46.77437210083008,0.9763750963289606,0.5284661737855724,6.963079452514648,5.191655715398753,13.352617263793945,4.223470211029053,39.72137451171875,0.40936073660850525,1.4165678024291992,0.9538151025772095,0.03544327989220619,14.504661560058594,0.7370799311473476,0.005035214504536863,0.4842332899570465,0.47379353642463684,0.8033369545957321,3.7556682074983767,35.72283935546875,49.379478454589844
00151D.png,1.3283,0.5372199416160583,0.9397982226108461,0.8879383489082333,5.0414719581604,50.32868957519531,0.9868430860508519,0.5228392321605593,7.231682777404785,5.767161982586305,13.200061798095703,4.508458614349365,46.406028747558594,0.3956129848957062,1.3630266189575195,0.9927472472190857,0.06073369085788727,12.165703773498535,0.7519036135647433,0.005491765067463523,0.4864281117916107,0.4868517518043518,0.8632315623242096,3.8129027605566677,34.97576904296875,44.18569564819336
00158D.png,1.2948,0.6247736811637878,0.7582476234619885,0.8867134190098853,5.2222208976745605,39.90422058105469,0.9536191253933084,0.4991761320881593,7.2944793701171875,4.7453926916107765,9.507192611694336,3.4544572830200195,44.81311798095703,0.42214933037757874,1.493544101715088,0.9521410465240479,0.0645163282752037,11.903305053710938,0.6741248465846907,0.007111494889925648,0.42684537172317505,0.46254342794418335,0.7726896144176629,4.208273764866815,40.75946044921875,27.025856018066406
00162D.png,1.3493,0.7327688932418823,1.0949720510606848,0.894950188488061,4.632621765136719,60.50166320800781,0.9875354940356613,0.6791985618182117,7.686806678771973,6.74473448200051,14.64310073852539,5.442526817321777,62.53267288208008,0.6717502474784851,1.5544202327728271,1.0695439577102661,0.10828182846307755,9.654444694519043,0.8422134184146903,0.004114414638593165,0.4966904819011688,0.5093708038330078,0.9032781224468817,3.9409661606291175,37.85955810546875,39.398895263671875
00169D.png,1.313,0.5854762196540833,0.817858004632435,0.8916957978260907,5.725525856018066,42.643192291259766,0.9713647005856875,0.6308182385743744,7.208259582519531,5.289014894995507,11.546245574951172,3.752657175064087,55.44063186645508,0.7025566697120667,1.4170331954956055,0.981613039970398,0.036269545555114746,14.404579162597656,0.7076299464383202,0.01001898529010648,0.47837644815444946,0.5247378945350647,0.7503511341037032,4.275823868770361,30.78436279296875,44.087711334228516
00174D.png,1.3314,0.6013690233230591,0.8133570291472106,0.8856211848606134,5.684399604797363,43.37610626220703,0.9764850575041862,0.6024090130628482,7.251635551452637,5.260822307498808,11.933822631835938,3.8041512966156006,48.865562438964844,0.6452398300170898,1.4441221952438354,0.9732482433319092,0.04195516183972359,13.772146224975586,0.7320674662547545,0.0092011487377859,0.47588643431663513,0.505967378616333,0.7768730936866015,4.116157766841609,30.37225341796875,39.03079605102539
00178D.png,1.3038,0.5729519128799438,0.8020037271171602,0.8941693857981516,5.709646224975586,45.35490417480469,0.9675975220720839,0.6181708807492448,7.299079895019531,5.216538145415253,13.728848457336426,4.035177707672119,51.886470794677734,0.6879909038543701,1.4358594417572021,0.9435364007949829,0.03640870004892349,14.387948989868164,0.723865516732797,0.010148171694646874,0.4837270677089691,0.5099809169769287,0.756611440026421,3.883039328833612,25.38055419921875,42.5473518371582
00182D.png,1.326,0.6270997524261475,0.8836614109199709,0.8930264411480529,5.635888576507568,47.85693359375,0.972992735945299,0.6186768885906586,7.506389617919922,5.806677807018184,14.425604820251465,4.222868919372559,55.78421401977539,0.6697234511375427,1.4498919248580933,0.958221971988678,0.05318215861916542,12.742340087890625,0.7458847110212914,0.007068151169698888,0.47382041811943054,0.5102176666259766,0.7912210794493832,4.247534442529952,26.54315185546875,43.13484191894531
00186D.png,1.3246,0.6947964429855347,0.7424031777161285,0.8796665235331439,5.973384857177734,56.26699447631836,0.9616874692780801,0.5718012225314559,7.586842060089111,5.0335909098347145,15.284640312194824,4.974454879760742,53.94426727294922,0.5739307403564453,1.5856821537017822,0.9390899538993835,0.07291671633720398,11.371728897094727,0.7443398649163289,0.009471624435357286,0.4478680193424225,0.43016600608825684,0.7241588213980114,3.608601951799726,29.00604248046875,50.846275329589844
00191D.png,1.3116,0.6547056436538696,0.7514626617990527,0.8827220321973641,6.2288665771484375,58.130496978759766,0.9607069724293062,0.6268234957461146,7.488106727600098,5.15391010083748,15.174918174743652,5.108434677124023,56.31378936767578,0.6660685539245605,1.5770657062530518,0.8975901007652283,0.05196694657206535,12.842727661132812,0.7175854837947155,0.011917608557487342,0.47889387607574463,0.523806095123291,0.700507153560914,3.965587555815532,36.21697998046875,41.12337875366211
00196D.png,1.3463,0.6250811815261841,0.47170002713738035,0.8672471569793533,6.622837066650391,57.52177810668945,0.9221913538082781,0.5649517827648765,7.228294849395752,3.2667984052466466,15.03344440460205,5.221151828765869,41.6586799621582,0.5520378351211548,1.6650186777114868,0.785417914390564,0.028341183438897133,15.475821495056152,0.6385914231053892,0.0190077589210187,0.4668218195438385,0.4990265667438507,0.5535567009096901,3.3816998572684764,33.47674560546875,40.760406494140625
00200D.png,1.3099,0.4521558880805969,0.5326028621976739,0.8844863265825098,5.56222677230835,29.507083892822266,0.9353570332021355,0.5785361163495932,6.220983028411865,3.1378954135007096,9.246551513671875,2.64713191986084,44.73735427856445,0.6224058270454407,1.4042532444000244,1.0694842338562012,0.016470840200781822,17.832843780517578,0.6645426451483787,0.010282416253710572,0.4814468026161194,0.5285301804542542,0.6846831174371271,3.811033585412332,30.68621826171875,28.192174911499023
00204D.png,1.3047,0.4817919433116913,0.7261897974145898,0.8819072230204763,5.505577564239502,34.82570266723633,0.9626313673301485,0.605593048029199,6.784109592437744,4.462336087874597,10.94937801361084,3.1147873401641846,41.35093307495117,0.5629881620407104,1.4271130561828613,0.9288703799247742,0.021395668387413025,16.696741104125977,0.6733522816804437,0.009664394719102506,0.4851384162902832,0.5098262429237366,0.6913927257405482,3.790732070407485,32.34490966796875,44.88177490234375
00209D.png,1.2941,0.5092783570289612,0.7194915659210739,0.8792150740657537,5.696144104003906,39.35275650024414,0.9615458033327007,0.5995330728180851,6.982995986938477,4.5612803565763596,11.677983283996582,3.4963624477386475,43.30319595336914,0.6077123880386353,1.4785740375518799,0.9283472895622253,0.024720370769500732,16.06945037841797,0.6799040107381833,0.011710897224796072,0.4813108444213867,0.5064582228660583,0.6884458379278557,3.8732625972583974,31.68768310546875,35.49333572387695
00213D.png,1.3158,0.446816623210907,0.7404281193306608,0.8799963499557387,5.275994300842285,34.332603454589844,0.9672891421549064,0.6278980055591398,6.7161736488342285,4.439682703230327,10.321296691894531,3.0775463581085205,32.19629669189453,0.5561881065368652,1.4650228023529053,0.9493831992149353,0.014749581925570965,18.312204360961914,0.6900668559410096,0.008775779163384685,0.4888310432434082,0.4760249853134155,0.7266745668878714,3.7368162772852727,33.44842529296875,40.870208740234375
00218D.png,1.2787,0.4688778221607208,0.7748067325707559,0.8786368843606529,5.339181900024414,34.67884826660156,0.9682545824416297,0.6028258928972112,6.829151153564453,4.714067505527973,9.513671875,3.079786539077759,35.94185256958008,0.5937202572822571,1.4668794870376587,0.9353270530700684,0.019808202981948853,17.031551361083984,0.6773381605297627,0.011011429648770712,0.4895363450050354,0.5093387961387634,0.710332767597318,4.201582560766838,33.72625732421875,38.80288314819336
00225D.png,1.3275,0.4915259778499603,0.7634481300124302,0.879178936404725,5.341835021972656,39.062931060791016,0.9694074954285995,0.6195220858801161,6.841024398803711,4.650504557777417,10.512911796569824,3.5117578506469727,31.750247955322266,0.5317636728286743,1.4251000881195068,0.9332935810089111,0.02010272815823555,16.967451095581055,0.678494713938545,0.01101298092030487,0.4923679828643799,0.4515842795372009,0.7252803349859698,3.856123749880116,34.04803466796875,41.45170211791992
00229D.png,1.2935,0.47033753991127014,0.7932717731493081,0.8819489470542401,5.032360553741455,30.822864532470703,0.9707449364529771,0.5917501933505028,6.789402008056641,4.688949904078129,8.11523151397705,2.7353644371032715,30.286231994628906,0.46813270449638367,1.3791403770446777,0.9793152213096619,0.018231384456157684,17.39180564880371,0.6689368967676154,0.009732726595781008,0.49670374393463135,0.4564001262187958,0.7424217278939984,4.216735894486859,32.49871826171875,32.390228271484375
00233D.png,1.3248,0.48712465167045593,0.668584372430171,0.876719835388311,5.389564037322998,39.06684494018555,0.9548632240442527,0.5931886325500314,6.849409103393555,4.09140518347027,10.158365249633789,3.505316972732544,32.15498352050781,0.5658355951309204,1.4690206050872803,0.9333583116531372,0.01912105828523636,17.18488121032715,0.6645967054556571,0.01387619743247847,0.4785604476928711,0.5144199728965759,0.6825991560195369,4.1956201952787575,32.27752685546875,28.97051429748535
00237D.png,1.3387,0.6483203172683716,0.8627552034893421,0.8780364873629065,5.305691242218018,57.852481842041016,0.9793905035687916,0.6462908713948313,7.35493803024292,5.461527525391748,15.166440963745117,5.095381736755371,51.30260467529297,0.5400228500366211,1.476305365562439,0.9792276620864868,0.0661512017250061,11.794624328613281,0.7698065417993069,0.008367540513087609,0.48936590552330017,0.5136480331420898,0.80261369314583,4.057020377794692,36.56024169921875,33.859092712402344
00241D.png,1.3263,0.6551520824432373,0.9470207331435321,0.882308162646218,5.003400802612305,67.08656311035156,0.9882616045115636,0.7338574409890921,7.384212493896484,5.865680083017617,15.602803230285645,5.968164443969727,45.125389099121094,0.5287680625915527,1.454266905784607,0.9966707825660706,0.06786205619573593,11.683730125427246,0.8037349729924795,0.005582292140557046,0.4983071982860565,0.4894372522830963,0.8829381737326714,3.805042062826363,32.04364013671875,40.422698974609375
00245D.png,1.3362,0.6270982027053833,0.9742809389626541,0.8832563661965734,4.917837142944336,70.02822875976562,0.9882136549382334,0.708110455143276,7.536868572235107,6.067208587193722,18.82924461364746,6.352125644683838,50.86509323120117,0.48967304825782776,1.4044971466064453,1.010860800743103,0.06759627163410187,11.700773239135742,0.8247277262282742,0.005495153747516427,0.4983145296573639,0.5017078518867493,0.874596041574364,3.4443394606328237,28.25262451171875,44.2584228515625
00258D.png,1.319,0.6408520936965942,0.9838553960004913,0.8879427511488478,5.343098163604736,56.85324478149414,0.9811384076783255,0.7202117318939956,7.7088751792907715,6.420645123096103,14.547954559326172,5.072138786315918,67.17323303222656,0.6077888607978821,1.4278781414031982,1.0437623262405396,0.07540450245141983,11.22602653503418,0.8010352731504796,0.008174979265756936,0.4918312430381775,0.4756614863872528,0.8807362204390946,3.4744088368503276,27.20281982421875,39.15665817260742
00262D.png,1.3062,0.6106230020523071,0.9692384564568578,0.8848362585074798,5.1829657554626465,56.03084182739258,0.9829296828172476,0.7124682037300901,7.669497013092041,6.228568457841391,14.731537818908691,5.043904781341553,67.73373413085938,0.5374994874000549,1.4203342199325562,1.0596071481704712,0.07282339036464691,11.377291679382324,0.8121188666617905,0.006782827143717309,0.49771586060523987,0.4975055158138275,0.8966449966601864,3.4536129327159992,26.52264404296875,41.35617446899414
00266D.png,1.2831,0.5224737524986267,0.8509021648722314,0.8861756023299263,5.299536228179932,40.597164154052734,0.9814584906763494,0.6216378347540211,6.929103374481201,5.202703219361643,11.723223686218262,3.619497060775757,42.847373962402344,0.414687842130661,1.3834967613220215,1.0128941535949707,0.03170536831021309,14.98867130279541,0.7147653464125705,0.005771841261811298,0.49100393056869507,0.4574289321899414,0.8195815176663421,3.991098368649024,19.25457763671875,33.58308410644531
00270D.png,1.2971,0.6451640725135803,0.8957763919581768,0.8808078767878238,5.418723106384277,54.501163482666016,0.9812875940455774,0.6008706724531264,7.373119831085205,5.7293313137770685,15.335691452026367,4.844693183898926,53.70256042480469,0.48476704955101013,1.4697753190994263,1.0131897926330566,0.07725401222705841,11.120790481567383,0.7655436131653921,0.007635194123647915,0.4807593524456024,0.46793386340141296,0.8571342541157203,3.875818242444438,32.01922607421875,47.3759765625
00275D.png,1.3422,0.7335968017578125,0.8640879396232232,0.8901049503455871,5.5071234703063965,60.4476203918457,0.9671751398851219,0.6075741531263328,7.374981880187988,5.565651559896571,15.29935359954834,5.404914855957031,54.56467056274414,0.6458190679550171,1.4963128566741943,0.9239404797554016,0.07732301205396652,11.116912841796875,0.7403731813831633,0.009583517906014173,0.463116854429245,0.47013071179389954,0.7807790641245153,3.344217176161959,35.01678466796875,48.67572784423828
00279D.png,1.2839,0.7018466591835022,0.8583822100438186,0.8838224534647343,5.6439104080200195,49.620262145996094,0.9775111789835793,0.6071883144484045,7.206638336181641,5.515356851628079,13.528240203857422,4.399779319763184,59.324607849121094,0.48516225814819336,1.388216495513916,0.9297562837600708,0.06354173272848129,11.969408988952637,0.7395884346512671,0.008535691294745847,0.45243316888809204,0.46029603481292725,0.7901972573743972,3.8350815912032266,34.87713623046875,45.32356262207031
00283D.png,1.2943,0.6918094158172607,0.8675335314301703,0.8837020083686998,5.570256233215332,52.11248016357422,0.9762359759847327,0.6079984928903425,7.21784782409668,5.547070525164429,14.318225860595703,4.659998416900635,62.322296142578125,0.511664867401123,1.351489543914795,0.942115068435669,0.06354588270187378,11.969125747680664,0.7343333740928282,0.007631879330055689,0.4596288204193115,0.4597228765487671,0.7841461491167442,3.738425676562591,37.67645263671875,40.81050109863281
00287D.png,1.3086,0.6362958550453186,0.7613335646732833,0.8805536229422308,5.82076358795166,55.93821716308594,0.9702040263254766,0.5971231820622288,7.077182292938232,4.909833480019568,15.673665046691895,5.018919467926025,58.51719284057617,0.5626705884933472,1.415642261505127,0.8929653167724609,0.049497056752443314,13.054206848144531,0.7151640345508875,0.01113222624481251,0.4542331397533417,0.5036038160324097,0.7212825136397712,3.496170849641383,33.18377685546875,46.63710403442383
00291D.png,1.3079,0.6433582305908203,0.730969861622199,0.8799712334394384,5.7365803718566895,45.16644287109375,0.9654933083507601,0.573740661608768,6.977869033813477,4.646953413658563,12.758830070495605,4.004857063293457,57.382755279541016,0.5129905939102173,1.4164100885391235,0.8842146396636963,0.050022002309560776,13.008389472961426,0.6957031310097858,0.011632324109552655,0.44850581884384155,0.45111507177352905,0.697723826254714,4.006653865128076,34.72235107421875,42.99412536621094
00298D.png,1.3174,0.6380437016487122,0.8000644082511696,0.8795732840667446,5.709697723388672,45.870357513427734,0.9695731418237533,0.6043231416731953,7.107397079467773,5.127265737786855,13.374231338500977,4.058966636657715,60.98128128051758,0.5147354006767273,1.4271292686462402,0.9353246688842773,0.05305762216448784,12.752522468566895,0.7120562306140008,0.010863137660687196,0.45574188232421875,0.47289544343948364,0.737942559640632,3.719863178514987,35.16815185546875,42.99506378173828
00303D.png,1.3046,0.6115149855613708,0.7597297742343344,0.8752477444747292,5.676398277282715,47.10538101196289,0.9679355067455295,0.5975705559397609,7.28095817565918,4.922059085383054,12.734939575195312,4.106677532196045,52.62504959106445,0.5678686499595642,1.5501329898834229,0.9935320615768433,0.04919501766562462,13.080788612365723,0.720982101536182,0.010248778599303015,0.4623161256313324,0.4907933473587036,0.7346212970597887,4.115192422217619,39.29168701171875,37.157623291015625
00307D.png,1.2962,0.7460219264030457,0.7647422372013413,0.8723497399047976,6.178678035736084,53.094459533691406,0.9642627292996658,0.5743202117590757,7.5460920333862305,5.247969635461796,14.547948837280273,4.637286186218262,61.78087615966797,0.5032663345336914,1.6086628437042236,1.018425703048706,0.08325950056314468,10.795661926269531,0.7528430251548848,0.007465199641865488,0.46574169397354126,0.4552033543586731,0.7641968123959528,4.255264468025371,28.58905029296875,55.03752517700195
00311D.png,1.2995,0.7027850151062012,0.8617958154262567,0.8831867625998965,5.482551097869873,49.375762939453125,0.9790589381632459,0.5904053121908435,7.332904815673828,5.522169036226096,13.1533842086792,4.322910308837891,54.98879623413086,0.48009952902793884,1.3873790502548218,0.979587733745575,0.07102429866790771,11.485930442810059,0.746902201865751,0.007900810340926113,0.4636031985282898,0.4647507965564728,0.8165874817638381,4.205384031528981,35.77947998046875,45.1383171081543
00315D.png,1.2679,0.6688761711120605,0.8007961516940572,0.8802935643177844,5.667241096496582,49.672672271728516,0.9710108268565956,0.5967026383187404,7.351433753967285,5.212666607454798,13.227134704589844,4.404007911682129,54.84957504272461,0.503463864326477,1.4400882720947266,0.9581900835037231,0.058160338550806046,12.353730201721191,0.7261732360007501,0.009362305707112177,0.4535013735294342,0.4405653774738312,0.7817870584707585,3.838267219613363,34.54852294921875,44.90915298461914
00319D.png,1.3302,0.6461504697799683,0.7036045928459685,0.8770544626104794,5.947891712188721,43.31691360473633,0.961257519839498,0.5598781694661263,7.078022480010986,4.582559414739466,12.107070922851562,3.806105613708496,54.1771354675293,0.5094842314720154,1.4799368381500244,0.920941948890686,0.0497567355632782,13.031482696533203,0.6893887654867041,0.012974860509159355,0.44589370489120483,0.4788958728313446,0.7001193949978414,3.791042696272938,33.21893310546875,43.75285720825195
00323D.png,1.3249,0.6399686336517334,0.8032347489864052,0.8818568915186572,5.4745330810546875,44.149166107177734,0.97041778413491,0.5860077034554634,7.134883403778076,5.064175268422787,12.260051727294922,3.8931186199188232,52.50082015991211,0.5382396578788757,1.396827220916748,0.9671728610992432,0.054306454956531525,12.651485443115234,0.7139823067924103,0.00903295362941743,0.456851989030838,0.5179553627967834,0.768736259426171,4.035729662666822,31.94207763671875,46.25396728515625
00327D.png,1.3189,0.6837354898452759,0.8883631038245379,0.8882683547523511,5.22020959854126,54.651432037353516,0.9807934060477475,0.6364199657414208,7.409106254577637,5.609725488249275,14.283853530883789,4.849129676818848,56.954124450683594,0.6130275130271912,1.413838505744934,0.9910680055618286,0.06945639848709106,11.582878112792969,0.7657733093472292,0.006147861587827314,0.46994563937187195,0.5109853744506836,0.835781302124748,3.656668413025582,32.90838623046875,37.237422943115234
00332D.png,1.321,0.6806238293647766,0.7312354817037141,0.8808896725610211,6.109748840332031,56.20072937011719,0.9607476237120997,0.6248161799499005,7.391295909881592,4.936235024831545,14.156590461730957,4.866329193115234,54.074317932128906,0.5460865497589111,1.4124391078948975,0.904396653175354,0.05423352122306824,12.657322883605957,0.7111412692596767,0.01081897748796358,0.4710007309913635,0.49549126625061035,0.7140479061400468,3.828323875609777,40.41326904296875,42.247230529785156
00337D.png,1.3124,0.6554974317550659,0.6466970745644255,0.8808412112496066,6.135869979858398,43.787315368652344,0.9360960026314261,0.5634557051025799,7.161060810089111,4.299554879632563,10.962883949279785,3.840311050415039,52.75813674926758,0.5419997572898865,1.4313410520553589,0.8640949726104736,0.044592637568712234,13.507368087768555,0.651523591009855,0.013924084447257023,0.44650089740753174,0.4208402931690216,0.6450984716036329,3.723498778084333,33.96258544921875,43.358009338378906
00341D.png,1.3405,0.6861200928688049,0.7402086424194168,0.8783819416800414,5.885492324829102,43.235450744628906,0.961956301353773,0.5607308776961956,7.246423721313477,4.860192297413111,11.303956985473633,3.7309107780456543,55.128665924072266,0.5615438222885132,1.5018799304962158,0.9445075392723083,0.05727951228618622,12.42000675201416,0.686861774685262,0.014734879263477003,0.45673099160194397,0.5006443858146667,0.7063718700438667,3.9173379039147527,33.49285888671875,36.606136322021484
00345D.png,1.3067,0.6621853113174438,0.7244051454030626,0.8791887406823776,5.825859069824219,46.07699966430664,0.9614876677654124,0.5750592303279405,7.264435291290283,4.741351628236718,11.924277305603027,4.014575958251953,58.093502044677734,0.5861132144927979,1.475679874420166,0.8891505599021912,0.05566921457648277,12.54384994506836,0.6756508068735564,0.016263542043970163,0.4561843276023865,0.49624770879745483,0.6736467335990036,3.7783586834924137,32.35125732421875,41.10685729980469
00349D.png,1.2845,0.5283107757568359,0.7052377111425898,0.8880551964141548,5.516797065734863,38.099796295166016,0.9584515306236177,0.6111056876971962,6.771665573120117,4.333156763634751,10.799315452575684,3.366976261138916,49.916934967041016,0.640477180480957,1.4550373554229736,0.9134312868118286,0.02590634860098362,15.865938186645508,0.6734772117413197,0.012502219825470683,0.496634840965271,0.527786910533905,0.6858389428507959,3.8038113592494818,33.22479248046875,39.58282470703125
00353D.png,1.2762,0.5630646347999573,0.8216210755501024,0.8864008014571758,5.529849529266357,40.3959846496582,0.9704139557204823,0.6148771126696926,7.09861946105957,5.187923385703122,10.964862823486328,3.564614772796631,51.85685348510742,0.6440295577049255,1.450391411781311,0.9411439895629883,0.035243816673755646,14.529170989990234,0.6935795622437211,0.011322458763655873,0.4851377308368683,0.5105081796646118,0.744080534409873,3.9379556245259213,30.42938232421875,46.32261657714844
00357D.png,1.3443,0.6487822532653809,0.5052342156928029,0.877848737386852,6.781495571136475,53.73835372924805,0.9129878240163832,0.5648514935790045,7.1797614097595215,3.526861862940505,13.047121047973633,4.813218116760254,46.534942626953125,0.6775431632995605,1.6402446031570435,0.7055779099464417,0.02682747319340706,15.714202880859375,0.598985884917978,0.02423744739916301,0.47282207012176514,0.5066375732421875,0.4803261905526895,3.6406236115065775,34.45184326171875,41.065181732177734
00361D.png,1.2759,0.6094345450401306,0.8302571291413391,0.884154498942672,5.503690719604492,43.30814743041992,0.97172766517032,0.5637891550181521,7.027549743652344,5.202091043186586,11.511897087097168,3.8247017860412598,46.91762924194336,0.60787433385849,1.4391902685165405,0.9627408981323242,0.040934883058071136,13.879064559936523,0.699234798961773,0.010230805302005121,0.4624309837818146,0.5388787984848022,0.7487982380041205,4.0470317357894325,34.10125732421875,38.08606719970703
00367D.png,1.3266,0.6422441601753235,0.9193812195663184,0.8850311004592983,5.192959785461426,47.72702407836914,0.982706914076324,0.5852389132117027,7.065981388092041,5.635336878952252,12.38212776184082,4.210794448852539,47.54072952270508,0.5656602382659912,1.447525978088379,0.9814388155937195,0.05643661692738533,12.484390258789062,0.7424638656900535,0.00657341094498266,0.46315157413482666,0.512567937374115,0.8219804688620375,3.830557934949903,33.27020263671875,38.71825408935547
00371D.png,1.2929,0.6452061533927917,0.9084590131859769,0.8827124075121966,5.327011585235596,55.173255920410156,0.9819701712933364,0.6327166403058386,7.276393890380859,5.724855086467624,13.660106658935547,4.890402793884277,49.16699981689453,0.5712549686431885,1.4226844310760498,0.9773187637329102,0.058334726840257645,12.340728759765625,0.7508775862836367,0.007567805720193644,0.47964781522750854,0.5286102294921875,0.8221839608718557,3.8988080354620216,34.09539794921875,40.68138885498047
00375D.png,1.3237,0.664955735206604,0.8318208043023626,0.8800929260432763,5.440288066864014,53.39812469482422,0.9762354009563229,0.6176129897940152,7.2947587966918945,5.296653169980285,12.588113784790039,4.705954074859619,46.776615142822266,0.5626428127288818,1.5370922088623047,0.9445232152938843,0.06522957235574722,11.855555534362793,0.7238830218984906,0.009190618493325482,0.4815372824668884,0.5270761251449585,0.7748293515225908,4.013107276190024,39.11248779296875,41.162879943847656
00379D.png,1.2817,0.6383110880851746,0.9384318913815887,0.8903496580461343,5.361420154571533,54.08979415893555,0.9832935778897698,0.6872660086410014,7.5221381187438965,6.045188098716476,13.340848922729492,4.7812676429748535,58.56898880004883,0.635259747505188,1.4854892492294312,1.029694676399231,0.0661218985915184,11.796546936035156,0.7670680517419601,0.006530963590778919,0.49507948756217957,0.5467956066131592,0.8624143469319081,3.369820984865015,36.90057373046875,39.22157669067383
00383D.png,1.2888,0.6218210458755493,0.9101855824587894,0.8896998132599443,5.427757263183594,59.25858688354492,0.9850004989106556,0.7047937483021152,7.454651832580566,5.8627079874192844,14.298660278320312,5.239415168762207,49.217979431152344,0.6710443496704102,1.4664596319198608,1.0030841827392578,0.05263826996088028,12.78698444366455,0.7614869146298295,0.008343750682939428,0.4963071942329407,0.5206840634346008,0.8514920278458651,3.9068146762374676,37.89373779296875,43.03394317626953
00388D.png,1.3123,0.5978931784629822,0.9235555238248639,0.8895222500242823,5.323131561279297,54.36161422729492,0.9881734668395701,0.6713364476994298,7.084589958190918,5.729626395351547,13.82464599609375,4.843563556671143,43.116268157958984,0.654137909412384,1.4101591110229492,0.9800064563751221,0.048286836594343185,13.161712646484375,0.7701590726289655,0.007381925836425716,0.48721587657928467,0.49978503584861755,0.8555215271149094,3.826285203788142,33.30242919921875,37.11306381225586
00392D.png,1.2991,0.6621050238609314,0.8962603984652535,0.8827451633436939,5.501960754394531,56.23263168334961,0.9845115741252437,0.6691079813791021,7.242372512817383,5.711136349720412,14.322336196899414,5.017502784729004,48.7148323059082,0.5728997588157654,1.465714454650879,0.9476659297943115,0.056507568806409836,12.478934288024902,0.7635656945284857,0.008391547079351651,0.4753076434135437,0.47443053126335144,0.8297273704557329,3.5834856692531583,29.65643310546875,45.36114501953125
00396D.png,1.3393,0.6587164402008057,0.9052268685882967,0.8860097525997088,5.472306251525879,57.93740463256836,0.9845860068953676,0.669536022857738,7.305039405822754,5.783214825211003,15.142546653747559,5.196455001831055,47.59751892089844,0.5967819094657898,1.4443702697753906,0.9373778104782104,0.05828508734703064,12.344425201416016,0.7744115903623139,0.007299877688024226,0.4796135127544403,0.4879058003425598,0.8399066346750361,3.3646445334171644,30.53387451171875,44.51616668701172
00400D.png,1.3021,0.581429660320282,0.823685185403705,0.882371563513194,5.660356521606445,50.6467399597168,0.9783372636233788,0.65279342299499,7.2003984451293945,5.296621620606757,13.691706657409668,4.496451377868652,44.95418930053711,0.49787455797195435,1.4737197160720825,0.9276561737060547,0.03908171504735947,14.080263137817383,0.7472496514419176,0.006783229629006417,0.47851210832595825,0.47993552684783936,0.8005377871504086,4.093367041617036,37.39178466796875,39.59539031982422
00404D.png,1.3536,0.5584740042686462,0.8558582800591084,0.8794382116081378,5.547624588012695,51.05401611328125,0.9838651052689944,0.6726098896544854,7.195712089538574,5.4532605937649645,14.22546672821045,4.570145130157471,43.65932846069336,0.5216744542121887,1.4467549324035645,0.9803298711776733,0.03594851866364479,14.44318962097168,0.7618289503529081,0.007078430618653018,0.4876033067703247,0.46623897552490234,0.8235601807230322,3.8477777497914905,34.96649169921875,42.58875274658203
00408D.png,1.313,0.6166160106658936,0.8516561024591985,0.8841705552303154,5.290431499481201,56.78064727783203,0.9810405955527703,0.68492848665165,7.320152282714844,5.3699557180665956,13.807900428771973,5.0288591384887695,45.05793380737305,0.4895802438259125,1.5058292150497437,0.9504976272583008,0.04783383384346962,13.202648162841797,0.7321756726245494,0.0101678290574362,0.5029614567756653,0.4837779998779297,0.8094979397338251,3.8483574270458325,41.31756591796875,44.492740631103516
00412D.png,1.2777,0.6630955934524536,0.8732803312537702,0.8864825858040882,5.534834861755371,57.235809326171875,0.9832018603436862,0.6293433225384462,7.2345757484436035,5.575653675023144,15.505843162536621,4.994528293609619,50.39406967163086,0.41815078258514404,1.4718315601348877,0.943862795829773,0.06729359924793243,11.72026252746582,0.766767960994006,0.0068134845993395145,0.47306159138679504,0.4810156226158142,0.8286111379717755,4.050019117592328,37.90057373046875,52.034095764160156
00416D.png,1.3054,0.6566164493560791,0.5609911658605629,0.8717857257683067,6.310703754425049,56.56839370727539,0.932835826894367,0.5477307734083529,7.127731800079346,3.7694320272474755,14.734782218933105,5.018395900726318,43.528812408447266,0.5265209674835205,1.6346747875213623,0.7810564637184143,0.04026849567890167,13.950346946716309,0.649940974564789,0.01602191615710892,0.47709542512893677,0.5021311044692993,0.5641268491676595,4.1694168131021785,40.04071044921875,38.178558349609375
00420D.png,1.3031,0.6326289772987366,0.8509817408152058,0.8866575662579337,5.4578471183776855,52.96034622192383,0.9800970429583749,0.6509488390315263,7.348094940185547,5.448826694605398,13.84666919708252,4.701570987701416,52.10538864135742,0.41065147519111633,1.4677510261535645,0.9427220821380615,0.06343832612037659,11.976482391357422,0.75873510676721,0.006838236138760962,0.4808454215526581,0.47573602199554443,0.8129106834761862,3.588739568397975,32.63592529296875,47.83034896850586
00427D.png,1.3305,0.675749659538269,0.4552127194877906,0.8665814561731034,6.691347122192383,54.744869232177734,0.9235612994725326,0.5717670733952902,7.126460552215576,3.145029270635142,13.312528610229492,4.864225387573242,41.556480407714844,0.5494696497917175,1.6955223083496094,0.6903976202011108,0.031038660556077957,15.080970764160156,0.6154651658286738,0.021517173945701937,0.4835315942764282,0.4608731269836426,0.48468463678773355,3.940771055457685,39.38201904296875,33.95219039916992
00431D.png,1.3269,0.6102977395057678,0.8945106923623781,0.8899331251152562,5.44754695892334,48.82936096191406,0.978968904318562,0.6585040347451523,7.529597282409668,5.804113444569037,12.421916007995605,4.267643928527832,53.352874755859375,0.632266104221344,1.5050065517425537,0.9824115037918091,0.04887017980217934,13.1095609664917,0.7184234151912873,0.007799481278618999,0.4967550039291382,0.5322868227958679,0.8058032557477641,3.933865088507738,34.99774169921875,31.08331871032715
00435D.png,1.3144,0.597830593585968,0.919631840717167,0.8860579140561174,5.082887172698975,52.37517547607422,0.9739955332963428,0.611864080834287,7.730129718780518,5.891646029341301,12.903630256652832,4.734248161315918,60.605594635009766,0.5831073522567749,1.4259366989135742,0.9597021341323853,0.06515460461378098,11.860549926757812,0.7344450056034666,0.009311500731137562,0.478482186794281,0.4774070084095001,0.8170336977865226,3.4602101006548094,30.69207763671875,44.475379943847656
00440D.png,1.3013,0.6240921020507812,0.7792514319715959,0.8841561373522242,5.761356830596924,51.462501525878906,0.9706781723700242,0.5497700206871645,7.360367774963379,5.112575456578348,12.125259399414062,4.507966995239258,49.24799346923828,0.4546024799346924,1.4151263236999512,0.9045936465263367,0.06473535299301147,11.888586044311523,0.6874371292169299,0.011343124384694826,0.48357197642326355,0.5167707800865173,0.720362246047191,4.2354617790160605,35.94305419921875,42.940086364746094
00444D.png,1.3002,0.6239073872566223,0.7134272412029129,0.8907615287543854,6.189634323120117,48.010189056396484,0.9573356835316584,0.6573821166230762,7.387015342712402,4.842988926760119,10.36867618560791,4.141572952270508,45.96845626831055,0.6842787861824036,1.5938096046447754,0.8725829720497131,0.03643737733364105,14.384529113769531,0.6722667444368848,0.015604411759063838,0.49385184049606323,0.5132783055305481,0.6981301642877139,4.509740993331471,39.03533935546875,35.74080276489258
00448D.png,1.2845,0.6174846291542053,0.9101313782348818,0.887581116788998,5.541010856628418,59.74263000488281,0.9861514294301004,0.6871895828996237,7.493268013000488,5.9314697080012255,14.570122718811035,5.218752384185791,50.22810363769531,0.603622317314148,1.6025619506835938,0.9830645322799683,0.05338825657963753,12.725543022155762,0.7786574455199128,0.0072692493127713125,0.4859069585800171,0.48760753870010376,0.863749136659287,4.43075705748596,40.17694091796875,46.39911651611328
00453D.png,1.3421,0.7535697221755981,0.8036854123365992,0.8858548153250619,6.0295820236206055,63.0174446105957,0.9653295520655127,0.6251716029313633,7.460727691650391,5.420997623287105,16.975427627563477,5.653897285461426,64.88166809082031,0.6049029231071472,1.3470256328582764,0.9107531309127808,0.07020533829927444,11.536298751831055,0.7273637409017493,0.010458922314414016,0.4664584994316101,0.5297331809997559,0.7242866065042284,3.3420836409595656,32.27362060546875,42.054832458496094
00457D.png,1.3349,0.7992562055587769,0.7961540459549173,0.8819205679559329,6.081569194793701,62.595542907714844,0.968528297909608,0.6054660788099708,7.503287315368652,5.407834113093829,16.077259063720703,5.5765581130981445,60.71037673950195,0.5673593282699585,1.3991707563400269,0.9123528599739075,0.0823458880186081,10.843581199645996,0.7282658880751051,0.011910392232823827,0.45962974429130554,0.4518008828163147,0.7282495460546728,3.808154659547565,33.87176513671875,48.23509979248047
00462D.png,1.3055,0.7309451699256897,0.7844006968069359,0.8830849926005955,6.206761837005615,60.50364685058594,0.9716682398502917,0.6276021178792854,7.3545637130737305,5.318770845440444,15.899218559265137,5.363117694854736,59.33588790893555,0.5897305607795715,1.4109597206115723,0.9389404058456421,0.06256697326898575,12.036548614501953,0.7221569218113708,0.010820800093640915,0.47664350271224976,0.5225237011909485,0.7240042842745468,3.7085373418189698,38.24822998046875,39.21837615966797
00466D.png,1.2946,0.7210718989372253,0.7988340379602672,0.8833933915863498,5.9799418449401855,55.24290466308594,0.9718884719137699,0.6231066980458739,7.5188422203063965,5.3916589121775775,14.566534996032715,4.799687385559082,59.71719741821289,0.5986599326133728,1.4006400108337402,0.9994800686836243,0.06712504476308823,11.73115348815918,0.7420386372425064,0.009238002665584066,0.46957671642303467,0.47041434049606323,0.7718325058066832,4.2554773530774614,34.33221435546875,41.34996795654297
00481D.png,1.3213,0.6860119104385376,0.6564747821476555,0.881873739606648,5.875155448913574,59.17506790161133,0.9370197516698441,0.5289841705387598,7.551409721374512,4.407112694398945,15.12501049041748,5.227190017700195,58.45029067993164,0.4838637709617615,1.4268423318862915,0.8885868787765503,0.07836630195379257,11.058706283569336,0.691090818998357,0.01131746859768801,0.4438309371471405,0.5036590099334717,0.6781320156444623,3.222300454901137,31.35321044921875,41.529930114746094
00486D.png,1.3073,0.6862708926200867,0.7570417360398645,0.8841632309800157,5.6943840980529785,49.22185516357422,0.9647095107386862,0.47727646313105254,7.337357521057129,4.932800113773851,11.947221755981445,4.246494293212891,44.403865814208984,0.5878829956054688,1.3858165740966797,0.9127301573753357,0.08889663964509964,10.511146545410156,0.6787066526141813,0.010597980250013853,0.4477505683898926,0.5222396850585938,0.7104400961276248,3.986202383659904,41.37274169921875,41.66443634033203
00491D.png,1.2978,0.6017981171607971,0.7561722718446168,0.8822985498977116,5.7878289222717285,51.86476516723633,0.9661643248641785,0.5413269690715201,7.458718299865723,5.00834947673316,11.944147109985352,4.626512050628662,49.77183151245117,0.5472840666770935,1.4480093717575073,0.9097936153411865,0.06927849352359772,11.594015121459961,0.6822738959065803,0.00986499379427842,0.475911408662796,0.5457497835159302,0.7234472365856921,3.475462499626431,28.70965576171875,42.544960021972656
00496D.png,1.3037,0.636738657951355,0.7352106742930046,0.8837230438062933,5.692187309265137,44.0409049987793,0.9535043543182735,0.4808171940632237,7.509847164154053,4.85315160817626,9.547813415527344,3.766986608505249,51.578407287597656,0.544085681438446,1.42791748046875,0.9442423582077026,0.08969248086214066,10.472439765930176,0.6558947221862693,0.012425205563104794,0.43854212760925293,0.5230631232261658,0.717735153206583,3.6625644776292186,43.41424560546875,28.18156623840332
00500D.png,1.2923,0.689195990562439,0.698523372815723,0.8782790525805225,5.659480094909668,63.87653732299805,0.940282993746384,0.5403851972740576,7.573365211486816,4.621738531116845,15.421043395996094,5.750569820404053,53.94568634033203,0.5339725613594055,1.5206820964813232,0.9286322593688965,0.09493964165449142,10.225523948669434,0.7119192410906064,0.013196274403633745,0.4296833276748657,0.5016456842422485,0.7309559901528984,2.8871609295509093,30.99383544921875,48.6096305847168
00504D.png,1.3192,0.6740288138389587,0.46148159926459237,0.8773156762721918,6.728545188903809,82.97340393066406,0.8946764612154946,0.5942079875551227,7.452056884765625,3.272051958294579,19.18430519104004,7.721824645996094,46.876007080078125,0.6368228197097778,1.5728085041046143,0.8331716060638428,0.04555748030543327,13.414402961730957,0.6812380010377779,0.019277180637452256,0.4802316129207611,0.4998857378959656,0.5967792601919746,2.9633173764384164,25.85760498046875,41.20753479003906
00508D.png,1.3098,0.7073538303375244,0.8245840471416517,0.8866371517699985,5.0405192375183105,54.07805252075195,0.9606680340673271,0.5164951584988855,7.407540321350098,5.132250154862097,13.42959976196289,4.874831676483154,55.78123092651367,0.6051392555236816,1.377906084060669,0.9564874172210693,0.11241611838340759,9.491713523864746,0.7143133189278483,0.009488349024006392,0.4510454833507538,0.5055827498435974,0.7739239868398435,2.876271151531432,24.98504638671875,44.17938232421875
00512D.png,1.3025,0.7477899789810181,0.8021651007345951,0.8824688985030318,5.288771629333496,42.656402587890625,0.9434813395041453,0.4870728970454932,7.518123149871826,5.136636192556777,10.37520694732666,3.7143824100494385,59.49098587036133,0.5634849667549133,1.3887746334075928,0.9396888613700867,0.10698017477989197,9.706966400146484,0.6613854294131242,0.014658132981985733,0.4620140790939331,0.5168567299842834,0.7115887842956188,3.6296713322960836,28.42645263671875,35.239891052246094
00516D.png,1.3073,0.6943590044975281,0.7175096831975956,0.8797268443789673,5.576727867126465,53.28554916381836,0.9385505504898779,0.48454082250251224,7.465334892272949,4.678915845320843,14.015542984008789,4.7804484367370605,58.74591827392578,0.5956995487213135,1.4526644945144653,0.9011036157608032,0.09164358675479889,10.378979682922363,0.6737416507947181,0.01548852845281886,0.4377068281173706,0.5559126734733582,0.6736185947240209,3.010505127190438,28.75799560546875,40.5718994140625
00521D.png,1.3008,0.642647922039032,0.7353131295209965,0.8835561681128375,5.437376499176025,45.84623718261719,0.9473972497409756,0.5115486082489923,7.393762588500977,4.717466084163645,12.035884857177734,4.052880764007568,57.01603698730469,0.5699949264526367,1.3809157609939575,0.9217877388000488,0.07658485323190689,11.158571243286133,0.6719448165099485,0.013760106573205965,0.44182103872299194,0.5468626022338867,0.689015439399153,3.229565927166303,27.90106201171875,36.966094970703125
00526D.png,1.3667,0.6491116285324097,0.6356810163215372,0.8810252158993439,6.094914436340332,55.563873291015625,0.8894555849365845,0.4885917447509121,7.374025821685791,4.280986486062266,13.965265274047852,5.093620777130127,57.14677810668945,0.5613226294517517,1.4145807027816772,1.023280382156372,0.06411681324243546,11.930280685424805,0.6949805516833094,0.013898149541402166,0.47308549284935,0.5128582119941711,0.7101203690275375,2.5972619633161056,24.44012451171875,33.51283264160156
00533D.png,1.3969,0.7324311137199402,0.752199366297806,0.8828144780282817,5.4636359214782715,50.94390869140625,0.9387272849556871,0.43464493228962475,7.207165718078613,4.765498504800934,13.311281204223633,4.518569469451904,54.52070236206055,0.4795161783695221,1.3645215034484863,1.0615705251693726,0.09384529292583466,10.275875091552734,0.7198213084795125,0.009946810350497931,0.46413999795913696,0.5385057926177979,0.7768645979805355,3.436334323288255,34.94451904296875,39.55362319946289
00537D.png,1.4337,0.651348888874054,0.7252707226616832,0.879649077002,5.440873622894287,44.88486099243164,0.9434511725404842,0.4588868059256595,7.132965564727783,4.559732161335848,12.047317504882812,3.984934091567993,54.75172424316406,0.5004743337631226,1.479793667793274,0.9494413733482361,0.0734025165438652,11.342891693115234,0.6866142956487449,0.011771478023890015,0.5051714181900024,0.514802873134613,0.7098317186279146,3.2621674482614154,30.96893310546875,35.028831481933594
00546D.png,1.9489,0.6200708150863647,0.735491773941564,0.8821492350397253,5.298681259155273,38.01097869873047,0.9325133444242966,0.44082848988687784,7.041601181030273,4.538101835410945,10.770657539367676,3.358381748199463,51.53833770751953,0.49097880721092224,1.3813657760620117,0.9873201847076416,0.06462196260690689,11.896199226379395,0.6707828596611582,0.01133857189425727,0.47323328256607056,0.5003139972686768,0.7107847206711122,3.419118115064126,26.53289794921875,40.855228424072266
00551D.png,1.9369,0.6739341616630554,0.644943180578593,0.8807139457536955,5.229094982147217,48.44060516357422,0.8945450850893645,0.41451139421624444,7.352906227111816,4.057349687404805,12.854186058044434,4.386263370513916,44.351070404052734,0.5174050331115723,1.4352515935897827,0.8942890167236328,0.09080950915813446,10.418686866760254,0.6610138974281681,0.014645960248863351,0.36857637763023376,0.40250536799430847,0.6531554350730828,2.9575013430158754,30.09295654296875,40.15411376953125
00555D.png,1.6815,0.5842412710189819,0.547158772079061,0.8863265229691645,6.245700836181641,54.334693908691406,0.8745861900103588,0.5387750418523317,7.419283866882324,3.738468319767927,13.072495460510254,5.043385028839111,58.307464599609375,0.7177382707595825,1.551856279373169,1.0442442893981934,0.04251419007778168,13.714661598205566,0.6983176813794253,0.021791021152919823,0.4614534378051758,0.5173620581626892,0.6914602332053527,3.2830740219902177,20.37811279296875,33.9832763671875
00559D.png,1.9164,0.5049214959144592,0.6844551569721316,0.8830399177514503,5.166069030761719,37.157447814941406,0.9270244893215515,0.4771013448376281,7.0979743003845215,4.1971064124610304,9.338926315307617,3.3324341773986816,51.303070068359375,0.6143837571144104,1.4124555587768555,1.0254323482513428,0.04596882313489914,13.375367164611816,0.6589284139988081,0.013878075371413988,0.41196542978286743,0.5014140605926514,0.708462068302326,3.217899461234868,23.09930419921875,26.062416076660156
00563D.png,1.7122,0.6590391993522644,0.7585182878739422,0.8838004705599738,5.580281734466553,53.09409713745117,0.9448973151444598,0.5023149621702115,7.619204521179199,5.006039991911491,13.195564270019531,4.726599216461182,60.01021957397461,0.612790584564209,1.4510507583618164,0.8984848856925964,0.09826888144016266,10.07583999633789,0.6733761116198442,0.012485539958371556,0.422963410615921,0.5129426717758179,0.701151162910945,3.218304804733468,29.76336669921875,37.56611633300781
00567D.png,1.9766,0.6371026039123535,0.6802694640801433,0.8760902638466178,5.90772008895874,52.55427169799805,0.9482287795756752,0.5189739967348532,7.47830867767334,4.553065922892539,13.126871109008789,4.635147571563721,57.30351257324219,0.5182561278343201,1.6090342998504639,0.9703805446624756,0.08060234785079956,10.936522483825684,0.6919709223951883,0.011688968418824297,0.4468191862106323,0.5321281552314758,0.6818374669195819,3.0377404380485893,31.82781982421875,44.073219299316406
00571D.png,1.971,0.5737799406051636,0.6471466126537215,0.8796338511618182,5.761253356933594,52.7314567565918,0.9448513224415305,0.551441074037992,7.486108303070068,4.286504555392906,12.966876029968262,4.721848487854004,54.561256408691406,0.5038827061653137,1.5056865215301514,0.9087105989456177,0.05660763755440712,12.471250534057617,0.6728173377745121,0.01118681216081442,0.4630488455295563,0.5360177159309387,0.66203048766619,3.0163534844568076,27.35369873046875,41.879913330078125
00581D.png,1.9572,0.5604971647262573,0.7424933756102535,0.8832804949553943,5.252593040466309,33.7765998840332,0.9562998634554066,0.465699517950031,7.045200824737549,4.565528885057335,9.080907821655273,2.9725687503814697,63.17002487182617,0.6200801730155945,1.424426794052124,0.8987233638763428,0.07671795040369034,11.151031494140625,0.6167560943876056,0.01729062290325122,0.45824819803237915,0.5299546718597412,0.6401786875763799,3.472691534431331,29.56463623046875,40.048240661621094
00587D.png,1.428,0.6307083964347839,0.6257178848365351,0.8832874561593793,5.566653728485107,34.556427001953125,0.8701784864136426,0.42847038643868135,7.5926666259765625,4.11702273200865,7.730209827423096,3.061105966567993,55.63496398925781,0.5106156468391418,1.4966204166412354,0.9160130023956299,0.07353111356496811,11.335288047790527,0.6028117714738334,0.016600008442910704,0.40469950437545776,0.513635516166687,0.5941182151316678,3.752108296351433,22.34881591796875,32.71928024291992
00591D.png,1.4472,0.5839676856994629,0.6721164838318473,0.8785813451547274,5.429718494415283,56.70112609863281,0.9255677284414736,0.5106497851541181,7.118188381195068,4.216840091807185,14.97768497467041,5.145217418670654,47.40279769897461,0.5263259410858154,1.4090949296951294,0.9245423078536987,0.055306412279605865,12.572245597839355,0.6991770701935147,0.010178181954757809,0.4284380078315735,0.525787889957428,0.6996566516734705,2.9368329392677928,28.02020263671875,44.919586181640625
00596D.png,1.4442,0.6199218034744263,0.692320304784475,0.8846171690258048,5.293148517608643,54.67964172363281,0.9380564061780805,0.5035043218979289,7.222094535827637,4.33229143953486,15.03685474395752,4.957670211791992,57.490291595458984,0.45205962657928467,1.3508481979370117,0.9129900336265564,0.08100575953722,10.914841651916504,0.6941323653239915,0.009278237013677033,0.4379180371761322,0.4942522346973419,0.6959623845999737,2.844313427381423,26.55291748046875,46.0677375793457
00600D.png,1.424,0.6266016960144043,0.7073573878993529,0.8849005289676979,5.234123229980469,44.495662689208984,0.9382768876174025,0.5007893594335261,7.394111633300781,4.466350725775456,11.743302345275879,3.9187119007110596,51.62694549560547,0.44927719235420227,1.382073163986206,0.8982582092285156,0.08222924172878265,10.849737167358398,0.66542008319974,0.00865519757164046,0.40295666456222534,0.44872790575027466,0.7033055747484117,3.33906522601544,28.36053466796875,37.111328125
00606D.png,1.4472,0.6323214769363403,0.7477856951582067,0.8856015328634277,5.114909648895264,59.051849365234375,0.9408446473067853,0.48543854941162323,7.376311302185059,4.6703918122492585,15.231431007385254,5.335562705993652,51.93062210083008,0.6062037348747253,1.3588745594024658,1.003227710723877,0.07814393192529678,11.07104778289795,0.7208358502086225,0.012369915597797888,0.40362048149108887,0.5080365538597107,0.7831043194540739,3.0742314945514053,29.21649169921875,41.89425277709961
00613D.png,1.4326,0.5929135084152222,0.7043949975975653,0.876905776910187,5.525550365447998,54.01748275756836,0.944383474223616,0.5246882391542643,7.293447494506836,4.514831696254031,12.8861665725708,4.843209743499756,49.73774719238281,0.5546148419380188,1.4733951091766357,0.9889652729034424,0.05675027519464493,12.460319519042969,0.7058463225736502,0.010970126493530739,0.4374234080314636,0.5240774750709534,0.7601105954367663,3.303265085315737,31.51678466796875,46.003753662109375
00621D.png,1.4321,0.6232923269271851,0.7791681169937485,0.8810194375182231,5.351393222808838,55.764774322509766,0.9611411474403755,0.5572952574940918,7.509425163269043,5.010384213308269,12.933282852172852,4.933426856994629,47.93476867675781,0.5720686912536621,1.4190789461135864,0.9090022444725037,0.07444029301404953,11.281919479370117,0.6892256779611801,0.014484338751341839,0.4578026831150055,0.48557767271995544,0.7672840806463543,3.3104662786350625,32.43963623046875,37.09294509887695
00626D.png,1.3956,0.6300384402275085,0.8552518812560271,0.8845120312382223,5.156630516052246,54.156803131103516,0.9555415662404365,0.5435177425094947,7.311297416687012,5.331625000404509,14.631199836730957,4.893564701080322,56.490272521972656,0.5070984363555908,1.323675513267517,0.9924933910369873,0.06718973815441132,11.726970672607422,0.733958433382658,0.006582170772395899,0.5301626920700073,0.5432928204536438,0.8071880113125532,3.0394393088588303,31.43035888671875,36.94697189331055
00630D.png,1.3845,0.5057116746902466,0.5225586437992537,0.8777532813161114,6.0789103507995605,46.970428466796875,0.9397386434666768,0.5910477325252872,6.82370138168335,3.3711953157206533,11.9387788772583,4.390349864959717,46.7774543762207,0.5175519585609436,1.3111891746520996,1.0316321849822998,0.027593296021223068,15.591963768005371,0.6928307393138144,0.013618539432547738,0.5323770046234131,0.5558140873908997,0.6890871547661818,2.725820066383659,19.56268310546875,25.768157958984375
00634D.png,1.4247,0.6346427798271179,0.6102278880188006,0.8728438926278131,6.069606304168701,51.73802185058594,0.8711579177574663,0.49149074204907856,7.173056602478027,4.040532233496496,13.861506462097168,4.797312259674072,60.14524459838867,0.5920131802558899,1.463486671447754,0.9455177783966064,0.055247511714696884,12.576873779296875,0.6864463721948776,0.02232588595297068,0.46897995471954346,0.4878897964954376,0.6408400587034387,2.716066587739659,19.10418701171875,33.597755432128906
00638D.png,1.3939,0.52970290184021,0.7554957479084342,0.8805495280552799,5.384792327880859,38.359947204589844,0.9536601298286712,0.5123870841584206,7.124544143676758,4.725389325936346,10.392403602600098,3.389105796813965,51.73338317871094,0.5457808971405029,1.3675005435943604,0.9350261092185974,0.046650759875774384,13.311413764953613,0.6669810526745464,0.010211644071819482,0.5123830437660217,0.5296757817268372,0.6911186164596255,3.1548067378785265,26.47479248046875,36.70970153808594
00642D.png,1.3784,0.5404821634292603,0.7127589507099623,0.9278672318802421,5.6999969482421875,40.43198013305664,0.8640931873389095,0.4202044612332481,7.470427513122559,4.693681867301118,9.21660041809082,3.6770517826080322,57.50519943237305,0.8507382869720459,1.3986085653305054,0.9808099269866943,0.05568681284785271,12.542476654052734,0.6421594342475028,0.021071912241143253,0.4302976131439209,0.5425764918327332,0.6736586593663076,2.931919073597103,20.24188232421875,30.761444091796875
00646D.png,1.321,0.6972256302833557,0.8609830265578605,0.8856092898184861,5.551750183105469,65.19700622558594,0.9736688481681389,0.5754773447367394,7.426671981811523,5.587115930543144,16.41103744506836,5.873425483703613,55.846839904785156,0.557951807975769,1.3391809463500977,0.9393945932388306,0.08391958475112915,10.761366844177246,0.7296975576975065,0.008944636068584469,0.5394994020462036,0.5452704429626465,0.7991374399096971,3.3215947396746586,30.59735107421875,42.89794921875
00650D.png,1.4083,0.5483683943748474,0.6629759623447847,0.8817946587402838,5.651252746582031,49.141212463378906,0.9356946039358226,0.473646702189595,6.98683500289917,4.189386183533744,12.963061332702637,4.421860694885254,41.79143142700195,0.6548596620559692,1.480636715888977,0.935784101486206,0.04485439136624336,13.481950759887695,0.6666243958383964,0.012215294603601984,0.42849281430244446,0.5492276549339294,0.6802206902509109,3.010873006849649,28.43231201171875,48.27696990966797
00655D.png,1.304,0.5117019414901733,0.673983724416057,0.8839818698146829,5.564558506011963,43.7044677734375,0.9472174765730408,0.5543572913095326,6.924097537994385,4.208587268946099,11.150138854980469,3.9103825092315674,35.74517059326172,0.5715734958648682,1.435746192932129,0.9191017150878906,0.03080093115568161,15.114362716674805,0.6641537519632472,0.006589095663162726,0.4545948803424835,0.5055887699127197,0.7015338830623126,3.22666691725151,32.69989013671875,38.98590087890625
00659D.png,1.3091,0.6296736001968384,0.5984129920010537,0.8850659476391642,5.585397243499756,47.178245544433594,0.8848702536340755,0.47762087861685987,7.168780326843262,3.8161433163516847,12.418683052062988,4.269646644592285,43.57402038574219,0.586794912815094,1.3825328350067139,1.0662283897399902,0.05742783471941948,12.40877628326416,0.7048424698420118,0.008193960243556392,0.3956735134124756,0.4700167179107666,0.7298998255609698,3.433960172576608,24.45477294921875,33.064659118652344
00671D.png,1.2837,0.596322238445282,0.784495509550626,0.8881971348305778,5.572793483734131,65.38114929199219,0.9702037672809013,0.586521583946126,7.446320533752441,5.106732507358396,15.898438453674316,5.8992228507995605,48.81087112426758,0.6209083795547485,1.4214566946029663,0.955355167388916,0.06430775672197342,11.917366981506348,0.7274166161590548,0.006660570387525335,0.4790996015071869,0.5553165078163147,0.7929867260705252,2.9805705818713983,27.22332763671875,48.25187683105469
00676D.png,1.2903,0.5984994769096375,0.7300572642613103,0.8821740863159193,5.8444390296936035,69.13945770263672,0.9603493868549601,0.5663039153501485,7.48828125,4.866838168063651,17.145631790161133,6.252413272857666,50.81135559082031,0.6523599624633789,1.4884138107299805,0.9252116680145264,0.06276240944862366,12.023004531860352,0.7086574389172485,0.01065793931213175,0.47408726811408997,0.567892849445343,0.7412245183329413,2.981710999589999,28.44061279296875,48.03517150878906
00681N.png,1.3133,0.28748148679733276,0.5813201653916759,0.8800770350304444,4.648562431335449,27.732831954956055,0.9477668011102424,0.5490126628246171,5.981020927429199,3.0896064221782833,9.431787490844727,2.488487482070923,39.426422119140625,0.7086557149887085,1.503079891204834,1.1606861352920532,0.013104972429573536,18.825639724731445,0.6805901895433362,0.009091973218675515,0.4848288297653198,0.5361759662628174,0.7041228318718341,4.807587047815688,34.75408935546875,24.771419525146484
00686N.png,1.3138,0.27213889360427856,0.6387853329437054,0.883491493879624,4.510781288146973,26.97808837890625,0.9549824987111387,0.5562617812067981,5.876251697540283,3.3175542733065093,9.777321815490723,2.4596569538116455,33.95952224731445,0.5915569067001343,1.3574297428131104,1.1150946617126465,0.01061885617673397,19.73922348022461,0.6791790509326421,0.0059606336484045366,0.48458826541900635,0.5343127846717834,0.7241420564737248,4.335928986342777,38.15252685546875,35.58301544189453
00690N.png,1.3079,0.33768367767333984,0.4550283003925336,0.8943531842682964,5.0846991539001465,31.610105514526367,0.9182830615578819,0.5375470692052388,5.9637131690979,2.5136785948461338,10.286601066589355,2.902941942214966,46.457881927490234,0.7468413710594177,1.429444432258606,1.0971636772155762,0.014284303411841393,18.45140838623047,0.6824750715986644,0.0107399614212385,0.47328925132751465,0.5466340780258179,0.6962375368953393,4.824293177413213,35.32391357421875,37.33164978027344
00695N.png,1.306,0.35713452100753784,0.5478333305511471,0.8858120852388212,5.056466102600098,35.177520751953125,0.9197297823930523,0.5535583941215694,6.613058567047119,3.196487288721075,10.446393013000488,3.229417085647583,41.090972900390625,0.6783012747764587,1.4655659198760986,0.9989050626754761,0.014148024842143059,18.4930419921875,0.6411513608356085,0.01396246470891189,0.4758107364177704,0.5521504282951355,0.6409688042942595,3.7515786580176433,30.37615966796875,34.45427703857422
00702N.png,1.2988,0.44156575202941895,0.7874509117916979,0.8906490181421104,4.986319065093994,28.638809204101562,0.9617934940437852,0.5175713809154977,6.927303791046143,4.690711351467986,8.192240715026855,2.532803535461426,49.32712936401367,0.6565596461296082,1.4056339263916016,1.0241445302963257,0.029736340045928955,15.267125129699707,0.6482904184812608,0.008946108395509631,0.4890175461769104,0.5617458820343018,0.723297306058861,4.573270921000829,39.90496826171875,28.025554656982422
00706N.png,1.2942,0.2702178955078125,0.6900608556174216,0.8792840224061864,4.414574146270752,19.49984359741211,0.953891493840179,0.5350645725626664,5.97666597366333,3.585306683010577,6.1579084396362305,1.788955569267273,26.244592666625977,0.6363612413406372,1.4249850511550903,1.06697678565979,0.006998683791607618,21.549837112426758,0.6082957642364348,0.008700543456176523,0.4739529490470886,0.5043341517448425,0.6798601532076146,4.609378048182502,38.58416748046875,23.771045684814453
00710N.png,1.3105,0.267814040184021,0.6147158969880087,0.8834180887250774,4.738102436065674,21.919721603393555,0.9493651779854687,0.538297658023938,5.896047115325928,3.2685014368089593,7.234438896179199,1.9966663122177124,32.25338363647461,0.7428321838378906,1.4730896949768066,1.0036661624908447,0.007892865687608719,21.027652740478516,0.6063499226391362,0.012564638078158382,0.4872208833694458,0.5351393818855286,0.6151407575396886,4.577340445292298,38.05535888671875,28.614429473876953
00714N.png,1.2987,0.3011138439178467,0.6633272344968161,0.8886513453400381,4.883357048034668,23.905651092529297,0.9546417871829541,0.5688060456340958,6.1810302734375,3.6696671795137465,7.4937286376953125,2.1609416007995605,37.424957275390625,0.7244904041290283,1.4297258853912354,0.9954115152359009,0.011533319018781185,19.380456924438477,0.6223348762528313,0.011525946035964608,0.48423922061920166,0.5211911797523499,0.6508178801801408,4.371204759827089,38.00262451171875,18.996618270874023
00718N.png,1.3091,0.20166133344173431,0.5365212557976969,0.8762306342417023,4.034484386444092,17.32377052307129,0.9426474134812958,0.544160176573945,5.181740760803223,2.4723599263233567,5.744565963745117,1.6248154640197754,19.064516067504883,0.683189332485199,1.484976053237915,1.1520522832870483,0.003185443114489317,24.96830177307129,0.6087021217131882,0.010171589658541712,0.48401257395744324,0.5143394470214844,0.6831039535812522,4.679925674758367,36.03924560546875,27.384227752685547
00722N.png,1.2761,0.2647286653518677,0.7648664254708555,0.8842508156707906,4.004636287689209,20.300567626953125,0.9627512188123466,0.5635061554880032,5.973278522491455,3.8159000402047436,6.069755554199219,1.8778210878372192,26.17919158935547,0.49584391713142395,1.3535212278366089,1.112839698791504,0.007957763969898224,20.992090225219727,0.6538705876552381,0.0033679172064847627,0.4833453297615051,0.4820939898490906,0.7599140856819431,4.370220289835435,33.89813232421875,26.513702392578125
00726N.png,1.3093,0.2262653410434723,0.5508652435839828,0.8806408015852147,4.303395748138428,20.685941696166992,0.9423622459676858,0.5763864248637396,5.367536544799805,2.6637002783831303,7.215359687805176,1.9188767671585083,25.565305709838867,0.6830794811248779,1.444033145904541,1.1360480785369873,0.005208682268857956,22.832719802856445,0.6402883209613957,0.008849582980720238,0.4882703423500061,0.5246634483337402,0.6945745404411007,4.577236143685054,37.04510498046875,23.513038635253906
00730N.png,1.3489,0.21244356036186218,0.601348858161248,0.8839381829304027,4.2154741287231445,19.27243995666504,0.9559519164516959,0.5572297652729132,5.347841739654541,2.8754554250215403,7.2595014572143555,1.7998970746994019,21.369625091552734,0.7261478304862976,1.4596576690673828,1.0211467742919922,0.0035346895456314087,24.51648712158203,0.6109767983838894,0.011001761626081073,0.5042461156845093,0.5090974569320679,0.6482690644307157,4.627111946885248,33.62762451171875,20.493736267089844
00734N.png,1.3106,0.2575823664665222,0.7110292351530973,0.8896010108478554,4.539355754852295,24.35585594177246,0.9622563816079369,0.5547715437858554,5.892510414123535,3.708693988349564,7.8552727699279785,2.2285990715026855,28.965747833251953,0.7006407380104065,1.3913156986236572,1.0543581247329712,0.007370893377810717,21.324798583984375,0.6482001041376882,0.008127161417133046,0.5145402550697327,0.5509365200996399,0.7327350646900712,4.641600645334668,34.80828857421875,22.711997985839844
00738N.png,1.2945,0.2579020857810974,0.6237072756913451,0.8810961006859347,4.724475860595703,25.501951217651367,0.9581537285397217,0.5942144448315744,5.666288375854492,3.2404096613634845,8.271788597106934,2.3492705821990967,30.985591888427734,0.6715322136878967,1.4013803005218506,1.088982343673706,0.008030194789171219,20.952741622924805,0.6579960155602513,0.01104759217834046,0.5211141109466553,0.5708263516426086,0.7080023227080788,4.2615715358741575,35.12420654296875,23.51723289489746
00742N.png,1.3095,0.33219560980796814,0.6030960191856126,0.8856834669153946,5.036741733551025,26.010295867919922,0.9468241291308259,0.5448063941112918,6.343417644500732,3.43167590871702,7.301641941070557,2.3910884857177734,37.14844512939453,0.6133555769920349,1.38902747631073,0.9910591244697571,0.013550907373428345,18.680316925048828,0.6208646943384976,0.006278042740229786,0.5011460185050964,0.5411514043807983,0.6550736742004285,4.462452707555745,32.97137451171875,22.33453369140625
00746N.png,1.3485,0.2414640337228775,0.5950312179906674,0.8899047408399867,4.407840251922607,23.89105796813965,0.9502071811058004,0.5924914431201891,5.542090892791748,2.9602710012744033,8.60076904296875,2.205019474029541,28.85772705078125,0.7220850586891174,1.384295105934143,1.0914618968963623,0.006004347465932369,22.215343475341797,0.6517840629446232,0.006993231208211864,0.5127441883087158,0.5398244261741638,0.6981837829728251,4.4955353298082,33.26678466796875,22.331344604492188
00750N.png,1.3043,0.28324592113494873,0.754582541219795,0.8865037702410519,4.572413444519043,30.113229751586914,0.9663727063708542,0.5817463405126823,6.1765642166137695,4.055509660484649,10.047157287597656,2.7325921058654785,32.16265106201172,0.678080141544342,1.375972032546997,1.051906943321228,0.01001742109656334,19.992443084716797,0.702343222078329,0.006915387163080391,0.5023671388626099,0.546908974647522,0.755927934544017,4.710022293039427,37.31951904296875,24.949752807617188
00754N.png,1.3037,0.2943979501724243,0.7305155195539142,0.8928393176467628,4.61976957321167,29.383893966674805,0.9592729703233681,0.5474687975397229,6.207433223724365,3.954733309208512,9.653409957885742,2.678175449371338,39.492950439453125,0.6941977739334106,1.3204843997955322,1.056578516960144,0.013896959833800793,18.57080078125,0.6864396126102084,0.008294434180375568,0.4919871985912323,0.5445036888122559,0.7374350493976126,4.4067569380084155,33.80145263671875,28.1929931640625
00758N.png,1.3133,0.26403364539146423,0.6731574358050897,0.8814511551839539,4.5796332359313965,24.1123104095459,0.9592466238386458,0.5354731245699094,5.880185127258301,3.5205649253288804,8.708636283874512,2.21382737159729,24.904096603393555,0.6809403896331787,1.431178092956543,1.0071048736572266,0.006105363834649324,22.142885208129883,0.6431515530709521,0.012793290011685079,0.4868730306625366,0.5309435129165649,0.6742740886931736,4.650824286368552,34.97039794921875,24.615575790405273
00762N.png,1.2792,0.24674753844738007,0.5932557916973605,0.8843946829606838,4.54355525970459,22.57568359375,0.9538302524268238,0.5765042475957262,5.472798824310303,2.9711410350365703,8.167229652404785,2.086107015609741,23.68381118774414,0.7095093131065369,1.4383611679077148,1.019670844078064,0.004463563207536936,23.503185272216797,0.6288741951045874,0.01013298386019113,0.5082221627235413,0.5352208018302917,0.6743658732768525,4.701178401519986,33.01678466796875,23.704126358032227
00766N.png,1.291,0.34924688935279846,0.5165107424959877,0.8920760116766492,5.653899669647217,33.039058685302734,0.9232340831720263,0.5639985736320803,6.301183700561523,3.087473866647864,9.995140075683594,3.1005795001983643,27.249225616455078,0.7692110538482666,1.488346815109253,1.0410646200180054,0.004910491872578859,23.0887508392334,0.6679674581361928,0.014086215641740178,0.4807497560977936,0.5442941188812256,0.6709511261355501,3.690598502569646,22.02362060546875,27.612735748291016
00770N.png,1.2872,0.30673807859420776,0.5549007986650341,0.8814082062959894,5.1833600997924805,34.497737884521484,0.910951262392379,0.5378777831147981,5.934457302093506,3.0846531348122888,10.464012145996094,3.2534611225128174,30.268741607666016,0.7398219108581543,1.4725234508514404,1.149287223815918,0.006792931351810694,21.679428100585938,0.7221496067325329,0.010173759318868778,0.4519175589084625,0.5584219694137573,0.749698043959943,3.8055076028285413,21.46307373046875,29.905548095703125
00774N.png,1.3115,0.2060372680425644,0.5671781588803764,0.8856061850362764,4.117831707000732,19.7047061920166,0.9438604593394667,0.5605425351376774,5.168350696563721,2.6334703049268295,7.572229385375977,1.8467682600021362,21.021286010742188,0.7187176942825317,1.4179134368896484,1.1048028469085693,0.0032535484060645103,24.876426696777344,0.6448780555293018,0.007333317525370063,0.4851425290107727,0.5098541378974915,0.6805064341789718,4.632649127923205,30.73895263671875,25.963661193847656
00778N.png,1.3037,0.2903576195240021,0.5098733683488551,0.8825453230566849,5.022133827209473,34.18159103393555,0.9095159039247472,0.5427689124496142,5.8430633544921875,2.7699467696325915,10.080880165100098,3.271407127380371,24.63629150390625,0.7455594539642334,1.5264756679534912,1.1235408782958984,0.00490354560315609,23.094898223876953,0.714878014093731,0.009771468058448713,0.4537208676338196,0.5408982634544373,0.7519344902962062,3.5906460376118927,23.64813232421875,26.419038772583008
00782N.png,1.305,0.31363946199417114,0.5077323747566297,0.8772609689817364,5.279284954071045,35.427085876464844,0.9268881954972481,0.5591665845792633,5.974215507507324,2.8568927366309467,10.682010650634766,3.3519482612609863,28.662906646728516,0.707219123840332,1.4751131534576416,1.0780168771743774,0.006969211623072624,21.568164825439453,0.7076134203949126,0.010470431177562441,0.4689166247844696,0.5418510437011719,0.7318431689635694,3.683155120156899,23.73992919921875,21.087398529052734
00786N.png,1.2901,0.2668974995613098,0.4621129863481041,0.8833244598861331,5.048462390899658,29.586536407470703,0.9106084307252108,0.5602813035596464,5.506601810455322,2.4388247110774106,8.68626880645752,2.8416261672973633,19.07263946533203,0.7526276111602783,1.4768931865692139,1.1182520389556885,0.0026724161580204964,25.730960845947266,0.7047802170271227,0.010918205604320897,0.45113274455070496,0.5294996500015259,0.7691846097022162,3.6780473815763197,22.72381591796875,23.818347930908203
00790N.png,1.2802,0.27868127822875977,0.557210740421653,0.8824930509963211,4.823115348815918,34.34376525878906,0.9015090908790353,0.5343323667444224,5.690349102020264,2.929118002068966,10.174798965454102,3.2900376319885254,24.7523250579834,0.7412885427474976,1.4706194400787354,1.1221712827682495,0.0049920454621315,23.017215728759766,0.7288429574583521,0.013681744588744774,0.4342670440673828,0.5238696336746216,0.78649041282973,3.627264759742371,26.48016357421875,22.777206420898438
00794N.png,1.2694,0.2481662482023239,0.46907990505422503,0.8852891827025243,4.690597057342529,30.395240783691406,0.8966649067969481,0.5488732801967869,5.418195724487305,2.370924267153187,9.030431747436523,2.9183993339538574,22.38030242919922,0.7549335956573486,1.4973381757736206,1.169565200805664,0.0036326744593679905,24.397735595703125,0.7118020012106768,0.010311304025791649,0.44015437364578247,0.5345233082771301,0.7635919621033175,3.7174496349630206,27.81756591796875,17.683387756347656
00798N.png,1.3281,0.20522329211235046,0.5798626780092899,0.8825250974994385,3.940488338470459,21.868196487426758,0.9493801944965577,0.5650830965486568,5.298762321472168,2.6787592629893036,7.588209629058838,2.041616678237915,24.928157806396484,0.7282495498657227,1.486525058746338,1.1360673904418945,0.004722563549876213,23.258220672607422,0.6571888419396679,0.007564214970683265,0.4856686592102051,0.5140485167503357,0.7063321973822494,4.270378961948272,31.96942138671875,19.97021484375
00802N.png,1.3378,0.22898173332214355,0.5705548014223608,0.8815502302307267,3.9356679916381836,16.57027244567871,0.943898957488084,0.5485296776320454,5.246640205383301,2.6195155724013564,5.831640243530273,1.5654106140136719,20.78241539001465,0.6765665411949158,1.4307026863098145,1.086803674697876,0.00354254012927413,24.506853103637695,0.6022728569181736,0.005739082314616203,0.47475188970565796,0.49728140234947205,0.644288367496347,4.723565564773878,31.13055419921875,19.505512237548828
00806N.png,1.3455,0.2525428831577301,0.5618936244361912,0.8840188680750953,4.390961170196533,27.51427459716797,0.8975144923295909,0.5341797056834344,5.4979987144470215,2.778281825078757,8.267801284790039,2.624547004699707,26.065675735473633,0.7455073595046997,1.4967098236083984,1.2294220924377441,0.005192608572542667,22.84614372253418,0.7243787075437095,0.008195969964122925,0.44253697991371155,0.5334124565124512,0.7877226779904413,3.779147851948356,22.83514404296875,22.89885902404785
00810N.png,1.2981,0.2592070400714874,0.6223866684970493,0.8860004705819332,4.499107837677002,21.286970138549805,0.9477513318971179,0.5571341155153641,5.925439357757568,3.244061033457349,6.5935869216918945,1.9839502573013306,28.767545700073242,0.7556614875793457,1.5178897380828857,1.1511937379837036,0.0062979767099022865,22.00798988342285,0.6422573890869105,0.005246989060915709,0.4832659363746643,0.5116578340530396,0.7200286708559193,4.635756734877173,30.68768310546875,23.804147720336914
00815N.png,1.294,0.22122251987457275,0.6562907304215497,0.8871619986566017,4.065445423126221,23.04020881652832,0.9611765429771129,0.62615027893786,5.443240165710449,3.120243530543548,7.5739054679870605,2.1439452171325684,23.563962936401367,0.6825568079948425,1.3405382633209229,1.0870332717895508,0.004452804569154978,23.51366424560547,0.6582862533793817,0.008620609422381294,0.5148147344589233,0.5289127826690674,0.750372033604614,4.317711905816801,35.63006591796875,24.499988555908203
00819N.png,1.2902,0.29682615399360657,0.832944818274743,0.8834927604377586,3.9834036827087402,30.651987075805664,0.9758456241132702,0.6001161009867675,6.344904899597168,4.301470764041525,9.273822784423828,2.786356210708618,33.201175689697266,0.6204794645309448,1.3537400960922241,1.0587533712387085,0.013064242899417877,18.839157104492188,0.7096100456747413,0.006836652566274412,0.4953816533088684,0.523320734500885,0.8014416854384002,3.9424475014299505,37.58856201171875,31.385040283203125
00823N.png,1.3181,0.3096958100795746,0.814718335643532,0.8823350752157146,3.942119598388672,27.575895309448242,0.968466179395125,0.5730551268684481,6.403176784515381,4.214266506520124,8.737358093261719,2.4843852519989014,32.78309631347656,0.6434449553489685,1.3985904455184937,1.066296100616455,0.013610219582915306,18.66135025024414,0.6741286385977465,0.00946686493799373,0.4951549768447876,0.5302800536155701,0.766010671720934,4.45035535350184,38.09832763671875,30.766948699951172
00828N.png,1.3028,0.3431651294231415,0.7019216721666084,0.893679245879931,4.811832427978516,34.0026969909668,0.9536424691172113,0.5771722066240959,6.629921913146973,4.015620424852743,9.621450424194336,3.0814473628997803,57.609703063964844,0.757748007774353,1.4561851024627686,1.0487232208251953,0.025581955909729004,15.920662879943848,0.6723898219961568,0.011075346157516791,0.4924304485321045,0.5366278886795044,0.7144946255393874,4.191405418731581,36.07781982421875,24.353567123413086
00832N.png,1.2976,0.3607579171657562,0.8876633954946455,0.8864907331425156,4.239793300628662,30.47085952758789,0.9752051192203861,0.5923450067857129,6.764407157897949,4.884029187463158,8.915520668029785,2.733313798904419,45.522300720214844,0.6036320924758911,1.3352079391479492,1.0401071310043335,0.02573193423449993,15.895276069641113,0.7015922642277448,0.004634481004973683,0.49974149465560913,0.5182135105133057,0.8099298584729082,4.276160053228513,37.40692138671875,26.68630027770996
00838N.png,1.3224,0.3801228702068329,0.7600255492418314,0.8928927356580533,4.879821300506592,27.29973030090332,0.9558977427094859,0.4992164237561496,6.7924275398254395,4.4356177994375585,8.390881538391113,2.4636127948760986,47.61018753051758,0.7148754596710205,1.405280590057373,0.9816284775733948,0.023794392123818398,16.235254287719727,0.624810097721906,0.01041763063253072,0.4737699627876282,0.5175431370735168,0.671937973895961,4.182164118449888,37.12908935546875,31.79873275756836
00842N.png,1.3219,0.25495147705078125,0.45472802370521104,0.8901525520703605,4.40469217300415,21.20718765258789,0.918145425211551,0.5428490431271842,5.198350429534912,2.183394525422573,7.5727152824401855,1.976314902305603,28.936464309692383,0.6665288209915161,1.3822849988937378,1.17387056350708,0.006025045644491911,22.200395584106445,0.6540991982768732,0.003435567984509581,0.4707797169685364,0.5459164381027222,0.6852219070224437,4.814722479867837,32.66033935546875,36.24029541015625
00846N.png,1.9388,0.26528066396713257,0.7589964253384426,0.8871940170686836,4.102729320526123,23.235382080078125,0.961578981431882,0.5612517052219032,6.096161842346191,3.8704749366182547,7.271266937255859,2.13920259475708,31.48073959350586,0.6299430727958679,1.3196773529052734,1.13056218624115,0.009841003455221653,20.06960678100586,0.6598400259290099,0.0072463397600075665,0.4963401257991791,0.5049594044685364,0.7723065962184185,4.372478054192116,36.60125732421875,21.9139347076416
00850N.png,1.4922,0.256350040435791,0.620160415502381,0.8878369751902659,4.287108898162842,29.3919734954834,0.9499920619670486,0.5768419326287345,5.772964000701904,3.1194408721517455,9.959235191345215,2.708515167236328,37.573299407958984,0.6936637163162231,1.3684055805206299,1.1221470832824707,0.011206511408090591,19.50529670715332,0.6965338491390283,0.008145138972145064,0.48886144161224365,0.5400279760360718,0.7291374546117341,4.126632891952123,34.53631591796875,30.219989776611328
00854N.png,1.2918,0.2968265414237976,0.47758674010955615,0.8857893728069586,4.251371383666992,29.186044692993164,0.8610763650955625,0.5017224472467408,5.462148666381836,2.319532980438794,8.211021423339844,2.9260380268096924,24.275117874145508,0.7469843626022339,1.4905216693878174,1.1051225662231445,0.0049026706255972385,23.095672607421875,0.7236253632403661,0.00934959744956805,0.4279816150665283,0.531090497970581,0.7988814747584122,3.9865990299585854,18.00360107421875,17.36716079711914
00858N.png,1.2847,0.26795494556427,0.38299607429520466,0.8782403826218225,4.6519012451171875,29.041889190673828,0.880427286958359,0.5319662843607883,5.523526668548584,1.948581295842141,8.508437156677246,2.8992695808410645,22.86790657043457,0.7039281129837036,1.480841875076294,1.069041132926941,0.004408284556120634,23.55730438232422,0.7014443581997969,0.00834254389031423,0.43961048126220703,0.49737241864204407,0.7327444610133217,3.652376142143602,17.54510498046875,23.780559539794922
00862N.png,1.2793,0.2710343599319458,0.4127233804637545,0.8795436069880986,4.359171390533447,34.790565490722656,0.8709261964973133,0.5255311919257084,5.496519565582275,2.033844742090766,10.021685600280762,3.453746795654297,27.726072311401367,0.6849759817123413,1.402557611465454,1.1225025653839111,0.006962902843952179,21.57209587097168,0.7501118530185267,0.008626576214747427,0.42773282527923584,0.4996093511581421,0.7948436515685581,3.645109649254261,20.28192138671875,24.149555206298828
00866N.png,1.339,0.2826995849609375,0.4128449882521331,0.8759032054856778,4.568662643432617,33.91584014892578,0.8821706216693198,0.5359178822206994,5.682346820831299,2.116046543276031,9.211228370666504,3.385892868041992,20.842927932739258,0.6656108498573303,1.5094542503356934,1.0857807397842407,0.004574170336127281,23.39687728881836,0.7364623077774655,0.010644692806251903,0.4370350241661072,0.49796533584594727,0.7876390923448862,3.4499022917340763,17.94061279296875,24.51055908203125
00870N.png,1.2879,0.24397212266921997,0.34871107366251675,0.878023890958753,4.252689361572266,28.455322265625,0.8691181681843241,0.5247331082794843,5.243033409118652,1.6556383084353463,7.855876922607422,2.8976266384124756,16.243539810180664,0.6997730731964111,1.5149579048156738,1.0660068988800049,0.002444081474095583,26.11884307861328,0.716367282724685,0.009677897783360586,0.42386868596076965,0.49164143204689026,0.7511485654956438,3.5321167437334617,18.88299560546875,23.395191192626953
00874N.png,1.277,0.28157109022140503,0.5210563237245123,0.8774275939599587,4.450846195220947,41.76763916015625,0.8773451873652429,0.5322090481003519,5.719098091125488,2.6495666295347444,11.705512046813965,4.261600494384766,24.91071891784668,0.6949635744094849,1.468083143234253,1.1288930177688599,0.006063706241548061,22.172618865966797,0.7802280165620777,0.009961746645768817,0.43613386154174805,0.5088579654693604,0.8171503252342669,3.26782105846922,15.74237060546875,21.48727035522461
00878N.png,1.3288,0.24894946813583374,0.34987293075225684,0.8827415181747115,4.689269065856934,34.6585807800293,0.9072000331277676,0.5746688920429455,5.578152179718018,1.7961527364529957,9.702449798583984,3.4518661499023438,24.894088745117188,0.7286666631698608,1.4758696556091309,1.0506280660629272,0.00448992196470499,23.47761344909668,0.6998181828003951,0.012371573542431858,0.46119844913482666,0.496066153049469,0.7158661993894453,3.0266613076090785,20.00408935546875,21.295242309570312
00882N.png,1.3567,0.2555096745491028,0.38105027302358296,0.8867932743723179,4.754598617553711,31.356752395629883,0.9110600799238013,0.5635926203171759,5.810947418212891,2.013009253734989,8.502652168273926,3.0839972496032715,24.757856369018555,0.7535207271575928,1.4869099855422974,0.940527617931366,0.004256696440279484,23.709274291992188,0.6406179636077797,0.015166282212545424,0.46563228964805603,0.478626549243927,0.6297064745053141,3.2513594345657157,22.25701904296875,22.963359832763672
00886N.png,1.2891,0.25917303562164307,0.4288328819249299,0.8795158891325653,4.853867530822754,29.95735740661621,0.9271867584877286,0.5740974521009722,5.896742820739746,2.3051157087510585,8.078022003173828,2.8991470336914062,28.10467529296875,0.6566933393478394,1.4413673877716064,1.0524243116378784,0.0068498095497488976,21.64321517944336,0.6570399809997752,0.01131200153936203,0.46220338344573975,0.46512073278427124,0.68541815045707,2.9330549919399447,21.26043701171875,19.803001403808594
00890N.png,1.2836,0.40733838081359863,0.5779634253577298,0.8770675931916178,5.178440093994141,35.7783088684082,0.8928192820705475,0.4390437947213625,7.105456352233887,3.5498320455380856,10.060996055603027,3.3661441802978516,52.01622772216797,0.674660325050354,1.5395172834396362,0.9298001527786255,0.03354683890938759,14.743484497070312,0.6230616989792008,0.023149131037137637,0.4047732949256897,0.4895951449871063,0.6124777966609141,3.5868858758854034,18.61785888671875,19.31241226196289
00894N.png,1.3199,0.3023003935813904,0.42207036941622206,0.8782836538441667,4.7736334800720215,36.979225158691406,0.8745678911063923,0.5137812004357072,6.207576751708984,2.3174296107114554,10.859061241149902,3.6019287109375,38.618499755859375,0.6737112998962402,1.4273817539215088,0.8699272871017456,0.013176205568015575,18.80209732055664,0.6486191899448464,0.02024579392149131,0.43923527002334595,0.49607881903648376,0.6115822478016014,2.8981220190016024,22.84197998046875,26.479297637939453
00898N.png,1.2849,0.24615851044654846,0.4176565920217787,0.8926770615124121,4.784492015838623,28.84547233581543,0.9048838556791866,0.5672348921313632,5.730793476104736,2.195896812083923,8.310598373413086,2.8560893535614014,26.314605712890625,0.7470847368240356,1.4121884107589722,1.0251332521438599,0.004602561239153147,23.370006561279297,0.6483219165862497,0.013225169047185854,0.46636807918548584,0.4971058666706085,0.6574176546225936,3.551246943445693,24.89764404296875,19.453495025634766
00902N.png,1.3258,0.35972872376441956,0.4575496466823112,0.8899291158004513,5.446205139160156,39.52492141723633,0.884600302351391,0.5200834816859657,6.774965286254883,2.7959044791173078,11.328557014465332,3.8314177989959717,45.94602966308594,0.7451289892196655,1.469074010848999,0.8352031707763672,0.016606468707323074,17.797225952148438,0.6078935080051538,0.022269123616716617,0.46022942662239075,0.5471030473709106,0.5532089812035628,2.879604876000681,19.29705810546875,21.083568572998047
00906N.png,1.3215,0.377277135848999,0.44525552813495956,0.8889379066489831,5.509533405303955,46.132503509521484,0.902192160241167,0.5772805724757665,6.651722431182861,2.707441480360126,12.465662956237793,4.433104038238525,43.335182189941406,0.7505550384521484,1.4893733263015747,0.9064965844154358,0.013058691285550594,18.84100341796875,0.6434687556447946,0.01742666552393442,0.4760783910751343,0.5283686518669128,0.6106029194925678,2.6893391153793984,22.21649169921875,25.81069564819336
00910N.png,1.3159,0.4591669738292694,0.5148305277366623,0.8793004830598965,5.5566792488098145,48.322265625,0.9147842579795455,0.5734226606196897,6.948436737060547,3.219017000675418,12.905343055725098,4.546343803405762,65.34419250488281,0.6696354150772095,1.4695508480072021,0.9753169417381287,0.03795824199914932,14.206939697265625,0.6650541858087389,0.015911994257896498,0.4654824137687683,0.5249602198600769,0.6484910950278001,2.8143028397728025,15.58563232421875,22.938488006591797
00914N.png,1.2848,0.3916330635547638,0.4891281916656942,0.8761455536423568,5.8579912185668945,42.69154739379883,0.9363691115236991,0.5483021282863724,6.598519325256348,3.046424172295122,11.860705375671387,4.043087005615234,39.19413375854492,0.6747156977653503,1.5079345703125,0.9059091806411743,0.014445673674345016,18.402620315551758,0.6527898619309546,0.01682705766034092,0.4856846332550049,0.48812001943588257,0.614576634759452,2.819352317516822,18.43328857421875,34.471778869628906
00918N.png,1.2971,0.4200621545314789,0.5158545994516305,0.8871125620741024,5.80950927734375,43.06226348876953,0.9212010324984619,0.5298324753488659,6.951414585113525,3.291400212381202,12.066266059875488,4.0558295249938965,46.10948944091797,0.7212100625038147,1.485684871673584,0.872478723526001,0.020926300436258316,16.793075561523438,0.6290124599016755,0.019595881871287846,0.4733155071735382,0.5026583671569824,0.5929608818656589,2.864572373233521,16.18328857421875,33.85186004638672
00922N.png,1.3177,0.3920324146747589,0.5140786317628655,0.8856797574403227,5.616820812225342,40.55063247680664,0.9185372177849495,0.5495203059666225,6.855810165405273,3.205965827054495,11.005997657775879,3.8381290435791016,40.42219543457031,0.7354549169540405,1.4907150268554688,0.9248374700546265,0.014372056350111961,18.4248104095459,0.644838219120812,0.01811835437555638,0.46876806020736694,0.46573445200920105,0.6273308924151528,2.8136424818524146,18.82098388671875,31.17399024963379
00927N.png,1.2765,0.4165506958961487,0.4747215124458481,0.8820131732328236,5.793976783752441,47.632720947265625,0.9146208571236237,0.569269367905065,6.851397514343262,3.0015245150436005,12.513144493103027,4.617340087890625,41.438724517822266,0.7259921431541443,1.5414694547653198,0.9129931926727295,0.013436498120427132,18.717140197753906,0.6540319515485563,0.02311342250833047,0.4740293323993683,0.500627875328064,0.6326083475818765,3.168905853427659,18.27606201171875,30.40203857421875
00931N.png,1.2938,0.4831211566925049,0.5096606301498444,0.8859519136942029,5.809041976928711,45.36785125732422,0.8902004892066504,0.521441122132719,7.294900894165039,3.3392911489303234,11.937965393066406,4.2856764793396,52.44197463989258,0.7223389744758606,1.5020654201507568,0.8612446784973145,0.02936609275639057,15.321538925170898,0.6144858821032674,0.022579010555494453,0.4546694755554199,0.5118334293365479,0.5764699061299304,2.8888252416449336,18.77752685546875,34.689422607421875
00935N.png,1.3118,0.38337185978889465,0.5346155384505383,0.8812383212957471,5.536750793457031,43.76770782470703,0.9039561154154636,0.5494516481001539,6.8246235847473145,3.304301238509902,11.824769020080566,4.125035285949707,45.1457633972168,0.6926711201667786,1.5234612226486206,1.0076707601547241,0.016987383365631104,17.6987361907959,0.6593145454872843,0.015140903209961127,0.46157389879226685,0.4913332462310791,0.6678987405951905,3.305118173825449,24.22186279296875,26.862293243408203
00939N.png,1.2988,0.39326995611190796,0.4807956729554467,0.8851276363560445,5.550769329071045,44.333412170410156,0.8944682638947355,0.5437422695021544,6.855666160583496,2.982489123965335,12.493448257446289,4.21931791305542,39.951690673828125,0.7330458164215088,1.534645676612854,0.9486414790153503,0.013875306583940983,18.577573776245117,0.657036971060476,0.019437344567551407,0.4610208570957184,0.5076290369033813,0.630983013994516,3.1235149444256853,19.21795654296875,31.475759506225586
00943N.png,1.3046,0.37605518102645874,0.5606203213290186,0.8846826340116904,5.3623046875,47.28484344482422,0.8790028603999622,0.5363351051080633,6.80561637878418,3.410802281455009,13.553613662719727,4.465397834777832,46.50459671020508,0.7371108531951904,1.531766653060913,0.9611978530883789,0.0170441921800375,17.684234619140625,0.678541450647167,0.016287904305889403,0.4385101795196533,0.5128095746040344,0.6375449947611082,2.945272020014099,21.09783935546875,36.27893829345703
00947N.png,1.3345,0.402092844247818,0.5337561573541948,0.9006029824946415,5.836862564086914,46.502105712890625,0.910701011094535,0.5477715791398219,7.025963306427002,3.4328159701887735,13.288347244262695,4.420504093170166,52.0699348449707,0.7818498611450195,1.5002250671386719,0.9076160192489624,0.019199958071112633,17.1669979095459,0.6450267408233775,0.01841108416479113,0.47069883346557617,0.5292619466781616,0.6069945747443322,2.6901577811776023,19.67303466796875,26.232200622558594
00951N.png,1.2809,0.27695780992507935,0.47666416236512055,0.8976770919555052,4.8158721923828125,36.2912712097168,0.8942723655876456,0.5432981673826087,5.781676292419434,2.5257443661673094,10.847529411315918,3.5545151233673096,29.834880828857422,0.8071920275688171,1.4896364212036133,1.0321425199508667,0.005239269696176052,22.807292938232422,0.699374963557124,0.017494183467380003,0.4488582909107208,0.522979199886322,0.700310840132506,3.0658592101840236,20.07635498046875,23.320716857910156
00955N.png,1.341,0.30806732177734375,0.5066177548998712,0.8937528031482245,4.688836574554443,38.60044860839844,0.871634604150003,0.5286475177068243,5.8855977058410645,2.678607254392942,10.792134284973145,3.768273115158081,33.468875885009766,0.7824920415878296,1.404645562171936,1.0859246253967285,0.007995212450623512,20.97170066833496,0.7277840989918564,0.014203382106537666,0.4376118779182434,0.5304752588272095,0.7753679742188567,3.160278411995178,20.69696044921875,19.353492736816406
00959N.png,1.3406,0.3146131634712219,0.5442243656469182,0.8930852052914272,4.485298156738281,46.05747604370117,0.8684065111135832,0.5308683278565255,6.1137590408325195,2.8841428007938408,12.885162353515625,4.460846424102783,42.9005012512207,0.7585344314575195,1.2861254215240479,1.1092981100082397,0.013768360950052738,18.61117935180664,0.751754373860094,0.012854656237603698,0.43453770875930786,0.5403810143470764,0.7995207326702868,2.793613497868044,19.39959716796875,24.90548324584961
00964N.png,1.3195,0.16111433506011963,0.916024207297066,0.8856581643483853,3.1173031330108643,20.266752243041992,0.9669227842975981,0.5331361582201235,4.7205610275268555,3.5898538286704786,8.582507133483887,1.8365936279296875,32.393714904785156,0.6489738821983337,1.3606352806091309,1.182275652885437,0.009275935590267181,20.32642364501953,0.8021267115744161,0.0013416924370769658,0.44853803515434265,0.5087337493896484,0.8539092879681449,5.469017079448044,47.49969482421875,25.481788635253906
00968N.png,1.2792,0.25282108783721924,0.4945128867958283,0.9057092991161318,4.521425724029541,25.902116775512695,0.9169405850325992,0.559560232854387,5.475858211517334,2.471901880823685,8.148448944091797,2.441962480545044,29.74905776977539,0.790542483329773,1.375745415687561,1.1064175367355347,0.004946259781718254,23.057231903076172,0.6551767932037506,0.010527090486017144,0.46098247170448303,0.5267800092697144,0.6892046450490454,4.010258550489613,30.34637451171875,24.87835693359375
00972N.png,1.2573,0.30812734365463257,0.4256386010368684,0.8885012419562717,4.877086639404297,27.743610382080078,0.8971220716554575,0.5454741069480593,5.80596923828125,2.27356829333508,7.894093990325928,2.6476151943206787,26.203319549560547,0.7175348997116089,1.4942599534988403,1.0547752380371094,0.004715214483439922,23.264984130859375,0.6522884039959312,0.010997889974922985,0.45127490162849426,0.514164388179779,0.6801123512317028,4.022111550249721,26.22479248046875,21.72787094116211
00976N.png,1.3066,0.3489253520965576,0.5963552269738752,0.8844895162862058,4.868842601776123,27.794971466064453,0.937966612614148,0.5659420508255552,6.459170341491699,3.377771156697632,7.994813442230225,2.5367062091827393,38.1491584777832,0.6078729629516602,1.401118516921997,1.0011730194091797,0.013542922213673592,18.682876586914062,0.6169342693477492,0.009987483160303888,0.4933999180793762,0.5072691440582275,0.6591810622073995,3.8132941116939483,28.30926513671875,23.434799194335938
00980N.png,1.2561,0.2703419029712677,0.45855273384501616,0.8765240439555255,4.599705696105957,20.257610321044922,0.9109483290307339,0.515481615822373,5.694285869598389,2.3601773528656,5.815314769744873,1.943957805633545,17.782054901123047,0.6275944113731384,1.586212158203125,1.1117563247680664,0.002974248258396983,25.26622772216797,0.6309682247139407,0.0055944563843481985,0.4609028398990631,0.5157831311225891,0.7163233735018261,4.508813922600763,23.88592529296875,22.58089828491211
00984N.png,1.2867,0.28352922201156616,0.46664857947548843,0.8898716687922323,4.850175857543945,28.522354125976562,0.908639566215274,0.5460008846384808,5.689327716827393,2.45913077806968,9.347026824951172,2.6854848861694336,31.74153709411621,0.7483614683151245,1.454888105392456,1.1562429666519165,0.006722994148731232,21.72437286376953,0.6962732596507888,0.0073984226671384426,0.4708961248397827,0.5512081384658813,0.7227237812280507,3.8956890236729254,24.82586669921875,20.995845794677734
00988N.png,1.2832,0.2521843910217285,0.41541540236412056,0.8994749299805191,4.4739885330200195,27.249099731445312,0.8921379577982768,0.5359049609840302,5.389814376831055,2.048795571716113,8.802328109741211,2.5998504161834717,25.875797271728516,0.7723615765571594,1.4246323108673096,1.1079710721969604,0.003962941933423281,24.019824981689453,0.6818455079515083,0.008913332284572245,0.4469575881958008,0.5154125690460205,0.7038754861244615,3.836554778066078,23.46600341796875,16.860313415527344
00992N.png,1.2907,0.2339673489332199,0.4177756934406016,0.8834840229691627,4.357941150665283,24.355079650878906,0.9088331820353387,0.5454359540262336,5.255947113037109,2.0082319135024775,7.7651519775390625,2.3241870403289795,22.24713706970215,0.7119166851043701,1.4466097354888916,1.151275634765625,0.0035945409908890724,24.443565368652344,0.6771771330224703,0.01114670260937764,0.4509764313697815,0.4868602752685547,0.7189822322137549,4.114882599999124,24.78680419921875,18.931255340576172
00996N.png,1.3034,0.25455424189567566,0.44992113183832483,0.8812628607087987,4.460933208465576,24.56818389892578,0.9241028445737857,0.5590746560213667,5.632225036621094,2.2705708684293047,7.658775329589844,2.3286824226379395,23.47621726989746,0.6857796907424927,1.450455904006958,1.0908253192901611,0.004357221070677042,23.6079044342041,0.6484712917512936,0.013215578266695885,0.4607445001602173,0.4941778779029846,0.6908423011864989,4.008689903272548,23.98406982421875,21.77657699584961
01000N.png,1.3196,0.24899812042713165,0.4561449951161417,0.8786292460920005,4.455817699432373,23.38788604736328,0.9148153348471931,0.5366271861253196,5.554933547973633,2.283185138028415,7.758847713470459,2.24049711227417,25.41818618774414,0.6554327011108398,1.4337491989135742,1.0907788276672363,0.005359495058655739,22.70876121520996,0.6464769984552339,0.011471639417867243,0.4500817656517029,0.5040706396102905,0.6873617563924568,4.172385818948172,24.54901123046875,22.491127014160156
01004N.png,1.3051,0.26801571249961853,0.48916913261546646,0.901179742521636,4.692818641662598,22.198808670043945,0.9317856213449703,0.5325559531725554,5.805659294128418,2.5677747583826225,6.991898536682129,2.106651544570923,29.44623565673828,0.8131487369537354,1.4987715482711792,1.0160582065582275,0.0050039454363286495,23.00687599182129,0.5989891914256906,0.012797091508855676,0.4779863953590393,0.5505356788635254,0.6367663237930634,4.1065320291389495,25.11639404296875,18.509376525878906
01008N.png,1.3305,0.31200215220451355,0.4773161714799378,0.8842745128977636,4.703223705291748,24.98412322998047,0.9120956213099806,0.5312574193650339,5.867364406585693,2.5227648052410157,8.2781982421875,2.3553621768951416,48.88925552368164,0.6882262229919434,1.2974796295166016,1.1113885641098022,0.018640708178281784,17.295377731323242,0.6460220661825421,0.010510427671164843,0.4489624500274658,0.5226120352745056,0.6940984259887026,3.859945446807149,27.41766357421875,23.115013122558594
01012N.png,1.3431,0.26351767778396606,0.44021207136720897,0.886179171726339,4.599310398101807,27.292783737182617,0.917461041300804,0.5585690615087938,5.5916948318481445,2.243109752336867,8.81280517578125,2.5817058086395264,35.90526580810547,0.7310906648635864,1.3556392192840576,1.1167707443237305,0.009184807538986206,20.369300842285156,0.6851388686921506,0.010560981543288986,0.47020024061203003,0.5567929744720459,0.7151714723611865,4.037482888740555,23.97137451171875,25.738609313964844
01016N.png,1.3297,0.3022730052471161,0.4948692304034239,0.8902165952719681,4.950660705566406,29.18949317932129,0.9176980382793913,0.5437904002473876,6.139250755310059,2.744037162200687,8.638309478759766,2.742938756942749,39.27104949951172,0.7748502492904663,1.4768013954162598,1.132483720779419,0.010077351704239845,19.966535568237305,0.6849519995170736,0.009720637614029382,0.4605772793292999,0.5294390320777893,0.7238684545863636,3.8685824271527953,21.92742919921875,27.327449798583984
01020N.png,1.3215,0.363657683134079,0.6214090864152056,0.8791752962331189,5.170202255249023,33.29864501953125,0.9372296189551538,0.5533249856753893,6.7464189529418945,3.702559835828687,9.320330619812012,3.048722982406616,39.292877197265625,0.5308821797370911,1.4632583856582642,1.0751715898513794,0.017814669758081436,17.49222183227539,0.67098372194858,0.009012579199372922,0.4727299213409424,0.487837016582489,0.7030689270292777,3.85519786901072,32.02410888671875,28.04682159423828
01024N.png,1.2843,0.31827512383461,0.6145422570672114,0.8799194019931201,4.644798755645752,27.278785705566406,0.9031203216242152,0.5366310932016449,6.3101983070373535,3.366165796523246,7.331907749176025,2.5324692726135254,33.58415222167969,0.5057927966117859,1.488674521446228,1.2274177074432373,0.011472711339592934,19.403339385986328,0.6874449704631186,0.006133846974964339,0.4372822046279907,0.48137474060058594,0.7654707320720533,3.7389458600969454,24.58026123046875,33.806861877441406
01028N.png,1.3132,0.27447816729545593,0.5042717328120112,0.8813010979671948,4.473584175109863,27.705455780029297,0.882589108231605,0.5174065225022907,5.546127796173096,2.5263381680576735,7.639919281005859,2.651945114135742,22.505878448486328,0.7313973903656006,1.4976576566696167,1.1419076919555664,0.004648189060389996,23.327163696289062,0.7156548560616721,0.009399335699141408,0.4341640770435333,0.49620321393013,0.8006791723154542,3.909288864255278,21.40936279296875,26.36353302001953
01033N.png,1.3037,0.29507023096084595,0.557964872916695,0.8787838091651993,4.522550582885742,31.645401000976562,0.8946335245842764,0.524768593695959,5.827058792114258,2.887369745339118,8.920957565307617,2.9810025691986084,30.104337692260742,0.7086971402168274,1.4984188079833984,1.2633720636367798,0.007918603718280792,21.013511657714844,0.7243314488574185,0.008199814838264102,0.4483240246772766,0.5035342574119568,0.8139488818021436,3.5324597023123165,21.36151123046875,25.31410026550293
01037N.png,1.3076,0.3323456048965454,0.47040784639594946,0.8838566735905724,5.071903228759766,30.48130989074707,0.9049665030494498,0.5478375781319024,6.24260950088501,2.6612262368908173,8.642461776733398,2.8733789920806885,33.59379959106445,0.7386608719825745,1.4997735023498535,1.0378470420837402,0.008356472477316856,20.77977180480957,0.6458149707150276,0.017833634635205375,0.47477543354034424,0.5481708645820618,0.6741614523484878,3.9111070797424756,23.66619873046875,23.607524871826172
01041N.png,1.2727,0.3619154989719391,0.5159445668043424,0.8795828892499742,5.122770309448242,35.97580337524414,0.8992748702425925,0.5367452829032361,6.573481559753418,3.0173185156450693,9.560121536254883,3.36834979057312,32.32633972167969,0.6804826259613037,1.5357744693756104,1.0354762077331543,0.00924732070416212,20.339839935302734,0.6527982547174025,0.013495203171675702,0.46434763073921204,0.510988175868988,0.6743147310845439,3.3486373755415433,24.00994873046875,23.806289672851562
01045N.png,1.2691,0.3383561968803406,0.43927718634939855,0.882237582079201,5.211444854736328,38.05704116821289,0.9134159516708819,0.5640056903750107,6.227750301361084,2.5124967945398033,10.380016326904297,3.5505967140197754,30.243192672729492,0.7095327377319336,1.5019155740737915,1.0042858123779297,0.007138949353247881,21.463659286499023,0.6592117087815174,0.01362876476347874,0.49303972721099854,0.5646209716796875,0.6543454542771369,3.201457757676232,25.23114013671875,26.31713104248047
01049N.png,1.3022,0.35313084721565247,0.46121581475944634,0.876069736528748,5.092214584350586,35.102901458740234,0.9180711857939619,0.561115508835895,6.261359691619873,2.6182325283013377,9.997958183288574,3.2832136154174805,30.378847122192383,0.6706253886222839,1.5159051418304443,1.1025972366333008,0.008748511783778667,20.580657958984375,0.6790602225272246,0.011187905780443489,0.48699766397476196,0.5475276708602905,0.7108586119163697,3.3750609500446687,21.65447998046875,33.422515869140625
01053N.png,1.3303,0.3683876097202301,0.5171244815601235,0.8799016004823188,5.195939540863037,33.67641067504883,0.9129396813504036,0.5266488247514044,6.453804969787598,3.012193622905727,9.89572525024414,3.1163241863250732,33.45075225830078,0.6099418997764587,1.4785041809082031,1.060366153717041,0.011122063733637333,19.53814697265625,0.6611438109972695,0.010631577971874123,0.4674721360206604,0.5470484495162964,0.678181978405111,3.4057644163484655,24.48358154296875,31.581920623779297
01057N.png,1.2885,0.39099156856536865,0.4332086053424203,0.8896705774715112,5.5064802169799805,35.510189056396484,0.924862479304947,0.5827319495332239,6.202461242675781,2.5362152256933594,9.971979141235352,3.335911750793457,35.610782623291016,0.7140008211135864,1.542177438735962,1.081070065498352,0.009679947979748249,20.14126968383789,0.674309434366002,0.01292113626301153,0.48880648612976074,0.5422654747962952,0.7014699108545974,3.573898602125106,23.41961669921875,33.04291534423828
01061N.png,1.3019,0.4474045932292938,0.5435858242336853,0.8829599483792433,5.573822498321533,42.63740539550781,0.894734545056633,0.512912873040855,6.894598007202148,3.3888383875548804,11.42635726928711,3.91689133644104,48.722896575927734,0.6496585607528687,1.505661129951477,1.089061975479126,0.022408034652471542,16.49596405029297,0.6847245905081798,0.014010722930518136,0.4562569558620453,0.5492586493492126,0.7065295677175709,3.604398424344913,25.22283935546875,30.672801971435547
01066N.png,1.3133,0.3061687648296356,0.5606990451638517,0.8792465476701576,4.949531555175781,23.167129516601562,0.9312882160751245,0.5680614790591456,5.872052192687988,3.03383609178335,7.6650471687316895,2.1040031909942627,22.775407791137695,0.5910462141036987,1.5302379131317139,1.0625295639038086,0.004569014068692923,23.401775360107422,0.6420583966695789,0.006665208407423557,0.48603978753089905,0.552482545375824,0.6820840748428403,4.937629895002441,38.26287841796875,27.07099723815918
01070N.png,1.3229,0.39975881576538086,0.479669249821445,0.8746785644340905,5.425581932067871,31.34017562866211,0.9265349620991618,0.551800970603318,6.4626030921936035,2.8512071891296067,8.899681091308594,2.8772354125976562,28.435527801513672,0.5550739765167236,1.5861363410949707,1.0463578701019287,0.008553856983780861,20.678382873535156,0.6609142274335796,0.008939183476452742,0.4952966272830963,0.5407981872558594,0.6649078818428764,4.044663352688927,31.99530029296875,29.065467834472656
01074N.png,1.2835,0.3799830973148346,0.7124537296237317,0.8781334473151946,5.078786373138428,27.944713592529297,0.9451400641542553,0.5672561839919463,6.53217077255249,4.136147628190473,8.421927452087402,2.5050296783447266,30.683008193969727,0.5141932368278503,1.5950257778167725,1.2047230005264282,0.010916899889707565,19.619007110595703,0.6902579602249509,0.004969879944295361,0.4825175404548645,0.5348345041275024,0.7731733392104712,4.149069035469636,34.05584716796875,34.038665771484375
01078N.png,1.2732,0.3639468848705292,0.7380922449677939,0.8812584782517638,5.0057878494262695,24.241432189941406,0.9467760224793628,0.5457467472302635,6.501479148864746,4.246726046738479,7.3719611167907715,2.181976318359375,34.77962112426758,0.5139251351356506,1.5387932062149048,1.1739256381988525,0.013274630531668663,18.769775390625,0.6763472962983331,0.005622154657478957,0.4790623188018799,0.534610390663147,0.7623757956051338,4.502731385440876,37.49481201171875,32.88502502441406
01082N.png,1.313,0.3667962849140167,0.5574889543685835,0.8650509748746875,5.297307968139648,21.195510864257812,0.9385831160887597,0.5120128782517341,6.13991117477417,3.1880704759805774,5.288761615753174,1.9094529151916504,19.140949249267578,0.5408527851104736,1.7102580070495605,1.1979910135269165,0.006071100477129221,22.16732406616211,0.6387984693744364,0.004189078450910207,0.4706169664859772,0.5527321100234985,0.7243542903892751,4.417668404430579,37.87762451171875,37.313899993896484
01086N.png,1.3026,0.3621804714202881,0.5934183882584757,0.8752112599896034,5.205712795257568,33.88741683959961,0.9292624874302482,0.549051187800197,6.596314430236816,3.5017808796242598,9.553837776184082,3.0823166370391846,35.81214904785156,0.6134178042411804,1.5463714599609375,1.1714882850646973,0.013091739267110825,18.830028533935547,0.6988963692831031,0.008001222578032527,0.46514880657196045,0.5105506777763367,0.7462059275254156,3.966484458316228,31.09344482421875,27.93316650390625
01090N.png,1.3191,0.39461663365364075,0.5444359622854903,0.8761859536680403,5.338662624359131,38.20769119262695,0.9214211635500957,0.5317025482023271,6.717543601989746,3.2819259576157016,9.471965789794922,3.4714860916137695,33.986175537109375,0.6405378580093384,1.466597557067871,1.0591516494750977,0.01453213207423687,18.376705169677734,0.7006373565551661,0.016363105577100884,0.4717445373535156,0.5393271446228027,0.7353869224376579,3.8571620431906712,29.83123779296875,31.579505920410156
01094N.png,1.3001,0.4043067395687103,0.561907352019369,0.8825908981294613,5.405740261077881,40.342933654785156,0.9300213648683303,0.5720975566560299,6.750292778015137,3.4152925397797596,11.492746353149414,3.6601128578186035,46.27082443237305,0.6224890947341919,1.4968661069869995,1.0363917350769043,0.01828610524535179,17.378787994384766,0.6843284628357357,0.010295385249932036,0.4903002977371216,0.535973310470581,0.6932050528592432,4.217564513170464,34.59832763671875,33.73318099975586
01098N.png,1.3021,0.38886353373527527,0.7261916861882565,0.881314725418992,5.134162902832031,39.17796325683594,0.9556942436974485,0.6091171271047104,6.892187118530273,4.366731136935503,10.770857810974121,3.5258541107177734,44.35523223876953,0.5460577607154846,1.399472713470459,1.0858347415924072,0.021634463220834732,16.64853858947754,0.7156115464882512,0.00795894006868989,0.49218714237213135,0.5260699391365051,0.7639788394910016,4.269427847302712,37.72381591796875,29.91408348083496
01102N.png,1.3106,0.3487357199192047,0.5230029855133754,0.8839053348053665,5.378869533538818,36.313072204589844,0.9120796585954164,0.5600176068447126,6.278238773345947,3.048360818185289,10.942992210388184,3.307507276535034,33.51472473144531,0.7408322095870972,1.496612548828125,1.0995359420776367,0.008230241015553474,20.845874786376953,0.6994850063563121,0.012993500183265007,0.4703633785247803,0.5450378656387329,0.7031376480839734,4.363713454865889,35.71258544921875,26.601024627685547
01106N.png,1.3125,0.292727530002594,0.6961237099197877,0.8854146047859329,4.589244842529297,25.575597763061523,0.9457947050748855,0.5815078545736561,5.857942581176758,3.636280608322906,9.579741477966309,2.3406009674072266,29.151491165161133,0.614341676235199,1.3645163774490356,1.1181540489196777,0.006900969427078962,21.610898971557617,0.7056548222173661,0.003346960780129271,0.47251516580581665,0.5311849117279053,0.7530163136529365,4.805165406293153,34.92987060546875,34.03710174560547
01110N.png,1.3293,0.37435874342918396,0.7637720003149896,0.884703925204488,4.977400779724121,29.05184555053711,0.9505591483093063,0.5658890609439572,6.604058265686035,4.422811558609819,9.563295364379883,2.6303014755249023,46.65998840332031,0.5546148419380188,1.4386483430862427,1.1244845390319824,0.02086719684302807,16.80535888671875,0.714396269551708,0.004328153670008352,0.47742852568626404,0.5239461660385132,0.7796457913430554,4.393059686565951,34.50018310546875,33.20380401611328
01114N.png,1.3212,0.40954458713531494,0.7252248297711469,0.8819164252588629,5.30108642578125,37.83173370361328,0.9507021840646808,0.5625641392732696,6.872568130493164,4.4143316972651,11.968716621398926,3.439768075942993,49.53324890136719,0.5069127678871155,1.435910940170288,1.1366398334503174,0.027097614482045174,15.670690536499023,0.7380392184935827,0.006765482800106755,0.4851004183292389,0.5334259271621704,0.7766792262114162,4.209950362940314,29.00653076171875,36.08180618286133
01118N.png,1.3389,0.3892950713634491,0.5989586197350729,0.884324323181399,5.072409629821777,26.37543296813965,0.9377097884624129,0.5758703741572506,6.019523620605469,3.321815503798522,8.983089447021484,2.390310287475586,35.95714569091797,0.6377775073051453,1.4926166534423828,1.2104722261428833,0.010312672704458237,19.866289138793945,0.7026794693131772,0.004324727817874727,0.47901082038879395,0.5514315366744995,0.7515236685877785,4.759173081481419,38.87713623046875,35.013267517089844
01122N.png,1.3208,0.32074353098869324,0.6811108265794628,0.8911547199818384,4.795521259307861,24.001312255859375,0.95673662177518,0.5821374166417459,5.896170139312744,3.6411256160159304,8.845691680908203,2.1761131286621094,43.86048126220703,0.6831062436103821,1.3647973537445068,1.1420769691467285,0.014830783940851688,18.288360595703125,0.6968896638681544,0.004291300793492935,0.487077534198761,0.548663318157196,0.7409439081385285,4.9923580072956595,43.93328857421875,37.3222770690918
01126N.png,1.3071,0.4821963608264923,0.637502383776582,0.9097943019186612,5.358089447021484,33.76238250732422,0.952446506832981,0.5873526318432082,6.4117112159729,3.751649737310462,11.045685768127441,3.0354411602020264,60.45252227783203,0.7744213342666626,1.4145406484603882,1.0323119163513184,0.027094725519418716,15.671152114868164,0.6770164940941522,0.007498275756839536,0.5060547590255737,0.5599735379219055,0.6901385389154775,4.439104197289429,38.43865966796875,31.867534637451172
01130N.png,1.3354,0.344451904296875,0.8187133735633522,0.887628870311902,4.759538650512695,27.44483184814453,0.9730983925152875,0.5970072183022643,6.266506195068359,4.513600157291085,8.939746856689453,2.481973648071289,36.60642623901367,0.6418525576591492,1.329636812210083,1.0693325996398926,0.013864989392459393,18.58080291748047,0.7103910656240623,0.005077303575052629,0.4967930018901825,0.5433394312858582,0.7918492469154079,4.8660115606783245,41.22283935546875,29.486709594726562
01135N.png,1.3389,0.3427724242210388,0.855110204429287,0.8889650309918361,4.387479782104492,20.810518264770508,0.9625544163723705,0.591501377177003,6.296613693237305,4.56805463544883,6.309851169586182,1.8828141689300537,30.080842971801758,0.3911179006099701,1.429652214050293,1.091355800628662,0.010635814629495144,19.73229217529297,0.6848212289806119,0.0028670210962646334,0.47528934478759766,0.43040731549263,0.7919150949792031,5.038355052169184,39.38592529296875,21.57159996032715
01139N.png,1.306,0.252417653799057,0.7140160686699424,0.8813801573569284,4.283820152282715,23.88746452331543,0.9609806406264019,0.5867180616893368,5.852307319641113,3.618692008127086,7.697616100311279,2.173738718032837,29.280515670776367,0.6045247316360474,1.3351770639419556,1.1205012798309326,0.008237694390118122,20.841941833496094,0.6956564634075911,0.0044537519592450165,0.4898635745048523,0.5278553366661072,0.76754113827193,4.799306921990415,40.05780029296875,24.254037857055664
01144N.png,1.2943,0.3035302460193634,0.7837798493920399,0.8828821843965827,4.949079990386963,26.994421005249023,0.9584526818843399,0.5732561918373181,6.339711666107178,4.423978397573665,9.201565742492676,2.435925245285034,38.1893424987793,0.5390720367431641,1.4090372323989868,1.1423077583312988,0.015348169952630997,18.139434814453125,0.7330686372147074,0.002942868764864287,0.4710928201675415,0.5209216475486755,0.8058755243099441,4.743523503063461,40.75408935546875,37.108680725097656
01148N.png,1.3177,0.3605818748474121,0.7200039138103475,0.8819814010795719,5.305460453033447,28.55143928527832,0.9596690876481694,0.5436969307737481,6.594669818878174,4.284083556993963,7.872279167175293,2.5538272857666016,35.90690612792969,0.47502434253692627,1.5225574970245361,1.0869277715682983,0.017693327739834785,17.52190589904785,0.6881729129896952,0.004537612208779326,0.4751460552215576,0.41225412487983704,0.7610953951850695,4.366846277787708,37.09442138671875,31.94017791748047
01152N.png,1.3099,0.3716002106666565,0.7835316426627384,0.8831779722986243,5.083303928375244,31.45537757873535,0.9679305918420361,0.5270430951362306,6.66303825378418,4.601829773491568,9.211825370788574,2.855698347091675,42.11272048950195,0.5122587084770203,1.4664137363433838,1.0193829536437988,0.023260587826371193,16.33379364013672,0.7099233288865945,0.004269209651311045,0.4888709783554077,0.44884490966796875,0.7718201136126177,4.690087555647184,34.79852294921875,34.6577262878418
01158N.png,1.3406,0.439344584941864,0.6891687114496022,0.8827922819685339,5.620236396789551,36.828060150146484,0.951144352597202,0.5267804536672592,6.990659713745117,4.345530434920292,9.72061538696289,3.2993648052215576,41.363712310791016,0.5831581950187683,1.4446018934249878,0.9012749791145325,0.02426900342106819,16.14948081970215,0.6569833839833359,0.009658533216958491,0.48668235540390015,0.4968406558036804,0.6718718509289429,4.152554530718769,36.30389404296875,32.738590240478516
01162N.png,1.3298,0.39713340997695923,0.8052539811622617,0.8837651674789713,5.1939921379089355,37.500736236572266,0.9680309417121864,0.602461301767485,6.8173980712890625,4.836124479834503,11.557170867919922,3.339956045150757,52.062599182128906,0.4813927710056305,1.427660584449768,0.9881429672241211,0.031849898397922516,14.96891975402832,0.7303112521902065,0.004365484345579977,0.48549437522888184,0.4775531589984894,0.7830052607235777,4.694145881987246,41.22528076171875,33.77135467529297
01166N.png,1.3298,0.30841147899627686,0.6676485643598912,0.8802128682191556,4.891535758972168,27.579557418823242,0.9575373872922445,0.5730699954340233,6.088655471801758,3.6654670346347107,9.347976684570312,2.4945526123046875,30.684629440307617,0.5461440682411194,1.3932523727416992,1.0679961442947388,0.010001135990023613,19.999507904052734,0.689682363393002,0.004725870334047727,0.4803161025047302,0.4935530424118042,0.7278833595750013,4.705124747699159,42.32928466796875,30.416061401367188
01170N.png,1.2973,0.2711152136325836,0.6249350620045659,0.8832979199604658,4.748507022857666,23.19576644897461,0.9584938404214702,0.5595672017425395,5.707273006439209,3.267103263735029,7.876674175262451,2.116872787475586,28.86371421813965,0.5584962368011475,1.3673524856567383,0.9947550892829895,0.007663176394999027,21.155912399291992,0.6558008440905521,0.00594482028153431,0.47508782148361206,0.461495965719223,0.6771556218879914,4.735148578726401,38.73748779296875,25.541919708251953
01174N.png,1.9167,0.4169607162475586,0.5440451761191107,0.8800780257893462,5.5253682136535645,29.410905838012695,0.9372993787358802,0.5547638521314665,6.402303695678711,3.244606047347384,7.911272048950195,2.6519758701324463,37.53560256958008,0.553053617477417,1.4823023080825806,1.0493165254592896,0.012868600897490978,18.904687881469727,0.6539979023369636,0.006202231491244123,0.47357887029647827,0.4876369833946228,0.6770339051438977,4.05206071075714,37.80975341796875,27.383874893188477
01178N.png,1.9518,0.414182186126709,0.971034562041323,0.8853068080584108,4.630267143249512,33.80357360839844,0.981000724148912,0.5503033003057842,6.873140811920166,5.58512129686382,9.509328842163086,3.0005640983581543,57.42851257324219,0.5575670003890991,1.4050438404083252,1.0100008249282837,0.04454540088772774,13.511972427368164,0.7600190513983722,0.0039049183839054303,0.4892538785934448,0.4784244894981384,0.8620347358514227,4.578853894373569,35.79364013671875,33.849449157714844
01182N.png,1.3014,0.24885544180870056,0.721030073986925,0.8837060903323577,4.598514080047607,22.337068557739258,0.9641203243390138,0.5231788678319712,5.910601615905762,3.788707750739123,7.4143757820129395,2.029679775238037,29.43646240234375,0.5168238878250122,1.415590763092041,1.0664393901824951,0.00902304146438837,20.44647216796875,0.6888105065637068,0.002230000198684418,0.4687943756580353,0.47245344519615173,0.7483826722333065,4.720320411813827,37.04412841796875,24.505556106567383
01186N.png,1.3233,0.34471842646598816,0.8090269414837806,0.8883208904464573,4.629708766937256,23.20003318786621,0.9600495849253449,0.5411022040050147,6.336184501647949,4.4358660728008275,6.047707557678223,2.0918495655059814,28.2142391204834,0.3908485174179077,1.4111906290054321,1.1284602880477905,0.010690432041883469,19.71004867553711,0.6858853894848217,0.003912807445719042,0.4734587073326111,0.4631351828575134,0.786641205842575,4.521970977515749,37.02117919921875,27.88126564025879
01190N.png,1.3016,0.28454187512397766,0.8427266524835499,0.8818348265214122,4.3793044090271,22.61884880065918,0.9593966462325902,0.525650699428851,6.171974182128906,4.445937515543681,6.530123710632324,2.050581932067871,29.755598068237305,0.48063984513282776,1.3307690620422363,1.18341863155365,0.010711811482906342,19.701372146606445,0.6995507851595946,0.0036368644323701922,0.4691051244735718,0.4962713122367859,0.8020133505374739,4.946446697565445,36.04022216796875,25.29109001159668
01194N.png,1.3147,0.37320446968078613,0.6315363947462399,0.8813097365628948,4.876617908477783,23.59505271911621,0.9133815520836857,0.5252155304107244,6.2525105476379395,3.514236415699971,5.979728698730469,2.141472578048706,31.701650619506836,0.5005775094032288,1.5275477170944214,1.1704981327056885,0.009970569983124733,20.012800216674805,0.647225273528077,0.007912994551606186,0.46162667870521545,0.5673040151596069,0.7109214738063141,4.450675135143478,37.02850341796875,28.317373275756836
01198N.png,1.2849,0.25921258330345154,0.5575233805164038,0.8798602683798551,4.367774963378906,21.01918601989746,0.9143827901563951,0.5324935741238417,5.446494102478027,2.7358521265265114,6.644191265106201,1.9302666187286377,21.34665870666504,0.5313162207603455,1.4746084213256836,1.2401924133300781,0.004237789195030928,23.728607177734375,0.6833723250722636,0.0032013052073871454,0.44696980714797974,0.5123704075813293,0.7354772990887858,4.982821755680325,40.56561279296875,25.919559478759766
01202N.png,1.2886,0.28074464201927185,0.5192717661193562,0.8796614477071418,4.527399063110352,21.810911178588867,0.9110409273734432,0.5546009336074754,5.594362735748291,2.62798219917174,6.494340419769287,2.0228378772735596,21.653230667114258,0.5596414804458618,1.4995769262313843,1.196613073348999,0.004279877059161663,23.685688018798828,0.6616584686218613,0.0037332964105971068,0.45417001843452454,0.5224266052246094,0.717799928712437,4.4424287799588065,37.37811279296875,26.573759078979492
01206N.png,1.2907,0.2692045569419861,0.7122431878589596,0.882418826240408,4.255460739135742,22.046585083007812,0.9549164018356123,0.575037413519244,5.614762306213379,3.5150122841855467,8.007030487060547,2.02207088470459,27.572364807128906,0.5455999970436096,1.3304792642593384,1.1739577054977417,0.0069456989876925945,21.582841873168945,0.7081292250059428,0.00106619907431369,0.46971362829208374,0.5059113502502441,0.7602667163448728,4.844793421086008,37.73260498046875,25.02554702758789
01210N.png,1.296,0.296350359916687,0.7353727979173214,0.8847900834283293,4.319005489349365,27.820554733276367,0.9563612087727177,0.585870470757656,5.789928436279297,3.7169307379866243,10.16650390625,2.553256034851074,38.67917251586914,0.5516615509986877,1.37831711769104,1.169057846069336,0.013146593235433102,18.81186866760254,0.7524347037522318,0.0011979398645908077,0.4756091833114624,0.5222327709197998,0.7941490898025094,4.703100929299896,35.61053466796875,27.176862716674805
01214N.png,1.3117,0.28874263167381287,0.5310823301026771,0.8848595917068921,4.942300796508789,29.364824295043945,0.9272917785294268,0.5599737007390023,5.881584167480469,2.874197087543674,9.999733924865723,2.683825731277466,40.05525207519531,0.631321370601654,1.429828405380249,1.1276373863220215,0.012539897114038467,19.017061233520508,0.7051664414919802,0.005828752831226,0.47095373272895813,0.5417034029960632,0.6968612559120265,4.132193879609053,34.93572998046875,29.157550811767578
01218N.png,1.3128,0.28009462356567383,0.6527546487990787,0.8827808069715868,4.227552890777588,15.941500663757324,0.9501767438465601,0.5613838511968606,5.279450416564941,3.10288192281931,5.3660993576049805,1.4840916395187378,18.139535903930664,0.5795056819915771,1.355177879333496,1.1253385543823242,0.0028697368688881397,25.421579360961914,0.6246268401551872,0.00251261841141163,0.48704656958580017,0.5145926475524902,0.715116557445603,4.902793360263147,38.83367919921875,22.292621612548828
01222N.png,1.3274,0.39205995202064514,0.6634998635667814,0.8821187167486952,4.564826011657715,15.491567611694336,0.9387921306274273,0.5363988764545655,5.605694770812988,3.3740767366853763,3.658735752105713,1.4358232021331787,15.47040843963623,0.43979835510253906,1.4060280323028564,1.1345891952514648,0.0027638643514364958,25.5848331451416,0.5971308552285279,0.004068744070560192,0.4693157374858856,0.49395233392715454,0.6860191634074346,4.469437227670918,38.85369873046875,18.617101669311523
01226N.png,1.3153,0.2883741855621338,0.8801102149677166,0.8828515142423058,4.183412551879883,22.03812599182129,0.9742331669807289,0.6332623495532146,5.949150562286377,4.458902674996279,6.509502410888672,1.9881724119186401,27.413267135620117,0.5836541652679443,1.346791386604309,1.0934224128723145,0.00786070991307497,21.04538345336914,0.7113202626422701,0.004781508380180319,0.4962214529514313,0.5286527276039124,0.8383427986663574,4.950011182958304,42.02947998046875,29.470966339111328
01230N.png,1.348,0.36370766162872314,0.9835243839770202,0.8848360655648289,4.13717794418335,24.754348754882812,0.9793755022288374,0.5693423978631805,6.578619003295898,5.269641806083378,7.269333839416504,2.1805551052093506,40.859161376953125,0.47031494975090027,1.389251708984375,1.0928434133529663,0.02373860590159893,16.24544906616211,0.727421045082676,0.004308862719738479,0.5017340779304504,0.5212771892547607,0.8455683461652331,4.896383073251717,40.95281982421875,29.766298294067383
01234N.png,1.2925,0.27855098247528076,0.8882227872148288,0.8821723368631172,4.336916923522949,22.385427474975586,0.9760656415268208,0.607342321057224,6.137959003448486,4.652028143558776,7.003344535827637,2.020221710205078,28.911727905273438,0.5586462020874023,1.3521159887313843,1.128309965133667,0.009737197309732437,20.11566162109375,0.724405071251012,0.004243026731681561,0.49021846055984497,0.5227330923080444,0.8263211487771505,5.189208723045445,41.26483154296875,31.446670532226562
01238N.png,1.3059,0.26000043749809265,0.7607250930561439,0.8857439411696435,4.518678665161133,16.453275680541992,0.9573105140407399,0.5693611716803685,5.42165470123291,3.780944848249506,5.849380016326904,1.4924620389938354,23.63780975341797,0.6267719864845276,1.3468905687332153,1.1246508359909058,0.004642877262085676,23.332128524780273,0.6585297184355827,0.004586720881043323,0.4655243456363678,0.5296611189842224,0.7101795523913885,5.465013012468651,41.95672607421875,23.078689575195312
01242N.png,1.2906,0.2672763764858246,0.7964943319078879,0.8830489067076475,4.207126617431641,18.497533798217773,0.9625793057109086,0.5056758433977516,5.896897792816162,4.0239133970441685,6.483682632446289,1.6476044654846191,33.60849380493164,0.5684410929679871,1.3254156112670898,1.156022071838379,0.011695127934217453,19.3199520111084,0.6669641713291536,0.006069959288953551,0.47188815474510193,0.5203746557235718,0.7591255254669033,5.032810097402415,38.37274169921875,24.802024841308594
01246N.png,1.3137,0.25801342725753784,0.6956727415454835,0.8923971544263009,4.489779472351074,21.76905059814453,0.9520788501289872,0.5696429880510382,5.446437835693359,3.4561907029220356,7.263068675994873,2.0004308223724365,24.67818832397461,0.6796616911888123,1.3773283958435059,1.108144760131836,0.004554852843284607,23.41525650024414,0.6881589727354641,0.003957554922524634,0.476139634847641,0.516076385974884,0.7509212576337326,4.717469258590901,39.49725341796875,29.183753967285156
01250N.png,1.3338,0.34948456287384033,0.8147456740527356,0.8808174408260113,4.793797969818115,23.999073028564453,0.960625127323652,0.5360642086272281,6.427420616149902,4.571234615492401,7.276801586151123,2.1405110359191895,35.43171691894531,0.5482283234596252,1.4262518882751465,1.1446325778961182,0.015352084301412106,18.138328552246094,0.6935026042195153,0.005203643582353958,0.46719515323638916,0.5115810632705688,0.7620909143258181,4.857611946432868,39.50897216796875,24.159622192382812
01254N.png,1.3252,0.23845645785331726,0.6028230007148041,0.8864446836094289,4.607138633728027,21.80299186706543,0.9394734887838354,0.5682126458845056,5.514425277709961,3.0507669552472834,7.592350006103516,1.9940674304962158,30.541004180908203,0.6658613085746765,1.376815915107727,1.1727864742279053,0.007143071852624416,21.461151123046875,0.6797703308502695,0.004176997822673211,0.46270668506622314,0.5378737449645996,0.7154382349551655,4.546088281689139,39.67059326171875,30.958457946777344
01258N.png,1.2911,0.24029800295829773,0.6124824792194673,0.8863586267783135,4.608325004577637,21.10158920288086,0.947783692929075,0.5777331556291239,5.571749687194824,3.117569956073112,7.144307613372803,1.9383567571640015,28.357492446899414,0.6688374280929565,1.3863552808761597,1.156429409980774,0.006372326053678989,21.957019805908203,0.6714807623024632,0.0061449248965883265,0.4778350293636322,0.5538448095321655,0.7129958446667577,4.1891049180587165,36.70574951171875,26.52950668334961
01262N.png,1.3236,0.26318249106407166,0.533748909559959,0.8801429249655766,5.0285749435424805,25.359750747680664,0.9405844146220078,0.5834831884765802,5.910402774810791,2.919343341164014,7.650947570800781,2.314350128173828,26.457477569580078,0.6813139915466309,1.4863555431365967,1.0619457960128784,0.005925374571233988,22.272842407226562,0.6498515039600226,0.010072822097081147,0.4785881042480469,0.5478253364562988,0.6676396476780396,4.040223239557449,38.27459716796875,30.60361099243164
01266N.png,1.3116,0.29413115978240967,0.6206950853183996,0.8860365865436072,4.853431701660156,23.723148345947266,0.9512584825225717,0.5852867834944865,5.891972064971924,3.334821411937199,8.085415840148926,2.1676647663116455,27.262290954589844,0.6338467001914978,1.3809423446655273,1.1283823251724243,0.00651908153668046,21.858137130737305,0.6714215311160516,0.004847969104681234,0.485599547624588,0.5517812967300415,0.708758210910466,4.143264587413332,35.72967529296875,30.145854949951172
01270N.png,1.3013,0.3055371046066284,0.5704302226553956,0.8873004202091906,4.798769950866699,20.7031192779541,0.9349867095231814,0.5549871664262531,5.902508735656738,3.0521765139935457,6.989421844482422,1.915422797203064,28.41905975341797,0.6414658427238464,1.375823974609375,1.0788440704345703,0.006591722369194031,21.810012817382812,0.6207497816063353,0.007222586005940005,0.4800875782966614,0.5881127119064331,0.6500268616863565,4.100527686955216,32.16766357421875,30.397581100463867
01274N.png,1.3565,0.2562732994556427,0.5124483987026743,0.888824747384503,4.8916401863098145,27.91586685180664,0.9281566653267859,0.581471548142219,5.742102146148682,2.72463164638261,8.861591339111328,2.5634610652923584,29.72197723388672,0.6920236349105835,1.4026234149932861,1.112981915473938,0.006324938032776117,21.989437103271484,0.6874532669394803,0.00590817210763527,0.4654223918914795,0.5422194600105286,0.6982971406239885,3.9077407687524,35.16766357421875,31.880630493164062
01278N.png,1.2968,0.3500182032585144,0.4813165045897775,0.8828245840334521,5.561769485473633,33.948524475097656,0.9243783699123761,0.5418440026418421,6.52393913269043,2.9085345596767365,9.736227035522461,3.128192186355591,37.389503479003906,0.6468446850776672,1.4679436683654785,0.9984151124954224,0.012124016880989075,19.163536071777344,0.6547370508858705,0.011171624140395079,0.47151654958724976,0.5389623641967773,0.6540905196560368,3.229085770372245,25.53387451171875,30.256406784057617
01282N.png,1.332,0.32660338282585144,0.7004011422085575,0.8851103724098494,4.934696197509766,29.670238494873047,0.9576730725402347,0.5451687042491561,6.530407428741455,4.015098765214139,8.78900146484375,2.6457364559173584,35.47671127319336,0.6332798004150391,1.4081610441207886,1.004000186920166,0.01308757159858942,18.831409454345703,0.6723952511559919,0.009218984733912573,0.478912889957428,0.5051519274711609,0.6952600912431044,3.9463740835776533,35.32049560546875,40.07304382324219
01286N.png,1.3282,0.39535534381866455,0.7638256815598415,0.8833684090258757,4.878864765167236,29.206920623779297,0.9620648519150878,0.5196058374811348,6.78767204284668,4.455614108489552,8.860823631286621,2.5974903106689453,41.659019470214844,0.5504941344261169,1.3787529468536377,1.0225011110305786,0.02270408160984516,16.438961029052734,0.6631524525458502,0.007935728487021359,0.47750017046928406,0.5178313255310059,0.7155990669664537,3.657189408217068,32.83026123046875,36.45756530761719
01290N.png,1.3106,0.32148468494415283,0.7417446296710211,0.8833648319578031,4.7823567390441895,30.937576293945312,0.9656393602502562,0.5521302358705882,6.490564823150635,4.1808283405794775,9.020539283752441,2.7918760776519775,38.87784194946289,0.6289049386978149,1.4129219055175781,1.0432310104370117,0.015781940892338753,18.018396377563477,0.6919537179228947,0.00823332908953809,0.48656371235847473,0.5156915187835693,0.7445972905321353,4.279638071709506,36.76873779296875,35.52729797363281
01294N.png,1.3239,0.3831586241722107,0.6374200374540628,0.8816156182206906,4.970152378082275,28.425508499145508,0.9465684093204422,0.49828711646036766,6.7960309982299805,3.7500122745452202,8.372550010681152,2.5129451751708984,42.73324203491211,0.5252165198326111,1.4277509450912476,0.9800965189933777,0.023254266008734703,16.33497428894043,0.6262177624595022,0.010571365028634677,0.46971920132637024,0.5345929861068726,0.6351403419154521,3.854098617979539,33.57684326171875,28.381847381591797
01298N.png,1.3023,0.2809987962245941,0.6150615151984571,0.8799333526440565,4.627621650695801,22.398658752441406,0.9432812476347996,0.5473624366677329,5.758347034454346,3.194016397658485,8.128955841064453,2.046511173248291,26.625633239746094,0.5591171383857727,1.3889479637145996,1.058131217956543,0.006631531752645969,21.783863067626953,0.6441264548137897,0.00892152435338034,0.4800485372543335,0.5269594192504883,0.6557011507453924,4.08655139956998,35.08709716796875,21.048908233642578
01302N.png,1.3502,0.30582696199417114,0.567332334154718,0.8781820456943435,4.888951778411865,28.23766326904297,0.9275281528540835,0.5360139115152264,6.229159355163574,3.153842267292852,8.889583587646484,2.619762420654297,30.525161743164062,0.6176074743270874,1.5045015811920166,1.0861434936523438,0.008808508515357971,20.550975799560547,0.6590455126486924,0.012154636552484646,0.47831612825393677,0.5241333246231079,0.6836837687129583,3.644403490443118,32.78729248046875,29.625883102416992
01306N.png,1.2941,0.3075576722621918,0.7282400798583909,0.8832305127997412,4.634809970855713,23.048049926757812,0.9527303792837944,0.5729653045488389,6.128074645996094,3.9189952394670495,7.3540239334106445,2.0953707695007324,33.60913848876953,0.5606648921966553,1.3638229370117188,1.092032551765442,0.010705685243010521,19.703857421875,0.6679834113964653,0.005320287746370856,0.48825129866600037,0.5260124206542969,0.7517126835321095,4.668677091549079,37.58709716796875,29.194316864013672
01310N.png,1.2869,0.3433978259563446,0.5609282215188943,0.8940713863674635,4.8598480224609375,22.641633987426758,0.9381881640076057,0.561285840317485,5.853254318237305,3.004650901972921,7.363122940063477,2.075228214263916,32.79726028442383,0.7051951885223389,1.4036729335784912,1.0184446573257446,0.007522412110120058,21.23642921447754,0.624011428206004,0.007690905560461633,0.48570185899734497,0.5394676327705383,0.64782841282371,4.350247623184457,35.59246826171875,33.99303436279297
01315N.png,1.3423,0.2874388098716736,0.7392175048333466,0.8855727550943843,4.455439567565918,25.102140426635742,0.9594870704989759,0.5847314442623353,6.1121320724487305,3.905880654985216,8.303315162658691,2.2703487873077393,39.79130935668945,0.6218461394309998,1.3517930507659912,1.024114727973938,0.014446953311562538,18.402236938476562,0.6770202987647932,0.007800001927346553,0.4979453682899475,0.5248813629150391,0.7183147081569916,4.405506276803377,32.58270263671875,27.771841049194336
01319N.png,1.2979,0.30791935324668884,0.8647699077222835,0.8895597631346932,4.349457263946533,18.99881935119629,0.9714165000077445,0.5821460908922617,6.372532367706299,4.636043201674619,5.533618927001953,1.7239254713058472,38.45006561279297,0.6256904602050781,1.4199031591415405,1.1234278678894043,0.015048190951347351,18.225156784057617,0.6610979998741684,0.0023455637906775757,0.4999696612358093,0.5269843935966492,0.793271027103507,4.865392730431361,37.98455810546875,23.19706153869629
01323N.png,1.2935,0.3745015859603882,0.5720864280250444,0.8910726786306775,5.619507789611816,29.31304359436035,0.9310322479174883,0.558616294862733,6.588993072509766,3.492169330947698,8.4124174118042,2.6689724922180176,41.943511962890625,0.6985837817192078,1.4202700853347778,0.9599769115447998,0.013534513302147388,18.685575485229492,0.6262651981446048,0.01276161862484366,0.4882572293281555,0.5818608999252319,0.6085417887718154,4.001678113373011,34.28485107421875,26.354074478149414
01327N.png,1.3038,0.3956683278083801,0.4522616876101902,0.8829180454291061,5.706436634063721,33.91688919067383,0.9372857164222756,0.5904847638422926,6.315671920776367,2.718577806979951,8.71189022064209,3.1075997352600098,32.73500442504883,0.6555653214454651,1.483168125152588,0.9488739371299744,0.008637288585305214,20.636226654052734,0.6341747194750723,0.01198281483041794,0.5072950124740601,0.5528579950332642,0.6160783058993552,3.8197922191419678,36.76922607421875,29.089683532714844
01331N.png,1.3012,0.39612728357315063,0.8731039485898036,0.8880740180682619,4.674787521362305,25.502735137939453,0.972174773464749,0.5472340534447274,6.764678955078125,4.993937699582943,7.339773178100586,2.2615747451782227,42.32577133178711,0.6145707368850708,1.3985671997070312,1.066283941268921,0.021970601752400398,16.581581115722656,0.6828194853740747,0.003998318523680778,0.49347710609436035,0.5335009098052979,0.7707576298721548,5.0602893294519005,42.36297607421875,38.61375427246094
01335N.png,1.29,0.3344596028327942,0.6733728754047255,0.8820195976640901,4.9943084716796875,32.65513229370117,0.9564856866273416,0.6277644975836375,6.1658430099487305,3.757483844650139,9.239763259887695,2.9660229682922363,28.81424903869629,0.5848935842514038,1.4171907901763916,1.045606017112732,0.008455476723611355,20.728618621826172,0.6986375121700235,0.0047616633565686775,0.49746885895729065,0.522161066532135,0.7664397936647109,3.900766303518655,39.15008544921875,33.09834671020508
01340N.png,1.3121,0.3065769672393799,0.6681976452301983,0.8808736872439717,4.829078197479248,30.787458419799805,0.9570603252891234,0.5888139151991942,6.056093215942383,3.6367351977700793,9.445658683776855,2.791107654571533,27.74217414855957,0.5574212670326233,1.4354934692382812,1.1001594066619873,0.0077887289226055145,21.085336685180664,0.7053794291512434,0.006176077444344163,0.49641066789627075,0.5093232989311218,0.7655782178748103,3.7216816068204412,36.92791748046875,30.670276641845703
01344N.png,1.2948,0.30409565567970276,0.7573017693940781,0.8825173301421831,4.706915855407715,27.319499969482422,0.9670224369248422,0.5925596764186604,6.175562381744385,4.120673943932976,9.149785041809082,2.4551615715026855,32.0644416809082,0.5314452052116394,1.3535754680633545,1.065756916999817,0.010908250696957111,19.622447967529297,0.7029789410154023,0.004575037170230406,0.4925076961517334,0.5033773183822632,0.7781318962541643,3.8063583164652184,39.12664794921875,34.114105224609375
01348N.png,1.3324,0.3209306299686432,0.7312759165300702,0.8842722147218712,4.829206466674805,32.614662170410156,0.9634073394205991,0.6046718913162219,6.37387752532959,4.096286008109752,10.202152252197266,2.9465842247009277,38.32371520996094,0.6314826011657715,1.3650245666503906,1.0859657526016235,0.014318297617137432,18.441085815429688,0.7071574542452553,0.00658379798668737,0.4960708022117615,0.5327523946762085,0.7742446515610012,4.095495517326412,39.93377685546875,37.5712890625
01352N.png,1.2778,0.32464340329170227,0.6245484401405673,0.8802204707752624,4.943979740142822,35.57522201538086,0.9436505149574212,0.5784818417469055,6.435176372528076,3.5534283067459995,10.240306854248047,3.225022077560425,43.58323669433594,0.5872260332107544,1.390909194946289,1.1105681657791138,0.018521610647439957,17.323213577270508,0.6962905016867887,0.005833852755548833,0.4840608537197113,0.4946897327899933,0.7559804311979892,4.226221586134213,34.04217529296875,31.78806495666504
01356N.png,1.2786,0.26105475425720215,0.5891373687909751,0.8811331806021914,4.487275123596191,27.03789710998535,0.9428411282723883,0.5815726244482282,5.6927490234375,2.9987272573390342,9.456184387207031,2.474626302719116,32.057533264160156,0.6458326578140259,1.4183425903320312,1.188004493713379,0.00860880222171545,20.65057373046875,0.6997613925658628,0.006549177125284404,0.47552746534347534,0.5253121852874756,0.7580208648544658,4.077087150579128,37.38739013671875,33.54374313354492
01360N.png,1.3094,0.22435680031776428,0.4747705210080211,0.8835476608975383,4.522247791290283,20.467960357666016,0.9359046214923441,0.5687433769485528,5.084638595581055,2.280541780110119,7.477365970611572,1.9017733335494995,20.557331085205078,0.6874399185180664,1.4104039669036865,1.0991723537445068,0.003134238999336958,25.038679122924805,0.647254754238956,0.006809730971490378,0.4783172011375427,0.5592678189277649,0.6659520594695187,4.473375727221891,35.17938232421875,26.531354904174805
01364N.png,1.3375,0.29629191756248474,0.49525322114110404,0.8776697722972943,4.971282958984375,24.288454055786133,0.9215912203760639,0.519354184888267,5.825207710266113,2.673507190978695,7.078332901000977,2.2455451488494873,24.819128036499023,0.5917993187904358,1.4998540878295898,1.1314849853515625,0.005894303321838379,22.29567527770996,0.6553268559354983,0.006890334938516845,0.4533098340034485,0.5154639482498169,0.7045352297656338,3.5720119061280045,27.96258544921875,28.902904510498047
01368N.png,1.2894,0.3174315094947815,0.6253360427230793,0.8775172277441321,5.053670406341553,24.036409378051758,0.9241585272162453,0.4901971180123126,6.303469657897949,3.5510257258810967,6.715885162353516,2.183870792388916,28.049779891967773,0.5061075687408447,1.5343596935272217,1.1294503211975098,0.009790251031517982,20.092060089111328,0.6348720702858135,0.008990937988300337,0.4478163421154022,0.5464186668395996,0.6918209709067257,3.782279824841366,30.95184326171875,26.721820831298828
01372N.png,1.3498,0.2931346297264099,0.5404394322239996,0.882863451414273,4.5740509033203125,19.59474754333496,0.9252687100352882,0.5579657986458514,5.451930522918701,2.70922777071333,6.508854866027832,1.803378701210022,29.865440368652344,0.49394285678863525,1.391183614730835,1.1896461248397827,0.007912686094641685,21.016759872436523,0.6538790912765821,0.00393477041127044,0.45990461111068726,0.514166533946991,0.720436711912767,4.2026803116033955,31.15155029296875,23.94384002685547
01376N.png,1.4159,0.34541264176368713,0.531191933321537,0.8725070565488152,5.190728187561035,29.633464813232422,0.9155521258450809,0.5114349933799524,6.468493938446045,3.0966522495544986,8.404609680175781,2.738098382949829,31.14535140991211,0.5894562005996704,1.5550689697265625,1.0410953760147095,0.010611459612846375,19.74224853515625,0.6633450128921757,0.013769457352316961,0.45807433128356934,0.5293033719062805,0.6887627482629238,3.832023268365463,32.72821044921875,36.67384338378906
01380D.png,1.4216,0.6426346898078918,0.8388939796695889,0.8812216501993138,5.782913684844971,69.35708618164062,0.9789929520887802,0.6046330847825455,7.29576301574707,5.485826649773955,18.643251419067383,6.318845272064209,56.205352783203125,0.5752366781234741,1.4505505561828613,0.9341080188751221,0.06264493614435196,12.031140327453613,0.776398027681477,0.007580524151850561,0.4754348397254944,0.4666939675807953,0.8057264755479396,3.271700897288843,36.11199951171875,48.069923400878906
01384D.png,1.4231,0.7454376220703125,0.8900934539082506,0.8870221577467075,5.704666614532471,72.37020874023438,0.9782410125424091,0.6078594694083101,7.444059371948242,5.85181369808627,19.887685775756836,6.596665382385254,64.93722534179688,0.6163678765296936,1.3695685863494873,0.9559940099716187,0.0867413580417633,10.617737770080566,0.7901631962463385,0.007506638405831691,0.4925392270088196,0.4794454276561737,0.8339022737322966,3.47270437174462,32.41473388671875,45.628013610839844
01388D.png,1.4187,0.6387930512428284,0.8985673495305359,0.8856128442924565,5.581275463104248,70.4378890991211,0.9820811500645746,0.6287388498944088,7.4785661697387695,5.8675900534307,19.292030334472656,6.371286392211914,54.34999084472656,0.5843339562416077,1.4787523746490479,0.9722130298614502,0.06648784130811691,11.772577285766602,0.7854741623669773,0.007106166047899248,0.4814930856227875,0.4951930344104767,0.8532331836472985,3.496229873563377,31.62567138671875,43.70781707763672
01392D.png,1.6676,0.6917807459831238,0.9981406398952328,0.8844808715672605,5.197180271148682,59.5732421875,0.9906213474896607,0.6078251765292128,7.294117450714111,6.234053698445964,15.343605995178223,5.293822765350342,51.121665954589844,0.5078254342079163,1.4172816276550293,0.9973235130310059,0.08457455784082413,10.727603912353516,0.7927948072513777,0.006331417106185227,0.47328314185142517,0.490177184343338,0.8952852546273576,3.656439248932395,37.45330810546875,45.42277526855469
01396D.png,1.6968,0.5642397999763489,0.9371290594682707,0.8840185004734958,5.242143630981445,52.5693473815918,0.983798903777165,0.6321593122687764,7.401450157165527,5.924356270850344,14.001623153686523,4.6958417892456055,63.23649978637695,0.5867311954498291,1.3895118236541748,1.0346977710723877,0.06314793974161148,11.996408462524414,0.7848990269179227,0.004321574429964907,0.4687843322753906,0.46784886717796326,0.8632798903541394,4.420880196831813,35.53924560546875,43.44745635986328
01401D.png,1.9508,0.5632275342941284,0.9421733514273316,0.8843498035283356,5.355222225189209,66.50816345214844,0.989891612729175,0.6771480347942536,7.337491035461426,5.979385271942757,16.869068145751953,6.038600921630859,50.690032958984375,0.5291284322738647,1.4378278255462646,0.9709566235542297,0.04910246655344963,13.088968276977539,0.7901400037724671,0.003940008054041001,0.4797697365283966,0.4927058219909668,0.890551948380691,4.233822438388468,40.87518310546875,54.0179328918457
01405D.png,1.9681,0.5300962328910828,0.7214623580542245,0.8812460059076175,5.920679092407227,46.90934371948242,0.9690036589731823,0.5871713243852013,6.764906406402588,4.576099693576497,14.706624984741211,4.1292009353637695,62.80156707763672,0.5824804306030273,1.4184205532073975,0.9609754085540771,0.04540602117776871,13.428865432739258,0.7039945676127773,0.009982212465370595,0.44499099254608154,0.4875209629535675,0.7496252094262014,4.288922941554926,36.42498779296875,53.81306457519531
01409D.png,1.4676,0.4003227949142456,0.7319862164197062,0.8809978584529363,5.475677013397217,35.60612487792969,0.975731731006812,0.5514574079471061,6.334736347198486,4.322543597450151,10.943156242370605,3.1529879570007324,31.76521873474121,0.5723167061805725,1.406924843788147,1.0115307569503784,0.015218223445117474,18.176361083984375,0.7234040236383108,0.0038368757788896746,0.41331005096435547,0.4262695014476776,0.7926585054757266,4.065337166406712,40.30828857421875,44.86199951171875
01413D.png,1.3781,0.5865217447280884,0.9681817669877744,0.8898430189842863,5.2540717124938965,56.082462310791016,0.9922167694531793,0.5670066305303025,7.2277727127075195,6.04236490440757,15.004374504089355,5.013574123382568,42.99338150024414,0.3734217882156372,1.3691455125808716,0.9902635216712952,0.0652022510766983,11.857375144958496,0.780727306194315,0.004848022426264408,0.47867900133132935,0.4916746914386749,0.8809322553317859,3.784061690625565,26.70428466796875,46.977394104003906
01417D.png,1.3738,0.68256014585495,0.881758854817083,0.8892322138232642,5.759186267852783,59.08776092529297,0.9848515683081307,0.5652608459150903,7.392309188842773,5.798239292385164,14.738520622253418,5.265925884246826,48.270389556884766,0.3862120509147644,1.4993362426757812,0.968256413936615,0.08314292877912521,10.801746368408203,0.7484144573122908,0.005279379883306827,0.4457138478755951,0.4781576991081238,0.8317744471881626,3.6823852712819924,32.24237060546875,50.50932312011719
01423D.png,1.3689,0.6747517585754395,0.8603337529420434,0.8845617977928217,5.456676959991455,48.133270263671875,0.9742443546708188,0.5676778708524597,7.393699645996094,5.527821853767238,12.885571479797363,4.1842498779296875,54.04929733276367,0.47631973028182983,1.4635369777679443,0.9920815229415894,0.09293543547391891,10.318185806274414,0.7328171544547314,0.00574952981029971,0.45882654190063477,0.47634315490722656,0.8265653946815228,4.6880116385876756,40.26043701171875,46.38139343261719
01427D.png,1.3628,0.6868776679039001,0.9098105732749672,0.8837483793566343,5.645487308502197,58.36503982543945,0.985744227734305,0.5611820803647175,7.353570938110352,5.9133566988256305,15.543291091918945,5.165393829345703,47.70741653442383,0.5332331657409668,1.4005478620529175,0.989831805229187,0.08659332990646362,10.62515640258789,0.7734122129121671,0.005369207737854475,0.4857059717178345,0.5207088589668274,0.84204951003469,3.618218732019731,31.85272216796875,49.26819610595703
01431D.png,1.3882,0.6006886959075928,0.8343710493039551,0.8812197106842875,5.867570877075195,54.41774368286133,0.9782742997947621,0.6113855911515484,7.434096336364746,5.549278356335016,14.769651412963867,4.801466464996338,49.83267593383789,0.5585001707077026,1.4573886394500732,0.9903746843338013,0.05186044052243233,12.851637840270996,0.7589347989963944,0.00478557416390373,0.47910600900650024,0.500335693359375,0.8113924955459794,3.8679083938769265,37.08026123046875,60.137359619140625
01435D.png,1.3663,0.5640438199043274,0.7065280708512962,0.8887779664751351,5.8200364112854,47.96797180175781,0.9564599483831213,0.6023681382241567,7.28067684173584,4.628023861481745,13.004051208496094,4.248846054077148,53.526912689208984,0.636638343334198,1.4832921028137207,1.0003445148468018,0.04171974956989288,13.79658317565918,0.7023097961170514,0.007673242397174015,0.4965101480484009,0.583307683467865,0.7070322620792944,3.7716782843544325,34.25018310546875,43.377410888671875
01441D.png,1.3745,0.6797873973846436,0.9321310338408905,0.8813138395305466,5.078653335571289,63.436798095703125,0.9893286440061252,0.6155132682505757,7.214905738830566,5.729620139990656,16.122474670410156,5.678407669067383,47.044376373291016,0.5234538912773132,1.447352409362793,0.9677523374557495,0.08862514048814774,10.524430274963379,0.7819711320549343,0.00958921980920245,0.488493949174881,0.49597182869911194,0.8552049782254451,3.6538846183555993,35.57684326171875,46.582523345947266
01445D.png,1.3682,0.6427046060562134,1.0489042105444375,0.8862805195170036,4.684877395629883,56.59281539916992,0.9928578334256323,0.647477548709924,7.3482465744018555,6.3108157063395875,14.242815971374512,5.045181751251221,49.190093994140625,0.43748223781585693,1.49505615234375,1.0310463905334473,0.08902445435523987,10.504907608032227,0.8389179824744022,0.0031641633404908428,0.4918217360973358,0.49486488103866577,0.9119983081598991,3.6078989488580326,33.71307373046875,41.23783874511719
01449D.png,1.4162,0.6231374144554138,1.0281050148684217,0.8851568053500635,4.561958312988281,81.08538055419922,0.9924720006403376,0.7416034960181632,7.495441436767578,6.198155211603716,19.166763305664062,7.419505596160889,50.31620407104492,0.4687860608100891,1.5298811197280884,1.0179493427276611,0.07963437587022781,10.988994598388672,0.8711688204295733,0.0024936688752161267,0.4959295988082886,0.49621137976646423,0.9190953834356357,3.524866884392538,37.38983154296875,42.348167419433594
01453D.png,1.4198,0.6118111610412598,0.9511614936753036,0.8853876714260677,5.353844165802002,78.68294525146484,0.989851846112021,0.6670025404719597,7.624110221862793,6.17208259252266,19.655420303344727,7.254952907562256,55.31090545654297,0.5514602065086365,1.51448392868042,1.0080983638763428,0.07147879898548126,11.458227157592773,0.8088107496249967,0.005051787356158996,0.4976208209991455,0.4932943284511566,0.8974728745573123,3.298491769727261,33.81170654296875,45.87613296508789
01458D.png,1.3992,0.6560447216033936,0.9816734465702297,0.8849664270219956,5.162569046020508,95.00850677490234,0.9929657530262637,0.6832657290615294,7.734856128692627,6.33054731896908,21.906696319580078,8.75973129272461,58.05183410644531,0.47287818789482117,1.4450204372406006,0.987574577331543,0.10203246772289276,9.912615776062012,0.8423941097283363,0.004374576590735216,0.49436527490615845,0.49678507447242737,0.9217229241230309,3.3903028755262454,34.12274169921875,44.08876419067383
01462D.png,1.4291,0.4710407555103302,0.8564404293195099,0.8803632692854242,5.051357746124268,44.52756118774414,0.9761294961796023,0.5907711440503608,6.9234113693237305,5.127853616962934,12.564401626586914,4.0199360847473145,47.392459869384766,0.5721622109413147,1.4330822229385376,0.9973321557044983,0.040041666477918625,13.974878311157227,0.7487871985142046,0.007760841964403148,0.4959467947483063,0.526481032371521,0.8066234174041724,4.408441347442661,38.42742919921875,45.790283203125
01466D.png,1.4091,0.6057806611061096,0.9362404511511273,0.8838288406975836,5.461493492126465,62.672306060791016,0.9823028528263581,0.6070173056562558,7.605406761169434,6.116897728188983,16.885913848876953,5.68223237991333,58.924190521240234,0.5327326059341431,1.4274804592132568,0.9630669951438904,0.07541973888874054,11.225149154663086,0.7902628979149089,0.006489087007022776,0.48933714628219604,0.48099201917648315,0.8494426517223177,3.7131428720391746,34.53485107421875,42.47804260253906
01470D.png,1.3919,0.5815747380256653,0.9954169136666194,0.8851380872893004,5.132286548614502,65.28548431396484,0.9901595110206277,0.6244347341268209,7.602728843688965,6.338342816883724,16.08486557006836,5.9783735275268555,55.49658966064453,0.4744613766670227,1.558936357498169,0.9868206977844238,0.07354362308979034,11.334550857543945,0.7981625784950825,0.005196683427690906,0.49759984016418457,0.4911554455757141,0.9045161656652003,3.1848878412070634,34.89373779296875,47.45663070678711
01474D.png,1.3886,0.631995439529419,1.0012506782608952,0.8905089078329147,5.176597595214844,49.774837493896484,0.9893245978599019,0.49979867576879144,7.2896037101745605,6.240914392193883,13.537145614624023,4.355856895446777,46.734619140625,0.3705958127975464,1.422964334487915,0.9735656380653381,0.08917443454265594,10.497597694396973,0.7645047720205616,0.005528572575644266,0.47513923048973083,0.49231526255607605,0.868851331216632,3.6699744893539696,36.00115966796875,44.93416976928711
01478D.png,1.3935,0.6708012819290161,0.992941658737252,0.8856716384922162,5.194374084472656,56.3050537109375,0.9900041971257298,0.5068765511885499,7.545302391052246,6.324896125724539,15.001506805419922,4.952247142791748,52.06296920776367,0.421667218208313,1.3694031238555908,0.9691087007522583,0.10831089317798615,9.653278350830078,0.7682437393704956,0.007443653314316371,0.48399969935417175,0.48949310183525085,0.8620622044014371,3.7820247380379985,35.78436279296875,49.494651794433594
01482D.png,1.3837,0.6365763545036316,0.9433463930377417,0.8835285970851052,5.36348295211792,67.76040649414062,0.9886522953127808,0.5672567552839642,7.601670742034912,6.115332943289705,16.95057487487793,6.056741714477539,50.29753875732422,0.45583924651145935,1.4568116664886475,0.952742874622345,0.08711282163858414,10.5991792678833,0.7899054273652144,0.0066393754278691935,0.4879651963710785,0.4866032898426056,0.8696625153756009,3.733400929231656,37.57684326171875,44.45627975463867
01486D.png,1.3896,0.6482389569282532,0.880939103076524,0.8841463035424364,5.205753803253174,60.07422637939453,0.9874147752797945,0.5401083630948454,6.916624069213867,5.339554241212728,14.173150062561035,5.302582263946533,34.01769256591797,0.39135345816612244,1.540648102760315,0.9688684344291687,0.08620601892471313,10.644625663757324,0.778226612703895,0.006640584010317102,0.48795652389526367,0.47923508286476135,0.8471480612418391,4.382624152985764,38.81414794921875,50.387306213378906
01493D.png,1.3837,0.5816403031349182,1.016998288756579,0.8894381812788417,4.754592418670654,51.49549102783203,0.9920526665741125,0.5663679007306407,7.323784828186035,6.141862421242415,12.06238842010498,4.570830345153809,47.66188049316406,0.38715213537216187,1.3871288299560547,1.0389600992202759,0.07872297614812851,11.038985252380371,0.7822303074778486,0.0038509195577248433,0.4975554943084717,0.511803388595581,0.9071018436826644,4.175199797387824,36.90008544921875,46.32158660888672
01498D.png,1.4033,0.5038160085678101,0.9691890189425915,0.8844826771819454,4.994093894958496,56.11595153808594,0.9872173249363038,0.6502177311626353,7.14462947845459,5.882376424882647,16.32945442199707,5.074894905090332,48.23534393310547,0.49330225586891174,1.4367690086364746,0.9904041290283203,0.04750336334109306,13.232755661010742,0.80081576736698,0.003584985552762068,0.49518653750419617,0.4932737350463867,0.8905014558311509,3.647581715020965,37.71209716796875,53.83121871948242
01502D.png,1.4407,0.5724411010742188,0.8073827115512129,0.8802250342104674,5.742696285247803,59.16440963745117,0.9642169718584505,0.5566067729512361,7.416722297668457,5.312358413818378,16.839811325073242,5.367110252380371,64.75835418701172,0.5991393327713013,1.4551290273666382,0.9159008264541626,0.05864892154932022,12.317399978637695,0.722222445713061,0.013598239462642723,0.5008124709129333,0.46223270893096924,0.7361464629776103,3.1655833587238917,30.35565185546875,44.32538604736328
01506D.png,1.3966,0.5498475432395935,0.9580001614649256,0.8883549319179707,5.332620620727539,41.925872802734375,0.9837923932969947,0.5077099896800193,7.229028701782227,6.017048332429804,10.914372444152832,3.6912591457366943,43.72924041748047,0.3837580382823944,1.4815566539764404,0.9353728890419006,0.06160397827625275,12.103912353515625,0.7151634104984043,0.007543409488490964,0.46776649355888367,0.47108277678489685,0.8165357624209545,4.026034530964248,37.33807373046875,56.60990905761719
01510D.png,1.404,0.5954674482345581,1.1019656491122203,0.9018579812573785,4.798072814941406,43.59983444213867,0.9911846775133814,0.5210363969277738,7.338233947753906,6.686917042477365,10.482266426086426,3.8487541675567627,46.3500862121582,0.2835162878036499,1.3819700479507446,0.9731478691101074,0.0810820609331131,10.91075325012207,0.7606871244442858,0.005405933317317189,0.48056796193122864,0.49206945300102234,0.8804045525690259,3.81639581004617,34.41473388671875,43.76382064819336
01514D.png,1.3829,0.5845217108726501,0.9936463258334741,0.894325044538861,5.184024333953857,70.42518615722656,0.9901177047719887,0.5992673574923826,7.488292694091797,6.295918698635205,16.923503875732422,6.427540302276611,52.07509231567383,0.3363255560398102,1.4548143148422241,0.9804080724716187,0.074898362159729,11.255277633666992,0.7892972208458839,0.006326537602364275,0.496569961309433,0.49331727623939514,0.8921650864559658,3.693034534744652,38.24774169921875,42.346961975097656
01520D.png,1.3925,0.6142199039459229,1.0205898037376497,0.8872626714825111,4.784599781036377,52.24314880371094,0.9897170550541182,0.5523196015643934,7.443720817565918,6.240067465296063,12.812150001525879,4.654110431671143,51.435909271240234,0.5927852988243103,1.4474562406539917,1.001397967338562,0.09348492324352264,10.292585372924805,0.7698425701017474,0.007473626690099087,0.48477163910865784,0.5045922994613647,0.8864654494740201,3.7076337091623026,33.35028076171875,43.81354522705078
01527D.png,1.3982,0.8515552878379822,1.0047758712462076,0.8865080285277921,4.25007438659668,60.80795669555664,0.9838016529102269,0.5681962486517551,7.782801628112793,6.045190181495354,14.724971771240234,5.3044257164001465,76.00928497314453,0.4303426444530487,1.3789772987365723,1.0898305177688599,0.16559596359729767,7.809503078460693,0.8196802977705296,0.0028939035635141886,0.43329131603240967,0.48390325903892517,0.8916737006864394,3.904973117599625,42.31072998046875,34.132259368896484
01531D.png,1.422,0.6494065523147583,1.01823513045373,0.8870857932719494,4.6784491539001465,64.80670166015625,0.9891078120022174,0.6301687022739902,7.542600631713867,6.221969228715208,14.929300308227539,5.7921881675720215,55.23834991455078,0.6104230284690857,1.4230562448501587,1.019471287727356,0.08793052285909653,10.55860424041748,0.8044424566711499,0.007279452514221078,0.4873698949813843,0.49135980010032654,0.9000959469366223,3.870715997530125,40.18280029296875,35.43541717529297
01535D.png,1.3965,0.580310046672821,1.032273215960685,0.8855057184516456,4.720482349395752,58.0518913269043,0.9921270844134442,0.6255751986124016,7.48314094543457,6.298755545113536,13.758054733276367,5.218145847320557,52.233070373535156,0.5761587023735046,1.4094011783599854,0.9971477389335632,0.07085377722978592,11.496370315551758,0.8016971358556677,0.005628770287283869,0.49435389041900635,0.4940638542175293,0.9081611489902389,3.784804984862073,37.17645263671875,39.01225662231445
01539D.png,1.3711,0.5891419649124146,0.9061388919857798,0.8884122707738955,5.278165340423584,52.33135223388672,0.9814410509556195,0.5585419806386027,7.270812511444092,5.6855747511305275,13.123841285705566,4.664663791656494,46.491119384765625,0.3953670859336853,1.4793155193328857,0.9961187839508057,0.07183150202035904,11.436851501464844,0.7388664327700531,0.00726864921941295,0.4890972971916199,0.5213123559951782,0.8448392244043782,3.8374295910640615,37.26922607421875,42.086883544921875
01543D.png,1.3035,0.616280198097229,1.0238752354796292,0.8838151403140161,4.81013298034668,54.4803466796875,0.993172721234145,0.581297988078213,7.453000068664551,6.27797745390629,12.595551490783691,4.796412944793701,46.70078659057617,0.5467712879180908,1.3991328477859497,1.0153523683547974,0.0862409695982933,10.642863273620605,0.7884920147438755,0.006245977394541084,0.4939674139022827,0.49490419030189514,0.9047077093939759,4.303656958015434,39.15008544921875,44.36395263671875
01547D.png,1.2801,0.7121237516403198,1.0048798573086513,0.8853707711943061,5.118337631225586,55.55027389526367,0.9946902495443296,0.5474357112553964,7.398418426513672,6.288936456241943,12.778582572937012,4.805365085601807,43.493099212646484,0.5476260185241699,1.461898684501648,1.0130785703659058,0.11643809080123901,9.339048385620117,0.7909015363866708,0.0064433589042542355,0.49110156297683716,0.4976033568382263,0.9056664924605226,4.299293245950179,39.77166748046875,46.145545959472656
01551D.png,1.2616,0.6608222723007202,1.0051596347566831,0.8874761361330082,4.68526554107666,63.307456970214844,0.9960970828158644,0.6220878994118306,7.310829162597656,6.029012244077032,15.309056282043457,5.55574893951416,43.14249038696289,0.586854100227356,1.5903524160385132,1.0806804895401,0.10875647515058517,9.635449409484863,0.8342043965414112,0.002407546765248548,0.4890458583831787,0.5144338607788086,0.9432098855099412,4.535740876395124,49.12127685546875,53.64334487915039
01555D.png,1.9603,0.6410297751426697,0.949721129872081,0.8853034169395324,5.187255859375,71.15706634521484,0.9919647298739575,0.5832068927959555,7.45601749420166,6.003809442912292,19.19822120666504,6.485147476196289,51.930335998535156,0.46304836869239807,1.5110926628112793,0.9950326085090637,0.08188095688819885,10.868171691894531,0.8097024037723045,0.0055261713048544376,0.48283618688583374,0.49407392740249634,0.8939773452586957,3.7705439164038563,30.25506591796875,49.06956100463867
01559D.png,1.882,0.7350989580154419,0.8113546644161,0.8853076897596837,5.958053112030029,61.874244689941406,0.9776679076666039,0.5207754516914199,7.629014015197754,5.511979881710607,16.790260314941406,5.544182300567627,60.46730041503906,0.3929927349090576,1.6045732498168945,1.0923261642456055,0.1019599661231041,9.915702819824219,0.7866486743273872,0.006803031976954687,0.46098852157592773,0.4780566692352295,0.8128200138297605,3.4520107199083294,30.13104248046875,38.926963806152344
01566D.png,1.2852,0.576318085193634,0.8652633111733044,0.882362807050287,5.78319787979126,80.2765121459961,0.9861509307436708,0.6527364535677534,7.389046669006348,5.698745874505764,19.40629005432129,7.390294075012207,50.23484802246094,0.5603508353233337,1.4461653232574463,0.9858764410018921,0.053568482398986816,12.710906028747559,0.7835854116661733,0.00693653110453149,0.49302053451538086,0.49855881929397583,0.8703290047140084,3.5794291959866764,39.85516357421875,56.019996643066406
01570D.png,1.2547,0.5873567461967468,0.9538507389852345,0.8916216401489802,5.617414474487305,72.43052673339844,0.9923677018453337,0.5907715866423057,7.4864630699157715,6.249588898950897,18.345787048339844,6.5467848777771,52.300148010253906,0.6435031890869141,1.5822632312774658,0.9851153492927551,0.06637652963399887,11.779855728149414,0.7817886667085089,0.008757259189523236,0.48796430230140686,0.500734806060791,0.888571736193073,3.414039795773834,35.43572998046875,46.426780700683594
01574D.png,1.2769,0.40332257747650146,0.7974981389103171,0.8877978797666392,4.849539756774902,44.02560806274414,0.9696909963952017,0.6295027089975435,6.653289318084717,4.586756180673184,12.432636260986328,3.9731605052948,36.87015151977539,0.39531612396240234,1.4315011501312256,0.9975253939628601,0.02267472818493843,16.444580078125,0.7374193909069916,0.0034945368337,0.48990368843078613,0.489462673664093,0.777372108845585,3.7588722419689327,35.30340576171875,51.94322967529297
01578D.png,1.2863,0.6205977201461792,1.0443775641649795,0.8945244127956342,4.864232540130615,53.24995040893555,0.9922417901902525,0.5558755250165763,7.169415473937988,6.283854591035206,15.005279541015625,4.663646221160889,49.1385612487793,0.33304429054260254,1.483992338180542,1.0142128467559814,0.09122279286384583,10.398967742919922,0.8064689296398425,0.0033116435663821508,0.4657818377017975,0.49963000416755676,0.9007540443565409,3.985279836951612,36.24578857421875,48.47335433959961
01583D.png,1.2696,0.7109774351119995,0.959502343154097,0.8830321219168313,5.4361443519592285,60.35398483276367,0.9868578306373483,0.5775126044873642,7.674884796142578,6.2900493460026095,15.246905326843262,5.394403457641602,58.66388702392578,0.5227501392364502,1.3790229558944702,0.9512006044387817,0.10105882585048676,9.95425796508789,0.7555167330759818,0.008947125444050259,0.4892118275165558,0.4932309091091156,0.8631558385842175,3.339962835592498,37.22479248046875,43.03594970703125
01587D.png,1.2736,0.6913784146308899,0.9496763935614395,0.8842958012355973,5.3622589111328125,59.646942138671875,0.9863767855309067,0.564114293946965,7.540210723876953,6.126602389520528,15.86550521850586,5.36816930770874,57.21123504638672,0.48344698548316956,1.3865995407104492,0.9692983627319336,0.09110338240861893,10.404654502868652,0.7739640531074674,0.007169466983773288,0.5177886486053467,0.49724119901657104,0.8637298757367033,3.3378989941286163,33.24383544921875,48.438743591308594
01591D.png,1.3,0.704594612121582,0.8805313411824678,0.8835236697823047,5.679401874542236,66.84920501708984,0.9812468965829377,0.5739752636231805,7.474185466766357,5.791088663815904,18.13367462158203,6.057636260986328,59.740478515625,0.5708648562431335,1.399505615234375,0.9297282099723816,0.08265800774097443,10.827150344848633,0.7761785077799616,0.009076552343826944,0.488903671503067,0.4867804944515228,0.832349648402043,3.2775801235591473,30.30389404296875,49.8355712890625
01595D.png,1.2796,0.6738020777702332,0.8381689191625037,0.8843581890707825,5.648270606994629,54.89341354370117,0.9724024644942533,0.5328271948647803,7.35941219329834,5.451332811639263,16.01237678527832,4.9573445320129395,63.70673370361328,0.520819365978241,1.4384915828704834,0.904680073261261,0.07536214590072632,11.228466987609863,0.7330973810534459,0.011591973135667368,0.4970400929450989,0.47919416427612305,0.7641942279725987,3.3537605141200855,32.93572998046875,40.65394973754883
01599D.png,1.9071,0.5111773014068604,0.6354585730460123,0.8806249733328195,5.695017337799072,44.13233184814453,0.9613969969289118,0.5471224415858855,6.63484001159668,3.917568326077145,13.528030395507812,3.9544498920440674,59.851505279541016,0.5057238936424255,1.3807823657989502,0.9321640729904175,0.041850052773952484,13.783040046691895,0.6970956327277609,0.009675600455482224,0.4755024015903473,0.48106837272644043,0.7030223823784097,3.782764131545989,35.47674560546875,42.09988784790039
01603D.png,1.3109,0.5826879143714905,0.8055601602307304,0.8828414299403254,5.610138893127441,47.38726806640625,0.9720551779258552,0.5449499085972178,7.211191177368164,5.164190442634384,12.256340980529785,4.120736122131348,50.703819274902344,0.5387539267539978,1.3952924013137817,0.9990226626396179,0.06598858535289764,11.805313110351562,0.705947182056914,0.011815902887817977,0.4838651418685913,0.5747003555297852,0.762709775423439,3.9773143334487497,40.96600341796875,42.76282501220703
