image_name,time_s,CE,NMI,QNCIE,TE,EI,Qy,Qcb,EN,MI,SF,AG,SD,CC,SCD,VIF,MSE,PSNR,Qabf,Nabf,SSIM,MS_SSIM,VIFF,NIQE,BRISQUE,MUSIQ
190002.jpg,7.3405,0.5645437836647034,0.5309993090233331,0.8940001955616266,6.864269733428955,34.48451232910156,0.9090128322123197,0.40127387738554765,7.470475673675537,3.805880073474876,12.281993865966797,3.193828582763672,57.16963577270508,0.7863532900810242,1.7173395156860352,0.8321820497512817,0.029581204056739807,15.28984260559082,0.6023112068721715,0.015229297621734124,0.39452069997787476,0.5127898454666138,0.493601844833215,4.02529292334467,7.56561279296875,49.90674591064453
190003.jpg,7.5678,0.5775632262229919,0.48700257295354393,0.8955343200267127,7.074660301208496,45.795265197753906,0.9091849093695729,0.4594249850374339,7.5173540115356445,3.5531831975420314,14.397510528564453,4.26453161239624,61.738380432128906,0.7927354574203491,1.6462762355804443,0.8323918581008911,0.028403012081980705,15.466357231140137,0.6486275123113824,0.01404298850652818,0.4187919497489929,0.5268087387084961,0.5178576991759251,3.8680109247926966,14.74822998046875,52.234596252441406
190007.jpg,7.4134,0.6014038920402527,0.46659923114352675,0.8799234465524874,7.057868957519531,42.385738372802734,0.8961752601202975,0.43382758913304276,7.461373329162598,3.3873425012009797,13.332175254821777,3.9281928539276123,56.76649475097656,0.7194535732269287,1.6749943494796753,0.8195736408233643,0.03574925661087036,14.467329978942871,0.631830100135535,0.015369898830195374,0.4168049097061157,0.508739709854126,0.510621411673925,3.732394365857994,12.00994873046875,55.407413482666016
190009.jpg,7.3421,0.5761547088623047,0.47506086315461343,0.8797586890451109,6.939411640167236,48.74691390991211,0.9180337621155241,0.4902336493520347,7.446084976196289,3.4170020498259497,15.706720352172852,4.5418524742126465,59.27052688598633,0.716733992099762,1.6551769971847534,0.8776373267173767,0.03247230872511864,14.884868621826172,0.6568511796561712,0.015622203114870715,0.42360177636146545,0.5220402479171753,0.5364624593361587,3.5928200790610823,4.90057373046875,50.58428955078125
190011.jpg,7.3305,0.5900165438652039,0.48377256963037335,0.8880087430820647,6.995948791503906,44.4631233215332,0.8894462405028316,0.40982437053396786,7.51806116104126,3.5107490188609685,14.545265197753906,4.15958309173584,57.38534927368164,0.7613546848297119,1.6766908168792725,0.8108378648757935,0.03328447416424751,14.777584075927734,0.6506628495218153,0.01209130449689822,0.40378350019454956,0.5150915384292603,0.4928886791700371,4.233849330014603,10.42059326171875,54.311622619628906
190014.jpg,7.385,0.5716184973716736,0.4509171279163787,0.8930100569476876,7.1364827156066895,62.75417709350586,0.9295236789684597,0.5703594654094214,7.478314399719238,3.2950392345865733,19.422693252563477,5.869990348815918,62.64447784423828,0.7667285203933716,1.594463586807251,0.8838785290718079,0.02553604170680046,15.928464889526367,0.7269501760616746,0.009097644968686695,0.4419644773006439,0.530340313911438,0.590626913621037,3.6111905401452242,21.99383544921875,49.292022705078125
190015.jpg,7.3906,0.5766884684562683,0.46950237632590214,0.8890988292361365,6.928069591522217,75.06443786621094,0.9436694004578761,0.6198441260707029,7.512845993041992,3.3900309023352104,22.854089736938477,6.992361545562744,65.63687896728516,0.7308735847473145,1.5431358814239502,0.8507381677627563,0.030599556863307953,15.14284896850586,0.7169665460652068,0.00998769776810157,0.4596692621707916,0.5251170992851257,0.5949898036513925,3.663702185998268,37.02117919921875,53.09174728393555
190023.jpg,7.3452,0.5900060534477234,0.5052123090418703,0.8840111054439296,6.92535924911499,37.411006927490234,0.8797559323050348,0.3811765724998047,7.447728157043457,3.630739633954171,12.462532043457031,3.4833824634552,52.98041534423828,0.7415632009506226,1.6890923976898193,0.80387282371521,0.03520701453089714,14.533708572387695,0.6111502735404785,0.015722447070466494,0.39776378870010376,0.516640305519104,0.4833303769991205,4.221180775794155,7.51873779296875,55.722190856933594
190025.jpg,7.3975,0.6168069839477539,0.45453673108343373,0.8826084852764909,7.113968372344971,42.6585807800293,0.8905206301341657,0.43201844576496296,7.515742301940918,3.32487875226178,13.321027755737305,3.962191104888916,56.77151870727539,0.7261954545974731,1.6691752672195435,0.796751081943512,0.03500356525182724,14.558877944946289,0.6458219912018114,0.013075260199395422,0.4190419316291809,0.5142768621444702,0.519380442699119,4.058191926172738,11.62567138671875,55.856163024902344
190027.jpg,7.3436,0.6110673546791077,0.45611526152284715,0.8823617377451808,7.176899433135986,46.009490966796875,0.9027291036281005,0.4667244842908922,7.53810977935791,3.3558785426617366,13.748587608337402,4.2881035804748535,57.09282302856445,0.7312715649604797,1.654802918434143,0.8622760772705078,0.032957445830106735,14.820465087890625,0.6701016882145684,0.011914262930733652,0.42852646112442017,0.5193979740142822,0.5447749343550771,3.7546580293714227,11.73504638671875,57.50019073486328
190030.jpg,7.3699,0.5798418521881104,0.5058908349409101,0.8919747274641536,7.029101371765137,46.97359085083008,0.9018257731222395,0.4271716683084701,7.51967716217041,3.680056254942336,16.122772216796875,4.389846324920654,60.75651550292969,0.7725610733032227,1.6561665534973145,0.8169922828674316,0.030972763895988464,15.090200424194336,0.6686301546677621,0.010314806403867015,0.405523419380188,0.5266392230987549,0.4998612522010872,3.9714286046070013,14.04998779296875,51.66252517700195
190033.jpg,7.3555,0.5896108746528625,0.492376341800531,0.8925504738986347,7.044619560241699,47.61781692504883,0.9025144341300587,0.4400347190607885,7.609251022338867,3.6076185667986866,14.871264457702637,4.43666410446167,62.11670684814453,0.7825878858566284,1.6855469942092896,0.8469218015670776,0.03274192288517952,14.848958015441895,0.6660795734341076,0.011066776495798712,0.41627299785614014,0.5213476419448853,0.5120726684487165,3.8424108087550954,12.45672607421875,56.336280822753906
190039.jpg,7.3913,0.5931200385093689,0.4990741966789455,0.886363938313965,6.907583713531494,33.59444808959961,0.8949670591254691,0.38789121689448836,7.498786926269531,3.5949330964466064,11.593949317932129,3.1031644344329834,56.54936218261719,0.748280942440033,1.723385214805603,0.7893120050430298,0.034543272107839584,14.616365432739258,0.5816527128942504,0.016062962805960545,0.3967207074165344,0.5179978609085083,0.475265555578328,4.155192943353148,5.18133544921875,52.482032775878906
190040.jpg,7.3749,0.6116904020309448,0.4455688209579814,0.8786247152081867,7.1417388916015625,44.110145568847656,0.9004989928674334,0.4587804548103419,7.49391508102417,3.2606036429351644,13.540383338928223,4.077761173248291,56.60708999633789,0.7103168964385986,1.668717384338379,0.8340418338775635,0.035407353192567825,14.509065628051758,0.6400343574395168,0.014355956766106757,0.4266674816608429,0.5146094560623169,0.5263033536489863,3.8314263954113077,9.79119873046875,57.43528366088867
190042.jpg,7.386,0.6108541488647461,0.46672820580891944,0.8896363150392477,7.190488338470459,46.85285568237305,0.8985626149740041,0.4557102736011901,7.589079856872559,3.4490292152589728,14.034497261047363,4.374638080596924,59.35906982421875,0.7598649859428406,1.6491920948028564,0.7939918041229248,0.03134108707308769,15.038861274719238,0.6519641236458439,0.013689693963317661,0.42573535442352295,0.5197396278381348,0.5169168092797038,3.7503041777324677,12.47332763671875,56.844703674316406
190048.jpg,7.4484,0.587709367275238,0.46592924846807526,0.8851596064705252,7.007613182067871,41.39484786987305,0.898279041641538,0.4441539422599705,7.499271392822266,3.379599482303938,13.543173789978027,3.835775852203369,57.02436828613281,0.7445526719093323,1.655355453491211,0.8006627559661865,0.03066347725689411,15.13378620147705,0.6248375338034021,0.01498979013381083,0.41551917791366577,0.5297635197639465,0.50192470342296,3.967982582245583,12.13592529296875,48.4899787902832
190051.jpg,7.3208,0.6026652455329895,0.45891386766819237,0.8854245606734373,7.058833599090576,43.784908294677734,0.8924219832483655,0.4266828756510779,7.532355785369873,3.348057929494942,14.027959823608398,4.091487407684326,57.63019943237305,0.7450858950614929,1.6659932136535645,0.8013175129890442,0.03331249579787254,14.773929595947266,0.6542363064071669,0.011970833213551278,0.41687247157096863,0.5168354511260986,0.5097733127000806,3.9858812230138594,9.53973388671875,56.417327880859375
190052.jpg,7.4806,0.5974448323249817,0.46516972957936414,0.8865994759146409,7.046026229858398,43.25962829589844,0.8991774622677909,0.4338725936717751,7.538496494293213,3.392147689085693,13.846341133117676,4.029167652130127,56.550777435302734,0.7525911331176758,1.6643455028533936,0.8214395046234131,0.030790431424975395,15.115842819213867,0.6455438187405038,0.013997100533243618,0.41270190477371216,0.5239046812057495,0.5104531078704287,3.8535761286763006,8.60125732421875,54.01832580566406
190058.jpg,7.3564,0.5784961581230164,0.4747674020662523,0.8909372998067602,7.011559963226318,44.98553466796875,0.8993339784114541,0.444425465993215,7.460981369018555,3.435554150473301,14.521883010864258,4.196937084197998,57.01164245605469,0.7699154615402222,1.643330693244934,0.7865642309188843,0.027294471859931946,15.639253616333008,0.6298204248417861,0.01640342762313272,0.41532036662101746,0.5334382057189941,0.4888510245161724,3.8526874571719865,6.52410888671875,52.88227081298828
190061.jpg,7.3447,0.5798965096473694,0.45872363119580956,0.8862790811268889,7.016444683074951,48.055782318115234,0.89987956716327,0.4427704575193378,7.463912010192871,3.321249331547289,15.291755676269531,4.483778476715088,58.107383728027344,0.7528069019317627,1.6670286655426025,0.7897149324417114,0.030698344111442566,15.128850936889648,0.6364492179668773,0.016182110091228673,0.4143241047859192,0.5274629592895508,0.48640124233020426,3.687105160315933,8.92987060546875,51.452911376953125
190071.jpg,7.3544,0.5632508993148804,0.4822936238363155,0.8834553305655212,6.957077980041504,51.01213455200195,0.9195992506361128,0.4876221477137856,7.436190128326416,3.4708999382038623,16.071880340576172,4.773139953613281,60.78019714355469,0.737886905670166,1.6482884883880615,0.8822100162506104,0.031048189848661423,15.07963752746582,0.6888645435961939,0.010816739800922893,0.4185825288295746,0.510709822177887,0.5444983908588306,3.5701493267982127,10.16180419921875,50.20588684082031
190080.jpg,7.3633,0.5848135948181152,0.4519493448389661,0.8857620779956097,7.01153039932251,47.321773529052734,0.892316829359375,0.4403557855134418,7.447846412658691,3.267461239879058,14.93600845336914,4.438199520111084,56.19437026977539,0.7475389242172241,1.650240421295166,0.7805027365684509,0.02990041673183441,15.243228912353516,0.6416759002044783,0.015831150500231837,0.41743868589401245,0.52959144115448,0.49396688895422836,3.9715711856292737,7.21112060546875,54.42011260986328
190081.jpg,7.4293,0.6061992645263672,0.46943478826641927,0.8859726249485234,7.086124420166016,43.05950927734375,0.8868431392319778,0.41665826248121657,7.528507232666016,3.4303169406042393,13.740152359008789,4.0140604972839355,56.62754440307617,0.7477452158927917,1.674422264099121,0.802670955657959,0.034195996820926666,14.660247802734375,0.6457971487592933,0.012739748124537788,0.41197049617767334,0.51630699634552,0.5029870387975831,3.973164330436412,9.51092529296875,55.1368522644043
190084.jpg,7.4527,0.5870360732078552,0.45529408645981606,0.8874530841175106,7.023315906524658,46.58990478515625,0.8918421160348065,0.4426735660537735,7.459919452667236,3.297074411109019,14.655479431152344,4.366190433502197,57.00712585449219,0.7554556131362915,1.6434898376464844,0.7884161472320557,0.029838845133781433,15.252180099487305,0.6467537194104739,0.014812757769775468,0.4183693528175354,0.5285600423812866,0.5007843292537061,3.8652305594074527,8.95281982421875,55.09678649902344
190087.jpg,7.3707,0.5846532583236694,0.458667763539119,0.8870880010638051,7.020323753356934,39.715576171875,0.902338672978991,0.45477144515054135,7.435018062591553,3.315107941747021,12.900904655456543,3.6902835369110107,55.93622589111328,0.7468238472938538,1.6404293775558472,0.7902641296386719,0.02720061130821705,15.654212951660156,0.6043772594854134,0.017855154587963808,0.4253736436367035,0.5355072021484375,0.4986949669114394,3.907131018891631,3.79656982421875,51.210777282714844
190097.jpg,7.4224,0.588058590888977,0.48088077141000773,0.8921306090699063,7.084336280822754,45.98511505126953,0.899159773553754,0.43700091039593353,7.51802396774292,3.511005790673165,14.696176528930664,4.307243347167969,60.12782669067383,0.7768501043319702,1.642978310585022,0.8363727331161499,0.03054085373878479,15.151187896728516,0.6738299603545406,0.009713899061880383,0.41338539123535156,0.5214414596557617,0.5184420196741657,4.041763329670283,12.18865966796875,55.758792877197266
190101.jpg,7.3851,0.5892229080200195,0.4595165599378184,0.8877368378016965,7.025955677032471,40.315406799316406,0.9102006833674348,0.4766485576908306,7.440055847167969,3.323694360870215,13.392033576965332,3.739849805831909,58.49803161621094,0.7429908514022827,1.6324905157089233,0.8075116872787476,0.02753690630197525,15.600849151611328,0.6195779870904365,0.015799899827394787,0.4267549514770508,0.5310608744621277,0.515401172140117,3.945183716812329,1.33953857421875,49.68241882324219
190102.jpg,7.3729,0.5687576532363892,0.5312308280680438,0.9051719730291508,6.916820049285889,45.427547454833984,0.8984633086320252,0.3952957355582144,7.509354591369629,3.8318241830234783,16.400087356567383,4.250428199768066,62.64757537841797,0.8249702453613281,1.7418556213378906,0.7938695549964905,0.029226038604974747,15.342301368713379,0.6428339015534399,0.010128268369634843,0.3917217254638672,0.5201648473739624,0.4698767941012579,4.122660075013638,8.41864013671875,52.344215393066406
190103.jpg,7.3627,0.5532776117324829,0.4992023451822228,0.9021689590539557,7.073894500732422,49.987491607666016,0.9231235516721927,0.5020099745962702,7.4157328605651855,3.616637004454418,17.32477378845215,4.669797420501709,63.40462112426758,0.8111262321472168,1.6223406791687012,0.8560333847999573,0.02345363236963749,16.29789924621582,0.6889620085754499,0.01054202014961459,0.4159349799156189,0.5377339720726013,0.5463671646356707,4.104605085810949,19.07391357421875,45.506927490234375
190106.jpg,7.3822,0.5976772904396057,0.4679543644596213,0.8768433950959468,6.910909652709961,37.41709518432617,0.8934862482402206,0.41035425977273504,7.442534446716309,3.3583871051172576,12.750935554504395,3.477304458618164,53.87810134887695,0.6903270483016968,1.6902391910552979,0.8081174492835999,0.03585357964038849,14.454675674438477,0.6119416195356133,0.015384709793525733,0.4026433825492859,0.5149046182632446,0.49456152769680617,4.011150074554641,2.54852294921875,53.15570831298828
190109.jpg,7.3845,0.5991985201835632,0.4484593231620183,0.8815789083598832,7.06594705581665,44.02812576293945,0.901716728279612,0.46283654100139116,7.479780197143555,3.2615915578913395,14.209776878356934,4.092344760894775,57.1486930847168,0.722364068031311,1.6524946689605713,0.8018789291381836,0.031862229108810425,14.967239379882812,0.6439403198965894,0.01597231740415278,0.42161133885383606,0.5254451632499695,0.5223968058882824,3.9302876901779378,8.28582763671875,53.306182861328125
190111.jpg,7.3905,0.5804469585418701,0.48301328299194,0.8941159023620076,7.066141128540039,46.17987060546875,0.8949711267423925,0.43556742446728713,7.527697563171387,3.524517625546274,14.540824890136719,4.332700252532959,60.28669738769531,0.785285234451294,1.648512840270996,0.8098164796829224,0.030025850981473923,15.225048065185547,0.6566669109088394,0.012241055500604725,0.4162634611129761,0.5225880146026611,0.5060651720351027,4.090766024408986,12.11883544921875,55.10572052001953
190112.jpg,7.3311,0.6084890365600586,0.44261871840358413,0.8795742572121868,7.096462726593018,44.48945999145508,0.8984252048716798,0.46038074785228106,7.502249240875244,3.2308398049749165,13.706011772155762,4.143596649169922,55.787330627441406,0.7123321294784546,1.6556804180145264,0.8180718421936035,0.03309986740350723,14.801738739013672,0.6493144419515934,0.01415453391510305,0.42589664459228516,0.5205720663070679,0.5250042938661479,3.9106843149556547,9.01531982421875,54.98005294799805
190114.jpg,7.4074,0.5848563313484192,0.48621748035426193,0.8899717800645561,7.049766540527344,41.16402816772461,0.9014378460306567,0.44474164355272683,7.4073638916015625,3.514663734939038,13.784793853759766,3.8282928466796875,58.23556900024414,0.7643848657608032,1.6606252193450928,0.8222517967224121,0.02900182269513607,15.375746726989746,0.6430737216887651,0.01396632828665005,0.4124126732349396,0.5215639472007751,0.5158387011778527,4.032539171258468,10.12664794921875,51.225135803222656
190118.jpg,7.337,0.5747098326683044,0.5186543739853033,0.8993292951569067,6.910337448120117,46.09324264526367,0.9023260248052817,0.4108159638032503,7.522153377532959,3.7427466430959466,15.239235877990723,4.320135593414307,60.63780212402344,0.8055658340454102,1.7000526189804077,0.8318159580230713,0.029776763170957565,15.261225700378418,0.6611692426453261,0.010461267547974709,0.40122151374816895,0.5214618444442749,0.4918194334383669,4.011440057076044,14.23846435546875,52.34501647949219
190119.jpg,7.3339,0.5882412791252136,0.48976036622067826,0.8959449740556372,7.0090012550354,45.492733001708984,0.8911883004646168,0.4201134980911482,7.551848411560059,3.5656724382644907,14.686739921569824,4.266250133514404,59.8232307434082,0.7902672290802002,1.6728355884552002,0.8067778944969177,0.029716182500123978,15.27007007598877,0.6558921387364713,0.011968474918002563,0.4087696373462677,0.5249248147010803,0.4970285916169501,4.104071421742554,11.18035888671875,54.78496551513672
190123.jpg,7.3624,0.5765888094902039,0.4676492570937038,0.8840190125064633,7.035897254943848,45.017818450927734,0.9069215197198596,0.4553293986438063,7.454891204833984,3.3883119362897247,14.54731559753418,4.189549922943115,56.34020233154297,0.7452245354652405,1.6545915603637695,0.8311644792556763,0.029568539932370186,15.291702270507812,0.639708332007575,0.016448411994670585,0.41908735036849976,0.5317487716674805,0.5129310487113073,3.709953674807981,8.39862060546875,51.149070739746094
190128.jpg,7.3581,0.5956647396087646,0.47832286179367367,0.8868640353198836,7.186962604522705,46.14152145385742,0.9068422817244403,0.455524765339408,7.570200443267822,3.529353057909727,14.595808029174805,4.271998882293701,60.00520324707031,0.7563194036483765,1.6706750392913818,0.8287132978439331,0.032372649759054184,14.898218154907227,0.6339290948829287,0.01610836499103042,0.4242531359195709,0.5200449228286743,0.5182547358329779,3.6278967534951154,10.27703857421875,53.03664016723633
190129.jpg,7.3591,0.6102054715156555,0.45370800860093313,0.8862395566066085,7.171746730804443,43.47719192504883,0.9021838806589293,0.4517488690165715,7.565782070159912,3.3432759311707425,13.348703384399414,4.0275421142578125,57.543880462646484,0.7474899888038635,1.6595306396484375,0.815636157989502,0.03137872740626335,15.033646583557129,0.6381360456503662,0.014606734195080753,0.4256121516227722,0.5243947505950928,0.5141161077602544,3.7149122996715023,10.82586669921875,54.277828216552734
190131.jpg,7.3887,0.6087245941162109,0.4482809526084466,0.8821538642912461,7.155786514282227,43.11835861206055,0.9010273796501913,0.4574163978826743,7.498557090759277,3.2846399493539913,13.459428787231445,3.994541883468628,58.196964263916016,0.7261620759963989,1.6530959606170654,0.8072347640991211,0.033850885927677155,14.704299926757812,0.6359561467958637,0.014510363107415268,0.425071120262146,0.5121707916259766,0.5196141839086134,3.8395261150973505,11.80535888671875,52.936485290527344
190133.jpg,7.4388,0.6094401478767395,0.44030059641186997,0.8751546923071235,7.012913227081299,38.76690673828125,0.9039979145621931,0.45212583150533164,7.505974292755127,3.196345572212767,12.465306282043457,3.5860352516174316,55.22952651977539,0.690382719039917,1.6703943014144897,0.8459645509719849,0.036598630249500275,14.365352630615234,0.6322734248801362,0.013458163870789847,0.41948139667510986,0.5117440819740295,0.5262086760252404,3.8711094779271775,4.40252685546875,54.087039947509766
190135.jpg,7.4753,0.6064957976341248,0.46952468086880367,0.8854695831343693,7.1394476890563965,44.74296188354492,0.9004203297785005,0.4533407745100492,7.549177169799805,3.448344570671999,13.646976470947266,4.161485195159912,57.32826614379883,0.747646689414978,1.6588127613067627,0.8496906757354736,0.03203758969902992,14.943403244018555,0.6607043447787062,0.012425652052324727,0.4227297306060791,0.5162431001663208,0.5306770703262913,3.6639772467178506,10.41668701171875,56.39130401611328
190149.jpg,7.3873,0.5944566130638123,0.4711735415104622,0.8860550974151764,7.084144115447998,47.85735321044922,0.9014381780725412,0.43928534973995587,7.530360698699951,3.4429926276108382,14.909852981567383,4.461897373199463,57.001869201660156,0.7568830251693726,1.6798018217086792,0.862057089805603,0.03288760036230087,14.829678535461426,0.6629808246748615,0.011599604543857821,0.4127087891101837,0.5233631730079651,0.5143909999623043,3.4448659615777375,8.89617919921875,55.82665252685547
190158.jpg,7.3776,0.5279677510261536,0.5378112638431077,0.9025477301067493,6.808271408081055,49.94887924194336,0.9200482946777083,0.46844599960314054,7.281654357910156,3.7888702858456327,18.579214096069336,4.686033725738525,62.070655822753906,0.8142663240432739,1.6604580879211426,0.8316032290458679,0.023339349776506424,16.31911277770996,0.6809786755616868,0.011483270805820857,0.3976619839668274,0.5255163908004761,0.5128961102790766,4.096674493550877,14.21942138671875,46.29081726074219
190160.jpg,7.3681,0.5840229988098145,0.5065159001412538,0.8837747501185493,6.867178916931152,33.823307037353516,0.8969227104495374,0.4013442556263915,7.426530838012695,3.620005118763377,11.834531784057617,3.138146162033081,54.75093460083008,0.7359178066253662,1.6920320987701416,0.8206743001937866,0.032530054450035095,14.877152442932129,0.5966205461136215,0.014819636303606078,0.40063488483428955,0.5208432674407959,0.49128289065877884,4.207970207341021,2.18914794921875,52.2591552734375
190164.jpg,7.4372,0.5933877825737,0.48331661924884317,0.8944471758636136,7.082560062408447,40.75371551513672,0.8924451596187531,0.4269293103498437,7.563862323760986,3.5394383717874582,12.821019172668457,3.7937557697296143,59.345577239990234,0.7836045026779175,1.6591308116912842,0.7941862344741821,0.029581647366285324,15.289777755737305,0.6262508562999387,0.015225781792757217,0.4177645742893219,0.5178300142288208,0.5004569753053367,3.930382737145802,9.66571044921875,54.689697265625
190165.jpg,7.3898,0.6065778732299805,0.4660854670461775,0.8884891331477107,7.1406049728393555,53.461421966552734,0.8973300274378536,0.4548793553652116,7.6672682762146,3.450875677969238,16.620925903320312,5.01868200302124,62.598873138427734,0.753349781036377,1.6961686611175537,0.8170900344848633,0.03357049822807312,14.740421295166016,0.691195483548252,0.010661390376269182,0.41827908158302307,0.5197808146476746,0.5259049547007734,4.18527341308331,17.93280029296875,50.375553131103516
190166.jpg,7.3731,0.5829407572746277,0.49845135862153067,0.8852537404073676,6.889953136444092,35.74888610839844,0.9004708354921007,0.4060894842110315,7.47762393951416,3.580778412009588,12.435648918151855,3.3149240016937256,58.48410415649414,0.740624189376831,1.7033389806747437,0.8134527206420898,0.0333423987030983,14.770031929016113,0.6018465739918745,0.01491544402544548,0.4028731882572174,0.5198509693145752,0.49156735838732046,4.014740168514348,0.97967529296875,51.044551849365234
190170.jpg,7.3584,0.6095043420791626,0.46266148158369536,0.8853294046795765,7.113034248352051,43.1492805480957,0.8904180584890304,0.436574596727454,7.527557849884033,3.386827549746684,13.256938934326172,4.016869068145752,56.704139709472656,0.7402963638305664,1.6592128276824951,0.8043504953384399,0.032715752720832825,14.85243034362793,0.6413749124836675,0.01474547234641271,0.4214319884777069,0.5225923657417297,0.5121473120350266,3.9399478541936785,10.53192138671875,53.929283142089844
190173.jpg,7.3508,0.5817453265190125,0.4824754186765563,0.8905144854058399,6.969993591308594,39.07223129272461,0.9010344957264801,0.4230213523379067,7.476393699645996,3.4850221760909204,13.437386512756348,3.643247604370117,60.670379638671875,0.767674446105957,1.6881015300750732,0.7897645235061646,0.03037278540432453,15.175153732299805,0.619659536026436,0.014303886999511675,0.41211867332458496,0.5213663578033447,0.4934474985881768,4.10297306257527,3.78094482421875,54.24879455566406
190179.jpg,7.3821,0.5851725935935974,0.47218971462678494,0.8861747867797516,6.956135272979736,49.801483154296875,0.9026215077772911,0.4308925970834705,7.518727779388428,3.417449370722334,15.720234870910645,4.657864093780518,59.02933883666992,0.7593774199485779,1.6947293281555176,0.8389670848846436,0.03602951392531395,14.433417320251465,0.6583847534125603,0.012709889986380446,0.4067472219467163,0.5134062170982361,0.49789065768709745,3.5520493698281808,14.17987060546875,54.30009841918945
190182.jpg,7.335,0.6019973158836365,0.449419965343766,0.8814372759476236,7.186440467834473,49.056617736816406,0.9085660658442329,0.4805209034867668,7.551642894744873,3.3118027871116684,14.861329078674316,4.582945346832275,58.82610321044922,0.7288864850997925,1.6550884246826172,0.8463554382324219,0.03309466689825058,14.802419662475586,0.6654262255290522,0.01308629155987522,0.42625778913497925,0.5215657353401184,0.530344280364485,3.6234009323586265,9.00701904296875,54.0243034362793
190183.jpg,7.3897,0.5443118214607239,0.4798104992801046,0.8992377692190732,6.99737024307251,45.87980270385742,0.9246719660580027,0.5187276509141331,7.237518787384033,3.415033626004522,16.31602668762207,4.285575866699219,64.85523986816406,0.7847130298614502,1.580217957496643,0.823776125907898,0.024680793285369873,16.0764102935791,0.6386001309525847,0.013378967813638978,0.42849886417388916,0.5267600417137146,0.5349910225234489,3.9773211955813026,5.11444091796875,50.00189208984375
190188.jpg,7.3599,0.607221782207489,0.469654230139048,0.8831229034482934,7.081775188446045,41.71602249145508,0.8945297001873075,0.43640751682736934,7.478062629699707,3.4190532168571632,13.118987083435059,3.86824107170105,56.19770812988281,0.7297514081001282,1.6595714092254639,0.816383957862854,0.03315331041812897,14.794731140136719,0.6433618578251195,0.01430826752466772,0.42006146907806396,0.5146294832229614,0.5207366012452366,4.030783925316522,11.81512451171875,54.992977142333984
190189.jpg,7.3771,0.5899508595466614,0.48219598469255226,0.8833035843820932,7.012522220611572,41.07649230957031,0.8889913685706162,0.41287259053411995,7.45119047164917,3.4871808331773995,13.372246742248535,3.818540334701538,54.34859085083008,0.7355837225914001,1.6720919609069824,0.8019585609436035,0.03230711817741394,14.907017707824707,0.624317600773816,0.014639493996106876,0.4080427885055542,0.5195768475532532,0.49471037616636976,4.055758572137441,7.85174560546875,55.55274200439453
190191.jpg,7.3963,0.5970926880836487,0.4585358202202606,0.8810995506373058,7.023861408233643,45.19564437866211,0.8938848793348119,0.4294378256728522,7.533200263977051,3.3374755628765396,14.170137405395508,4.190951347351074,55.76868438720703,0.7265585064888,1.6878582239151,0.8120142817497253,0.03451812267303467,14.619527816772461,0.6294155831068197,0.014921798950832505,0.41397589445114136,0.5205669403076172,0.4994639248232041,3.862146364936072,10.87908935546875,54.505516052246094
190194.jpg,7.3296,0.5952872037887573,0.4691953311875345,0.8821323326918559,7.0101189613342285,41.22418975830078,0.8920339111402701,0.4385195847502293,7.469883441925049,3.3969833827326177,13.10173511505127,3.837387800216675,55.622291564941406,0.7297356724739075,1.6533379554748535,0.8079383373260498,0.0328066349029541,14.840383529663086,0.6327809779964156,0.015003692374813062,0.4186123311519623,0.520005464553833,0.5098327215159916,3.937471613604788,9.33123779296875,54.27745056152344
190207.jpg,7.3729,0.600286602973938,0.461067658804615,0.8859399277175529,7.154513835906982,50.39986038208008,0.9049846289903404,0.45370658187584817,7.579495429992676,3.3966962075211207,15.45043659210205,4.690158367156982,59.05447006225586,0.7545356750488281,1.6757957935333252,0.8467645645141602,0.03340445086359978,14.761955261230469,0.6588462889541344,0.012746647518298923,0.42045876383781433,0.5253124237060547,0.5139919793994125,3.36944640222949,10.76385498046875,54.317283630371094
190209.jpg,7.3288,0.595464289188385,0.4799644847193713,0.8879862537871908,7.016966819763184,44.890113830566406,0.8819406775646654,0.4088955066723907,7.4961419105529785,3.482897204707273,14.087087631225586,4.200113773345947,55.3607292175293,0.7609604597091675,1.675907850265503,0.7993496656417847,0.03233407437801361,14.903396606445312,0.6428279501650453,0.013668613905653127,0.4107378125190735,0.5212018489837646,0.4975968723466106,4.067463620628387,13.28924560546875,57.72479248046875
190210.jpg,7.3531,0.5389488935470581,0.5251099768965096,0.9015402029771762,6.822151184082031,45.311500549316406,0.9190423425253464,0.44757684819253785,7.352982044219971,3.721761700168239,16.177291870117188,4.234203338623047,60.76996612548828,0.8139030933380127,1.6912237405776978,0.8430554270744324,0.024884751066565514,16.040666580200195,0.6501902654932231,0.013077532059518405,0.4025154113769531,0.5212783813476562,0.5108483116029566,3.9030096277272954,12.64569091796875,49.17932891845703
190212.jpg,7.4525,0.5585615038871765,0.47529036816863285,0.8870440675821969,6.904628753662109,43.704280853271484,0.901640864319989,0.4437386605834796,7.317662715911865,3.3798678180643797,15.558084487915039,4.098641395568848,54.92580032348633,0.7547218799591064,1.6516847610473633,0.7887616753578186,0.026637468487024307,15.745071411132812,0.6380657649353443,0.013346521473934395,0.4056326746940613,0.5226526260375977,0.4853993442446441,4.152708206748255,4.34686279296875,50.69984817504883
190215.jpg,7.3102,0.5863668322563171,0.4810046614417554,0.8921646370196616,7.120812892913818,42.81072235107422,0.8941633689224979,0.4267496538227544,7.523834228515625,3.5220804880014853,13.976579666137695,3.9956605434417725,59.72386932373047,0.776353120803833,1.6549419164657593,0.8157491683959961,0.030456585809588432,15.163188934326172,0.6500235112152419,0.012367174041882695,0.4088824391365051,0.517737090587616,0.505403860461465,4.046341211967706,8.48602294921875,51.96917724609375
190221.jpg,7.3301,0.5980637073516846,0.4805790505236642,0.8842227821682087,6.9950385093688965,40.05387878417969,0.8840478294822142,0.4089007959130948,7.492918014526367,3.481312958889893,12.871577262878418,3.725844621658325,55.01173400878906,0.7408989667892456,1.6748988628387451,0.8206942677497864,0.03393955156207085,14.692940711975098,0.6353938523613788,0.012839646837516034,0.4078470766544342,0.5225825309753418,0.505931450282551,4.053371073243215,10.44744873046875,54.68846893310547
190223.jpg,7.3946,0.6132625341415405,0.44147511639860004,0.8808917741095239,7.163529396057129,45.770721435546875,0.8981737744743783,0.4506060012212422,7.53062105178833,3.2435589511863814,13.874987602233887,4.24413537979126,56.35476303100586,0.7199274301528931,1.666292428970337,0.8085955381393433,0.03416401520371437,14.664311408996582,0.6378597649401322,0.01577751808910032,0.42577430605888367,0.5190129280090332,0.5173266936271823,3.6968983218908136,12.05194091796875,56.26618957519531
190225.jpg,7.3986,0.591259777545929,0.4756985004902292,0.890184446457033,7.139898777008057,45.063350677490234,0.9011675565843693,0.4448625947773399,7.538827896118164,3.4913327182144975,14.331668853759766,4.205394268035889,59.502838134765625,0.7687287330627441,1.6465353965759277,0.8322142362594604,0.030645687133073807,15.136306762695312,0.65805228082435,0.011812937256105664,0.4150882363319397,0.5197785496711731,0.5119584462541074,3.709712318478153,11.77410888671875,52.65886306762695
190231.jpg,7.321,0.5942592620849609,0.48186133685598836,0.8844874932391719,7.025671005249023,40.331321716308594,0.8864456287903413,0.4136898081463531,7.493329048156738,3.498081340838146,13.05604362487793,3.7507903575897217,55.346275329589844,0.7430185675621033,1.6700074672698975,0.7997029423713684,0.03310304880142212,14.801321029663086,0.6232873862376357,0.01474870591433294,0.4105108380317688,0.5205298066139221,0.4962682297697559,3.964364022952376,7.87420654296875,56.976078033447266
190234.jpg,7.3715,0.6017674803733826,0.4779733457436364,0.881972950765809,7.037166118621826,38.68069839477539,0.8910553767689955,0.4162323612753411,7.4631218910217285,3.4653845074895173,12.58876895904541,3.5835511684417725,56.00984191894531,0.728386640548706,1.6689159870147705,0.8301835060119629,0.03543137013912201,14.506119728088379,0.6325973018592473,0.012989822727799753,0.40866780281066895,0.5086421966552734,0.5113229070418401,4.021184270029801,9.25213623046875,54.89378356933594
190236.jpg,7.3722,0.5806886553764343,0.5018040881896592,0.9010248518596164,7.0469865798950195,47.5981330871582,0.8952411228072821,0.42615398734231325,7.548804759979248,3.6621231616958756,15.308371543884277,4.4530348777771,62.66019058227539,0.8089829683303833,1.6825332641601562,0.8053550720214844,0.02867315337061882,15.42524528503418,0.6548532196068845,0.011548639585078955,0.4110654890537262,0.5273652076721191,0.49743050743312067,3.8419065962576706,12.13397216796875,55.55842590332031
190239.jpg,7.329,0.5702947974205017,0.5198540099105058,0.9013021350252107,6.988404750823975,49.372535705566406,0.914248582920452,0.45775188710815995,7.515006065368652,3.769837702114403,16.390195846557617,4.619942665100098,63.969932556152344,0.8141308426856995,1.7006311416625977,0.8810710906982422,0.028744475916028023,15.414456367492676,0.6816939598786604,0.011653383637432072,0.4101010262966156,0.5180368423461914,0.5335670571395972,3.7840708928302784,16.91571044921875,55.07980728149414
190241.jpg,7.3565,0.6166016459465027,0.4608992553724186,0.8840502757504404,7.133332252502441,37.541168212890625,0.8976346709890518,0.43499452471323424,7.512497425079346,3.3751344524669076,12.245672225952148,3.4525246620178223,56.55795669555664,0.7343490123748779,1.6650004386901855,0.8206642866134644,0.03378980606794357,14.712142944335938,0.628904014601377,0.014005386290626531,0.4184275269508362,0.5185506343841553,0.5181378627620268,4.08667445698569,8.70623779296875,52.40336990356445
190242.jpg,7.3255,0.5764780044555664,0.5239343996937947,0.8980988590555351,6.961406230926514,45.804927825927734,0.8988039317973704,0.41001598593557853,7.548659801483154,3.8011712276692027,15.987544059753418,4.308826446533203,62.30876541137695,0.8007503747940063,1.6871373653411865,0.8270824551582336,0.031187687069177628,15.06016731262207,0.6662321066654695,0.009375206513803542,0.39666515588760376,0.5196325778961182,0.4885222108423137,4.124716026484157,9.55438232421875,53.96983337402344
190243.jpg,7.3266,0.6034172177314758,0.4530067354930795,0.8838167685484677,7.1399006843566895,46.625022888183594,0.896245980278303,0.44770677668272757,7.53346061706543,3.3235740720889595,14.197117805480957,4.349098205566406,56.99592971801758,0.738753616809845,1.661015510559082,0.8084405660629272,0.03245800733566284,14.886780738830566,0.6448034943582039,0.014780396455443429,0.4216500222682953,0.5194644927978516,0.5098355284976239,3.7645716306630326,11.00115966796875,55.253013610839844
190248.jpg,7.3566,0.6103904247283936,0.4673615076926941,0.8866700184227371,7.141679286956787,40.50747299194336,0.8958767945805942,0.43508225516312254,7.53597354888916,3.4298936377301903,12.849939346313477,3.742765426635742,57.03302764892578,0.7468104362487793,1.6608270406723022,0.809141218662262,0.03211932256817818,14.93233585357666,0.6299617994302759,0.014764234469583434,0.4205816984176636,0.5252991914749146,0.5112364469197433,3.800401240280529,9.80096435546875,49.78333282470703
190250.jpg,7.3691,0.5927015542984009,0.4800211846208603,0.8882253714920487,7.095724105834961,40.42661666870117,0.8951319856360037,0.43321520811789116,7.494888782501221,3.501910469882704,13.353583335876465,3.7579917907714844,57.083251953125,0.7583122849464417,1.6512579917907715,0.8089966773986816,0.03062785416841507,15.138834953308105,0.6339474423605196,0.013632760041343133,0.4126679599285126,0.5259333252906799,0.5064864778794511,4.059008393639666,7.96697998046875,53.35289001464844
190251.jpg,7.392,0.6117905974388123,0.46415166317796813,0.8842023994375255,7.11159610748291,40.6201171875,0.8915587553016213,0.43171816424173914,7.5030083656311035,3.3917051299598153,12.99545669555664,3.7785019874572754,55.94174575805664,0.7362432479858398,1.6652686595916748,0.8175226449966431,0.03326168656349182,14.780558586120605,0.6432139228911853,0.013276453930836324,0.41651231050491333,0.5133169889450073,0.5187484217589664,3.9229447691523913,7.96795654296875,55.07009506225586
190257.jpg,7.3291,0.6090441942214966,0.4721739643701046,0.884749292184546,7.121693134307861,43.826419830322266,0.8981720471391595,0.4501437176966615,7.523784637451172,3.4576153393012223,13.356549263000488,4.084896087646484,57.788230895996094,0.7409541010856628,1.655165433883667,0.8367952704429626,0.03301996365189552,14.812234878540039,0.6584780277541149,0.012813927240059725,0.4226820468902588,0.5146900415420532,0.5311444597170789,3.902970800837864,12.36932373046875,57.510440826416016
190262.jpg,7.4005,0.6117472648620605,0.45443416942457504,0.879861992833124,7.148410320281982,45.7800178527832,0.902036252665501,0.4609106175868221,7.5304059982299805,3.3352861848047333,13.849809646606445,4.249106407165527,58.76107406616211,0.7174913883209229,1.664160966873169,0.83201003074646,0.0362074077129364,14.412025451660156,0.6469216038837318,0.01466272060752635,0.42324286699295044,0.5074962377548218,0.5277582612810919,3.7173895652112012,12.67498779296875,54.50560760498047
190264.jpg,7.4055,0.5941421389579773,0.4825084766088484,0.8812551872260883,6.913679122924805,36.940162658691406,0.8870838406325547,0.39148513855921374,7.4426679611206055,3.463538449024014,12.381468772888184,3.428783416748047,52.715938568115234,0.7270359992980957,1.6846003532409668,0.8119486570358276,0.03495210036635399,14.565267562866211,0.612218369741866,0.014474997711524995,0.40010273456573486,0.5108035206794739,0.4894739704571083,3.9809997741007876,8.86639404296875,54.811378479003906
190265.jpg,7.3743,0.5990493297576904,0.4613116389256973,0.8841380619822522,7.022780418395996,42.9694938659668,0.8880095268079732,0.4188097639559956,7.516022682189941,3.353468104480987,13.841493606567383,4.015007495880127,56.144691467285156,0.7409404516220093,1.676027774810791,0.7972671985626221,0.033730652183294296,14.71975326538086,0.6433548020936457,0.01250518275343555,0.41172075271606445,0.5186083316802979,0.4990265595992738,4.095324716234574,8.54901123046875,55.748146057128906
190269.jpg,7.3241,0.5821110606193542,0.4590907519921667,0.8871099518448071,7.05661153793335,41.502052307128906,0.9048853233045477,0.466419499720256,7.432130336761475,3.3258321529625086,13.60838794708252,3.861274003982544,56.87432098388672,0.7494563460350037,1.6202540397644043,0.8064296245574951,0.02791564166545868,15.541524887084961,0.6314406224996614,0.015347724845380804,0.42089295387268066,0.533399224281311,0.5139199733408613,3.9611194466863715,5.71112060546875,51.266963958740234
190273.jpg,7.3489,0.5808699131011963,0.5121204914816123,0.8958615406213506,6.962175369262695,48.42273712158203,0.8921528333730514,0.40031393810771515,7.553280353546143,3.7168405136046268,15.973275184631348,4.5487799644470215,60.52299880981445,0.7935861945152283,1.6943566799163818,0.8162928819656372,0.03167074918746948,14.993415832519531,0.6723555399348926,0.009284482434235668,0.4008655548095703,0.514040470123291,0.48735599231106297,3.9668794497391913,11.52801513671875,56.0057487487793
190278.jpg,7.3581,0.6050918698310852,0.46269400357572094,0.8830626479710141,7.096526145935059,40.60731887817383,0.8943981353441912,0.4329694260477527,7.486062049865723,3.373646845494129,12.885163307189941,3.7788217067718506,56.133331298828125,0.7336546182632446,1.667478322982788,0.8129798173904419,0.033281028270721436,14.778032302856445,0.6406597135308459,0.012410454742063903,0.41788992285728455,0.5113752484321594,0.5187572362066962,4.037573375001723,9.97821044921875,54.601104736328125
190280.jpg,7.3906,0.595849335193634,0.433043342398419,0.8748904060874422,7.073833465576172,44.661861419677734,0.9073151966181059,0.4587194702861709,7.465062141418457,3.147993918958848,14.121265411376953,4.114064693450928,55.10491943359375,0.6828455924987793,1.6720149517059326,0.8060112595558167,0.03452026844024658,14.619258880615234,0.6224581156838498,0.01705358672745639,0.41917985677719116,0.5118499994277954,0.5057443219191938,3.6413182040981016,7.55340576171875,52.85905456542969
190282.jpg,7.4651,0.5943347215652466,0.48539083570131575,0.8861226771092234,6.934623718261719,40.59529495239258,0.8815864803456009,0.39287455064280147,7.458780288696289,3.4932219937548066,13.245901107788086,3.7930283546447754,53.84275436401367,0.7496781945228577,1.6791036128997803,0.7924712896347046,0.032246850430965424,14.91512680053711,0.628064771886453,0.014177348856879518,0.4049481749534607,0.5244606733322144,0.4892193858406128,4.179482905924738,9.24383544921875,56.05610656738281
190283.jpg,7.4149,0.6100735068321228,0.4553736008352432,0.8820991668312688,7.135666847229004,46.18986511230469,0.8994867532616063,0.4586023555019443,7.515197277069092,3.3358167974996356,14.053330421447754,4.299281120300293,56.541526794433594,0.7262176275253296,1.6509366035461426,0.8216744661331177,0.032584454864263535,14.869895935058594,0.6544253256075044,0.014471564713925024,0.42788273096084595,0.5227848887443542,0.526785772683565,3.981541638368954,12.00408935546875,55.0008544921875
190284.jpg,7.3076,0.6092324256896973,0.4611532846881789,0.8839285679485118,7.079118251800537,43.940773010253906,0.8996010441157938,0.4455422538734447,7.526605606079102,3.367747312308058,13.80081844329834,4.059955596923828,55.63356399536133,0.7396857738494873,1.6562756299972534,0.833781898021698,0.03196193277835846,14.953669548034668,0.6555681688150508,0.013292356910192713,0.420529305934906,0.5205886363983154,0.5309919654179278,3.917837910289924,18.46697998046875,53.70643997192383
190285.jpg,7.3681,0.5892435908317566,0.48408870555858285,0.8834798332422898,6.946130275726318,39.37091064453125,0.8820494673757395,0.4058688691146814,7.438529014587402,3.481734316501692,13.031003952026367,3.6774163246154785,54.708988189697266,0.7360291481018066,1.6722164154052734,0.8010838031768799,0.03368711099028587,14.725362777709961,0.6308203972314914,0.01314796429390839,0.4024520218372345,0.5154192447662354,0.4958657999390193,4.138025897358908,6.68621826171875,54.918556213378906
190286.jpg,7.3369,0.6036493182182312,0.48141867181395726,0.8845484737818039,7.065296649932861,40.907100677490234,0.8933597373843694,0.4321305400461512,7.5034966468811035,3.5068536063198987,13.118888854980469,3.796712636947632,56.67033767700195,0.7409771680831909,1.6663353443145752,0.8208520412445068,0.0335896834731102,14.737940788269043,0.6378298294725879,0.013852661949577242,0.4156448245048523,0.5141860842704773,0.5144516045031945,3.9002211307379313,11.62713623046875,52.531089782714844
190288.jpg,7.3616,0.5880646705627441,0.46758363268555214,0.8919908627539807,7.106097221374512,44.11664962768555,0.9025620593952898,0.4617719386387615,7.483453273773193,3.4109262389844535,13.892513275146484,4.112420558929443,59.78408432006836,0.76909339427948,1.6178205013275146,0.7936289310455322,0.028374604880809784,15.470701217651367,0.6395465798328377,0.015047059762448016,0.4239569306373596,0.5346187353134155,0.5100981886541618,4.0039110913003375,8.97479248046875,51.828922271728516
190292.jpg,7.3302,0.584927499294281,0.5001172896413408,0.8925264262497585,6.96937370300293,38.36947250366211,0.8903114422639752,0.3946578799385777,7.446147918701172,3.6047351002643833,12.893439292907715,3.5740723609924316,54.68669509887695,0.7814028263092041,1.6924082040786743,0.7956606149673462,0.03043185919523239,15.166715621948242,0.6128968069541768,0.015193058405027087,0.3995692729949951,0.5223597288131714,0.4792278536119257,4.112840664316078,10.05780029296875,52.2574577331543
190293.jpg,7.3002,0.5446948409080505,0.5268558201907888,0.9070796022285705,6.98569393157959,40.27608871459961,0.9179016501985053,0.46580996375559974,7.334164619445801,3.772260208029113,14.734620094299316,3.754512071609497,64.92105102539062,0.8240078687667847,1.654160499572754,0.8250873684883118,0.023256076499819756,16.33463478088379,0.6406894487293273,0.012892100947618156,0.4050619900226593,0.521214485168457,0.5167398876862531,4.08354714664697,7.40399169921875,46.494972229003906
190294.jpg,7.3723,0.5891135931015015,0.49932340462913777,0.8903476038553766,7.002073287963867,43.85074996948242,0.8945932235261538,0.4078512154961092,7.513210296630859,3.6239198454816677,14.075782775878906,4.090498447418213,57.04624557495117,0.7713371515274048,1.6789928674697876,0.8320766687393188,0.032543495297431946,14.875358581542969,0.6536751975857885,0.012149298286833227,0.4045402407646179,0.5118019580841064,0.502074670549522,4.078116105505203,13.10321044921875,53.74758529663086
190299.jpg,7.3563,0.5364064574241638,0.48291426295460915,0.8986786350934491,6.929202556610107,45.13568115234375,0.9211315069089454,0.5054293045623469,7.175729751586914,3.405745507254329,16.403898239135742,4.215068340301514,63.87525939941406,0.7810071706771851,1.5804941654205322,0.7832120060920715,0.024223806336522102,16.157577514648438,0.6275566467374638,0.013987406531392268,0.424502432346344,0.521233320236206,0.5150883219247508,4.275811637172109,4.32733154296875,50.39801788330078
190300.jpg,7.3815,0.5605692863464355,0.4934090559803846,0.8861438057785177,6.843191623687744,44.97509002685547,0.9195154216638635,0.4686398495322974,7.391138076782227,3.511682893007597,15.052946090698242,4.19857931137085,61.72700881958008,0.747675895690918,1.6766914129257202,0.8888002038002014,0.03125004097819328,15.051493644714355,0.6685912991778286,0.012379295600892527,0.40989822149276733,0.5180099606513977,0.5380795678087509,4.049829860826948,6.26287841796875,50.52235412597656
190302.jpg,7.381,0.5904645323753357,0.4736832706395693,0.8843569524670671,7.032329082489014,49.595680236816406,0.8955124438803974,0.43076966413747864,7.561853885650635,3.456519016045469,15.802807807922363,4.623301982879639,59.90501022338867,0.747983992099762,1.696305274963379,0.8336098194122314,0.03645903617143631,14.381948471069336,0.6646872556796191,0.010703069263916586,0.4122936427593231,0.5144636631011963,0.5044971521387616,3.700247822601461,10.75457763671875,56.77021789550781
190305.jpg,7.3445,0.5719931721687317,0.5033148885905578,0.8946671736507976,6.973628520965576,45.17426681518555,0.8950588586373265,0.41894482908939445,7.5026092529296875,3.6430623263020365,15.540997505187988,4.239344120025635,59.78609085083008,0.7880872488021851,1.6642794609069824,0.7959514856338501,0.029454858973622322,15.308429718017578,0.6490319576223176,0.011649316351425134,0.40230029821395874,0.5261012315750122,0.48630411421367115,4.199151099921454,11.29949951171875,53.803321838378906
190309.jpg,7.3227,0.6041765809059143,0.4573323843226989,0.886428001105166,7.084370136260986,44.88113784790039,0.8947020765284197,0.43981925914832126,7.528674602508545,3.341517711152351,14.374719619750977,4.1960625648498535,57.669715881347656,0.7479968070983887,1.6555218696594238,0.8021618723869324,0.032086461782455444,14.936781883239746,0.6547249985080762,0.012700682484444621,0.42049556970596313,0.5184229612350464,0.5129993218992397,4.028249993482172,10.21942138671875,56.53185272216797
190310.jpg,7.4002,0.5903712511062622,0.4850996296077211,0.897184711788978,7.061890602111816,43.62813949584961,0.8923486310555948,0.4176830546911676,7.564814567565918,3.5477136499737814,14.295823097229004,4.067327499389648,59.973426818847656,0.7947295904159546,1.6809345483779907,0.7984193563461304,0.029362903907895088,15.322010040283203,0.6428204803624078,0.012498483779909513,0.4086400866508484,0.5203648805618286,0.4954004765139477,4.260665652909347,10.78143310546875,52.77771759033203
190313.jpg,7.3322,0.5950242280960083,0.4865556303013935,0.8895505223070972,6.9924750328063965,41.52137756347656,0.8870581547360044,0.4077196592806247,7.4769415855407715,3.5200972778943473,13.383255004882812,3.878342390060425,55.390750885009766,0.764210045337677,1.6709022521972656,0.7935655117034912,0.030584538355469704,15.144981384277344,0.6332690375421068,0.014230467898333933,0.4089511036872864,0.5260047912597656,0.4946342475622305,4.169423549535629,10.38787841796875,54.556243896484375
190319.jpg,7.3595,0.5755478739738464,0.4884768534513295,0.8960594319503513,7.059737205505371,42.36943817138672,0.8967262824219514,0.43407126390650763,7.488219738006592,3.5531791230170633,13.927255630493164,3.96128249168396,60.55967712402344,0.7913714051246643,1.647754192352295,0.7954353094100952,0.028078658506274223,15.5162353515625,0.6345147496199561,0.014530611637846757,0.41739997267723083,0.5246669054031372,0.49631403480063435,4.026154881101593,7.89373779296875,53.64094543457031
190324.jpg,7.3251,0.5815593600273132,0.5028165788598438,0.894896810950113,6.985308647155762,46.581459045410156,0.8963416947567744,0.42168414928354037,7.570223808288574,3.6593910764587676,15.063748359680176,4.349698066711426,59.99570846557617,0.79068922996521,1.6915889978408813,0.814042329788208,0.03029782325029373,15.185885429382324,0.6514578881407642,0.012056678846681747,0.4066906273365021,0.5214905738830566,0.4929320289775712,3.8667545027012373,11.88836669921875,54.40319061279297
190328.jpg,7.3342,0.5782793760299683,0.47120768886490527,0.8953321256034725,7.099557399749756,47.76274108886719,0.8946529380887087,0.4384941971083343,7.517300605773926,3.443796657386345,14.784004211425781,4.488245964050293,59.89959716796875,0.7885436415672302,1.6400192975997925,0.7894430160522461,0.028254283592104912,15.489157676696777,0.6555075663238458,0.012935693577472653,0.42166316509246826,0.5298680067062378,0.502513235944275,4.0750823500550375,11.75360107421875,55.183799743652344
190330.jpg,7.3956,0.6074574589729309,0.44254112456951805,0.888548627754561,7.113167762756348,58.814308166503906,0.9052893415780585,0.4966743265575012,7.632933139801025,3.2628860662187424,18.234073638916016,5.499690532684326,61.46796798706055,0.758409857749939,1.653266429901123,0.8433886766433716,0.031065836548805237,15.077170372009277,0.7171128340262238,0.008833432830470622,0.42851781845092773,0.5323084592819214,0.5555921489259178,3.8229427634819477,28.65643310546875,54.577545166015625
190332.jpg,7.3131,0.5909498333930969,0.4814026891612148,0.8872197933312982,7.033061981201172,48.07021713256836,0.8936114186893298,0.425898754889157,7.537357330322266,3.507128359065389,15.18640422821045,4.497470378875732,58.45662307739258,0.7586236000061035,1.6754150390625,0.8346970081329346,0.03361157327890396,14.735112190246582,0.6681003658534295,0.01108675404736768,0.410566508769989,0.5119722485542297,0.5090205342564714,3.911056229318656,11.78143310546875,55.20994567871094
190334.jpg,7.29,0.6023416519165039,0.46069230654264626,0.8835793052826686,7.10938024520874,44.3374137878418,0.8972267606562604,0.4428592948816654,7.542189121246338,3.3749410107766664,13.673998832702637,4.123389720916748,56.85374450683594,0.7387875318527222,1.6660397052764893,0.8170934915542603,0.03302104398608208,14.812092781066895,0.6378896415064311,0.014746889715538742,0.420227587223053,0.5186276435852051,0.511032599204784,3.7404989245627847,9.49774169921875,55.64842987060547
190337.jpg,7.3179,0.5832195281982422,0.4693395870554871,0.8874456227312318,6.946023941040039,44.585975646972656,0.8890672348138431,0.4168720788988317,7.5063066482543945,3.391534094140834,14.822500228881836,4.154519081115723,56.37242889404297,0.7613282203674316,1.6766149997711182,0.8063945174217224,0.03144800662994385,15.024069786071777,0.6504451184228416,0.011039798080014634,0.40765655040740967,0.5271860361099243,0.49923020392487505,4.152220492012437,16.63592529296875,56.23250198364258
190345.jpg,7.3665,0.6038029789924622,0.4538593958056344,0.882952163760311,7.039463520050049,43.73061752319336,0.8911909176706054,0.42459575077527517,7.5119500160217285,3.3021561776021375,14.246404647827148,4.0890069007873535,56.18905258178711,0.7304500341415405,1.6677043437957764,0.7831705808639526,0.033489830791950226,14.750870704650879,0.6441881941233426,0.013891806929151944,0.41545194387435913,0.5195812582969666,0.5018584648802152,4.018005059251579,7.74774169921875,55.517974853515625
190349.jpg,7.3746,0.594362735748291,0.44853389137050403,0.878705680748589,6.954805374145508,40.86456298828125,0.9007315748648758,0.45339960568171994,7.445990562438965,3.2296307766160837,13.237369537353516,3.8113441467285156,54.42578125,0.7048400044441223,1.6475729942321777,0.8064802289009094,0.03154868260025978,15.010189056396484,0.6325770746530708,0.014827799751942913,0.4227696657180786,0.5281224250793457,0.5166648517935774,3.9494292493062297,3.95867919921875,54.7470703125
190350.jpg,7.3272,0.6130208969116211,0.4542999323571763,0.8809602396031034,7.120075702667236,41.82435607910156,0.8944693283399178,0.43779943756049566,7.496267318725586,3.320110264564901,13.24622631072998,3.88301157951355,56.67726516723633,0.7210153937339783,1.669522762298584,0.8033939599990845,0.035244908183813095,14.529036521911621,0.6365300260740089,0.013953403755909368,0.417452335357666,0.5090796947479248,0.5159264788677997,3.8939763332316444,10.57781982421875,55.58718490600586
190352.jpg,7.3213,0.6151286363601685,0.4608097347462063,0.8858551681941081,7.150533676147461,41.7798957824707,0.8933622079617936,0.4451520179939552,7.529084205627441,3.382263897756106,12.964892387390137,3.8851494789123535,57.339393615722656,0.741919755935669,1.6519802808761597,0.7989324331283569,0.0324314720928669,14.890335083007812,0.6416061984733399,0.01488214771455935,0.42306748032569885,0.5194196105003357,0.5214537957721547,3.9152144764760695,11.38153076171875,53.9767951965332
190356.jpg,7.3101,0.6108329892158508,0.4596834316434211,0.8822691827793299,7.08436918258667,38.6796875,0.893485132554755,0.4321448694804195,7.47871208190918,3.347212095531825,12.512680053710938,3.583773136138916,54.91288375854492,0.7255749106407166,1.667035460472107,0.8248850107192993,0.03326072543859482,14.780683517456055,0.6388575258499308,0.013417979219072467,0.4149503707885742,0.520801305770874,0.5201749158715825,3.9419728821132356,6.59393310546875,53.4195442199707
190358.jpg,7.3268,0.590699315071106,0.4976319668383739,0.8908371990160429,7.003823757171631,48.09421920776367,0.89169927996479,0.41215681275173993,7.566460609436035,3.625328712949017,15.21088981628418,4.51341438293457,58.254112243652344,0.7736988067626953,1.6815905570983887,0.8172992467880249,0.03296160697937012,14.819916725158691,0.665253647596896,0.012078871657166377,0.4065050482749939,0.5130439400672913,0.5003068114014827,4.1433362812792955,14.22283935546875,57.389102935791016
190374.jpg,7.3562,0.5890336632728577,0.47560563693565183,0.890492954448617,7.031546592712402,47.622779846191406,0.8849675211507233,0.41035805088689775,7.506918907165527,3.457296927561078,15.368807792663574,4.474698543548584,57.974693298339844,0.7708731889724731,1.6707630157470703,0.7875974178314209,0.032111212611198425,14.933433532714844,0.65547709695274,0.011974347068155294,0.4080985486507416,0.5151708722114563,0.4867099459347875,4.031813869039324,10.66668701171875,56.490753173828125
190380.jpg,7.3147,0.6137468218803406,0.45485791109318285,0.8815993988193721,7.121280193328857,41.7523307800293,0.8963648929197277,0.44610146223359914,7.51165246963501,3.3279610160014492,12.974023818969727,3.875084638595581,57.387813568115234,0.7211930751800537,1.6660962104797363,0.8110802173614502,0.03502745181322098,14.555913925170898,0.6421335605332423,0.014400313613176468,0.4215923547744751,0.5076158046722412,0.5235386115475554,3.9776076943378875,11.82342529296875,52.541595458984375
190381.jpg,7.3147,0.5706071257591248,0.5437872693624856,0.8913809870641048,6.76940393447876,35.231353759765625,0.8959693772667686,0.3728002266116539,7.427417755126953,3.8600353541058645,12.273025512695312,3.273693084716797,52.12432861328125,0.7799139618873596,1.7223811149597168,0.8243241310119629,0.03233610466122627,14.90312385559082,0.6051604487112393,0.014677056838461896,0.3889477550983429,0.5215652585029602,0.4792586827594954,4.2633377761763045,9.39373779296875,49.63185119628906
190383.jpg,7.3228,0.5742030739784241,0.48474585836122563,0.8942181925051071,7.034252166748047,52.5120849609375,0.9019064706600006,0.4436344588307858,7.522964954376221,3.5282842614394916,17.016948699951172,4.932120323181152,63.038230895996094,0.7869234085083008,1.6564068794250488,0.8351411819458008,0.03099741041660309,15.086746215820312,0.6810305550484179,0.009858701523368058,0.4122775197029114,0.5197548270225525,0.5067038921652413,4.0808460486257925,12.71990966796875,55.00597381591797
190384.jpg,7.3667,0.5883331894874573,0.477075799288698,0.8910817658534531,7.063748836517334,44.360042572021484,0.8946441972661529,0.429968282810606,7.517112731933594,3.4780967105538707,14.299297332763672,4.143788814544678,58.78129577636719,0.7714709639549255,1.6515424251556396,0.8065024614334106,0.030416641384363174,15.1688871383667,0.6489896250808301,0.013322479919371065,0.40886005759239197,0.5196851491928101,0.5001246897944629,4.052710196538517,9.96844482421875,53.67921447753906
190385.jpg,7.3272,0.6012350916862488,0.46635137712585734,0.8881891030550084,7.122356414794922,43.11560821533203,0.9011232731393758,0.46560732395608295,7.523977279663086,3.4151774817356397,13.422086715698242,4.027316570281982,59.27301788330078,0.7518563866615295,1.63216233253479,0.8122044205665588,0.030388664454221725,15.172883033752441,0.6512848961055921,0.013571381428784925,0.42816105484962463,0.5240768194198608,0.5303815131572839,4.093498680120899,10.12664794921875,54.721595764160156
190388.jpg,7.3349,0.5771932005882263,0.46821057054747905,0.8925708677010533,7.051924228668213,47.64544677734375,0.8961610654952195,0.43971776052986444,7.510915756225586,3.409246264403773,14.853297233581543,4.467136859893799,60.256805419921875,0.7793619632720947,1.6460082530975342,0.8077137470245361,0.03006979078054428,15.218695640563965,0.6529103088817726,0.01379634548733278,0.4193132221698761,0.5199553370475769,0.5034698171626963,4.021136318531985,12.01336669921875,53.46257781982422
190398.jpg,7.3081,0.61358642578125,0.44700574559156964,0.876365221136839,7.147417068481445,45.966243743896484,0.9022057167472406,0.45127514756313936,7.517284393310547,3.277611131673421,13.888017654418945,4.2546916007995605,56.31206130981445,0.7010886073112488,1.684204339981079,0.8471750020980835,0.03731226921081543,14.28148365020752,0.6481577503352316,0.013919179519330523,0.42457783222198486,0.5084181427955627,0.5307229508833287,3.67577334452521,11.07879638671875,58.09742736816406
190399.jpg,7.2495,0.6037842035293579,0.4578894581123494,0.8890312842548981,7.143751621246338,47.32981491088867,0.8992908040931152,0.4494718223478666,7.597371578216553,3.3749107577089976,14.41467571258545,4.420886039733887,58.7736930847168,0.7623627781867981,1.6648712158203125,0.8118138313293457,0.03098224475979805,15.088871955871582,0.6507656932050977,0.013977620574420686,0.4233914017677307,0.5269761681556702,0.5106397679995797,3.723417306941411,11.19549560546875,55.39618682861328
190403.jpg,7.4165,0.590198278427124,0.4762960882707031,0.8822364208733561,6.92864990234375,40.6488151550293,0.8969816045119651,0.4145250682218331,7.467850685119629,3.4285071254019996,13.761346817016602,3.7715935707092285,54.533756256103516,0.7334640026092529,1.690640926361084,0.8268686532974243,0.034011662006378174,14.683722496032715,0.627087074986596,0.01426066471168172,0.403325617313385,0.5158754587173462,0.4933712931852677,4.0102599072453184,7.05926513671875,52.08224105834961
190405.jpg,7.3386,0.615614116191864,0.4449461752292459,0.8841674240949711,7.165113925933838,45.43989944458008,0.9073728104683707,0.48049128232365246,7.571614742279053,3.2785337496315456,13.763031959533691,4.224517345428467,58.62065124511719,0.7344659566879272,1.6445121765136719,0.8116357922554016,0.03162659332156181,14.999476432800293,0.646437241905243,0.014741047683042978,0.43116283416748047,0.5244907140731812,0.5310520239714464,3.7766297490911263,9.56268310546875,52.77097702026367
190408.jpg,7.383,0.5669366717338562,0.530133051383252,0.8917755111622913,6.843654155731201,43.55167770385742,0.9042670387778764,0.4106185941322994,7.451012134552002,3.789047216582933,14.90396499633789,4.0707221031188965,55.327667236328125,0.7836365699768066,1.6908841133117676,0.877129077911377,0.031154081225395203,15.064849853515625,0.6651819851617824,0.010844481420383129,0.3953016400337219,0.5169858932495117,0.5094404329786922,4.18309236114851,12.21697998046875,54.27732849121094
190411.jpg,7.3881,0.5958859920501709,0.4741053674296301,0.8871387371309051,7.084410190582275,41.60731506347656,0.8919970135506485,0.4273982445396216,7.5199151039123535,3.462003172268167,13.265582084655762,3.887014865875244,56.17039108276367,0.7524272203445435,1.6606357097625732,0.8028230667114258,0.03096989169716835,15.090604782104492,0.6376987948175675,0.013391502526284783,0.4133950471878052,0.5197011828422546,0.5030065804589149,4.037276124768021,7.97723388671875,54.83773422241211
190413.jpg,7.3755,0.5871157050132751,0.4800920281118129,0.8856662940541302,7.047146797180176,37.28141403198242,0.9094498785780832,0.45989170404679314,7.488340377807617,3.4891943771208673,12.314614295959473,3.4473607540130615,57.220890045166016,0.7447965741157532,1.64571213722229,0.8100649118423462,0.029084663838148117,15.363359451293945,0.6023468546036786,0.01763949467037788,0.4164038598537445,0.5273371934890747,0.501380606432521,3.8197440712600574,7.65252685546875,49.74457550048828
190415.jpg,7.3785,0.5700411200523376,0.5391438325206135,0.9007595886697627,6.827821254730225,38.56451416015625,0.9078158993669286,0.4072254827921693,7.448088645935059,3.8483944200580247,12.888392448425293,3.5825443267822266,55.28034973144531,0.8171558976173401,1.7253925800323486,0.876619815826416,0.02896909788250923,15.380650520324707,0.6427810884635092,0.013170186549497115,0.3948095738887787,0.5148177742958069,0.516397578002917,4.113972182142623,16.84930419921875,53.67021942138672
190419.jpg,7.3611,0.5924673080444336,0.4636719870489529,0.8824634825324659,7.026928901672363,42.60456466674805,0.8908170589141969,0.4141853180558843,7.4834136962890625,3.3640280916641743,14.111366271972656,3.9613678455352783,54.76881790161133,0.7337311506271362,1.6831724643707275,0.7807640433311462,0.03316817432641983,14.792784690856934,0.6202560995062687,0.014590739211496066,0.40682727098464966,0.5187719464302063,0.4783331700199653,3.9433846237984826,6.34930419921875,51.05677032470703
190420.jpg,7.3506,0.6135650873184204,0.4625309326555745,0.8857910359975366,7.136608123779297,41.52510070800781,0.8967323117441505,0.44820574949735814,7.538476943969727,3.3938490223497926,12.982616424560547,3.851109266281128,57.143516540527344,0.7410582304000854,1.6519941091537476,0.8101770281791687,0.03200360760092735,14.94801139831543,0.6419331684188134,0.015358778229071304,0.4242360591888428,0.5220259428024292,0.5230778807261255,3.918214553005025,9.66033935546875,53.63895797729492
190421.jpg,7.3403,0.5782609581947327,0.4721627635017667,0.8892982391985143,7.071446895599365,46.9110107421875,0.905344404812076,0.45615759448283133,7.490459442138672,3.437803496789364,14.766718864440918,4.382106781005859,59.72317886352539,0.7656522989273071,1.6367839574813843,0.8251446485519409,0.029967553913593292,15.233487129211426,0.6598832386457467,0.012735268947443942,0.4226974844932556,0.5241364240646362,0.517719141784743,3.9641555988108514,13.24871826171875,54.936607360839844
190422.jpg,7.3409,0.5912619233131409,0.4698569355428017,0.8896336409349261,7.077526569366455,44.8421630859375,0.8936859148791751,0.44360507144971084,7.470366477966309,3.417722833096649,14.31143569946289,4.19173002243042,57.637451171875,0.7643005847930908,1.6371535062789917,0.7982438802719116,0.029777565971016884,15.261107444763184,0.644458827577019,0.015160237647632916,0.42102086544036865,0.5316340327262878,0.5084485699790527,3.9213809159527466,9.21697998046875,55.52762985229492
190423.jpg,7.3764,0.597913384437561,0.4866291160720389,0.8880516435063753,7.038161754608154,41.72932052612305,0.8871489978970246,0.4233137264150205,7.490063667297363,3.534937648448583,13.453666687011719,3.894331455230713,56.60319519042969,0.7563977241516113,1.6534833908081055,0.7986236810684204,0.031649306416511536,14.996358871459961,0.6435849909449963,0.012847828488508836,0.4127352833747864,0.5217336416244507,0.5045658584756282,4.164166555730779,9.83123779296875,55.15257263183594
190426.jpg,7.3361,0.5967156291007996,0.4661494087146843,0.8846802818435969,7.074382781982422,38.88334274291992,0.895796954476459,0.43495261255651346,7.455859184265137,3.3866406478769644,12.796357154846191,3.600426435470581,56.43918991088867,0.740670382976532,1.6482350826263428,0.8090759515762329,0.03190425783395767,14.961514472961426,0.625977403358779,0.014448353003715365,0.4158070981502533,0.5237752199172974,0.5083601242228847,4.046750287368636,6.69158935546875,52.76237869262695
190434.jpg,7.3399,0.595686674118042,0.500224558507235,0.8871174513671229,6.957489013671875,38.136322021484375,0.8844845934581909,0.4098128411302934,7.462596893310547,3.606649736482984,12.60538101196289,3.554861068725586,55.646087646484375,0.7534929513931274,1.658982753753662,0.8094817399978638,0.032513320446014404,14.879387855529785,0.629244706673375,0.013504606532871017,0.4074166417121887,0.5219317078590393,0.5028916521156438,4.16214723409257,8.35076904296875,55.72711944580078
190437.jpg,7.3214,0.6045026779174805,0.4696730528712628,0.8804962237622653,7.052199840545654,40.70717239379883,0.8940354197249261,0.4278219922214649,7.484042167663574,3.4136493188288224,13.002389907836914,3.769490957260132,55.5791015625,0.7205383777618408,1.6780154705047607,0.8240028619766235,0.035365719348192215,14.514175415039062,0.6373358099177318,0.014111621443883279,0.41584593057632446,0.5142397284507751,0.5152700486541452,3.9666053531202072,10.85760498046875,55.06874084472656
190438.jpg,7.3831,0.5649909973144531,0.5018054011421839,0.890636646872479,6.920014381408691,39.18166732788086,0.9179129153642231,0.46118986528868566,7.3894877433776855,3.590301522617505,13.753302574157715,3.6295909881591797,59.18415451049805,0.7624541521072388,1.673086166381836,0.876051664352417,0.02692295052111149,15.698775291442871,0.6397493053961288,0.013988922255441117,0.41149312257766724,0.5305275917053223,0.5325051257103628,3.9970869057167357,5.75213623046875,48.47565841674805
190440.jpg,7.3017,0.5894279479980469,0.4712687295483972,0.8787783433052028,6.9828386306762695,40.624183654785156,0.8883424957129122,0.4066340423062731,7.4282426834106445,3.3957545903768676,13.092669486999512,3.7747700214385986,53.749271392822266,0.7118480205535889,1.681868314743042,0.7927875518798828,0.034639447927474976,14.604290962219238,0.6191413470510305,0.01558042292032168,0.40463733673095703,0.5067426562309265,0.4879991573862083,3.8748835025734354,8.50701904296875,56.79762268066406
190444.jpg,7.348,0.5925461053848267,0.48965066355779796,0.8882108878884912,7.007777214050293,46.05805587768555,0.8892147001566028,0.41523726012256224,7.532906532287598,3.559936482132782,14.54499340057373,4.3172926902771,57.832664489746094,0.7620617151260376,1.6724658012390137,0.8106049299240112,0.03341192752122879,14.760985374450684,0.6568927809494673,0.012363735697859842,0.4096083641052246,0.509351909160614,0.5016519960921652,4.1148558027872415,13.45477294921875,53.74946975708008
190446.jpg,7.3609,0.5536507368087769,0.5003056063743546,0.9018552324526448,7.03164529800415,35.778236389160156,0.9121359981086322,0.4682031506476742,7.33228874206543,3.5931875801130353,12.86981201171875,3.3384130001068115,62.68547439575195,0.8042922019958496,1.6378986835479736,0.8235611319541931,0.023349691182374954,16.317190170288086,0.6059074923936113,0.013395545816851321,0.4168415665626526,0.5299849510192871,0.5112288147708989,4.103572148217395,4.36297607421875,47.89752960205078
190449.jpg,7.3335,0.5827213525772095,0.510874325280329,0.8998172243695027,7.062522888183594,40.96731185913086,0.9030161357927011,0.41901575495625454,7.554396629333496,3.7337136953760055,13.841623306274414,3.809603214263916,60.544063568115234,0.8066244721412659,1.6987299919128418,0.8364577293395996,0.02926190383732319,15.33697509765625,0.6433110323342298,0.01176601661494639,0.39998745918273926,0.5143173933029175,0.501611567075669,3.908822053802544,11.65545654296875,52.636260986328125
190451.jpg,7.6635,0.5934422612190247,0.4934560835458014,0.8882207754352598,6.9639763832092285,39.929813385009766,0.8820033675005216,0.4017119239647109,7.507795333862305,3.570600837956338,12.870527267456055,3.7336089611053467,56.167266845703125,0.7603428363800049,1.6655247211456299,0.7963314056396484,0.032804496586322784,14.840665817260742,0.6314578150519845,0.012845349814760126,0.40645623207092285,0.5193715691566467,0.4917258584433246,4.178739258369018,9.33319091796875,56.23853302001953
190458.jpg,7.3618,0.5871394872665405,0.4986947791765114,0.8876528128522903,7.015584945678711,43.03841781616211,0.8937406513785628,0.4162795272110958,7.499211311340332,3.6192356440682385,14.075714111328125,4.005458831787109,55.525604248046875,0.7603713274002075,1.685971975326538,0.8297572135925293,0.03230294957756996,14.90757942199707,0.6408449337294755,0.01326586045331632,0.4082663059234619,0.5192238688468933,0.5008110910725682,4.031609606159125,10.38006591796875,54.224002838134766
190460.jpg,7.3558,0.5392249226570129,0.4805507250157336,0.8963996461296689,6.916680335998535,48.35781478881836,0.9242506885930463,0.5225256783414397,7.197639465332031,3.391332309746282,17.317323684692383,4.5104265213012695,64.22407531738281,0.7715752124786377,1.5767451524734497,0.7972232699394226,0.025263896211981773,15.974997520446777,0.6345059675062337,0.013234697804483693,0.4288169741630554,0.523261547088623,0.5277632210990628,4.060931438719076,6.84637451171875,50.27361297607422
190469.jpg,7.4124,0.5891945362091064,0.5262899645666984,0.885521298667106,6.924808979034424,38.363887786865234,0.893125506179064,0.391166579783607,7.486519813537598,3.7922784392347477,13.03940486907959,3.562429904937744,54.00947189331055,0.7510955333709717,1.7006579637527466,0.8507063388824463,0.035920400172472,14.446588516235352,0.6306647804021989,0.013451444889655528,0.39284640550613403,0.5084899067878723,0.4994339315763956,3.845913228523737,10.62371826171875,53.06161880493164
190470.jpg,7.3426,0.5793338418006897,0.5137196122084562,0.8893194527219309,6.983642578125,43.73450469970703,0.9096728533256808,0.43633835973759166,7.467344760894775,3.7118873119497575,14.536760330200195,4.069578170776367,56.62860107421875,0.7726032137870789,1.6801021099090576,0.8765002489089966,0.030063433572649956,15.219614028930664,0.6583500362101449,0.013297211909507306,0.4048725962638855,0.5227965116500854,0.5233536442155903,3.708077795370934,12.24481201171875,52.40108871459961
190471.jpg,7.3848,0.5935114026069641,0.4868065998442628,0.89517049983195,7.0891900062561035,46.18500518798828,0.893057116033436,0.41673227876137403,7.574976921081543,3.5693157138339,14.59201431274414,4.317227363586426,60.691837310791016,0.7880113124847412,1.6693406105041504,0.817638099193573,0.03128140792250633,15.047136306762695,0.6633270938391599,0.010793877653081076,0.41107654571533203,0.5175250172615051,0.5017096721210174,3.919850366327845,11.55438232421875,53.30474853515625
190472.jpg,7.3399,0.6029530763626099,0.4994563714368079,0.880527654583362,7.030261039733887,31.818220138549805,0.9062212019289282,0.39729855257332164,7.450950622558594,3.6163756927659954,11.340583801269531,2.8977558612823486,53.83592987060547,0.7230586409568787,1.6874210834503174,0.8615734577178955,0.03670015186071396,14.353322982788086,0.605094590474638,0.01333326881369434,0.39968377351760864,0.5183860659599304,0.5035241901857255,4.111863372669454,8.68231201171875,52.96013641357422
190474.jpg,7.3073,0.5910424590110779,0.504557242123579,0.8854737066391288,6.983518600463867,37.47166061401367,0.8928494628087503,0.3921222854960643,7.459744930267334,3.6437360085267194,12.457221984863281,3.467162847518921,53.2900276184082,0.7498638033866882,1.6901016235351562,0.8322547078132629,0.03322295844554901,14.78561782836914,0.6214874057767751,0.014138133240812001,0.39702558517456055,0.5141913890838623,0.494625568098054,3.92172824851239,8.92059326171875,54.07134246826172
190475.jpg,7.3409,0.5887737274169922,0.48529085302089287,0.8881605654723704,7.072394847869873,43.05226516723633,0.8934203223707226,0.43415382657881313,7.475634574890137,3.530021659142559,13.85779857635498,4.014354228973389,57.70656967163086,0.7572734951972961,1.643674373626709,0.8140503168106079,0.031202925369143486,15.058048248291016,0.6542789450857684,0.011622629043406775,0.4163289964199066,0.5276322960853577,0.5182885135886152,3.9540733817839784,13.11346435546875,54.3188362121582
190487.jpg,7.3783,0.5925337672233582,0.4839569011880149,0.8855735236775949,6.9893646240234375,42.74932861328125,0.8853369262661769,0.4060707725436329,7.476626873016357,3.500466941166774,13.626465797424316,3.980872392654419,54.536827087402344,0.7518988847732544,1.6902235746383667,0.8203590512275696,0.03389018028974533,14.699260711669922,0.635404233690715,0.013526095188013502,0.40381917357444763,0.5181270837783813,0.49848025608486807,4.01217811622786,11.37615966796875,56.12945556640625
190491.jpg,7.3001,0.6015012860298157,0.4757198396280219,0.8826119588776846,7.047257423400879,39.13930130004883,0.8897404292359288,0.41792633436590415,7.480152606964111,3.4554972273801425,12.74632740020752,3.6376805305480957,54.87257385253906,0.7299715876579285,1.6695650815963745,0.8156396746635437,0.03360495716333389,14.735967636108398,0.6288902756797419,0.014100680638859288,0.4112861454486847,0.517669677734375,0.5076567289327183,3.9860214840582033,6.83758544921875,55.09747314453125
190493.jpg,7.3471,0.5926474928855896,0.4812578264042817,0.8843084561259584,6.999880790710449,38.456878662109375,0.8847061797999674,0.4022156622122154,7.472811222076416,3.4825570659424923,12.715537071228027,3.5777785778045654,54.324058532714844,0.742590069770813,1.676640272140503,0.8013213872909546,0.033393461257219315,14.763384819030762,0.6174590965717531,0.01497063219460493,0.4049202799797058,0.5178275108337402,0.4907176243898166,4.026154857176024,7.29364013671875,56.10423278808594
190496.jpg,7.3281,0.5947132110595703,0.46822909188965145,0.8836258229091487,7.006402492523193,41.34025192260742,0.888591170755741,0.41508958518593736,7.473112106323242,3.3898735041747763,13.375825881958008,3.8464772701263428,54.83435821533203,0.7385771870613098,1.6708459854125977,0.7888201475143433,0.03275521844625473,14.84719467163086,0.6232770893685431,0.014674071242718011,0.4075332283973694,0.5184585452079773,0.4894481589805737,4.10386098048837,8.19207763671875,53.24765396118164
190497.jpg,7.3369,0.5840961337089539,0.48191332768415207,0.882334366656359,7.019521236419678,45.587379455566406,0.9145105536653916,0.45281517871134647,7.481631278991699,3.4941579290464393,14.747397422790527,4.2407708168029785,58.52658462524414,0.7406717538833618,1.675854206085205,0.8872944116592407,0.034445621073246,14.628660202026367,0.6632560500825047,0.013188639321232185,0.41300901770591736,0.5102294087409973,0.5301771672245178,3.7255440846409726,12.52801513671875,53.112579345703125
190499.jpg,7.4293,0.5896517634391785,0.48912336166056836,0.8907177392262091,7.031006336212158,48.56724166870117,0.8900651374411152,0.40669369689538526,7.549405574798584,3.5658191157045067,15.243684768676758,4.563610076904297,57.503875732421875,0.7745053768157959,1.6836663484573364,0.8234573602676392,0.032588765025138855,14.869319915771484,0.668697662163831,0.011832849733264823,0.4080313444137573,0.5148359537124634,0.5025885160174658,4.05803834536622,13.69940185546875,57.68509292602539
190512.jpg,7.2334,0.5590420961380005,0.5212591829291131,0.8890983842739828,6.85728645324707,34.058189392089844,0.9087611829323521,0.3999364129839296,7.413678169250488,3.719445113706577,12.230053901672363,3.148101568222046,56.11708068847656,0.7686755061149597,1.7182586193084717,0.8256853818893433,0.030161559581756592,15.205461502075195,0.5985679919307797,0.015364105426694518,0.39401954412460327,0.5152736902236938,0.48958835547367685,4.184722683319948,5.29071044921875,49.20101547241211
190513.jpg,7.4752,0.5946884751319885,0.4551443667309097,0.8842569691667457,7.084686279296875,41.09613037109375,0.9026823549697515,0.45895899631803094,7.472715377807617,3.312867983417748,13.220158576965332,3.8031678199768066,56.3559455871582,0.7343041300773621,1.6421897411346436,0.8020653128623962,0.02965211123228073,15.279444694519043,0.6194966657192648,0.016728790962920553,0.42569586634635925,0.5402412414550781,0.5058356821797062,3.9392916542905723,4.28289794921875,51.95096969604492
190517.jpg,7.4259,0.5888442993164062,0.4755634903201203,0.8903205292315601,7.030787944793701,47.55501174926758,0.8849266121173521,0.4110708298030848,7.507760047912598,3.4570101481167494,15.289275169372559,4.4644927978515625,57.854610443115234,0.7700724005699158,1.6688470840454102,0.7888458967208862,0.03210624307394028,14.934104919433594,0.6568278695030815,0.01258154272398771,0.4084031283855438,0.5151585340499878,0.4870162027876213,4.011655626512952,10.38836669921875,57.3210334777832
190519.jpg,7.4496,0.5603566765785217,0.495469102492305,0.8862982477246076,6.8090972900390625,36.64371109008789,0.9143931186102364,0.43614266204271096,7.304471969604492,3.4964276804638743,13.454092025756836,3.393394947052002,55.03523254394531,0.7462508678436279,1.6894961595535278,0.857925295829773,0.02755928970873356,15.597320556640625,0.632399495903047,0.012183668778453895,0.4014964997768402,0.5268038511276245,0.5164342060088443,4.175233758638147,5.81268310546875,47.32989501953125
190520.jpg,7.448,0.5784144401550293,0.4672682641655565,0.8838635896432223,7.0286641120910645,47.5291633605957,0.8999235603970455,0.4505130839779221,7.455674171447754,3.384044410270782,15.035164833068848,4.416652202606201,57.03019332885742,0.7402130365371704,1.6553797721862793,0.8060786724090576,0.030516084283590317,15.154712677001953,0.6404683133358613,0.015211137895098105,0.4172946810722351,0.5258605480194092,0.5013348519100791,3.56133894897415,8.66619873046875,52.82841873168945
190523.jpg,7.457,0.6038215160369873,0.4819261770096691,0.8892501286875434,7.093949794769287,40.3800163269043,0.8929800872057193,0.42652376685171256,7.512113094329834,3.519531112176308,13.039484977722168,3.7541892528533936,57.95750045776367,0.7610930800437927,1.6503701210021973,0.8038136959075928,0.03182490915060043,14.972328186035156,0.6340247529478563,0.014408919216720028,0.419047087430954,0.5277000665664673,0.5099475648857674,3.9425513041524303,11.31219482421875,52.16984176635742
190524.jpg,7.3962,0.5893038511276245,0.4713051797073015,0.8910625830472696,7.087231636047363,45.61931610107422,0.8962717674807141,0.44026196718448907,7.500661373138428,3.4376834339600464,14.611513137817383,4.271313667297363,58.740867614746094,0.7713493704795837,1.6412780284881592,0.8042049407958984,0.029798123985528946,15.258111953735352,0.6577766323751773,0.013338469535626396,0.417263388633728,0.5248652696609497,0.5095131531911965,3.9768116697064344,10.58221435546875,55.8780632019043
190527.jpg,7.4236,0.5903282761573792,0.4719797000664969,0.8900255675696878,7.097186088562012,40.86592483520508,0.9073331964895053,0.4608029813635229,7.446715354919434,3.4322217659515886,13.474066734313965,3.7872509956359863,60.30668258666992,0.7578739523887634,1.6428544521331787,0.8206031322479248,0.029139500111341476,15.355178833007812,0.6429829567978453,0.012781961530105588,0.419592946767807,0.5202997922897339,0.5239028898866128,4.056326781571976,7.75506591796875,50.547401428222656
190537.jpg,7.375,0.6009745001792908,0.4800609584177124,0.8880510642277136,7.153419494628906,42.46818542480469,0.9003752561825928,0.45385769753694194,7.505934715270996,3.5187006280025805,13.599553108215332,3.9458694458007812,60.01203918457031,0.7513006925582886,1.6287940740585327,0.8148680925369263,0.031768880784511566,14.979981422424316,0.6517600861330319,0.01316250585654936,0.4240889549255371,0.5275530815124512,0.5284329854995412,4.0150508147549555,11.00311279296875,54.4046630859375
190538.jpg,7.4501,0.5839473605155945,0.4713559693893995,0.8829057959985095,7.046496391296387,44.62424087524414,0.9016502299181988,0.44767878042480364,7.472222328186035,3.4217511118839177,14.249805450439453,4.148994445800781,56.36394500732422,0.737411618232727,1.6567509174346924,0.8116878271102905,0.031592778861522675,15.004121780395508,0.6281737885264078,0.016868036858888054,0.4176679253578186,0.5232776403427124,0.49980045670183687,3.8431054360208914,8.59735107421875,53.178382873535156
190543.jpg,7.3829,0.5958791971206665,0.48127838292875863,0.8910276063207597,7.054234027862549,52.253028869628906,0.8894082659278194,0.417916536650334,7.589517116546631,3.5238692647392718,16.442869186401367,4.9127888679504395,60.09191131591797,0.7702479362487793,1.6850394010543823,0.7918405532836914,0.03320392221212387,14.788106918334961,0.6720392932375834,0.011036837391101322,0.40681248903274536,0.5182231664657593,0.4916454341163712,4.082425154285565,16.49920654296875,55.222774505615234
190544.jpg,7.3621,0.5636429190635681,0.5315217436730381,0.8908032601651297,6.840850830078125,37.80365753173828,0.8940469165809204,0.3869709999465981,7.433073043823242,3.79346030742302,13.470772743225098,3.5166633129119873,56.07971954345703,0.7763392925262451,1.6983201503753662,0.7996169924736023,0.031877852976322174,14.965109825134277,0.6106599880730232,0.015019663645718776,0.3911552429199219,0.5223517417907715,0.47251678826283333,4.105124032175022,7.87957763671875,50.65333557128906
190548.jpg,7.327,0.5976899266242981,0.4641258752671883,0.8876333784128582,7.026249885559082,42.4002571105957,0.8935033896965303,0.43486865959860066,7.540287971496582,3.380362301209839,13.361617088317871,3.948996067047119,57.301292419433594,0.757266640663147,1.657850980758667,0.8099101781845093,0.03160739690065384,15.00211238861084,0.6445312528660728,0.012893325345589351,0.42096424102783203,0.5297200083732605,0.5158351819777547,3.9096432719579526,13.61151123046875,55.00341796875
190553.jpg,7.3661,0.5866665244102478,0.49708130124655836,0.8902395204734137,6.982367515563965,46.97784423828125,0.8917849465770034,0.41259283247894435,7.547935485839844,3.6113802610621466,15.30823802947998,4.384713172912598,59.183467864990234,0.770695686340332,1.6850714683532715,0.8269550800323486,0.03249149024486542,14.882303237915039,0.6692719833241757,0.0102886120799326,0.4071705937385559,0.5143560171127319,0.5013844162019814,4.055012639290577,10.76092529296875,57.399627685546875
190558.jpg,7.3849,0.5942525267601013,0.4802700562440364,0.8941832664440461,7.109084129333496,46.81663513183594,0.899999798810542,0.44497765493451436,7.610013008117676,3.534579707884083,14.849656105041504,4.374749183654785,62.247432708740234,0.7853347063064575,1.6691784858703613,0.8257464170455933,0.03135848417878151,15.036450386047363,0.6612597095953233,0.012158303725475708,0.4168356955051422,0.5143762230873108,0.5099972899032107,3.742959365042746,11.83660888671875,52.79999542236328
190569.jpg,7.3382,0.596298098564148,0.4771909395752088,0.8875796038646087,7.044678211212158,42.47795867919922,0.8858724035652973,0.41000845220195326,7.479296684265137,3.4653633393539423,13.519099235534668,3.9765937328338623,55.4417610168457,0.756408154964447,1.6786006689071655,0.7899700999259949,0.03147725760936737,15.020030975341797,0.6405495236588947,0.013164399470506728,0.41137078404426575,0.5183706283569336,0.49682059801902334,4.063363841101514,11.41864013671875,56.94969177246094
190574.jpg,7.3532,0.6142184138298035,0.46888877752853364,0.8830344989682296,7.1410322189331055,39.6994514465332,0.8997226240388856,0.42681800931646524,7.519676685333252,3.4371297100893727,12.977385520935059,3.6518075466156006,56.5469970703125,0.7293710708618164,1.6780810356140137,0.811180591583252,0.03485516086220741,14.577329635620117,0.6325034192523076,0.013661307425291216,0.4168488383293152,0.5188703536987305,0.5132117377974421,4.007568230339218,9.13739013671875,54.40347671508789
190577.jpg,7.3827,0.5872113108634949,0.4773477763198489,0.8962250212450337,7.111057281494141,46.586082458496094,0.902174549416821,0.45193026837560757,7.5875396728515625,3.508179965896481,15.026472091674805,4.354231834411621,63.92256164550781,0.7914254069328308,1.6462876796722412,0.8257938623428345,0.029710981994867325,15.270830154418945,0.6640824713756903,0.011035465453507774,0.41705983877182007,0.5227886438369751,0.5142205480211763,3.78666932754081,10.16766357421875,55.893157958984375
190588.jpg,7.3756,0.6114457249641418,0.45579358384058016,0.8847782458294805,7.162844181060791,41.73475646972656,0.897914639343645,0.44815005876583264,7.523945331573486,3.347080567135377,13.069660186767578,3.8724915981292725,57.01567840576172,0.7377489805221558,1.651713490486145,0.8051350116729736,0.032139480113983154,14.92961311340332,0.6348812398259804,0.015222594938208924,0.42429476976394653,0.5261706113815308,0.5185284692344031,3.8926816866033582,9.24237060546875,54.549041748046875
190606.jpg,7.3027,0.6020656824111938,0.48304970529750685,0.8843067374431277,7.025147438049316,34.58481979370117,0.8954007208643653,0.41024343473628355,7.470806121826172,3.501141841689435,11.802650451660156,3.193065643310547,54.98164749145508,0.7398563623428345,1.6700562238693237,0.8084417581558228,0.03325646370649338,14.781238555908203,0.6060793528232761,0.01411540249179637,0.40708720684051514,0.5174379348754883,0.4955453048029579,4.128239471739784,6.39569091796875,52.054710388183594
190607.jpg,7.3164,0.5865153670310974,0.4721122656622084,0.8798434619356293,6.92666482925415,40.66355514526367,0.8902675552758293,0.42109491329010185,7.46457576751709,3.397149326086577,13.094242095947266,3.789442777633667,53.5383186340332,0.7221542596817017,1.6788432598114014,0.8283835649490356,0.03370533511042595,14.723013877868652,0.6301613438169125,0.015289530071449325,0.4097592830657959,0.5183559060096741,0.5041318131928993,3.9711234641699136,7.06854248046875,56.113834381103516
190609.jpg,7.3305,0.6034221053123474,0.47668173892614146,0.8828463281569634,7.1129279136657715,44.01179122924805,0.8959528274239403,0.4389022013235635,7.520183563232422,3.4876771514003426,13.517328262329102,4.0886149406433105,56.872283935546875,0.7346981167793274,1.669884443283081,0.8236582279205322,0.03403596207499504,14.680619239807129,0.6392991373290537,0.014448516452770847,0.4198284149169922,0.51310133934021,0.5162472730025195,3.8340094622658087,11.83319091796875,56.97222137451172
190613.jpg,7.35,0.5815358757972717,0.47289526424825257,0.8891940832384663,7.065063953399658,46.88582992553711,0.9017479334405819,0.45452369032399886,7.530257701873779,3.45103787032879,14.688036918640137,4.384542942047119,60.26839828491211,0.7653824090957642,1.6512969732284546,0.8467885851860046,0.031074699014425278,15.07593059539795,0.6626214162297636,0.013276103025284518,0.4203260838985443,0.5159932374954224,0.5235107253024659,3.9565450883679834,9.87322998046875,54.62946701049805
190614.jpg,7.4096,0.5770279169082642,0.47395401054189,0.8903045661136847,7.06688117980957,43.14553451538086,0.9067173853935325,0.45678005198722826,7.482740879058838,3.447934618585464,14.06424617767334,4.020225524902344,60.46873092651367,0.763613224029541,1.6367762088775635,0.8197728395462036,0.028701789677143097,15.420909881591797,0.6418503821553184,0.014237759112892222,0.4208219051361084,0.5248159766197205,0.5181508699393017,3.9346232059143325,6.07244873046875,52.275840759277344
190620.jpg,7.3282,0.589383065700531,0.46862827638659726,0.8965749926794573,7.137887001037598,48.35802459716797,0.8999104617322866,0.4572825609982184,7.55085563659668,3.441788643032689,15.084532737731934,4.526370525360107,62.15249252319336,0.7897871136665344,1.6325857639312744,0.781306266784668,0.02825470268726349,15.489092826843262,0.6559516044056408,0.013486880689213094,0.42335039377212524,0.529259204864502,0.5095848782129938,3.9140232641914574,12.88543701171875,54.077850341796875
190624.jpg,7.3289,0.5939056277275085,0.46237634016187695,0.8827069623273914,7.084631443023682,43.33346939086914,0.8991733505583694,0.45868846326650026,7.465488433837891,3.3638238831525804,13.545992851257324,4.0332159996032715,55.60407638549805,0.7305607795715332,1.637817621231079,0.8050031661987305,0.030251462012529373,15.192537307739258,0.6300673342054889,0.01762795113248139,0.42721837759017944,0.5291088819503784,0.5152665732863777,3.719932507222556,9.00848388671875,55.09172439575195
190627.jpg,7.3404,0.5687925219535828,0.5105800230199141,0.8921844675980004,6.926065444946289,42.35366439819336,0.9258234119652283,0.47726093906139533,7.500937461853027,3.6830793337273224,13.772843360900879,3.9305195808410645,63.96279525756836,0.7783890962600708,1.6972088813781738,0.9294868111610413,0.031190291047096252,15.059805870056152,0.6733998491725,0.010948399067863195,0.4112398028373718,0.5072227716445923,0.5628095196159683,3.7409686669642577,13.44793701171875,50.075294494628906
190628.jpg,7.4146,0.5942864418029785,0.47548622082799347,0.8866632550406154,7.02650260925293,45.497982025146484,0.8828825710562038,0.4112977410591257,7.495255470275879,3.45245667896981,14.571944236755371,4.257509708404541,55.21472930908203,0.7550634145736694,1.6775357723236084,0.7857637405395508,0.032586053013801575,14.869682312011719,0.6309834444026738,0.015264356664760522,0.40994250774383545,0.5230132341384888,0.4884839788664296,4.182295369791371,11.36785888671875,57.16813659667969
190629.jpg,7.4296,0.6071869134902954,0.47153351700110985,0.8859432357652051,7.1260986328125,38.73615646362305,0.8960689978811532,0.4325053363962208,7.502016067504883,3.4488317212303965,12.46826171875,3.579965353012085,56.29359817504883,0.7443771362304688,1.6575734615325928,0.7979755997657776,0.031705066561698914,14.988713264465332,0.6178636138808148,0.01629365960645502,0.41982144117355347,0.5262234210968018,0.5056289872908842,3.8637308561746955,8.18328857421875,51.18849182128906
190636.jpg,7.3996,0.5854141116142273,0.4741277527657138,0.8885526502723102,7.01771879196167,44.291748046875,0.8930822472660417,0.4284354859914073,7.480038642883301,3.4369035374774004,14.3497896194458,4.137336254119873,57.26117706298828,0.7624324560165405,1.6563341617584229,0.8247264623641968,0.030821213498711586,15.111503601074219,0.6560664109455895,0.011547676084494155,0.4072786569595337,0.5182312726974487,0.5053984507233277,3.879460022204018,8.43035888671875,54.915184020996094
190637.jpg,7.3468,0.5835001468658447,0.5148528311311851,0.8901143544616767,6.866123199462891,37.702232360839844,0.8888480145618497,0.382484232056209,7.467059135437012,3.6897493052373243,12.891032218933105,3.509549856185913,53.961830139160156,0.7730109095573425,1.7010802030563354,0.8148779273033142,0.03220948576927185,14.920162200927734,0.6202750040703766,0.013551654531228948,0.3918988108634949,0.5250323414802551,0.4822018654750524,4.172783799649204,6.60223388671875,52.5267448425293
190639.jpg,7.3496,0.6011189818382263,0.47282795604890204,0.8891463539394151,7.142403602600098,37.339290618896484,0.8985656706848696,0.43688092147928137,7.534817695617676,3.4699089409778736,12.187498092651367,3.4637229442596436,60.35900115966797,0.754742443561554,1.6504982709884644,0.8057911396026611,0.031406547874212265,15.029797554016113,0.6238976188954221,0.013006997255712261,0.41898202896118164,0.5270596742630005,0.5100934879624245,4.060595216973405,7.53192138671875,54.8748664855957
190644.jpg,7.4249,0.5791743397712708,0.4770238516881302,0.8976174029919608,7.134008407592773,49.033363342285156,0.9039122402782844,0.45900261631002515,7.528157711029053,3.497110515690233,15.66260051727295,4.595007419586182,63.145565032958984,0.797450065612793,1.6334655284881592,0.8326989412307739,0.028246425092220306,15.490365982055664,0.6779087497680034,0.010658237626823297,0.42051467299461365,0.5290899276733398,0.5222965454812465,3.975247331092337,13.01580810546875,55.5904426574707
190646.jpg,7.378,0.5785693526268005,0.49943170071319754,0.8863350839665819,6.989173412322998,41.8518180847168,0.903391052810598,0.4039121497704563,7.433023452758789,3.6014602196397973,14.218710899353027,3.8888726234436035,54.24764633178711,0.7549003958702087,1.6841734647750854,0.8387335538864136,0.031028710305690765,15.08236312866211,0.6400981872064583,0.013507053442194295,0.3986766040325165,0.5194863080978394,0.49466566066415485,3.9786588443251705,10.25067138671875,51.144309997558594
190647.jpg,7.3495,0.5956072211265564,0.4746275456707345,0.8852966529716882,7.070769309997559,44.74256134033203,0.8903164233606413,0.4228781513741159,7.5271406173706055,3.4642937466377077,13.879993438720703,4.171838760375977,56.73398208618164,0.7498810291290283,1.6802746057510376,0.8229761123657227,0.03388727828860283,14.69963264465332,0.6418893716451987,0.01358736642056648,0.4123988747596741,0.5193045735359192,0.5076148794601548,3.896424820345674,12.22772216796875,57.3831901550293
190649.jpg,7.2665,0.567477822303772,0.5260053578648587,0.8949247459903554,6.951966285705566,41.4312858581543,0.8961767769084142,0.4031810981625416,7.484078884124756,3.7967283662912177,14.984954833984375,3.875804901123047,58.96871566772461,0.7914366722106934,1.6933887004852295,0.8159050345420837,0.030393533408641815,15.172187805175781,0.6355351485095676,0.011809548456114883,0.398389607667923,0.5262892842292786,0.4844177239649198,4.074761856301813,7.81707763671875,51.373390197753906
190650.jpg,7.3654,0.5883967280387878,0.47984894168316794,0.8915535961886983,7.026505947113037,50.15220260620117,0.8877914612792666,0.40987567449598067,7.552919387817383,3.4979695432577564,15.682428359985352,4.718747615814209,57.584815979003906,0.7778801918029785,1.6829907894134521,0.8162996768951416,0.03220183029770851,14.921194076538086,0.6681440596856547,0.011800528354863867,0.41016530990600586,0.5187354683876038,0.4997233828355858,3.9370086326494294,14.88641357421875,56.222991943359375
190654.jpg,7.3465,0.583681583404541,0.48359637338300104,0.8916268873045639,7.098599910736084,44.58554458618164,0.9173391543330208,0.4734558562618263,7.513820171356201,3.5332655083782463,14.58853816986084,4.140410900115967,63.531837463378906,0.7684831619262695,1.6704602241516113,0.8613702058792114,0.029957521706819534,15.234941482543945,0.6497479255500804,0.01435913612322877,0.42225903272628784,0.5343896150588989,0.5328465761160269,3.9231964480835537,9.05145263671875,51.371315002441406
190655.jpg,7.3863,0.5636860728263855,0.49608595624647267,0.886584105087001,6.845485687255859,46.4515266418457,0.9152627900538809,0.45253384831213456,7.428606033325195,3.5405970865137615,15.160038948059082,4.353226661682129,57.81416320800781,0.7572751641273499,1.6777114868164062,0.8811681866645813,0.029599688947200775,15.287128448486328,0.6757566209454079,0.011257447383464073,0.4096168875694275,0.521813154220581,0.525627473166131,4.004753438974739,11.00848388671875,50.437076568603516
190656.jpg,7.327,0.5920517444610596,0.4632590179687147,0.8923197557210701,7.199896812438965,43.87577819824219,0.910792892498963,0.4857392163450149,7.5369720458984375,3.41350220958895,13.495064735412598,4.0634894371032715,61.59061050415039,0.7764868140220642,1.6288297176361084,0.8210151791572571,0.02850240468978882,15.45118522644043,0.6247084686723793,0.016509048725368566,0.43603286147117615,0.532671332359314,0.5232379930944294,3.578965159740506,12.05633544921875,51.733219146728516
190658.jpg,7.3137,0.5792246460914612,0.5104565871915456,0.8973782765157271,7.069220542907715,44.1732063293457,0.896380830866042,0.4156700954388969,7.551919937133789,3.7317382511058774,14.999871253967285,4.1258463859558105,60.74463653564453,0.7986440658569336,1.6738030910491943,0.8168509006500244,0.029477709904313087,15.305063247680664,0.656187946469177,0.010953015439354948,0.4083135426044464,0.5254449844360352,0.5042222161043938,4.060845572129274,11.22821044921875,55.42991256713867
190664.jpg,7.3055,0.5827751159667969,0.526833175348122,0.8972439113279771,6.949527740478516,42.35518264770508,0.8950654268578845,0.39030839792783306,7.552291393280029,3.8200293570334054,13.970907211303711,3.9511635303497314,57.405181884765625,0.7998815774917603,1.6978015899658203,0.8193458914756775,0.03150094300508499,15.016765594482422,0.6396747043410653,0.012008242268689764,0.39786213636398315,0.5173599720001221,0.48308882920940455,4.129091918831437,12.99383544921875,54.72767639160156
190668.jpg,7.3614,0.6161679625511169,0.4294264047526337,0.8778836797513707,7.156524658203125,46.702667236328125,0.8975544670051736,0.45993785666043696,7.514866828918457,3.1501494899302713,14.065985679626465,4.341068267822266,55.76375961303711,0.7033175230026245,1.6659681797027588,0.8126335144042969,0.03527163341641426,14.52574348449707,0.6396847307937165,0.016239814213227784,0.4264135956764221,0.5246708393096924,0.520190029233141,3.6673131672956116,9.64520263671875,56.78223419189453
190669.jpg,7.3335,0.5957625508308411,0.4816258728938588,0.8860168371076106,7.0371599197387695,45.11837387084961,0.8890321453358038,0.4187261925453347,7.528229236602783,3.5075430584513647,14.278609275817871,4.225674152374268,56.82408905029297,0.7523528337478638,1.6731377840042114,0.8334532976150513,0.03394421935081482,14.692340850830078,0.6580610372712341,0.011464194593774773,0.4105840027332306,0.5169519186019897,0.5097107310777967,3.9884255729695544,10.39324951171875,58.203399658203125
190672.jpg,7.3629,0.5532562136650085,0.5846660747816012,0.9078706628988888,6.8172607421875,44.056392669677734,0.9182669179207967,0.4026308960837914,7.491543769836426,4.1829471620817795,15.956429481506348,4.106349468231201,65.27281951904297,0.8371014595031738,1.764280080795288,0.8501118421554565,0.030891235917806625,15.10164737701416,0.652271835093192,0.01106214682576001,0.39471402764320374,0.5222285389900208,0.4956243073766955,3.857091142720561,12.12908935546875,50.31972885131836
190673.jpg,7.3322,0.5792336463928223,0.4896655487259377,0.8832451707572294,6.987518310546875,45.52643585205078,0.9190968253665951,0.48464622074528274,7.497859001159668,3.546504110144298,14.370086669921875,4.226291656494141,60.04541778564453,0.7432888746261597,1.6624045372009277,0.9172077178955078,0.03255799040198326,14.873424530029297,0.6724318048809729,0.013072497386228912,0.41749024391174316,0.5092632174491882,0.5601090886168333,3.4743301763914114,15.27508544921875,52.564937591552734
190677.jpg,7.3742,0.5908424258232117,0.47223585405970286,0.8854280031044618,7.035004138946533,42.56193923950195,0.8952957702788386,0.43851658615262123,7.464971542358398,3.4237131898074207,13.50723648071289,3.958055257797241,57.0434455871582,0.746304452419281,1.6510019302368164,0.8121153116226196,0.031733252108097076,14.984854698181152,0.6337873803604016,0.01498838333776355,0.4164443016052246,0.527738094329834,0.5064762234490976,3.860419845612175,10.46356201171875,51.391136169433594
190679.jpg,7.3303,0.5921643376350403,0.48868391382204085,0.8878914444188308,6.982926845550537,44.22163391113281,0.8915258041017147,0.40580534870586593,7.521600246429443,3.5440735366188427,14.81869125366211,4.137557506561279,57.49480438232422,0.7613705396652222,1.6853752136230469,0.8243661522865295,0.03402291238307953,14.68228530883789,0.6565820657665046,0.011673734794512967,0.4015253186225891,0.5083616375923157,0.49733904943016477,4.077982109076847,11.19549560546875,53.654998779296875
190684.jpg,7.3621,0.5846440196037292,0.4735608484553493,0.8938098506638946,7.1225504875183105,46.730018615722656,0.9010873780483906,0.45359617920771567,7.530059814453125,3.4694600511832476,14.608696937561035,4.372666835784912,61.1102180480957,0.7834323644638062,1.6320405006408691,0.8180043697357178,0.029172662645578384,15.350238800048828,0.66338228152721,0.012307088251071855,0.42424073815345764,0.5288868546485901,0.5195009169434208,3.926826218194702,13.66961669921875,53.801368713378906
190690.jpg,7.3461,0.5889781713485718,0.4896655126166778,0.8989376621984372,7.1207146644592285,49.025569915771484,0.8983247824062336,0.4487873968728687,7.595968246459961,3.6031351468090094,15.200735092163086,4.581668853759766,63.598995208740234,0.8001882433891296,1.662757158279419,0.8228808045387268,0.029130976647138596,15.356450080871582,0.6703196474372617,0.011161127376503236,0.4211588501930237,0.5263379216194153,0.5137154874769739,3.7981596336981447,13.82635498046875,56.33646011352539
190698.jpg,7.3314,0.5849137306213379,0.4932258519704756,0.8936832852866436,7.003191947937012,43.22272872924805,0.8965967095740996,0.42055811657596237,7.51438045501709,3.5802302353615243,13.689495086669922,4.044629096984863,56.637577056884766,0.781024158000946,1.6649062633514404,0.8114659786224365,0.027961909770965576,15.534333229064941,0.6491783125533779,0.012287312005709608,0.4121112823486328,0.5233712792396545,0.5023333633907199,4.116424300457906,9.96014404296875,55.880470275878906
190703.jpg,7.384,0.6043147444725037,0.4657094847159668,0.8865753781905877,7.131019115447998,46.228858947753906,0.8995864125951007,0.45329684425200734,7.541821479797363,3.4166490578885487,14.2457275390625,4.319926738739014,58.55324172973633,0.7490903735160828,1.6532384157180786,0.8330044746398926,0.03231373429298401,14.906128883361816,0.6635596196702619,0.013064775022747645,0.4225085377693176,0.5136502385139465,0.5281339280903957,3.8418027466675744,12.42352294921875,55.250709533691406
190714.jpg,7.3117,0.5991554260253906,0.4597534700692735,0.8896993331201428,7.138674259185791,46.08734130859375,0.9005721244730971,0.4595408610361169,7.560272693634033,3.37895448849741,14.481468200683594,4.304698944091797,60.26536178588867,0.7617179155349731,1.6329834461212158,0.7874408960342407,0.030435163527727127,15.166244506835938,0.6523305567619525,0.014425577125977345,0.42401841282844543,0.5248134732246399,0.5175010208813442,3.853192011315433,10.44500732421875,53.386131286621094
190715.jpg,7.3379,0.6145782470703125,0.4624832181950549,0.8829624493745948,7.132719039916992,39.01394271850586,0.8989571392115017,0.44042081923310533,7.487624168395996,3.3808402916366163,12.472187995910645,3.597356081008911,56.104759216308594,0.7301800847053528,1.6622979640960693,0.8388707637786865,0.033313438296318054,14.77380657196045,0.6407348494732206,0.013182688389787364,0.42109182476997375,0.5160319805145264,0.5283569869779576,3.93035907628929,9.54949951171875,55.743995666503906
190723.jpg,7.3487,0.5606403350830078,0.5001636373184792,0.8896363333092484,6.886672496795654,37.6373405456543,0.9141502438372936,0.44734049026377454,7.357851028442383,3.562305587006529,14.245645523071289,3.496546506881714,56.82062911987305,0.7583421468734741,1.6861690282821655,0.8538895845413208,0.026183031499385834,15.819801330566406,0.6224710104382786,0.01354322173758691,0.4069267511367798,0.5295044183731079,0.51805789674183,4.2886983931132985,4.79119873046875,49.51984405517578
190724.jpg,7.2976,0.5937241911888123,0.47785863081049756,0.8870879926492378,7.056033611297607,44.38711166381836,0.8894512705242632,0.42025835204056217,7.516596794128418,3.481837501563634,13.81740951538086,4.138198375701904,56.30802536010742,0.757771372795105,1.6728074550628662,0.8234673738479614,0.03269130364060402,14.85567855834961,0.644728338502713,0.01363006347851595,0.4129224717617035,0.5214411616325378,0.5067585472075666,3.938717319718779,12.38055419921875,57.6449089050293
190728.jpg,7.3453,0.6014963388442993,0.49129773097425783,0.8826805460834893,6.947281360626221,36.34055709838867,0.8918470339785003,0.40440500170507926,7.451584815979004,3.537074338795689,12.414913177490234,3.361679792404175,54.93385696411133,0.7280483841896057,1.6755719184875488,0.8101978302001953,0.034569524228572845,14.613066673278809,0.6166575702530852,0.01487067183062343,0.4044475555419922,0.5177140235900879,0.4988140588600112,4.135305064536408,7.19891357421875,54.370540618896484
190734.jpg,7.3506,0.5327287912368774,0.5411249784205319,0.9129130896054057,7.0125226974487305,40.59321212768555,0.9230224506756252,0.4674369305376674,7.338511943817139,3.882861780832025,14.758392333984375,3.7915542125701904,63.22617721557617,0.8442003726959229,1.6428108215332031,0.8606021404266357,0.020328564569354057,16.918933868408203,0.6645550706834318,0.010471728237691562,0.4082567095756531,0.5252293348312378,0.531032962352025,4.031481587108556,15.94696044921875,45.87638854980469
190737.jpg,7.3904,0.594506561756134,0.5008802775944773,0.9026278258657269,7.172889232635498,40.97195053100586,0.896737040356353,0.4296423749917937,7.6019182205200195,3.7002141375327824,13.274725914001465,3.8109467029571533,62.67287063598633,0.8110597133636475,1.6637225151062012,0.8054723739624023,0.027992796152830124,15.529537200927734,0.6406167572551229,0.013657132614067853,0.4160109758377075,0.518355667591095,0.5131315981272564,3.931182313763321,10.67938232421875,53.662864685058594
190748.jpg,7.3426,0.5855339169502258,0.4819375344697315,0.8908478950278438,6.968213081359863,42.549095153808594,0.8938303630058219,0.4054110955240031,7.4657416343688965,3.4781409928772486,14.244607925415039,3.9710068702697754,55.21852493286133,0.7758927345275879,1.698258638381958,0.8203569650650024,0.031325116753578186,15.0410737991333,0.6444284694137872,0.011546784705670781,0.3987179398536682,0.5126138925552368,0.4895089026935792,4.0719831401901745,9.95574951171875,55.336875915527344
190755.jpg,7.3133,0.5885397791862488,0.49937101149027047,0.8982366681981538,7.088603496551514,36.1884880065918,0.896551111613206,0.41661098074917496,7.581745147705078,3.6629822834124663,12.040238380432129,3.346938371658325,60.946075439453125,0.7981386184692383,1.691863775253296,0.8193199634552002,0.02947436273097992,15.30555534362793,0.6117345501097394,0.013697092620309312,0.4102717339992523,0.5248960852622986,0.4994378064283023,3.9002679856637834,6.95330810546875,52.47114944458008
190759.jpg,7.3918,0.5932328104972839,0.4805593078737751,0.8782786014021479,6.963865756988525,38.4599723815918,0.9014667970526337,0.41353715424478055,7.4438557624816895,3.4618911126537633,12.921435356140137,3.552776336669922,53.933128356933594,0.7122126817703247,1.6912157535552979,0.8299481868743896,0.036518048495054245,14.374924659729004,0.6178747309023945,0.014467360141411832,0.4030633568763733,0.5116478204727173,0.4953491229334823,3.770641775643649,6.82977294921875,54.055335998535156
190762.jpg,7.3219,0.5790674090385437,0.5057898171762943,0.8901099317998704,6.947459697723389,35.233699798583984,0.8954885846155953,0.4062019337800381,7.472019195556641,3.646621797995632,12.185883522033691,3.2677268981933594,57.328025817871094,0.7685409188270569,1.6831839084625244,0.8033882975578308,0.030229905620217323,15.195631980895996,0.6036754548515353,0.013857873179340523,0.40265345573425293,0.5262690782546997,0.48843364300981773,4.250119361447669,5.31219482421875,51.961151123046875
190765.jpg,7.3714,0.5845052599906921,0.501076885942241,0.8920059116678055,7.023725986480713,42.76892852783203,0.8937775438380413,0.41606154035312,7.523313522338867,3.6446019280299655,14.675718307495117,3.9950287342071533,60.020233154296875,0.7767789363861084,1.6688308715820312,0.8111987113952637,0.03203092887997627,14.944304466247559,0.6481182969066783,0.01069948858274525,0.4045582711696625,0.5211818814277649,0.492974774928149,4.057607793446013,8.30145263671875,55.15410614013672
190781.jpg,7.3313,0.6015483140945435,0.46993681758812955,0.8888512456163254,7.067458152770996,42.70470428466797,0.9013644430498357,0.45533177888712584,7.559326648712158,3.4368411497900286,14.108513832092285,3.9857232570648193,59.74545669555664,0.7607197761535645,1.645552158355713,0.8298110961914062,0.030831918120384216,15.109994888305664,0.659854206133735,0.012133967746610599,0.415898859500885,0.5337742567062378,0.5248867348653181,4.137530303453291,13.71356201171875,52.19371795654297
190782.jpg,7.4123,0.577489972114563,0.4653880408507112,0.889375497658258,7.03609037399292,46.85016632080078,0.9014157216314834,0.4510851971703078,7.493734359741211,3.3810118760710495,14.769792556762695,4.386651515960693,58.615631103515625,0.7639738321304321,1.6411235332489014,0.8035942316055298,0.028934668749570847,15.385814666748047,0.6520253958122548,0.013807855855820663,0.4184582829475403,0.5253306031227112,0.5047420813065072,3.9840651221400987,9.53680419921875,52.72283172607422
190783.jpg,7.3363,0.6105778813362122,0.4525592903133485,0.8825296372879344,7.102280139923096,41.3861198425293,0.8902900587897327,0.4314032265489335,7.500186443328857,3.304249360127084,13.070517539978027,3.852994918823242,55.5194206237793,0.726647675037384,1.6647711992263794,0.8134872913360596,0.03339124843478203,14.763673782348633,0.6466304874950731,0.013007117208817287,0.41749894618988037,0.5152825713157654,0.5185160849149234,3.8853308468720953,8.68426513671875,54.58704376220703
190786.jpg,7.3458,0.5860832333564758,0.5000937655980762,0.8868054207598953,6.91637659072876,40.56533432006836,0.8882755238057458,0.39626530772918733,7.463191032409668,3.595575276191708,13.120003700256348,3.782163381576538,53.290916442871094,0.7572392225265503,1.6915414333343506,0.8231240510940552,0.03312870115041733,14.797956466674805,0.6260789972629035,0.014926658550310471,0.40104418992996216,0.520837128162384,0.4889733616809785,4.136111584256576,8.78680419921875,52.88125228881836
190788.jpg,7.3668,0.6114229559898376,0.4502388239373471,0.8826534907943017,7.123724937438965,41.86917495727539,0.8990585784971181,0.4547536046072172,7.492851734161377,3.2904833635270663,13.027347564697266,3.8950836658477783,56.39553451538086,0.7272282838821411,1.6485984325408936,0.8150378465652466,0.03242671489715576,14.890971183776855,0.6435929675934217,0.015125157525759896,0.42395251989364624,0.5225242376327515,0.525609505716949,3.9306668153941886,8.70477294921875,54.403717041015625
190789.jpg,7.3291,0.5790324211120605,0.49495976428497424,0.8915453863225058,7.024400234222412,41.61884307861328,0.8951200378802828,0.419541322022511,7.4798736572265625,3.589525084863954,13.915884017944336,3.8889825344085693,57.75911331176758,0.776025652885437,1.6581871509552002,0.8176091313362122,0.030444784089922905,15.164870262145996,0.6455751189050901,0.011833308368339991,0.407106876373291,0.5309126377105713,0.5011332760516145,4.113322667361142,10.91668701171875,53.54046630859375
190791.jpg,7.3136,0.5804558992385864,0.4815473906419559,0.8975263848797497,7.12723445892334,47.17698669433594,0.902229710962353,0.4495189209860204,7.518357276916504,3.5262822234525295,14.772613525390625,4.423106670379639,61.39667892456055,0.7957552671432495,1.6229500770568848,0.8123692274093628,0.027594316750764847,15.591803550720215,0.6699466610459096,0.012380939418399028,0.42380037903785706,0.5271595120429993,0.5204264333572759,3.965318833430619,14.24041748046875,55.5489501953125
190792.jpg,7.3406,0.5989893674850464,0.4695285188586876,0.8878436770966336,7.120970726013184,44.73535919189453,0.9053564527673021,0.4737624161204356,7.507547855377197,3.4342621649601632,13.703742027282715,4.164526462554932,58.32330322265625,0.7548765540122986,1.620105266571045,0.8331838250160217,0.029502402991056442,15.301426887512207,0.6600206712910964,0.01283769217674588,0.43170222640037537,0.53214031457901,0.5417418981859771,3.9529526203969656,14.21063232421875,54.99528884887695
190795.jpg,7.318,0.5911549925804138,0.4603991646400147,0.8843576701845256,7.012585639953613,47.81618118286133,0.8862528128995024,0.4214981404539043,7.4922308921813965,3.3390110447926613,14.913976669311523,4.470714569091797,55.45785903930664,0.7465908527374268,1.678830862045288,0.7815311551094055,0.03331325203180313,14.77383041381836,0.6254522876517006,0.01704617807609616,0.4136377274990082,0.5259239673614502,0.48285321638974754,3.9236658250172605,12.12957763671875,56.146812438964844
190799.jpg,7.3151,0.609377920627594,0.42070617457232407,0.8747561677294267,7.016518592834473,40.87615203857422,0.9031378040090807,0.46486253681923273,7.484029293060303,3.050243011436674,12.891621589660645,3.787299394607544,54.53828811645508,0.6812702417373657,1.6634711027145386,0.8260409235954285,0.03443673253059387,14.629779815673828,0.6345564410357053,0.01400510718090369,0.42368775606155396,0.513992428779602,0.5252099255110629,3.6661095223899753,6.12762451171875,53.31188201904297
190800.jpg,7.3255,0.6041918992996216,0.4909596890979432,0.8843451468978725,7.034912586212158,41.51581954956055,0.8874929425534746,0.4123114251771049,7.498676300048828,3.5677125820412545,13.416762351989746,3.8674447536468506,56.63181686401367,0.7364793419837952,1.6726560592651367,0.8183197975158691,0.03497391194105148,14.5625581741333,0.6433071327214009,0.01347829555091802,0.4078420400619507,0.5150396823883057,0.5098948236735552,4.093944476291416,11.82244873046875,53.65470886230469
190811.jpg,7.3587,0.5870593190193176,0.4611947582826679,0.8879382305346961,7.041208744049072,39.05392074584961,0.9066863068854982,0.46296264672919163,7.43987512588501,3.3393085014854247,12.932511329650879,3.625412702560425,57.972599029541016,0.7469200491905212,1.6411901712417603,0.7976250648498535,0.02756885625422001,15.595812797546387,0.6069104761398518,0.017195270084080182,0.4254778325557709,0.5368940830230713,0.5036419993107704,4.087892973498183,0.46112060546875,50.750125885009766
190814.jpg,7.3373,0.5886272192001343,0.46045045158068115,0.887050816909975,7.0755743980407715,41.8167839050293,0.904618659778096,0.46656735458411913,7.475769519805908,3.350094870244517,13.200540542602539,3.873732805252075,58.97795867919922,0.7501703500747681,1.6336615085601807,0.8027775883674622,0.029446013271808624,15.309735298156738,0.6193493454720784,0.015904425282632296,0.42610037326812744,0.5311811566352844,0.5085895639059198,3.836502273082373,10.29119873046875,51.71357345581055
190816.jpg,7.3368,0.5961534380912781,0.4735227453706959,0.8897019135921609,7.151228904724121,46.307945251464844,0.9063566017209571,0.45528360132180307,7.5815110206604,3.4881525250970604,14.2258882522583,4.302271366119385,62.79438781738281,0.7669967412948608,1.6629419326782227,0.8282483816146851,0.03253684192895889,14.876246452331543,0.6508513344185483,0.012964877178978356,0.42440342903137207,0.5184081792831421,0.518441632211659,3.5513138930541115,12.99383544921875,53.57514190673828
190818.jpg,7.3064,0.5879114866256714,0.47169990221868185,0.8872902608861684,6.943759441375732,41.73800277709961,0.8965387573489931,0.41941580457290545,7.488068103790283,3.40375469279177,13.649242401123047,3.897993564605713,55.735626220703125,0.7564272880554199,1.6876873970031738,0.8087882995605469,0.031146150082349777,15.065956115722656,0.6273631087243108,0.014733656910051199,0.40612393617630005,0.5152056217193604,0.48681957001818443,3.931816729141906,7.31317138671875,51.98288345336914
190819.jpg,7.3181,0.5948950052261353,0.48306056926344637,0.8900301956198553,7.052043437957764,47.197059631347656,0.8905533409098617,0.4187559472102598,7.555431842803955,3.5281565981857455,15.054189682006836,4.417964935302734,58.69218444824219,0.7687278985977173,1.668785572052002,0.8231914043426514,0.03288928419351578,14.829456329345703,0.6684069468390346,0.010556379344370712,0.40991532802581787,0.5196316242218018,0.5053413886034192,3.978994330591867,10.80487060546875,59.22746276855469
190820.jpg,7.3557,0.5956228375434875,0.46835389568000024,0.8837493768094585,7.0499677658081055,41.02075958251953,0.8977627155959672,0.45099824217423967,7.52413272857666,3.41292701823844,13.028790473937988,3.7999515533447266,56.03900909423828,0.7384182214736938,1.6642155647277832,0.8188914060592651,0.03092021867632866,15.097574234008789,0.6291552153659531,0.014349562757761418,0.42265382409095764,0.5328903198242188,0.5196021728260776,3.8521892508465445,13.71014404296875,51.63310241699219
190821.jpg,7.3002,0.6160838603973389,0.4549987749515141,0.8845922002952196,7.148077487945557,41.40346145629883,0.8977209874105384,0.44359423112226337,7.516812324523926,3.3362619356867693,12.913257598876953,3.8413925170898438,56.84662628173828,0.7369122505187988,1.6595326662063599,0.8211352825164795,0.03286093473434448,14.83320140838623,0.6493368556539226,0.012999826879228665,0.4231410622596741,0.5189248919487,0.5310221378824476,4.00239791563786,10.67791748046875,55.82743835449219
190827.jpg,7.362,0.5397374033927917,0.5212900394766644,0.8955622331003162,6.847318172454834,37.83067321777344,0.9216050278714084,0.4482514906926602,7.324700355529785,3.693875762977406,13.913891792297363,3.5303399562835693,56.4605827331543,0.7884371876716614,1.6697988510131836,0.8780602216720581,0.02324402704834938,16.33688735961914,0.6531247665275363,0.010061895914940397,0.4037986993789673,0.5227411985397339,0.5335556018253746,4.210096039728592,9.61834716796875,48.05241012573242
200007.jpg,7.334,0.5062767267227173,0.6764531169686078,0.880570200584413,5.473324298858643,24.955780029296875,0.9502028708625926,0.4482671171309222,7.270438194274902,4.310291368961643,9.36509895324707,2.268233299255371,42.46741485595703,0.6592549085617065,1.7230210304260254,0.8996955752372742,0.03361990675330162,14.73403549194336,0.5353458922989417,0.019188349938653954,0.4376491904258728,0.5357518792152405,0.5609414149017334,4.16160594116357,24.81951904296875,46.93172073364258
200010.jpg,7.3541,0.5023900866508484,0.6893800922231229,0.8791274005642875,5.417526721954346,23.712060928344727,0.9526158711462988,0.45019295295496886,7.260537147521973,4.370015511194261,8.779407501220703,2.1506564617156982,42.440879821777344,0.6432608962059021,1.7022684812545776,0.8855563998222351,0.03389016166329384,14.699263572692871,0.5224948556151714,0.019443671087853488,0.43568533658981323,0.524077296257019,0.5595811797874155,4.172917935404069,23.01922607421875,46.41114044189453
200021.jpg,7.312,0.5022794604301453,0.6619789700107328,0.8801424887093133,5.525374412536621,24.898283004760742,0.9488061631929435,0.43898495452054576,7.272674560546875,4.236032196018863,9.278204917907715,2.26901912689209,42.45194625854492,0.6560268998146057,1.7117218971252441,0.8695114254951477,0.032692864537239075,14.855469703674316,0.5241788969937975,0.019598364594657424,0.4366101026535034,0.5339881777763367,0.5405580544337864,4.081860244664343,22.68231201171875,46.20796203613281
200025.jpg,7.3233,0.4973525106906891,0.6551802132560899,0.8782470295965881,5.561700344085693,24.142240524291992,0.9480154939920606,0.4427430528626921,7.240011692047119,4.193726241271728,8.940714836120605,2.1975696086883545,40.857845306396484,0.6292974948883057,1.701692819595337,0.8734035491943359,0.031001882627606392,15.086118698120117,0.5220471938121064,0.01811426899057921,0.4367932975292206,0.5267237424850464,0.543943489360909,4.13761578994999,20.59588623046875,47.060115814208984
200032.jpg,7.2915,0.47546371817588806,0.661577420319137,0.8758735177588319,5.4188337326049805,26.544601440429688,0.9541294198523911,0.4748532095368212,7.247905254364014,4.190026143613135,9.595009803771973,2.409672498703003,42.41903305053711,0.6165287494659424,1.6738048791885376,0.9268803596496582,0.03119315765798092,15.059406280517578,0.5712044231424421,0.01630198049630201,0.43821853399276733,0.5212820172309875,0.5950394239409639,4.172185825324619,20.53485107421875,48.76972198486328
200034.jpg,7.3367,0.4986428916454315,0.6676802322189873,0.8776623203787643,5.419864177703857,26.64691734313965,0.9483963567300027,0.45042336594231913,7.274807929992676,4.238003434178758,9.91812515258789,2.430116891860962,43.08262634277344,0.6420512199401855,1.6847450733184814,0.8693159818649292,0.03346628695726395,14.753925323486328,0.541711500816318,0.018853521306607987,0.4361095726490021,0.5301262140274048,0.5485691375649049,4.059902271822499,20.73553466796875,47.92909240722656
200036.jpg,7.3411,0.5022901892662048,0.6705419631899139,0.8785567533878212,5.464371204376221,25.582284927368164,0.9519746286932412,0.4487695910332214,7.252682685852051,4.263671522371874,9.456367492675781,2.326559066772461,41.98405838012695,0.6467323899269104,1.698849081993103,0.9036555290222168,0.03426104411482811,14.651994705200195,0.5483433997817143,0.01787147348135257,0.43932145833969116,0.5341202020645142,0.5727490113723093,4.033978137586792,23.29022216796875,47.29778289794922
200038.jpg,7.283,0.5075315833091736,0.6706660590414364,0.8778541702931013,5.496392250061035,24.56427574157715,0.9496496879720113,0.44275140363913795,7.288211822509766,4.287112248712834,9.203718185424805,2.2322075366973877,42.67240905761719,0.6457698345184326,1.6877729892730713,0.8972591161727905,0.03475882112979889,14.589349746704102,0.530480078965712,0.01855230473502279,0.43427884578704834,0.5314849615097046,0.5604538924184285,4.172269616956402,21.80145263671875,48.699607849121094
200040.jpg,7.2993,0.5040203928947449,0.6753133942044292,0.8805266986104924,5.423478603363037,25.585657119750977,0.9500315419365365,0.4429365373495664,7.2701921463012695,4.2861152859986955,9.506311416625977,2.3283965587615967,42.44331741333008,0.6566784977912903,1.7273492813110352,0.8884406089782715,0.03400605916976929,14.68443775177002,0.5435291504268224,0.01806741416941229,0.43547892570495605,0.5366204977035522,0.5580916496561886,4.18722451535398,24.35028076171875,46.93002700805664
200041.jpg,7.2863,0.5039589405059814,0.6798467205876402,0.8790809696529076,5.426848411560059,26.308277130126953,0.9549313151016712,0.4651441297519676,7.254199028015137,4.3105968646287405,9.427714347839355,2.383282423019409,41.94597244262695,0.6295660138130188,1.726947546005249,0.9309612512588501,0.03433844819664955,14.642192840576172,0.5647860203496602,0.01716544580399354,0.4408470392227173,0.5297514796257019,0.5965122521277044,4.03312466573477,25.28240966796875,46.498714447021484
200042.jpg,7.2981,0.5057500004768372,0.6846836028965723,0.8798377831728044,5.440877914428711,23.22835350036621,0.9522006148538051,0.447314870047973,7.254096508026123,4.346033115185071,8.699790954589844,2.1027286052703857,41.471290588378906,0.6399918794631958,1.7186843156814575,0.8886034488677979,0.03308600187301636,14.803557395935059,0.5219576039010458,0.017153803995902245,0.4367309808731079,0.5284640789031982,0.5577514770802083,4.166721987724625,23.67449951171875,46.74183654785156
200044.jpg,7.3295,0.5059458017349243,0.6819377042732412,0.8780100474871796,5.4322638511657715,26.203134536743164,0.955149601154677,0.4601972552004332,7.30910587310791,4.344422983125389,9.561254501342773,2.3709588050842285,43.24504470825195,0.6361133456230164,1.6928735971450806,0.9073872566223145,0.036577511578798294,14.367857933044434,0.5532868516042154,0.0177920380523017,0.4406777620315552,0.5247406959533691,0.5868116213071434,4.046564307775302,22.85076904296875,47.758056640625
200047.jpg,7.3261,0.4962455928325653,0.6672641574111945,0.8765437421779859,5.4683732986450195,25.72797203063965,0.9529201180058942,0.44533378231547904,7.232372283935547,4.2373882397021525,9.62124252319336,2.34407901763916,41.092899322509766,0.6424503922462463,1.6849818229675293,0.8952975273132324,0.03221582621335983,14.919307708740234,0.5448957684518931,0.017199279883472873,0.43670499324798584,0.5296875834465027,0.5580018116787072,4.024733899671897,22.64617919921875,46.0428352355957
200049.jpg,7.2916,0.5067316889762878,0.6835567053974329,0.8792315532914694,5.3964457511901855,23.991455078125,0.9504064362790388,0.43391966238826973,7.267271995544434,4.328197206532849,9.027414321899414,2.1811161041259766,42.65171813964844,0.6582006216049194,1.6873230934143066,0.8898634910583496,0.034297384321689606,14.64738941192627,0.5282030599131918,0.017811385394652286,0.4322771728038788,0.531909167766571,0.5526239003042737,4.143779430288942,22.95672607421875,47.45893478393555
200050.jpg,7.3257,0.499563992023468,0.6826419074497833,0.8778592903661181,5.422055721282959,23.774158477783203,0.9536581514413598,0.45610915585341005,7.294404029846191,4.340406946041487,8.658439636230469,2.1490917205810547,43.407432556152344,0.6318601369857788,1.6686735153198242,0.9147911071777344,0.03578862175345421,14.462549209594727,0.537998675270698,0.017937846699496034,0.43818092346191406,0.5297837257385254,0.5835476885587618,4.308435953078559,25.21942138671875,46.60746383666992
200051.jpg,7.3325,0.5010942816734314,0.6017850509337761,0.8788240713128044,5.665644645690918,28.510656356811523,0.930708545782802,0.43439460860781093,7.238037109375,3.8826322819160737,9.937300682067871,2.6253576278686523,41.41023254394531,0.6501036286354065,1.7049874067306519,0.8387981057167053,0.030773427337408066,15.118242263793945,0.5405586715639157,0.017604715121293954,0.42982494831085205,0.5316497087478638,0.5112812771355956,4.149448402328979,13.07440185546875,50.96868133544922
200055.jpg,7.3804,0.5024221539497375,0.6724250297240348,0.8787259442951223,5.484698295593262,24.422048568725586,0.9487621177446418,0.43984677271672973,7.284153461456299,4.293060333779746,9.139097213745117,2.2183210849761963,42.50944900512695,0.6534509062767029,1.69283127784729,0.8750103712081909,0.03308357298374176,14.803875923156738,0.5248381719767773,0.01849779279009098,0.4346171021461487,0.5297152996063232,0.5496743750927215,4.094671041003121,22.87322998046875,46.26102828979492
200060.jpg,7.3091,0.5048946738243103,0.6989003026908291,0.8788139096798082,5.347027778625488,23.32074546813965,0.9519238561141494,0.43725558657469005,7.2733612060546875,4.410209802032295,8.874232292175293,2.1130173206329346,42.735172271728516,0.6461234092712402,1.680410385131836,0.8930550813674927,0.03493926301598549,14.566862106323242,0.5242503134223373,0.018148678823219903,0.43346744775772095,0.5271977782249451,0.561619239884584,4.197480763807894,23.11395263671875,47.4713134765625
200065.jpg,7.3423,0.4945542514324188,0.6830158003837382,0.8793399805534128,5.40904426574707,25.27950096130371,0.9530146507288317,0.4654765953246709,7.274024963378906,4.331381138454864,9.077564239501953,2.2866504192352295,42.03805160522461,0.6253829002380371,1.7245500087738037,0.9061416387557983,0.033598948270082474,14.736743927001953,0.5500709334453842,0.016677422874867596,0.4414359927177429,0.5261770486831665,0.5837318251419564,4.0979252200248455,23.25360107421875,47.619110107421875
200066.jpg,7.286,0.5064630508422852,0.6709666725584477,0.8776203746506356,5.489712715148926,25.102272033691406,0.9504394136592632,0.4415045083726476,7.2993364334106445,4.290525051481229,9.31515121459961,2.2826755046844482,42.92873001098633,0.6436123847961426,1.693833827972412,0.8853437900543213,0.03488510102033615,14.573600769042969,0.5319439726061108,0.019369317091072643,0.4351041316986084,0.5250732898712158,0.5544202932760741,4.022503009987548,21.00897216796875,47.115203857421875
200069.jpg,7.3779,0.5047926306724548,0.6677849762621225,0.8803010831311593,5.519347190856934,23.431385040283203,0.9478782634075694,0.42761294344009076,7.250565528869629,4.263790351505859,8.748801231384277,2.1284587383270264,41.96355056762695,0.6552174687385559,1.6936544179916382,0.8875541090965271,0.03364307060837746,14.73104476928711,0.5192650256499013,0.0183969620945967,0.43189042806625366,0.5356448292732239,0.5478400859083286,4.245427322831619,21.39422607421875,46.46510314941406
200070.jpg,7.3079,0.4909842908382416,0.6751586833439737,0.8769303901794949,5.368335723876953,28.1596622467041,0.9550021892315602,0.4693892231604614,7.280281066894531,4.2699243418226125,10.035329818725586,2.5578722953796387,42.98472595214844,0.6293761730194092,1.6760056018829346,0.9282083511352539,0.03435540944337845,14.640049934387207,0.5804790831270638,0.016410103156620448,0.43942248821258545,0.5261510014533997,0.5946894401848839,3.881875057130369,22.24285888671875,48.16742706298828
200072.jpg,7.5823,0.5075486898422241,0.6706872931161484,0.8772519875992432,5.4859619140625,24.38701057434082,0.9526980114081788,0.4555542895752247,7.282151699066162,4.281718214982007,9.034541130065918,2.208656072616577,42.26952362060547,0.6325300931930542,1.6873464584350586,0.909969687461853,0.03442920371890068,14.630731582641602,0.5356497141463346,0.01785317434393568,0.438740998506546,0.5244138240814209,0.5761926307977135,4.100260744616311,22.45819091796875,47.0305290222168
200073.jpg,7.326,0.5032833814620972,0.6711017353672133,0.8797117452383066,5.449399948120117,24.291324615478516,0.9495284392974139,0.4434879811732074,7.248304843902588,4.260737949630787,9.139485359191895,2.2077412605285645,41.64442825317383,0.6481602191925049,1.719704508781433,0.8818671107292175,0.032765910029411316,14.84577751159668,0.522419601873547,0.017890367016894837,0.4363723397254944,0.5320653915405273,0.5486251923333991,4.16521788279596,21.59930419921875,47.10906982421875
200076.jpg,7.3171,0.48347339034080505,0.6558578163385193,0.8768828529776735,5.434298515319824,27.4173641204834,0.9512070806513884,0.4665089955578079,7.2120466232299805,4.147114187402236,9.993523597717285,2.4948830604553223,41.51841354370117,0.6293184757232666,1.6794668436050415,0.8908530473709106,0.03128237649798393,15.047002792358398,0.5593867685849109,0.017154215695345885,0.44025319814682007,0.5272915363311768,0.5699745432927759,4.003792315791626,20.93719482421875,49.706302642822266
200077.jpg,7.3241,0.5072509050369263,0.7022299602445404,0.8785907011525947,5.35925817489624,22.697675704956055,0.9535173803192845,0.4419233017648324,7.268749237060547,4.433895177434863,8.677661895751953,2.0540573596954346,42.7487678527832,0.6446011066436768,1.680354118347168,0.906538724899292,0.03566252067685127,14.477880477905273,0.5205983144704552,0.018057821943752335,0.4361723065376282,0.5322801470756531,0.5681209599599493,4.2793161247591165,23.92840576171875,44.520240783691406
200081.jpg,7.2917,0.5029126405715942,0.7030855022786501,0.8785083213561015,5.3480329513549805,22.948122024536133,0.9565077043382036,0.448566852745504,7.295964241027832,4.444918709585979,8.771370887756348,2.071702241897583,43.159156799316406,0.6359026432037354,1.670440673828125,0.9252658486366272,0.03595741093158722,14.442115783691406,0.5353874481798908,0.016461083700133904,0.43485283851623535,0.5264946222305298,0.58788172478873,4.270159829335631,24.60858154296875,46.56877136230469
200085.jpg,7.3055,0.5071038603782654,0.6628029785133001,0.8777493780064973,5.533255100250244,25.125913619995117,0.950615421070621,0.4394227940505786,7.305899620056152,4.254927044566161,9.330389022827148,2.2856504917144775,43.0153923034668,0.6449629664421082,1.6923482418060303,0.8872984647750854,0.03499798849225044,14.559569358825684,0.5299506769467651,0.018344003074059017,0.4344845712184906,0.5300189256668091,0.5521215892743975,4.043213149308187,21.98504638671875,47.68218994140625
200087.jpg,7.3131,0.49838685989379883,0.6697733223004627,0.8763863954503139,5.450189113616943,25.53997230529785,0.9549484820511283,0.4488903668538747,7.228394508361816,4.245900621511197,9.546662330627441,2.3231730461120605,41.15013885498047,0.6367374658584595,1.6814440488815308,0.9076313376426697,0.03288661316037178,14.829808235168457,0.5482940959540799,0.016650814897130946,0.43805474042892456,0.5295683741569519,0.5696879900163131,4.024803229100494,22.99530029296875,47.33479690551758
200088.jpg,7.3188,0.5025588274002075,0.6513721927293753,0.8790083409379632,5.510591983795166,25.75123405456543,0.9470069458871188,0.44759220852432496,7.269604682922363,4.16234447936016,9.458016395568848,2.3484718799591064,42.30611801147461,0.6396237015724182,1.7060163021087646,0.8759042024612427,0.033138759434223175,14.796638488769531,0.5336454817283586,0.019034627440826353,0.4346989691257477,0.5303863883018494,0.548513846960437,4.0190234098194475,22.09344482421875,47.60787582397461
200092.jpg,7.3769,0.5053518414497375,0.6554462810947665,0.8785464843768304,5.517359256744385,26.523786544799805,0.9479492585023446,0.45622328032523635,7.252628326416016,4.185032206411202,9.763017654418945,2.415344715118408,41.729129791259766,0.6362653374671936,1.7227275371551514,0.8966519832611084,0.03332308679819107,14.772547721862793,0.5477746077142943,0.01815434166749324,0.4371694326400757,0.5296725034713745,0.5674399622231389,3.9908742132063764,21.74725341796875,49.218360900878906
200094.jpg,7.3411,0.5058347582817078,0.6657254209463324,0.8783150097467947,5.515726566314697,24.79268455505371,0.9485165646713913,0.44428874534258767,7.281534194946289,4.259742952802492,9.210700988769531,2.2557716369628906,42.56636047363281,0.6531111598014832,1.690584659576416,0.8803793787956238,0.033297549933195114,14.775877952575684,0.52954759238862,0.01825618209267467,0.4349615275859833,0.5312591791152954,0.5490323299066101,4.140259709724199,22.50799560546875,46.5845947265625
200098.jpg,7.3121,0.4950273633003235,0.6941682520838734,0.8785068136101414,5.323972702026367,23.928564071655273,0.9550402447525421,0.4665566661153426,7.239785194396973,4.360693591075105,8.994586944580078,2.1625256538391113,41.11482620239258,0.6197218894958496,1.715296983718872,0.9172782897949219,0.032420139759778976,14.891852378845215,0.5418638838983831,0.015799538961209406,0.4403030276298523,0.5219560861587524,0.5889915974032066,4.145162648271719,24.08953857421875,48.126747131347656
200105.jpg,7.2947,0.5016275644302368,0.6993222698791708,0.8794866121469062,5.348386287689209,24.159461975097656,0.9559467351972611,0.45317302213463634,7.253917694091797,4.406548900617496,9.10028076171875,2.1844356060028076,42.3549690246582,0.6346125602722168,1.707749843597412,0.9214252233505249,0.03521079570055008,14.533242225646973,0.545611185790945,0.01770205801697999,0.43836450576782227,0.5286468863487244,0.5873395941016943,4.2089307495745825,26.09979248046875,46.96628952026367
200106.jpg,7.2896,0.508970320224762,0.6626216640955869,0.8782418418394888,5.515689373016357,25.06675148010254,0.9487370336174777,0.4487379470392637,7.287630558013916,4.241891001288542,9.235544204711914,2.278822183609009,42.347991943359375,0.6534167528152466,1.6883447170257568,0.8908175826072693,0.03346852958202362,14.753633499145508,0.5328165715759964,0.018435498753202,0.43598729372024536,0.5308953523635864,0.5579779344306643,4.069259126657262,22.08123779296875,46.301719665527344
200107.jpg,7.3196,0.5045742392539978,0.6655064555594218,0.8784558850265386,5.481328964233398,24.46010398864746,0.948229284959316,0.43581983605856806,7.278012275695801,4.245724165206498,9.103190422058105,2.226238965988159,42.68010330200195,0.6543129682540894,1.6833486557006836,0.8771153688430786,0.0330219641327858,14.811971664428711,0.525548851193234,0.018646024283183935,0.4320076107978821,0.5341396331787109,0.5419932944487335,4.144858545443088,22.43475341796875,48.042930603027344
200111.jpg,7.282,0.5008506774902344,0.6090414222415361,0.8785684120522625,5.635422706604004,28.4949951171875,0.9321867505045746,0.43717529694421614,7.279229164123535,3.932790421040444,9.761575698852539,2.6168651580810547,42.75277328491211,0.633794903755188,1.7037055492401123,0.839519739151001,0.03217761218547821,14.924461364746094,0.53793501630385,0.018877152853151953,0.42997029423713684,0.5337432622909546,0.5139776861329307,3.9360605930526944,13.66082763671875,50.215599060058594
200112.jpg,7.2572,0.5031561255455017,0.663283781333651,0.881407098340348,5.477931976318359,24.90591812133789,0.9470459234102422,0.43299617531818546,7.27333402633667,4.2288660682041055,9.05517292022705,2.2720131874084473,42.05719757080078,0.6621509790420532,1.7216777801513672,0.8648054599761963,0.03268430754542351,14.856606483459473,0.5236860669807215,0.01856803006723414,0.43388813734054565,0.5328218936920166,0.5357934496505202,4.127317147581414,21.98651123046875,46.92329406738281
200116.jpg,7.2917,0.499549001455307,0.6867170296598628,0.879313226128322,5.423638820648193,24.351308822631836,0.9525165275667904,0.46581203027505264,7.254525661468506,4.353168342114792,9.176372528076172,2.2001187801361084,42.051300048828125,0.6372253894805908,1.7008953094482422,0.9329702854156494,0.032894566655159,14.828758239746094,0.5545873755273798,0.016109366420343333,0.43577510118484497,0.5227701663970947,0.592454341338339,4.289254892232124,24.29510498046875,44.94767761230469
200118.jpg,7.3749,0.4965284764766693,0.6819168626350651,0.8793389826749181,5.406500339508057,22.90066146850586,0.953139181687059,0.4345676921977587,7.201987266540527,4.2989826508992515,8.707019805908203,2.0781896114349365,40.519378662109375,0.6384787559509277,1.6860477924346924,0.890480101108551,0.03254655748605728,14.87494945526123,0.52129500993976,0.01876145019014529,0.4330947995185852,0.5288066864013672,0.5591622955169376,4.282305960055301,24.12322998046875,45.464595794677734
200121.jpg,7.3032,0.5054718852043152,0.6792850838369943,0.8778727094412843,5.436103343963623,25.124591827392578,0.9515897311843861,0.4514954768176962,7.3059539794921875,4.327757081045069,9.32111930847168,2.2769787311553955,43.31018829345703,0.6398366689682007,1.6810169219970703,0.9006264209747314,0.03565838932991028,14.47838306427002,0.5372948230007514,0.018745635611669424,0.43831393122673035,0.5291768908500671,0.5695035736567913,4.163129042804815,22.43719482421875,47.131553649902344
200122.jpg,7.285,0.49615612626075745,0.675401115110771,0.8786655128044581,5.384867191314697,25.808368682861328,0.9516206009365036,0.4614545721968395,7.251263618469238,4.267240778528482,9.235013008117676,2.3374664783477783,41.305145263671875,0.6213054656982422,1.7258710861206055,0.8941059112548828,0.03259029611945152,14.869117736816406,0.5537415264394687,0.01543064747059017,0.43952709436416626,0.5230042934417725,0.5760324026921787,4.097169296275434,22.82391357421875,47.15385818481445
200126.jpg,7.303,0.5013634562492371,0.6860881971911041,0.8795232070360853,5.416038990020752,23.718412399291992,0.9509452272034405,0.44232964393201635,7.2910637855529785,4.3591093403948875,8.895090103149414,2.1530823707580566,43.04740524291992,0.6568447947502136,1.673037052154541,0.8988447189331055,0.03470425307750702,14.596174240112305,0.5290425468588231,0.01717431590456271,0.4348435401916504,0.531440019607544,0.5646756217704044,4.188437918505477,22.74334716796875,47.34083557128906
200127.jpg,7.3183,0.5052567720413208,0.6766015254040907,0.8793933416333412,5.423000335693359,24.391860961914062,0.9495216543803026,0.44251591880651225,7.286163330078125,4.299532254983921,9.188825607299805,2.21433687210083,42.59063720703125,0.6379701495170593,1.7182421684265137,0.8891457319259644,0.034204624593257904,14.659152030944824,0.5295520013805304,0.01845662874660471,0.43684664368629456,0.5320613384246826,0.5561981318797605,4.222656143783205,22.88739013671875,46.69163513183594
200130.jpg,7.3558,0.5012547373771667,0.6772349650257125,0.880759975495202,5.453521251678467,24.187137603759766,0.9489472270510073,0.44710215363693284,7.259426593780518,4.304838814102942,9.100411415100098,2.196371078491211,42.095340728759766,0.6565324068069458,1.7197020053863525,0.8733410239219666,0.032468751072883606,14.885344505310059,0.5220178738990283,0.017764179835593856,0.43541455268859863,0.5279081463813782,0.5471074634958233,4.1581162637027,21.93817138671875,46.341590881347656
200134.jpg,7.3058,0.5032216906547546,0.6815588283919342,0.8808744179868178,5.428507328033447,23.93522071838379,0.9535413761181014,0.4474304646244034,7.250624179840088,4.320799500921405,8.922351837158203,2.1649577617645264,41.98295593261719,0.6552046537399292,1.7070705890655518,0.9020689725875854,0.033317845314741135,14.773231506347656,0.5327734380250405,0.01848201372872705,0.4378776252269745,0.5318763256072998,0.5702946830068945,4.230248435212564,25.56268310546875,47.44422912597656
200136.jpg,7.3103,0.5026511549949646,0.6552091338510135,0.877641899558222,5.533186912536621,25.19005012512207,0.9495821528142344,0.44168733969270896,7.261473655700684,4.191601131432737,9.28205680847168,2.290677070617676,42.03714370727539,0.6482198238372803,1.6730868816375732,0.8745564222335815,0.032751619815826416,14.847673416137695,0.5317927406090944,0.019369711875020845,0.43539947271347046,0.5305834412574768,0.546808226008868,4.066840763944109,21.50946044921875,47.845367431640625
200137.jpg,7.3331,0.5032312273979187,0.6602790591365336,0.8777049794671681,5.509986400604248,26.173431396484375,0.9483596090573411,0.45192347025241464,7.3091278076171875,4.232108908962271,9.636102676391602,2.3802380561828613,43.55674362182617,0.6428897380828857,1.6845581531524658,0.8822161555290222,0.035024408251047134,14.556292533874512,0.5383293364157893,0.019409396510263226,0.43763571977615356,0.5314077734947205,0.5579351609211859,4.1249360726585875,21.08319091796875,47.18811798095703
200142.jpg,7.306,0.4991214871406555,0.6484062903709908,0.8798731349792634,5.535896301269531,25.321775436401367,0.9464525963278914,0.44185059544756966,7.2475385665893555,4.1444417447895585,9.400128364562988,2.3081891536712646,41.810874938964844,0.6559737324714661,1.7036950588226318,0.8659797310829163,0.031609635800123215,15.00180435180664,0.524212137160032,0.020717196464842307,0.4349919557571411,0.5310343503952026,0.5382651709706373,4.060195122461401,21.65155029296875,47.64575958251953
200143.jpg,7.3649,0.5008442997932434,0.6639258095691621,0.8797388647626921,5.524868011474609,25.320575714111328,0.9516284878366648,0.4459254214141954,7.301422119140625,4.257864560073035,9.21369743347168,2.298429250717163,42.88090133666992,0.6393716335296631,1.703251600265503,0.891448974609375,0.0345364473760128,14.617223739624023,0.5394987419417713,0.01732917911069558,0.4364871084690094,0.530983567237854,0.5642237865040771,4.114462495809207,22.21356201171875,48.35224914550781
200148.jpg,7.3156,0.5022789835929871,0.7126333395672519,0.8808844284137596,5.324827194213867,22.98786735534668,0.9555639905210978,0.4525705564514505,7.243748664855957,4.4784064952809395,8.881352424621582,2.07427978515625,41.86246871948242,0.652219295501709,1.728162169456482,0.9177955389022827,0.03338812291622162,14.764080047607422,0.5400150369910725,0.01589380124771446,0.4348669648170471,0.5299162268638611,0.5817600660013293,4.35320939839568,26.67840576171875,46.04682922363281
200151.jpg,7.3296,0.5078473091125488,0.6812856625700322,0.877129347508607,5.3894829750061035,26.20440673828125,0.955594523792874,0.45759033359781187,7.294760704040527,4.3208090685967715,9.271427154541016,2.3651187419891357,43.588600158691406,0.6178674101829529,1.6827211380004883,0.9465150833129883,0.03794752433896065,14.208166122436523,0.571650246984115,0.01669181254823135,0.43954023718833923,0.5296950340270996,0.6073232044155347,4.170233908986586,23.84051513671875,47.311363220214844
200153.jpg,7.3066,0.5047357678413391,0.5818159413018914,0.8804034209972282,5.736057281494141,34.3831901550293,0.9187051010790803,0.428427893741819,7.332810401916504,3.801848536877248,11.857056617736816,3.1898674964904785,44.94729232788086,0.6886737942695618,1.7014350891113281,0.8346586227416992,0.03374074026942253,14.718454360961914,0.5695570214368121,0.01772889086106367,0.42370104789733887,0.5369626879692078,0.5096528992582968,4.002528534684175,24.68475341796875,52.621238708496094
200154.jpg,7.3325,0.5068649649620056,0.683610931490098,0.8768187187646869,5.412163734436035,26.11298942565918,0.9553742726932243,0.456934322123435,7.3243408203125,4.35341922896006,9.271445274353027,2.3639259338378906,44.32588577270508,0.6075402498245239,1.6865251064300537,0.9318834543228149,0.038801226764917374,14.11154556274414,0.5624968935847318,0.01693309351582902,0.43822866678237915,0.5234128832817078,0.5950992376189345,4.012809929345312,24.38739013671875,48.07646942138672
200156.jpg,7.3436,0.5065141320228577,0.6445942975293983,0.8793635589718432,5.6111578941345215,25.230113983154297,0.9495316834577964,0.4486191906395098,7.293282508850098,4.159076069623117,8.907793045043945,2.2951433658599854,42.7170295715332,0.6632394790649414,1.6946806907653809,0.8906066417694092,0.033141203224658966,14.796318054199219,0.5303154295557007,0.018692357612510126,0.43652427196502686,0.5366268754005432,0.5506824642321922,3.8950314949791642,24.16326904296875,47.652469635009766
200158.jpg,7.3314,0.5025399327278137,0.6615920586450414,0.8793703692085924,5.4899773597717285,26.3837833404541,0.9506385959599655,0.4470467214888073,7.278562545776367,4.223794554236521,9.50053596496582,2.398078203201294,42.558372497558594,0.6396961808204651,1.7051417827606201,0.8983036279678345,0.034520473331213,14.619232177734375,0.553745328716379,0.01765944230522061,0.43495920300483704,0.5306174159049988,0.5711316895234939,4.031386705787058,22.01483154296875,47.12343215942383
200160.jpg,7.3115,0.4796770215034485,0.6542822914434188,0.878736913538821,5.392059326171875,27.282440185546875,0.9515922644897362,0.46386010316004234,7.183343410491943,4.113943717095042,9.864276885986328,2.481771230697632,40.890594482421875,0.6368774175643921,1.686915636062622,0.9007492065429688,0.0303963590413332,15.171785354614258,0.5598144108369398,0.018099659885183778,0.4392569661140442,0.5318074822425842,0.5781301049537586,4.059723296583319,21.97039794921875,49.07994842529297
200162.jpg,7.2343,0.4996131956577301,0.6825954026608044,0.8791891859912515,5.40242862701416,24.046066284179688,0.9520258999670876,0.4357277244969014,7.239782810211182,4.31477033290637,9.103151321411133,2.1826560497283936,41.75360107421875,0.6581892967224121,1.6896867752075195,0.9084112048149109,0.03342452272772789,14.759347915649414,0.5391271424012746,0.01864345829083218,0.432769775390625,0.5316274166107178,0.5683035941631415,4.180370026066016,25.01239013671875,46.7982177734375
200168.jpg,7.3339,0.5064229369163513,0.6810368830301387,0.8780930681344514,5.4406843185424805,24.16716194152832,0.9529457904842714,0.45048662810348983,7.276691436767578,4.330513682862126,9.039244651794434,2.1897034645080566,42.21413040161133,0.6455101370811462,1.6916842460632324,0.9071863889694214,0.034127987921237946,14.668892860412598,0.5359371221033014,0.01756981188629295,0.4364314079284668,0.5278370380401611,0.5716578931494297,4.177114887671385,22.58026123046875,46.85816192626953
200169.jpg,7.2986,0.49321842193603516,0.6811568377239756,0.8770012470941008,5.374837398529053,24.109577178955078,0.9541459714576679,0.4488525448128218,7.178202152252197,4.2753067973732115,9.176789283752441,2.190061330795288,40.01502227783203,0.643730640411377,1.6997451782226562,0.8999305963516235,0.03047490119934082,15.160577774047852,0.5419771168993133,0.015082088651583506,0.43607062101364136,0.5261716842651367,0.566308512811116,4.127747232785276,24.54412841796875,45.853981018066406
200170.jpg,7.3141,0.5084565877914429,0.635643562694466,0.8774909680243625,5.5747809410095215,27.719608306884766,0.9404562599924067,0.4336556386172749,7.285161972045898,4.087181550465415,9.953657150268555,2.534762144088745,42.4888916015625,0.6478286981582642,1.7048649787902832,0.8325179815292358,0.033543847501277924,14.743871688842773,0.5267115198368969,0.019502107988486422,0.4339293837547302,0.5343440175056458,0.5142069402254646,3.957247645682159,17.29510498046875,47.80116271972656
200172.jpg,7.3069,0.5073530077934265,0.6742640955668534,0.8786890776835885,5.435710430145264,24.39972496032715,0.9517091369087529,0.4427260063640091,7.29268217086792,4.291161609201859,9.020572662353516,2.2133595943450928,42.581016540527344,0.6523140072822571,1.6876376867294312,0.891545295715332,0.03432628884911537,14.643732070922852,0.5281575123134407,0.01882368536662371,0.43538665771484375,0.5298203825950623,0.5593221437302591,4.165679859937458,23.00360107421875,46.474544525146484
200173.jpg,7.3133,0.4840676486492157,0.6707708102747678,0.8772072192757642,5.387338161468506,25.205236434936523,0.9530469964100713,0.4524925286272808,7.2027130126953125,4.222531977771936,9.524231910705566,2.296616554260254,40.6756591796875,0.6519699096679688,1.6731369495391846,0.9019869565963745,0.02928231470286846,15.333946228027344,0.5441906093171172,0.017534303063167788,0.43534380197525024,0.5286373496055603,0.5624022874448743,4.08495250918476,22.45379638671875,46.990478515625
200174.jpg,7.4073,0.5052744746208191,0.6792538713837573,0.8803471922608345,5.461023330688477,24.202533721923828,0.949274406407202,0.442342897949481,7.286374092102051,4.329372156658387,8.984384536743164,2.197232961654663,42.81230545043945,0.6516256332397461,1.722705364227295,0.8938814401626587,0.033909786492586136,14.696749687194824,0.5287377680016604,0.018323967893947708,0.4343998432159424,0.5336813926696777,0.5557275380620301,4.139578244710333,24.10662841796875,45.62559509277344
200176.jpg,7.3144,0.5081859827041626,0.6904557144914375,0.8768724844979705,5.3546319007873535,24.181884765625,0.9562507479839848,0.4443103722183375,7.2751264572143555,4.360157232251533,8.90296745300293,2.185804843902588,42.68215560913086,0.6183645725250244,1.6878408193588257,0.9372526407241821,0.036612994968891144,14.3636474609375,0.5529078633935288,0.01690682423426744,0.43448007106781006,0.5238483548164368,0.5913633877915541,4.21654720684956,23.48748779296875,47.986419677734375
200177.jpg,7.3192,0.4997522532939911,0.682323163915991,0.8778141164078175,5.433353900909424,23.02536964416504,0.9537815731012721,0.4528144601106108,7.263405799865723,4.331658832549481,8.635683059692383,2.0826847553253174,42.2619743347168,0.6356829404830933,1.6612176895141602,0.9084180593490601,0.03386645391583443,14.702301979064941,0.528594378120572,0.017597179278911197,0.4368075728416443,0.5277983546257019,0.5767106017108485,4.252022091232492,25.05047607421875,46.281005859375
200179.jpg,7.3195,0.509425938129425,0.5986078526369347,0.880500519440487,5.764242172241211,30.500986099243164,0.9193999121170313,0.4302589166182362,7.323696136474609,3.917282378880122,10.766179084777832,2.812030076980591,44.09286117553711,0.6851963996887207,1.6810355186462402,0.868095338344574,0.032128218561410904,14.931134223937988,0.5582138145056833,0.01928236951624799,0.42245328426361084,0.5450694561004639,0.5233364635526042,4.175485555103123,20.65545654296875,52.01941680908203
200182.jpg,7.3309,0.5046596527099609,0.6615877977809195,0.8795959340343434,5.4964118003845215,25.43663215637207,0.9485791148843262,0.45088442836154796,7.28880500793457,4.22928395387151,9.349151611328125,2.31411075592041,42.39258575439453,0.6471158862113953,1.7090575695037842,0.8904190063476562,0.033244792371988297,14.782763481140137,0.5349430234691251,0.01922078863989157,0.4372548460960388,0.5351311564445496,0.5589953796918798,4.127144716868435,22.11541748046875,47.48414611816406
200184.jpg,7.3422,0.49633368849754333,0.667314092460752,0.8791626311398932,5.424139976501465,24.353513717651367,0.9512752773825466,0.4495414184159387,7.207810878753662,4.214751952098089,9.04820442199707,2.2068123817443848,40.852745056152344,0.6379458904266357,1.6983227729797363,0.8800392746925354,0.03165067359805107,14.996170997619629,0.5246904020168567,0.019560576697054747,0.43731391429901123,0.527197003364563,0.5587166192688218,4.203909094702723,23.23504638671875,46.37382888793945
200186.jpg,7.3965,0.5009312629699707,0.6686606126583641,0.8784626936067128,5.458259582519531,25.049327850341797,0.9524489042628359,0.4596136056072488,7.29414176940918,4.263526766832891,9.093169212341309,2.266170024871826,43.34479522705078,0.6455276012420654,1.6695066690444946,0.9013765454292297,0.03488272428512573,14.573897361755371,0.5418447608946135,0.018587433076977557,0.4399351477622986,0.5289208292961121,0.5778274246197813,4.190656466337774,23.15399169921875,45.13465118408203
200189.jpg,7.3664,0.5012029409408569,0.6691411970007094,0.8794031481029246,5.4615936279296875,25.678878784179688,0.9486662907558362,0.4470073645279167,7.289931774139404,4.26629781976613,9.471850395202637,2.335350751876831,42.841041564941406,0.641638457775116,1.721076250076294,0.8779449462890625,0.03376781940460205,14.714970588684082,0.5383873498834774,0.018105195434765662,0.43533241748809814,0.5330005288124084,0.5510155928972431,4.048590458202892,22.50115966796875,47.73365783691406
200190.jpg,7.3999,0.5024510025978088,0.6892771791984261,0.8784363081342904,5.402888298034668,23.383930206298828,0.952504337012102,0.4470433975301344,7.298774719238281,4.377496019201907,8.754324913024902,2.116270065307617,43.05867004394531,0.639127254486084,1.6764346361160278,0.9115586280822754,0.035241901874542236,14.529407501220703,0.5307820417643027,0.017161181581385986,0.43622273206710815,0.5275028347969055,0.5769660023114821,4.265576086257642,23.68865966796875,45.933441162109375
200192.jpg,7.3303,0.49088236689567566,0.6670414674864674,0.880073367881407,5.411373138427734,25.01102066040039,0.9509678475347162,0.45123758437980577,7.20395565032959,4.207486157861181,9.29651927947998,2.2695131301879883,40.60011291503906,0.6602292656898499,1.6888775825500488,0.8935501575469971,0.030073702335357666,15.218132019042969,0.5336766478781108,0.019263472329463925,0.4388657808303833,0.5343271493911743,0.5605521390041449,4.158872491283482,23.50994873046875,48.305660247802734
200194.jpg,7.3716,0.5043300986289978,0.6917697282230227,0.8784286116548845,5.371767520904541,24.216384887695312,0.9524803543709137,0.4446899335292379,7.287286758422852,4.378587961437901,9.130780220031738,2.1961827278137207,42.899715423583984,0.6449533104896545,1.6850152015686035,0.8981407880783081,0.03489067777991295,14.572905540466309,0.5296521918165158,0.019379496170880788,0.4377756714820862,0.5271307826042175,0.5673490779259873,4.091743321006024,23.58758544921875,46.065101623535156
200196.jpg,7.3295,0.5023238658905029,0.6669627402283942,0.8795033145963912,5.485339641571045,25.0206298828125,0.9504188587585741,0.44099800074088674,7.2427778244018555,4.244601959851577,9.23705768585205,2.275646448135376,41.477783203125,0.6472052335739136,1.7148232460021973,0.8888952732086182,0.03270397335290909,14.853994369506836,0.5367933309309378,0.017744970053062407,0.43257787823677063,0.5317428708076477,0.5551558950901666,4.061428808619112,23.74432373046875,48.02466583251953
200197.jpg,7.3231,0.49856993556022644,0.6389392369655933,0.8773870204243513,5.565122604370117,26.799352645874023,0.9468260326584652,0.4440971210075091,7.303112983703613,4.1110221888846255,9.500988960266113,2.4421069622039795,42.986995697021484,0.6424576640129089,1.6693763732910156,0.8752358555793762,0.03322909399867058,14.78481388092041,0.5412588355019065,0.018325494053408123,0.4340231716632843,0.5298938751220703,0.546769520175627,4.023166500241726,18.80975341796875,49.68689727783203
200202.jpg,7.2957,0.5075804591178894,0.6700122686935431,0.8776634152735946,5.457959175109863,24.59999656677246,0.9493707044243263,0.4355637702346206,7.242353916168213,4.254695083256941,9.125587463378906,2.24068021774292,41.78230667114258,0.6497823596000671,1.6808979511260986,0.8813289403915405,0.03341131657361984,14.761065483093262,0.5269421697057073,0.01931909521115776,0.4338587522506714,0.5324289798736572,0.5461805636793087,4.096238652140492,20.96112060546875,46.36448669433594
200203.jpg,7.4067,0.503884494304657,0.6659966927530838,0.8788353911602226,5.423961162567139,26.965957641601562,0.9503347478030592,0.4611220269982867,7.294223785400391,4.2351469910394215,9.544468879699707,2.4469525814056396,43.1764030456543,0.6270825862884521,1.7128572463989258,0.907454252243042,0.03535792604088783,14.515132904052734,0.5542357275530917,0.018774517991431927,0.4399822950363159,0.5335603952407837,0.5803731086328552,4.0195002812690275,23.37762451171875,49.5845947265625
200207.jpg,7.3361,0.4872465133666992,0.6620911657777858,0.8765508247501697,5.462924957275391,26.515338897705078,0.9530141912988999,0.4537515768514678,7.2300543785095215,4.20196690226336,9.797403335571289,2.414618968963623,41.20786666870117,0.6398283243179321,1.671060562133789,0.8999913334846497,0.03087603859603405,15.103784561157227,0.5550300300332769,0.01618429452446581,0.43639901280403137,0.5251079797744751,0.566460972969947,4.009888624480818,22.46502685546875,47.69731903076172
200208.jpg,7.336,0.5025727152824402,0.6755008611778505,0.8780895996062131,5.389730453491211,25.96640396118164,0.9545735040532746,0.4653852641149592,7.255732536315918,4.271023105924401,9.347155570983887,2.3519325256347656,42.03924560546875,0.6122604608535767,1.716917634010315,0.9268205165863037,0.03507010266184807,14.550629615783691,0.5587865956818157,0.01759521797452748,0.44058430194854736,0.5293987393379211,0.5942047291385095,4.063123280835001,24.59490966796875,47.956207275390625
200217.jpg,7.3161,0.4963781535625458,0.6667097696645533,0.8772230685416287,5.494237422943115,26.096542358398438,0.9497348848492626,0.4479247245977318,7.3033976554870605,4.266166145124332,9.476710319519043,2.375887393951416,43.153594970703125,0.6381486654281616,1.6718196868896484,0.8897795677185059,0.03413241356611252,14.668330192565918,0.5437279937911542,0.0187029797349012,0.44013822078704834,0.5345319509506226,0.5603702132619167,3.9760974900997597,22.97772216796875,47.06159973144531
200223.jpg,7.3247,0.5036253929138184,0.6548495485754147,0.8775791560500374,5.495980262756348,24.799863815307617,0.9480984077502534,0.4313136281545468,7.235429763793945,4.168591093123119,9.258543968200684,2.2620630264282227,41.54184341430664,0.6505295038223267,1.6850850582122803,0.8581318855285645,0.032061073929071426,14.940218925476074,0.5202127205919248,0.019634642674114654,0.4294764995574951,0.5292010307312012,0.5259483666396663,4.062357807616024,20.98992919921875,48.268524169921875
200232.jpg,7.3624,0.5000253915786743,0.6275902970411941,0.8807974946560431,5.6600213050842285,29.504657745361328,0.9346577253907928,0.4417129542561961,7.276195049285889,4.059333504197429,11.007333755493164,2.722816228866577,42.63787078857422,0.6988446116447449,1.6916234493255615,0.861501932144165,0.03046443685889244,15.162069320678711,0.5605571567047385,0.01814396074962299,0.42787057161331177,0.5315341949462891,0.5315532324011264,4.052889349681608,25.01190185546875,50.03595733642578
200235.jpg,7.3464,0.4983139932155609,0.660347728664285,0.8780346569776276,5.575725555419922,24.98193359375,0.9508223952377108,0.45536776561399306,7.2709856033325195,4.241660116795586,9.059456825256348,2.269162893295288,41.93238067626953,0.6187038421630859,1.7012195587158203,0.8869718313217163,0.0330829918384552,14.803953170776367,0.5370482473100173,0.017411396733500128,0.439961314201355,0.5259154438972473,0.55963184359564,4.071272909482241,21.92303466796875,46.52225875854492
200239.jpg,7.3208,0.496002197265625,0.6329705744913903,0.8777732507081709,5.557517051696777,28.047210693359375,0.9426014981712605,0.4384282389399041,7.246051788330078,4.052152784064255,10.375186920166016,2.5755763053894043,42.27276611328125,0.6628222465515137,1.6968255043029785,0.8360178470611572,0.030680619180202484,15.131359100341797,0.5389621782931336,0.018985449096087077,0.43232107162475586,0.5366355180740356,0.5153495903823591,4.039562015953705,18.93035888671875,48.205406188964844
200242.jpg,7.3061,0.4716421067714691,0.6668128418833986,0.8756802166485287,5.334863185882568,27.11528968811035,0.9555505117083508,0.4750206437112775,7.262181282043457,4.199947998192876,9.774619102478027,2.4629204273223877,42.87031173706055,0.6022672653198242,1.6767216920852661,0.9326966404914856,0.03203495219349861,14.94375991821289,0.5797440963681931,0.015743566365623605,0.4372119903564453,0.5142093896865845,0.6026745103031058,4.244420102363533,21.11395263671875,48.561763763427734
200243.jpg,7.2975,0.5087976455688477,0.6289465361034468,0.8768755088240284,5.586453914642334,29.91936683654785,0.9403854700907357,0.430573812876446,7.305248260498047,4.054107390258443,11.056421279907227,2.7536163330078125,43.96294021606445,0.6462169885635376,1.697058081626892,0.8646683692932129,0.035241179168224335,14.529496192932129,0.559921338627063,0.018923720958366908,0.42994821071624756,0.531900942325592,0.5298002564471239,3.988273089367521,19.89764404296875,48.61505889892578
200246.jpg,7.3153,0.5085915923118591,0.6571026790580226,0.8776699664434613,5.591139316558838,25.097126007080078,0.9464980606407409,0.42809814719882305,7.291238307952881,4.232534521614625,9.435856819152832,2.2912158966064453,43.01885223388672,0.6504876613616943,1.6753957271575928,0.8653932213783264,0.03439334034919739,14.63525676727295,0.529673558901836,0.019319134950470603,0.4290607273578644,0.5279262065887451,0.5334639476022607,4.274562512719695,11.68377685546875,48.10797882080078
200250.jpg,7.3427,0.5056909918785095,0.6818616111318522,0.8780297466684897,5.394827365875244,24.24783706665039,0.9495503528335215,0.4334775196310209,7.288720607757568,4.324224899641491,9.042520523071289,2.2001984119415283,43.127601623535156,0.6415574550628662,1.6824551820755005,0.8975257873535156,0.03458848595619202,14.610685348510742,0.5347442920264868,0.017820106695874322,0.43012988567352295,0.5330783128738403,0.5604258562529137,4.321027598845186,23.89764404296875,47.011146545410156
200252.jpg,7.3025,0.502655029296875,0.6628203306086043,0.8774506024502098,5.506508827209473,25.45967674255371,0.9503835762661966,0.4448438438049494,7.302559852600098,4.245067588987103,9.283730506896973,2.3161606788635254,43.295799255371094,0.6379660964012146,1.6795306205749512,0.8989688158035278,0.0347440280020237,14.591198921203613,0.5410310224508881,0.017660000332948973,0.4358034133911133,0.530958890914917,0.5618326816325644,4.019806210324255,22.57879638671875,47.31964874267578
200255.jpg,7.3047,0.502877414226532,0.6640910048027521,0.8787557268350863,5.505257606506348,24.996700286865234,0.9482163682184362,0.44747972601058006,7.282533168792725,4.246140568113992,9.23223876953125,2.273925542831421,42.68589782714844,0.6589522957801819,1.678794503211975,0.883367657661438,0.03276457637548447,14.845954895019531,0.5323259513152853,0.01888930748551264,0.4349525570869446,0.533458948135376,0.5516285966018596,4.09455642147284,22.40692138671875,46.990325927734375
200257.jpg,7.3393,0.5055460333824158,0.6575154905995623,0.8806949171852211,5.519649982452393,25.3804931640625,0.9493477619159354,0.43633852680110596,7.260732650756836,4.20166207015243,9.493997573852539,2.315885543823242,42.01345443725586,0.6664493083953857,1.7208836078643799,0.866621732711792,0.03255806863307953,14.873414039611816,0.523026142077816,0.020234041761072432,0.4360816478729248,0.535010814666748,0.5347112964863913,4.102874753703513,23.00799560546875,45.82919692993164
200258.jpg,7.3343,0.48631879687309265,0.5905398699252842,0.8797365088354526,5.632872104644775,30.898962020874023,0.9341615131045663,0.43734645189240134,7.198562145233154,3.788747647549636,11.11145305633545,2.857945203781128,41.16168975830078,0.6743009090423584,1.7038934230804443,0.8200544118881226,0.027319934219121933,15.635204315185547,0.5506724452500761,0.019607808640756418,0.42988836765289307,0.5372503399848938,0.5010217544621853,3.8599393689333072,14.12371826171875,51.77465057373047
200259.jpg,7.3005,0.5003132224082947,0.6844919616103492,0.8778806560953328,5.430846214294434,24.593585968017578,0.9541396380129712,0.45119842643311536,7.273944854736328,4.3481761723919234,9.01063060760498,2.227149724960327,42.6966667175293,0.6417570114135742,1.672386646270752,0.9202476143836975,0.03477374464273453,14.587486267089844,0.5455467184771269,0.017681167761913575,0.43798089027404785,0.5322871208190918,0.5823731110766531,4.106210704702056,24.94207763671875,46.57884216308594
200260.jpg,7.2581,0.49808579683303833,0.6967279816961074,0.8794700487614565,5.307934761047363,23.732988357543945,0.954675306736823,0.45588767125768526,7.255217552185059,4.37656272416022,9.022154808044434,2.1474297046661377,42.09625244140625,0.6321340203285217,1.7088066339492798,0.9174734950065613,0.033895719796419144,14.698551177978516,0.5390056192124871,0.016416812178408,0.4370640218257904,0.527843177318573,0.5851482793420985,4.236717947585985,24.41668701171875,46.715450286865234
200261.jpg,7.2601,0.4996758997440338,0.6813705371328737,0.8782636617441975,5.388038158416748,24.8717098236084,0.9529588502408113,0.4521933502133589,7.248671531677246,4.305153470188213,9.089335441589355,2.2528960704803467,42.225921630859375,0.6469475030899048,1.672157883644104,0.908638060092926,0.033798281103372574,14.711054801940918,0.5415138182892192,0.017580092591400354,0.436212956905365,0.5294660329818726,0.5785990581906639,4.253270828793144,22.79559326171875,48.29790496826172
200266.jpg,7.3726,0.49944981932640076,0.6809848987969035,0.8795634863522428,5.399462699890137,23.882749557495117,0.9514992891704607,0.44930515015470784,7.2485456466674805,4.30656381219381,8.968883514404297,2.162407875061035,41.9172248840332,0.6423739194869995,1.7142953872680664,0.9011934995651245,0.03305220976471901,14.807995796203613,0.5292678441782457,0.017433216709722144,0.43665456771850586,0.53131502866745,0.5669926968377504,4.23115143200509,24.15692138671875,47.755977630615234
200267.jpg,7.3397,0.497147798538208,0.7015490905525611,0.8792348788427138,5.319353103637695,22.80804443359375,0.9544185760602147,0.43958355008223066,7.220986366271973,4.398844590727851,8.834442138671875,2.064819574356079,41.368038177490234,0.6352825164794922,1.7099993228912354,0.9030871391296387,0.03301287814974785,14.813166618347168,0.528814934369526,0.01723271908661717,0.43363237380981445,0.5236225128173828,0.568735337498857,4.306031128047319,24.90155029296875,45.99627685546875
200270.jpg,7.3243,0.510159432888031,0.48967246652410157,0.8779326525391572,6.006618022918701,44.558753967285156,0.9032820982389673,0.41952729192804644,7.331249713897705,3.265602205521615,14.910734176635742,4.186983585357666,43.72061538696289,0.6877301931381226,1.6940333843231201,0.775530219078064,0.030148902907967567,15.20728588104248,0.6042856683482326,0.016028870783897163,0.41563689708709717,0.5452524423599243,0.4683030686061471,3.9410793099455015,24.79461669921875,56.763545989990234
200273.jpg,7.3304,0.4979672431945801,0.6741982231164243,0.8791728672299897,5.429389476776123,24.812524795532227,0.9497979149093368,0.45436449073545493,7.251086235046387,4.274589510181338,9.135173797607422,2.25075364112854,41.588409423828125,0.6343994140625,1.7148113250732422,0.8760157823562622,0.03265540301799774,14.860448837280273,0.5281790492232049,0.017539298974028034,0.4375511109828949,0.5230384469032288,0.5608276125867205,4.100474801723471,22.64764404296875,48.86106872558594
200279.jpg,7.3715,0.4862458407878876,0.6123343068540386,0.8788211641869718,5.558228969573975,28.785898208618164,0.938119926200029,0.44304052889342316,7.182094573974609,3.900679544024225,10.329360008239746,2.647521495819092,40.49727249145508,0.6575970649719238,1.6965358257293701,0.8372012376785278,0.027511896565556526,15.604795455932617,0.5425881883103639,0.01914104203467746,0.4312940835952759,0.5357613563537598,0.5152901491714827,3.910278161689212,15.79412841796875,50.08625793457031
200280.jpg,7.3953,0.5050898790359497,0.6710828236747846,0.8780123842007685,5.504721641540527,24.3565616607666,0.9530736814222455,0.4504497411639661,7.233896255493164,4.274346341426977,9.046201705932617,2.2130558490753174,41.1990852355957,0.6558650135993958,1.6855041980743408,0.8986893892288208,0.03244442865252495,14.888599395751953,0.5310813045464614,0.01929448998950047,0.43794941902160645,0.5275371670722961,0.5643276248465066,4.111203454586756,22.80438232421875,47.09495544433594
200283.jpg,7.351,0.500951886177063,0.643369906498173,0.8798727646111727,5.5544304847717285,26.01862144470215,0.944524207025011,0.43250927904475867,7.232649803161621,4.113423320592217,9.415011405944824,2.377267599105835,40.91899490356445,0.6568470001220703,1.7317708730697632,0.8554534912109375,0.03051719255745411,15.15455436706543,0.5331949796271899,0.01764994660880087,0.43301284313201904,0.5333932638168335,0.5273558421124462,4.0702064858799725,18.79852294921875,48.37236785888672
200286.jpg,7.3592,0.5048291087150574,0.647669507158227,0.880334663201644,5.593733787536621,26.58661460876465,0.9421719532859921,0.43172246897332855,7.304415225982666,4.17688102111352,9.86880111694336,2.4352500438690186,43.60020446777344,0.6835320591926575,1.6811130046844482,0.8529114723205566,0.033045314252376556,14.8089017868042,0.5306377024939603,0.019831644285611082,0.4311257600784302,0.5394774675369263,0.5244162897508521,4.125531774718652,19.11981201171875,48.16875076293945
200289.jpg,7.33,0.49457406997680664,0.676817988342034,0.8802830569134654,5.399444580078125,25.125598907470703,0.9493579114833717,0.46134575855483395,7.2343926429748535,4.275416745785961,9.08757495880127,2.279672861099243,41.41713333129883,0.6455504298210144,1.7263965606689453,0.885552167892456,0.031221939250826836,15.055400848388672,0.5379710275448994,0.017384913271969175,0.44010645151138306,0.5322363376617432,0.564508313649909,4.073319634924917,24.06219482421875,47.44209671020508
200291.jpg,7.365,0.49914583563804626,0.6484134114900019,0.8785372486274281,5.56974983215332,25.078950881958008,0.9465659318858866,0.4479202005884195,7.266292095184326,4.161542880840736,9.027315139770508,2.282599449157715,41.72907638549805,0.6486294269561768,1.6894558668136597,0.8591448068618774,0.03139685466885567,15.031139373779297,0.5250474291970582,0.019450267137749326,0.43733417987823486,0.5313712358474731,0.5409520699236984,4.0824100139094925,21.47821044921875,46.83472442626953
200297.jpg,7.3834,0.5029300451278687,0.6553896034114158,0.878678323390787,5.542854309082031,25.759033203125,0.9507999177767865,0.449195271476077,7.2912516593933105,4.205681873236946,9.444697380065918,2.3390579223632812,43.19752883911133,0.6604543328285217,1.6787633895874023,0.8882546424865723,0.03422632813453674,14.656396865844727,0.5369192549878931,0.020124090597002237,0.436897873878479,0.5332329273223877,0.5600336115910395,4.166898936153453,23.71893310546875,46.87787628173828
200298.jpg,7.3288,0.4986736476421356,0.6811267689602049,0.879335501431525,5.45812463760376,23.743854522705078,0.9528207916108955,0.4508182775908566,7.234991073608398,4.322822953335976,9.037163734436035,2.150481939315796,41.258975982666016,0.6444469094276428,1.7039892673492432,0.8969370722770691,0.03203272074460983,14.944062232971191,0.5356412512507515,0.01737652442545717,0.4373759627342224,0.5268613696098328,0.5663288896472349,4.178811014061111,24.70965576171875,46.671852111816406
200300.jpg,7.3289,0.49974092841148376,0.6486893472869599,0.8776292762589601,5.553891658782959,25.71693992614746,0.9468724758965593,0.44982663858289273,7.29658317565918,4.1679946578048614,9.276799201965332,2.341583013534546,42.67081832885742,0.645402193069458,1.6730408668518066,0.88181072473526,0.03245895355939865,14.886655807495117,0.532909762371572,0.018790601035127946,0.43709859251976013,0.5332258939743042,0.5497813475511999,4.025299451006336,20.08172607421875,48.67253875732422
200305.jpg,7.3308,0.5017222762107849,0.6960073071972522,0.8792575971033865,5.359275817871094,23.962129592895508,0.9550289662485218,0.44834016803921123,7.265501976013184,4.393481808317112,9.11001968383789,2.1679792404174805,42.493202209472656,0.6324055790901184,1.7106688022613525,0.9110724925994873,0.03492631018161774,14.568472862243652,0.5402123919875074,0.017475825418156697,0.434416800737381,0.5297678112983704,0.5784874580362429,4.266368829354976,24.22528076171875,46.8944206237793
200306.jpg,7.3713,0.5046611428260803,0.6770070601498014,0.8778909574246734,5.443104267120361,25.86163330078125,0.9537636053839198,0.4606164466217333,7.296652793884277,4.312465345239888,9.499823570251465,2.3439273834228516,42.74305725097656,0.638274073600769,1.6931183338165283,0.8934551477432251,0.03571368753910065,14.471653938293457,0.5411740007865867,0.018605347105793302,0.44141167402267456,0.5274012684822083,0.5744553524267528,4.173527752157598,22.15545654296875,47.84235763549805
200307.jpg,7.4961,0.5021173357963562,0.6667282785630787,0.8779912450702964,5.468311309814453,24.295175552368164,0.9497474742509191,0.43161978921144367,7.234313011169434,4.234611550996197,9.033246040344238,2.211174726486206,41.468040466308594,0.6540517210960388,1.683166742324829,0.8775118589401245,0.03234392777085304,14.902074813842773,0.5257375010788526,0.01847077530293971,0.4320507347583771,0.5302484631538391,0.5407647523448836,4.2195048225626275,21.24481201171875,46.636043548583984
200309.jpg,7.3864,0.5033357739448547,0.6918998782825049,0.8777708771059001,5.3155622482299805,23.43839454650879,0.9537270106903677,0.44450313168900063,7.241444110870361,4.344108475578553,8.711812019348145,2.1186130046844482,41.972042083740234,0.6348553895950317,1.6866886615753174,0.9201686382293701,0.03411347419023514,14.67074203491211,0.5347341520584568,0.017190307608592182,0.4349363446235657,0.5259061455726624,0.5808777420643386,4.238021158225238,24.91229248046875,47.411712646484375
200312.jpg,7.4237,0.5011634230613708,0.6512636012426263,0.8797347228153722,5.475686550140381,26.417570114135742,0.9479967016502219,0.4423934285641017,7.2453837394714355,4.142396680486463,9.650205612182617,2.404780626296997,42.066734313964844,0.6547456979751587,1.7033281326293945,0.8837050795555115,0.03261549770832062,14.86575984954834,0.541374943397444,0.0189975925324674,0.4364553689956665,0.534728467464447,0.5539817405770582,4.116237837639873,23.67254638671875,47.59794616699219
200313.jpg,7.3923,0.5047860741615295,0.6656493645968666,0.8794437670562074,5.451437473297119,26.031036376953125,0.9494376102345661,0.44662795400642336,7.283929824829102,4.238657164771368,9.547436714172363,2.3681890964508057,42.730228424072266,0.6426447629928589,1.726179599761963,0.8831828832626343,0.034594807773828506,14.609890937805176,0.5421599249390864,0.018455994688014503,0.4372760057449341,0.5323987007141113,0.556464870374601,4.025192079472501,23.67791748046875,48.83246612548828
200314.jpg,7.3847,0.504681408405304,0.6916907889472654,0.8781054666414906,5.408495903015137,23.59200096130371,0.9552596465353553,0.45548478614394966,7.268656253814697,4.384347396457327,8.79557991027832,2.133751630783081,42.161861419677734,0.6424391269683838,1.6911914348602295,0.922150731086731,0.034513868391513824,14.620064735412598,0.5342969507558858,0.018597254980080073,0.4392930865287781,0.5243165493011475,0.5849485703827609,4.228968289909426,24.68426513671875,46.82306671142578
200315.jpg,7.3249,0.5076152682304382,0.6669004158534405,0.8781352043962485,5.50373649597168,24.876733779907227,0.9514218492900671,0.4448982793351439,7.306452751159668,4.271572800678152,9.260910034179688,2.261486530303955,43.033660888671875,0.6494380235671997,1.6914523839950562,0.8933171033859253,0.03468611091375351,14.598443984985352,0.5284088062617668,0.018386673465304024,0.4367392957210541,0.531641960144043,0.5553375075231057,4.090952631924287,21.86151123046875,47.259071350097656
200316.jpg,7.3306,0.507556140422821,0.6881908463005988,0.8777622565515961,5.398299694061279,24.483856201171875,0.9567743075081631,0.45848232480814366,7.2783203125,4.361979499190548,8.846505165100098,2.2149477005004883,42.62116622924805,0.6318092346191406,1.697669506072998,0.9274252653121948,0.03591476008296013,14.447270393371582,0.5438682389050413,0.017555304184590573,0.4418772757053375,0.5272807478904724,0.5904056164559605,4.07540206879489,24.95819091796875,46.7987060546875
200317.jpg,7.374,0.49849483370780945,0.6815232178064987,0.8789785845074827,5.36568546295166,24.322397232055664,0.9545994417340634,0.45672265673923856,7.208388805389404,4.2847741960197485,9.202964782714844,2.2011241912841797,40.78001022338867,0.6394029259681702,1.6913752555847168,0.9191503524780273,0.03234001621603966,14.902597427368164,0.5419591467164798,0.018611285408021386,0.43917447328567505,0.5288156270980835,0.585926842377599,4.265647992094233,24.98944091796875,47.62654113769531
200319.jpg,7.3403,0.49354296922683716,0.6280491062666207,0.8788683059487075,5.560816287994385,28.479984283447266,0.943864054074031,0.4417614316951056,7.234762191772461,4.018137123736452,10.50430679321289,2.6146481037139893,42.126182556152344,0.6534218788146973,1.7043206691741943,0.839848518371582,0.03048362396657467,15.159335136413574,0.5398203875170662,0.020379309128544902,0.4327995777130127,0.5357517004013062,0.5193013479597852,3.903130020162975,19.21112060546875,50.357879638671875
210009.jpg,7.3805,0.526479184627533,0.4686224148990346,0.9037304142816421,7.105035305023193,82.5992660522461,0.9474567287392965,0.5613258265579838,7.391047477722168,3.396603397755806,24.5698299407959,8.110548973083496,52.51654815673828,0.8264532089233398,1.6436580419540405,0.7485579252243042,0.015569258481264114,18.077320098876953,0.7560805680876359,0.0076103392654210825,0.4540978968143463,0.49577754735946655,0.5464577057070652,3.7416266667831533,35.81219482421875,52.868717193603516
210013.jpg,7.3213,0.49174460768699646,0.4854480690807742,0.8807376643087248,6.601330757141113,43.334590911865234,0.9117471295223102,0.4590567503077262,7.225404739379883,3.3560900859253007,12.852538108825684,4.142655849456787,44.84831619262695,0.7300508618354797,1.7245066165924072,0.7984453439712524,0.021280618384480476,16.720157623291016,0.6343353069357613,0.012430315142019211,0.43264615535736084,0.4749142527580261,0.5042096107490373,3.786642776492848,17.56365966796875,51.93184280395508
210014.jpg,7.3565,0.4732511639595032,0.5839574180650288,0.8703892562143379,6.229822635650635,28.854475021362305,0.9579421703159654,0.4536441712952579,7.243049144744873,3.9338025880294776,10.51215648651123,2.664562225341797,48.456485748291016,0.6380689144134521,1.7040126323699951,0.9646392464637756,0.030393235385417938,15.172231674194336,0.6000010824081643,0.013667292538299187,0.42180830240249634,0.4964991807937622,0.5704526481032257,4.171266091230076,12.53778076171875,47.727325439453125
210017.jpg,7.3373,0.48058947920799255,0.5181201392866261,0.8914347823362205,6.305269718170166,25.805395126342773,0.9277408564582622,0.4341486076836767,6.953584671020508,3.434849297349796,9.189513206481934,2.4333701133728027,38.44341278076172,0.7579822540283203,1.764297604560852,0.7300231456756592,0.01612541824579239,17.924890518188477,0.5377908913115124,0.020097223752461642,0.41035330295562744,0.4993098974227905,0.4503987944098436,4.050974739690116,4.88787841796875,46.19916534423828
210019.jpg,7.3163,0.4646759033203125,0.5254751430172198,0.9019446793114525,6.429457187652588,26.918365478515625,0.9181388699049308,0.43883382683028493,7.022210121154785,3.5342677553192132,8.088604927062988,2.5527427196502686,40.55128860473633,0.7970839738845825,1.7555396556854248,0.7756847143173218,0.014115549623966217,18.503023147583008,0.5650448538660866,0.014468429646281316,0.4193205237388611,0.49914392828941345,0.47915644837829674,4.264799162292194,11.02606201171875,48.1281852722168
210022.jpg,7.4051,0.5203112363815308,0.5034041304064675,0.8717039504783355,6.38955020904541,29.34805679321289,0.9307075034194714,0.46203582583555014,7.169836044311523,3.4129347460329917,9.220953941345215,2.764431953430176,40.94829177856445,0.6434943675994873,1.7522153854370117,0.7740627527236938,0.024784449487924576,16.058208465576172,0.542537602421581,0.014746277175081698,0.4345228970050812,0.49416863918304443,0.48000845561625916,3.6955676968488564,7.00946044921875,47.6923828125
210023.jpg,7.3368,0.4832974374294281,0.49576379524450404,0.8900876960099378,6.641421318054199,41.867652893066406,0.9142280013505286,0.4459595058918748,7.222847938537598,3.4367104461521496,12.97268295288086,4.015573024749756,49.94418716430664,0.7773297429084778,1.6993136405944824,0.721028208732605,0.0202048197388649,16.945451736450195,0.6211174954045124,0.016856521457546018,0.42352479696273804,0.4926939606666565,0.4781732349238867,4.472119085782285,21.33807373046875,52.571266174316406
210025.jpg,7.2964,0.47923919558525085,0.535978014343116,0.8769056768882814,6.244537830352783,29.44000816345215,0.9202248893789371,0.43565174444796,7.145854949951172,3.5884877086825977,8.980398178100586,2.744493246078491,43.49091720581055,0.6680806875228882,1.7481310367584229,0.820716142654419,0.024166829884052277,16.167804718017578,0.5768831368763109,0.014071823615540996,0.4160044193267822,0.48519444465637207,0.5033584825984515,4.117823150810317,7.58123779296875,52.94383239746094
210030.jpg,7.3384,0.47890543937683105,0.4753446495320217,0.8987941486249745,6.646230220794678,41.92593765258789,0.919299835743929,0.4752357425149173,7.049628257751465,3.255135280007588,12.498884201049805,4.015953063964844,41.15930938720703,0.7969043254852295,1.725600242614746,0.7947981357574463,0.013651696965098381,18.648134231567383,0.646305104204836,0.012178399991845862,0.4304293394088745,0.5040008425712585,0.5020340283356735,3.8540941819482994,21.62664794921875,50.6292610168457
210035.jpg,7.3653,0.5138888359069824,0.49522300892577226,0.8867025617126156,6.957723617553711,70.18453216552734,0.9481872338101941,0.5607244980165664,7.369724273681641,3.5476499751406365,21.184219360351562,6.852971076965332,51.19258117675781,0.757676362991333,1.6460187435150146,0.7914475798606873,0.021716492250561714,16.632102966308594,0.7463673162183263,0.00948776487501163,0.4512897729873657,0.48755359649658203,0.5976142786104931,3.8885385902406244,30.54559326171875,56.99418640136719
210040.jpg,7.3756,0.4852714538574219,0.4962393847684818,0.8999365774575798,6.858328819274902,60.81584548950195,0.9455917968818341,0.5292747112180595,7.40093994140625,3.5380143310378624,19.443775177001953,5.9219255447387695,56.999881744384766,0.8166658878326416,1.6550140380859375,0.812347948551178,0.019317662343382835,17.140453338623047,0.7076484144255013,0.00830942200762266,0.44748303294181824,0.4868512749671936,0.5318964222852063,3.74686607767162,26.72967529296875,53.120765686035156
210047.jpg,7.2822,0.4969801604747772,0.5275255944417735,0.876721915684467,6.2254958152771,24.383155822753906,0.9392940383100081,0.4345519626308308,7.133238792419434,3.5235468883634145,7.53997278213501,2.2688510417938232,41.00851821899414,0.664195716381073,1.7405445575714111,0.8570016622543335,0.023426078259944916,16.303003311157227,0.5429044500644719,0.0168510677974562,0.42037010192871094,0.5049816370010376,0.514932053251554,4.4799344270831805,4.28973388671875,45.185821533203125
210051.jpg,7.3323,0.46220141649246216,0.5713711525272016,0.8693722736698593,6.197650909423828,33.480079650878906,0.9483780061309659,0.4424468537074897,7.245915412902832,3.840643570630144,11.369744300842285,3.1437156200408936,50.30542755126953,0.6347265243530273,1.6662603616714478,0.8834659457206726,0.031410761177539825,15.029215812683105,0.6215327433060173,0.01572477655540707,0.41461771726608276,0.4920370578765869,0.5461234100085331,3.9187809658439785,10.12078857421875,50.10218811035156
210055.jpg,7.3083,0.5076104998588562,0.4940042915131407,0.9032957583050113,7.077573299407959,83.6167221069336,0.95348737511706,0.572929073911301,7.359399318695068,3.5659721747057596,25.02701759338379,8.224165916442871,52.912845611572266,0.8267908096313477,1.6401746273040771,0.794843852519989,0.015466619282960892,18.106046676635742,0.7689967993632572,0.007081802703694033,0.4557235836982727,0.4908329248428345,0.56807027898179,3.934171450847497,36.32000732421875,54.05997085571289
210057.jpg,7.3598,0.5226033329963684,0.4890570467967454,0.8869932254493693,6.9964752197265625,83.52625274658203,0.9493410091681359,0.5770937828023153,7.456876277923584,3.5342657799443558,24.564943313598633,8.189643859863281,53.910667419433594,0.7553184032440186,1.6397266387939453,0.7736717462539673,0.0248799379914999,16.041507720947266,0.7620463392182151,0.009190774155077542,0.4586079716682434,0.4936221241950989,0.5981594071233205,3.867214659384943,32.63494873046875,57.26856994628906
210060.jpg,7.3329,0.48502612113952637,0.5696702111106986,0.8960404340842928,6.18589448928833,21.781278610229492,0.9338856820457733,0.4345073096089535,7.108232498168945,3.7866441008997125,6.452991008758545,2.019756317138672,42.51818084716797,0.754016637802124,1.756011724472046,0.7683771848678589,0.019623246043920517,17.07229232788086,0.5036752071647691,0.019358041573156605,0.4088863730430603,0.49071168899536133,0.4611146475464625,4.360505410524627,4.37860107421875,46.6310920715332
210066.jpg,7.3194,0.4797727167606354,0.5607055823897092,0.8904157286442012,6.115161895751953,22.256017684936523,0.933852322241164,0.4332114987652229,7.048680305480957,3.690530496434514,6.963599681854248,2.0785508155822754,41.091548919677734,0.723236083984375,1.794602632522583,0.7705827355384827,0.019582772627472878,17.08125877380371,0.5108149903626727,0.018212642542175864,0.41665589809417725,0.5061702728271484,0.45995222428441374,4.238081052191271,6.78875732421875,47.20535659790039
210068.jpg,7.3352,0.4758422076702118,0.5013545854222344,0.8822284984518207,6.663635730743408,38.53601837158203,0.9437064263047898,0.4838928464088662,7.107758045196533,3.4521848222843836,12.598688125610352,3.6910476684570312,45.72700119018555,0.7452760338783264,1.655813217163086,0.8021845817565918,0.017669111490249634,17.52785301208496,0.6403400885792371,0.014316046213409907,0.4400685727596283,0.5032801032066345,0.533514633132122,4.125303485990636,18.02606201171875,50.311546325683594
210070.jpg,7.3941,0.5489546656608582,0.4822687587077361,0.8873013549077048,7.085952281951904,80.1018295288086,0.9556159176447313,0.5984770682932962,7.464491844177246,3.5086214625988887,24.152725219726562,7.840681552886963,56.28862762451172,0.7536938190460205,1.616612195968628,0.8179524540901184,0.024654407054185867,16.0810546875,0.7625112341007741,0.00702914112824878,0.4619581997394562,0.48600539565086365,0.592948648711127,3.8580694817539603,30.52899169921875,55.6362190246582
210072.jpg,7.4116,0.5153180360794067,0.5458260115816995,0.8720678536141888,6.332192897796631,25.363941192626953,0.9386539379120251,0.42909889180688715,7.219242095947266,3.6983727920393097,8.357319831848145,2.363945722579956,44.45535659790039,0.6440465450286865,1.7097278833389282,0.8465033769607544,0.028914593160152435,15.388830184936523,0.5604403004354905,0.012650142022894254,0.41409432888031006,0.4983496069908142,0.5128822805342257,4.133568532678838,5.75360107421875,47.40925598144531
210077.jpg,7.369,0.5071638226509094,0.4768074369110121,0.9096595535216272,7.083202838897705,68.09740447998047,0.939308761218976,0.5350840496287068,7.2928972244262695,3.4273244876623625,20.746776580810547,6.697686672210693,50.35753631591797,0.8464237451553345,1.6718332767486572,0.7626807689666748,0.013400817289948463,18.728687286376953,0.7430012062176904,0.007812534386077517,0.43274569511413574,0.4808168411254883,0.535298343310144,4.118203012137077,41.38592529296875,48.631412506103516
210078.jpg,7.3142,0.4811260402202606,0.5450314672201088,0.8950570859008755,6.202558994293213,24.06229591369629,0.9264228907257888,0.4447171989259694,7.033050537109375,3.606922037226555,7.1864118576049805,2.247290849685669,42.03119659423828,0.7630028128623962,1.7662851810455322,0.7310733795166016,0.01827492006123066,17.38144302368164,0.4947718628557992,0.0211599658385605,0.42139503359794617,0.5061042904853821,0.44002337290372834,4.002627271126533,5.37664794921875,47.247230529785156
210081.jpg,7.392,0.5150275230407715,0.48275112811411686,0.909023122951,7.118799686431885,82.11469268798828,0.949085592478999,0.5582991544304415,7.3408918380737305,3.490224962834093,24.94795036315918,8.079063415527344,53.49094772338867,0.8430644869804382,1.6436736583709717,0.7386002540588379,0.01451091654598713,18.383052825927734,0.7572511681102811,0.007849464709145142,0.4514199495315552,0.4853092432022095,0.5395620137927601,4.173241032509548,35.61981201171875,50.87661361694336
210083.jpg,7.3454,0.5476499795913696,0.4366479569830856,0.8638061920188448,6.761020660400391,49.265499114990234,0.9317172536062017,0.5090542492293524,7.125543117523193,3.0317779228600443,15.567127227783203,4.742985725402832,35.203887939453125,0.5673723220825195,1.7696278095245361,0.7910560369491577,0.023174859583377838,16.349828720092773,0.6645920665757531,0.012992933078656347,0.44792404770851135,0.5017836689949036,0.5491835517239997,3.639286858434546,18.52703857421875,50.883480072021484
210085.jpg,7.366,0.4733350872993469,0.5191299585923634,0.8902108034999086,6.32110595703125,24.608356475830078,0.9255133021831465,0.4423620207400507,6.942960262298584,3.4428967197634286,7.510769844055176,2.3115341663360596,38.17953109741211,0.7392698526382446,1.7797682285308838,0.7699748277664185,0.015305395238101482,18.151554107666016,0.5410650402800218,0.01695692505081147,0.419738233089447,0.494146466255188,0.4763054009028098,4.327445615253592,6.35028076171875,51.08551788330078
210087.jpg,7.3808,0.4847586750984192,0.4993534719815308,0.898130643817732,6.8632378578186035,60.25324249267578,0.9485246423530616,0.5421274914725502,7.339319705963135,3.5460574924898705,18.909912109375,5.852916240692139,55.37411117553711,0.8104937076568604,1.6504347324371338,0.8367525935173035,0.01851731538772583,17.324220657348633,0.718091860079396,0.007641708820472737,0.4495003819465637,0.4894155263900757,0.5570564274104123,3.783022394745366,27.28192138671875,56.35778045654297
210090.jpg,7.3545,0.4616250693798065,0.5849713510388498,0.8951449949937977,5.975388526916504,26.912824630737305,0.9314599198964832,0.4270595230053825,7.153802871704102,3.840111312727023,8.50052261352539,2.49493145942688,45.700096130371094,0.7428319454193115,1.7464414834976196,0.7709212303161621,0.024261750280857086,16.15077781677246,0.5251845114268249,0.024940233043730956,0.4085799753665924,0.49731969833374023,0.47173673281646145,3.8676189493917668,11.17742919921875,45.31407928466797
210093.jpg,7.3428,0.47345468401908875,0.5033184877040022,0.8747898366899536,6.595516681671143,43.733726501464844,0.9316515280973103,0.4756569847898816,7.1542229652404785,3.4602582694892874,13.81914234161377,4.213472843170166,46.79380798339844,0.7034342288970947,1.6644996404647827,0.8056360483169556,0.021940305829048157,16.587574005126953,0.6665759687438321,0.013720654897034158,0.4371541142463684,0.49692463874816895,0.5443145254471532,4.055643419641536,19.16131591796875,54.31941223144531
210094.jpg,7.3864,0.4714602530002594,0.5034930303627031,0.8761147844315751,6.538259506225586,39.299495697021484,0.9245357221946471,0.4462628193272547,7.155282974243164,3.4473108986044423,12.690988540649414,3.760666608810425,48.45047378540039,0.7025361657142639,1.6784720420837402,0.7698794603347778,0.024048224091529846,16.189170837402344,0.6238631449978088,0.01707005995859078,0.42620792984962463,0.49655115604400635,0.502287695693976,4.120526667369316,15.63055419921875,54.43637466430664
210099.jpg,7.3336,0.4761575758457184,0.568096104689887,0.8895944640239718,6.023385524749756,21.70482063293457,0.9328498782228384,0.42796307264207356,7.056087970733643,3.7152092055606296,6.311907768249512,2.024442434310913,41.47297286987305,0.7127283811569214,1.8023605346679688,0.7705367207527161,0.020234832540154457,16.939002990722656,0.4969198949195612,0.019096267522896247,0.41350722312927246,0.4941962659358978,0.46573380339111,4.499087941274338,6.35809326171875,46.83805847167969
210105.jpg,7.3265,0.4945501387119293,0.5593413983499159,0.8827799036464175,6.340304374694824,24.87381362915039,0.9368036641301594,0.43915277537305375,7.19402551651001,3.785165699890859,7.386133193969727,2.3180224895477295,45.017154693603516,0.7080038785934448,1.7381421327590942,0.8324564695358276,0.023853685706853867,16.224445343017578,0.5408542973371957,0.01656358373048349,0.41594618558883667,0.489773154258728,0.5073660697892907,4.278784939256619,5.37322998046875,45.504146575927734
210109.jpg,7.3637,0.4916229248046875,0.46871102309245716,0.8963903971150846,6.739633083343506,49.84962844848633,0.9103581833890875,0.47082908223297437,7.248924732208252,3.2783043538264884,15.252670288085938,4.793626308441162,45.73979949951172,0.7986195087432861,1.725433111190796,0.7182708978652954,0.016202278435230255,17.904239654541016,0.644472649937148,0.014241611823455541,0.4416297376155853,0.49764108657836914,0.4849958016987827,3.710977004292956,22.82928466796875,50.41841506958008
210110.jpg,7.335,0.4791260361671448,0.5274366240240057,0.8807803083704215,6.193638324737549,30.402822494506836,0.9337909202127067,0.4532251422173948,7.1545867919921875,3.5201812144324087,10.224514961242676,2.816699266433716,43.77418518066406,0.6937043070793152,1.7375845909118652,0.7886335253715515,0.02387220971286297,16.221073150634766,0.5544742229606542,0.01648698999148423,0.4275429844856262,0.5049504041671753,0.48494116810369675,3.7363391265509627,8.00457763671875,46.84318542480469
210114.jpg,7.3746,0.47898682951927185,0.5578710219520692,0.8949689637676046,6.246829509735107,24.313404083251953,0.9293361618658601,0.4469727034001414,7.037961006164551,3.7056101241316632,7.740797996520996,2.2681143283843994,41.231048583984375,0.7677940130233765,1.7661693096160889,0.7285923957824707,0.0167106781154871,17.77005958557129,0.5034179734745056,0.020004446278657304,0.42521774768829346,0.5072228908538818,0.43790943493626155,3.9390520682222023,7.61492919921875,44.26844787597656
210117.jpg,7.4398,0.46857157349586487,0.6051231835995646,0.8712223304306227,6.054751396179199,26.06366539001465,0.9540298355093185,0.4475651406079368,7.2843732833862305,4.035918024283806,9.787110328674316,2.4027132987976074,48.41572952270508,0.6334230303764343,1.6996651887893677,0.944016695022583,0.03229610621929169,14.908498764038086,0.5711380221309077,0.014887742603167118,0.41585907340049744,0.49307358264923096,0.5602661868955077,3.910927060667355,17.36492919921875,47.121910095214844
210121.jpg,7.3178,0.4868336617946625,0.5254428117898166,0.8908014009918472,6.340677261352539,26.256031036376953,0.9283647157491544,0.45765512596363395,7.075901985168457,3.524832072408035,8.57778263092041,2.456230878829956,41.85811233520508,0.7453107833862305,1.7797718048095703,0.7025048136711121,0.01860329881310463,17.304100036621094,0.5023191058060268,0.020876055794034693,0.4276397228240967,0.48751938343048096,0.4301469123800091,4.037147828287409,5.95867919921875,48.31601333618164
210126.jpg,7.3891,0.46960386633872986,0.5515155385338399,0.891703208064628,6.135109901428223,30.171985626220703,0.9295074467380708,0.43774891027765683,7.139013767242432,3.6604527066880905,9.976500511169434,2.811443328857422,44.836246490478516,0.7305780649185181,1.734877347946167,0.7492015361785889,0.023441243916749954,16.300193786621094,0.5396556286710394,0.022565605532035037,0.4180724024772644,0.4975934326648712,0.4609151490774034,3.7579856631013966,7.63446044921875,46.701019287109375
210129.jpg,7.4277,0.5040040016174316,0.49360960478223065,0.904925730367039,7.043607234954834,86.73502349853516,0.9533828230220621,0.5775661997869552,7.375089645385742,3.558612591709437,26.05194854736328,8.534117698669434,53.37974166870117,0.8309898376464844,1.627992868423462,0.7919833660125732,0.015223772265017033,18.17477798461914,0.7764120992996785,0.006682829119845236,0.45369115471839905,0.4928004741668701,0.5693553580709348,3.8094759017045057,37.59783935546875,54.664337158203125
210131.jpg,7.4628,0.5010478496551514,0.5344395643181999,0.8975442487894144,6.160109519958496,22.665359497070312,0.9248041884330143,0.44708527318562724,6.954500675201416,3.5044928573287475,6.628758907318115,2.1212918758392334,37.68210983276367,0.7754634618759155,1.7290558815002441,0.7600263357162476,0.015892354771494865,17.988117218017578,0.4939784271606896,0.02299713402191314,0.41258278489112854,0.5106844902038574,0.4547421556841174,4.195768789068072,3.58367919921875,45.74713897705078
210132.jpg,7.4178,0.4843173921108246,0.5827083070950916,0.8839281860568644,6.163342475891113,20.111766815185547,0.9434766080125634,0.45130467364929516,7.056545257568359,3.851679940712202,5.89381742477417,1.8612374067306519,42.60036849975586,0.7219919562339783,1.696866750717163,0.7944357395172119,0.02010027877986431,16.967979431152344,0.487437144820625,0.01937883501244031,0.4194391667842865,0.4930656850337982,0.4717612468013575,4.236449133896992,9.87860107421875,42.484256744384766
210139.jpg,7.3945,0.4934661090373993,0.5036433857746471,0.8783995603188535,6.652666091918945,41.49541473388672,0.9429552666234262,0.4911176241160824,7.1719489097595215,3.4813473287212666,13.369144439697266,3.978130340576172,47.671871185302734,0.7059615850448608,1.6043590307235718,0.8062820434570312,0.021508220583200455,16.6739559173584,0.652937598797266,0.014831621382731407,0.4439995288848877,0.504260241985321,0.5476241031210037,4.1501572898093935,18.45477294921875,51.445411682128906
210140.jpg,7.3462,0.5244500041007996,0.4618223135169525,0.8769671971517801,6.679279327392578,40.137874603271484,0.9252805180389929,0.46983259010996437,7.260697364807129,3.2189047157170094,11.379110336303711,3.8158059120178223,45.195838928222656,0.7096424102783203,1.756948709487915,0.7948764562606812,0.022320345044136047,16.51299285888672,0.628112829851488,0.0143115684495386,0.44172582030296326,0.4895927906036377,0.5377217886171065,3.6805947898658657,18.97039794921875,53.36357879638672
210141.jpg,7.3026,0.5160397887229919,0.5008948547124885,0.8780258495839299,6.8889923095703125,59.59725570678711,0.9444523070650984,0.521773807703723,7.278932571411133,3.5483295189530892,19.428251266479492,5.821399211883545,53.97544860839844,0.7144997119903564,1.604975938796997,0.8190672397613525,0.02607072703540325,15.838469505310059,0.728784964777044,0.008567129691477155,0.4355562925338745,0.4851796329021454,0.5562159640850578,4.000632541566099,29.96014404296875,54.753509521484375
210143.jpg,7.3825,0.4754898250102997,0.615907649315714,0.88954825221033,6.493392467498779,31.230915069580078,0.95649034597949,0.4814414139014206,7.184903144836426,4.212294846672565,11.942373275756836,2.963207960128784,52.122989654541016,0.7651017904281616,1.6096527576446533,0.9307296276092529,0.021207798272371292,16.735044479370117,0.6476159671006172,0.00952324453661741,0.4309765696525574,0.49327272176742554,0.5880728389771436,3.992791821628238,4.84344482421875,47.80360412597656
210147.jpg,7.3636,0.5101044774055481,0.4938409461818192,0.9029047919582002,7.08334493637085,84.5914535522461,0.9529512880134577,0.5729819828837072,7.348872184753418,3.5636190535293224,25.379240036010742,8.332846641540527,53.129173278808594,0.8257959485054016,1.6431628465652466,0.7791927456855774,0.015691332519054413,18.04340171813965,0.7674576153038061,0.0070338089101029625,0.456423282623291,0.4878132939338684,0.5624464332184801,3.819689224558771,36.46844482421875,52.95472717285156
210150.jpg,7.3926,0.5131098031997681,0.4800521257910884,0.9030133673260842,7.032639026641846,81.72395324707031,0.9483744449250644,0.5530597178155763,7.332707405090332,3.4480661933815338,24.736713409423828,8.027987480163574,52.17888259887695,0.8257876634597778,1.665787935256958,0.7387101650238037,0.015689337626099586,18.04395294189453,0.7492123368279396,0.009098057388470394,0.4563661515712738,0.48842132091522217,0.5483921605838475,3.9704683616847336,34.50506591796875,53.254493713378906
210154.jpg,7.2994,0.5144016742706299,0.47691660600484814,0.8868105959392726,6.947413921356201,76.32440185546875,0.947368358505587,0.5604007111348471,7.36638069152832,3.4132520280709766,22.75942611694336,7.479499816894531,50.47612380981445,0.7591910362243652,1.6546529531478882,0.7719281911849976,0.021260695531964302,16.724225997924805,0.7557057597119187,0.009308755427494434,0.4535292983055115,0.49068477749824524,0.5954412594780331,3.9162940425266948,31.81951904296875,57.42799377441406
210164.jpg,7.3657,0.5074726939201355,0.48117559960710177,0.9204812130858713,7.024287700653076,73.5641098022461,0.9258930613490574,0.519475733281696,7.517303466796875,3.498538341486073,22.242734909057617,7.2061448097229,58.98280715942383,0.8752151727676392,1.667630910873413,0.7650542855262756,0.015221918001770973,18.175308227539062,0.7332799705162262,0.007573808891199292,0.44297081232070923,0.5039361715316772,0.5100630740501795,3.7787230512889676,36.10955810546875,54.20313262939453
210174.jpg,7.295,0.4691677987575531,0.5816656748345511,0.8889477918237584,6.043724060058594,23.934497833251953,0.9353837588758118,0.4387814028007359,7.14097785949707,3.834555054685607,7.093803882598877,2.1966114044189453,45.651039123535156,0.7117006778717041,1.766605257987976,0.7805659770965576,0.02390117384493351,16.215808868408203,0.5027680852978145,0.020179002686946838,0.4155791997909546,0.49382123351097107,0.47837292608314014,4.241868244090983,10.85467529296875,44.688087463378906
210175.jpg,7.3098,0.49804583191871643,0.496593813540915,0.8993220992365341,6.597842693328857,33.59463882446289,0.9040359698513151,0.44764397912120074,7.135610580444336,3.4099832920595254,9.798527717590332,3.2036004066467285,46.19800567626953,0.8021267652511597,1.7162487506866455,0.7137391567230225,0.017993442714214325,17.4488582611084,0.5662661970336741,0.018667715243418904,0.4175640344619751,0.49324649572372437,0.448035708742665,4.165010259746721,13.60858154296875,46.811279296875
210182.jpg,7.3428,0.485449880361557,0.5380993790876442,0.891997559428916,6.200127601623535,24.521230697631836,0.9260332856846217,0.4299817230593698,7.018829345703125,3.5565659713413673,7.45535945892334,2.309788942337036,39.783241271972656,0.7440494298934937,1.7682688236236572,0.7387821674346924,0.01708400249481201,17.674104690551758,0.5187826178813588,0.02113637905969719,0.41572946310043335,0.5062626600265503,0.45277769393952716,4.322040249509142,4.34100341796875,50.62785339355469
210183.jpg,7.3351,0.47410669922828674,0.4907776764704316,0.8964425393326414,6.7184977531433105,48.627464294433594,0.9382177273762373,0.4935512080056672,7.079651832580566,3.385921101673249,15.813667297363281,4.717023849487305,44.77654266357422,0.8029248118400574,1.6985149383544922,0.790198564529419,0.013848969712853432,18.585824966430664,0.6953659200349039,0.010807602408903718,0.4401170611381531,0.49488651752471924,0.5433548700272696,4.359576325092385,25.17791748046875,53.46107482910156
210186.jpg,7.3277,0.49655795097351074,0.5039226551614951,0.9019002355268239,6.791981220245361,45.8757438659668,0.926189295252047,0.4818366953994481,7.287392616271973,3.5474670843850546,15.064737319946289,4.443150997161865,51.61321258544922,0.8217942714691162,1.6763975620269775,0.7636826038360596,0.01658322662115097,17.803308486938477,0.6587540607192389,0.010183389439431884,0.4339677393436432,0.49809378385543823,0.48934052680698364,4.085564724010716,20.58416748046875,50.50354766845703
210191.jpg,7.2995,0.47256165742874146,0.5539980114211537,0.8881779539380108,6.173598289489746,24.36701774597168,0.9304013945903553,0.42869808065129755,7.064882755279541,3.667056181952111,8.024035453796387,2.269582748413086,41.53949737548828,0.7127889394760132,1.7856110334396362,0.7510016560554504,0.021409178152680397,16.694000244140625,0.5139063315095278,0.017277718275334746,0.4106713533401489,0.49338555335998535,0.45378491944181315,4.071734325266322,7.30340576171875,47.22030258178711
210193.jpg,7.3621,0.5035631060600281,0.5111387119498779,0.885519032040742,6.2064738273620605,27.054183959960938,0.927748965782551,0.4493810609523339,7.118975639343262,3.4055858296624546,7.756773471832275,2.525207281112671,40.56308364868164,0.719436526298523,1.7465788125991821,0.7686038017272949,0.020000744611024857,16.989538192749023,0.5099102690690941,0.026543506290909756,0.43006351590156555,0.5131055116653442,0.46900097731817797,4.13741449804063,5.47723388671875,46.86797332763672
210195.jpg,7.3448,0.4638131260871887,0.5325759219088662,0.8882426207824279,6.626790523529053,48.69999313354492,0.9412852014632378,0.4854091609623747,7.168349266052246,3.6734893984076518,15.678760528564453,4.711592197418213,50.46920394897461,0.7702914476394653,1.695796251296997,0.7946653962135315,0.01956218108534813,17.08582878112793,0.6733836737856523,0.013213044203253643,0.4289179742336273,0.48656800389289856,0.5432801302539477,4.10602529877798,22.24383544921875,53.736610412597656
210199.jpg,7.3627,0.46940556168556213,0.5033629091940685,0.9195545177533752,6.836577415466309,78.22303009033203,0.9494689655308156,0.5260735429879339,7.162039279937744,3.5232013728523235,25.8150691986084,7.7671709060668945,49.8667106628418,0.8701969385147095,1.6127738952636719,0.7304947376251221,0.010284464806318283,19.878183364868164,0.7661799902184643,0.0063837410957571054,0.4366774559020996,0.502161979675293,0.5205068240188957,4.24769475149546,37.33270263671875,48.82905578613281
210207.jpg,7.3615,0.47062379121780396,0.5666344465789085,0.8864434446685694,5.953062057495117,25.068204879760742,0.9376817660050174,0.43471730508556794,7.168194770812988,3.7174881690829835,7.424166679382324,2.314763307571411,43.324947357177734,0.6872416734695435,1.7327384948730469,0.8155251741409302,0.024137094616889954,16.17315101623535,0.5235143955838732,0.02284486787070789,0.4148101806640625,0.4982222318649292,0.49814900878938984,4.053778155700187,6.11151123046875,46.080570220947266
210208.jpg,7.2991,0.4772046208381653,0.5916071130186719,0.898531261963274,6.084249973297119,21.670217514038086,0.9341597680775628,0.44966578978859356,7.067351818084717,3.890301701650289,6.518199443817139,2.014146089553833,42.011444091796875,0.7680614590644836,1.73982834815979,0.7678549289703369,0.018564891070127487,17.31307601928711,0.4863362509544664,0.021939920819182925,0.4196966588497162,0.501646101474762,0.4536437364484422,4.377715632262504,8.00213623046875,46.125755310058594
210209.jpg,7.3296,0.5112800598144531,0.4457197335316436,0.8929978451409613,6.9515061378479,66.3746566772461,0.934783239293336,0.5284398672609997,7.332012176513672,3.18323133178561,19.55473518371582,6.474863529205322,48.52105712890625,0.79208904504776,1.6731168031692505,0.8003567457199097,0.0162686575204134,17.886484146118164,0.7221956458015842,0.00788377803839489,0.44613897800445557,0.4928595721721649,0.526460400700731,3.8369927718639123,30.46307373046875,52.081336975097656
210210.jpg,7.3555,0.526443600654602,0.48901654282607027,0.9131166365533043,7.198523998260498,101.72074127197266,0.9495900898897818,0.5883978468791611,7.5236287117004395,3.599697182765917,29.963420867919922,10.074919700622559,59.34599685668945,0.8485068082809448,1.6200720071792603,0.7039797306060791,0.01701984740793705,17.690444946289062,0.7735639063984594,0.007602491335608362,0.45883217453956604,0.496640145778656,0.5412693756675873,4.113161917184102,38.91815185546875,52.96343994140625
210211.jpg,7.342,0.49170181155204773,0.4962515478373066,0.8892675087931964,6.720335483551025,44.40897750854492,0.9200914235711564,0.45649386994030894,7.264586925506592,3.470028824777195,13.852692604064941,4.275664329528809,50.423709869384766,0.7753258943557739,1.6851472854614258,0.7316043376922607,0.020402662456035614,16.903133392333984,0.6406205720291916,0.015406830884661885,0.4267192780971527,0.4921765625476837,0.4891514917696462,4.365069317821106,22.95379638671875,52.053924560546875
210215.jpg,7.362,0.46666836738586426,0.5904052906328323,0.8949084528507545,6.036673069000244,22.560544967651367,0.9298838377661286,0.4192632135022514,7.116116523742676,3.8827492435975444,7.236771583557129,2.084653615951538,43.96284866333008,0.7407850027084351,1.7837040424346924,0.7770651578903198,0.023020919412374496,16.378772735595703,0.5026647349830915,0.016644310648469687,0.4071004390716553,0.48896950483322144,0.466193102407484,3.9805279601789176,12.63006591796875,46.838531494140625
210221.jpg,7.3074,0.5132742524147034,0.5670142480633565,0.8753604824430301,5.923263072967529,24.03289222717285,0.9322419073596925,0.4143717597469125,7.251346588134766,3.735106198078844,7.610662460327148,2.232452392578125,42.43909454345703,0.671218752861023,1.7132000923156738,0.7735468149185181,0.026044456288218498,15.84284782409668,0.5132548134727146,0.0201710053011099,0.4044037461280823,0.49158933758735657,0.4631463731855842,4.004286688959487,6.29656982421875,49.24518585205078
210227.jpg,7.3164,0.4744889736175537,0.6289704074738359,0.898935126388087,5.988276958465576,19.09029197692871,0.9387266592899017,0.41582566188456627,7.153383731842041,4.132869240716667,5.786524772644043,1.745876669883728,45.401092529296875,0.7491680383682251,1.791144609451294,0.7765313386917114,0.024422338232398033,16.122127532958984,0.4717403713894301,0.019339380476833267,0.39980873465538025,0.48852255940437317,0.4621374936932903,4.469315587054108,13.18328857421875,44.76729202270508
210230.jpg,7.3387,0.5002548098564148,0.5033778691605875,0.8756082555800553,6.597830295562744,37.29975509643555,0.9316068626921695,0.46157753749748687,7.409175395965576,3.525417524345679,11.853918075561523,3.5049808025360107,51.03288269042969,0.697597324848175,1.715661883354187,0.8502297401428223,0.028227083384990692,15.493340492248535,0.614180842633785,0.012534832226806448,0.429948091506958,0.5033990740776062,0.5237035474696643,3.8896609487367124,14.81805419921875,53.85982131958008
210231.jpg,7.3542,0.4781726896762848,0.5213683106965592,0.8973111561175312,6.394570350646973,32.67604446411133,0.9036864164024987,0.4307434507002452,7.143472671508789,3.529162797268434,9.775467872619629,3.087890625,44.40457534790039,0.7751665115356445,1.779505729675293,0.7691898345947266,0.019455114379525185,17.109663009643555,0.5777074855046622,0.01569103713746562,0.41247084736824036,0.4904124140739441,0.47455961594154866,4.0815241573686745,17.57830810546875,48.82875061035156
210232.jpg,7.3379,0.499227911233902,0.5325862906583073,0.8750760983625736,6.166046142578125,24.097980499267578,0.936611237804311,0.446987802867168,7.056857585906982,3.52117859616987,6.84698486328125,2.2448575496673584,38.79182815551758,0.6463136076927185,1.7787675857543945,0.8016116619110107,0.02085849829018116,16.807170867919922,0.5191260301057784,0.01726984171676036,0.42861253023147583,0.4854893088340759,0.4936934927460879,4.3198589283836135,7.88836669921875,46.04375457763672
210233.jpg,7.4092,0.4739924371242523,0.5119914879858516,0.9061022257776439,6.8340277671813965,63.47661209106445,0.9409751184689745,0.5114341516977747,7.304927825927734,3.619521811045976,21.30067253112793,6.180306911468506,58.015377044677734,0.8347262144088745,1.6440225839614868,0.7647221088409424,0.01784943975508213,17.483753204345703,0.7103312864710497,0.009642022483039563,0.4368983209133148,0.49599894881248474,0.5059988492124218,3.810337224883608,24.41522216796875,49.16423034667969
210237.jpg,7.3765,0.5193108916282654,0.47590243060814835,0.9145674142963768,7.0998430252075195,73.1420669555664,0.9417861013513188,0.5634720955314986,7.456708908081055,3.4637580557758696,22.65309715270996,7.157470226287842,59.8325080871582,0.8562338352203369,1.6373488903045654,0.8016551733016968,0.01594623550772667,17.973419189453125,0.7477644416729613,0.006760516630666659,0.4475274980068207,0.5053050518035889,0.5447338841016077,4.0211772482290495,29.60711669921875,54.65938949584961
210239.jpg,7.279,0.4779161512851715,0.5933325643347184,0.8854208643570608,6.074031352996826,23.42466163635254,0.9407846564081045,0.4425439291050772,7.206524848937988,3.9399039753526264,6.834414958953857,2.15163254737854,45.33158874511719,0.6919531226158142,1.7562545537948608,0.8140634298324585,0.025197653099894524,15.98639965057373,0.5130322569211552,0.018894891642655325,0.41828134655952454,0.48720768094062805,0.501228894877024,4.140224924133568,10.94305419921875,42.09405517578125
210244.jpg,7.387,0.49281713366508484,0.5322344715421718,0.8942094775722516,6.7480363845825195,48.36008834838867,0.9486713360951143,0.4903368588327959,7.335296154022217,3.747827303837843,15.379240989685059,4.6239333152771,52.63297653198242,0.7951837182044983,1.6853716373443604,0.8281475901603699,0.020828787237405777,16.8133602142334,0.679681574347959,0.013905498073116272,0.4417773187160492,0.4936733841896057,0.571026018550901,4.075522966038771,13.49285888671875,51.89228057861328
210248.jpg,7.331,0.46519914269447327,0.5938639395619192,0.8743853393220711,5.885861396789551,24.87803840637207,0.9558302437463164,0.4582417449085108,7.22674560546875,3.89356312868958,8.438261985778809,2.3211750984191895,45.80805206298828,0.5566979646682739,1.6942217350006104,1.00392484664917,0.0326208733022213,14.865044593811035,0.5982118777007956,0.012669173000474312,0.4184284210205078,0.5011640787124634,0.591646440405516,4.403378033386935,4.18280029296875,47.91252136230469
210249.jpg,7.3494,0.4926356375217438,0.5320071389772247,0.8929703978440828,6.799924850463867,64.36614227294922,0.9478475680679321,0.5125081045260009,7.423343181610107,3.78344969938774,21.459598541259766,6.254234790802002,65.40225219726562,0.7848662734031677,1.615598201751709,0.8003514409065247,0.029856331646442413,15.249635696411133,0.7100604844167014,0.009451822087399222,0.43456023931503296,0.4880686402320862,0.5313704985385304,3.8293828666117324,26.73358154296875,46.01704025268555
210250.jpg,7.3112,0.5128924250602722,0.4830046662618829,0.876691182173374,6.617085933685303,35.902305603027344,0.9321301709778164,0.4679167667178642,7.329538345336914,3.368151140544134,10.250126838684082,3.381098985671997,47.63055419921875,0.6985068321228027,1.7468156814575195,0.8588671684265137,0.024977106600999832,16.024578094482422,0.611040536829859,0.014015479485450243,0.4375591278076172,0.4954880475997925,0.5416718403576153,3.6960074215272116,12.76922607421875,51.7554931640625
210252.jpg,7.306,0.47151660919189453,0.610761171643444,0.8705403181181661,5.949492931365967,29.239063262939453,0.9592628488118404,0.45751999212152916,7.267030715942383,4.036080903281562,10.956517219543457,2.7601799964904785,46.9619026184082,0.5551067590713501,1.681072473526001,1.0321524143218994,0.0370718389749527,14.30955982208252,0.647105346793625,0.008986586746027307,0.4170967936515808,0.49838489294052124,0.5989439360041088,4.134809816330664,7.67791748046875,46.541378021240234
210259.jpg,7.3755,0.504222571849823,0.4820212533365983,0.911388728580797,7.111965179443359,72.1410140991211,0.9435538901521078,0.5637983122400261,7.505603313446045,3.5229981663280707,22.13640785217285,7.006312847137451,62.45800018310547,0.8498611450195312,1.6545870304107666,0.8216311931610107,0.018697885796427727,17.282075881958008,0.7307615378468189,0.008315196045838563,0.4515451192855835,0.5081335306167603,0.5479357623246276,3.5677412889391076,27.43035888671875,54.280845642089844
210263.jpg,7.2529,0.45651182532310486,0.5706265483342308,0.8848850651320754,5.922804832458496,27.1207332611084,0.9423410636627649,0.42669038714579044,7.111222267150879,3.718791502640739,9.078571319580078,2.5079495906829834,44.802825927734375,0.6785144805908203,1.7484097480773926,0.7887691259384155,0.025497859343886375,15.93496322631836,0.5388596907263047,0.020802611580553215,0.4136161804199219,0.49845069646835327,0.4858982617780499,3.941631990185135,9.93475341796875,45.74104309082031
210270.jpg,7.3768,0.4850628077983856,0.48156461763048186,0.8892543768779749,6.691087245941162,52.2220458984375,0.9491971771446157,0.542183364048354,7.171162128448486,3.337793278953498,15.777660369873047,5.071114540100098,41.59735107421875,0.7777245044708252,1.687943458557129,0.8839845657348633,0.012913103215396404,18.889692306518555,0.7189835427840812,0.008298395214625767,0.44976311922073364,0.49694913625717163,0.589957294843332,3.791801805727936,29.34490966796875,53.26798629760742
210277.jpg,7.3676,0.49018198251724243,0.4981128585911505,0.910392440588947,6.977834701538086,69.5221176147461,0.9477664710492774,0.5376922589037848,7.213970184326172,3.5345690721508287,22.45241355895996,6.85232400894165,51.126976013183594,0.8479194641113281,1.6426739692687988,0.779130756855011,0.012928762473165989,18.884431838989258,0.7571366947995293,0.006981601141368912,0.4364035427570343,0.5003295540809631,0.5464082278389515,4.156657187163659,39.16424560546875,51.30548858642578
210284.jpg,7.3286,0.5150529742240906,0.4815271315972863,0.9133635284088037,7.156265735626221,76.20784759521484,0.9443785945842784,0.5743517517241884,7.498661041259766,3.528381451402229,23.420101165771484,7.4531569480896,61.31734085083008,0.8537165522575378,1.6370195150375366,0.7899055480957031,0.016961611807346344,17.70532989501953,0.746874776235971,0.007451932676107489,0.451630175113678,0.5093178153038025,0.5476693881359203,3.7660502845081814,31.69598388671875,55.07100296020508
210287.jpg,7.3651,0.5258356928825378,0.5323333685555264,0.8738660381068095,6.186349391937256,26.1090145111084,0.9280994378071141,0.43125837450109206,7.223933219909668,3.569379911064811,7.860257148742676,2.4478695392608643,40.74446105957031,0.6608057022094727,1.7315444946289062,0.7932418584823608,0.023661641404032707,16.259552001953125,0.5334567947399235,0.019591254976244164,0.41616547107696533,0.49006015062332153,0.48827185260942413,3.9454310440016838,6.91229248046875,47.525203704833984
210288.jpg,7.3124,0.46991434693336487,0.5809903571715147,0.8704476499722276,6.172823905944824,30.37782096862793,0.9540310509522443,0.4555153830610308,7.228819847106934,3.893123369548899,11.555378913879395,2.8270680904388428,49.567649841308594,0.6307919025421143,1.686806082725525,0.933937668800354,0.03133251890540123,15.040046691894531,0.6136859579257524,0.01170339998154897,0.41962730884552,0.4962084889411926,0.5565475574724891,4.154580970123786,6.64617919921875,48.324684143066406
210293.jpg,7.3158,0.472523033618927,0.46304324546317477,0.8995291629266577,6.740995407104492,60.5082893371582,0.9237854762146853,0.47413079152478393,7.184355735778809,3.224028697965281,20.95956802368164,5.965890407562256,50.00562286376953,0.8114948868751526,1.6841208934783936,0.761167049407959,0.017152933403849602,17.6566162109375,0.7144738089694888,0.008137768959792832,0.42194169759750366,0.500268816947937,0.4746997111122174,4.412729805432412,35.91522216796875,51.35731887817383
210295.jpg,7.3406,0.5124244093894958,0.5586403993034221,0.9163031671832573,6.938392639160156,103.66057586669922,0.9632278004523013,0.5952998318898644,7.458308219909668,4.021299482696014,31.24989891052246,10.269148826599121,58.5733642578125,0.848333477973938,1.4950453042984009,0.7440989017486572,0.018838129937648773,17.249622344970703,0.8091356498290198,0.0055493298179796835,0.44921088218688965,0.48521187901496887,0.5901808776228974,4.216338272332258,47.72674560546875,53.34331512451172
210296.jpg,7.3529,0.5100631713867188,0.47545031851492414,0.9108094501119782,6.8203043937683105,54.507843017578125,0.9112665850151421,0.47544097477210906,7.2273759841918945,3.3394958814932814,16.770893096923828,5.318604469299316,47.12417221069336,0.8497134447097778,1.6772419214248657,0.7045559883117676,0.013400535099208355,18.728778839111328,0.6795911404403534,0.011251988249445401,0.43065938353538513,0.4888876676559448,0.47449162116584753,4.163103033626767,35.62762451171875,49.13742446899414
210303.jpg,7.3483,0.49702024459838867,0.5468192722345089,0.8897465654849878,6.066534042358398,23.313386917114258,0.9326845662930995,0.45596677938898367,7.144254207611084,3.611966105966804,6.729996681213379,2.162618398666382,42.37747573852539,0.7171880006790161,1.7137830257415771,0.7880591154098511,0.022313494235277176,16.514324188232422,0.48830888543851125,0.024676192965842232,0.42002204060554504,0.5036391615867615,0.47138910016962215,4.200804483294757,7.94061279296875,45.87230682373047
210306.jpg,7.3042,0.4590728282928467,0.5831522330357412,0.8803136397971512,5.933669090270996,19.69124984741211,0.9470794595013985,0.4305095948005212,7.014423370361328,3.775365294572424,6.631680965423584,1.825640082359314,41.23585510253906,0.6488847732543945,1.7395942211151123,0.8193479776382446,0.020447561517357826,16.893585205078125,0.5092305067162156,0.019153549070437342,0.4093536138534546,0.5044875144958496,0.48538839285936236,4.4815472174169555,13.00555419921875,43.71416473388672
210308.jpg,7.2722,0.4914751946926117,0.5526165630339155,0.8883219792655382,6.1020307540893555,24.856124877929688,0.9253963763113664,0.42660698506547406,7.113532066345215,3.651578940204285,7.384188652038574,2.3299400806427,42.19679641723633,0.7151703834533691,1.776059627532959,0.7449271082878113,0.020542388781905174,16.873491287231445,0.5108621778611624,0.021414633170753497,0.4204094409942627,0.5107397437095642,0.4558927386777283,4.161356193437791,6.10565185546875,46.36054611206055
210310.jpg,7.3433,0.48697519302368164,0.5058929648892209,0.9120578971414603,6.963143348693848,88.5952377319336,0.9451134861900752,0.545000511099377,7.401721954345703,3.6335512826443956,27.689443588256836,8.720037460327148,61.95872116088867,0.8519918322563171,1.63474440574646,0.7526111602783203,0.01807699352502823,17.428739547729492,0.7602198788403094,0.007003573782232218,0.43997400999069214,0.4922502636909485,0.5092714484055991,4.045814049957782,44.16082763671875,45.808013916015625
210320.jpg,7.3861,0.5367020964622498,0.46895830536126526,0.9079904839929732,7.1797404289245605,77.48946380615234,0.9496610978504574,0.5955340154363176,7.538782119750977,3.45119532620647,22.656408309936523,7.565028667449951,57.68816375732422,0.8355239033699036,1.6456196308135986,0.7911477088928223,0.01698562130331993,17.699186325073242,0.756010510159272,0.007302226983170166,0.4629552960395813,0.5079463124275208,0.5846894497786627,3.8243429999085627,31.04217529296875,56.024559020996094
210325.jpg,7.3217,0.48921385407447815,0.5667087452084054,0.8887499753409929,6.166392803192139,26.00562858581543,0.9301203573495656,0.43125503345986416,7.134402275085449,3.7688486851092406,8.075675964355469,2.4167258739471436,38.50413513183594,0.7181652784347534,1.730437994003296,0.8145678043365479,0.020461607724428177,16.89060401916504,0.551237540864817,0.013826177502436537,0.4132077991962433,0.493205726146698,0.48971079320695177,4.074623215331821,3.71014404296875,48.70195770263672
210333.jpg,7.3205,0.48783406615257263,0.5675772574963308,0.8984158429803032,6.163211822509766,21.904367446899414,0.9312135857602318,0.4514554694800018,7.029277324676514,3.7438888566553388,6.477202892303467,2.037733316421509,39.9503173828125,0.7703772783279419,1.7850656509399414,0.7304998636245728,0.016949357464909554,17.708467483520508,0.47814072901237864,0.020513133228919827,0.42664289474487305,0.5076476335525513,0.4324773338396718,4.2554784175184714,5.58905029296875,46.467140197753906
210336.jpg,7.3695,0.4624954164028168,0.574894352391638,0.8908612068680859,5.961683750152588,29.841562271118164,0.932464258034568,0.4266242336996053,7.198237895965576,3.7827929460167073,9.711987495422363,2.765960216522217,46.85594177246094,0.7178642749786377,1.6904757022857666,0.770207405090332,0.026642434298992157,15.744261741638184,0.5437235904952687,0.024333266225235115,0.4083881676197052,0.49784183502197266,0.47665848297833974,3.784765378261613,7.96697998046875,45.263275146484375
210337.jpg,7.4553,0.49706268310546875,0.48186101031592804,0.8964554668281165,6.9116058349609375,62.982177734375,0.9438425005212907,0.5368055631031657,7.428679466247559,3.455021082549461,19.656925201416016,6.1242356300354,56.8348274230957,0.8048645257949829,1.6610589027404785,0.8212283849716187,0.02042335644364357,16.89872932434082,0.7092885931947734,0.00835311849999518,0.450329065322876,0.49553483724594116,0.5369672812118342,3.626575564320339,26.24676513671875,55.83570861816406
210338.jpg,7.4289,0.48982545733451843,0.5721382312623041,0.8911426405193846,6.049140930175781,23.09037208557129,0.9311457811743229,0.422569087969797,7.158078670501709,3.7781880156918533,6.847578048706055,2.154132604598999,43.648799896240234,0.7275749444961548,1.7201639413833618,0.774018406867981,0.021732795983552933,16.628843307495117,0.5048165906712963,0.023265644061682418,0.41099458932876587,0.4935729503631592,0.46984589103079116,4.59726375283059,3.17498779296875,47.788368225097656
210341.jpg,7.2973,0.48810896277427673,0.5582585855318571,0.8913705705273725,6.095026969909668,21.709888458251953,0.933318898044184,0.4331428801769233,7.042593479156494,3.6671046731132257,6.6161627769470215,2.0141284465789795,39.70114517211914,0.7328723669052124,1.7329809665679932,0.7675514221191406,0.018962742760777473,17.220989227294922,0.49079124804209306,0.021818123336551414,0.40949034690856934,0.5006901025772095,0.45172056596145305,4.337746491061157,6.97576904296875,44.165287017822266
210346.jpg,7.3207,0.47469550371170044,0.5837860668817945,0.8935790849749825,5.940894603729248,22.00436782836914,0.9382974821418817,0.44443041633082364,7.089425086975098,3.8034695669935488,6.515168190002441,2.0436456203460693,42.14009475708008,0.739246129989624,1.7059478759765625,0.7805190086364746,0.019960900768637657,16.998199462890625,0.4836555844542445,0.02401288650286362,0.42025524377822876,0.49254077672958374,0.4700157784897318,4.457082740930913,4.52850341796875,47.236976623535156
210348.jpg,7.3141,0.4815560281276703,0.5499634852905586,0.895833648043905,6.164021968841553,25.7236270904541,0.9244453244745486,0.4272010817898133,7.150247573852539,3.661191016015186,8.271140098571777,2.408698081970215,43.79556655883789,0.7581519484519958,1.753016471862793,0.7524499893188477,0.02124004438519478,16.72844696044922,0.5184649323012431,0.022263260339811852,0.41247275471687317,0.5049887895584106,0.451753448056449,3.9856604248013823,6.78094482421875,49.657569885253906
210349.jpg,7.3136,0.4832405149936676,0.518622322492212,0.8868756291181508,6.349200248718262,30.2797908782959,0.920742347672001,0.4407948698076551,7.140292167663574,3.4979856728470313,9.684478759765625,2.8466742038726807,42.7880859375,0.72491455078125,1.7787976264953613,0.7190171480178833,0.019836029037833214,17.025453567504883,0.5409426715252029,0.017875957518136563,0.42844879627227783,0.49543654918670654,0.4496064821373926,3.9890133708781685,5.58905029296875,50.5247688293457
210365.jpg,7.3531,0.5274917483329773,0.4486736600123672,0.8713594882486639,6.533811092376709,35.90908432006836,0.9290753202344361,0.5059537235539111,6.9156084060668945,3.0172083446344633,11.983055114746094,3.421740770339966,34.26437759399414,0.6718651056289673,1.7020994424819946,0.7808517217636108,0.014435864984989166,18.40557289123535,0.6151287979261606,0.018091393625401946,0.4412171542644501,0.5080776214599609,0.5317114513144711,3.903298300730569,11.39276123046875,53.11247253417969
210366.jpg,7.3891,0.4786503314971924,0.5144463936771179,0.8974758159977931,6.524835586547852,39.210689544677734,0.917324413064905,0.45302870289872,7.151790618896484,3.5179550309076753,13.936616897583008,3.7837836742401123,45.66927719116211,0.799898624420166,1.7075865268707275,0.7601933479309082,0.015684517100453377,18.045289993286133,0.6370849713745806,0.008873933793840959,0.42492860555648804,0.49767547845840454,0.47828578964708496,4.338752706199553,17.18035888671875,50.37926483154297
210367.jpg,7.3435,0.5010778903961182,0.4989060695870362,0.8850539171073926,6.863306045532227,68.36925506591797,0.94927795584609,0.5543595030177851,7.355409145355225,3.5469107160261917,20.900571823120117,6.67392110824585,51.231605529785156,0.7539557218551636,1.6589186191558838,0.799580454826355,0.022520944476127625,16.47413444519043,0.7307847885027162,0.01101612645848258,0.4553590714931488,0.4888683557510376,0.588258965752697,4.004666271918769,28.53094482421875,55.66876983642578
210368.jpg,7.3196,0.48532381653785706,0.557769832449732,0.9075619085158968,6.168902397155762,27.2839412689209,0.9080601079024408,0.4345940397548699,7.226975440979004,3.735918173202114,7.65926456451416,2.556941270828247,48.69588851928711,0.8038442134857178,1.635450839996338,0.7841873168945312,0.023384274914860725,16.310760498046875,0.5216567177321161,0.02685982658716132,0.4085021913051605,0.4990656077861786,0.4711571223821355,4.14513444127213,11.32977294921875,46.31488037109375
210371.jpg,7.3704,0.469118595123291,0.5496052573410312,0.8849342868984836,6.0452094078063965,30.894174575805664,0.9375342932681403,0.4317680549706149,7.157902717590332,3.6282602185732973,10.111873626708984,2.8656575679779053,45.0881462097168,0.6819223165512085,1.740180492401123,0.7706843614578247,0.026244720444083214,15.809581756591797,0.5557385533940785,0.021482924355238762,0.4136877655982971,0.493971586227417,0.4792422073059689,3.734144569550788,7.04119873046875,46.62055969238281
210372.jpg,7.3016,0.5087436437606812,0.5231128133372103,0.8733603039892087,6.273562908172607,23.775959014892578,0.9398230168905904,0.45799460487169696,7.006255149841309,3.4734313165315314,6.899178981781006,2.2227985858917236,37.13236618041992,0.6485239267349243,1.7739770412445068,0.8145192861557007,0.019379988312721252,17.126466751098633,0.5246392859465022,0.018753612328775725,0.4335337281227112,0.5004400610923767,0.5056024492284792,4.052421731056155,9.30828857421875,49.576202392578125
210384.jpg,7.3132,0.5285918712615967,0.500934756114149,0.8722492988616808,6.352460861206055,29.49393081665039,0.9266441682867846,0.4478523395622904,7.150995254516602,3.382184367251197,9.664608001708984,2.7736546993255615,39.23908996582031,0.6592282056808472,1.7369496822357178,0.7885817885398865,0.020815329626202583,16.8161678314209,0.5671363803366231,0.01567859562803378,0.4256449341773987,0.5004699230194092,0.497273229325295,3.8618936424362276,8.69744873046875,48.70127868652344
210386.jpg,7.2761,0.4622434675693512,0.5640642384589097,0.885126353101793,5.9505391120910645,30.29197120666504,0.936402745792781,0.433678044031638,7.189022064208984,3.7057885777063913,9.602033615112305,2.8071534633636475,45.57417678833008,0.678857684135437,1.7417353391647339,0.7846889495849609,0.027119508013129234,15.667181968688965,0.551587134142417,0.02144447797629627,0.4136110544204712,0.4924916923046112,0.4905161784776965,3.7437359478428203,6.95379638671875,47.137603759765625
210392.jpg,7.2801,0.5125468373298645,0.5096974922830242,0.8772099370631723,6.351114273071289,24.52570152282715,0.9293944705744629,0.4348471516543948,7.117674350738525,3.432513249394038,7.045048236846924,2.294541120529175,40.91792678833008,0.6935994625091553,1.7444086074829102,0.760390043258667,0.021204989403486252,16.735618591308594,0.5039750131308031,0.02169213163142173,0.4279353618621826,0.5123100280761719,0.4601610722382196,4.1676199131641205,3.59490966796875,45.601287841796875
210405.jpg,7.4025,0.500862717628479,0.5341593318419046,0.9089080682270871,7.007877826690674,60.455360412597656,0.9523580200686279,0.5582231045329871,7.254795074462891,3.8092799032941187,18.871164321899414,5.901565074920654,50.29873275756836,0.8422952890396118,1.633293867111206,0.7956125140190125,0.012976078316569328,18.868566513061523,0.7421396610643892,0.008435711001544558,0.44306057691574097,0.48680707812309265,0.582111437939311,4.032082699985099,32.69451904296875,51.989044189453125
210407.jpg,7.3543,0.4705445468425751,0.5883419709949133,0.8705406621599675,6.204873085021973,26.724084854125977,0.9586204140280477,0.45239824848437893,7.2198381423950195,3.9491714924802395,9.659324645996094,2.467477560043335,47.484466552734375,0.6398528218269348,1.698099136352539,0.9631996154785156,0.029623709619045258,15.283605575561523,0.5833183815889469,0.012575737353230788,0.4221571385860443,0.489815354347229,0.5643265666125034,4.1369887795184885,14.19207763671875,48.28190612792969
210409.jpg,7.2846,0.49071159958839417,0.5530589421010852,0.8986855420730073,6.172314643859863,25.20626449584961,0.9198914264594305,0.4357667688378625,7.162621021270752,3.6875127077269685,7.1990437507629395,2.3563168048858643,44.520084381103516,0.7689647674560547,1.733137607574463,0.7458003759384155,0.02111247181892395,16.754610061645508,0.49755960537090865,0.02474140377252826,0.4211084842681885,0.5091599225997925,0.4478452286993575,4.179373091717907,5.05340576171875,48.71672058105469
210411.jpg,7.2554,0.53828364610672,0.4082561977294438,0.89356930299864,6.9845871925354,83.27867889404297,0.9262789449225863,0.540847341238036,7.442823886871338,2.945047611928363,25.48961067199707,8.154083251953125,52.69635772705078,0.7894915342330933,1.663154125213623,0.7465628385543823,0.018605947494506836,17.303483963012695,0.7272488140387002,0.010176858808859783,0.4481135606765747,0.5154569149017334,0.506635306840836,3.8927165865157956,31.04364013671875,55.69676971435547
210413.jpg,7.34,0.5008363127708435,0.49473264641646847,0.8904265838631571,6.942890167236328,68.54161834716797,0.9461876534409246,0.5507737883859161,7.311166286468506,3.5259824761909577,20.864898681640625,6.6914567947387695,49.86327362060547,0.7799021005630493,1.6758663654327393,0.7847766876220703,0.018731554970145226,17.274261474609375,0.736392602962062,0.009511370614561905,0.45361220836639404,0.4941388964653015,0.5751832809554941,4.067840609395557,29.87176513671875,56.888919830322266
210418.jpg,7.3601,0.4733905792236328,0.5563245877570446,0.8811107948005189,6.118431568145752,28.471399307250977,0.9354312401506635,0.4461703994314122,7.1457014083862305,3.6895919628615967,9.522418975830078,2.646393299102783,43.91541290283203,0.6975724101066589,1.7182674407958984,0.8067540526390076,0.025233713909983635,15.980188369750977,0.5544314093666481,0.015774768695447593,0.4177565276622772,0.4888034760951996,0.4958110390091782,3.9379977421009267,7.86297607421875,43.994529724121094
210421.jpg,7.314,0.5293243527412415,0.46310315518877004,0.8996041608761716,7.103358268737793,84.24114227294922,0.9454998228311908,0.5550019935522169,7.404294013977051,3.3592784407369187,25.24932289123535,8.283770561218262,54.160160064697266,0.8133242726325989,1.6407511234283447,0.7511268258094788,0.017697658389806747,17.520843505859375,0.7544071521057407,0.007801221507147648,0.45032811164855957,0.4908818006515503,0.5365917559200669,3.8532582929453634,35.99920654296875,51.54817199707031
210423.jpg,7.3109,0.49378034472465515,0.4930794516765453,0.8910003221995684,6.911118507385254,69.08343505859375,0.946065548888424,0.5510139687131257,7.333893775939941,3.5119705421646206,20.892932891845703,6.738566875457764,50.46183776855469,0.7828019857406616,1.6723380088806152,0.7956100702285767,0.01893778331577778,17.226707458496094,0.7384449095110505,0.009305956586075373,0.4520895779132843,0.4921267628669739,0.5759985391997101,4.000215996430864,29.83905029296875,55.47655487060547
210427.jpg,7.3076,0.47145065665245056,0.519070933161668,0.8880493992276461,6.418895721435547,28.3845157623291,0.9395803817787635,0.4625955911238336,7.095698356628418,3.507526007040708,9.474034309387207,2.6584205627441406,43.55821228027344,0.7510683536529541,1.7235767841339111,0.7912105917930603,0.017976930364966393,17.45284652709961,0.5561037125337032,0.019804810183046872,0.42589807510375977,0.4984971880912781,0.48847551307583814,3.9890814342510903,4.39129638671875,46.54874801635742
210431.jpg,7.3262,0.4629976451396942,0.5902926161765832,0.8812052792764353,6.010241508483887,18.416074752807617,0.9476910523575537,0.44191066167013215,7.009149551391602,3.8426361895708574,5.677764415740967,1.6941890716552734,41.020626068115234,0.6575565338134766,1.727440595626831,0.8272976875305176,0.020200347527861595,16.946413040161133,0.4914316698899414,0.017314954462892107,0.41591617465019226,0.5030524730682373,0.48801834681214706,4.474457646843367,13.32391357421875,43.93621063232422
210432.jpg,7.3777,0.4656082093715668,0.5226607523355274,0.8747720739175743,6.5390729904174805,42.45670700073242,0.937221603774321,0.47571887358755216,7.147097110748291,3.5766218185385323,13.452869415283203,4.075756072998047,46.12760543823242,0.7045313715934753,1.6592906713485718,0.8221396803855896,0.0211482010781765,16.74726676940918,0.6668687245243677,0.014289676264752067,0.4373258948326111,0.5003725290298462,0.5531353161909142,4.17764119311161,16.45623779296875,53.07332229614258
220011.jpg,7.3006,0.5670715570449829,0.4597717610389583,0.86551125533268,6.760546684265137,39.99485397338867,0.9192241130107606,0.44063881459579374,7.297027587890625,3.2316465268605334,13.635804176330566,3.8280179500579834,43.70810317993164,0.6230107545852661,1.7760940790176392,0.8004693984985352,0.03474188596010208,14.591465950012207,0.5989842671278887,0.0132947090098067,0.42094308137893677,0.4763408303260803,0.5098213564047235,3.4983617253716504,11.76922607421875,56.763267517089844
220014.jpg,7.3341,0.5742310881614685,0.538012877542949,0.8655471419522959,6.452950954437256,31.328794479370117,0.9332582778197214,0.4112252224450968,7.403233528137207,3.727412858020905,10.822490692138672,2.9441330432891846,48.8050537109375,0.5972622632980347,1.7421406507492065,0.7960305213928223,0.04436849430203438,13.529253959655762,0.5588307237998054,0.01723459520538629,0.411498099565506,0.4714263677597046,0.4967268129032368,3.714063726253997,4.20428466796875,43.175819396972656
220016.jpg,7.3842,0.5561453104019165,0.41571647839231496,0.8811911417836042,6.97691011428833,78.10731506347656,0.9289628446847156,0.5235884872190794,7.528589725494385,3.0150953223802404,23.714519500732422,7.740975856781006,49.33267593383789,0.7419353723526001,1.7467410564422607,0.7778029441833496,0.023855477571487427,16.224119186401367,0.7227242538572334,0.00849971788622466,0.44807595014572144,0.4884651303291321,0.5203402124868565,3.5473921516755973,38.26922607421875,55.90430450439453
220018.jpg,7.4108,0.6063429713249207,0.3883684363203854,0.8721471911879355,7.239686965942383,96.89522552490234,0.9257542457605927,0.5525640309406159,7.720554351806641,2.905050034450909,29.37342643737793,9.542454719543457,55.715415954589844,0.6596387028694153,1.7107188701629639,0.7569469809532166,0.03609263151884079,14.42581558227539,0.7239359484241152,0.007485462257884775,0.4498087465763092,0.49132847785949707,0.5204966154461207,3.72092920287262,32.32342529296875,57.138153076171875
220032.jpg,7.2926,0.5423521399497986,0.4713845251305343,0.8655703022784433,6.475346565246582,25.104780197143555,0.9314808265964504,0.42936074085091036,6.8645405769348145,3.144117032817471,8.41237735748291,2.3799691200256348,31.79990577697754,0.5763968825340271,1.805940866470337,0.8419378995895386,0.021878918632864952,16.599742889404297,0.5648844020846849,0.013644092522495458,0.4088623821735382,0.47118401527404785,0.5244082806422476,3.6951598588316594,6.72479248046875,49.56175994873047
220039.jpg,7.3177,0.5636186003684998,0.39210621726931805,0.8863945366362445,6.794313430786133,67.0150375366211,0.9119713257493084,0.49135621567309073,7.342432975769043,2.771560149163024,20.685901641845703,6.658407688140869,41.68827819824219,0.7658016681671143,1.7380304336547852,0.7521116733551025,0.017780117690563202,17.500654220581055,0.7469349243089053,0.005841960483202631,0.4405178725719452,0.4749943017959595,0.5355924565274268,3.600491885301672,39.07977294921875,55.76506042480469
220040.jpg,7.3393,0.5581696629524231,0.44423810330374186,0.8697417838058727,6.896446704864502,47.13175582885742,0.9201371026249334,0.46103786098205046,7.434821128845215,3.1832561515259457,16.134756088256836,4.582056522369385,45.401180267333984,0.6777262687683105,1.7141995429992676,0.7823270559310913,0.026767613366246223,15.723904609680176,0.6562776983422498,0.011561201370362009,0.42514413595199585,0.489664763212204,0.5090424563125249,3.7586656568010928,14.75555419921875,44.53577423095703
220043.jpg,7.2982,0.5426896214485168,0.521328693447536,0.8667179128031987,6.31519079208374,24.593658447265625,0.9340568638115152,0.411344496473532,6.996216297149658,3.469818949721608,8.728379249572754,2.3303990364074707,35.05120849609375,0.5591175556182861,1.8047833442687988,0.8192903399467468,0.02710048295557499,15.670228958129883,0.5576732820038663,0.015006519353198184,0.4059526324272156,0.4667017459869385,0.516208132812585,3.738652552210619,5.61590576171875,48.5603141784668
220051.jpg,7.4027,0.5603591203689575,0.39782043919706506,0.8755098911313255,7.050784111022949,74.49864959716797,0.9181776899888354,0.5033776220649727,7.565456390380859,2.9073271844643145,22.274187088012695,7.318319797515869,50.16202163696289,0.7115693092346191,1.7526447772979736,0.7537299394607544,0.028026767075061798,15.524271011352539,0.6968558495213648,0.011085243951961372,0.44649678468704224,0.49071988463401794,0.5161136572001542,3.621246832235566,34.71600341796875,59.51923751831055
220053.jpg,7.3367,0.5551834106445312,0.42610857330680446,0.8873857970432204,7.080975532531738,103.908935546875,0.934713145084697,0.5638610868625861,7.6802191734313965,3.144943707137461,31.03551483154297,10.361865997314453,55.84214782714844,0.7675766944885254,1.691795825958252,0.7845951318740845,0.02467084489762783,16.078161239624023,0.7688825694385232,0.005966882786296765,0.45031672716140747,0.48934072256088257,0.5256407465604839,3.7660361714864163,41.54266357421875,61.43718719482422
220054.jpg,7.3396,0.5432893633842468,0.5023691122722875,0.8638230524715766,6.4802937507629395,27.995792388916016,0.9428851755253786,0.45856157279994253,6.953682899475098,3.374416798825848,8.764498710632324,2.623718023300171,31.614072799682617,0.4717177152633667,1.8033567667007446,0.9681301116943359,0.02538655884563923,15.953961372375488,0.6058955715945895,0.013175605694374011,0.4229716658592224,0.46695393323898315,0.5950025335907142,3.3098120855050346,10.02117919921875,48.82640838623047
220055.jpg,7.4033,0.626844584941864,0.385099161395082,0.87775263679542,7.22982120513916,120.37733459472656,0.9369942160803257,0.5912369659106326,7.775883674621582,2.889349181217966,33.91455841064453,11.981916427612305,56.64363479614258,0.6664652824401855,1.6548418998718262,0.6929899454116821,0.0351799800992012,14.537044525146484,0.7663555232606666,0.006194721009570043,0.46118083596229553,0.4796602725982666,0.5292435643160139,3.7064831464849277,38.10174560546875,59.31135940551758
220056.jpg,7.3266,0.5447741150856018,0.46763901247377354,0.8651672061772913,6.490889072418213,25.30377197265625,0.9314511560095534,0.42677975508911703,6.869419574737549,3.123909488946449,8.4168701171875,2.4007225036621094,31.77542495727539,0.5779426097869873,1.8055675029754639,0.8397203683853149,0.02178480103611946,16.618465423583984,0.5698451754124952,0.013573100397205147,0.40784066915512085,0.4720707833766937,0.5265750082447735,3.6557062975424355,6.33709716796875,51.37043762207031
220060.jpg,7.3957,0.5540663003921509,0.4869546482644725,0.8632327477584132,6.632722854614258,33.56211471557617,0.9295920991609274,0.4206636345983086,7.229355812072754,3.3751106962497968,11.965498924255371,3.169287919998169,42.7901496887207,0.6171529293060303,1.7217943668365479,0.8045275807380676,0.031567737460136414,15.007566452026367,0.5815124692833087,0.014330920905087068,0.41551417112350464,0.45253753662109375,0.4971085823151131,3.7311712772223373,9.94207763671875,52.198917388916016
220061.jpg,7.3656,0.570759654045105,0.3547566096200042,0.8688168313787572,7.06186580657959,71.999267578125,0.9226057181459352,0.5165640541622375,7.467904090881348,2.577272563459518,21.58531379699707,7.0071120262146,46.09539794921875,0.6737105846405029,1.7441976070404053,0.7973222732543945,0.027484124526381493,15.609180450439453,0.683136053039313,0.01106499071020755,0.44596946239471436,0.4838569760322571,0.5143647994917528,3.5878947972934636,28.86785888671875,58.28394317626953
220062.jpg,7.36,0.5558716058731079,0.5261424132587094,0.8666464642964787,6.358026504516602,26.015302658081055,0.9407891610504362,0.4309449457546721,7.100576877593994,3.540580638480437,8.509836196899414,2.4568002223968506,35.339202880859375,0.4935266077518463,1.7962234020233154,0.9362053871154785,0.031597498804330826,15.003473281860352,0.572179583045296,0.015858030258746603,0.41658085584640503,0.4688175916671753,0.5797431927041472,3.505827981976576,7.66522216796875,44.334861755371094
220067.jpg,7.3464,0.5629907846450806,0.41765493148090166,0.885988794665983,7.092000961303711,102.8045425415039,0.9288304486982981,0.5747484246141661,7.64091682434082,3.0766457723389404,30.109621047973633,10.177443504333496,54.03301239013672,0.7556909322738647,1.6768766641616821,0.7460973262786865,0.022972315549850464,16.387954711914062,0.7454652646639698,0.00785574673069466,0.4504067301750183,0.493863582611084,0.5129080633913069,3.6713213152501907,38.24188232421875,61.91520309448242
220068.jpg,7.3711,0.5723391175270081,0.3928980118967802,0.8846165202942949,7.06950569152832,96.01074981689453,0.9304460792372024,0.537187039438697,7.623300552368164,2.8863944520433975,29.14337158203125,9.563372611999512,53.48057174682617,0.7582553625106812,1.7158708572387695,0.7201809883117676,0.024890974164009094,16.039581298828125,0.7515334406894216,0.007674700573446199,0.4505561888217926,0.48832234740257263,0.5070285615271934,3.7936919730011716,42.32879638671875,60.19011306762695
220072.jpg,7.3469,0.5368976593017578,0.4937549936853403,0.866152093340553,6.354036331176758,21.872209548950195,0.9357746836512733,0.42018230286648084,6.785642623901367,3.243900037390306,7.502178192138672,2.0632612705230713,30.366174697875977,0.5688642859458923,1.810385823249817,0.841547429561615,0.02071044035255909,16.838106155395508,0.5441024569962394,0.012685389556121637,0.4036249816417694,0.4664207696914673,0.5160996867829465,3.737479589773154,4.37225341796875,48.41375732421875
220075.jpg,7.3493,0.5905827283859253,0.3771144754877411,0.8801424544818184,7.115072250366211,100.64519500732422,0.9221694228287923,0.5500538716518263,7.632150650024414,2.7807025112775143,27.613128662109375,9.998007774353027,52.33434295654297,0.7111871838569641,1.7123996019363403,0.7267712354660034,0.026801735162734985,15.718372344970703,0.771747951399242,0.00606939111038032,0.45125287771224976,0.469760000705719,0.5325443649615385,3.670436804508423,39.33319091796875,62.28507995605469
220082.jpg,7.3468,0.5477064251899719,0.5045822764877508,0.8656603008075797,6.6104302406311035,29.323705673217773,0.942004490057721,0.46188061512011847,7.1775221824646,3.478587325983744,9.623711585998535,2.7948782444000244,37.79869842529297,0.608973503112793,1.755832552909851,0.9375855326652527,0.025004960596561432,16.019739151000977,0.6195163665201038,0.01016235268823791,0.425519198179245,0.4961841404438019,0.5846423114031702,3.69589148520439,9.01580810546875,44.50666046142578
220083.jpg,7.313,0.576300323009491,0.3665464666217801,0.8691505700204039,6.553983211517334,47.83671951293945,0.8824251206803956,0.43719536990388974,7.1376848220825195,2.509322958164928,13.993987083435059,4.676812171936035,35.12560272216797,0.6549490690231323,1.8162628412246704,0.758833110332489,0.022641044110059738,16.45103645324707,0.6718155442364254,0.01172038013296045,0.42370307445526123,0.46663546562194824,0.5319003129707718,3.664234060415505,29.88690185546875,52.70783233642578
220086.jpg,7.3666,0.6072273254394531,0.3709622299203142,0.8724880292658895,7.169990062713623,69.24630737304688,0.9387757633916977,0.5715803230521767,7.424832344055176,2.707070857230608,21.453611373901367,6.795863628387451,44.55747985839844,0.6791719794273376,1.6783944368362427,0.8182282447814941,0.022343646734952927,16.508460998535156,0.7486804071147307,0.007885560614536114,0.45484304428100586,0.5067713856697083,0.5942492826844088,3.641616517162845,33.06219482421875,53.890689849853516
220088.jpg,7.3928,0.5810398459434509,0.3679170095883485,0.8673124416317372,6.871556282043457,64.66570281982422,0.8913482864864979,0.471306931844927,7.369284629821777,2.619730481948036,18.760648727416992,6.294549942016602,45.209449768066406,0.6115247011184692,1.6929781436920166,0.6865296959877014,0.02953055500984192,15.297284126281738,0.6565223653683361,0.012999380537403828,0.43369248509407043,0.4665449857711792,0.4784106956156974,3.5703853029825647,31.67303466796875,61.928680419921875
220091.jpg,7.3482,0.5391440391540527,0.42193569975142636,0.8785668303327864,6.75375509262085,46.46223831176758,0.8973449897445835,0.4540353061764072,7.408054351806641,2.9876942663913475,15.222314834594727,4.4838385581970215,45.098026275634766,0.7117974758148193,1.7567768096923828,0.7723780870437622,0.024746134877204895,16.064926147460938,0.6329700766106666,0.012547375718551664,0.41810065507888794,0.5026174187660217,0.48808302977955803,3.596009878726841,17.45233154296875,54.57469177246094
220092.jpg,7.3212,0.5474279522895813,0.4993350495415905,0.8660243852273593,6.327005863189697,22.478282928466797,0.9356301346793793,0.4147918172763689,6.839761734008789,3.2873232658231384,8.118339538574219,2.132310628890991,30.55609130859375,0.5577661395072937,1.8107023239135742,0.8484563827514648,0.021199287846684456,16.736787796020508,0.5565373974482782,0.012780103746305864,0.3975070118904114,0.46824657917022705,0.5288698461381305,3.7371316893968967,4.91717529296875,49.82590103149414
220102.jpg,7.3111,0.5365439653396606,0.5187296713075031,0.8668109466671007,6.310893535614014,25.080873489379883,0.9364394985422125,0.42803797506866825,7.013937950134277,3.4560020813754875,8.12138557434082,2.3615646362304688,33.494998931884766,0.5230752825737,1.8074617385864258,0.902700662612915,0.025142859667539597,15.995853424072266,0.5704952534222847,0.014189809837253679,0.41361626982688904,0.4686480164527893,0.5529989724196444,3.680130685784184,7.34002685546875,48.41477584838867
220105.jpg,7.2986,0.5617668628692627,0.5115650194522646,0.8666536978726115,6.396069049835205,27.662153244018555,0.9311768432447128,0.43419010266258007,7.106541633605957,3.4537410803149946,8.892800331115723,2.6403756141662598,35.333980560302734,0.5043505430221558,1.8194496631622314,0.8726117610931396,0.029901990666985512,15.243000030517578,0.5739015867021589,0.015754270830353186,0.42020899057388306,0.47443416714668274,0.5571030671465613,3.7820187595450947,7.75506591796875,44.191654205322266
220107.jpg,7.3276,0.6090721487998962,0.329196959866521,0.8676716591865373,7.13275671005249,98.13201141357422,0.9257426677311585,0.5360742093656863,7.521366119384766,2.4120524608212968,26.89617347717285,9.679123878479004,46.950958251953125,0.6137077808380127,1.677897334098816,0.7112439870834351,0.030373074114322662,15.1751127243042,0.7407263451433866,0.008840569426351032,0.4589293897151947,0.4765663146972656,0.5221067144991305,3.9133998546781794,39.39959716796875,59.13220977783203
220116.jpg,7.3356,0.6363584399223328,0.4183300492741145,0.8762803953765127,7.151100158691406,95.11898040771484,0.939062959209675,0.5777969756662719,7.711982727050781,3.108844769899493,26.83365821838379,9.399529457092285,55.0450325012207,0.6185562014579773,1.6187635660171509,0.705851137638092,0.03810852766036987,14.189778327941895,0.725767670560349,0.00943895924661674,0.4649807810783386,0.4772137403488159,0.540921768210507,4.030049595237099,39.46307373046875,62.04957580566406
220118.jpg,7.3585,0.5394208431243896,0.42922543141704633,0.8804738993053913,6.6551947593688965,38.343746185302734,0.9116100909070473,0.4745816448819471,7.171175479888916,2.9673227429180766,12.598834991455078,3.7204673290252686,39.345619201660156,0.7345045804977417,1.7613022327423096,0.769872784614563,0.01728551834821701,17.6231746673584,0.6243791989294719,0.011868756363379017,0.432567298412323,0.4750897288322449,0.5210795689010325,3.659244866245966,17.37420654296875,54.64086151123047
220122.jpg,7.3637,0.5984523892402649,0.4216096924766565,0.8820386904523639,6.860845565795898,99.8345947265625,0.957451550141371,0.6393421356398495,7.3776140213012695,3.001544111992022,27.227745056152344,9.933816909790039,42.94738006591797,0.6931166648864746,1.563349962234497,0.75213623046875,0.019542962312698364,17.09009552001953,0.8150105003735171,0.005136683611385554,0.4670993387699127,0.48265886306762695,0.627156758870929,3.7262454052908542,45.27166748046875,56.35363006591797
220123.jpg,7.3894,0.5722550749778748,0.44719633386090274,0.8785885904431494,6.655643939971924,59.69257736206055,0.9226722306167292,0.4380487551801222,7.654233455657959,3.1996705360483624,19.906503677368164,5.776761531829834,54.60200500488281,0.72044837474823,1.7506227493286133,0.7329220771789551,0.03302722051739693,14.811281204223633,0.6729195207097499,0.010955177264133748,0.42939236760139465,0.48849448561668396,0.4927924908000811,3.8583086433277214,23.73797607421875,51.42170333862305
220135.jpg,7.326,0.5930942893028259,0.35419215155128864,0.8657434988234154,7.068562030792236,75.29882049560547,0.9107598056894421,0.5321278043968212,7.318615436553955,2.5479191656328215,22.0574893951416,7.416287422180176,41.22177505493164,0.6281853914260864,1.7389187812805176,0.7850440144538879,0.026036959141492844,15.844098091125488,0.7705252692763902,0.005735426794221095,0.43997007608413696,0.4730769395828247,0.5849382745520102,3.6908083492205437,38.70281982421875,56.8702392578125
220136.jpg,7.3799,0.5679528117179871,0.4229927654578361,0.8765740891387884,6.993987083435059,74.7854232788086,0.9359927634610831,0.5556635486040359,7.544125556945801,3.0747659436845893,22.867225646972656,7.298190593719482,51.55322265625,0.7037492990493774,1.6781628131866455,0.7890406250953674,0.026220355182886124,15.813615798950195,0.697391129553719,0.011927338460318711,0.45538875460624695,0.5025967955589294,0.5404770260040873,3.6160153753169304,25.12322998046875,54.820892333984375
220137.jpg,7.3441,0.5666422843933105,0.45446872195561877,0.8657046980474754,6.773261070251465,40.403507232666016,0.9171571817474183,0.4490414864016275,7.3005266189575195,3.1980565035926496,13.638545989990234,3.864734649658203,43.885169982910156,0.6237707138061523,1.7747371196746826,0.7996706962585449,0.0348813571035862,14.574066162109375,0.5950099116940969,0.013762247781733891,0.42539429664611816,0.48193296790122986,0.5070477741464714,3.5681087190183107,11.04364013671875,56.80281066894531
220139.jpg,7.3226,0.5811018943786621,0.5119628044173571,0.8641525872402063,6.4296464920043945,27.582809448242188,0.9322750130520447,0.4251214411189086,7.1886138916015625,3.4860307583636416,9.406397819519043,2.588089942932129,39.147911071777344,0.5781086087226868,1.7907519340515137,0.8273026943206787,0.034623149782419205,14.60633373260498,0.5553581050045949,0.014378179784617291,0.416254460811615,0.4623507559299469,0.5148774769942039,3.761738189723228,6.41424560546875,46.33137512207031
220141.jpg,7.3153,0.5473376512527466,0.49936899204318486,0.8692213567603237,6.25856351852417,30.619464874267578,0.9211111379358119,0.43315705949630967,7.274255752563477,3.3789443659550997,9.71162223815918,2.8956210613250732,40.081573486328125,0.5497832298278809,1.7915329933166504,0.8554362058639526,0.031906068325042725,14.961267471313477,0.5723139951686392,0.020035762608359684,0.4179677367210388,0.47246554493904114,0.5356234860275547,3.595492538535927,10.67547607421875,44.833030700683594
220145.jpg,7.3214,0.5525357127189636,0.42663415770725466,0.8777882923402166,6.821997165679932,51.24296188354492,0.9113863691966625,0.484172236340833,7.335909843444824,3.020131205209138,15.533543586730957,4.988086223602295,43.320552825927734,0.7090803980827332,1.8012527227401733,0.8091385364532471,0.02488347515463829,16.040889739990234,0.6538358681809613,0.01050411842643099,0.4336196482181549,0.49139755964279175,0.5202320874370386,3.598440149935715,24.39959716796875,55.27579879760742
220147.jpg,7.3161,0.55134516954422,0.49840613038355935,0.8691318100892338,6.249086380004883,24.097654342651367,0.9281585833513966,0.4108005201559932,6.996879577636719,3.300944511346364,7.967696666717529,2.2837769985198975,33.97175979614258,0.5663753747940063,1.8034515380859375,0.8513094186782837,0.02545252814888954,15.942689895629883,0.5456039140337811,0.014668457338094928,0.40223219990730286,0.464072048664093,0.517013420327113,3.7824918567337003,4.58074951171875,47.368690490722656
220148.jpg,7.3192,0.5563095808029175,0.47237586667482184,0.866750265037727,6.289947986602783,21.710254669189453,0.9317474451148634,0.4451638222078135,6.782382011413574,3.0875353155605403,7.362342357635498,2.0529160499572754,29.389108657836914,0.5852248072624207,1.8119202852249146,0.8440718650817871,0.01887086220085621,17.242084503173828,0.533000710362535,0.01732478656501459,0.406379759311676,0.47374194860458374,0.5222599267449597,3.814403929834829,3.43670654296875,49.5938720703125
220150.jpg,7.386,0.5697818994522095,0.3860526178237707,0.8771371606508421,6.916744232177734,66.65193176269531,0.9020912607560269,0.5011286433991063,7.382601737976074,2.760157040834555,19.218185424804688,6.594496250152588,42.85519790649414,0.7159590721130371,1.7848167419433594,0.7862303256988525,0.022225305438041687,16.531522750854492,0.7150624342621097,0.008130339220153162,0.4387394189834595,0.4880863428115845,0.5271097103972189,3.644574825776255,36.60418701171875,54.239097595214844
220151.jpg,7.3626,0.5640397667884827,0.4407667613608935,0.8771059359562708,7.030503273010254,103.53755187988281,0.935885067860231,0.5780464809976433,7.716421127319336,3.2499850812020963,30.1649227142334,10.258966445922852,58.24885177612305,0.7022888660430908,1.6687545776367188,0.7603168487548828,0.03402974084019661,14.681413650512695,0.7485839584696516,0.007452721889047606,0.45076149702072144,0.49491608142852783,0.5303685234580858,3.7026710489021357,39.61444091796875,60.745079040527344
220152.jpg,7.3356,0.5659233927726746,0.37214768696808853,0.8627821965446978,6.858503818511963,51.67512893676758,0.9107608897611764,0.522770539291183,6.950511455535889,2.5695034911151566,13.790133476257324,5.075144290924072,31.151803970336914,0.6227359771728516,1.7687067985534668,0.8478344678878784,0.017120931297540665,17.66472625732422,0.7266437302666734,0.007989441890484164,0.44010797142982483,0.471369206905365,0.6200753402718733,3.5476774395932344,26.75164794921875,55.69561004638672
220153.jpg,7.3501,0.5509142279624939,0.4843771840476771,0.8675803177027963,6.567245006561279,44.11833572387695,0.9237483834645328,0.4482024447559315,7.408417701721191,3.3847551772187447,14.693190574645996,4.149356365203857,46.79133987426758,0.6230830550193787,1.7577792406082153,0.7637569904327393,0.03893720731139183,14.096353530883789,0.5809446665511007,0.016474684665413086,0.4258200526237488,0.4895825982093811,0.4827379877203927,3.1967432901488033,9.47479248046875,52.551273345947266
220160.jpg,7.2989,0.5563689470291138,0.4321295269280739,0.8654327592964479,6.587882041931152,44.4432373046875,0.897394554566552,0.47007626340041214,7.3208327293396,3.0051911726049774,12.906662940979004,4.242043972015381,40.93221664428711,0.5759651064872742,1.7810890674591064,0.8270742893218994,0.029772810637950897,15.261801719665527,0.6367100516030976,0.01617473065786554,0.42884010076522827,0.4745854139328003,0.5495741562600591,3.470530791505762,17.03436279296875,51.951847076416016
220161.jpg,7.3699,0.5526751279830933,0.42720946288857065,0.8774035750468709,6.828654766082764,49.10382843017578,0.9047500113040237,0.4714868665517565,7.323476314544678,3.022970074149786,15.067474365234375,4.782930850982666,42.846378326416016,0.7049307823181152,1.8036060333251953,0.7894185781478882,0.024977313354611397,16.02454376220703,0.6435265775815856,0.011952898403754972,0.4279998242855072,0.4927830696105957,0.5094909498882034,3.7073987666473744,22.27801513671875,55.787742614746094
220166.jpg,7.3679,0.5715609788894653,0.4432703288619636,0.8767561658875774,7.076233863830566,108.7508544921875,0.9359609802795724,0.5784538769800672,7.745423316955566,3.285008538868091,31.279626846313477,10.784041404724121,59.55024337768555,0.6958389282226562,1.6843347549438477,0.7726241946220398,0.037833262234926224,14.22126293182373,0.755991901007931,0.006818508480179265,0.4521355628967285,0.48961466550827026,0.5321995024248332,3.684633170525272,43.03387451171875,61.601585388183594
220170.jpg,7.3606,0.5941140651702881,0.3646088867599755,0.8738017917990868,7.0828962326049805,87.2733383178711,0.9016677563310465,0.49984911037671265,7.626489162445068,2.6815929483448,25.248794555664062,8.605082511901855,51.107200622558594,0.692225456237793,1.7318089008331299,0.7016212344169617,0.030583884567022324,15.145073890686035,0.7252622972781511,0.009097958533273774,0.4351465106010437,0.46857574582099915,0.5005891302995317,3.9637274818529415,40.12469482421875,62.55241394042969
220173.jpg,7.3113,0.5160358548164368,0.5939651670212756,0.8740541293997732,6.150285243988037,22.9344539642334,0.9409668138723263,0.43049269473333784,7.208798408508301,3.967425940803885,8.18742847442627,2.154680013656616,41.68439483642578,0.5960394740104675,1.7475910186767578,0.9363133907318115,0.029677946120500565,15.27566146850586,0.5625357055502119,0.01280680707626238,0.4040398597717285,0.475570946931839,0.5644413295327818,3.8353675280137605,6.57733154296875,44.25162887573242
220174.jpg,7.339,0.5603193640708923,0.39323284273659626,0.8666678053501539,6.812009811401367,52.95335006713867,0.9034119887733868,0.4707862405305727,7.358243942260742,2.786111998040445,14.76110553741455,5.101705551147461,42.409610748291016,0.6216114163398743,1.7990487813949585,0.8432468771934509,0.030157890170812607,15.205991744995117,0.6618389085978076,0.012878624585731151,0.43559888005256653,0.47954869270324707,0.5477447456571499,3.441723311236416,25.84344482421875,53.62306594848633
220175.jpg,7.3503,0.559349536895752,0.38247498418389014,0.8850087160059297,6.890569686889648,63.95429611206055,0.8962297321434808,0.4896350422710592,7.325897216796875,2.71872856860924,18.333419799804688,6.311674118041992,43.791927337646484,0.7548257112503052,1.760249137878418,0.7950847148895264,0.020409373566508293,16.901702880859375,0.7198641777967225,0.007219884742787374,0.43151575326919556,0.48260074853897095,0.5356687486730655,3.7134155106879465,37.07147216796875,59.00297546386719
220179.jpg,7.2999,0.5609391331672668,0.4010951769433298,0.8834862806007531,7.024838447570801,81.52693939208984,0.9266289604599433,0.536808443473794,7.51202392578125,2.9153399408210845,24.280235290527344,8.113865852355957,47.96198654174805,0.7528611421585083,1.745310664176941,0.7723650932312012,0.02141580730676651,16.692655563354492,0.7423387294632227,0.00780431321830347,0.4503708779811859,0.4915205240249634,0.5337573709698555,3.7270219274192953,40.84539794921875,58.750213623046875
220184.jpg,7.2974,0.5233516693115234,0.4399146674763829,0.8776151742121132,6.629469394683838,39.19904708862305,0.9146473891609628,0.47906623681286026,7.17061710357666,3.035438322052446,12.863109588623047,3.7910096645355225,39.300743103027344,0.720071017742157,1.7598826885223389,0.7945865392684937,0.01754295453429222,17.55897331237793,0.6228415722748323,0.011837199999974676,0.43831688165664673,0.4765614867210388,0.5270405161466926,3.580316347069164,15.40447998046875,52.665992736816406
220185.jpg,7.3057,0.5580781102180481,0.43795209859355044,0.8769965116600129,6.584575176239014,35.16750717163086,0.9035073370614048,0.4332428327418475,7.250640869140625,3.029589037809574,12.191349029541016,3.3882298469543457,41.228759765625,0.7026650905609131,1.7556942701339722,0.7642963528633118,0.022799761965870857,16.420696258544922,0.6042844499660172,0.013378472903554461,0.4092043340206146,0.4952858090400696,0.48657333547869486,3.7515907764924594,5.87957763671875,50.380027770996094
220194.jpg,7.3268,0.5477238893508911,0.5138706704222654,0.868706721351137,6.32283878326416,31.458587646484375,0.9396190596538511,0.444870159373554,7.311306953430176,3.5031032064524315,10.368977546691895,2.951084852218628,41.64375305175781,0.5175673365592957,1.783987283706665,0.8953737616539001,0.035687074065208435,14.474891662597656,0.5917161323995105,0.01767534865516532,0.42164409160614014,0.47436267137527466,0.5585910859272993,3.459927168746301,8.05194091796875,49.54228210449219
220198.jpg,7.309,0.543019711971283,0.5697772619818016,0.867911894989082,6.045863151550293,26.978132247924805,0.9414032499633939,0.42008996043222213,7.189351558685303,3.7705729312871323,9.797389030456543,2.5292840003967285,41.038841247558594,0.5875493288040161,1.7808425426483154,0.9096104502677917,0.03351416811347008,14.747715950012207,0.5811586557338534,0.013052876563552559,0.4132595658302307,0.47940510511398315,0.5500746152518905,3.9249610725191184,3.09881591796875,44.08839416503906
220199.jpg,7.3178,0.5521233081817627,0.4598874499827093,0.8716338609792005,6.873467445373535,55.053924560546875,0.9256009493288926,0.49055154055957334,7.566474914550781,3.3203825919261085,17.135467529296875,5.291009426116943,53.913516998291016,0.6533955931663513,1.6657466888427734,0.8145849704742432,0.03391498699784279,14.696084022521973,0.6619787790142916,0.01579613970631938,0.4390227496623993,0.499271035194397,0.5409588643453964,3.681670753545108,15.62030029296875,52.695884704589844
220202.jpg,7.2612,0.5419095158576965,0.5418427223559488,0.8672599282764054,6.179134368896484,25.380897521972656,0.9379516733901598,0.4166505205038374,7.050496578216553,3.584199463365522,9.095562934875488,2.3929600715637207,37.28111267089844,0.5720916390419006,1.7870094776153564,0.8350796103477478,0.02925654873251915,15.337770462036133,0.5538747907093323,0.01889538153188313,0.4082414507865906,0.47142326831817627,0.5204883699968105,3.699051945180961,4.81951904296875,48.222442626953125
220203.jpg,7.3752,0.5727309584617615,0.4039595845476023,0.8742346478905081,7.12115478515625,82.5431900024414,0.9255144167312004,0.5481053977650087,7.577943325042725,2.9689282499537093,24.471914291381836,8.13475513458252,50.571998596191406,0.6974192261695862,1.692383050918579,0.7544800043106079,0.02656031772494316,15.75766658782959,0.7164017603279965,0.009035506792911893,0.4519262909889221,0.4863092303276062,0.5297229147072682,3.8320312290136687,36.01922607421875,57.374969482421875
220204.jpg,7.3435,0.552892804145813,0.5143534389770307,0.8674222303902,6.373397350311279,26.159162521362305,0.9325152614021036,0.4220609158587991,7.121617317199707,3.4706131290670186,9.236268997192383,2.4720349311828613,38.12854766845703,0.5799837112426758,1.797180414199829,0.8309842348098755,0.029740145429968834,15.266569137573242,0.5657698703716713,0.014331453007147728,0.4075460433959961,0.46722787618637085,0.5191605907646973,3.6936568696495846,4.83660888671875,48.382415771484375
220205.jpg,7.3278,0.5957856178283691,0.45504353493619515,0.8923175584264899,7.1479291915893555,115.01763916015625,0.9327655129957055,0.5754221281028143,7.901189804077148,3.4240105550635374,34.65005111694336,11.400465965270996,70.03936767578125,0.7642243504524231,1.673899531364441,0.7050783634185791,0.04073381796479225,13.900449752807617,0.7560314294452191,0.005285380273668754,0.4485439956188202,0.47944891452789307,0.5010959179617203,3.5674435971327636,39.57733154296875,59.788818359375
220206.jpg,7.2854,0.5896910429000854,0.42358114734104807,0.8776321186925702,7.116657257080078,102.7156982421875,0.9338698483332488,0.5784765124279918,7.720871448516846,3.1424568067333585,30.902175903320312,10.188051223754883,57.09569549560547,0.6817730665206909,1.6594395637512207,0.7671492099761963,0.03285206854343414,14.834373474121094,0.754585042372637,0.005999660461720119,0.4534626007080078,0.5019515752792358,0.5358663422306179,3.5398723260347933,35.49969482421875,59.65364074707031
220213.jpg,7.3652,0.5734672546386719,0.3793918980617664,0.8866249965943419,6.941065311431885,91.45948791503906,0.9323158355046453,0.5587671270069214,7.464138031005859,2.732615751745909,26.589927673339844,9.095450401306152,45.153324127197266,0.7642713785171509,1.7057907581329346,0.7246415019035339,0.018444836139678955,17.34125328063965,0.7803436502208307,0.007349085571288322,0.4591418206691742,0.48199722170829773,0.5675278628627527,3.6851491065891366,40.78729248046875,54.972633361816406
220220.jpg,7.3633,0.6273402571678162,0.35579697556839635,0.8699075605276916,7.157010555267334,105.43183898925781,0.9379654581554221,0.5787477795138963,7.585697650909424,2.622711987943724,29.145530700683594,10.451327323913574,49.29107666015625,0.5904320478439331,1.6346962451934814,0.6994962692260742,0.03220117837190628,14.921283721923828,0.7595663419350437,0.00824591057103746,0.46565568447113037,0.47526249289512634,0.543527022810314,3.990161032157509,39.14715576171875,60.054317474365234
220223.jpg,7.4097,0.5290988683700562,0.423470447172481,0.8759433911672261,6.70306921005249,39.6558952331543,0.9120880718868654,0.47391341656304925,7.192258834838867,2.9421380556077352,12.902298927307129,3.8281571865081787,39.61687088012695,0.708723783493042,1.7552155256271362,0.8039315938949585,0.018907655030488968,17.233623504638672,0.6172372867871229,0.012302519155618903,0.43300145864486694,0.47128915786743164,0.5184646118005914,3.6047056767302688,14.12664794921875,54.69801712036133
220228.jpg,7.4017,0.5872527956962585,0.3748775284757037,0.8824193197277609,7.034942150115967,107.4679946899414,0.9461672467930168,0.5954069942818437,7.51944637298584,2.7280636515605945,29.325788497924805,10.73021125793457,46.768978118896484,0.7439711689949036,1.684417724609375,0.729215681552887,0.021021127700805664,16.773441314697266,0.8048554831440555,0.006025716136961297,0.46213725209236145,0.48126742243766785,0.5894170087398617,3.8205288195621794,44.79510498046875,56.70389175415039
220230.jpg,7.3517,0.572712242603302,0.40108653240252307,0.8968620544041687,7.0084452629089355,102.3211898803711,0.9318506851085424,0.545915283602121,7.625393390655518,2.9347252984192096,29.30792236328125,10.211357116699219,53.134124755859375,0.8023037314414978,1.6940590143203735,0.6870795488357544,0.019715111702680588,17.0520076751709,0.7675368089680112,0.007796595343777365,0.4538770318031311,0.49066972732543945,0.5130721205309576,3.7449053378898056,49.91864013671875,58.11671447753906
220231.jpg,7.3048,0.5426651835441589,0.5286004592939448,0.8659364577602096,6.294149398803711,25.316505432128906,0.9385545045702944,0.42504643388259233,7.061378479003906,3.5298788949902615,8.905531883239746,2.3898754119873047,36.49516677856445,0.5573440790176392,1.781585693359375,0.8453775644302368,0.028159871697425842,15.503692626953125,0.5595389044834543,0.0178373189670513,0.41192734241485596,0.4686904549598694,0.5318411122410694,3.765596025708166,4.94598388671875,44.846412658691406
220232.jpg,7.3143,0.5302071571350098,0.439440005876809,0.8796724028578798,6.641562461853027,40.56223678588867,0.9135143774738161,0.4729329893859047,7.202356815338135,3.041793998245467,13.51143741607666,3.9330692291259766,40.206783294677734,0.7319768667221069,1.7615262269973755,0.7492018938064575,0.01776915416121483,17.503332138061523,0.6214581597318302,0.013419955661902705,0.43761035799980164,0.47209781408309937,0.5151952001275857,3.6645805603502155,17.21893310546875,51.66973114013672
220234.jpg,7.4174,0.5785242319107056,0.3659472947809659,0.8699445383259297,7.114767551422119,79.7499771118164,0.9290750812782829,0.5368351820262802,7.481272220611572,2.6706973224698185,23.66568946838379,7.8136887550354,46.26801681518555,0.6833369731903076,1.738926887512207,0.7653642296791077,0.025967031717300415,15.855777740478516,0.6997798369947924,0.011033883995754364,0.45290225744247437,0.4849555492401123,0.5166864882341833,3.508589391694281,31.95379638671875,58.06205368041992
220245.jpg,7.3672,0.5489742755889893,0.5449331470756099,0.8610927595361282,6.368402004241943,27.017261505126953,0.9407184131578412,0.42049178289439687,7.11295223236084,3.673228431360098,9.775845527648926,2.512587785720825,39.24646759033203,0.5645681619644165,1.7177214622497559,0.8713538646697998,0.03254368156194687,14.875333786010742,0.5615178810929623,0.015573076762345987,0.4120708405971527,0.45236289501190186,0.5351172329439406,3.696498556582385,8.50067138671875,48.55754470825195
220254.jpg,7.4303,0.5392352342605591,0.4877670292945601,0.8684838021899947,6.418278217315674,36.64144515991211,0.9264468164111195,0.4555333476005265,7.325289249420166,3.351838559643209,11.411258697509766,3.4567527770996094,41.89562225341797,0.5228031277656555,1.7984628677368164,0.8445882201194763,0.03442620486021042,14.631109237670898,0.5888695140668343,0.01915519386595066,0.43249770998954773,0.4817405939102173,0.5382528380959497,3.1328686853614225,10.37322998046875,51.079307556152344
220256.jpg,7.4149,0.5891082286834717,0.42705077814929815,0.8783765745175873,7.107975482940674,102.13533020019531,0.9340622627744177,0.5770651631936605,7.728265762329102,3.1679222665757223,30.728797912597656,10.117783546447754,57.34624099731445,0.6903631687164307,1.6585239171981812,0.7571440935134888,0.03219645842909813,14.921918869018555,0.7484242376939712,0.006318386555773922,0.4553951323032379,0.5017135739326477,0.5348312248818966,3.5429246639151,34.87225341796875,59.33662033081055
220258.jpg,7.3617,0.5320719480514526,0.4120078873260682,0.8808250342435475,6.6139373779296875,50.60182571411133,0.9032246994036307,0.4662272119528863,7.169493675231934,2.839448894672774,14.935166358947754,4.956030368804932,39.123748779296875,0.7358987331390381,1.7674521207809448,0.8027088046073914,0.017994487658143044,17.448604583740234,0.692032931209664,0.007439977463358935,0.42278069257736206,0.4885154366493225,0.5275859395896332,3.6143468200584983,29.73211669921875,56.37084197998047
220262.jpg,7.3532,0.5325112342834473,0.5249605832846138,0.8669990860449447,6.243581771850586,25.084280014038086,0.9380618374354763,0.43785157028402044,7.03512716293335,3.485408956811181,8.067527770996094,2.3556478023529053,34.038360595703125,0.5280085206031799,1.792633295059204,0.9178836345672607,0.02530861645936966,15.967316627502441,0.56702888957663,0.015318655369948754,0.4174637198448181,0.47239094972610474,0.5608383331343118,3.5980916483319345,6.32733154296875,47.34680938720703
220264.jpg,7.3641,0.6356913447380066,0.381673370298693,0.8717284760097359,7.20532751083374,93.7933578491211,0.9362536033870177,0.5608372663649843,7.662620544433594,2.8373569956520335,26.563159942626953,9.241662979125977,52.40994644165039,0.5898117423057556,1.6586024761199951,0.714279294013977,0.03996049985289574,13.983692169189453,0.7214054734105859,0.009920030482807169,0.46488654613494873,0.48174408078193665,0.5359223970559542,4.006217748840671,36.19012451171875,60.76634216308594
220265.jpg,7.3267,0.5479158163070679,0.4730714406322908,0.865140115818793,6.430489540100098,24.69904327392578,0.9318363086176746,0.428936247170914,6.895489692687988,3.1520787457595123,8.191666603088379,2.3371219635009766,31.910730361938477,0.5700748562812805,1.8036317825317383,0.854365348815918,0.022587638348340988,16.461292266845703,0.563174848953479,0.013963096978322804,0.4084683656692505,0.4735690951347351,0.5317225037827751,3.6146643917388483,5.90008544921875,47.83991241455078
220268.jpg,7.3939,0.5991657376289368,0.4105084352973307,0.8872092401541464,7.0264177322387695,107.38594818115234,0.9466766965753806,0.6093151193416344,7.596653461456299,3.001454838804692,30.817378997802734,10.738173484802246,51.5531120300293,0.7383551001548767,1.5958478450775146,0.7307462096214294,0.021179379895329475,16.740867614746094,0.7784375135504253,0.006721147956081976,0.46212995052337646,0.5028253793716431,0.5418975409869792,3.669449110220801,45.51141357421875,54.02601623535156
220276.jpg,7.4258,0.5772344470024109,0.408511147743475,0.8851383201873804,6.974717617034912,82.59563446044922,0.9063824676374352,0.5019279485768372,7.609425067901611,2.97889993024045,24.91071128845215,8.233444213867188,52.19455337524414,0.7546428442001343,1.758138656616211,0.7174765467643738,0.025855962187051773,15.874393463134766,0.7385640209047223,0.006392886932183794,0.43516993522644043,0.4896637201309204,0.4971738160826212,3.6203413468202315,42.69207763671875,55.828575134277344
220277.jpg,7.3636,0.6331152319908142,0.46149784182627124,0.883768382251356,6.831003665924072,116.7210464477539,0.9680199237998327,0.6892147250490903,7.591794490814209,3.3280536162755006,30.84209442138672,11.647337913513184,51.62773895263672,0.6350560188293457,1.400381326675415,0.7543103098869324,0.03020058199763298,15.199847221374512,0.8351003502719807,0.0038264335870393596,0.47391757369041443,0.4915522038936615,0.636328663011932,3.739758775588024,45.00701904296875,57.66297912597656
220278.jpg,7.3767,0.560230553150177,0.4509156693437865,0.8638192121478463,6.759907245635986,40.70917510986328,0.9219034999479799,0.4528206449232577,7.240874290466309,3.156594197339496,13.650274276733398,3.893543004989624,41.163848876953125,0.6115119457244873,1.7637338638305664,0.801582932472229,0.03065286949276924,15.13528823852539,0.5994121398768795,0.013258009829757807,0.42371469736099243,0.4769073724746704,0.5096981878001873,3.612316473684141,11.11346435546875,55.61335754394531
220281.jpg,7.3419,0.5566526651382446,0.47939358455218745,0.8641738241441566,6.446105480194092,23.355737686157227,0.9333476760913932,0.4297265050789767,6.823076248168945,3.1805893267924965,7.794432163238525,2.2160582542419434,29.294485092163086,0.5435804128646851,1.8123788833618164,0.8637288808822632,0.020287703722715378,16.927671432495117,0.5660628966222413,0.014095504775186453,0.40385180711746216,0.47401508688926697,0.5480997742764846,3.786866890446563,4.47088623046875,50.47761154174805
220282.jpg,7.3466,0.5377476811408997,0.4220562761811814,0.8751220830826028,6.6399030685424805,39.97312545776367,0.9122594620530036,0.4684745027108722,7.154285430908203,2.910969729861691,12.872110366821289,3.8609817028045654,38.72651672363281,0.7048763632774353,1.774780511856079,0.791202962398529,0.018857760354876518,17.245098114013672,0.6243021421871396,0.012142206198184603,0.435943603515625,0.4718685746192932,0.5237384324769059,3.520651913228639,16.24530029296875,54.7805290222168
220284.jpg,7.3457,0.5603393912315369,0.518013002371019,0.8668955740727391,6.30150032043457,25.6010799407959,0.9337990513231544,0.4269302382731077,7.060746192932129,3.460918305883663,8.396913528442383,2.428971529006958,34.40161895751953,0.5105772018432617,1.8297431468963623,0.8654459714889526,0.02903369814157486,15.370977401733398,0.5569174564292301,0.016191095533284405,0.4174855649471283,0.4736690819263458,0.5452444407757981,3.657249719796836,7.24188232421875,44.04014587402344
220288.jpg,7.3741,0.5420243144035339,0.5426552740974933,0.8632534678384102,6.504161834716797,32.3834228515625,0.9400892498717852,0.44835456745607893,7.413733959197998,3.7763194602011936,11.732336044311523,3.073673963546753,46.20970916748047,0.5892830491065979,1.719935655593872,0.8616406321525574,0.03577656298875809,14.464015007019043,0.6025676748000341,0.014255145181552393,0.431567907333374,0.4627223610877991,0.5551212292814456,3.5769173802725875,2.32977294921875,44.692501068115234
220291.jpg,7.3481,0.5594765543937683,0.46074114227487395,0.8754142122636498,6.47691535949707,34.185302734375,0.9187197399125037,0.44767750446431265,7.227893829345703,3.1571932534544622,11.556365966796875,3.3131344318389893,39.41350173950195,0.6973616480827332,1.793076992034912,0.7961775064468384,0.021768875420093536,16.621641159057617,0.6270708380374979,0.010781131087335392,0.41939777135849,0.48108530044555664,0.5259542836126233,3.6881188060220698,13.93035888671875,50.67464065551758
220296.jpg,7.2808,0.5634709000587463,0.47242244160972385,0.8601737810744925,6.691102981567383,29.60566520690918,0.9364827261104758,0.4755380069414157,7.024097442626953,3.239692987812031,9.551615715026855,2.8218719959259033,32.77227020263672,0.5643386840820312,1.7662817239761353,0.8999453783035278,0.021369054913520813,16.702146530151367,0.6277632066826284,0.01040057297068978,0.4324173331260681,0.491868793964386,0.6036357899938277,3.5931007596275237,8.70819091796875,45.30485534667969
220298.jpg,7.3407,0.5643846392631531,0.5283107923128112,0.8884755676933418,6.734004497528076,94.062744140625,0.9507826972401843,0.5680899170752572,7.712131500244141,3.816034446704336,28.85495376586914,9.256848335266113,60.83081817626953,0.7208714485168457,1.5154757499694824,0.7451560497283936,0.035587094724178314,14.487074851989746,0.7640544489045438,0.00968428082416461,0.44512632489204407,0.5003255009651184,0.5716406034858535,3.746240823139637,28.98309326171875,57.13602066040039
220300.jpg,7.3678,0.6043909788131714,0.40973676539871834,0.8876733319976908,7.139523506164551,122.50833892822266,0.9374075189443247,0.5846367660104425,7.782607078552246,3.057080231667216,34.59813690185547,12.229887962341309,58.33571243286133,0.7302061319351196,1.630939245223999,0.6552839875221252,0.029136380180716515,15.355644226074219,0.7770734297436946,0.005906149722115749,0.4618282616138458,0.48888465762138367,0.5280446542817839,3.7423680680097986,41.14422607421875,58.32474899291992
220302.jpg,7.281,0.5724377036094666,0.3713978284191488,0.8817416756937602,6.983125686645508,85.75109100341797,0.902699982533142,0.5230256657162021,7.496609687805176,2.6888777874112098,25.432720184326172,8.5131254196167,46.54166793823242,0.7400369644165039,1.7503421306610107,0.7553262710571289,0.021072326228022575,16.762874603271484,0.7499050443778258,0.006125447213333971,0.43322280049324036,0.47280460596084595,0.5229287927173023,3.824069239712555,40.06121826171875,59.402950286865234
220304.jpg,7.3318,0.587185800075531,0.3936583713235775,0.8766787295372366,7.155709266662598,91.06590270996094,0.9206242721094475,0.525544260124156,7.701251983642578,2.9242909905519205,26.93478012084961,9.005067825317383,55.124019622802734,0.716208815574646,1.7189807891845703,0.7287725806236267,0.03171251714229584,14.987693786621094,0.716423082929627,0.007329078072092265,0.44536134600639343,0.49366241693496704,0.49936028475307187,3.8496054353634777,37.77069091796875,60.806739807128906
220310.jpg,7.315,0.5310298800468445,0.43650242925061566,0.8793975112956756,6.635231971740723,37.71153259277344,0.9145412533898715,0.47817499777374234,7.159115314483643,3.0106410142509397,12.5884370803833,3.6486480236053467,39.2242546081543,0.7295644283294678,1.7602137327194214,0.7693964242935181,0.017108745872974396,17.667818069458008,0.6169782679681051,0.012227195717015913,0.43550896644592285,0.47454285621643066,0.5194524265395571,3.667189683437001,15.53973388671875,52.41194152832031
220312.jpg,7.3328,0.5715717673301697,0.43074811723711287,0.8654869719308255,6.641552925109863,33.8484001159668,0.9077495511129776,0.45224611981444823,7.155810356140137,2.9716020440833546,10.472211837768555,3.2190582752227783,37.30438995361328,0.6043537259101868,1.7667834758758545,0.8111813068389893,0.026262762024998665,15.806596755981445,0.5911649673638482,0.018454004535728107,0.42259523272514343,0.48075956106185913,0.5227109350930595,3.5158765647286403,10.51629638671875,50.01308822631836
220313.jpg,7.2684,0.5566859841346741,0.47676415181656123,0.8676110429724379,6.274986267089844,30.146881103515625,0.9074135240919059,0.4223592862122503,7.1449689865112305,3.19908543259632,9.460567474365234,2.880333662033081,36.5709228515625,0.5642555356025696,1.8141701221466064,0.818763256072998,0.0278208926320076,15.556289672851562,0.5738070515459898,0.016985750428915803,0.41276150941848755,0.4664878249168396,0.5260247682329146,3.785881699548453,11.22235107421875,49.78139114379883
220321.jpg,7.3289,0.5649274587631226,0.5406751774569766,0.8683740565339975,6.520468235015869,27.220544815063477,0.9479622416650824,0.44063373280904905,7.150941371917725,3.6959060068222005,9.032408714294434,2.5633838176727295,36.26481246948242,0.44070902466773987,1.8134446144104004,0.9421180486679077,0.035203032195568085,14.534200668334961,0.599857792630412,0.012360098475895441,0.4184124767780304,0.4590528607368469,0.5913084094532896,3.485459890914551,7.47772216796875,49.11739730834961
220322.jpg,7.3566,0.5627265572547913,0.4935646310511511,0.868497710138382,6.261364936828613,22.377647399902344,0.934976568202383,0.42859845458674456,6.972883224487305,3.265987231495034,7.447009563446045,2.1087992191314697,33.65228271484375,0.5642803907394409,1.7840129137039185,0.8753178119659424,0.025255605578422546,15.976421356201172,0.5377359221118411,0.01698525797897473,0.3998589515686035,0.4699380397796631,0.5381623936427304,3.7203975594019085,4.22674560546875,44.343170166015625
220323.jpg,7.2827,0.5506642460823059,0.4494621898492566,0.8659000649813958,6.818218231201172,39.896759033203125,0.9156136450453666,0.4502912729926123,7.396625518798828,3.194525734054979,12.942949295043945,3.8336708545684814,44.105709075927734,0.6402559876441956,1.7277815341949463,0.8137398958206177,0.028965145349502563,15.381244659423828,0.6254695454531185,0.013900811429748899,0.42346805334091187,0.4813387393951416,0.522756596425567,3.5436379852824227,13.31903076171875,48.83338928222656
220327.jpg,7.3999,0.5574413537979126,0.4727895449434017,0.8656030842800121,6.437972068786621,25.8507022857666,0.933579057081785,0.4287880792427718,6.945798873901367,3.163862211941481,9.255516052246094,2.4395787715911865,33.17020034790039,0.623188316822052,1.768239974975586,0.8635599613189697,0.02125074714422226,16.72625732421875,0.5777262818069858,0.013961087870172214,0.40155255794525146,0.47332555055618286,0.5357497151053061,3.783353189585669,3.02752685546875,49.214111328125
220331.jpg,7.3636,0.5450611710548401,0.4902353701081147,0.864831860802815,6.438418865203857,23.010915756225586,0.9396202306740972,0.44467588933321683,6.888263702392578,3.266614733168387,8.172446250915527,2.173379898071289,31.129173278808594,0.565977931022644,1.7850021123886108,0.8878087401390076,0.019938072189688683,17.003170013427734,0.5644476064868507,0.013709201178940804,0.40821373462677,0.4742141664028168,0.5553324858112846,3.670516562645428,5.48992919921875,47.6000862121582
220333.jpg,7.3039,0.5902250409126282,0.5029532903950523,0.8668665846924674,6.526935577392578,30.2236270904541,0.9283138996567151,0.42849016251936317,7.465444087982178,3.5187658399329464,10.35898208618164,2.8519294261932373,48.72605514526367,0.6100586652755737,1.7581312656402588,0.8065786361694336,0.041969362646341324,13.770676612854004,0.5626735565035305,0.016551861924548963,0.41817331314086914,0.46961840987205505,0.50362038540871,3.882576407673853,5.74676513671875,44.67799758911133
220336.jpg,7.2882,0.5720659494400024,0.39648880275222625,0.8770460357165286,6.813292980194092,70.0121078491211,0.9446413294222401,0.6078786102097098,7.070364952087402,2.7523646556816708,19.650365829467773,6.940568447113037,34.734962463378906,0.6779552698135376,1.6562583446502686,0.7937166690826416,0.012837120331823826,18.915325164794922,0.7853513951303742,0.00590574309060041,0.4587668478488922,0.48391255736351013,0.63419062388876,3.634634043914238,40.84735107421875,54.52798080444336
220341.jpg,7.2867,0.5477220416069031,0.490073690573469,0.8786850754999461,6.828573226928711,41.348182678222656,0.9301403665659747,0.486262012940426,7.421769142150879,3.4918680156002004,13.575243949890137,3.9888503551483154,46.754554748535156,0.7175853252410889,1.7749137878417969,0.8602687120437622,0.025766577571630478,15.889433860778809,0.645485975909613,0.011065861385885015,0.4267805218696594,0.4932340979576111,0.5478604458585697,3.9139935148557274,16.16766357421875,50.384765625
220343.jpg,7.3607,0.588190495967865,0.3737023975379545,0.8786893598796756,7.14018440246582,94.96356201171875,0.9151129569606415,0.5377218241066856,7.6322174072265625,2.760247771149036,26.27967071533203,9.40939998626709,52.05660629272461,0.7062547206878662,1.7269344329833984,0.7238332033157349,0.027675285935401917,15.579079627990723,0.7531900924091867,0.007627220722806952,0.44854336977005005,0.4718559980392456,0.521641511583438,3.571430890891891,37.12908935546875,60.10251998901367
220345.jpg,7.3355,0.5394904017448425,0.437918688711408,0.8748899797579721,6.752993106842041,41.64241409301758,0.9156295160121918,0.45850794625968805,7.365987300872803,3.0914907960157283,13.673704147338867,3.986679792404175,44.02065658569336,0.6844027638435364,1.7515056133270264,0.8319374322891235,0.025128349661827087,15.998361587524414,0.6337029113274716,0.013062556540783614,0.4204742908477783,0.5012094974517822,0.5207166778889333,3.5699341410341825,13.84197998046875,52.31126022338867
220346.jpg,7.3528,0.6362012028694153,0.3910299375970782,0.8740432697484447,7.233929634094238,96.96794891357422,0.9329434277501559,0.5666108938961352,7.717591285705566,2.923253246990239,27.081958770751953,9.556953430175781,54.76306915283203,0.6189719438552856,1.646812915802002,0.7021604776382446,0.03812065348029137,14.188396453857422,0.7141697131552919,0.010513323315909344,0.4633261561393738,0.4778676927089691,0.5259139328850102,4.082660833347741,39.00897216796875,61.657920837402344
220355.jpg,7.3337,0.570790708065033,0.5371266077029321,0.861176959386643,6.515348434448242,30.65492820739746,0.9381336024421455,0.4178282222445706,7.286574363708496,3.7066995179504953,10.338211059570312,2.8641903400421143,43.39789581298828,0.5307819843292236,1.726274847984314,0.880780816078186,0.04101986810564995,13.870058059692383,0.5872930576399399,0.01206333164530853,0.41472136974334717,0.45614922046661377,0.5399815864032911,3.7828173998371337,2.89422607421875,47.68421936035156
220356.jpg,7.4247,0.5439659953117371,0.4619597503824297,0.8666509259829487,6.7117156982421875,39.12010192871094,0.9209375154889078,0.4515300799602672,7.228784084320068,3.219983353691555,13.460318565368652,3.7224366664886475,43.06022262573242,0.6470426321029663,1.732627511024475,0.7790441513061523,0.027614809572696686,15.588580131530762,0.5829506288430337,0.014459598612593697,0.42852485179901123,0.4847237467765808,0.49322755220226633,3.512697820603966,11.05877685546875,57.019615173339844
220357.jpg,7.4171,0.5599349737167358,0.5239181764887526,0.8695857088145397,6.348544597625732,26.142383575439453,0.9304168217763774,0.4149769859384083,7.174411296844482,3.542471009388615,9.265786170959473,2.4651246070861816,37.48575210571289,0.5473253726959229,1.7975717782974243,0.8246182203292847,0.032467570155858994,14.885501861572266,0.533327263190857,0.018054561192038125,0.41253724694252014,0.4668114185333252,0.5049433704032136,3.67631177966045,6.13836669921875,46.50204849243164
220358.jpg,7.3507,0.5552011728286743,0.40611049353288303,0.8784335976660825,6.62915563583374,49.937374114990234,0.9044706768849796,0.4628253183766491,7.258293628692627,2.8199267705192934,16.120014190673828,4.8845343589782715,39.411617279052734,0.7189720869064331,1.7819056510925293,0.7702624797821045,0.02048485539853573,16.88567352294922,0.6774334363207887,0.013824444952101484,0.42809414863586426,0.48257797956466675,0.5283515309230504,3.707282519479585,22.02655029296875,50.88182830810547
220363.jpg,7.4499,0.5868511199951172,0.38014355844555986,0.8782948674631494,7.207925319671631,96.75749969482422,0.9141507351063372,0.5316989496144683,7.687871932983398,2.8312776630784207,28.051921844482422,9.571227073669434,54.69547653198242,0.7182019948959351,1.7045745849609375,0.6950189471244812,0.029331766068935394,15.326618194580078,0.7124314245457452,0.00931709675928538,0.4470672011375427,0.4947645962238312,0.48837319762577786,3.796807653230127,37.60418701171875,62.33730697631836
220365.jpg,7.4393,0.6016228795051575,0.39737968274413726,0.8724663601213019,7.224416255950928,98.60100555419922,0.9292920080210859,0.5498291424125858,7.714942455291748,2.9683062485030227,29.759191513061523,9.727129936218262,55.14900588989258,0.6691380739212036,1.7121813297271729,0.742851197719574,0.03555334359407425,14.491195678710938,0.7296333065111753,0.007553522164343832,0.45149898529052734,0.49383947253227234,0.5187099555178393,3.5361315845679577,34.88397216796875,56.75275421142578
220369.jpg,7.4763,0.5726842284202576,0.4491662794376856,0.8717447538958337,7.077796936035156,72.4020767211914,0.9310984415404708,0.509921581567179,7.685861110687256,3.315676974142187,23.380556106567383,7.076241970062256,57.42029571533203,0.6698271036148071,1.6997933387756348,0.8040518760681152,0.038670651614665985,14.126185417175293,0.73342796702851,0.005961510074625149,0.43757009506225586,0.48387134075164795,0.5563331358363769,3.592992522748476,28.68328857421875,59.59152603149414
220371.jpg,7.382,0.5369650721549988,0.49934073860686523,0.8651232440164786,6.6113152503967285,37.1753044128418,0.9306063286612782,0.4458010133024531,7.281486988067627,3.4686303685882205,13.231649398803711,3.520479917526245,44.1590576171875,0.6290963292121887,1.7347707748413086,0.7962135076522827,0.031545914709568024,15.010568618774414,0.5737970445925665,0.014694815469919097,0.42661285400390625,0.4780236482620239,0.5012588841228712,3.550101002484018,6.68426513671875,55.09295654296875
220372.jpg,7.3412,0.5526161193847656,0.4778838121256601,0.8678677505807418,6.580181121826172,42.0771598815918,0.9188876601366502,0.44249785187543655,7.370272636413574,3.333356970272831,14.105371475219727,3.969007968902588,46.10416793823242,0.6240049004554749,1.7656879425048828,0.7856307029724121,0.038459017872810364,14.150018692016602,0.5814476009246502,0.015674827175194365,0.42404210567474365,0.4917461574077606,0.49121841277381734,3.4099744380809764,9.62518310546875,53.143863677978516
220375.jpg,7.3232,0.5458012819290161,0.5349002109914686,0.8676660589230981,6.160659313201904,24.307659149169922,0.9401219702910008,0.42017757716319076,7.0375823974609375,3.529880824815608,8.669989585876465,2.298201322555542,34.50798797607422,0.5039801597595215,1.779487133026123,0.877006471157074,0.028521515429019928,15.448274612426758,0.5367730087690243,0.027824925562447048,0.4036186933517456,0.4597819149494171,0.5422639991200089,3.703970030153313,5.97235107421875,47.237815856933594
220379.jpg,7.369,0.5583769083023071,0.42284110118601553,0.8882761091991015,7.038865566253662,95.02349853515625,0.9235718443393968,0.5432864357985411,7.659013271331787,3.107441376363264,28.39569664001465,9.411646842956543,55.406681060791016,0.7737737894058228,1.716844081878662,0.7688480615615845,0.02555718645453453,15.924869537353516,0.7345225129495451,0.007636176376802237,0.4457111358642578,0.49474212527275085,0.5001190540066403,3.6176177861026018,36.84393310546875,58.42797088623047
230009.jpg,7.3259,0.503699779510498,0.6907342602267879,0.8782695834454791,5.187459945678711,27.913928985595703,0.9617506371983705,0.450798169641973,7.117609024047852,4.249779129999377,10.419443130493164,2.516057252883911,38.8774299621582,0.585528552532196,1.711141586303711,0.8819375038146973,0.03922254219651222,14.064643859863281,0.5965997506402939,0.012741879546672344,0.41367417573928833,0.4699143171310425,0.6156238665209055,4.210589140011099,17.81805419921875,49.557064056396484
230018.jpg,7.2986,0.48158034682273865,0.680837729324774,0.8771731573448878,5.126209735870361,28.337575912475586,0.965070942568366,0.44355453899949177,7.034806251525879,4.139851978782147,10.52436351776123,2.562635898590088,36.79762268066406,0.5657512545585632,1.680523157119751,0.885969877243042,0.03310621529817581,14.800905227661133,0.61257339383227,0.011693775394768225,0.4065797030925751,0.465886652469635,0.6096560601816173,4.148466208394338,18.15594482421875,48.07350158691406
230021.jpg,7.3185,0.5154986381530762,0.5609179375113648,0.8720080979144293,5.781418800354004,37.62845230102539,0.942148851278878,0.42842262715489215,7.118791103363037,3.617989938530064,13.540011405944824,3.5200257301330566,38.74774169921875,0.586814820766449,1.6847221851348877,0.8663194179534912,0.03434101492166519,14.641868591308594,0.6158046601741927,0.013891801362854077,0.409085750579834,0.47325655817985535,0.5381927240066908,3.7965032844958517,12.70184326171875,53.42219543457031
230022.jpg,7.3038,0.5074265003204346,0.6843963991991461,0.877618569565922,5.185973167419434,31.051523208618164,0.9606373563719353,0.44836309520059925,7.158892631530762,4.224403671218276,11.400543212890625,2.818145513534546,39.089290618896484,0.5673535466194153,1.7164576053619385,0.8605844974517822,0.04118531569838524,13.85257625579834,0.6084859586701055,0.013143295919753039,0.4150804877281189,0.4659009575843811,0.6081438478292849,4.14560844195578,15.40643310546875,50.31360626220703
230026.jpg,7.2937,0.49999937415122986,0.6772789849720185,0.8772454383490117,5.373342990875244,30.342273712158203,0.9567897924859331,0.4653313081780372,7.188717842102051,4.254022330761966,10.903107643127441,2.750807523727417,39.7308464050293,0.5898159742355347,1.691694736480713,0.9087990522384644,0.03749484568834305,14.260284423828125,0.6129462768511172,0.012339079755011709,0.41949164867401123,0.48063722252845764,0.6180100981964006,4.0547614913701056,17.49676513671875,50.48160171508789
230027.jpg,7.343,0.5058711767196655,0.587652717409675,0.8732486273949578,5.653663158416748,36.537452697753906,0.9461694443885188,0.44154707231744983,7.144407272338867,3.7604215062712996,12.829506874084473,3.384899854660034,38.71354293823242,0.571769118309021,1.696248173713684,0.8734159469604492,0.03576061502099037,14.465950965881348,0.6187830718098307,0.012644768702084946,0.4139772653579712,0.46497297286987305,0.5603301772151469,3.8759815390821615,14.85321044921875,52.11859893798828
230028.jpg,7.3422,0.5067612528800964,0.654457318242889,0.8758983524316466,5.451291084289551,30.67084312438965,0.9531338189459897,0.44902729874817054,7.157011985778809,4.125810200929578,11.32858657836914,2.793984889984131,39.20787048339844,0.5811055898666382,1.6983773708343506,0.8671492338180542,0.03766400367021561,14.24073600769043,0.5964873521833017,0.01308079855588044,0.41488030552864075,0.4634000062942505,0.5839067834420192,3.9585612006915407,13.94647216796875,51.805328369140625
230031.jpg,7.306,0.5016067624092102,0.6983017399462078,0.8767096210011566,5.138084411621094,28.623157501220703,0.9632205761997963,0.4462920338509885,7.1089863777160645,4.276088081499905,11.060649871826172,2.5860955715179443,38.29818344116211,0.5915533304214478,1.6941885948181152,0.8922529220581055,0.03753209114074707,14.255972862243652,0.6110650881505115,0.012764080790514576,0.4078735113143921,0.4713159203529358,0.6156801967473775,4.223702222059221,18.88641357421875,48.742286682128906
230035.jpg,7.3094,0.48889827728271484,0.6739097789181133,0.8774016416365437,5.1947245597839355,29.169580459594727,0.9626289798419055,0.4421696746419473,7.049169063568115,4.1256523912522365,10.967400550842285,2.644780397415161,37.637367248535156,0.5800974369049072,1.6857900619506836,0.8777684569358826,0.03508681058883667,14.548561096191406,0.6096577015410668,0.01264690129614772,0.40566498041152954,0.4644390046596527,0.6072501870943233,3.995616101239126,16.77020263671875,48.601226806640625
230037.jpg,7.3428,0.4879879057407379,0.6847198705918822,0.877976195785943,5.193558216094971,28.289173126220703,0.9580480295234164,0.4478818818614282,7.169951438903809,4.232782715880386,10.584033966064453,2.575052499771118,38.73400115966797,0.5848063230514526,1.6887151002883911,0.8874234557151794,0.03584649786353111,14.455533027648926,0.6021673950183388,0.013150311198338736,0.40781915187835693,0.4768197536468506,0.6031425054764464,4.15626302621203,14.41571044921875,50.084957122802734
230039.jpg,7.3591,0.5059447288513184,0.6079399205407033,0.8761832332811317,5.72654390335083,33.485206604003906,0.9504262112673102,0.47199248333703014,7.1658124923706055,3.918900369991686,11.12095832824707,3.096386432647705,39.34288024902344,0.5960785150527954,1.668614387512207,0.9391802549362183,0.03323405608534813,14.78416633605957,0.6214578307534377,0.014935337219536219,0.42141810059547424,0.4845723509788513,0.5964805915255,3.798277062345588,18.86834716796875,49.062828063964844
230045.jpg,7.3229,0.5007733702659607,0.6887232233375113,0.8763206463186162,5.183016777038574,29.394132614135742,0.9625241207595142,0.4600998837387624,7.096588134765625,4.228637224194074,11.140501976013184,2.6553030014038086,38.249977111816406,0.5914395451545715,1.6905628442764282,0.891424298286438,0.0375392772257328,14.255141258239746,0.6138219789548548,0.012789377147810654,0.41407856345176697,0.4716293215751648,0.62054494045817,4.217980323135172,17.51190185546875,48.20770263671875
230048.jpg,7.3224,0.5006786584854126,0.6496065734548315,0.8761667686841135,5.423022270202637,34.170616149902344,0.9562136925281064,0.472752187032077,7.207681655883789,4.102506030631304,11.598612785339355,3.1148574352264404,40.15070343017578,0.6300783157348633,1.6908698081970215,0.8809747695922852,0.036646768450737,14.359643936157227,0.6217978688407905,0.014655935576304421,0.41922667622566223,0.48491618037223816,0.6047705228211917,3.887776288057552,12.79071044921875,49.07047653198242
230052.jpg,7.3164,0.48618993163108826,0.6661601298854491,0.8770308650705058,5.215419292449951,29.693140029907227,0.9618478797205946,0.4506234912511537,7.042769432067871,4.082970676774741,11.016182899475098,2.6930572986602783,37.409820556640625,0.5839018821716309,1.6777458190917969,0.8843976855278015,0.034384146332740784,14.636417388916016,0.612373762328093,0.012236554678233917,0.40813368558883667,0.4655413329601288,0.6096456134590582,3.936229121211379,15.37078857421875,49.294952392578125
230059.jpg,7.3481,0.502861499786377,0.6997617426437159,0.8783695865067663,5.086867332458496,28.220489501953125,0.9622894563286615,0.44569196721021564,7.104670524597168,4.265598592022451,10.757865905761719,2.55084490776062,38.40923309326172,0.5805141925811768,1.705687165260315,0.8847721815109253,0.039358995854854584,14.049559593200684,0.6042891835779517,0.012067479176648438,0.41237950325012207,0.4738428294658661,0.6178348715571602,4.2197134125846985,17.37908935546875,49.433406829833984
230062.jpg,7.2859,0.4816339612007141,0.6787911064377005,0.8763231949804654,5.150572776794434,33.74281311035156,0.9622358937763154,0.46495258870323114,7.152806282043457,4.175724536613515,11.828507423400879,3.0839099884033203,38.86008834838867,0.5499293804168701,1.7051793336868286,0.9139620065689087,0.03812316432595253,14.1881103515625,0.6377921974624093,0.01159824315164772,0.41361546516418457,0.4777786135673523,0.625690719678077,4.016146643224009,6.65985107421875,48.65791320800781
230082.jpg,7.3241,0.5087588429450989,0.6487925079648623,0.8764006921502229,5.439010143280029,31.613534927368164,0.9544259587773152,0.44657716553735594,7.121762275695801,4.074679634863031,11.535280227661133,2.884934186935425,39.392982482910156,0.5693767070770264,1.7131447792053223,0.8671586513519287,0.03920890390872955,14.066152572631836,0.6045866003375141,0.012962272403170019,0.4138944149017334,0.46571990847587585,0.5832015052163643,3.90885575006823,13.57147216796875,50.89836883544922
230088.jpg,7.3165,0.49482282996177673,0.6307564192036449,0.8760577807165538,5.351211071014404,32.34193801879883,0.9538283802319949,0.4384062067585708,7.1114115715026855,3.930450929344545,11.911388397216797,2.946967601776123,38.4376335144043,0.5908743739128113,1.6818370819091797,0.8459664583206177,0.03544916212558746,14.50394058227539,0.6014030803773148,0.014459503012249613,0.4078896641731262,0.46487677097320557,0.573486669993553,3.955924838102724,15.78826904296875,49.92913055419922
230097.jpg,7.3432,0.515023410320282,0.5998882420491057,0.8759328182428393,5.865170478820801,39.349483489990234,0.9502637430350881,0.4816806646882128,7.283426284790039,3.9438553979876723,13.954935073852539,3.6738197803497314,42.32685470581055,0.6546123027801514,1.7060338258743286,0.9101063013076782,0.03558371216058731,14.48748779296875,0.6344200872930134,0.014215116439961458,0.42843782901763916,0.49928170442581177,0.5777481101196722,3.8343237757269666,15.89617919921875,52.93581008911133
230105.jpg,7.4007,0.5037660002708435,0.6920589740549221,0.8778980044656588,5.125954627990723,30.487838745117188,0.9619524824401463,0.44428382930008825,7.141295433044434,4.244843272957073,11.156527519226074,2.758125066757202,39.08469009399414,0.5594253540039062,1.715362548828125,0.8786507248878479,0.04165452718734741,13.803378105163574,0.6152515238738959,0.01298522628821692,0.4146082103252411,0.4699173867702484,0.6143560399175066,4.1387908253624115,16.39813232421875,50.190696716308594
230107.jpg,7.3591,0.499796599149704,0.6414348715685603,0.8753358008930249,5.49426794052124,33.01707077026367,0.9555206642325698,0.45485223845573053,7.12850284576416,4.048354337312624,11.786046028137207,3.0243687629699707,38.5496711730957,0.5925747156143188,1.6861686706542969,0.9114594459533691,0.0349658839404583,14.563555717468262,0.6250598664868136,0.01356114533077196,0.4131855368614197,0.4745851755142212,0.5969803889719127,3.8761467994259133,17.45574951171875,50.13085174560547
230108.jpg,7.3651,0.5079696774482727,0.6643754609653624,0.87482787805129,5.390430450439453,30.120990753173828,0.9579945474328432,0.4609963871282882,7.143810272216797,4.16373341672708,11.323769569396973,2.7397782802581787,39.65321731567383,0.6070035696029663,1.6911544799804688,0.9014780521392822,0.03918827325105667,14.068439483642578,0.6115555593843112,0.01272411699105676,0.4165790379047394,0.47508421540260315,0.6102569588987765,4.0521151754541425,17.33905029296875,51.1816520690918
230110.jpg,7.3545,0.5050639510154724,0.70197979715436,0.877818183533863,5.123326301574707,29.956634521484375,0.9622424838599235,0.45890351300540755,7.165607452392578,4.313304593516991,11.179131507873535,2.7134644985198975,39.11764907836914,0.5578495264053345,1.7206350564956665,0.8913646936416626,0.04095546156167984,13.87688159942627,0.6191170194967273,0.011859768964233424,0.41525566577911377,0.47359055280685425,0.6222876744712991,4.097507376159601,14.95184326171875,50.677101135253906
230115.jpg,7.3553,0.5020151734352112,0.6663145403431319,0.8770120021889358,5.322303771972656,30.40589714050293,0.9594454306185519,0.45191460351764834,7.150506973266602,4.155420095371198,11.459071159362793,2.770353317260742,39.1224250793457,0.5814679861068726,1.7100379467010498,0.8829892873764038,0.03814129903912544,14.186044692993164,0.6061527278651142,0.012336889287567123,0.4159374237060547,0.46935155987739563,0.5992260631721903,4.199896586416547,13.64910888671875,50.333213806152344
230117.jpg,7.4225,0.4971850514411926,0.6926007403488211,0.877535660838901,5.149788856506348,28.644262313842773,0.9623648062323593,0.44757187512515256,7.070850372314453,4.232024844912361,10.82936954498291,2.596107244491577,37.627628326416016,0.5736039876937866,1.7058839797973633,0.8761757612228394,0.03812006488442421,14.188465118408203,0.6063438045023236,0.01202791936779477,0.4116227626800537,0.46444982290267944,0.6147184539210817,4.228511030514983,16.02362060546875,49.40909957885742
230118.jpg,7.3677,0.5132331848144531,0.6218543865604975,0.873901160332049,5.739959239959717,34.82117462158203,0.9566197617359697,0.49154304850389546,7.266776084899902,4.044159171864244,11.7828369140625,3.1635165214538574,41.5158576965332,0.5958077907562256,1.706197738647461,0.936792254447937,0.03861446678638458,14.132499694824219,0.6339442729694897,0.01400153320912714,0.4281637966632843,0.48612701892852783,0.6191515861941351,3.561188426788709,13.47479248046875,51.79594421386719
230124.jpg,7.3941,0.5040101408958435,0.6949452192972833,0.8772432112308162,5.264593124389648,28.939672470092773,0.9622209470368676,0.4529976799957853,7.174362659454346,4.322209336259576,10.800093650817871,2.6146481037139893,39.77479934692383,0.5775899291038513,1.7101402282714844,0.9020123481750488,0.040289852768182755,13.948043823242188,0.607191030072097,0.012278964002818013,0.41394537687301636,0.4715959429740906,0.6195684833520487,4.079764016390111,16.09979248046875,50.32968521118164
230125.jpg,7.2872,0.49632176756858826,0.6555731540368422,0.8759188707973085,5.350329875946045,28.6837215423584,0.957743582390735,0.4386112741738523,7.019067764282227,4.0545343666810805,10.726471900939941,2.6066880226135254,36.59161376953125,0.5679589509963989,1.687087059020996,0.878237247467041,0.03400566801428795,14.684487342834473,0.5970950626927375,0.012803777916673713,0.40641680359840393,0.46048861742019653,0.5922907713241812,3.9886369120514718,15.94989013671875,49.59388732910156
230131.jpg,7.3734,0.5198689699172974,0.6212173037170515,0.8683112111585429,5.888181209564209,30.946075439453125,0.9583393949598131,0.49629787151422705,7.239239692687988,4.077501925842325,11.261224746704102,2.8042917251586914,42.683349609375,0.6237803101539612,1.698379397392273,0.9421670436859131,0.03491166606545448,14.570294380187988,0.611661908663054,0.013299090223379871,0.42510712146759033,0.48460981249809265,0.6030132639853375,3.934281086939453,15.67010498046875,51.67670822143555
230132.jpg,7.3209,0.49265924096107483,0.6887125143964498,0.8772178453001076,5.124879837036133,28.043262481689453,0.9636944345394632,0.4518912168955743,7.047520637512207,4.191655173968121,10.559195518493652,2.534562587738037,37.24589538574219,0.5716955661773682,1.6738457679748535,0.8945676684379578,0.036088522523641586,14.426309585571289,0.6125855119135987,0.012124255068521776,0.4085404574871063,0.4677879214286804,0.6217290506564517,4.29244271253909,18.96453857421875,47.48773956298828
230143.jpg,7.3176,0.500166118144989,0.6449957526808097,0.8752754357931405,5.4385175704956055,33.12236785888672,0.9558572132209296,0.47158845022971163,7.177177906036377,4.068547001677002,11.53079891204834,3.004967212677002,40.12608337402344,0.6069719791412354,1.6966496706008911,0.887994647026062,0.03753041848540306,14.256166458129883,0.6248407141941981,0.012273773620448337,0.4180729389190674,0.480863481760025,0.6099660471681829,3.949811205389738,14.92303466796875,50.599185943603516
230149.jpg,7.3362,0.5042944550514221,0.6206400865404262,0.876233814114569,5.576784610748291,35.36788558959961,0.9519734679290818,0.45744265365789477,7.181859016418457,3.9592740489609906,12.146089553833008,3.2558751106262207,40.26652145385742,0.5831649303436279,1.680389404296875,0.9082520604133606,0.037036504596471786,14.313699722290039,0.6237329284411733,0.013814178705184301,0.4163792133331299,0.48243647813796997,0.5936773494467937,3.6474368966613233,17.79852294921875,50.618682861328125
230154.jpg,7.3048,0.501963198184967,0.6493452800664999,0.8759082798643449,5.399408340454102,34.04533767700195,0.9562026960199161,0.4761135577373149,7.167723655700684,4.08021588907018,11.558035850524902,3.099194049835205,39.516937255859375,0.6229286193847656,1.6915079355239868,0.872052788734436,0.03666594997048378,14.35737133026123,0.6190836509563473,0.015094726875445037,0.41878920793533325,0.48233944177627563,0.6037102518341549,3.797797357298322,11.82879638671875,47.68091583251953
230157.jpg,7.3546,0.4987313449382782,0.5972892310033543,0.8724476569798331,5.824248790740967,35.299560546875,0.9492636561844052,0.4890084154765397,7.221557140350342,3.896070768162774,11.582210540771484,3.2519936561584473,42.5091667175293,0.6280245780944824,1.6750520467758179,0.9704598188400269,0.03272317349910736,14.851446151733398,0.6414995581032005,0.01186354131188359,0.42635345458984375,0.4807177782058716,0.6097276282313786,3.5731440888592125,16.08856201171875,51.00623321533203
230159.jpg,7.3572,0.49825945496559143,0.702992803482548,0.8788200492985891,5.086988925933838,29.111371994018555,0.9628201710623765,0.4436129667248084,7.113924503326416,4.2885899935144085,10.957710266113281,2.6262874603271484,39.53117370605469,0.5962992906570435,1.7062537670135498,0.8860687017440796,0.040178775787353516,13.960033416748047,0.6127241254681838,0.011585870881079994,0.4095900058746338,0.46787604689598083,0.6188996603275764,4.160460585904259,19.25360107421875,50.13090515136719
230167.jpg,7.3932,0.49698328971862793,0.6809288153204606,0.876722263779657,5.304884433746338,30.979108810424805,0.9604890636805727,0.46113442371826996,7.2160139083862305,4.2629325764318065,11.2083101272583,2.8114535808563232,40.834388732910156,0.5708817839622498,1.7288216352462769,0.9085693359375,0.04003391042351723,13.975720405578613,0.6110172399988083,0.013067076890700129,0.41393113136291504,0.47617968916893005,0.6140525163875304,4.046092359562086,12.78533935546875,48.86243438720703
230173.jpg,7.3225,0.4965258538722992,0.6942174746663112,0.8778880207980923,5.165531635284424,28.8863582611084,0.9611977569466076,0.4464550584489887,7.137751579284668,4.27058971261938,11.029492378234863,2.6146867275238037,39.81747817993164,0.5793330669403076,1.7027509212493896,0.8783307075500488,0.03909922018647194,14.078320503234863,0.6060796791566414,0.012260750286169214,0.40939438343048096,0.4651821553707123,0.6129394285961564,4.205795631450083,17.95086669921875,49.03632736206055
230175.jpg,7.4174,0.49976322054862976,0.6845582089558341,0.8775206069626891,5.189511775970459,27.84002113342285,0.9614686794353253,0.4412765823921985,7.051670074462891,4.189913112334525,10.536187171936035,2.5127644538879395,37.47914123535156,0.5796562433242798,1.7054708003997803,0.8786420226097107,0.03741949424147606,14.269021987915039,0.5990415802428175,0.012199541533711476,0.40911972522735596,0.46678128838539124,0.6084463829631367,4.157291748674775,18.56658935546875,49.92088317871094
230178.jpg,7.3274,0.5043303370475769,0.6499757456146689,0.8764177221709053,5.41342306137085,31.35089683532715,0.9538661211180758,0.4491468488375809,7.117026329040527,4.072255627401336,11.494424819946289,2.853926420211792,39.59244155883789,0.5652434229850769,1.7024335861206055,0.8706786632537842,0.03888481482863426,14.102200508117676,0.608121280254319,0.012624690593456434,0.41426023840904236,0.4665393531322479,0.5920209364060713,3.904250373124229,12.95574951171875,49.461883544921875
230179.jpg,7.2888,0.5087615251541138,0.6466833774411366,0.8765922712833673,5.436578273773193,31.851776123046875,0.9531720126119186,0.4546254318364746,7.144257545471191,4.067920965595549,11.414955139160156,2.9033002853393555,39.0483512878418,0.5779627561569214,1.7150570154190063,0.8709534406661987,0.038401857018470764,14.156478881835938,0.6046878815031524,0.013176321737890516,0.41803985834121704,0.4726438820362091,0.5908414751482577,3.936741234417595,14.68084716796875,50.69152069091797
230186.jpg,7.5455,0.49267417192459106,0.6665763208594923,0.876810397788546,5.156635284423828,29.0561580657959,0.9604768667753874,0.44192463866717424,7.03867244720459,4.064564254608927,10.905848503112793,2.629774570465088,37.3093376159668,0.5760840177536011,1.688712477684021,0.8879712224006653,0.03610753268003464,14.424022674560547,0.6057590083868304,0.01220614604874634,0.40814799070358276,0.4632444679737091,0.6078004505780897,4.085184491651384,18.27117919921875,50.486446380615234
230199.jpg,7.2779,0.49251529574394226,0.6626081490587673,0.8771845590278322,5.226850986480713,31.23101234436035,0.9586888687425081,0.44113685839623895,7.146333694458008,4.099298506895369,11.328608512878418,2.831369638442993,39.213829040527344,0.5728588700294495,1.6836621761322021,0.8798299431800842,0.037635013461112976,14.24407958984375,0.6151852572685644,0.013187681719210233,0.40838953852653503,0.47156280279159546,0.6049520758763428,4.081707027821748,15.89422607421875,48.81580352783203
230204.jpg,7.2908,0.4753205478191376,0.6920420312427982,0.8774889858571435,5.072741508483887,26.518234252929688,0.9647177613908176,0.4365280121460405,7.001408576965332,4.177922590814642,9.90537166595459,2.3929851055145264,36.19203567504883,0.5712746977806091,1.6647281646728516,0.8936691880226135,0.03280477970838547,14.840629577636719,0.6059476149671069,0.012054712486529033,0.40062716603279114,0.46247339248657227,0.6154390623555807,4.080944541066137,18.71014404296875,48.15582275390625
230205.jpg,7.3324,0.5122584700584412,0.5799528121177046,0.8727639960010444,5.701406955718994,37.423736572265625,0.9469928980385266,0.4383622215354402,7.092653274536133,3.7099861185447196,13.463604927062988,3.4901764392852783,37.895870208740234,0.5846468806266785,1.6893742084503174,0.8942978978157043,0.033994175493717194,14.685955047607422,0.6292409655154183,0.011912808144338089,0.41325539350509644,0.47079434990882874,0.5597160918185833,3.8876551551614673,14.26092529296875,51.72718048095703
230210.jpg,7.3549,0.5056285262107849,0.6665152412430475,0.8741125424618135,5.426384449005127,29.383222579956055,0.9572505626643404,0.45775249142353447,7.121429443359375,4.1816671548928355,11.359757423400879,2.67090106010437,38.99820327758789,0.6137075424194336,1.6914936304092407,0.9001709222793579,0.036495789885520935,14.377573013305664,0.6063179203449669,0.012275336123615676,0.41464099287986755,0.4771134853363037,0.6000456119483307,4.0547109500357505,17.17010498046875,51.623294830322266
230212.jpg,7.3326,0.4902268350124359,0.6350549219891133,0.8738395272482672,5.475240707397461,34.06330871582031,0.9572586743609843,0.4749606441978725,7.110428333282471,3.9963073658057304,12.407633781433105,3.1253998279571533,38.38175582885742,0.6197836399078369,1.6885223388671875,0.9048264026641846,0.03381914645433426,14.708374977111816,0.6353827768797674,0.011776113406020836,0.4179069697856903,0.477408230304718,0.600935578871351,3.8317115218591487,14.73211669921875,50.49385070800781
230213.jpg,7.352,0.4783175587654114,0.667097169908879,0.8757816952750554,5.211747646331787,28.567245483398438,0.9601766346985458,0.43812481589629226,7.016714572906494,4.078798609813541,10.76295280456543,2.5964853763580322,36.148738861083984,0.5587615370750427,1.6630668640136719,0.8880970478057861,0.03207649663090706,14.938131332397461,0.6094303044634898,0.011953542240690136,0.405272901058197,0.46233639121055603,0.6016655313538116,3.968733656776158,17.67108154296875,48.321929931640625
230219.jpg,7.3142,0.5024144053459167,0.5786957131718512,0.8738785159866465,5.698447227478027,39.24576950073242,0.9439522032976735,0.4505413621015639,7.179271697998047,3.726151056686726,13.403829574584961,3.6593925952911377,39.746559143066406,0.6066887378692627,1.6715607643127441,0.9252820611000061,0.035017963498830795,14.557092666625977,0.6462182315733505,0.010898093754756092,0.4134313464164734,0.475912868976593,0.5772887826172668,3.7036677344394375,17.12664794921875,51.15009307861328
230220.jpg,7.3271,0.5052417516708374,0.6730133590576766,0.8750307271991336,5.395779132843018,29.29334831237793,0.9588923077653068,0.4612682498159833,7.183930397033691,4.233168767497997,11.058633804321289,2.6489362716674805,40.089630126953125,0.6000097990036011,1.6922054290771484,0.8957706689834595,0.03779604658484459,14.225536346435547,0.6045967764081426,0.01230414304921171,0.4166015684604645,0.47177261114120483,0.6050926598933201,4.023696338012124,17.84051513671875,50.73619079589844
230225.jpg,7.4205,0.4988848865032196,0.6655568541199866,0.8764937351678788,5.307126045227051,29.742902755737305,0.9558856331874606,0.4479068696562243,7.140840530395508,4.142426849067032,11.129154205322266,2.6985785961151123,39.48611831665039,0.5741263628005981,1.6981840133666992,0.8946496248245239,0.038508735597133636,14.1444091796875,0.6110993972114586,0.0117587118170323,0.4106415808200836,0.46839484572410583,0.6060135518679418,4.047601363164612,16.38201904296875,50.75389099121094
230232.jpg,7.2953,0.5095797181129456,0.6659864288070638,0.8759040660843904,5.4211273193359375,29.007617950439453,0.9589020374548268,0.4647301966885353,7.168464660644531,4.192260983280729,10.892963409423828,2.6316401958465576,39.249847412109375,0.6049292087554932,1.706426978111267,0.9050353765487671,0.03750389441847801,14.259235382080078,0.6046513801427311,0.012349567325679791,0.41824716329574585,0.47619351744651794,0.6097837697229985,4.105563175648631,18.74920654296875,50.40304183959961
230234.jpg,7.3088,0.5017666220664978,0.6669844056999227,0.8773718969516052,5.289071559906006,30.164541244506836,0.9562396397719951,0.43030238873123017,7.135557174682617,4.143529070345345,11.25905704498291,2.7445569038391113,39.20793151855469,0.5832177400588989,1.699164867401123,0.8779301047325134,0.03875499591231346,14.116724014282227,0.6063010892866211,0.01307292420689826,0.40378808975219727,0.46510908007621765,0.5921016697655453,3.921170561515208,17.97674560546875,50.67625427246094
230237.jpg,7.3592,0.5096370577812195,0.6061471969633978,0.8755682371798381,5.556970119476318,33.03731918334961,0.9421346072939397,0.4201812800317901,7.12199592590332,3.8426713043306595,12.316183090209961,3.031367540359497,38.75083923339844,0.6072339415550232,1.7069947719573975,0.8326276540756226,0.03613758832216263,14.420408248901367,0.5925623739599043,0.014820448133557021,0.40662363171577454,0.4735358953475952,0.5407532616254292,4.012733673905195,13.47283935546875,51.782169342041016
230240.jpg,7.3368,0.5144238471984863,0.6154278614143607,0.8737237223209675,5.596538066864014,34.71504211425781,0.9497833307649204,0.47069603776502034,7.250728130340576,3.953294081840477,12.51660442352295,3.1661248207092285,40.622615814208984,0.6052111387252808,1.7177543640136719,0.8736222386360168,0.03860229253768921,14.133869171142578,0.6087706292854477,0.01477123676030608,0.4264187812805176,0.4840855300426483,0.5881280816036119,3.8554636066086463,14.26385498046875,53.138328552246094
230242.jpg,7.3523,0.4990692138671875,0.6687164614171519,0.8772976854415302,5.270186424255371,31.228839874267578,0.9602275198793905,0.4568616859620429,7.159642696380615,4.1560280385164035,11.451936721801758,2.8415908813476562,39.310237884521484,0.57533198595047,1.7053358554840088,0.891291618347168,0.038151923567056656,14.184836387634277,0.6191190606567849,0.011739458896673452,0.41458892822265625,0.4691557288169861,0.6121170045161878,4.114186070569128,15.72625732421875,49.85822677612305
230243.jpg,7.3171,0.4994884431362152,0.7035399246484593,0.877582341686269,5.1642231941223145,28.467105865478516,0.9623959462974385,0.4456613550469114,7.098225116729736,4.313573782309932,10.49197769165039,2.5699222087860107,38.21347427368164,0.5984294414520264,1.6838258504867554,0.9054732918739319,0.03878270089626312,14.113618850708008,0.6199299689520488,0.011938557400381751,0.40579092502593994,0.4724001884460449,0.6234739501213729,4.237493678740714,15.89764404296875,49.26189041137695
230245.jpg,7.3446,0.4977090060710907,0.6867170488831075,0.8770803363086819,5.22173547744751,28.08514976501465,0.9611495215713788,0.4533279568411893,7.124146461486816,4.239076500010503,10.4260835647583,2.5358970165252686,38.39646530151367,0.5980945825576782,1.6972522735595703,0.8941745162010193,0.037125617265701294,14.303264617919922,0.6015795328352063,0.012232579798255365,0.4132315218448639,0.46858587861061096,0.6140182789185631,4.247990719091892,16.02215576171875,50.65974807739258
230246.jpg,7.3491,0.5026344656944275,0.5968189317863238,0.8747191248434991,5.6599531173706055,36.87876510620117,0.9478341507342783,0.44959018033441556,7.1113128662109375,3.811077942233032,13.204898834228516,3.4361321926116943,38.11040496826172,0.5900058746337891,1.687806248664856,0.9115374088287354,0.03417901694774628,14.662405014038086,0.6368951991675641,0.010293778792099504,0.4135725200176239,0.46666109561920166,0.5723896079649282,3.8417438802280257,16.64422607421875,51.55355453491211
230247.jpg,7.3088,0.5014600157737732,0.7000769582859522,0.8778276275141244,5.107341766357422,27.240686416625977,0.965381703981413,0.43383132859377727,7.069944858551025,4.26253202476177,10.220381736755371,2.4537758827209473,37.748321533203125,0.5755599737167358,1.684765100479126,0.8973200917243958,0.03768029436469078,14.23885726928711,0.6098754122488241,0.012101397694160127,0.40354281663894653,0.4659196734428406,0.6209740195168626,4.232115669184167,19.94891357421875,48.58378219604492
230250.jpg,7.3546,0.4983592927455902,0.6846269421699268,0.877947862075025,5.190432548522949,28.07368278503418,0.9618209646240935,0.44595563437684915,7.102361679077148,4.208001405957052,10.718650817871094,2.539107084274292,38.82280731201172,0.587030291557312,1.7058963775634766,0.878142237663269,0.03682352602481842,14.338746070861816,0.5997312267751163,0.012463097590331351,0.4098573923110962,0.4704084098339081,0.6025693942854992,4.250982542438197,17.90350341796875,48.463279724121094
230252.jpg,7.313,0.5155262351036072,0.6224841691128534,0.8714430121939902,5.80523681640625,31.202457427978516,0.949497507397512,0.4594730173778932,7.160155296325684,4.035387403974747,11.578011512756348,2.8544278144836426,39.386329650878906,0.6158585548400879,1.7015745639801025,0.8842567205429077,0.03448081761598587,14.624223709106445,0.5997146820282354,0.013280929703301575,0.42009246349334717,0.47814181447029114,0.5726368280029738,3.9733136056443206,14.23162841796875,51.64504623413086
230258.jpg,7.3255,0.49976658821105957,0.7134696700957702,0.8788562626195902,5.076737403869629,28.144989013671875,0.9649139866661017,0.4513579079036523,7.13701057434082,4.357082468144691,10.29975700378418,2.528888463973999,39.422271728515625,0.5722949504852295,1.6986230611801147,0.8926126956939697,0.04050331935286522,13.925093650817871,0.6202065796685227,0.010671661673337786,0.40959471464157104,0.4672481417655945,0.6328017510862105,4.1193899479223495,18.67889404296875,47.39852523803711
230260.jpg,7.4203,0.4969591200351715,0.6379864905124307,0.8875224953957025,5.559154510498047,30.83193016052246,0.9450881630338277,0.4245550321400807,7.092522621154785,4.035811590732699,11.154605865478516,2.81103777885437,38.94820022583008,0.7145788073539734,1.6968157291412354,0.8578622341156006,0.03204720839858055,14.942097663879395,0.5984014054542534,0.013410056272333255,0.39691293239593506,0.4782447814941406,0.5602200051684532,4.0813365647491056,17.12762451171875,47.175052642822266
230263.jpg,7.3167,0.5000751614570618,0.6725298046066905,0.8771440579575626,5.240626335144043,29.598209381103516,0.9580300837808425,0.4460715757978684,7.086895942687988,4.145325196689056,10.958173751831055,2.6876378059387207,37.75615310668945,0.5726531744003296,1.7058777809143066,0.8666947484016418,0.03706114739179611,14.310811996459961,0.601701215993299,0.012411669549913247,0.4108981192111969,0.458763062953949,0.5987597702885433,4.070515621973364,15.31219482421875,50.272499084472656
230270.jpg,7.3021,0.49408435821533203,0.706319629920739,0.8784435328719422,5.098081111907959,29.439390182495117,0.9651157522540997,0.4621222850313979,7.124456405639648,4.316521889505866,10.453315734863281,2.6500346660614014,38.3837776184082,0.5686081647872925,1.699561357498169,0.9051036238670349,0.03883885219693184,14.107336044311523,0.6350326085601528,0.011008253485774602,0.4146523177623749,0.47693121433258057,0.6404219283261777,4.233235373930086,16.50360107421875,48.045166015625
230271.jpg,7.3199,0.5138117671012878,0.6457962006022067,0.8747359107427582,5.55997896194458,31.048410415649414,0.9555574816321054,0.4658205139617187,7.151905059814453,4.104655000014024,11.40323543548584,2.831453800201416,39.54942321777344,0.6017330884933472,1.7031844854354858,0.888071596622467,0.03810490295290947,14.190192222595215,0.607922940344982,0.012356240778800551,0.42022475600242615,0.47397878766059875,0.598724261741781,3.9583806652042455,15.39910888671875,50.825469970703125
230272.jpg,7.3375,0.49334222078323364,0.6655814808677013,0.8775412187281024,5.235136032104492,30.863849639892578,0.9601579248703118,0.44702007860337345,7.102850914001465,4.105980069363733,11.36801528930664,2.8019425868988037,38.64511489868164,0.587194561958313,1.6917164325714111,0.8647107481956482,0.03694964200258255,14.323898315429688,0.6079229002397257,0.013117862885347078,0.4096393585205078,0.469230592250824,0.6027369926707146,4.024989108656903,15.55487060546875,48.020469665527344
230274.jpg,7.3066,0.4936768114566803,0.7013147081489483,0.8781360674066797,5.089389324188232,26.754297256469727,0.9636494754741719,0.42555609712268866,7.0792341232299805,4.267030371485138,10.110394477844238,2.4112842082977295,37.84230422973633,0.5727348327636719,1.6928379535675049,0.882815957069397,0.03756348416209221,14.252340316772461,0.6003374785012997,0.012327390199366408,0.40221357345581055,0.4643469750881195,0.6086172357223121,4.276149307325647,17.32537841796875,47.51177978515625
230282.jpg,7.266,0.4901708662509918,0.6724259138089725,0.876297104627082,5.2095046043396,28.397693634033203,0.9596150027765372,0.43897934573846914,7.025138854980469,4.113458189260086,10.9139986038208,2.586843490600586,36.09014129638672,0.5922892093658447,1.6784336566925049,0.8694185614585876,0.03301067277789116,14.813455581665039,0.5935353836114499,0.01354653563500546,0.4069764018058777,0.4600469470024109,0.5885659404129162,4.169186506185704,13.55047607421875,48.95354080200195
230289.jpg,7.3126,0.4974585473537445,0.687530343018187,0.8779031801544412,5.161041736602783,29.2744083404541,0.9642110601697255,0.4398873089468251,7.097280025482178,4.213996889293744,10.735514640808105,2.6466434001922607,38.143733978271484,0.5696489214897156,1.6964037418365479,0.8878688812255859,0.03866226226091385,14.127128601074219,0.614449771314857,0.012410956489582695,0.40793898701667786,0.4747391939163208,0.6176341820851853,4.0654571263545884,16.53631591796875,48.71527099609375
230292.jpg,7.3694,0.5072449445724487,0.6097588303349407,0.8754385004507703,5.648719310760498,34.4243278503418,0.9487597800372222,0.4602695990936657,7.140233516693115,3.8990995412496883,12.020705223083496,3.1478021144866943,39.42545700073242,0.5753269195556641,1.6994435787200928,0.8495199680328369,0.03620901331305504,14.411832809448242,0.6040437545009152,0.014422317486918305,0.4212636649608612,0.4714561104774475,0.5749063717277545,3.6245675756017763,12.32586669921875,51.006385803222656
230297.jpg,7.3907,0.5011588931083679,0.695406758631223,0.8774906909270755,5.171337604522705,29.55364418029785,0.9626086224316748,0.4587609991032209,7.143354892730713,4.281872816055094,11.11105728149414,2.673792600631714,38.90961456298828,0.5682336688041687,1.7136679887771606,0.8895045518875122,0.03889559209346771,14.100996017456055,0.614848249300935,0.012732467637160435,0.41667330265045166,0.47474685311317444,0.615000741704621,4.070289297281553,17.65203857421875,50.648075103759766
230298.jpg,7.353,0.5005692839622498,0.7178542639150558,0.877323618920907,5.012094497680664,28.691577911376953,0.9643535835295071,0.4556815843264156,7.110675811767578,4.351204525254147,10.75321102142334,2.5854365825653076,38.53886032104492,0.5951900482177734,1.6941598653793335,0.9051900506019592,0.03931180760264397,14.054770469665527,0.6246930012861952,0.011648252556864113,0.414597749710083,0.4771350622177124,0.6329396064935547,4.353553436908615,20.23895263671875,47.19080352783203
230299.jpg,7.3527,0.502576470375061,0.6471705715877509,0.8753657950956812,5.386205196380615,30.50201988220215,0.9526729150806592,0.43468501692385236,7.098882675170898,4.040002562932878,11.707639694213867,2.7809860706329346,37.93694305419922,0.5870597958564758,1.6994292736053467,0.8679356575012207,0.03627382218837738,14.404067039489746,0.5956882471459515,0.013270039222853218,0.4111967384815216,0.46718630194664,0.575673653934076,4.017246429725296,15.76678466796875,52.10161590576172
230301.jpg,7.3087,0.5102360844612122,0.6569421285211761,0.8764523012767702,5.424439430236816,29.698760986328125,0.9537074621883308,0.42665291076949696,7.1533918380737305,4.131465458671034,11.355484962463379,2.70469331741333,39.37451934814453,0.5963610410690308,1.70149564743042,0.8733583688735962,0.03874800726771355,14.117506980895996,0.5961362880369772,0.013287940896141269,0.4079933762550354,0.47848090529441833,0.579408853694572,4.109086361433187,16.15936279296875,50.06388854980469
230304.jpg,7.3428,0.5087850689888,0.6516382297325598,0.8728766217614734,5.585000991821289,29.61716079711914,0.954237580791742,0.45479763591200695,7.11627197265625,4.138329468064116,11.187274932861328,2.7005584239959717,38.8707389831543,0.6038735508918762,1.6795868873596191,0.8988529443740845,0.03541051968932152,14.50867748260498,0.5996495856175047,0.013897029799403845,0.4168436527252197,0.4768100678920746,0.5910914043878995,3.9387201167408303,16.17547607421875,50.470088958740234
230305.jpg,7.3523,0.49416252970695496,0.6611983188728819,0.8760866305442967,5.369823932647705,31.7528018951416,0.9566081906192413,0.4605809857994362,7.224674701690674,4.163742668115676,11.337240219116211,2.903411626815796,40.474937438964844,0.5760658979415894,1.7117679119110107,0.9311364889144897,0.037206314504146576,14.29383373260498,0.6207539680790707,0.012787184791542807,0.4179907441139221,0.49691569805145264,0.6124575554563616,3.710368203083427,11.77606201171875,51.50565719604492
230306.jpg,7.3107,0.5163793563842773,0.6357846577189888,0.873733674034951,5.685112953186035,29.952550888061523,0.9542940389866988,0.4613740919924251,7.158263206481934,4.082822293197209,10.90333080291748,2.731297492980957,39.327457427978516,0.6105421185493469,1.7039926052093506,0.9128175973892212,0.03616601973772049,14.416994094848633,0.6053633306171955,0.01206793258938238,0.4190441071987152,0.4809049963951111,0.5972611739475168,3.894167472567639,14.02557373046875,52.03710174560547
230308.jpg,7.3619,0.5044084787368774,0.6315797451994953,0.8758609130543946,5.511073589324951,35.909523010253906,0.9516973680293681,0.47061372572151783,7.220526695251465,4.020521828064174,12.050942420959473,3.274068832397461,40.238311767578125,0.6220571398735046,1.6935853958129883,0.8739657998085022,0.03716633468866348,14.298503875732422,0.6258683875951677,0.014140060581753947,0.4180417060852051,0.4888361096382141,0.5962134123591748,3.6844113535036773,11.95672607421875,48.10174560546875
230309.jpg,7.3234,0.5028623342514038,0.6717084525981878,0.8783412362440409,5.262272357940674,29.43783950805664,0.9563605805941647,0.44750241213487957,7.163576126098633,4.173286059668946,10.578006744384766,2.6615960597991943,39.526241302490234,0.5889859795570374,1.705629587173462,0.8976367115974426,0.03954429551959038,14.029163360595703,0.609385148011324,0.012643431636709512,0.41133588552474976,0.47224265336990356,0.6117795051254005,4.071355711072081,17.98211669921875,51.17888641357422
230312.jpg,7.2931,0.49976205825805664,0.6885037568501856,0.8805483823310418,5.23069953918457,28.55771827697754,0.9588544480564128,0.4591130861721503,7.091897964477539,4.242089739697963,10.906510353088379,2.5815773010253906,38.47801208496094,0.6320284605026245,1.7097623348236084,0.8854055404663086,0.03725384175777435,14.288290977478027,0.6039279020551537,0.01219417751024672,0.4095507264137268,0.47478318214416504,0.6146036259486802,4.281090805268479,18.85418701171875,48.94611358642578
230314.jpg,7.3749,0.5151839256286621,0.5498104177962059,0.871402530075719,5.8255085945129395,39.116241455078125,0.9361395716136504,0.42363854771316833,7.117005825042725,3.557974613825344,14.09206771850586,3.664398193359375,38.52467346191406,0.5986617207527161,1.6968077421188354,0.8573921918869019,0.03379910811781883,14.710947036743164,0.6224572975208255,0.013242757643079235,0.40847349166870117,0.4731093645095825,0.5300790889678335,3.945419705999829,15.62030029296875,53.082725524902344
230319.jpg,7.3114,0.511915385723114,0.6021021174870382,0.8750562275671185,5.658585548400879,35.17676544189453,0.9463249540122387,0.45620181920732095,7.134348392486572,3.8513374939518314,12.401819229125977,3.2565460205078125,38.820919036865234,0.5872555375099182,1.6970431804656982,0.891928493976593,0.03672736883163452,14.350101470947266,0.6198919596704714,0.012532222911104984,0.41868501901626587,0.4757134020328522,0.5770467616804492,3.858190023688036,14.72576904296875,52.301239013671875
230321.jpg,7.3112,0.5008653402328491,0.6324823909781003,0.8744276238344472,5.4394755363464355,34.16567611694336,0.9577088167386845,0.4633076940005335,7.158199787139893,3.98391554916625,12.185982704162598,3.140535593032837,38.558738708496094,0.6144688725471497,1.6888816356658936,0.9107069373130798,0.03445544093847275,14.627422332763672,0.6263095668738049,0.013539752274179702,0.41889965534210205,0.48104044795036316,0.602102963191787,3.870687786453391,14.60516357421875,50.23431396484375
230323.jpg,7.2964,0.5025097727775574,0.6977695351017332,0.8782299782352526,5.162630558013916,29.01792335510254,0.9607918896383713,0.4604561852628747,7.145086765289307,4.293988023747897,10.517112731933594,2.6143269538879395,39.46175003051758,0.5851314663887024,1.6935172080993652,0.907286524772644,0.04004940018057823,13.974040985107422,0.6174472814508748,0.011977003958851703,0.4154178500175476,0.4748632311820984,0.634408146383109,4.142715463322177,17.72674560546875,49.00151062011719
230327.jpg,7.3252,0.48914748430252075,0.6389624196009241,0.8732589040073921,5.470659255981445,34.9937858581543,0.9602313295385637,0.47679138643784297,7.205935478210449,4.049945619399905,12.122696876525879,3.2152955532073975,39.68524169921875,0.582532525062561,1.7125720977783203,0.9379321336746216,0.03659715875983238,14.365528106689453,0.6406961184480763,0.012747677286290554,0.4202958345413208,0.4817882180213928,0.6195615869032344,3.920840105043642,5.26336669921875,50.321754455566406
230331.jpg,7.3116,0.4865623116493225,0.6900718100435841,0.8780880969673703,5.15478515625,27.98676109313965,0.9625594524360817,0.449747757139014,7.080090522766113,4.221484388244919,10.601751327514648,2.5350968837738037,37.487205505371094,0.5960954427719116,1.694446325302124,0.8723320960998535,0.03415236622095108,14.665793418884277,0.6015802455832501,0.01239023973916757,0.40857452154159546,0.46964579820632935,0.6046554564101329,4.215273228890166,18.21649169921875,46.887962341308594
230335.jpg,7.2885,0.49578800797462463,0.6851417041070138,0.8775891392400528,5.17388916015625,28.03268814086914,0.9618645177667672,0.4450002616050263,7.089798450469971,4.20119453158682,10.782261848449707,2.538564443588257,37.83170700073242,0.5880089998245239,1.6958333253860474,0.8808138370513916,0.03626695275306702,14.404890060424805,0.5983703645798496,0.013140394319885416,0.4104706943035126,0.4740774631500244,0.6062866950597383,4.312133003126184,17.86395263671875,48.884857177734375
230336.jpg,7.3204,0.49228382110595703,0.6610677862209556,0.8773787190924787,5.232234954833984,31.1661434173584,0.961528113623986,0.43795623578919207,7.098543167114258,4.075752421685992,11.352513313293457,2.829376697540283,39.73596954345703,0.5713738203048706,1.6953978538513184,0.8626813888549805,0.03751300275325775,14.258182525634766,0.6137749055177898,0.012737576695708816,0.4027838706970215,0.4595654308795929,0.6011108761924825,4.021009032362735,15.99481201171875,48.581153869628906
230337.jpg,7.3557,0.5153312683105469,0.5918488013961201,0.8724536125467743,5.8781023025512695,36.33279037475586,0.9509478216743856,0.47970621520252577,7.254328727722168,3.886217366206859,12.516063690185547,3.321183919906616,41.65330123901367,0.609157919883728,1.700812816619873,0.8752195835113525,0.036559395492076874,14.370011329650879,0.6197375910367072,0.01415541891581729,0.4278672933578491,0.4793436527252197,0.5833588303416299,3.583211827914847,13.74530029296875,51.3672981262207
230343.jpg,7.3792,0.5046167373657227,0.6590904282909382,0.8779017368022538,5.263887405395508,31.928075790405273,0.9572736878230774,0.43572044294812234,7.144453048706055,4.089121145474342,11.681083679199219,2.894587993621826,39.11432647705078,0.5856407284736633,1.7138487100601196,0.8423976302146912,0.0394086092710495,14.044088363647461,0.6048773642197325,0.014486363746333417,0.409370481967926,0.4680720865726471,0.5874567860374024,3.9602006175084536,14.42449951171875,48.58061218261719
230344.jpg,7.3757,0.5028488039970398,0.6744143533271919,0.8773402707463185,5.287989616394043,29.22049903869629,0.959763554693462,0.4400016492463641,7.1296067237854,4.187315191381,10.994817733764648,2.641970157623291,38.57083511352539,0.5844975709915161,1.706303358078003,0.8753916025161743,0.03804410994052887,14.197126388549805,0.605833646059915,0.012629796603817503,0.4104944169521332,0.47079944610595703,0.6001553538088751,4.123547412597863,17.59979248046875,50.81064224243164
230348.jpg,7.3251,0.5012294054031372,0.6930752486105209,0.8782949707569089,5.165308475494385,28.690052032470703,0.9600347893468495,0.45428495970320343,7.129312515258789,4.26056120671403,10.787282943725586,2.593355894088745,38.90757369995117,0.5844442844390869,1.7087156772613525,0.8852872848510742,0.038457248359918594,14.15021800994873,0.6036269253061668,0.011852446634970159,0.41328370571136475,0.4755062162876129,0.6156883090928672,4.145203106725165,17.72430419921875,49.69646453857422
230349.jpg,7.3258,0.5072392821311951,0.6105014127914494,0.8765907784221145,5.685388565063477,35.583248138427734,0.9517554774362375,0.47163822930478017,7.199252605438232,3.9330572523985463,11.85498332977295,3.2934281826019287,40.30609893798828,0.5941921472549438,1.6873515844345093,0.9242568612098694,0.03571104630827904,14.471975326538086,0.6239909281915217,0.014903844946824847,0.42487502098083496,0.48942381143569946,0.5956456519114219,3.824677080775071,18.82196044921875,48.651153564453125
230353.jpg,7.3295,0.5056208968162537,0.6935769306493871,0.8782668848977182,5.17478609085083,28.68804931640625,0.9615886231151397,0.4524152427798529,7.127584457397461,4.266332765818499,10.76117992401123,2.5905258655548096,39.261688232421875,0.5855827331542969,1.7084264755249023,0.8792076706886292,0.04010879993438721,13.96760368347168,0.6011215166404787,0.012891637573687982,0.4135100841522217,0.46736329793930054,0.618625043365325,4.126787785588794,17.36834716796875,49.33910369873047
230356.jpg,7.3514,0.499380499124527,0.7011237345735,0.8786253895458899,5.138795375823975,27.59101676940918,0.9637145239765877,0.4304744741956828,7.125985622406006,4.299577410660611,10.20881462097168,2.4808993339538574,38.86299133300781,0.5786170959472656,1.6952893733978271,0.8855617046356201,0.039687320590019226,14.013482093811035,0.6073625330647409,0.012167752340027989,0.40523815155029297,0.47110673785209656,0.6154853456627944,4.1914416762501014,18.44158935546875,49.11699676513672
230361.jpg,7.3202,0.5091342926025391,0.6644692321284802,0.8753649211686904,5.500452518463135,32.0850830078125,0.9559759672222544,0.46950914499841795,7.219537734985352,4.226033378308928,12.14065933227539,2.930310010910034,41.35159683227539,0.6358602046966553,1.7016569375991821,0.9179778099060059,0.03813333436846733,14.186952590942383,0.6283297107866092,0.011123829300196434,0.4168100953102112,0.47733330726623535,0.6062429720088844,3.910746600866764,16.66961669921875,51.94015884399414
230367.jpg,7.2994,0.5011181235313416,0.694030548993925,0.8776467273998773,5.1429924964904785,28.443326950073242,0.9626104005831899,0.44856020109268524,7.074981689453125,4.239836421063924,10.778672218322754,2.5754928588867188,37.7370719909668,0.5753293037414551,1.7033976316452026,0.8813468813896179,0.038309816271066666,14.166899681091309,0.6054210717381789,0.01189742013231642,0.4115281403064728,0.47217845916748047,0.6171774921156988,4.206042918708017,17.21453857421875,49.690765380859375
230369.jpg,7.3434,0.5123974084854126,0.6235933000368745,0.8722064857701614,5.717019557952881,33.48445510864258,0.9473610754168167,0.4644125420734314,7.17965030670166,4.0211497763254,11.902729034423828,3.066072940826416,39.658809661865234,0.607761800289154,1.6968790292739868,0.8932375907897949,0.03607456013560295,14.427989959716797,0.6126597629189707,0.012657078879029466,0.4236457347869873,0.48391789197921753,0.5823610395427268,3.785158983830914,16.37762451171875,50.62482452392578
230371.jpg,7.3416,0.5049493908882141,0.6064145415237687,0.8742345301694574,5.664076328277588,37.72578048706055,0.9483515089142665,0.47433384587171246,7.239171504974365,3.9123698999815915,12.798555374145508,3.4608113765716553,40.449459075927734,0.6301719546318054,1.7042893171310425,0.865996241569519,0.03643398359417915,14.384933471679688,0.6194598564463554,0.014917082362076287,0.424900621175766,0.4961743652820587,0.5808480887175753,3.5804584269278923,11.69696044921875,49.95842361450195
230372.jpg,7.3404,0.507548451423645,0.6330182556325915,0.8732371249989715,5.61300802230835,33.675594329833984,0.9541302262246627,0.4644944957510621,7.192068099975586,4.0529350021303685,11.790714263916016,3.0717830657958984,40.49190902709961,0.6089446544647217,1.6990820169448853,0.8987438678741455,0.03716433793306351,14.298735618591309,0.6241673019815728,0.012649819991249872,0.4167916476726532,0.48117125034332275,0.5982443563570361,3.739284310156875,15.64569091796875,49.41365432739258
230376.jpg,7.3278,0.48525214195251465,0.6757886719107782,0.87746219605724,5.172333240509033,28.7067813873291,0.9623645510062039,0.4384152818899203,7.034077167510986,4.124489265123598,10.820175170898438,2.6032979488372803,36.97782897949219,0.5850076079368591,1.684814453125,0.8739754557609558,0.03480959311127663,14.58301067352295,0.602775523317973,0.012432098893954831,0.4072744846343994,0.4650312662124634,0.6032990379585762,4.125225374310593,15.83807373046875,47.28904724121094
230389.jpg,7.3519,0.4886224865913391,0.6900332843265987,0.879050018606684,5.085543155670166,30.01206398010254,0.9632679546677608,0.463105859424669,7.169563293457031,4.228228195910731,10.322093963623047,2.7035000324249268,40.271080017089844,0.5500077605247498,1.6938377618789673,0.9031916260719299,0.039101492613554,14.078065872192383,0.6354068141612295,0.010395744566721172,0.4119033217430115,0.47250598669052124,0.639232258248788,4.021778177511934,18.13201904296875,48.10448455810547
230395.jpg,7.3183,0.5019187927246094,0.7081319242662674,0.8782386078072099,5.1005401611328125,28.497314453125,0.9646913029364863,0.45331174189418794,7.114214897155762,4.324842061961906,11.00359058380127,2.570363998413086,39.1723747253418,0.5822387337684631,1.7154812812805176,0.8903930187225342,0.04023873433470726,13.953557014465332,0.6152122518973224,0.01171342580967005,0.41250789165496826,0.4705008268356323,0.6232224194264774,4.299045553517714,19.68280029296875,49.06470489501953
230396.jpg,7.3808,0.49465522170066833,0.6842719982525953,0.8775894974046157,5.164111614227295,28.291797637939453,0.9624311887679179,0.45159028667702406,7.083761692047119,4.190451096794408,10.732681274414062,2.5606281757354736,37.71189498901367,0.5858585238456726,1.6961851119995117,0.8807662725448608,0.03581767901778221,14.459026336669922,0.6013450489792617,0.013121256953475852,0.41272658109664917,0.47432488203048706,0.6111689526892568,4.28299304726484,18.24822998046875,48.72333526611328
230398.jpg,7.3265,0.5023541450500488,0.6827982021982524,0.8779942718196345,5.243425369262695,29.09659194946289,0.959753362346691,0.4430046843463005,7.133734703063965,4.225563991245879,10.890328407287598,2.6357500553131104,39.10606002807617,0.5804468393325806,1.709450125694275,0.8730615973472595,0.03891889750957489,14.098395347595215,0.6009108876239523,0.012159833831726734,0.410427451133728,0.46745485067367554,0.6017064759352946,4.165318675068504,17.20965576171875,50.670989990234375
230399.jpg,7.2787,0.501591145992279,0.6026514197440963,0.8766455167002478,5.723713397979736,35.14405059814453,0.9528085649278542,0.49002964004682714,7.225244045257568,3.9018649950065143,11.756834983825684,3.234215497970581,39.83760452270508,0.622169554233551,1.6928019523620605,0.9478809833526611,0.03219202905893326,14.922515869140625,0.6291625255491609,0.014377217734324823,0.4291232228279114,0.4962233304977417,0.6069665093150821,3.618621152808088,18.42791748046875,49.568153381347656
230401.jpg,7.3245,0.49479252099990845,0.6767145423863493,0.8775523864300121,5.1699724197387695,30.2895565032959,0.9621260192836806,0.45144694124282786,7.126241207122803,4.160525992259636,11.036537170410156,2.7395026683807373,38.6294059753418,0.5791837573051453,1.6836562156677246,0.8825857639312744,0.03736788406968117,14.275015830993652,0.614374168320069,0.013021325998024363,0.4117463231086731,0.4755743443965912,0.6154284360056272,4.046397823827374,17.53680419921875,48.035133361816406
230402.jpg,7.3219,0.5141344666481018,0.6479616849121987,0.8764132959297308,5.599459171295166,35.26955032348633,0.9598188562594037,0.49161597749653607,7.279171466827393,4.172441939526518,12.796716690063477,3.256899356842041,42.287967681884766,0.6519660353660583,1.7151741981506348,0.9760684967041016,0.03748215362429619,14.261754989624023,0.6557290344800905,0.009914141601835619,0.42274942994117737,0.47470325231552124,0.6218554917650096,3.916124071153555,20.51678466796875,51.75855255126953
230408.jpg,7.3424,0.5028350949287415,0.5614244876186988,0.8738795688024465,5.731951713562012,40.3196907043457,0.9407027030949312,0.44517375458405795,7.137523651123047,3.6126297984901914,13.977356910705566,3.7527081966400146,38.68631362915039,0.6019951105117798,1.694069743156433,0.8874187469482422,0.03340235352516174,14.762228965759277,0.6378491335615416,0.011933591159966974,0.41651061177253723,0.4788234829902649,0.5558402423690608,3.6850742949310367,15.64666748046875,53.158714294433594
230409.jpg,7.3423,0.5016331076622009,0.7231154877376188,0.8793646124700084,5.048862934112549,27.795934677124023,0.9650862791135888,0.450733249444188,7.117855548858643,4.398984428923292,10.466631889343262,2.5012996196746826,39.242156982421875,0.5853111743927002,1.7099686861038208,0.8969101905822754,0.04089244827628136,13.883569717407227,0.6149965086704082,0.011019851846208456,0.41201892495155334,0.470551460981369,0.6337294822643894,4.244468966859809,19.41473388671875,48.98149871826172
230410.jpg,7.3461,0.5042445063591003,0.5948664936741543,0.8718894126021616,5.762781620025635,37.029136657714844,0.9541588710746132,0.4777222112625193,7.184367656707764,3.850923693120688,12.896163940429688,3.4309792518615723,38.86467742919922,0.6066572666168213,1.6887706518173218,0.9212393760681152,0.03296535834670067,14.819421768188477,0.6298813333975188,0.012958744419718622,0.42872655391693115,0.49299657344818115,0.5919629111462095,3.715780485825517,13.94256591796875,51.486549377441406
230413.jpg,7.2598,0.4962919354438782,0.693272584152897,0.8779328185217588,5.157749176025391,27.773962020874023,0.962865500862127,0.4479836274635739,7.098496437072754,4.248472210115258,10.564058303833008,2.507833957672119,38.45819091796875,0.5734148025512695,1.7016324996948242,0.8941817879676819,0.03857918828725815,14.136468887329102,0.6048634699441916,0.011448424328068486,0.4100329577922821,0.4689394235610962,0.6213191230098897,4.228696476029347,18.34735107421875,49.341609954833984
230416.jpg,7.2865,0.499760240316391,0.7004805788580528,0.8783451313935897,5.087986469268799,28.270654678344727,0.9634936346004301,0.4518251288036357,7.073965072631836,4.259618331942164,10.45672607421875,2.5536582469940186,37.892822265625,0.575590968132019,1.7022132873535156,0.8889472484588623,0.03888363391160965,14.102333068847656,0.6082220978072118,0.01248933149643047,0.4129319190979004,0.4730575978755951,0.6261267226633438,4.176280094415751,17.61053466796875,48.96163558959961
230420.jpg,7.3169,0.5032529234886169,0.6925984452538115,0.8775884626279832,5.157667636871338,29.196990966796875,0.9622067765657569,0.44594471356344345,7.109519958496094,4.248130326665857,11.034305572509766,2.641324758529663,38.80419921875,0.5725313425064087,1.704330563545227,0.87563556432724,0.04092135652899742,13.880499839782715,0.6084660976766436,0.012099704488860958,0.4130854606628418,0.46481427550315857,0.6157650832281043,4.231768352624572,17.04168701171875,50.482635498046875
230423.jpg,7.329,0.49580326676368713,0.7245738810121113,0.8786032678756844,5.033432483673096,28.76474380493164,0.965224086081065,0.4433129435402974,7.130518913269043,4.406854387239653,10.332428932189941,2.5881779193878174,38.72242736816406,0.5620705485343933,1.691948413848877,0.9070500135421753,0.04019644111394882,13.958124160766602,0.6363178869256425,0.010555634057485616,0.4065459072589874,0.4674811065196991,0.6401523628457869,4.322238464621647,16.58221435546875,46.90161895751953
230428.jpg,7.306,0.5135506987571716,0.6435791248411427,0.8748414278376585,5.390707015991211,31.582456588745117,0.955362207587252,0.4387815405495326,7.165412902832031,4.040440512625073,11.924687385559082,2.8883450031280518,38.651214599609375,0.5922181606292725,1.7142179012298584,0.9021002054214478,0.0373106449842453,14.281672477722168,0.6106919581007793,0.01253381012427437,0.41302818059921265,0.48131948709487915,0.5887057405061898,3.935132351843735,14.55242919921875,51.08319091796875
230430.jpg,7.3243,0.5027086138725281,0.6714225597475811,0.8768280091086097,5.285002708435059,30.33856201171875,0.9597969122855408,0.4447161676536679,7.144875526428223,4.17286277077819,11.561932563781738,2.7633283138275146,38.99184036254883,0.581489086151123,1.7069494724273682,0.8767136931419373,0.038266729563474655,14.171786308288574,0.604439625740136,0.012482980340978942,0.4123309850692749,0.4630332589149475,0.595882107861399,4.195330565874088,15.04949951171875,50.01819610595703
230432.jpg,7.3016,0.5044305324554443,0.5893012501783395,0.8707663515123809,5.875636577606201,34.413421630859375,0.9556276315333175,0.49215398529617044,7.206433296203613,3.854651050302918,12.02320384979248,3.170759439468384,40.552879333496094,0.6364466547966003,1.7085343599319458,0.9477816224098206,0.03149467334151268,15.01762866973877,0.6253603904583613,0.013981987869507339,0.4279370903968811,0.4907281696796417,0.5960006489461965,3.8385799242036516,13.02557373046875,51.0957145690918
230447.jpg,7.3924,0.5036374926567078,0.6484590208773661,0.8756222057005136,5.401856899261475,33.15861129760742,0.9557122032332054,0.44466068132373454,7.186750411987305,4.081609813697746,12.133790016174316,3.0312016010284424,39.7698860168457,0.5717229843139648,1.6958534717559814,0.863433301448822,0.03896935284137726,14.092768669128418,0.611960039830824,0.013899809805421501,0.41097110509872437,0.4550042450428009,0.5869866823071972,4.060943933641996,11.86395263671875,50.16084289550781
230448.jpg,7.2623,0.49982568621635437,0.6620655558561346,0.8770820687656673,5.282413959503174,30.58029556274414,0.955366761691397,0.4461614562535716,7.122440338134766,4.1064257208375174,11.205300331115723,2.7796859741210938,38.534751892089844,0.5772634744644165,1.6999926567077637,0.8814167380332947,0.03789045661687851,14.214700698852539,0.6082676501505608,0.012529382237078947,0.41182294487953186,0.47001364827156067,0.6013218786343196,3.913141066161591,14.87762451171875,51.576904296875
230451.jpg,7.2764,0.500181257724762,0.7032108772309907,0.8784971234021641,5.169860363006592,28.017499923706055,0.9615442405764828,0.45288175600915176,7.150729656219482,4.331999421004765,10.682371139526367,2.532071828842163,39.386749267578125,0.583185076713562,1.7118959426879883,0.8870437145233154,0.03954306244850159,14.029297828674316,0.6046599674988455,0.011599601491518945,0.4138900339603424,0.472319632768631,0.6201769882021202,4.2821631729766105,16.84979248046875,50.27997589111328
230452.jpg,7.3052,0.49390679597854614,0.711342115700074,0.8784785955106758,5.119375228881836,29.017614364624023,0.9625002999511687,0.4512372580040757,7.200356483459473,4.3817852358204235,10.857654571533203,2.619234800338745,40.72725296020508,0.5806038975715637,1.7065227031707764,0.8933663964271545,0.040384549647569656,13.937849044799805,0.6171485898725858,0.011628020883543798,0.41216927766799927,0.47066065669059753,0.6214437989946002,4.212571620496716,18.45965576171875,48.5634880065918
230453.jpg,7.3786,0.5114158987998962,0.6575731400867806,0.8754535113947206,5.451601982116699,31.872488021850586,0.9551103615719246,0.46188747298897587,7.197144508361816,4.1587498756424885,11.278913497924805,2.8943939208984375,40.20624923706055,0.6067870855331421,1.7018680572509766,0.8819757103919983,0.03903216868638992,14.085773468017578,0.6096580078580053,0.013458788730890106,0.41769668459892273,0.47640788555145264,0.6038089580034047,3.9710385872354563,14.82098388671875,49.33592224121094
230456.jpg,7.2971,0.5008386969566345,0.6799392874615919,0.8774336427972294,5.246549129486084,29.947738647460938,0.9606403319679292,0.4505909710906183,7.165630340576172,4.219776756631223,11.383940696716309,2.7220559120178223,39.52511215209961,0.5888825058937073,1.6980701684951782,0.8994699716567993,0.03876600041985512,14.115490913391113,0.6139944197322397,0.011638901486379574,0.4124290347099304,0.4729883372783661,0.6102228047967577,4.180357669899319,16.47674560546875,51.148277282714844
230462.jpg,7.2968,0.5133641362190247,0.5622047191909273,0.8751367431191326,5.809598445892334,37.081050872802734,0.927311534615193,0.42517293635453657,7.15254020690918,3.6436981334974288,14.078965187072754,3.4319751262664795,39.73260498046875,0.6671759486198425,1.7097482681274414,0.8085722923278809,0.032259657979011536,14.913402557373047,0.5862075284721017,0.01627102832680611,0.4085165560245514,0.4885186553001404,0.5076086227651839,3.935168841005825,16.08612060546875,52.878143310546875
230463.jpg,7.2975,0.5047537088394165,0.6924651554807387,0.877531272978751,5.163153648376465,30.07611083984375,0.9614840757718035,0.4517081793635823,7.143354415893555,4.260926816883533,11.045156478881836,2.723836660385132,38.82881164550781,0.563573956489563,1.71339750289917,0.8832299113273621,0.04036843031644821,13.939582824707031,0.6140347125762038,0.012556225846845712,0.4152644872665405,0.47331124544143677,0.6201597220903956,4.173903725091902,16.65106201171875,49.16326141357422
230464.jpg,7.3782,0.4822242259979248,0.6950958839992116,0.8770576626145346,5.14151668548584,28.420019149780273,0.9635615450265285,0.46012995847874827,7.087183952331543,4.2500727054898295,10.742635726928711,2.574084997177124,37.69667053222656,0.6016430854797363,1.6855123043060303,0.890007734298706,0.03428691625595093,14.64871597290039,0.6149096868971372,0.012456299401297307,0.41085487604141235,0.47254815697669983,0.6153134939498328,4.361391762996605,18.62225341796875,47.478363037109375
240003.jpg,7.3664,0.49825620651245117,0.6503967873421999,0.8802229744918776,4.905702114105225,46.85418701171875,0.9569145541230866,0.4645098071120981,7.194048881530762,3.93483161583295,13.599610328674316,4.36274528503418,42.671390533447266,0.5489358305931091,1.6933553218841553,0.8356727361679077,0.0468374639749527,13.294066429138184,0.6508793044253671,0.01774950620567347,0.425663560628891,0.4906415343284607,0.6367380260089004,3.59152269229202,12.50262451171875,47.205448150634766
240006.jpg,7.257,0.49671265482902527,0.6520587939270921,0.8803248702329249,4.91563606262207,44.904293060302734,0.9556191163974127,0.45865895835565873,7.217844009399414,3.955883271430963,13.11115550994873,4.179728984832764,42.48789978027344,0.5602887868881226,1.7007906436920166,0.8326002359390259,0.0462171733379364,13.35196590423584,0.6354309600077196,0.019650051696122196,0.4259594678878784,0.48995622992515564,0.6326304179606235,3.3997288785095807,12.39471435546875,48.44224548339844
240008.jpg,7.3085,0.49648866057395935,0.6587257902418904,0.8801664322486777,4.951222896575928,44.27468490600586,0.9565026109859958,0.47169756483718867,7.197113513946533,4.0012233506633486,12.886317253112793,4.1146674156188965,42.79351806640625,0.5728510618209839,1.7109029293060303,0.8508920073509216,0.04625104367733002,13.348785400390625,0.6469585471041461,0.0175627559555855,0.42524513602256775,0.49429452419281006,0.6442940168529842,3.5737986054436743,11.29608154296875,46.74951934814453
240009.jpg,7.2942,0.49969249963760376,0.6530161602146775,0.8801882497779774,4.885554313659668,44.77743148803711,0.9577399032107048,0.4706462347487144,7.220990180969238,3.952896394059575,12.98897933959961,4.159478664398193,43.346622467041016,0.534359872341156,1.7007791996002197,0.8474646210670471,0.04840900003910065,13.150738716125488,0.6420767842701665,0.018913926737118694,0.4333595931529999,0.4925306737422943,0.6483631627135814,3.576892079869713,12.74578857421875,47.708251953125
240011.jpg,7.3437,0.4944537281990051,0.5716354452592548,0.8797772408286211,5.33914041519165,53.40912628173828,0.9414972491575082,0.49254730370719213,7.218380928039551,3.5891726757915006,15.578872680664062,5.024794101715088,42.314292907714844,0.6390969753265381,1.6656882762908936,0.8594232201576233,0.038327906280756,14.164849281311035,0.6483713601384814,0.020243528834105594,0.44060781598091125,0.4938466250896454,0.6074121113242762,3.4059595821499578,15.30682373046875,44.98267364501953
240012.jpg,7.3847,0.5009416937828064,0.5654658113200113,0.8781227208852994,5.462366104125977,57.69123077392578,0.939927520426037,0.49224751657146043,7.248256206512451,3.5937216329619552,17.434110641479492,5.438056468963623,45.27143478393555,0.6605362892150879,1.6845167875289917,0.8189740180969238,0.041065022349357605,13.865280151367188,0.6418045267615372,0.021109875353356455,0.4412540793418884,0.5132825970649719,0.5782028762761262,3.491665128668032,15.44842529296875,47.247318267822266
240013.jpg,7.3375,0.49679309129714966,0.6518662334710539,0.8796894903021131,4.875674247741699,43.942420959472656,0.9554252913470089,0.4625672279638872,7.177988052368164,3.9286995097685935,12.786857604980469,4.085196018218994,41.226905822753906,0.5517943501472473,1.7050459384918213,0.8604934215545654,0.045298490673303604,13.439164161682129,0.6506706545229392,0.016705818412994473,0.42594900727272034,0.4869384169578552,0.6465071482068514,3.5960039810910187,11.90740966796875,46.38751983642578
240014.jpg,7.2902,0.5054178237915039,0.6680034073292533,0.8803468495119287,4.853512763977051,42.296382904052734,0.9590709178827992,0.46218661241069015,7.209710597991943,4.029149269937918,12.297843933105469,3.9255244731903076,42.575748443603516,0.5512511730194092,1.6876840591430664,0.8660707473754883,0.0480508878827095,13.182987213134766,0.6413129983039509,0.01993235133978134,0.42489632964134216,0.4905973970890045,0.654486132582527,3.541419344056145,12.36737060546875,47.04526901245117
240015.jpg,7.3181,0.49864551424980164,0.6444978495376198,0.8798172265741199,4.850083827972412,46.57749557495117,0.9542811016152334,0.4754516371719968,7.22916316986084,3.8925364109502674,13.28335189819336,4.329814434051514,42.07187271118164,0.5344766974449158,1.699049949645996,0.8513862490653992,0.04703439027070999,13.27584457397461,0.6538166998562361,0.016957146548668103,0.4317002594470978,0.48907265067100525,0.6487126904862284,3.570439970115775,11.50946044921875,46.52980041503906
240024.jpg,7.3727,0.49091196060180664,0.6411079436877517,0.8797281267999905,4.956189155578613,46.700096130371094,0.9532732883823982,0.46830364027554233,7.234471797943115,3.907776780082788,14.415175437927246,4.361332893371582,42.819820404052734,0.5864756107330322,1.6815721988677979,0.8402661681175232,0.04442136362195015,13.524080276489258,0.6334548138893322,0.02187696497904991,0.42608708143234253,0.4908846616744995,0.6300189370142238,3.4817093457085817,12.03240966796875,46.297691345214844
240030.jpg,7.405,0.5020691156387329,0.662589303162345,0.8797547739926486,4.888067722320557,41.69091796875,0.9571796592724056,0.45937459748959314,7.1894450187683105,4.00122741483535,12.318099975585938,3.8733317852020264,41.71575927734375,0.5418758392333984,1.695237159729004,0.8518118858337402,0.04671666771173477,13.305282592773438,0.6308576668999147,0.020513549034819858,0.4256073534488678,0.49048423767089844,0.6431107270182937,3.5468954014031504,11.73602294921875,46.14413070678711
240036.jpg,7.404,0.49644216895103455,0.6035734673719538,0.8846760208196401,5.323761463165283,51.9564323425293,0.9442562983470815,0.48374029904182003,7.3204216957092285,3.8158578103429726,16.0,4.883394241333008,47.1660041809082,0.7111194133758545,1.6976187229156494,0.8480225801467896,0.04059724882245064,13.915033340454102,0.6253438502713162,0.02273724581188797,0.437467098236084,0.5095224976539612,0.6017612105362852,3.363792273994663,14.83612060546875,48.63369369506836
240041.jpg,7.3356,0.5084142088890076,0.595515376943434,0.879277110205492,5.2508697509765625,52.6195068359375,0.9331228866229364,0.4649154853152226,7.254137992858887,3.7234729780988083,17.237356185913086,4.964596271514893,42.92066955566406,0.6656554937362671,1.67866051197052,0.8834775686264038,0.04191206023097038,13.776609420776367,0.6391840599988516,0.020974710370528622,0.4243956208229065,0.49772295355796814,0.6041590550900464,3.4673132264902016,17.83758544921875,45.33134078979492
240043.jpg,7.3086,0.48233920335769653,0.6288236383678181,0.8791734755830586,4.961451053619385,45.435890197753906,0.947464181359068,0.4619484441231442,7.100305557250977,3.7923706893550264,13.483894348144531,4.243377208709717,39.41693878173828,0.5656406283378601,1.7097976207733154,0.8158314228057861,0.03988147899508476,13.992288589477539,0.613086396588398,0.021956940312339718,0.4252701699733734,0.5020475387573242,0.605758703234701,3.4520311611435734,13.41131591796875,45.21372985839844
240048.jpg,7.421,0.5019383430480957,0.5872770058301875,0.8800490061921225,5.302552700042725,59.23189926147461,0.941608216565005,0.4707123127910192,7.282587051391602,3.695492338167094,20.371673583984375,5.63595724105835,44.726837158203125,0.6982491612434387,1.6829314231872559,0.8706535696983337,0.03983297571539879,13.997572898864746,0.651646710307264,0.01776964941203364,0.426824152469635,0.505138099193573,0.5881445358341378,3.310073415313477,16.46356201171875,45.79426574707031
240052.jpg,7.3664,0.492879718542099,0.5986407382758816,0.8802865932106085,5.198829650878906,52.7978401184082,0.9424360347787026,0.4855547315341376,7.247696876525879,3.7255100503142895,15.893528938293457,4.94912052154541,44.46070098876953,0.6343373656272888,1.6967833042144775,0.8139010667800903,0.04275143891572952,13.690492630004883,0.6245779900525958,0.019665739648285115,0.43715012073516846,0.4985625445842743,0.6020195590142051,3.430853431165818,12.72625732421875,47.488311767578125
240054.jpg,7.3063,0.498064249753952,0.6544846534924846,0.8800859245427695,4.869920253753662,43.66941452026367,0.9568415208946507,0.4631564092481165,7.16292667388916,3.937668975241545,12.545398712158203,4.060250282287598,41.374366760253906,0.5462488532066345,1.6986615657806396,0.8483788967132568,0.04616478085517883,13.356893539428711,0.6426786806664524,0.01888204252018595,0.4229809045791626,0.4846164286136627,0.64480065349424,3.6076858471150235,11.37225341796875,46.714141845703125
240055.jpg,7.3207,0.4982450604438782,0.6465846950562367,0.8801309283848888,4.9482879638671875,43.82857894897461,0.9547519371080142,0.4572105304343758,7.197348117828369,3.926603226217276,12.825309753417969,4.088459014892578,42.59552764892578,0.5504871606826782,1.683974027633667,0.8330695629119873,0.0462307408452034,13.350691795349121,0.6245805692658333,0.022096421291805633,0.4249095916748047,0.49609631299972534,0.6294365285826108,3.4550658092168938,10.38006591796875,46.196861267089844
240058.jpg,7.2816,0.5016607046127319,0.5794361733567681,0.8804306937949523,5.266746997833252,48.480712890625,0.9365174397172091,0.4327695552689861,7.197055816650391,3.610999637356022,14.350186347961426,4.546178340911865,42.58362579345703,0.6102761626243591,1.6957893371582031,0.7840992212295532,0.04259796440601349,13.706110954284668,0.5829445444903828,0.02903058643220912,0.41900885105133057,0.5026705265045166,0.5593332428516097,3.2753268728949014,12.95330810546875,49.49333190917969
240059.jpg,7.3182,0.49263641238212585,0.6577996125277542,0.8803580723640834,4.868177890777588,44.420833587646484,0.9567777640767267,0.4718869928377596,7.206725597381592,3.971445429721772,12.860600471496582,4.1332621574401855,42.35138702392578,0.5507534742355347,1.6944513320922852,0.8437154293060303,0.04556049406528473,13.414115905761719,0.6410404999774597,0.018657256001219296,0.4302276074886322,0.4892958700656891,0.6460590628415277,3.492694548190698,12.12567138671875,46.73164367675781
240065.jpg,7.3207,0.4946778416633606,0.6144625585711718,0.8826893414783725,5.218746662139893,51.13662338256836,0.9478283595332947,0.4902865002118878,7.3084516525268555,3.8487585624976024,15.341798782348633,4.782496929168701,45.871368408203125,0.680386483669281,1.6987932920455933,0.845282793045044,0.041987739503383636,13.768775939941406,0.6387184839435859,0.018536025428794296,0.4380705654621124,0.5016413331031799,0.6182674031035078,3.3949330472317882,13.06170654296875,49.36431884765625
240066.jpg,7.2985,0.4820593297481537,0.6244205046731631,0.8788321813289313,5.017563819885254,44.407936096191406,0.9464187274846214,0.4562046562464188,7.121123313903809,3.7898341061131866,13.158699035644531,4.141345977783203,39.68210983276367,0.5713818669319153,1.705418586730957,0.8308272361755371,0.040058355778455734,13.973069190979004,0.6135183599264766,0.022150991440282174,0.42386335134506226,0.49715662002563477,0.6110265448341788,3.40092941021388,11.88934326171875,47.100364685058594
240070.jpg,7.3347,0.4989931285381317,0.6151294421863022,0.8789282908483874,5.085773468017578,47.495758056640625,0.9481765104192674,0.46750455190087675,7.221320152282715,3.785239479592768,14.494674682617188,4.454339504241943,43.643863677978516,0.5969913005828857,1.6685631275177002,0.8279515504837036,0.04488519951701164,13.47896957397461,0.6194916403305877,0.025478308560792223,0.4283272325992584,0.5047351121902466,0.6056929945593621,3.303539261903333,11.04656982421875,46.87675476074219
240074.jpg,7.3021,0.49723950028419495,0.6372152249465902,0.8798028368528972,5.020981788635254,44.10813522338867,0.9486574967823362,0.455044267847042,7.1624016761779785,3.8817304016624927,13.1690034866333,4.1154608726501465,41.7032585144043,0.5799604058265686,1.705497145652771,0.8186526298522949,0.04399765282869339,13.565704345703125,0.6123128475410916,0.023887635458293366,0.42224961519241333,0.4994531273841858,0.6108401639316963,3.31424589163688,11.92254638671875,46.58243942260742
240076.jpg,7.3094,0.5103933215141296,0.5861512940814483,0.8762399403145528,5.402433395385742,50.39585494995117,0.940993883038562,0.44604263285277934,7.208707809448242,3.696028805876276,17.147991180419922,4.776048183441162,41.77333068847656,0.6374047994613647,1.6743152141571045,0.809657871723175,0.041080497205257416,13.863641738891602,0.6148019254302155,0.02546409016465587,0.42240995168685913,0.5072481036186218,0.5658504457214948,3.2512836333032205,10.59490966796875,47.103572845458984
240080.jpg,7.2712,0.49859434366226196,0.6269209625731185,0.8798620909522199,5.022247314453125,47.80078125,0.9473220137707913,0.47531492683916565,7.212433338165283,3.835100355774106,14.401870727539062,4.466359615325928,42.48344039916992,0.5953670740127563,1.681864857673645,0.8313097953796387,0.04405560344457626,13.559988975524902,0.6203448557478003,0.024665231605257198,0.42869672179222107,0.4966716766357422,0.6169964923803134,3.464729241891861,12.07196044921875,46.964019775390625
240092.jpg,7.2415,0.47872528433799744,0.6089761916203891,0.8787873043614374,5.0659990310668945,46.17850875854492,0.9433342253525879,0.4601228998208229,7.124439239501953,3.711854407996361,13.642328262329102,4.316981792449951,39.3404541015625,0.5813013911247253,1.7022175788879395,0.8148009777069092,0.03829047828912735,14.169092178344727,0.6107801785028008,0.022630602622220396,0.42398130893707275,0.4966725707054138,0.5981812797540195,3.3487060760366005,12.90594482421875,46.5423698425293
240093.jpg,7.3131,0.49604707956314087,0.671178763401006,0.8802746705995548,4.806558609008789,40.9766731262207,0.9582811349188076,0.455440234537134,7.206768989562988,4.031557423250021,12.05907154083252,3.8034722805023193,41.96148681640625,0.5369873046875,1.7035472393035889,0.8545541763305664,0.04715145006775856,13.26504898071289,0.6368630120735921,0.019025392974241325,0.4208788275718689,0.48336759209632874,0.6495080824007892,3.606674628097757,11.84490966796875,47.3887825012207
240104.jpg,7.2993,0.4866417944431305,0.5665635621428932,0.8793641859934684,5.378409385681152,56.43101119995117,0.9354384773724981,0.4934777781120385,7.270779132843018,3.583295260664059,17.194107055664062,5.337258815765381,46.3765983581543,0.6519319415092468,1.6833631992340088,0.8055344820022583,0.04066336527466774,13.907966613769531,0.6053932415753804,0.02660854934957596,0.44225382804870605,0.5155746340751648,0.571879469147049,3.3026503088008887,13.14520263671875,46.03324508666992
240107.jpg,7.3709,0.49907761812210083,0.681229930051308,0.8809557402153049,4.734740257263184,47.82229232788086,0.9623227770502378,0.4991047964171482,7.288579940795898,4.095335591415436,13.441534042358398,4.43229341506958,44.47034454345703,0.5235940217971802,1.6994287967681885,0.8706064224243164,0.05065071955323219,12.954144477844238,0.6951077659894069,0.011513492695480581,0.4357980191707611,0.4824804663658142,0.6763427131414554,3.716935015933898,13.82293701171875,46.85157775878906
240113.jpg,7.3016,0.5054861307144165,0.6666588151476468,0.880257203039865,4.874679088592529,41.55454635620117,0.9597527916949424,0.4555335952910413,7.154723167419434,4.0097661195459775,12.265661239624023,3.853079319000244,41.832603454589844,0.531319260597229,1.7072622776031494,0.8517727255821228,0.047258488833904266,13.255203247070312,0.6388008916648933,0.01884807968110266,0.4225468337535858,0.4865030348300934,0.6434124268077543,3.6186546183579744,12.19940185546875,46.724151611328125
240115.jpg,7.2374,0.4939192831516266,0.6565066328799829,0.8803312911710427,4.8901824951171875,44.255367279052734,0.9563302512713867,0.4637755681185639,7.208884239196777,3.9715709922610447,12.851470947265625,4.118576526641846,42.6723747253418,0.5453395247459412,1.6914973258972168,0.8388957381248474,0.04624543711543083,13.349311828613281,0.6367643660645678,0.019356186887860796,0.4266740679740906,0.492323100566864,0.6390737093498766,3.474319365309984,11.45867919921875,46.697914123535156
240119.jpg,7.3309,0.5094809532165527,0.5415805403980712,0.8835243421394096,5.753819942474365,56.829017639160156,0.9376146421777638,0.505729053265175,7.3378682136535645,3.5451116848919586,17.918214797973633,5.400942325592041,50.32069778442383,0.7371823787689209,1.7277225255966187,0.8247569799423218,0.0368005707859993,14.341455459594727,0.6080012197149923,0.028302083035303828,0.4471769630908966,0.5225213766098022,0.5565471729910023,3.397237223909678,16.42108154296875,48.819122314453125
240123.jpg,7.3111,0.4973061978816986,0.6236770109242372,0.8788105948130779,5.1358160972595215,47.65185546875,0.9527372285807858,0.4865242346109886,7.21859073638916,3.8525910068887868,13.691817283630371,4.4448161125183105,43.02826690673828,0.6026719212532043,1.7009176015853882,0.8437582850456238,0.043961815536022186,13.569245338439941,0.6496310961621179,0.016203694757534796,0.4337689280509949,0.4930434226989746,0.6295187277995651,3.484447935294625,11.89471435546875,47.26533126831055
240132.jpg,7.3112,0.4970691204071045,0.6526121294025355,0.8799589129977308,4.874444007873535,43.71566390991211,0.9560385183250344,0.46165335698360865,7.208998680114746,3.9429127785802685,12.829439163208008,4.064828872680664,41.87623596191406,0.5415742993354797,1.693785309791565,0.8376857042312622,0.04584692791104317,13.386898040771484,0.6258900224120507,0.0222060643122318,0.42709454894065857,0.49138590693473816,0.6356871397869787,3.4673821229938078,12.98309326171875,47.169918060302734
240138.jpg,7.3109,0.5022725462913513,0.6551170959962024,0.8802412904742436,4.915694236755371,44.51826858520508,0.9547311495933624,0.4669282232060228,7.221048355102539,3.9755061505209977,13.040165901184082,4.1446146965026855,43.416446685791016,0.5606904029846191,1.6832525730133057,0.8421321511268616,0.04782794043421745,13.203184127807617,0.6322986943321474,0.021780365296041698,0.42669400572776794,0.49390527606010437,0.6369185640109718,3.39206619611207,12.30389404296875,46.360103607177734
240140.jpg,7.2635,0.49698495864868164,0.6712733058981976,0.8804181152686065,4.838282585144043,42.01662063598633,0.9580257420828199,0.45991982608320275,7.206274032592773,4.042607187314712,12.387203216552734,3.8989579677581787,42.52931213378906,0.5452762246131897,1.699936866760254,0.8516106605529785,0.04714728146791458,13.265433311462402,0.6422775229274368,0.018329916027761604,0.42260968685150146,0.4876757562160492,0.6452736182000859,3.5939325932297166,11.75946044921875,45.82548522949219
240141.jpg,7.3331,0.49383029341697693,0.5722282410517562,0.8777565917585899,5.292276382446289,54.87287139892578,0.9394571175527443,0.47298185980141805,7.25584602355957,3.5902055301059193,17.28447151184082,5.189672946929932,43.33820724487305,0.6275675296783447,1.6656527519226074,0.8148376941680908,0.04086291417479515,13.886707305908203,0.6204577705190938,0.02603674001064219,0.43415579199790955,0.5124711990356445,0.5839566885484395,3.3013740483868754,14.11492919921875,48.203487396240234
240145.jpg,7.3615,0.4932117462158203,0.6490793047803872,0.8794206038391456,5.0236005783081055,44.901336669921875,0.9513569829849793,0.4668314831786967,7.194849967956543,3.9653836673846836,14.444957733154297,4.187796115875244,42.183135986328125,0.604634165763855,1.6955339908599854,0.8486070036888123,0.04381581395864487,13.583690643310547,0.6261977900470006,0.01941217456948961,0.4247349202632904,0.48890259861946106,0.6287306196647654,3.527596357353069,12.56317138671875,45.624664306640625
240150.jpg,7.2809,0.5009313821792603,0.6571347968104689,0.880267186265079,4.9218339920043945,44.369503021240234,0.9571993534372862,0.472414801169124,7.238409042358398,3.995471399269503,12.67394733428955,4.118100166320801,42.49684524536133,0.5427562594413757,1.7056925296783447,0.8496326208114624,0.04717652127146721,13.262741088867188,0.6445814506156478,0.018853153998561616,0.4274901747703552,0.4886360466480255,0.6483870203703135,3.549071527811559,12.73797607421875,46.9046630859375
240155.jpg,7.3265,0.49102431535720825,0.6005737166013834,0.8817578331103272,5.277563095092773,49.0623664855957,0.9477784830070954,0.5017701107569572,7.240320205688477,3.7589667372697395,13.930093765258789,4.5966362953186035,43.03010177612305,0.6530072689056396,1.7057651281356812,0.8609083890914917,0.03910200297832489,14.078010559082031,0.6480929519849608,0.01689721153822602,0.4411132335662842,0.49984216690063477,0.6246611773397786,3.4020073918727443,14.92108154296875,47.210060119628906
240158.jpg,7.3275,0.5053514242172241,0.5100739167124351,0.8803796865494093,5.595231056213379,75.33932495117188,0.9324828240552935,0.4759359085111218,7.3527045249938965,3.3022114997946517,23.88200569152832,7.2270188331604,47.39915466308594,0.7097824811935425,1.6780927181243896,0.8078279495239258,0.03786729276180267,14.21735668182373,0.6459832777709966,0.021344881692901822,0.4440670609474182,0.5150156021118164,0.536099886918774,3.3029762787201142,24.20623779296875,48.628807067871094
240163.jpg,7.332,0.49442216753959656,0.6365824234407295,0.8803938033773754,5.027618885040283,48.0572624206543,0.9551702859033142,0.486348978115423,7.225714683532715,3.90014036697095,13.734862327575684,4.487627029418945,43.485538482666016,0.5981165170669556,1.6831659078598022,0.8654677867889404,0.045067742466926575,13.461342811584473,0.6588321173276166,0.01751469068708591,0.43221762776374817,0.49747538566589355,0.6421896013332921,3.5334180740580265,13.27655029296875,46.84983444213867
240168.jpg,7.3334,0.4994249939918518,0.61151425530113,0.8796493171651031,5.290903091430664,48.371028900146484,0.9490101124121069,0.4919204965509021,7.235267639160156,3.829977361660429,13.771607398986816,4.517606735229492,43.45005416870117,0.64214026927948,1.6943869590759277,0.860572099685669,0.0419357568025589,13.774155616760254,0.6470783727791612,0.016464323868658662,0.4377843737602234,0.505050003528595,0.6246764332153737,3.392136216892301,14.13348388671875,47.36376190185547
240169.jpg,7.3084,0.48976588249206543,0.6504144601647077,0.8799029411309048,4.9143171310424805,45.220340728759766,0.9572059581782348,0.4681597030456322,7.1993818283081055,3.9394743745296665,13.132025718688965,4.203808784484863,41.60150909423828,0.5621567964553833,1.6833767890930176,0.8433166146278381,0.04363967478275299,13.601184844970703,0.6467436955059989,0.017569406117217173,0.42718759179115295,0.4889967441558838,0.6413076459193029,3.539147805532899,12.59344482421875,47.016510009765625
240171.jpg,7.361,0.49443134665489197,0.6097631271661373,0.8791695012081927,5.108950138092041,52.20302200317383,0.9442763474595776,0.4822118676932995,7.240484237670898,3.765126016537547,15.841996192932129,4.899035930633545,43.93959426879883,0.5942608118057251,1.6810804605484009,0.8031176328659058,0.04467875137925148,13.498991012573242,0.6157372959892866,0.024638057448621735,0.43506109714508057,0.4969445765018463,0.6029469968471916,3.278043911294922,12.06317138671875,47.340980529785156
240174.jpg,7.3333,0.49616923928260803,0.6323592787720331,0.8869328319748093,5.243778228759766,47.69778060913086,0.9501106785893279,0.4911571364726826,7.3154683113098145,3.9709897866145223,13.667871475219727,4.463270664215088,47.78449630737305,0.7305153608322144,1.7127552032470703,0.8861653804779053,0.04040827974677086,13.935297012329102,0.6472135983215368,0.017272660646858413,0.43674540519714355,0.5040507316589355,0.6250156609140262,3.343903497703969,14.83612060546875,48.701663970947266
240180.jpg,7.2794,0.4953126609325409,0.6245302944164203,0.8801581781362782,5.157899856567383,48.258216857910156,0.9435948707132895,0.4928378540947789,7.223499774932861,3.8662909443009905,13.685462951660156,4.500942707061768,43.54781723022461,0.5812520980834961,1.7179795503616333,0.8296289443969727,0.04332902655005455,13.632210731506348,0.6382604847044865,0.017629552425905335,0.4371861219406128,0.49709922075271606,0.6203525275288198,3.3313272840810377,13.50946044921875,45.34555435180664
240182.jpg,7.3696,0.49479246139526367,0.6575809491624165,0.8798714647136211,4.930206775665283,43.104557037353516,0.9570617400365395,0.4923301813113726,7.198233127593994,3.9877277537113898,12.540107727050781,4.004823207855225,42.28661346435547,0.5524419546127319,1.701833724975586,0.8506419062614441,0.04477778077125549,13.489375114440918,0.6409665155205625,0.019009452327911923,0.43466129899024963,0.48911941051483154,0.6506537000105719,3.5430367257070645,12.64471435546875,46.485958099365234
240184.jpg,7.3162,0.4956303536891937,0.6651818732841949,0.8803181953330638,4.886651039123535,42.04466247558594,0.9570833059413264,0.4588315628533371,7.191328525543213,4.0170391055539,12.386833190917969,3.9117863178253174,42.378700256347656,0.5462788343429565,1.6948562860488892,0.8450441956520081,0.04624306410551071,13.349534034729004,0.6312815770740798,0.019900702103303386,0.4262894093990326,0.4901302754878998,0.6419522410647865,3.533924105153587,12.40155029296875,46.14263916015625
240188.jpg,7.3734,0.5069970488548279,0.6226553264218414,0.8775514749946274,5.151127815246582,45.806884765625,0.9483548284604121,0.4771228173452553,7.1835551261901855,3.840139269587425,13.556721687316895,4.2734527587890625,42.80223083496094,0.5876572728157043,1.674604892730713,0.8422738313674927,0.04526909068226814,13.441983222961426,0.6298748094062095,0.022738847963918833,0.43101322650909424,0.4934573173522949,0.6187845240876918,3.3962237870291156,13.02264404296875,48.28036117553711
240190.jpg,7.3867,0.4991098940372467,0.6426572930471692,0.8799458998456825,5.019412994384766,42.361080169677734,0.9531041874443051,0.4679578355617984,7.192198753356934,3.923952496225258,12.515976905822754,3.9451630115509033,42.092037200927734,0.5906722545623779,1.6768008470535278,0.8721314072608948,0.044472143054008484,13.519120216369629,0.6393668580806796,0.019477982009360927,0.4243113100528717,0.49348050355911255,0.6394187945087227,3.560440380677107,11.96063232421875,46.8028450012207
240192.jpg,7.4305,0.5047430992126465,0.5855545807152178,0.8802929038651587,5.435727119445801,50.81848907470703,0.9417587992938133,0.49646601000388124,7.268928527832031,3.7196454237325796,14.981831550598145,4.794624328613281,45.5051383972168,0.6754451394081116,1.6922073364257812,0.8483779430389404,0.04137074202299118,13.833066940307617,0.6268709845282231,0.021923656847028867,0.4413330554962158,0.5092828869819641,0.5981106500641666,3.3106996040930445,14.35467529296875,48.723876953125
240196.jpg,7.4337,0.5006861090660095,0.6620172809941511,0.8803798815232107,4.855074405670166,44.80510330200195,0.9574495385162717,0.4552683186378137,7.200730800628662,3.9905877821782223,13.032818794250488,4.165464878082275,42.901981353759766,0.549902617931366,1.6958116292953491,0.8419055342674255,0.048268869519233704,13.163330078125,0.644535367116796,0.01881563193368398,0.4239675998687744,0.4929899573326111,0.6411672606324654,3.4878791312315007,12.12420654296875,48.03240203857422
240198.jpg,7.3787,0.4983372390270233,0.5758507642084467,0.8795027122298423,5.325887203216553,54.34505844116211,0.9417739141451144,0.48110074787377766,7.250375747680664,3.6210356765599325,16.02328109741211,5.110849857330322,43.00176239013672,0.6322716474533081,1.670566439628601,0.8369221091270447,0.04079994559288025,13.893404006958008,0.641785115786399,0.020872462415139625,0.43994051218032837,0.4978354275226593,0.5981547218253009,3.3839839939207335,12.90692138671875,46.376461029052734
240203.jpg,7.3439,0.5030775666236877,0.6341472242459003,0.8796929681071453,5.012694835662842,44.79218673706055,0.9482014309823641,0.4726547045871364,7.192975997924805,3.870107843962357,13.296204566955566,4.175097942352295,42.16238784790039,0.5740602016448975,1.6887755393981934,0.8464873433113098,0.04502129182219505,13.4658203125,0.6242761377443266,0.02365153439836855,0.42596879601478577,0.49174055457115173,0.6294228063820545,3.472562400446319,12.69793701171875,46.991397857666016
240204.jpg,7.3781,0.5003326535224915,0.6442195340367373,0.8799489556634543,4.982178688049316,42.795867919921875,0.9540326074269582,0.4472582274276151,7.1841654777526855,3.9189099384687243,12.796992301940918,3.988178253173828,41.54286575317383,0.5678822994232178,1.6878135204315186,0.827000617980957,0.044517986476421356,13.514644622802734,0.6179607459115026,0.02172047799283918,0.42257654666900635,0.4903068542480469,0.6201494370666244,3.536007695036212,12.12664794921875,46.19832229614258
240214.jpg,7.3744,0.5023103952407837,0.6788216784753487,0.8802943860468845,4.8352952003479,39.483577728271484,0.9593333447830003,0.4584510957249499,7.19587516784668,4.0835220037819795,11.661656379699707,3.657140016555786,41.47184753417969,0.5397969484329224,1.7102622985839844,0.8670049905776978,0.046722717583179474,13.304719924926758,0.6363230443212402,0.019130321608299118,0.42005443572998047,0.4869636595249176,0.6527274066213079,3.62302645725285,12.03729248046875,46.66831970214844
240217.jpg,7.3148,0.4952576756477356,0.6149377015886494,0.8906813889224433,5.408168792724609,47.35382080078125,0.9408714489422896,0.45549034355835316,7.295526027679443,3.906001795719259,13.449540138244629,4.401709079742432,45.8376350402832,0.7437222003936768,1.7140341997146606,0.8503884077072144,0.037276074290275574,14.285698890686035,0.6302905714476764,0.019173009721444832,0.4301963150501251,0.5012152194976807,0.5939637221028431,3.422080668746022,13.29608154296875,45.540008544921875
240225.jpg,7.3173,0.5026312470436096,0.5522250520526479,0.8798497651293554,5.419244766235352,60.38326644897461,0.931006313053307,0.4648376463728721,7.233544826507568,3.49360377393384,19.334373474121094,5.753453731536865,43.64085006713867,0.6769958138465881,1.6614277362823486,0.8257355690002441,0.03829057887196541,14.16908073425293,0.6178487120985325,0.027122981916905566,0.43484553694725037,0.5108034014701843,0.5575281711314307,3.3614005288096007,19.73358154296875,48.14556121826172
240232.jpg,7.3312,0.4978337287902832,0.6391423074567635,0.8794237554539014,4.978257656097412,47.246681213378906,0.9508585491676126,0.46908343572945665,7.206586837768555,3.8939362001591835,14.321571350097656,4.4153571128845215,42.769126892089844,0.5716725587844849,1.6875569820404053,0.8333161473274231,0.04575549066066742,13.395567893981934,0.6303697469269327,0.022250480858448055,0.4267597496509552,0.4931361675262451,0.6251003387686068,3.349677332078671,12.83856201171875,46.42298889160156
240233.jpg,7.3343,0.49989762902259827,0.6391854867970608,0.879056765033463,4.97404146194458,45.50104904174805,0.9522329557076937,0.4541005826378795,7.169262886047363,3.8809235364637544,13.776876449584961,4.24650239944458,41.23858642578125,0.5682596564292908,1.6889331340789795,0.8285723924636841,0.044766899198293686,13.490429878234863,0.6251685331183429,0.024460595868668767,0.417884886264801,0.493152916431427,0.6167604028178577,3.2850399498464204,11.46697998046875,46.714393615722656
240240.jpg,7.3671,0.5011933445930481,0.5851548730025127,0.88440299599349,5.445572376251221,56.54887771606445,0.9470643122004111,0.5147682999452279,7.303761959075928,3.7301783560789215,16.048664093017578,5.330029487609863,46.48778533935547,0.7036523818969727,1.697019338607788,0.8762507438659668,0.03975468501448631,14.006117820739746,0.6659357367224152,0.016517104552877342,0.4471406936645508,0.5104448199272156,0.6110633706357314,3.426148585893271,19.07586669921875,46.52278518676758
240242.jpg,7.3191,0.4938405156135559,0.5915529914491543,0.880750563309259,5.256521224975586,46.64921188354492,0.9407434619089244,0.4535815065277611,7.192452430725098,3.6821249677795276,14.157586097717285,4.371617317199707,41.296451568603516,0.6283061504364014,1.7034032344818115,0.7967368364334106,0.039061762392520905,14.082481384277344,0.5933978949753008,0.0263523030632241,0.4303882420063019,0.49940598011016846,0.5819561697305409,3.3737412166788725,11.96307373046875,47.00732421875
240246.jpg,7.3514,0.5119721293449402,0.5788098929470198,0.8810401921431754,5.569968223571777,53.820167541503906,0.9403925610530802,0.4841289443594953,7.3033905029296875,3.725624259147791,16.359127044677734,5.103196144104004,46.21502685546875,0.7001994848251343,1.7099207639694214,0.8438161611557007,0.04047374054789543,13.928266525268555,0.6313743751799151,0.02294100345463672,0.4335189461708069,0.5144303441047668,0.5797305602076842,3.3567666404504135,15.63250732421875,47.0158805847168
240247.jpg,7.3071,0.4942757785320282,0.6625539643292263,0.8804017755334056,4.881448268890381,42.62252426147461,0.9573084399119559,0.46264008329745787,7.220052719116211,4.008960946297332,12.446149826049805,3.9625160694122314,43.22539138793945,0.5435758829116821,1.6908609867095947,0.8534123301506042,0.047181811183691025,13.26225471496582,0.6358951802856373,0.019814510544686092,0.42712074518203735,0.48969942331314087,0.6472676244903457,3.5745551349679348,12.49481201171875,46.019142150878906
240249.jpg,7.3482,0.49280768632888794,0.6637892338986978,0.8802767905542509,4.865949630737305,42.733154296875,0.9571198857658939,0.46600072961276284,7.198491096496582,4.004135077578866,12.473712921142578,3.9723167419433594,42.53980255126953,0.5421762466430664,1.6951446533203125,0.8472588658332825,0.04627396911382675,13.346632957458496,0.632093643820828,0.019696758357038484,0.4296419024467468,0.48872384428977966,0.6445102391971341,3.5668780355343475,11.71258544921875,46.124515533447266
240251.jpg,7.3401,0.49875718355178833,0.625740537142174,0.8792952591134504,5.105173587799072,44.951473236083984,0.9497581846817458,0.4653626866332635,7.196064472198486,3.848702918755439,12.919456481933594,4.187892436981201,42.298805236816406,0.609287440776825,1.6950808763504028,0.8456840515136719,0.04367898777127266,13.597273826599121,0.6368792836050039,0.01902082688250447,0.42616066336631775,0.49883002042770386,0.6241889081235009,3.556528914284786,12.04608154296875,46.775665283203125
240252.jpg,7.3082,0.5024071931838989,0.6274422878873654,0.8781401416523462,5.098306655883789,46.079402923583984,0.9460267392758568,0.45263779875587584,7.214435577392578,3.86277921374678,15.361318588256836,4.311864852905273,41.748329162597656,0.6218786239624023,1.6879527568817139,0.8479450941085815,0.04322011023759842,13.64314079284668,0.6232664244458773,0.021597121691853342,0.41704604029655457,0.49612492322921753,0.6094838203478128,3.4158253735924022,12.39373779296875,47.38920593261719
240255.jpg,7.3444,0.5041212439537048,0.6183363159449818,0.878574101336469,5.077364444732666,45.592044830322266,0.947974514650942,0.44542402418041127,7.215869426727295,3.8006877316798935,13.864897727966309,4.262582302093506,40.96084976196289,0.5719338655471802,1.6844379901885986,0.8212652802467346,0.043816663324832916,13.58360767364502,0.6099458859000441,0.026508749330983242,0.41807565093040466,0.49246546626091003,0.6021265251827185,3.2767494751715596,12.54949951171875,47.474212646484375
240258.jpg,7.32,0.4972834289073944,0.6022585790485118,0.8795564000312479,5.089404106140137,49.489376068115234,0.9383230049702598,0.45259560216043176,7.230307579040527,3.709837079595241,15.271137237548828,4.663802623748779,43.549964904785156,0.5950779318809509,1.6719450950622559,0.7989717721939087,0.044686343520879745,13.498250961303711,0.5995079142366091,0.02935784729612305,0.4240654408931732,0.5009457468986511,0.5837719594340264,3.287985821446377,11.53875732421875,47.683528900146484
240263.jpg,7.3322,0.49447599053382874,0.6497931347781046,0.8790293907949271,4.965426921844482,46.06856918334961,0.9551422981111886,0.464363827362838,7.205209732055664,3.9542103175317624,14.700651168823242,4.31061315536499,42.80362319946289,0.5737519860267639,1.6891260147094727,0.838953971862793,0.045314956456422806,13.43758487701416,0.6334654075479945,0.019891987436590902,0.4270937740802765,0.48952269554138184,0.6294909970226668,3.5600680719150466,12.67840576171875,45.97289276123047
240269.jpg,7.2785,0.5054641366004944,0.6384124266527272,0.8785875973029533,5.030006408691406,44.63299560546875,0.952768423518987,0.45224298661032236,7.217948913574219,3.909634998411949,14.032968521118164,4.162781715393066,41.38215637207031,0.5838443636894226,1.6847976446151733,0.8488293886184692,0.045377206057310104,13.431623458862305,0.6251623076770578,0.02369573925862509,0.41652923822402954,0.4946657121181488,0.6246643853609715,3.4112230197371365,12.22381591796875,47.581783294677734
240270.jpg,7.3432,0.506902813911438,0.6583350068259191,0.8798743550491316,4.904520034790039,41.48708724975586,0.9585013048044427,0.45998859346514864,7.19730806350708,3.9835407876882076,12.031866073608398,3.8428356647491455,41.376914978027344,0.5314213633537292,1.6975934505462646,0.861530065536499,0.04705233499407768,13.274188995361328,0.6386670290118777,0.019493666967516143,0.4223040044307709,0.481448233127594,0.6511206031485794,3.4958440499197954,11.41033935546875,46.454612731933594
240273.jpg,7.3111,0.5057136416435242,0.6061142984705685,0.8812887807721558,5.365392684936523,50.15936279296875,0.9467002912539364,0.49528517832123387,7.262223720550537,3.8269009610769125,14.654510498046875,4.730435848236084,44.641483306884766,0.677686333656311,1.7074062824249268,0.8780197501182556,0.041763998568058014,13.791979789733887,0.6531222950044814,0.01702859945668639,0.4375060498714447,0.5008395314216614,0.613427985516962,3.3492849724826326,15.29998779296875,46.582763671875
240274.jpg,7.3958,0.4946781098842621,0.5843490144150311,0.8797886670628415,5.341339588165283,50.30326461791992,0.9427348399054412,0.48061095901047307,7.188682556152344,3.6609637020418777,14.77934741973877,4.725322246551514,41.4879264831543,0.6324503421783447,1.6744790077209473,0.8640580177307129,0.03878796845674515,14.113030433654785,0.6487857899648586,0.018130196134309915,0.43549296259880066,0.49045491218566895,0.6105314671232027,3.442928021915442,13.24627685546875,45.54003143310547
240279.jpg,7.3802,0.49476486444473267,0.5591055689910656,0.8790897237982644,5.520536422729492,54.482757568359375,0.9408199099466613,0.49174065845390125,7.273414611816406,3.5765950007000153,16.55544662475586,5.162381172180176,44.263580322265625,0.679611086845398,1.6917921304702759,0.8369381427764893,0.03703133389353752,14.31430721282959,0.6178891875925501,0.023969837472964706,0.4436277151107788,0.5198732614517212,0.5822105580535708,3.2768017288796334,16.63006591796875,49.17612838745117
240282.jpg,7.3785,0.5086218118667603,0.6045715674822726,0.877194121792372,5.293923377990723,51.2652587890625,0.9445972273470492,0.45367273808056957,7.212456703186035,3.7805120874984244,16.92955780029297,4.836476802825928,43.054039001464844,0.6141934394836426,1.6723504066467285,0.8197189569473267,0.04454862326383591,13.51165771484375,0.6327168054711472,0.024213114431282524,0.42003464698791504,0.505577564239502,0.5823727165622298,3.341444332916575,12.03973388671875,47.831268310546875
240286.jpg,7.2886,0.4860144555568695,0.5962990498579692,0.8783690021753264,5.285954475402832,45.99842071533203,0.9413433863311135,0.4783156375153512,7.094654083251953,3.6912837327433277,13.52399730682373,4.306494235992432,39.920902252197266,0.6267856359481812,1.6866743564605713,0.8403685688972473,0.03636084496974945,14.393661499023438,0.6174187724568229,0.022608332275915407,0.4310837686061859,0.5057018995285034,0.5993005560289806,3.3017161605238607,16.03826904296875,45.45543670654297
240288.jpg,7.3378,0.49404144287109375,0.6237708653056347,0.8785186106584933,5.117634296417236,48.735721588134766,0.9517067048296731,0.4843073214188343,7.227652549743652,3.850327015896248,14.070361137390137,4.54586935043335,43.15717697143555,0.59136563539505,1.6957377195358276,0.821044385433197,0.044000864028930664,13.565388679504395,0.6353062187774532,0.019291076108301084,0.4355420470237732,0.49557846784591675,0.6219401854165112,3.514266755841184,11.83123779296875,48.0462646484375
240290.jpg,7.3682,0.5041665434837341,0.5337679362224413,0.880075382488996,5.58202600479126,68.64482879638672,0.935779236589275,0.48456000399867033,7.26671838760376,3.429133475172236,21.837800979614258,6.554446697235107,44.33693313598633,0.7060320377349854,1.6905635595321655,0.8222529888153076,0.035983677953481674,14.438944816589355,0.6364481157381948,0.01948794601299859,0.4429994821548462,0.5140101909637451,0.551944002462489,3.3372054590483606,19.71942138671875,47.43016052246094
240291.jpg,7.3343,0.5016600489616394,0.5997658264848603,0.8788015826179536,5.267126083374023,51.089290618896484,0.9414631596869953,0.4834536391637416,7.257007598876953,3.755784648989472,16.17717742919922,4.801555156707764,44.45586013793945,0.6409386992454529,1.6876871585845947,0.8306313157081604,0.042690303176641464,13.696708679199219,0.6178480200648314,0.022723934899378632,0.43625617027282715,0.5026892423629761,0.6031154819529301,3.498201830233896,13.33270263671875,46.56755065917969
240294.jpg,7.3355,0.5079429149627686,0.659880929306411,0.8800614497951009,4.964409828186035,41.370826721191406,0.9574709393819671,0.4560680030197931,7.190097808837891,4.010275861367518,12.062176704406738,3.832709550857544,41.765625,0.5408026576042175,1.7032852172851562,0.8512433171272278,0.04694749414920807,13.2838773727417,0.636666664703341,0.019933041091468554,0.4180341362953186,0.4900449514389038,0.6417065204654833,3.5523511755979063,12.49969482421875,46.977962493896484
240299.jpg,7.32,0.5053238868713379,0.662271700721162,0.8797137617199032,4.8594512939453125,41.46589279174805,0.9576298212356857,0.46179396580122134,7.1778388023376465,3.985990363677809,12.238107681274414,3.851181745529175,41.96112823486328,0.5362265706062317,1.6903717517852783,0.8578341007232666,0.047393471002578735,13.242815017700195,0.6319010687330255,0.020534249249161193,0.4243227243423462,0.4881712794303894,0.6460670771553688,3.624267878442596,11.39520263671875,47.29889678955078
240302.jpg,7.2866,0.497702032327652,0.6676117413008851,0.8795711491245639,4.942070484161377,38.5378532409668,0.9589600203641316,0.4483813842733122,7.113659858703613,4.024286030019352,11.480842590332031,3.573052167892456,39.44462203979492,0.5430260300636292,1.6892752647399902,0.8587899208068848,0.043638698756694794,13.601283073425293,0.6274132902290768,0.02009928544236376,0.41416478157043457,0.4823649525642395,0.63932095523412,3.650702529221742,10.53045654296875,45.4499397277832
240305.jpg,7.3051,0.49786216020584106,0.66216197288239,0.8804036886981068,4.868641376495361,43.03382110595703,0.9581818997608661,0.47391942710029167,7.242035865783691,4.009627220388952,12.446279525756836,3.996237277984619,43.55887222290039,0.5320642590522766,1.6955500841140747,0.8590999841690063,0.04821726307272911,13.167973518371582,0.6416185106409641,0.019624213673551025,0.42964088916778564,0.4848823547363281,0.6532237544390208,3.4898816993621087,12.39422607421875,45.87010955810547
240306.jpg,7.366,0.4967339038848877,0.6362368674077064,0.8789103930282264,5.154460430145264,43.42863082885742,0.9509267735919213,0.47834959242062286,7.223939418792725,3.937808733007806,12.804254531860352,4.054958343505859,42.705360412597656,0.6205741167068481,1.6943742036819458,0.8610844612121582,0.0429258830845356,13.672807693481445,0.6350115713020509,0.01821746862232213,0.4307405352592468,0.49929624795913696,0.6279114998592507,3.4695016775702845,12.26873779296875,46.894874572753906
240311.jpg,7.2826,0.5038194060325623,0.5893696703207258,0.878232810611348,5.369569301605225,49.710113525390625,0.9376463509535526,0.47880485008431695,7.197741508483887,3.7034069291287572,15.421551704406738,4.6756181716918945,41.783206939697266,0.6409946084022522,1.677358865737915,0.8304709792137146,0.03989234194159508,13.991104125976562,0.6072348019847158,0.026278245493312924,0.43732118606567383,0.5137939453125,0.5921400283166302,3.344665728238098,14.82537841796875,46.12492370605469
240314.jpg,7.313,0.4968722462654114,0.6423258107147172,0.8798118061753476,4.998981952667236,43.40753173828125,0.9528201358498903,0.4562393263094333,7.171219825744629,3.9086293838879627,12.791167259216309,4.0479912757873535,41.79233169555664,0.5548514127731323,1.7093549966812134,0.8288511633872986,0.04511070251464844,13.45720386505127,0.6231030071912523,0.020809236926538036,0.4251897931098938,0.48956388235092163,0.6229630614454481,3.4683793958151727,12.46893310546875,47.608680725097656
240316.jpg,7.3049,0.5046197175979614,0.6653898211373694,0.8801388584202825,4.9070963859558105,42.761898040771484,0.9575100996625979,0.47707333699775334,7.205447196960449,4.029793844235966,12.526898384094238,3.971017599105835,42.25648880004883,0.5385931134223938,1.7059917449951172,0.8470810055732727,0.047290876507759094,13.252225875854492,0.6408002450806531,0.01933784549576022,0.42910468578338623,0.4880663752555847,0.6460463935209569,3.612713765021484,12.07196044921875,46.80018615722656
240317.jpg,7.3556,0.48112964630126953,0.612001881547543,0.8787881267018443,5.047472953796387,46.5507926940918,0.9452194960670997,0.4756269367095078,7.131002902984619,3.7266361955741854,13.604143142700195,4.341678142547607,39.61445236206055,0.5775853991508484,1.709434986114502,0.828815758228302,0.03901585191488266,14.087590217590332,0.6181849910095524,0.022008554396746868,0.4288690686225891,0.4963778555393219,0.6120309151751261,3.398413784441915,12.42156982421875,46.855369567871094
240318.jpg,7.302,0.48988017439842224,0.583947589925797,0.8804127239381582,5.275891304016113,53.290260314941406,0.9401858409512717,0.4933730792277589,7.270293712615967,3.6631679450051937,15.219205856323242,5.003445625305176,44.70592498779297,0.6547092199325562,1.6892871856689453,0.8335831165313721,0.04079041630029678,13.89441967010498,0.6337125793877535,0.02059941301348706,0.44185006618499756,0.5167014598846436,0.6001067931195897,3.3147949000061097,14.00946044921875,47.667510986328125
240319.jpg,7.4098,0.48332950472831726,0.6238904986825553,0.8789131894944441,5.021657943725586,44.80051803588867,0.94661875859123,0.45929986910664056,7.134197235107422,3.7919726943366623,13.282671928405762,4.177140712738037,39.9732666015625,0.5753400325775146,1.6991724967956543,0.8293776512145996,0.03993029519915581,13.986974716186523,0.6130985877708875,0.02225171208178261,0.4240673780441284,0.49677252769470215,0.60973002660185,3.3502618397705364,12.93524169921875,46.982521057128906
240322.jpg,7.2414,0.4923644959926605,0.6618487802603695,0.880475611430097,4.858016014099121,43.73049545288086,0.9573847613638187,0.4659534077854032,7.205097198486328,3.991990911002855,12.75346851348877,4.070175647735596,42.94197082519531,0.5475490689277649,1.6907124519348145,0.841785192489624,0.046485163271427155,13.32685661315918,0.6361147692796298,0.019876546917458188,0.42746835947036743,0.49196115136146545,0.6446391314974217,3.48836919748403,11.13934326171875,46.200347900390625
240323.jpg,7.4238,0.5046374201774597,0.6607198824669938,0.8799830456147475,4.836102485656738,44.30881881713867,0.9576066342979046,0.46362022222371935,7.190741539001465,3.973199642043877,12.912317276000977,4.118811130523682,42.54844665527344,0.5446351766586304,1.695129632949829,0.8472691774368286,0.048522695899009705,13.14055061340332,0.6451346154473161,0.01903280381178171,0.42754071950912476,0.49200767278671265,0.644278980840065,3.5245033959532623,11.05340576171875,46.947505950927734
240326.jpg,7.3661,0.4910805821418762,0.666789845920667,0.880041413464727,4.903386116027832,44.05585479736328,0.9589782958064137,0.4781474034135288,7.1731767654418945,4.026276932117163,12.962182998657227,4.079625606536865,41.005577087402344,0.5484163761138916,1.7177536487579346,0.8570910692214966,0.04317585751414299,13.647590637207031,0.6559406213381206,0.01656766983514834,0.4251568019390106,0.4932681918144226,0.6461689750917413,3.5762248732361117,14.57830810546875,47.10197830200195
240329.jpg,7.3777,0.4943239390850067,0.6456146962171794,0.8799619050852263,4.968119144439697,45.45237350463867,0.9546911451482002,0.4782261172590733,7.2146806716918945,3.9327091204039597,13.33983325958252,4.238626956939697,43.2093505859375,0.5577117800712585,1.6956214904785156,0.8322510719299316,0.04563811421394348,13.406723976135254,0.6365204139904107,0.021055182700237714,0.4309980273246765,0.49143001437187195,0.6339122273170255,3.4967393683022068,12.10711669921875,45.290157318115234
240336.jpg,7.3037,0.4907093644142151,0.5719956125860942,0.8772086403785353,5.4527153968811035,47.52383041381836,0.9370178672769152,0.4820357554171544,7.117312908172607,3.595010920924727,13.887285232543945,4.462019443511963,40.54148864746094,0.6530168056488037,1.6784083843231201,0.8398723602294922,0.03532685711979866,14.518949508666992,0.6062668919585549,0.025487075646453243,0.4360947012901306,0.5114048719406128,0.5843397934276554,3.3393524628264575,15.92791748046875,45.19164276123047
240338.jpg,7.3934,0.4928536117076874,0.6081976805103577,0.8785931703603052,5.085159778594971,50.83364486694336,0.9448881969805882,0.47379582145190646,7.240031719207764,3.7480875472747677,16.025182723999023,4.767318248748779,43.83816909790039,0.6045607328414917,1.6826953887939453,0.8123243451118469,0.043693821877241135,13.595800399780273,0.617821898075203,0.02246254729991299,0.4345703721046448,0.4948182702064514,0.6033010221994337,3.534441338313296,10.75018310546875,46.92921447753906
240342.jpg,7.3366,0.49288812279701233,0.6022661278732254,0.8786551776141227,5.131804943084717,49.45429992675781,0.9492055617605495,0.5070896163684669,7.22313117980957,3.7204911316710323,13.968873023986816,4.627755641937256,43.235633850097656,0.5825899839401245,1.7152063846588135,0.8544067740440369,0.043049488216638565,13.660320281982422,0.6509052241719615,0.017481433006610102,0.44089755415916443,0.49629104137420654,0.6256931395785479,3.463274724314618,12.35418701171875,46.20635986328125
240345.jpg,7.3583,0.49460503458976746,0.6356648974153433,0.8791933134628758,5.03614616394043,45.73030471801758,0.950159865418295,0.46307022618658467,7.185780048370361,3.8845365461565553,13.55974292755127,4.270574569702148,42.685569763183594,0.5746511816978455,1.6997053623199463,0.826264500617981,0.045111000537872314,13.457176208496094,0.6236824008989859,0.02174750341756957,0.42606887221336365,0.49222037196159363,0.616673860402321,3.463481248570948,11.86346435546875,45.698665618896484
240354.jpg,7.3829,0.4882277548313141,0.6394068842506002,0.8800052543507216,4.964136123657227,45.293861389160156,0.9531588165602962,0.4629297180502001,7.213284969329834,3.89317518741505,13.2506742477417,4.22337007522583,42.47816467285156,0.5609045028686523,1.6925487518310547,0.8290567398071289,0.04404094070196152,13.561434745788574,0.6274165197000059,0.021538388376539912,0.4252355098724365,0.4860263168811798,0.6248591181372539,3.44930537903789,11.36883544921875,46.950927734375
240355.jpg,7.3337,0.5135127305984497,0.5651659909121161,0.8786119643092617,5.710976600646973,55.65138626098633,0.9438502848619251,0.5062673282685672,7.336437225341797,3.686987441735429,16.969945907592773,5.268248558044434,46.55644226074219,0.692585825920105,1.6975129842758179,0.8830846548080444,0.03893403336405754,14.09670639038086,0.6634018485010728,0.01789967193197946,0.4417203664779663,0.5154348015785217,0.5912222147849476,3.287110097303678,18.41229248046875,47.44099426269531
240357.jpg,7.3012,0.49954867362976074,0.6600572312234128,0.8805362074552783,4.894720077514648,44.6222038269043,0.9570578242663,0.46793340891417173,7.238205432891846,4.004224667156365,12.86841106414795,4.145632266998291,43.62066650390625,0.5451295971870422,1.6952736377716064,0.8428701758384705,0.048487622290849686,13.143692016601562,0.6399039151515539,0.019353514725324195,0.42943865060806274,0.4891805946826935,0.6482309678719881,3.496681778856205,12.54119873046875,47.09771728515625
240358.jpg,7.3112,0.49681663513183594,0.6562291080794146,0.8797764794104436,4.8947954177856445,43.85329818725586,0.9576433799909818,0.46577354285109324,7.207664966583252,3.971005398636546,13.298750877380371,4.091676235198975,42.63718032836914,0.555428683757782,1.6746413707733154,0.8576743602752686,0.04634687304496765,13.33979606628418,0.636370563145989,0.021677568084394628,0.4280991554260254,0.4921848773956299,0.6428425172236676,3.4466663207856247,12.05780029296875,45.715274810791016
240363.jpg,7.3466,0.5005176067352295,0.5539197047428958,0.8796778547575878,5.395024299621582,59.2577018737793,0.9319029655756929,0.46148282753412223,7.228449821472168,3.4962059651128694,18.79550552368164,5.6332573890686035,43.49656677246094,0.667988657951355,1.6610784530639648,0.8194472789764404,0.039453163743019104,14.03918170928955,0.6121937723353137,0.027868564292953268,0.4341889023780823,0.5105059146881104,0.5579161769881751,3.4065856625955817,19.07000732421875,48.04328536987305
240364.jpg,7.3224,0.5007951259613037,0.6503652077875542,0.8791982419267497,4.952916622161865,46.18904495239258,0.951852496732763,0.45002266926289086,7.202075004577637,3.9526035855447503,15.317267417907715,4.324698448181152,43.08204650878906,0.6023023724555969,1.6935296058654785,0.8369213342666626,0.04683725908398628,13.294085502624512,0.6244709677724363,0.021774159655386007,0.42348718643188477,0.49298447370529175,0.619579935860892,3.5021315110117563,12.71014404296875,46.9772834777832
240370.jpg,7.2809,0.5013686418533325,0.6498093190796433,0.8797609232723781,4.884449005126953,45.07400894165039,0.9537979266344232,0.462505529304768,7.210567474365234,3.929739101370414,13.031164169311523,4.191164493560791,41.66412353515625,0.5463071465492249,1.7024688720703125,0.860461950302124,0.046736713498830795,13.303418159484863,0.6513074449328602,0.016771377380299542,0.42473652958869934,0.48650234937667847,0.646439996559913,3.5260515720434897,10.97528076171875,46.07450866699219
240371.jpg,7.321,0.5015498995780945,0.6789060754885344,0.8800438380454558,4.804444789886475,43.00275802612305,0.9612227850448785,0.4739174481750172,7.183182716369629,4.0692492591257565,12.85386848449707,3.9917938709259033,42.25152587890625,0.5316407084465027,1.684126853942871,0.8658096790313721,0.047600582242012024,13.223877906799316,0.6611127459357333,0.016348840156032805,0.4276825487613678,0.47519156336784363,0.6559287361584517,3.698172241046746,12.55877685546875,46.74958419799805
240375.jpg,7.3785,0.4992081820964813,0.6231309400874566,0.8791118141981795,5.05661153793335,45.57814407348633,0.9512379989639058,0.4716608475049155,7.175662994384766,3.811166012443099,13.502678871154785,4.25423526763916,41.71224594116211,0.5603151321411133,1.6891303062438965,0.8211203813552856,0.04382913187146187,13.582371711730957,0.6135483352430413,0.02457564721424188,0.4331609606742859,0.49452662467956543,0.6184148887452572,3.455713053466181,11.48211669921875,47.89252471923828
240377.jpg,7.3017,0.49555227160453796,0.6293350696556511,0.8791810641776819,5.008926868438721,48.59351348876953,0.9470331849335253,0.46094259959600514,7.208087921142578,3.8443097765450194,15.320566177368164,4.556588172912598,42.84245681762695,0.6013976335525513,1.6899330615997314,0.8307586312294006,0.04468635842204094,13.498250961303711,0.6268478270784614,0.02273705181965862,0.42537760734558105,0.49407628178596497,0.6120885489140647,3.561604963824388,12.70379638671875,46.038726806640625
240382.jpg,7.311,0.5058780312538147,0.6591607188627698,0.8800157535301758,4.891814231872559,42.6308708190918,0.9575978001982874,0.4625000525851481,7.183104991912842,3.9796680483883797,12.490134239196777,3.956624746322632,41.9423828125,0.5353436470031738,1.7032884359359741,0.850918173789978,0.047047220170497894,13.274660110473633,0.6360742317189327,0.020457586916014275,0.42355993390083313,0.4877592623233795,0.6447660789908392,3.585397194457803,12.16473388671875,47.10456848144531
240384.jpg,7.2942,0.49604007601737976,0.660889432023759,0.8803294417483216,4.857495307922363,44.114776611328125,0.9577737631530664,0.4656961432170274,7.206942558288574,3.9866419431268447,12.856796264648438,4.107626438140869,42.86905288696289,0.5420123934745789,1.679864764213562,0.841415524482727,0.04715292155742645,13.264913558959961,0.6388365796454228,0.019950176197206692,0.42861807346343994,0.4874502420425415,0.6448839231269548,3.521192804942489,11.69647216796875,46.62979507446289
240386.jpg,7.3243,0.5023465156555176,0.585251853983713,0.8798239731812724,5.285593032836914,58.17718505859375,0.9351194011562509,0.4822710831265553,7.268829822540283,3.6737603570250705,19.09584617614746,5.508543968200684,44.72721481323242,0.6700845956802368,1.6827456951141357,0.8369917869567871,0.042123667895793915,13.754738807678223,0.6325503662213324,0.020665581134038047,0.43568140268325806,0.5075004696846008,0.5884614451006813,3.3371961694532226,15.26336669921875,46.512298583984375
240389.jpg,7.377,0.48409920930862427,0.650974114152697,0.8802374560598936,4.886051177978516,44.96826171875,0.9556973799699673,0.4656584697806774,7.190232276916504,3.930685691269554,13.140392303466797,4.18559455871582,42.49295425415039,0.5573208928108215,1.672090768814087,0.8430275917053223,0.04379700869321823,13.585556030273438,0.6417402116622889,0.01858843713534321,0.42788052558898926,0.4877466559410095,0.6365240724798199,3.545626435016968,12.13201904296875,47.60004425048828
240396.jpg,7.3336,0.48275694251060486,0.6163150852648708,0.8776681293382624,5.067513942718506,46.71815490722656,0.9477245813842021,0.483989301990285,7.113104343414307,3.7535606881558294,13.65973949432373,4.360556125640869,40.27628707885742,0.5975038409233093,1.6823034286499023,0.8199220299720764,0.03878122940659523,14.113784790039062,0.6213661035915136,0.021627847970489587,0.4328460097312927,0.4983723759651184,0.607924285190076,3.4440137377112436,12.20819091796875,44.84357452392578
240401.jpg,7.3143,0.508895218372345,0.6689137304028185,0.8802217878756871,4.904388427734375,41.03268814086914,0.9596219856698763,0.46511912765248775,7.1883721351623535,4.044519031877398,11.877888679504395,3.797236680984497,41.666526794433594,0.529643177986145,1.7036527395248413,0.8570594191551208,0.047986797988414764,13.18878173828125,0.6425140301350624,0.01836812344320873,0.4210388660430908,0.4894156754016876,0.6519010175958467,3.6892097284349186,12.10516357421875,45.976112365722656
240418.jpg,7.341,0.4978109300136566,0.6436324992248345,0.8798564419961404,4.970983505249023,46.52591323852539,0.956123297380586,0.48374234502374824,7.228554725646973,3.9260216072710676,13.398062705993652,4.327621936798096,42.886253356933594,0.5541161894798279,1.6954448223114014,0.8330816626548767,0.04560842365026474,13.409549713134766,0.6434451779113942,0.018697577028645482,0.4348694086074829,0.4891635477542877,0.6381259955268244,3.4896573222416483,13.05633544921875,47.772361755371094
240424.jpg,7.3877,0.5027806162834167,0.5023829871541116,0.8805199696890366,5.688064098358154,65.5549545288086,0.9133392579248301,0.4464610574460352,7.285584449768066,3.258879519898654,20.966400146484375,6.249941349029541,45.2016487121582,0.6941889524459839,1.696228265762329,0.775719165802002,0.03784036636352539,14.220446586608887,0.611194258834828,0.02557763639279057,0.4292903542518616,0.5166767239570618,0.5204453301740053,3.215216994794564,19.41180419921875,49.70270538330078
240426.jpg,7.3303,0.5123199820518494,0.5905916110426956,0.8818521994487114,5.536477088928223,48.90232467651367,0.9449231864881015,0.4856060196674383,7.293180465698242,3.7885548127086572,14.983726501464844,4.619933605194092,44.21322250366211,0.7050061225891113,1.7057459354400635,0.8637042045593262,0.0379188135266304,14.211453437805176,0.6256660094926614,0.021856371108117886,0.4352400004863739,0.5130837559700012,0.5919884781771424,3.337530250585547,14.38153076171875,46.980812072753906
240430.jpg,7.3394,0.5003592371940613,0.6070627491150737,0.878311342209188,5.139425277709961,52.85940170288086,0.940067807771303,0.4715030222804048,7.2623748779296875,3.7643467563789663,17.542800903320312,4.979339122772217,44.25101852416992,0.6276334524154663,1.6750540733337402,0.8368407487869263,0.044491589069366455,13.517221450805664,0.6265010221737415,0.021355819516514274,0.4288218915462494,0.49456411600112915,0.6002361578849246,3.426198467141557,13.96258544921875,45.320335388183594
240432.jpg,7.2645,0.5019059181213379,0.5347671708013275,0.8778861059943319,5.5792999267578125,68.85352325439453,0.9331982710959015,0.478297213617444,7.315349578857422,3.447827635259287,22.666940689086914,6.5764312744140625,47.265689849853516,0.6898629665374756,1.6964924335479736,0.7834885120391846,0.039687883108854294,14.013422012329102,0.6206261565829514,0.02171932286338241,0.44180601835250854,0.5163113474845886,0.5362016646735335,3.2401354853669537,17.39764404296875,47.26991653442383
240434.jpg,7.328,0.49359655380249023,0.5978299918827004,0.8801221678174679,5.20280647277832,53.45981979370117,0.9405119808447981,0.4764753113791579,7.2459611892700195,3.7211344510376883,16.72319221496582,5.020115852355957,44.42973327636719,0.6395058035850525,1.68609619140625,0.8267294764518738,0.042726464569568634,13.693029403686523,0.6270249862015704,0.020469650938330503,0.43468067049980164,0.49576473236083984,0.6010059098384337,3.467195087116463,13.66766357421875,46.55757141113281
240441.jpg,7.3309,0.4971049427986145,0.5537727474355802,0.8805023911225728,5.359726905822754,62.5526008605957,0.9311065487101943,0.47149476292649023,7.262377738952637,3.4948992427189314,19.748994827270508,5.963197231292725,44.70118713378906,0.6816662549972534,1.6732969284057617,0.8069944381713867,0.03932267054915428,14.053569793701172,0.616349668142081,0.025660875784245453,0.43919259309768677,0.5145577192306519,0.5552337177658595,3.32364800601392,18.83270263671875,47.057315826416016
240442.jpg,7.3009,0.5028879642486572,0.6562657552220902,0.879972274410788,4.941515922546387,43.264461517333984,0.956467598739023,0.46563761703340917,7.230438232421875,3.994030130621608,12.56151294708252,4.018873691558838,42.51583480834961,0.538446307182312,1.700263500213623,0.8458362221717834,0.046585001051425934,13.31753921508789,0.6352129105033738,0.019702043441475324,0.4271238446235657,0.4889168441295624,0.6415153251078985,3.5258293029162067,12.26629638671875,46.68315124511719
240443.jpg,7.3154,0.5012788772583008,0.6547765750574732,0.8803774799264296,4.928841590881348,45.51508712768555,0.9555889355564388,0.46970466695684565,7.248680114746094,3.986789909664015,13.197981834411621,4.238345623016357,43.567989349365234,0.5453513264656067,1.7097282409667969,0.8349322080612183,0.04855024069547653,13.13808536529541,0.6398091005525112,0.018820090377359114,0.43010130524635315,0.4901118874549866,0.6400456325177926,3.536474882331401,12.46990966796875,47.07233428955078
240445.jpg,7.2761,0.4998084008693695,0.5364770244293294,0.8780689453325613,5.4594926834106445,66.12069702148438,0.9249870156347442,0.471180380282388,7.300645351409912,3.422770375763678,21.66838264465332,6.299799919128418,46.608341217041016,0.6700801849365234,1.6888313293457031,0.7793521881103516,0.041343532502651215,13.83592414855957,0.614264593594206,0.022414259869149487,0.4377526044845581,0.5118688941001892,0.5415528750854152,3.305123391770611,15.88836669921875,46.40852355957031
240452.jpg,7.3451,0.501087486743927,0.6237089387353126,0.8784185545057618,5.116043567657471,47.005245208740234,0.9502013013582933,0.46318892072862533,7.206574440002441,3.842875032378423,14.895686149597168,4.404160499572754,42.15810012817383,0.6009985208511353,1.694472074508667,0.8113179206848145,0.043593261390924454,13.605806350708008,0.6087727464741911,0.026181573012848836,0.4297022223472595,0.5029141902923584,0.6019899547475902,3.400538901808672,11.72576904296875,48.648193359375
240456.jpg,7.3648,0.49725762009620667,0.6658354656559169,0.8803709132660106,4.861760139465332,44.143646240234375,0.9586386697957914,0.4788716858747408,7.215634822845459,4.020791248205027,12.880144119262695,4.103890895843506,42.626888275146484,0.5496888160705566,1.6843526363372803,0.8532609939575195,0.04683041572570801,13.294719696044922,0.6499585310784151,0.01876746493677861,0.4291377663612366,0.49048319458961487,0.6536276608669194,3.6275555998748756,12.52166748046875,46.41375732421875
240461.jpg,7.3063,0.4905095100402832,0.6211987936695873,0.8783773731208431,5.11269474029541,47.35651397705078,0.9545688166432218,0.4931359003552809,7.215648174285889,3.8291872389603334,14.02670669555664,4.432885646820068,43.817752838134766,0.6255775690078735,1.6684322357177734,0.8733415603637695,0.04163198918104172,13.805728912353516,0.650319125873495,0.019022199890598772,0.4378274083137512,0.4980403184890747,0.6323345474551395,3.519249027631291,12.16229248046875,48.15806198120117
240470.jpg,7.3145,0.49374476075172424,0.6615266563804149,0.8803910072419299,4.874561309814453,43.51454162597656,0.9580219547246243,0.4740199163517887,7.262270450592041,4.014431406759819,12.584981918334961,4.043009281158447,43.933353424072266,0.5350509285926819,1.6864793300628662,0.861301839351654,0.048290494829416275,13.161383628845215,0.640284023732301,0.020152954465100667,0.43026500940322876,0.484853595495224,0.6535155824527181,3.52989365303042,12.29608154296875,46.18459701538086
240479.jpg,7.2621,0.49243783950805664,0.7001720101016871,0.8813903285567346,4.647592544555664,42.22536849975586,0.9660390234393932,0.4825530757824836,7.183578968048096,4.1419402903348495,12.289495468139648,3.9041810035705566,42.244205474853516,0.5043691396713257,1.7053816318511963,0.8784344792366028,0.04700349271297455,13.278698921203613,0.6862207280428254,0.010261955940828363,0.43004387617111206,0.48960089683532715,0.6774757330256469,3.745110940398365,14.70086669921875,44.985862731933594
240491.jpg,7.3097,0.4994787871837616,0.6567189982452898,0.8798154114702847,4.905387878417969,44.691829681396484,0.9585052352696786,0.47881710511487463,7.206469535827637,3.977055095484028,12.836433410644531,4.143233776092529,41.900177001953125,0.552983283996582,1.6932790279388428,0.8558140397071838,0.04621640965342522,13.352039337158203,0.650901752939591,0.017999332952331425,0.43017739057540894,0.4859931468963623,0.6552661379850626,3.6037255984220278,12.58367919921875,46.56230926513672
260003.jpg,7.3618,0.593819797039032,0.4679269165361162,0.8843779097868001,7.067788124084473,42.21357345581055,0.898726865257024,0.4490809678959357,7.476290225982666,3.4027914116958122,13.423868179321289,3.9326534271240234,57.5145378112793,0.7404314279556274,1.6431069374084473,0.8207842707633972,0.03197069093585014,14.952479362487793,0.645828111761504,0.013678107981625238,0.4158538579940796,0.5094155669212341,0.5185448238717417,3.7557380975219634,11.21063232421875,51.910377502441406
260004.jpg,7.2782,0.4982021450996399,0.6478723506255013,0.8798155018833649,4.950788974761963,43.11903762817383,0.954595909471157,0.45659188670182477,7.180356979370117,3.9297291346548775,12.949464797973633,4.011580467224121,41.33665084838867,0.5711187720298767,1.692731261253357,0.8345478773117065,0.04458518698811531,13.508094787597656,0.6167388233766827,0.024626469066920845,0.4246377944946289,0.4928382933139801,0.6271724825211988,3.4962613254285264,12.78338623046875,47.15599822998047
260010.jpg,7.3613,0.5938306450843811,0.4327212491680584,0.9121519841840209,7.587759494781494,127.20442962646484,0.9426492284754954,0.6197342116819557,7.8489909172058105,3.3399125935536684,33.66518020629883,12.213363647460938,75.57074737548828,0.8254712224006653,1.599410057067871,0.6964243650436401,0.03337268903851509,14.766088485717773,0.720027741679257,0.01234809753453573,0.48069435358047485,0.5951125025749207,0.5482917079312963,4.957883310918794,45.86541748046875,57.18883514404297
260011.jpg,7.3527,0.5981249213218689,0.41831352776661285,0.9098934756966728,7.621553421020508,129.5593719482422,0.9395229772442806,0.6152422932374734,7.865099906921387,3.2391458293175255,34.448604583740234,12.457270622253418,75.61213684082031,0.8183135986328125,1.6207935810089111,0.677888035774231,0.03522753342986107,14.531177520751953,0.7182650327855163,0.012008080998734967,0.4777059853076935,0.5931230187416077,0.5335402381421158,4.853917156765661,44.96307373046875,57.28269958496094
260013.jpg,7.3322,0.5956119894981384,0.41113047472628805,0.906876677574927,7.571114540100098,129.7939910888672,0.9366291222389059,0.6106855539763665,7.840151786804199,3.1680282243792615,34.7250862121582,12.429697036743164,75.25407409667969,0.8078152537345886,1.6100106239318848,0.6764822006225586,0.03439386934041977,14.6351900100708,0.7138083719737518,0.01382456587204402,0.47851893305778503,0.5976536273956299,0.5286541622755746,4.629466524379185,44.63934326171875,56.17218017578125
260018.jpg,7.354,0.49743014574050903,0.6733676416345912,0.8791402181278776,5.407701015472412,24.144624710083008,0.9513762502004113,0.45570621646898535,7.217902183532715,4.250848679405516,8.659954071044922,2.187761068344116,40.56724166870117,0.6329646110534668,1.7244789600372314,0.8904098272323608,0.031091272830963135,15.073615074157715,0.5261226682787359,0.018626632587083636,0.4399562478065491,0.530387282371521,0.5624953669428456,3.9470248791770453,23.72186279296875,47.82144546508789
260022.jpg,7.2974,0.49668389558792114,0.6497312260135817,0.8783568990849442,5.571537971496582,24.995378494262695,0.9488772931621532,0.44299905639955117,7.27158260345459,4.172300245174741,9.125276565551758,2.2718303203582764,41.92869186401367,0.6469688415527344,1.6843006610870361,0.8612173795700073,0.03183996304869652,14.970274925231934,0.526177889456057,0.019412395023608992,0.43683725595474243,0.5294461250305176,0.5428318846324449,4.135947476673919,22.66082763671875,46.391029357910156
260023.jpg,7.3544,0.58912193775177,0.4762085900206256,0.8900168013389206,7.036184310913086,47.415626525878906,0.886429874286775,0.41172642635497825,7.509029388427734,3.463286460385538,15.367887496948242,4.45153284072876,57.98066711425781,0.7687736749649048,1.6700316667556763,0.789668083190918,0.032350875437259674,14.901140213012695,0.6564341793030979,0.012365865306273194,0.40686050057411194,0.515491247177124,0.4864321545980922,4.052712142522799,9.76092529296875,56.068904876708984
260026.jpg,7.2943,0.5099152326583862,0.6765858916571807,0.8782659189076488,5.46039342880249,24.816421508789062,0.950034918947997,0.4381951299798729,7.295302391052246,4.3151744388140525,9.177776336669922,2.2540767192840576,43.12492752075195,0.6513397097587585,1.6886260509490967,0.8858048915863037,0.03502828627824783,14.555811882019043,0.5304338684593055,0.01865147823251074,0.43467795848846436,0.5287301540374756,0.5513029533250668,4.100482004403396,21.80926513671875,46.94200134277344
260028.jpg,7.3374,0.5913147926330566,0.41674495774114473,0.9085202962328299,7.564283847808838,128.77984619140625,0.9389318807961055,0.6167701835837148,7.829083442687988,3.207561581866271,34.448219299316406,12.373122215270996,75.65462493896484,0.8129901885986328,1.6126129627227783,0.6793001890182495,0.03478457033634186,14.58613395690918,0.722314573493361,0.011967921839957256,0.477140873670578,0.5945866703987122,0.5335856399611746,4.910738621263474,44.67156982421875,56.75471496582031
260033.jpg,7.3614,0.5696301460266113,0.5016408291104538,0.890802648380629,6.989102363586426,40.36641311645508,0.8972267460667951,0.4136858117411727,7.461138725280762,3.624424723647804,13.628905296325684,3.76574444770813,55.828338623046875,0.7740707397460938,1.664015293121338,0.8131982088088989,0.029159752652049065,15.35216236114502,0.6271860169515602,0.013885064402574367,0.4049290418624878,0.5285599231719971,0.49099254004742754,4.1080720711010885,9.13397216796875,52.25807189941406
260034.jpg,7.3483,0.5953390598297119,0.4126961954834068,0.9082745954222576,7.592437744140625,130.36322021484375,0.9382112761813319,0.615466836724945,7.839842796325684,3.1844292826444924,34.92195510864258,12.54026985168457,75.38928985595703,0.8128689527511597,1.6209642887115479,0.6706421375274658,0.03460798040032387,14.608238220214844,0.7145133526714127,0.012099394589791004,0.47756439447402954,0.5947608947753906,0.5266740331217545,4.853219773112442,44.50604248046875,57.35470962524414
260038.jpg,7.3595,0.4987231194972992,0.5602951055390338,0.8791455075211345,5.368467330932617,57.01543045043945,0.9333438004807431,0.4616487606190847,7.2174577713012695,3.525926448996678,18.10248565673828,5.4087629318237305,43.1566047668457,0.6547240018844604,1.669731616973877,0.8179866075515747,0.039476390928030014,14.036626815795898,0.6102867114889974,0.02771740087256326,0.4328690767288208,0.5046276450157166,0.5640448141812777,3.3601254625080905,17.15350341796875,47.251399993896484
260041.jpg,7.2712,0.578319251537323,0.5188586591605757,0.8987036885694754,6.993264675140381,47.767601013183594,0.8956546051895119,0.41137889927640514,7.551944255828857,3.773463302721451,15.536690711975098,4.478454113006592,61.71908950805664,0.8038409948348999,1.6919655799865723,0.8176414370536804,0.030347663909196854,15.17874813079834,0.6673838618702699,0.009616364586160523,0.40507644414901733,0.5144996643066406,0.49233020422297885,4.0922931027579565,13.42254638671875,53.85728454589844
260047.jpg,7.3585,0.49120521545410156,0.6165399997736017,0.8792752318984797,5.057556629180908,48.07540512084961,0.9484128930550487,0.46174848452940265,7.224518775939941,3.78620711305037,14.412233352661133,4.503026008605957,42.69911193847656,0.575649082660675,1.676300287246704,0.8107867240905762,0.04359365999698639,13.605766296386719,0.6113677783393919,0.02662788821839847,0.42802032828330994,0.4886050522327423,0.6029533977840265,3.292595747238578,11.17254638671875,48.145565032958984
260048.jpg,7.4032,0.5993782877922058,0.4135672799915879,0.9080250096997455,7.622381687164307,129.61595153808594,0.9382050241759711,0.6111365497920112,7.844968795776367,3.19840258495716,34.41620635986328,12.417216300964355,75.66498565673828,0.8108536005020142,1.6217119693756104,0.6785309910774231,0.035956837236881256,14.44218635559082,0.7089749556661493,0.013403333893774306,0.47968578338623047,0.598056435585022,0.5302268965823781,4.611722279148254,44.46551513671875,56.37569046020508
260053.jpg,7.3746,0.5647624135017395,0.37361606610943926,0.8639901160861926,6.870427131652832,51.656288146972656,0.9148144355078843,0.5230825244074604,6.950256824493408,2.581821687744794,14.943016052246094,5.069827556610107,31.896739959716797,0.6099895238876343,1.748059630393982,0.8184239864349365,0.01743185706436634,17.586563110351562,0.7376139360846327,0.006918074674964531,0.4352192282676697,0.47056129574775696,0.6185645830882655,3.7815939744281697,28.20721435546875,55.293975830078125
260057.jpg,7.3393,0.5924203395843506,0.47284696172774504,0.8887579950921349,7.0222978591918945,44.230770111083984,0.8888727929573528,0.40543048582864594,7.4940338134765625,3.4320104367261326,14.477873802185059,4.134979724884033,56.670509338378906,0.7645218372344971,1.68023681640625,0.8126190900802612,0.03273225948214531,14.850240707397461,0.6549306984498451,0.010559817784251505,0.40342411398887634,0.5112900733947754,0.4909453643918336,4.045330655625185,9.38836669921875,56.30138397216797
260059.jpg,7.3143,0.5977368354797363,0.4222212742500125,0.9101448353522311,7.614065647125244,127.5987319946289,0.9411097899722759,0.6137546713709632,7.853488445281982,3.2653729266022715,33.899356842041016,12.244102478027344,75.61935424804688,0.8186590075492859,1.6079059839248657,0.6901889443397522,0.03436451405286789,14.638898849487305,0.7172959702316911,0.0125799646749103,0.4801435172557831,0.5949543714523315,0.5394927244738011,4.7373421130869415,45.89813232421875,57.43512725830078
260060.jpg,7.3562,0.49983224272727966,0.6398087699378868,0.8798055274035561,4.9276580810546875,47.73225021362305,0.955320290789941,0.46212187363015983,7.195191383361816,3.8781643831476913,13.867938041687012,4.450836181640625,42.37901306152344,0.5506502389907837,1.6922826766967773,0.8269513249397278,0.047005947679281235,13.278472900390625,0.6398251243693912,0.02017297422305227,0.42685967683792114,0.4887246787548065,0.6284620477239325,3.5332046162601776,12.10809326171875,47.46745300292969
260063.jpg,7.3105,0.5024742484092712,0.651496858476597,0.8806076638740298,5.544421672821045,25.46689796447754,0.9453301355136194,0.4375720182304715,7.278407096862793,4.1770282622474895,9.379829406738281,2.322716474533081,42.301822662353516,0.6603274345397949,1.7033296823501587,0.8682639598846436,0.03234650939702988,14.901725769042969,0.5280021990915517,0.01830272987496367,0.43489909172058105,0.5363757610321045,0.538172179874182,4.084767504818503,20.03045654296875,46.90837860107422
260064.jpg,7.3471,0.6068452000617981,0.47805971950997844,0.8843977969801005,7.072910308837891,46.42316818237305,0.8965003830114487,0.434511306832017,7.568258762359619,3.499685358681278,14.293689727783203,4.330214023590088,59.137577056884766,0.738265872001648,1.6676294803619385,0.8184840679168701,0.03520878404378891,14.533490180969238,0.6577767764170722,0.012611762353541094,0.41532644629478455,0.5116556882858276,0.5099274702508232,3.930239382190594,13.07635498046875,54.69764709472656
260068.jpg,7.3592,0.5948256254196167,0.42017802255435727,0.90780996448383,7.584875583648682,127.2518539428711,0.9399988045048556,0.6162638726103414,7.838502883911133,3.240289766454456,34.14670181274414,12.196359634399414,75.13092041015625,0.8120435476303101,1.6206204891204834,0.691067099571228,0.03439033403992653,14.635637283325195,0.7198340036516585,0.012287448244177162,0.4784926176071167,0.5927585959434509,0.5387496189426905,4.540115794408333,44.05633544921875,56.0421142578125
260078.jpg,7.3172,0.49324026703834534,0.5788135239326573,0.8797812191680521,5.32534122467041,52.43244552612305,0.9425241769697887,0.48915861681516803,7.209104061126709,3.6275638675668755,15.359500885009766,4.927840709686279,42.0090217590332,0.6355372071266174,1.666520118713379,0.8607798218727112,0.038589417934417725,14.1353178024292,0.653829393057012,0.018362484092397425,0.4393080770969391,0.4922458231449127,0.6096957085757503,3.4460635080369664,14.27899169921875,45.358299255371094
260084.jpg,7.3826,0.5996647477149963,0.4148329908573843,0.9091894244203362,7.629305362701416,130.9150848388672,0.9403050805030407,0.6193349541735275,7.850088596343994,3.210689088865431,34.688777923583984,12.570804595947266,75.26922607421875,0.8153613805770874,1.6218645572662354,0.6770222783088684,0.03530792146921158,14.521279335021973,0.7153357373862391,0.01232164978950247,0.47997796535491943,0.5975978374481201,0.5307806689406471,4.691994158141198,45.31512451171875,56.657691955566406
260085.jpg,7.3602,0.4976591169834137,0.6466520592882756,0.8763424641663284,5.38256311416626,29.985273361206055,0.955163150172988,0.4314431071659128,7.073931694030762,4.027520635389099,10.954327583312988,2.7269704341888428,38.09566116333008,0.5592398643493652,1.7058401107788086,0.8500418066978455,0.037205662578344345,14.293910026550293,0.5933906948110288,0.012490616711810537,0.4063141644001007,0.4421842396259308,0.5765316133390745,3.8453053771512655,15.09539794921875,50.50895690917969
260087.jpg,7.3351,0.5999369025230408,0.4841038829882938,0.8876000591033488,7.0319719314575195,40.837493896484375,0.8887751447272955,0.4209139269587452,7.496545791625977,3.5166649371738306,13.050661087036133,3.796869993209839,55.82305145263672,0.7559255361557007,1.6635966300964355,0.8083634376525879,0.03219359368085861,14.922306060791016,0.6254559286517226,0.01593391646246399,0.4154973328113556,0.5250551104545593,0.5030556983842506,3.8999239103585017,10.36834716796875,55.42201232910156
260091.jpg,7.3504,0.6048485040664673,0.4180203668587801,0.9077883869665588,7.593564510345459,135.9205780029297,0.9411517633876234,0.6227566776111657,7.821045875549316,3.221818324615965,35.9210090637207,13.028680801391602,75.98871612548828,0.8057222366333008,1.6108014583587646,0.6728208661079407,0.03760763257741928,14.247241020202637,0.7109495618056078,0.013315706668080761,0.48227161169052124,0.5996578931808472,0.5284803982189153,4.9930871422283865,45.40985107421875,56.46308517456055
260093.jpg,7.3526,0.6009112000465393,0.41968426085834454,0.9083941602472079,7.613738059997559,122.0018539428711,0.9395277322731833,0.6082043126608805,7.86798095703125,3.2487245973556913,32.993629455566406,11.69207763671875,75.05311584472656,0.8145663142204285,1.6193666458129883,0.6895058751106262,0.03496696427464485,14.563421249389648,0.7148952563741945,0.013196169328789087,0.4775586724281311,0.5910768508911133,0.5383102180561494,4.641028084674037,42.65252685546875,55.43384552001953
260094.jpg,7.3884,0.49501466751098633,0.6896104555894372,0.8783962008128819,5.330096244812012,25.743894577026367,0.9553681617483092,0.47351877470916687,7.266398906707764,4.343349929491907,9.337881088256836,2.3227617740631104,42.31392288208008,0.611791729927063,1.7222743034362793,0.9399346113204956,0.034167736768722534,14.663838386535645,0.5637678051960785,0.015247046082851252,0.4424784779548645,0.5273647904396057,0.6070757337354864,4.17769648107542,24.64666748046875,50.58298110961914
260097.jpg,7.2799,0.49467945098876953,0.7039436673566257,0.877491688108803,5.081466197967529,27.328046798706055,0.9634774514877503,0.4352810513595669,7.106477737426758,4.289825591248507,10.533605575561523,2.47613787651062,38.11330795288086,0.5702362060546875,1.6765108108520508,0.8933523297309875,0.03793029859662056,14.210138320922852,0.6080670686230608,0.012160467095200075,0.40271034836769104,0.4627058506011963,0.6151126407428833,4.260891246277132,17.79949951171875,47.87237548828125
260104.jpg,7.2512,0.5040058493614197,0.6271119317997476,0.8753938576936515,5.517709732055664,32.79643630981445,0.9504592966714345,0.44154844343544153,7.145119667053223,3.970517429537068,11.843390464782715,3.0018117427825928,39.41081619262695,0.5720109939575195,1.704616904258728,0.8661719560623169,0.03736057132482529,14.27586555480957,0.6089824880806626,0.01341018971943047,0.4104642868041992,0.46295133233070374,0.5717529725574607,3.930525204604681,14.28289794921875,50.3688850402832
260108.jpg,7.4047,0.49749070405960083,0.6442438169763698,0.8783896975136921,5.610681533813477,25.89788246154785,0.9429388388097211,0.4413552471453668,7.282553672790527,4.153205868023724,9.290704727172852,2.3632428646087646,42.83585739135742,0.6254012584686279,1.705672264099121,0.8591281175613403,0.032769981771707535,14.84523868560791,0.5315052039517832,0.01753163950895169,0.4342806339263916,0.5287408828735352,0.5352179592126158,4.03972856447814,18.81414794921875,47.196815490722656
260113.jpg,7.3191,0.549081027507782,0.513717414130675,0.8672216797748712,6.289334774017334,26.054487228393555,0.9328160734396829,0.42349209309916475,7.091978073120117,3.4371159047579614,8.790841102600098,2.469913959503174,35.59236145019531,0.5230711102485657,1.7924655675888062,0.8550927042961121,0.028725508600473404,15.417323112487793,0.5388532150138685,0.02377001623602835,0.41455650329589844,0.46863096952438354,0.530963623710542,3.6370501847941425,5.93914794921875,45.0294189453125
260117.jpg,7.3466,0.5919062495231628,0.48281730461875616,0.8801853063251704,6.989961624145508,38.62076187133789,0.888405725958013,0.39959279110116697,7.434336185455322,3.482159150691956,12.710927963256836,3.5778815746307373,53.71327590942383,0.7207787036895752,1.682865023612976,0.795242190361023,0.03525290638208389,14.528050422668457,0.6095693654578476,0.015883255769401604,0.40248435735702515,0.5121983289718628,0.4866247061222508,4.130529146267046,8.53826904296875,56.34498596191406
260122.jpg,7.2888,0.5008872747421265,0.6592121655170752,0.8799812048758607,4.924017429351807,43.23140335083008,0.9563252866884966,0.4616957226994671,7.220732688903809,4.002995562758729,12.691152572631836,4.019879341125488,42.63713073730469,0.5431380271911621,1.7088176012039185,0.8449171781539917,0.047816332429647446,13.204238891601562,0.6339060505387542,0.019881611080358064,0.42683538794517517,0.4891546368598938,0.640891222350629,3.5225236143245557,11.44744873046875,46.25263214111328
260123.jpg,7.3606,0.5991217494010925,0.4099140960161961,0.9091483082889025,7.648138046264648,131.17752075195312,0.937744315472791,0.6115258735095642,7.857480525970459,3.1779932245987084,34.92757034301758,12.600342750549316,75.9293212890625,0.8162490725517273,1.6287527084350586,0.671824038028717,0.0357060506939888,14.47258186340332,0.7130965234761325,0.012248545899864677,0.47878292202949524,0.5991522669792175,0.5228036305036826,4.824396582536357,44.65106201171875,55.5438117980957
260130.jpg,7.3493,0.5993873476982117,0.4205009306337212,0.9076178110976796,7.5938262939453125,125.126953125,0.939921906322719,0.6134672604925572,7.8684844970703125,3.2509657256749858,33.66421127319336,12.004598617553711,74.39288330078125,0.8116945028305054,1.6203734874725342,0.6864241361618042,0.03491279482841492,14.570154190063477,0.7148491618393876,0.013012311354868229,0.4782027006149292,0.5959370136260986,0.5370365487705624,4.512503765801485,44.39715576171875,56.148067474365234
260134.jpg,7.405,0.5920577645301819,0.41623422217362877,0.9081182286025795,7.571249008178711,129.3004608154297,0.9386847862988198,0.6178902282771181,7.836512565612793,3.2066265242528846,34.51166915893555,12.419047355651855,75.51143646240234,0.8131163716316223,1.6181105375289917,0.6816877126693726,0.03481994941830635,14.581719398498535,0.7164601921835003,0.012049211796495967,0.47829240560531616,0.5953493714332581,0.5337423341988164,4.757373611846539,44.02459716796875,56.145042419433594
260135.jpg,7.3642,0.5032429695129395,0.7031179151131635,0.878846293167432,5.103094100952148,27.387067794799805,0.9635121033720067,0.44085932415082296,7.099678039550781,4.290006890893496,10.071467399597168,2.4635438919067383,38.58108139038086,0.5789185762405396,1.7008250951766968,0.8819720149040222,0.03938320651650429,14.046889305114746,0.6042138475938807,0.012127355608705842,0.40847522020339966,0.4693622887134552,0.6188907911603824,4.307102391744555,18.21405029296875,49.118980407714844
260138.jpg,7.3905,0.5188226103782654,0.4269142522868961,0.8840159652893568,6.4117536544799805,68.6324234008789,0.897723959052965,0.45494431253594353,7.417585372924805,2.9519788159940763,22.497560501098633,6.555397033691406,48.607547760009766,0.7510936260223389,1.696390151977539,0.7574738264083862,0.025131257250905037,15.997858047485352,0.691428720661264,0.011505390510493613,0.4220017194747925,0.5451444387435913,0.48202565492547234,4.027828752736305,25.33172607421875,58.93275451660156
260141.jpg,7.4379,0.46252956986427307,0.5686957739794465,0.8922622329757947,6.05552864074707,20.008438110351562,0.9330100064098446,0.41907056736167503,6.969277381896973,3.7035863969408673,5.893857955932617,1.872958779335022,38.825347900390625,0.7281557321548462,1.8054027557373047,0.7662794589996338,0.016736600548028946,17.763328552246094,0.49410686605849813,0.017719228340920212,0.40678465366363525,0.4889097809791565,0.459222398108543,4.407907138619661,7.20770263671875,45.09706115722656
260146.jpg,7.4546,0.5994316339492798,0.41852281112189577,0.9080105076187371,7.619791507720947,119.19183349609375,0.938810150291558,0.6117855056617953,7.840249061584473,3.2351974457827666,32.215843200683594,11.399748802185059,74.33589935302734,0.8110252618789673,1.6283783912658691,0.6934155225753784,0.03439590334892273,14.634932518005371,0.7019584550208886,0.012540501659731411,0.4812037944793701,0.5940028429031372,0.5338823193279068,4.477313087162349,42.90155029296875,55.95825958251953
260147.jpg,7.5603,0.5989564061164856,0.4058605092993771,0.907076329878122,7.619592666625977,130.5595245361328,0.9367355284047483,0.6094869873310996,7.848056793212891,3.138861600063983,34.89379119873047,12.531537055969238,75.64702606201172,0.8085677623748779,1.634397029876709,0.6692661643028259,0.036333706229925156,14.396903991699219,0.7109974751721903,0.012872588738737405,0.47833845019340515,0.596794068813324,0.5204547904315879,4.514121375354733,45.22332763671875,55.478736877441406
260148.jpg,7.4466,0.506301760673523,0.6513025581318744,0.8774491288492445,5.594852924346924,26.62605094909668,0.9478156197927202,0.4422896856245389,7.328632354736328,4.2085617358134755,9.80114459991455,2.4296436309814453,43.862945556640625,0.6442294120788574,1.6857268810272217,0.8725304007530212,0.03494555875658989,14.566080093383789,0.537794991148413,0.01999351586384633,0.43529897928237915,0.5294002294540405,0.5446220133330966,4.0213343539122315,21.03289794921875,48.110435485839844
260157.jpg,7.435,0.49949556589126587,0.6486921942732926,0.875589321085206,5.407186031341553,31.3402042388916,0.9542197397412622,0.43424448577014946,7.134739398956299,4.067936637147094,11.79555892944336,2.8547592163085938,38.96138381958008,0.5828143954277039,1.7005536556243896,0.8479839563369751,0.03688329458236694,14.331703186035156,0.598137216936078,0.013506170085176272,0.4093800485134125,0.4635201394557953,0.5709686909433668,3.927255713984761,13.07537841796875,50.41368103027344
260164.jpg,7.3509,0.4949006140232086,0.5607469150309706,0.8799493327757619,5.3694281578063965,56.9815673828125,0.9316696648765304,0.46772406265339606,7.238938331604004,3.5350616151033165,17.66153907775879,5.403579235076904,43.02372741699219,0.6666018962860107,1.6664328575134277,0.8378071784973145,0.03870348632335663,14.1225004196167,0.6169762795957854,0.025191718548038828,0.43484652042388916,0.5029964447021484,0.5728955103856572,3.4415749808068443,18.89031982421875,47.05870819091797
260166.jpg,7.4594,0.4995020925998688,0.6544708691614358,0.8796399784426078,4.959248065948486,42.035274505615234,0.9561647904913709,0.4584297588663286,7.185811996459961,3.9743058988950573,12.405606269836426,3.9057304859161377,41.565792083740234,0.5460346341133118,1.6892142295837402,0.8472789525985718,0.04487841948866844,13.47962474822998,0.6334171138843748,0.02009315038408511,0.4199899137020111,0.48798298835754395,0.6358558027361503,3.5060014877924095,12.16033935546875,46.218650817871094
260169.jpg,7.3663,0.5047011375427246,0.6642128205005181,0.877143869190042,5.50624418258667,25.642475128173828,0.9499724374870816,0.445929688599857,7.310035228729248,4.2563807976092605,9.459258079528809,2.3316750526428223,43.681095123291016,0.6314812898635864,1.6924254894256592,0.8924089074134827,0.03581554442644119,14.459284782409668,0.5376731854048339,0.019202599135290842,0.436801016330719,0.526960015296936,0.5595736754163841,3.9985046396998367,21.26580810546875,46.48622131347656
260170.jpg,7.3835,0.5062816739082336,0.6851263544883713,0.8769615292542317,5.453543186187744,25.40667724609375,0.9532025153584386,0.45025379714257313,7.27482795715332,4.360284039556978,9.44976806640625,2.3075520992279053,42.39755630493164,0.633928656578064,1.7036104202270508,0.8920018672943115,0.035129424184560776,14.543290138244629,0.5442810967248161,0.017874231632701573,0.4375447630882263,0.5245263576507568,0.5657889743488101,4.180017002592566,22.69012451171875,47.565425872802734
260172.jpg,7.4358,0.5992612838745117,0.4137218496971328,0.9078035608326352,7.607914924621582,128.9805145263672,0.9381778370577533,0.612219629607015,7.866292953491211,3.201016626223792,34.43744659423828,12.386433601379395,75.2547836303711,0.8123764991760254,1.622920036315918,0.6759652495384216,0.03557213395833969,14.488901138305664,0.7171583449197036,0.012814280723662128,0.47684812545776367,0.5925971865653992,0.5309947513170761,4.730019263794261,44.38348388671875,56.415748596191406
260173.jpg,7.3655,0.5019027590751648,0.6831130947879464,0.8790102429125356,5.3792924880981445,23.723535537719727,0.9524056187193204,0.4485561528431742,7.249431610107422,4.313435995134057,9.00042724609375,2.151393175125122,41.62303924560547,0.6324790716171265,1.7087321281433105,0.8967694044113159,0.03293304145336151,14.82368278503418,0.5302044466080912,0.017444375400717985,0.43753379583358765,0.52689129114151,0.5645353355046556,4.219174170453718,22.39373779296875,47.123756408691406
260179.jpg,7.4722,0.5951878428459167,0.4040057909044093,0.9044561915319691,7.5844407081604,127.49480438232422,0.9376144137956124,0.6110981837085275,7.8322038650512695,3.114214220006282,34.20051193237305,12.234354972839355,74.53502655029297,0.8011630177497864,1.6397953033447266,0.6784798502922058,0.03583582118153572,14.456826210021973,0.7107927496918627,0.012634428739720361,0.4768233299255371,0.593502938747406,0.5316677621136106,4.855139415223735,45.13446044921875,57.58695983886719
260185.jpg,7.4459,0.5980712175369263,0.4107256799910542,0.906673380488491,7.5937347412109375,131.1328887939453,0.9391506725934715,0.6152152175834399,7.865008354187012,3.174658973440108,34.846256256103516,12.613921165466309,74.73922729492188,0.8083595037460327,1.6256976127624512,0.6751710772514343,0.03576062619686127,14.465950012207031,0.7176972840080571,0.012300256302347693,0.4776158928871155,0.5971329212188721,0.5301938220870239,4.841196400572889,45.14617919921875,56.26656723022461
260186.jpg,7.4253,0.6015273332595825,0.4013329917764704,0.9048895491582564,7.603519916534424,132.8878936767578,0.9357880384565886,0.6096863394309558,7.839438438415527,3.098891733800631,35.5970344543457,12.731701850891113,75.29145812988281,0.7991039752960205,1.6302653551101685,0.662773609161377,0.03712313622236252,14.303552627563477,0.7056731948823163,0.013331699891834341,0.47848883271217346,0.5965909957885742,0.5168802851125517,4.475284795495637,44.06756591796875,55.66413879394531
260188.jpg,7.4287,0.5911032557487488,0.4193334742624901,0.912312704616628,7.616108417510986,128.08384704589844,0.9378623482420526,0.6119168181207257,7.834804534912109,3.239550027573255,34.35081481933594,12.322169303894043,76.12980651855469,0.8272024393081665,1.609938621520996,0.6670389771461487,0.032630354166030884,14.863781929016113,0.712992585910375,0.012150843026595255,0.4769987165927887,0.5921774506568909,0.5229139198932543,4.748634938423859,43.84002685546875,56.69773483276367
260191.jpg,7.4439,0.5366426110267639,0.4820749059313758,0.8951070097281761,6.87617301940918,49.63164138793945,0.9249176321881839,0.5300843209827392,7.195979118347168,3.3919246131219403,17.57561492919922,4.6354522705078125,64.25027465820312,0.7664951086044312,1.5772583484649658,0.8214071393013,0.02578313648700714,15.886642456054688,0.6433669431709027,0.012808858907567928,0.42773929238319397,0.5201829671859741,0.5408164867142381,4.032603501982606,7.53143310546875,52.067901611328125
260192.jpg,7.4335,0.48739537596702576,0.5102890556466003,0.8933551791947552,6.347702503204346,27.471588134765625,0.9219582345689411,0.43865958496094976,6.981544017791748,3.400893584083418,9.258227348327637,2.5958313941955566,39.321773529052734,0.7679005265235901,1.7558767795562744,0.7334198951721191,0.016196683049201965,17.90574073791504,0.544980139368571,0.022488848216650533,0.4139312505722046,0.498283326625824,0.45806587584922254,4.160537347259513,5.55975341796875,47.256866455078125
260194.jpg,7.4819,0.6067554354667664,0.461348404208969,0.8875550189360654,7.116156101226807,46.395355224609375,0.8949549091342139,0.4405751303382133,7.537192344665527,3.3801580500414428,14.218140602111816,4.343286514282227,58.089393615722656,0.75296950340271,1.6576554775238037,0.7915401458740234,0.03159688040614128,15.003558158874512,0.654805437355604,0.013034439787853295,0.4219057261943817,0.518372654914856,0.5111753585496334,3.863133944006875,13.86395263671875,55.78258514404297
260195.jpg,7.459,0.5019935369491577,0.645295342430694,0.8779455708999023,5.556734561920166,25.10038948059082,0.9458818909315627,0.42576631639426854,7.280955791473389,4.142062780645681,9.252700805664062,2.290781021118164,42.1719856262207,0.6554660797119141,1.6772804260253906,0.8541582822799683,0.03184375539422035,14.969758033752441,0.52225967289136,0.019272180221915878,0.4281574487686157,0.5298922061920166,0.5227022961522265,4.043453590019829,19.15399169921875,47.224281311035156
260198.jpg,7.4567,0.5997532606124878,0.4092052987319226,0.907539812970566,7.621169567108154,130.75112915039062,0.9379909652204887,0.6125188906663199,7.858649253845215,3.1672193009447955,34.86655044555664,12.566035270690918,75.40746307373047,0.8101010322570801,1.628975749015808,0.6742333173751831,0.036074355244636536,14.428014755249023,0.7127713727904571,0.012436427632817154,0.4786774218082428,0.5990588068962097,0.5240840343612232,4.63487902396433,45.14764404296875,56.46370315551758
260199.jpg,7.3435,0.5573961138725281,0.41033496776785094,0.8855928021766103,7.082570552825928,91.77291107177734,0.9216942951778231,0.5368482378384656,7.646413803100586,3.0219161590131627,27.328224182128906,9.063854217529297,55.13265609741211,0.7617910504341125,1.7133731842041016,0.7764369249343872,0.02678118273615837,15.721702575683594,0.7266226320827365,0.008371527484500983,0.4416872262954712,0.4988180994987488,0.500166775985261,3.701407211289327,34.12762451171875,57.90235900878906
260201.jpg,7.3271,0.5956972241401672,0.42257497549462314,0.9102347647377225,7.60010290145874,129.14881896972656,0.9394805744419332,0.6168910173569158,7.845571041107178,3.2634854531948374,34.3959846496582,12.387837409973145,75.87923431396484,0.8197358846664429,1.6093504428863525,0.6890326142311096,0.03395580127835274,14.690860748291016,0.7146851436026342,0.012613604604782183,0.48009371757507324,0.5967632532119751,0.5386400391702588,5.046644305875801,44.89324951171875,56.169410705566406
260202.jpg,7.3261,0.49364471435546875,0.582001243706469,0.8789709377960216,5.177475452423096,52.06256103515625,0.9314865071814721,0.4512708716382304,7.216841697692871,3.6067648368889067,16.281726837158203,4.924971103668213,43.184688568115234,0.6156080961227417,1.6681787967681885,0.8063694834709167,0.04211709275841713,13.755416870117188,0.6009780714612875,0.029948390606613556,0.424758642911911,0.5016854405403137,0.5744928159086011,3.3348382671592733,13.83172607421875,47.910072326660156
260207.jpg,7.325,0.49807485938072205,0.5526811990081332,0.8799398100552942,5.397522449493408,60.26484298706055,0.9376730264764511,0.4823331098767636,7.253139019012451,3.4959017490051565,17.845027923583984,5.707183361053467,43.77251434326172,0.6554796695709229,1.6597893238067627,0.8277316689491272,0.039775021374225616,14.003896713256836,0.6447312642415449,0.021740174581074887,0.44086742401123047,0.5009686946868896,0.5793159567511518,3.3534053661299206,15.44207763671875,46.72405242919922
260208.jpg,7.298,0.4969528317451477,0.657633860774465,0.8803544751348155,4.85190486907959,44.62412643432617,0.9577453799108723,0.4687096072835859,7.211765289306641,3.966751022966111,12.854475021362305,4.14584493637085,42.371482849121094,0.5527725219726562,1.6857340335845947,0.8519313335418701,0.04669974371790886,13.306855201721191,0.6452168429860851,0.01922710432814227,0.42627012729644775,0.4867970049381256,0.6482375096747635,3.5505412305140687,12.56805419921875,46.94158172607422
260213.jpg,7.3833,0.5831670761108398,0.5003765299354782,0.892559365936526,7.0364298820495605,39.52287292480469,0.8914398142294604,0.40882276818166424,7.443675994873047,3.622761858943779,12.994871139526367,3.679997205734253,56.91066360473633,0.779498815536499,1.6579924821853638,0.8269212245941162,0.030299969017505646,15.185577392578125,0.6419737114510057,0.012034913115860784,0.4042039215564728,0.5228479504585266,0.506517517205466,4.16716148689929,11.24530029296875,53.62535095214844
260215.jpg,7.383,0.592674732208252,0.40819121605641073,0.9062365436036539,7.590086936950684,127.06280517578125,0.9367774567111609,0.6089742766110017,7.863450050354004,3.154006534770394,33.98695373535156,12.224387168884277,73.62825012207031,0.8101601600646973,1.6426101922988892,0.6736483573913574,0.03381245583295822,14.709234237670898,0.7181577395470712,0.012514733430608167,0.4761670231819153,0.5922538042068481,0.5292713898796211,4.912264432155274,44.86053466796875,57.190757751464844
260219.jpg,7.2792,0.5043803453445435,0.6552307966518285,0.8797636802361108,4.947407245635986,43.85553741455078,0.9561360920101821,0.4665743618682024,7.23237419128418,3.9902958665772523,13.041886329650879,4.083177089691162,42.927345275878906,0.547898530960083,1.7010388374328613,0.8469873070716858,0.04775911569595337,13.20943832397461,0.6351009642372833,0.021268445657422058,0.4270377457141876,0.4891955256462097,0.6410678786816744,3.593446154016769,11.18963623046875,46.055599212646484
260220.jpg,7.3148,0.5040501952171326,0.6631775630299231,0.8785557093996248,5.494707107543945,24.672271728515625,0.9502020985060373,0.44153712285778113,7.27473258972168,4.234215324776619,9.104429244995117,2.243746042251587,42.369327545166016,0.6562643647193909,1.681443452835083,0.8825139999389648,0.03287544101476669,14.831284523010254,0.5312406967303235,0.018246295367973703,0.4336050748825073,0.5323144197463989,0.5496664845712628,4.063385102150523,22.18768310546875,48.58616638183594
260224.jpg,7.3266,0.6013708114624023,0.4143850427734618,0.9079833961219081,7.618566989898682,129.87229919433594,0.9411895426381073,0.6181653196047596,7.854989051818848,3.206012873059427,34.37240982055664,12.466290473937988,74.81568145751953,0.8114662170410156,1.6270437240600586,0.6848713159561157,0.03549858182668686,14.49789047241211,0.7169337227388471,0.012382873172111205,0.4805642068386078,0.5966832041740417,0.5380587658856573,4.665909731366661,45.69744873046875,56.569522857666016
260226.jpg,7.3214,0.5010903477668762,0.6523536810044799,0.879226828421367,4.952891826629639,44.92048645019531,0.9574999417420689,0.4580808254342654,7.229259967803955,3.973547707639666,13.35561466217041,4.1734209060668945,42.10124588012695,0.5501692295074463,1.68770432472229,0.8492181897163391,0.046715762466192245,13.305366516113281,0.6456365278593341,0.02004615061465412,0.42116138339042664,0.49644550681114197,0.6361032361556492,3.4454467109869844,12.63250732421875,48.653419494628906
260239.jpg,7.3565,0.6011872291564941,0.42728615543514764,0.9116459318186662,7.6224589347839355,132.64971923828125,0.9414363484874464,0.6199848382193767,7.848996162414551,3.3053772239489625,35.04108810424805,12.733969688415527,76.92272186279297,0.8214083909988403,1.5893299579620361,0.6840690970420837,0.03558361530303955,14.487500190734863,0.7218353903711155,0.012084359197515044,0.47973859310150146,0.59275221824646,0.5402741987546454,4.988832810443254,46.84149169921875,55.997886657714844
260242.jpg,7.3963,0.5983993411064148,0.42571536132535875,0.911857399837652,7.6366400718688965,126.75528717041016,0.9418995154085956,0.6175522480389507,7.855600833892822,3.297650423351394,33.62854766845703,12.155056953430176,75.7218246459961,0.824684739112854,1.6193675994873047,0.6937029957771301,0.034454651176929474,14.627522468566895,0.7160050445040953,0.01204176381659572,0.47993993759155273,0.5945082306861877,0.5434542060340263,4.763613630059865,45.68865966796875,56.48564910888672
260248.jpg,7.3839,0.5942633748054504,0.4213150780346861,0.9103620565199751,7.602280139923096,130.0498809814453,0.9405100177376472,0.6170038606674382,7.841233730316162,3.253300267245283,34.60150146484375,12.492764472961426,76.12841033935547,0.820137619972229,1.611854076385498,0.6834533214569092,0.03473813086748123,14.591934204101562,0.7188208790442668,0.011824205386925121,0.47856953740119934,0.5935083627700806,0.5384901202834723,4.921147730257372,46.92156982421875,57.481666564941406
260252.jpg,7.3883,0.5956649780273438,0.4271244443385914,0.911064720307451,7.59943151473999,130.02420043945312,0.9416156056170538,0.620590824424086,7.8463616371154785,3.2986459435077293,34.360450744628906,12.468123435974121,75.77565002441406,0.8216133117675781,1.6030607223510742,0.6921634078025818,0.03392651304602623,14.694608688354492,0.7161059169860144,0.0127333597808278,0.48165658116340637,0.5995454788208008,0.5442777826844131,4.954256278944921,45.96942138671875,56.19464111328125
260260.jpg,7.4007,0.5033309459686279,0.6101948050102881,0.879712718646108,5.667640686035156,28.58241844177246,0.9323544712954299,0.4301952760572542,7.298074722290039,3.9558174974362856,10.079484939575195,2.6221415996551514,43.75281524658203,0.6793475151062012,1.6804289817810059,0.8443335294723511,0.03336648270487785,14.766895294189453,0.5362317305146755,0.0206494501502288,0.4278995990753174,0.5407524704933167,0.5173904666126623,4.1016803009755805,24.32489013671875,48.320396423339844
260261.jpg,7.3361,0.5061408877372742,0.7162781288509434,0.8785421594711923,5.331298828125,22.66788673400879,0.9569498489077923,0.4480878042530698,7.238916397094727,4.501898167305674,8.549568176269531,2.0446853637695312,41.83649826049805,0.6413896083831787,1.6815130710601807,0.9229689836502075,0.035180192440748215,14.537018775939941,0.5370465681096772,0.0183877451174592,0.43488216400146484,0.5254219174385071,0.5898420920252355,4.355515849629548,26.21258544921875,45.440208435058594
260263.jpg,7.3465,0.5937573313713074,0.41241231150805074,0.9065954546133123,7.58786153793335,124.91815185546875,0.9366674213196936,0.6112054215898998,7.818471431732178,3.1768882644177037,33.80516052246094,11.955487251281738,74.61780548095703,0.8075402975082397,1.636887550354004,0.6904613375663757,0.034270208328962326,14.650832176208496,0.70515357459228,0.013258381737552503,0.48094040155410767,0.5999966859817505,0.5289395606481708,4.407402706199101,41.61199951171875,56.19788360595703
260272.jpg,7.3607,0.5431766510009766,0.4971152711361576,0.9023902006176058,7.008495807647705,42.7780876159668,0.9261766216158769,0.5142491021276161,7.225677967071533,3.538021669810453,15.36111068725586,3.9818687438964844,65.63239288330078,0.7980464696884155,1.5730814933776855,0.8335912227630615,0.024007758125662804,16.196483612060547,0.6375892624139966,0.013522693191545417,0.423764705657959,0.5234082937240601,0.5370282642334421,4.125099844647012,5.11492919921875,46.125465393066406
260275.jpg,7.3866,0.5046688318252563,0.6869410984064066,0.878640558078348,5.418044090270996,23.656688690185547,0.9533913036865811,0.4422151014445417,7.301000118255615,4.368629525753457,8.99850845336914,2.1430001258850098,43.328861236572266,0.644664466381073,1.6763428449630737,0.9044569730758667,0.035368867218494415,14.513788223266602,0.5322158992444032,0.01755237393820184,0.43395179510116577,0.5304453372955322,0.5695682738732989,4.240668119833548,23.64617919921875,45.882476806640625
260282.jpg,7.3055,0.5075553059577942,0.6698361506256462,0.8786907109335413,5.467503547668457,23.70063018798828,0.9502836667793133,0.43375711914898246,7.268640041351318,4.265577086087534,8.575532913208008,2.1527457237243652,42.11759948730469,0.651509165763855,1.693796992301941,0.8848257064819336,0.03377232328057289,14.71438980102539,0.5194157395457122,0.020251569979965828,0.43259620666503906,0.530706524848938,0.5490968618233514,4.09459759254526,23.08123779296875,47.09670639038086
260284.jpg,7.385,0.603545606136322,0.469793160558348,0.8930902981318511,7.1860198974609375,46.31267166137695,0.8981871351315441,0.44335996649816967,7.612948417663574,3.476235696803574,14.479477882385254,4.312455177307129,61.461708068847656,0.7747430801391602,1.6580541133880615,0.7836281061172485,0.03100007399916649,15.086374282836914,0.6453349287041348,0.012307605906792151,0.4202043414115906,0.5170490741729736,0.5002966332737936,3.6050048318883445,13.07196044921875,52.94694900512695
260287.jpg,7.3105,0.50728440284729,0.6679347642461664,0.8777387529043407,5.476806163787842,25.938720703125,0.95086013215805,0.4519072439481073,7.285460472106934,4.262193399137537,9.536063194274902,2.355297803878784,42.4256591796875,0.6396621465682983,1.7019984722137451,0.8766176700592041,0.034671228379011154,14.60030746459961,0.5339442741161489,0.018477687334114635,0.4399765729904175,0.5309759974479675,0.5574119351432845,4.011590941170463,21.60076904296875,46.89215850830078
260290.jpg,7.3681,0.5980048179626465,0.4154069851758236,0.9079542260013587,7.605857849121094,130.81927490234375,0.9387528545777766,0.6130574315674937,7.865312099456787,3.213423861350405,34.595184326171875,12.565869331359863,75.56796264648438,0.8124343156814575,1.6187937259674072,0.6804242134094238,0.035818737000226974,14.458898544311523,0.718065460209745,0.012799408187808633,0.47751784324645996,0.594599723815918,0.5362431710968523,4.811328971107462,45.84149169921875,56.71965789794922
260298.jpg,7.3849,0.5001504421234131,0.655271594221272,0.880223800209905,4.927084922790527,41.969947814941406,0.9567858947969763,0.4560970984447436,7.194950103759766,3.971624783382264,12.249787330627441,3.8949928283691406,42.175533294677734,0.5414642691612244,1.7100822925567627,0.8499892354011536,0.046681515872478485,13.308549880981445,0.6339083718261235,0.019234287883092536,0.4243544042110443,0.4877236485481262,0.6412767055304468,3.521806669499131,13.49383544921875,46.55170440673828
260301.jpg,7.2637,0.6066180467605591,0.4666166468755149,0.8840260845685124,7.07494592666626,41.687957763671875,0.886924538538997,0.41858764196665543,7.491706848144531,3.39852982516617,13.368310928344727,3.8883702754974365,56.0028076171875,0.7363972663879395,1.668531060218811,0.8063169717788696,0.03410094603896141,14.672335624694824,0.6463258505630977,0.012585813610501423,0.41137632727622986,0.5103775262832642,0.5130520407778499,4.034074374856392,10.99578857421875,56.957275390625
260304.jpg,7.3108,0.4981689453125,0.6672730060690193,0.8801878330450681,4.858936309814453,41.52460861206055,0.9577584623790433,0.4555177331114182,7.180538654327393,4.01682073256252,12.178970336914062,3.8548965454101562,42.005733489990234,0.5446420311927795,1.6895204782485962,0.8601687550544739,0.04681574925780296,13.296080589294434,0.6371716256571165,0.019748967302428002,0.4216548204421997,0.48662883043289185,0.6483661284142254,3.558458622915852,12.25506591796875,46.771785736083984
260306.jpg,7.3541,0.599449872970581,0.42848398358747775,0.9127394851863857,7.62917947769165,130.96682739257812,0.9401842574398188,0.619005380173546,7.844326019287109,3.3150824694553886,34.669960021972656,12.594099044799805,77.08954620361328,0.8255276679992676,1.5846376419067383,0.6788123250007629,0.035003744065761566,14.558856964111328,0.7192878460557356,0.01228781989405885,0.47826075553894043,0.5924123525619507,0.5344529697739759,5.167239107474941,46.84490966796875,56.523277282714844
260307.jpg,7.3663,0.6012105941772461,0.41177098009223384,0.9092393222770706,7.646911144256592,131.9475555419922,0.9385009799049856,0.6131064375566062,7.8620452880859375,3.1930766984360393,34.988037109375,12.68474292755127,75.9180908203125,0.8153128027915955,1.6231482028961182,0.6704337000846863,0.03581526130437851,14.459319114685059,0.717796165315879,0.012081650649578697,0.4776071608066559,0.5933130383491516,0.5259053814686605,4.835047986949934,45.32684326171875,56.72389602661133
260312.jpg,7.3398,0.5014173984527588,0.6302461679032716,0.8793314374871571,5.092064380645752,47.47039031982422,0.9499252717503478,0.48168264440636,7.232443332672119,3.8837485318922056,14.071844100952148,4.428308963775635,43.514007568359375,0.580980122089386,1.6863017082214355,0.8323983550071716,0.045631200075149536,13.407382011413574,0.6384827531870653,0.020386774673421246,0.43339818716049194,0.49189692735671997,0.6252391802322044,3.5337629718115835,11.58905029296875,48.019107818603516
260316.jpg,7.2979,0.4950595498085022,0.662984233085114,0.8792982089150243,5.023896217346191,43.5556526184082,0.9600985501973747,0.4904830475220117,7.167360305786133,4.0413176777690545,12.735918998718262,4.02874755859375,41.1473503112793,0.5568591952323914,1.7258585691452026,0.8603305220603943,0.04260372370481491,13.705524444580078,0.6718337187965558,0.013027736804807238,0.42719799280166626,0.4882267117500305,0.6501947441304604,3.6862097591928844,14.16375732421875,46.176605224609375
260318.jpg,7.3315,0.49849778413772583,0.6571034693825413,0.8802769127705286,4.934742450714111,42.472469329833984,0.957327646398139,0.46512486340322,7.198272705078125,3.9863356545374113,12.469415664672852,3.9410386085510254,41.7633056640625,0.5609192848205566,1.6954388618469238,0.8494651913642883,0.045523110777139664,13.417680740356445,0.6347564443184746,0.02043872628968643,0.4259701073169708,0.4861584007740021,0.6432606339370464,3.6013899979702066,11.84686279296875,47.15557861328125
260324.jpg,7.3545,0.5671822428703308,0.5253400943993033,0.901340833715524,7.0100998878479,44.863990783691406,0.9023288437833777,0.4156328918144012,7.524733543395996,3.8178750424432355,16.26772117614746,4.19182825088501,64.25851440429688,0.8109303712844849,1.6829484701156616,0.8129513263702393,0.02948678284883499,15.303727149963379,0.6514046539743396,0.009787008981933031,0.40275901556015015,0.5259866714477539,0.48431098992009997,3.9934639943699595,9.79510498046875,51.033355712890625
260325.jpg,7.4197,0.5937181115150452,0.4115882877419164,0.9108287216300274,7.644558429718018,127.75660705566406,0.9356388278849853,0.6041677419749689,7.839143753051758,3.1864627718534084,34.28905487060547,12.284576416015625,76.2766342163086,0.8225595355033875,1.6187479496002197,0.6612808108329773,0.03312678635120392,14.79820728302002,0.7077343045792429,0.012719469515085019,0.47691431641578674,0.590643584728241,0.5151818899954683,4.611713288007071,44.11395263671875,56.03264236450195
260326.jpg,7.4577,0.538907527923584,0.4866107720883385,0.8664538526899185,6.3170623779296875,21.323850631713867,0.9349965675305963,0.4157798401345696,6.738638877868652,3.176531332216083,7.359792232513428,2.0130231380462646,29.716880798339844,0.5822274088859558,1.81300950050354,0.8237143754959106,0.019390925765037537,17.12401580810547,0.541057592174108,0.013333119493557073,0.3975195288658142,0.4653565585613251,0.5101554618023851,3.762845926731551,3.64178466796875,48.3657112121582
260332.jpg,7.405,0.4993758201599121,0.6975528885615597,0.8787979219435801,5.140425682067871,29.190465927124023,0.9622519490099685,0.44076526186889514,7.109872341156006,4.272628012420492,10.9572114944458,2.6359384059906006,38.752071380615234,0.596547544002533,1.7015939950942993,0.8787561655044556,0.038266249001026154,14.17184066772461,0.6113582512166112,0.012557850696983147,0.403062105178833,0.46770721673965454,0.6091917626356114,4.102351913682143,17.97235107421875,48.7536735534668
260333.jpg,7.4536,0.5945989489555359,0.504648565916134,0.8915318196271461,7.076632976531982,42.8624382019043,0.9026359356766918,0.4188100670229482,7.5926737785339355,3.7014317919001467,13.937458038330078,3.975003957748413,59.35233688354492,0.7760393619537354,1.6866214275360107,0.8567841053009033,0.03299703076481819,14.815252304077148,0.6562203141809686,0.0100427710853787,0.4075770378112793,0.5174639225006104,0.5072211241827107,3.5396210199072478,11.19891357421875,55.03150939941406
260336.jpg,7.4343,0.4895060658454895,0.5747354995267904,0.8978722362844949,6.0530877113342285,23.776046752929688,0.9266979704226529,0.4373830344246661,7.155182361602783,3.7956412326833977,7.201160430908203,2.2057743072509766,43.446956634521484,0.7633951902389526,1.7403521537780762,0.7410767078399658,0.022368818521499634,16.503570556640625,0.4835966628749445,0.02431965930189998,0.4126999080181122,0.4957178831100464,0.442999174176047,4.005059347190683,6.60125732421875,46.36503982543945
260344.jpg,7.4275,0.5982982516288757,0.4169220245650743,0.9095328185981664,7.628438949584961,129.04226684570312,0.9399477776529516,0.6149740275044094,7.859092712402344,3.2285541880803414,34.363868713378906,12.398604393005371,75.25874328613281,0.8170340061187744,1.6259950399398804,0.6792059540748596,0.0350155308842659,14.557392120361328,0.7176823715901604,0.012008219713848196,0.47895348072052,0.5959841012954712,0.5310520664315679,4.8303583663675,44.33758544921875,57.189231872558594
260345.jpg,7.3612,0.49678507447242737,0.6443013810248505,0.8780206607795624,5.515397548675537,28.558612823486328,0.9441572133220559,0.45190068560311786,7.302047252655029,4.129160545273928,10.398399353027344,2.6154422760009766,43.76179122924805,0.6522642374038696,1.682887315750122,0.8544321060180664,0.033070821315050125,14.805550575256348,0.5458645066598696,0.019758412077547634,0.43587249517440796,0.5328505039215088,0.536527648852481,3.9855388354251273,19.64617919921875,50.505592346191406
260349.jpg,7.3982,0.5962549448013306,0.42287982158676896,0.9104539513915784,7.5954179763793945,128.2532958984375,0.939307154382844,0.6131383609654373,7.845568656921387,3.2648486569606785,34.28300094604492,12.299631118774414,75.89252471923828,0.8198526501655579,1.5996485948562622,0.6820386052131653,0.033658478409051895,14.729055404663086,0.7108514633287809,0.013400083132862619,0.4800848960876465,0.5996668934822083,0.5322070226289386,4.693801806854965,43.54119873046875,57.18266296386719
260352.jpg,7.3513,0.4922681748867035,0.531929145119189,0.8908058296383798,6.362323760986328,25.800418853759766,0.9307978258122014,0.454775229247044,7.09980583190918,3.5804593933627125,8.209281921386719,2.410151720046997,41.91636657714844,0.7458840608596802,1.775604248046875,0.7366625070571899,0.018522128462791443,17.323091506958008,0.5153331191287224,0.019884732271839563,0.42342662811279297,0.4886411428451538,0.4521640272567384,4.164312744146381,5.41326904296875,46.482421875
260360.jpg,7.351,0.6002097725868225,0.4310977037763181,0.9120062203503658,7.6133713722229,131.1420135498047,0.9407890387533236,0.6182569433516552,7.851994514465332,3.3335497653650545,34.764591217041016,12.61057186126709,76.9683609008789,0.8228122591972351,1.584580421447754,0.6861165165901184,0.03533580154180527,14.517851829528809,0.7215639867501702,0.01201491442087399,0.4786335527896881,0.5913800001144409,0.5403087738700129,5.2029995521463945,47.50750732421875,56.86176300048828
260364.jpg,7.3787,0.5042905807495117,0.5536129420246424,0.8806239705475805,5.496530055999756,69.34231567382812,0.944374354793467,0.49959396274309875,7.326103210449219,3.5493979734818666,21.956579208374023,6.616819858551025,45.52309799194336,0.7095789909362793,1.6916797161102295,0.866437554359436,0.03754565864801407,14.254403114318848,0.6598317123240056,0.017339311233447414,0.44626671075820923,0.5136299729347229,0.5822146934427684,3.2915838085999467,20.13348388671875,46.318843841552734
260368.jpg,7.3541,0.5890692472457886,0.4770961749124307,0.8908652818960896,7.0384345054626465,47.6854248046875,0.8860308256188507,0.41177907339264874,7.510931015014648,3.4707322414760178,15.44256591796875,4.479769706726074,58.209022521972656,0.772431492805481,1.6675989627838135,0.7877165079116821,0.031985312700271606,14.950494766235352,0.6573449670346553,0.012003512785309683,0.4078703224658966,0.5158251523971558,0.4874349519560942,4.07088639303786,10.07879638671875,56.652320861816406
260369.jpg,7.3796,0.5941941142082214,0.40916277512514043,0.9062452900346845,7.595292091369629,127.8816909790039,0.9371110865613539,0.6128221370524456,7.838255882263184,3.1574241664489033,34.53414535522461,12.283868789672852,74.92337036132812,0.8082416653633118,1.6355761289596558,0.6753718852996826,0.03471684455871582,14.594597816467285,0.7101598711352914,0.012222402917899234,0.47671011090278625,0.5939249396324158,0.5239352815944688,4.590595313050792,43.75653076171875,56.9810791015625
260371.jpg,7.3603,0.5357124209403992,0.40797390723311705,0.8736262076208828,6.730980396270752,41.1040153503418,0.9177837485264089,0.48586854907550453,7.113588333129883,2.824118809973033,13.186169624328613,3.972848653793335,37.59186935424805,0.7012386322021484,1.7675869464874268,0.8105498552322388,0.017618916928768158,17.54020881652832,0.6438120977703679,0.011097740114841851,0.439737468957901,0.4748862385749817,0.5488877914736913,3.514065347758286,17.56072998046875,50.94142532348633
260374.jpg,7.3839,0.6009472012519836,0.41296113153527997,0.9097716751044552,7.65684175491333,131.3646240234375,0.9386920732554949,0.6140814422440632,7.864980697631836,3.2049622503790225,34.73976135253906,12.630279541015625,75.88184356689453,0.8176220655441284,1.6258374452590942,0.6720278263092041,0.035607896745204926,14.484538078308105,0.7169944450336122,0.011764437403596754,0.47785550355911255,0.5926365852355957,0.5268612262936945,4.681069320188948,45.77508544921875,56.83620834350586
260379.jpg,7.3463,0.49557629227638245,0.6638200324181416,0.8769087293837566,5.278982639312744,30.369678497314453,0.9586019692249366,0.4381860239224345,7.117317199707031,4.1144684223695975,11.327997207641602,2.761260747909546,38.98052215576172,0.5823051333427429,1.6897777318954468,0.8684621453285217,0.03707604855298996,14.309064865112305,0.6053746373470263,0.013909030370940281,0.4070208668708801,0.46604591608047485,0.5958548709345293,4.002780788852767,14.75653076171875,48.21940612792969
260382.jpg,7.3704,0.5999337434768677,0.41866786101365533,0.9092999179556231,7.620332717895508,132.9688720703125,0.940564946881445,0.6185453723344472,7.862689971923828,3.241129719064377,35.28399658203125,12.786688804626465,75.8816146850586,0.8149489164352417,1.6135203838348389,0.6740350723266602,0.03652268275618553,14.374374389648438,0.7188582874288668,0.01204643541725609,0.4788452386856079,0.5952210426330566,0.5315483272795639,4.968735826329977,46.21990966796875,56.27796936035156
260385.jpg,7.3564,0.5957967638969421,0.4158405298189265,0.9112013664251093,7.6667938232421875,124.1819839477539,0.9377623328621916,0.6029674628787047,7.843414783477783,3.2248944501570715,33.118289947509766,11.908592224121094,76.10433959960938,0.8242545127868652,1.6211968660354614,0.6801562905311584,0.0328543484210968,14.83407211303711,0.7074122982133438,0.013149437645008453,0.4790228307247162,0.5920642018318176,0.5276190929001473,4.445829531910486,44.73016357421875,55.405670166015625
260389.jpg,7.3222,0.5707998871803284,0.48831179263859326,0.8978187059506402,7.035302639007568,52.221370697021484,0.905992234151179,0.4495053609961113,7.509680271148682,3.551252444754917,17.20229148864746,4.904438018798828,63.805362701416016,0.7998858690261841,1.6550463438034058,0.8451440334320068,0.029427554458379745,15.312458038330078,0.6856905106764826,0.009880742073345099,0.4129236936569214,0.5281972885131836,0.5112745158566729,4.041697463063078,13.60760498046875,54.975807189941406
260390.jpg,7.3633,0.5948641896247864,0.4254657677273953,0.9095585695919187,7.5774760246276855,127.0316162109375,0.9411465925375536,0.6202359988580608,7.845585346221924,3.2810000978682208,33.841522216796875,12.169816970825195,75.24402618408203,0.817510187625885,1.6088203191757202,0.6976726055145264,0.03399692848324776,14.685603141784668,0.7170861425492109,0.01257571938004533,0.47997570037841797,0.5972682237625122,0.5467482468404875,4.970108707068078,44.95428466796875,56.96621322631836
260393.jpg,7.3775,0.48056116700172424,0.5469229145154699,0.8921335938962714,6.200965404510498,24.192441940307617,0.9307016764928033,0.4498191070902259,7.019670486450195,3.615344527624467,7.309092044830322,2.2527828216552734,42.05561828613281,0.7474488019943237,1.7773559093475342,0.7374818325042725,0.019025584682822227,17.206619262695312,0.4973092099827847,0.020479833530508036,0.42356663942337036,0.5027532577514648,0.4459302680529783,3.9659577580739978,6.70037841796875,46.98210144042969
260394.jpg,7.3644,0.5002164840698242,0.6973033736697448,0.8776015719890045,5.113774299621582,29.930408477783203,0.9615087962118315,0.4612587552580427,7.146595001220703,4.274611327690904,11.178143501281738,2.7146384716033936,38.65116500854492,0.5570665597915649,1.7151836156845093,0.8863928914070129,0.03952350839972496,14.03144645690918,0.6165549749364534,0.012199927032661123,0.4154549241065979,0.46205228567123413,0.6229911211279966,4.183252446816589,16.13739013671875,50.25336837768555
260413.jpg,7.3812,0.6040768623352051,0.42531398374529295,0.9082086639996644,7.61663818359375,124.28702545166016,0.9425054469044135,0.616330264453846,7.848475456237793,3.288772255682261,33.237762451171875,11.874139785766602,75.51681518554688,0.8115754127502441,1.6195173263549805,0.7017492055892944,0.036883920431137085,14.331628799438477,0.7163477069163393,0.013451673878682334,0.4803268313407898,0.5956001281738281,0.5487157068979165,4.555876881403157,44.43719482421875,56.4311637878418
260414.jpg,7.298,0.5014253258705139,0.6608169952737094,0.8801828929240714,4.895547866821289,44.02656173706055,0.9585036288286526,0.47440773222031113,7.209108829498291,3.999493704202907,12.77629566192627,4.0894293785095215,42.55612564086914,0.5376360416412354,1.7007309198379517,0.8564074635505676,0.047196753323078156,13.260878562927246,0.6470109742573009,0.018789232488034723,0.42697232961654663,0.48815780878067017,0.6508645471750655,3.6152476552730155,12.19793701171875,46.93174362182617
260418.jpg,7.416,0.5969435572624207,0.42031556582835317,0.9117419885689398,7.664825439453125,124.6197738647461,0.939477121369311,0.6085021243840718,7.846053600311279,3.259739662231059,33.27196502685547,11.939719200134277,76.32047271728516,0.8251195549964905,1.6136788129806519,0.6854386329650879,0.0332205630838871,14.785930633544922,0.7114492721858385,0.012900133236409239,0.48141974210739136,0.5932829976081848,0.5337038500738559,4.487585647001701,43.79998779296875,55.300880432128906
260429.jpg,7.3405,0.5034434199333191,0.5299767941941388,0.8801055115856209,5.592835903167725,68.47545623779297,0.9371458151731364,0.4864811714367715,7.27293586730957,3.409290162884407,21.360685348510742,6.530404567718506,44.31020736694336,0.7038319706916809,1.6904418468475342,0.8294557332992554,0.03595931828022003,14.441885948181152,0.6387043450698584,0.019671177243196333,0.44589728116989136,0.5145981907844543,0.5577247530589399,3.2880679624044333,19.96160888671875,47.65669250488281
260435.jpg,7.2872,0.49805936217308044,0.6622330128256099,0.8788381493900164,5.444050312042236,24.66200065612793,0.9501727976740988,0.44699650350407105,7.228402137756348,4.196070177897173,9.111355781555176,2.2348477840423584,41.74985885620117,0.6300567984580994,1.7026982307434082,0.8767076134681702,0.03251372277736664,14.87933349609375,0.5246799287882673,0.019680609853705493,0.4374387264251709,0.528583824634552,0.5551119051495834,4.100686662406431,23.95330810546875,46.36030578613281
260436.jpg,7.3125,0.5029102563858032,0.653343411285991,0.8803055827002166,4.921337127685547,45.9412727355957,0.9561039574721415,0.4729358207675036,7.264979362487793,3.980936898678353,13.30689525604248,4.277390956878662,43.76689147949219,0.5481597185134888,1.6953412294387817,0.8401634097099304,0.04882790520787239,13.113319396972656,0.6407255780762776,0.019792269879030547,0.4315843880176544,0.48874983191490173,0.6437213421235682,3.495351370170746,12.39520263671875,46.093074798583984
260437.jpg,7.3474,0.5956496000289917,0.41402715361370124,0.9077653754619015,7.596419811248779,129.0963897705078,0.9391207599475602,0.6183784790368883,7.840096473693848,3.1955760622304084,34.651302337646484,12.395962715148926,75.01638793945312,0.8113532066345215,1.6248596906661987,0.6799663305282593,0.03455046936869621,14.615461349487305,0.7158150237755275,0.012230066173035382,0.47900426387786865,0.5951471328735352,0.5281741896237989,4.646065215779126,43.80291748046875,56.44664764404297
260439.jpg,7.3422,0.5020825266838074,0.5627107624002002,0.8798151345043677,5.83575439453125,32.93928146362305,0.9237112213733213,0.42105714079010587,7.2444539070129395,3.6801978358618115,11.415804862976074,3.065629720687866,41.4480094909668,0.6790713667869568,1.7259719371795654,0.802713930606842,0.02840522490441799,15.466018676757812,0.5587008813900634,0.019075640539266022,0.42362698912620544,0.5368842482566833,0.4827073646564159,4.025969867428953,10.61932373046875,52.72273254394531
260452.jpg,7.3565,0.5961901545524597,0.4073913384401707,0.9035499210142593,7.572862148284912,127.4477310180664,0.9377079056943836,0.6102685344026825,7.8542656898498535,3.1424465153350116,34.26518630981445,12.239130973815918,73.54318237304688,0.7999264001846313,1.6388535499572754,0.6774150729179382,0.03528409078717232,14.524210929870605,0.7133641179471111,0.013333372258724172,0.477692574262619,0.5948364734649658,0.5299630655102597,4.787112037089823,44.98016357421875,57.29154968261719
260462.jpg,7.304,0.5022295713424683,0.6562158841308822,0.8801639910140474,4.935502052307129,44.049190521240234,0.9568607753271294,0.4705036246359437,7.246176719665527,3.9969178199673046,12.557377815246582,4.085919380187988,42.547977447509766,0.5407286286354065,1.6959565877914429,0.8552587628364563,0.04767628759145737,13.216976165771484,0.6450627960646139,0.019139143081367445,0.4251556992530823,0.48779594898223877,0.6494282161869227,3.576916392329907,12.19403076171875,46.387691497802734
260464.jpg,7.3795,0.6035416722297668,0.4171878955569989,0.9065296259146344,7.5647478103637695,127.8877944946289,0.9386929461955997,0.6149815276748672,7.826034069061279,3.2104316706442866,34.49264144897461,12.254646301269531,76.23837280273438,0.8031269311904907,1.6010591983795166,0.6883089542388916,0.03719466179609299,14.295195579528809,0.7113730140586291,0.013229131559155236,0.478534072637558,0.593309760093689,0.5352624387609156,4.743334861006835,44.36248779296875,57.46717834472656
260473.jpg,7.3261,0.49781742691993713,0.6791058167570884,0.8778096608020035,5.263564586639404,30.002729415893555,0.956617903732089,0.4562022250820588,7.105579376220703,4.199991253703162,11.033178329467773,2.7209489345550537,38.43737030029297,0.5940375924110413,1.6996591091156006,0.8829836845397949,0.036286745220422745,14.402521133422852,0.6070654366336247,0.013033847932940653,0.411653071641922,0.4717109203338623,0.6044173006207959,3.9604443935317746,17.27313232421875,49.0479736328125
260476.jpg,7.3825,0.6005830764770508,0.43069941589836613,0.9123177336989401,7.627633571624756,130.43820190429688,0.9424760497781715,0.6240665801619647,7.841402530670166,3.331260242920278,34.489830017089844,12.533761978149414,76.53333282470703,0.8237412571907043,1.601313591003418,0.6832935810089111,0.03544169291853905,14.50485610961914,0.7204536616694556,0.011606749715527592,0.4792235791683197,0.5914552807807922,0.5391017051553315,5.117790872116492,46.92889404296875,56.218196868896484
260481.jpg,7.3125,0.49257299304008484,0.6864137924586285,0.876946303152689,5.127945899963379,27.517770767211914,0.9634340524011503,0.4362794668083512,7.00974178314209,4.165751344256865,10.410711288452148,2.4816734790802,36.32217025756836,0.5772923231124878,1.6863059997558594,0.8972182869911194,0.03503190726041794,14.555362701416016,0.608053047383885,0.012091316875181717,0.40220439434051514,0.4607967436313629,0.6163116540966252,4.24466643292877,17.87030029296875,48.374305725097656
260483.jpg,7.288,0.5981301665306091,0.3507321282406827,0.8702071386883032,7.245242118835449,102.59992980957031,0.9338563898007766,0.5619795049373515,7.5544304847717285,2.5953668864833794,28.859350204467773,10.154309272766113,48.44136047363281,0.6802578568458557,1.7287840843200684,0.7619084715843201,0.02861166000366211,15.4345703125,0.7504839460304833,0.006967027915807496,0.4575703740119934,0.4887802004814148,0.5349666489499056,3.9389169940349857,38.52508544921875,60.214656829833984
260486.jpg,7.3384,0.6047589182853699,0.41572348688668853,0.9075111890060032,7.6150078773498535,128.7017059326172,0.940977889473738,0.6181808165034379,7.859927654266357,3.2166547076393233,34.392921447753906,12.340619087219238,75.7436752319336,0.8089607954025269,1.614267349243164,0.685839831829071,0.03718065842986107,14.296828269958496,0.718982738188733,0.012489879266956114,0.4782359302043915,0.5924543738365173,0.5398035897504987,4.7862330270163165,44.62615966796875,56.78883361816406
260492.jpg,7.3562,0.5930925607681274,0.41420805526634175,0.9092450553205895,7.604707717895508,124.55941009521484,0.9361874990588528,0.6074606726464779,7.834004878997803,3.197427426410975,33.83607864379883,11.951202392578125,75.3210678100586,0.8174353837966919,1.6236708164215088,0.6760339736938477,0.033218491822481155,14.786200523376465,0.7106376812794497,0.012685350089140856,0.4777013659477234,0.5949544310569763,0.5229957663015199,4.398605363136802,42.04998779296875,56.22929382324219
260493.jpg,7.3557,0.594382107257843,0.4226392832757699,0.9102116906419564,7.588221073150635,130.69740295410156,0.9412020774950993,0.6224110656243038,7.8432111740112305,3.2609725006757593,34.73543167114258,12.557601928710938,75.41559600830078,0.8184422254562378,1.6093997955322266,0.6810223460197449,0.034413985908031464,14.632650375366211,0.7198129393474013,0.011739974987543988,0.4799022376537323,0.5977064371109009,0.5358472619869253,4.94530220679746,44.81365966796875,56.39717102050781
260494.jpg,7.3029,0.6101476550102234,0.4587908623570584,0.8845345484147386,7.147835731506348,45.219905853271484,0.8987900843100537,0.45390062037252366,7.525392055511475,3.365979919698468,13.614008903503418,4.220498085021973,57.948028564453125,0.7405036687850952,1.6553376913070679,0.841238260269165,0.03306521475315094,14.80628776550293,0.6648919536191419,0.012600270810363141,0.42430728673934937,0.5156387090682983,0.5344714757259249,3.9876012453937317,12.61346435546875,57.8569450378418
260501.jpg,7.2775,0.4930902421474457,0.6385642167109298,0.8759845228979746,5.367911338806152,31.541461944580078,0.9563894595101372,0.45215538234895325,7.054412364959717,3.966237536670109,11.450139999389648,2.8882739543914795,37.17321014404297,0.5826607942581177,1.676652193069458,0.9043301343917847,0.03312026709318161,14.79906177520752,0.6180276917628652,0.012586846183114652,0.4086478352546692,0.46173372864723206,0.5959370270366451,3.928694526255703,14.63836669921875,49.510337829589844
260502.jpg,7.3253,0.5062909722328186,0.6839341074916959,0.8777824914066277,5.450534820556641,25.44512939453125,0.9563505602529965,0.4580268083238364,7.302867412567139,4.361256035591625,9.351049423217773,2.3001961708068848,43.05636978149414,0.6324683427810669,1.7000434398651123,0.9113520979881287,0.036547113209962845,14.371469497680664,0.5512541933570797,0.016806494691485305,0.4401688277721405,0.5264776349067688,0.5850832027256724,4.137590603005397,23.66717529296875,46.707035064697266
260505.jpg,7.3735,0.500554084777832,0.6817883304997479,0.8779478918616981,5.459580421447754,23.194076538085938,0.9523821709637361,0.44630039290163614,7.271112442016602,4.339831571105149,8.598532676696777,2.1003220081329346,42.565635681152344,0.6392351388931274,1.6675167083740234,0.901846706867218,0.03392472118139267,14.69483757019043,0.5262106291803447,0.018069236240943067,0.4360804557800293,0.5305827856063843,0.567766891902529,4.254863904828503,24.31951904296875,46.462337493896484
260508.jpg,7.4032,0.5964739322662354,0.4170903822229076,0.9081731866481665,7.576111316680908,130.8865966796875,0.9389194668592211,0.6160684793014625,7.849989414215088,3.217046804204948,34.87124252319336,12.578228950500488,75.76709747314453,0.812429666519165,1.6051933765411377,0.6776493787765503,0.03546488285064697,14.502015113830566,0.7152573945321196,0.012349573494582648,0.4774557054042816,0.5934552550315857,0.5329591302483152,4.9817716892669965,46.18035888671875,56.43697738647461
260509.jpg,7.3564,0.5645146369934082,0.4022961051715644,0.8796977952692411,6.941452980041504,70.1849594116211,0.9126628168165682,0.510230894533596,7.433079719543457,2.8914166603020703,21.856830596923828,6.936553955078125,45.16138458251953,0.7313609719276428,1.7740073204040527,0.788535475730896,0.022039398550987244,16.568004608154297,0.7244845219594366,0.006853807091182502,0.42952412366867065,0.47705549001693726,0.5269625863715766,3.706518152487238,33.39617919921875,59.8428840637207
260511.jpg,7.3657,0.5919417142868042,0.421024582505713,0.91170048207078,7.613234996795654,127.93092346191406,0.9368185169694656,0.6059493304666708,7.839644432067871,3.253028797831785,33.95439529418945,12.266376495361328,76.1933364868164,0.825217068195343,1.5997352600097656,0.6795234084129333,0.03244541957974434,14.888466835021973,0.7081815243087526,0.013542889526260322,0.4799244701862335,0.5985580682754517,0.5303184826894679,4.673581118965717,44.35223388671875,56.07813262939453
260521.jpg,7.2815,0.49641236662864685,0.6870984459588448,0.880016643710277,5.361147403717041,24.626113891601562,0.9518693961869534,0.45478457554798296,7.2365875244140625,4.327954757354213,9.093695640563965,2.2341091632843018,41.325775146484375,0.6457455158233643,1.719280481338501,0.9084303379058838,0.03200555220246315,14.947747230529785,0.5429582236856297,0.018203823671831362,0.43883851170539856,0.528996467590332,0.5735009319255134,4.084255714014855,25.45135498046875,47.267906188964844
260529.jpg,7.398,0.5968550443649292,0.48820798772825014,0.8908911599460516,7.09354305267334,47.29916763305664,0.8977715350590323,0.44093676976399454,7.602872848510742,3.5874627084045176,14.787230491638184,4.423072814941406,60.02296447753906,0.7726606130599976,1.6739863157272339,0.8436628580093384,0.03167835250496864,14.992374420166016,0.6682376389857416,0.0115969994417096,0.4140397608280182,0.5142428874969482,0.5198270232307561,3.8193664592628127,11.80242919921875,57.90740203857422
260535.jpg,7.3877,0.4955953061580658,0.6885431851130384,0.8774065254902634,5.167177200317383,29.07623863220215,0.9642585397168619,0.45030837475017577,7.070901870727539,4.213235405135567,10.934636116027832,2.6318862438201904,37.87929916381836,0.5754098892211914,1.7007642984390259,0.8815714120864868,0.037190113216638565,14.295724868774414,0.6172846495843136,0.011810581132429871,0.4085935354232788,0.46489840745925903,0.6154135504079368,4.147704281491406,19.19500732421875,47.41981887817383
