image_name,time_s,CE,NMI,QNCIE,TE,EI,Qy,Qcb,EN,MI,SF,AG,SD,CC,SCD,VIF,MSE,PSNR,Qabf,Nabf,SSIM,MS_SSIM,VIFF,NIQE,BRISQUE,MUSIQ
00000.png,4.3016,0.6850427389144897,0.5605216041932564,0.8568034748127613,7.144460201263428,58.305782318115234,0.9658397018545114,0.6156774818122185,6.912320137023926,3.9395744694392576,16.35372543334961,5.432125091552734,32.40571975708008,0.5274381637573242,1.6466453075408936,0.9330161213874817,0.03210827335715294,14.933830261230469,0.7529245776148104,0.0073532602050123625,0.4707663059234619,0.464881956577301,0.7430504685373525,4.031312603616249,32.45233154296875,63.254005432128906
00011.png,3.4256,0.6835958361625671,0.5416294251560417,0.8588256850379055,7.162104606628418,57.77367401123047,0.9659751489768628,0.6085891877716021,6.843717098236084,3.7929922836017997,16.29964256286621,5.383248805999756,31.310537338256836,0.5184743404388428,1.6495192050933838,0.9250249266624451,0.031041685491800308,15.080547332763672,0.7503758780306209,0.007638206725518571,0.4725745916366577,0.4683293402194977,0.7353487353919314,3.852583212153284,31.77215576171875,62.211334228515625
00025.png,3.3792,0.7187793254852295,0.611275387425551,0.8668220175296519,7.119556903839111,38.86833953857422,0.96482736297049,0.5334441459766543,6.398124694824219,4.131523627139391,12.232301712036133,3.5727977752685547,25.167579650878906,0.41050955653190613,1.5591211318969727,0.9673696756362915,0.04980790242552757,13.027017593383789,0.7224895826908312,0.009037533781037613,0.4616590738296509,0.38753724098205566,0.7226269329438761,3.8143767361756975,21.48944091796875,54.707122802734375
00031.png,3.4726,0.7207884788513184,0.6335848595635593,0.8638154203836035,7.156441688537598,39.890113830566406,0.9652850081849259,0.5076481967993473,6.605884075164795,4.3598116533216125,12.723357200622559,3.675109386444092,28.307384490966797,0.40997442603111267,1.5882880687713623,0.9487653970718384,0.05034840852022171,12.980141639709473,0.7186682430256625,0.00870387655966353,0.46245110034942627,0.3817700445652008,0.7178782353667923,3.8546469385066726,18.88690185546875,53.01502990722656
00033.png,3.5017,0.6827729940414429,0.5338846512156065,0.8589476540093595,7.130975723266602,56.34343719482422,0.9647946998735772,0.5995461589077288,6.854450225830078,3.7333118867093713,16.22132110595703,5.252450942993164,31.135435104370117,0.5099219083786011,1.6350843906402588,0.912007749080658,0.02979322150349617,15.25882625579834,0.7460824893230827,0.00702545169116499,0.47383490204811096,0.4662831723690033,0.7197553384785887,3.9151363732182975,30.03045654296875,60.710731506347656
00042.png,3.5154,0.7157114744186401,0.6261300358890047,0.8603344826792596,7.155581951141357,44.27910614013672,0.964683776741981,0.5252160381244309,6.447089672088623,4.258531489782211,14.03730583190918,4.079503059387207,26.938528060913086,0.405740350484848,1.555206537246704,0.9540463089942932,0.05329626053571701,12.7330322265625,0.7293928601633698,0.00878143559166903,0.4610223174095154,0.38355743885040283,0.7295419009911863,3.882456045846878,21.31170654296875,55.72867202758789
00061.png,3.4127,0.7115442156791687,0.6651193819086776,0.8676101467176286,7.2765703201293945,36.22191619873047,0.9737428638486731,0.5186692259907157,6.556394577026367,4.600298632453839,12.527252197265625,3.2918012142181396,30.072505950927734,0.4259486496448517,1.5636576414108276,0.9510346055030823,0.04556269571185112,13.41390609741211,0.7368153734380539,0.007764896427132846,0.465853214263916,0.4442465603351593,0.7472614637532398,3.8358404343193886,18.22039794921875,51.63751983642578
00071.png,3.4306,0.712680459022522,0.7140237927492645,0.872420072403675,7.229735374450684,34.3457145690918,0.9766200921537168,0.5236149739180196,6.497014999389648,4.900626243737213,12.100290298461914,3.1203179359436035,30.30474281311035,0.4224088191986084,1.5308946371078491,0.9820075035095215,0.04823610559105873,13.166276931762695,0.7519815220800553,0.0061739534291868495,0.460277795791626,0.38942813873291016,0.7799058775012141,4.062183267919387,17.46551513671875,49.93476867675781
00082.png,3.4951,0.7043310403823853,0.534185446307497,0.8673568954247646,7.204191207885742,44.31449890136719,0.960994700813105,0.5556229407092743,6.653931617736816,3.701413016235918,11.976765632629395,4.068154811859131,26.474306106567383,0.43904435634613037,1.5928301811218262,0.9583886861801147,0.04262763261795044,13.703088760375977,0.7013198277165579,0.010085610313330927,0.47533512115478516,0.4591507911682129,0.7162461124065123,4.129338385949072,31.49871826171875,45.196563720703125
00097.png,3.3604,0.7061953544616699,0.5763257572009234,0.8741707404756159,6.96396017074585,35.66481018066406,0.9578174957235813,0.506196858723951,6.116413116455078,3.7692873454548206,10.349967956542969,3.2380855083465576,22.31619644165039,0.40727415680885315,1.515987515449524,1.0628077983856201,0.05677097290754318,12.458738327026367,0.7046362050625657,0.007719548159822468,0.43090659379959106,0.4320339560508728,0.7571254811834656,3.983123030862853,27.92449951171875,57.06793212890625
00107.png,3.5614,0.6892706751823425,0.5451327340212037,0.8637806015417137,7.20383358001709,52.177894592285156,0.9679214791617232,0.6303265878646648,6.803797721862793,3.8180192429076776,13.868917465209961,4.768573760986328,28.21168327331543,0.5052671432495117,1.6345378160476685,0.9353486895561218,0.03101237118244171,15.084650039672852,0.7234923472347764,0.008442227614617732,0.4869132339954376,0.4626005291938782,0.7520459877269262,4.032012315452265,32.75457763671875,44.01050567626953
00112.png,3.4735,0.7170261144638062,0.6019351955978461,0.8625419761145842,7.16998291015625,48.923362731933594,0.9688698130999077,0.5809495270871238,6.573694705963135,4.136412246188447,13.709565162658691,4.45682430267334,26.793540954589844,0.5087624788284302,1.5233154296875,0.9525033235549927,0.05674897879362106,12.460418701171875,0.7314874970809985,0.01017750588976532,0.4547926187515259,0.41525793075561523,0.7616959911303672,4.200968179202919,32.28582763671875,46.356178283691406
00118.png,3.4972,0.7189147472381592,0.5313832822470587,0.8553257961089681,7.146813869476318,48.60331344604492,0.9685175715921274,0.5532936212528048,6.488272666931152,3.622738161454876,14.226676940917969,4.429653167724609,25.105316162109375,0.49092423915863037,1.618215799331665,0.9410157799720764,0.058043915778398514,12.362433433532715,0.7339005070323924,0.008776137492855688,0.45987004041671753,0.39623409509658813,0.7414925402124627,3.9804778442421807,30.20819091796875,57.97289276123047
00147.png,3.507,0.7082390785217285,0.6329616643662062,0.865803363084284,7.147487640380859,45.93133544921875,0.9680602762527674,0.5538502301185406,6.703326225280762,4.383528628261482,14.165650367736816,4.22120475769043,30.10814666748047,0.5328205227851868,1.5869510173797607,0.9846020340919495,0.051729507744312286,12.862616539001465,0.7488620282139573,0.0071879454744849455,0.4637404680252075,0.3933121860027313,0.7690239029560546,3.996285366742065,20.96209716796875,53.09072494506836
00149.png,3.5143,0.6686557531356812,0.606739628134503,0.8623427447354626,7.083653926849365,52.16368865966797,0.9681347548073488,0.5997562586809144,6.8598432540893555,4.230047121843953,14.432296752929688,4.886602401733398,34.35768508911133,0.6084455847740173,1.6636756658554077,0.9887652397155762,0.03557839244604111,14.488136291503906,0.7542983570260519,0.008045082673027441,0.46914663910865784,0.4974256157875061,0.7816290806842613,3.9776874507209428,27.17303466796875,56.89188003540039
00150.png,3.499,0.6652325987815857,0.6181464079080718,0.8649869130626312,7.016552448272705,54.3952751159668,0.9704841094944083,0.6154061422997232,6.845334053039551,4.284349004108812,14.918742179870605,5.133189678192139,33.11790466308594,0.6082814931869507,1.6345961093902588,0.9810703992843628,0.03473842889070511,14.591898918151855,0.7602746406455937,0.008485587991603686,0.47147828340530396,0.4980281889438629,0.781982223566704,4.071832208338027,25.90106201171875,55.6528434753418
00159.png,3.4866,0.6744963526725769,0.6091721834843966,0.8576175877516968,7.136241912841797,46.582916259765625,0.9711523294202162,0.5826370913051716,6.643621921539307,4.1971656006994245,12.787309646606445,4.355145454406738,28.718494415283203,0.5439571738243103,1.639333963394165,0.939839780330658,0.03836745023727417,14.160371780395508,0.7294040015906319,0.01095028903491837,0.4798218607902527,0.4922640323638916,0.7522476456227032,4.182483904075473,25.61883544921875,58.16756057739258
00177.png,3.4414,0.6786112189292908,0.6117263160278003,0.8682842026902791,7.161581516265869,55.793365478515625,0.9737231071599937,0.6409173904607026,6.923931121826172,4.308250425762639,14.475512504577637,5.253026485443115,32.25750732421875,0.6219649314880371,1.597273826599121,0.9820563793182373,0.03932192176580429,14.053653717041016,0.7640865640004473,0.00961096107681603,0.4748536944389343,0.515279233455658,0.7891914953117419,4.158926592835175,31.14813232421875,56.84942626953125
00196.png,3.4567,0.6741946935653687,0.6673981020261466,0.8850165780622942,6.974403381347656,67.46810913085938,0.9782300042059726,0.7148446176855006,6.816718101501465,4.602095630246497,16.7669677734375,6.177236080169678,31.79378318786621,0.6943469047546387,1.4512336254119873,0.9978220462799072,0.04367544874548912,13.597626686096191,0.7947955851047954,0.005259209547683798,0.4786022901535034,0.4711039662361145,0.8573963837814319,4.063893292962568,44.75457763671875,44.297691345214844
00202.png,3.5433,0.7031501531600952,0.652523798137027,0.8663833422999522,7.076964855194092,50.14984130859375,0.9739273330054049,0.562281407147383,6.655526638031006,4.480399968279139,13.610569953918457,4.631988525390625,28.699792861938477,0.550233006477356,1.537989616394043,1.0084327459335327,0.05815020948648453,12.354487419128418,0.7537310585459884,0.00821900969101215,0.4721088707447052,0.4624246060848236,0.793730325214441,3.764401034498266,30.14129638671875,47.51377487182617
00210.png,3.4459,0.6717308759689331,0.5934016287665554,0.8555762280687057,6.90388822555542,45.6733512878418,0.9692815871063578,0.5286555964571915,6.634101867675781,4.016743112423546,13.13485336303711,4.241487503051758,29.268796920776367,0.4417242407798767,1.6722956895828247,0.9678661227226257,0.04609372839331627,13.363581657409668,0.7182526387030967,0.011999160444175285,0.47820454835891724,0.5041664242744446,0.7231259051506875,3.8550101090896134,24.63153076171875,54.03983688354492
00215.png,3.5168,0.6805373430252075,0.610359848354914,0.8560989169051749,7.0012359619140625,47.07501220703125,0.9699791548759953,0.526085857362585,6.664280891418457,4.170452354321391,13.271759033203125,4.373248100280762,29.61688995361328,0.5298188924789429,1.7005250453948975,0.982352614402771,0.05080142989754677,12.941241264343262,0.7231205035721839,0.011883535360469296,0.479065477848053,0.500622570514679,0.7221205218310023,3.9424632732741562,22.72235107421875,59.96764373779297
00232.png,3.4662,0.6892744898796082,0.5474742720248376,0.8573247832914579,7.21725606918335,43.85967254638672,0.9638474408177826,0.525339204080177,6.53222131729126,3.763752252087688,12.16685962677002,4.075329780578613,28.6223087310791,0.5646445751190186,1.6474939584732056,0.9758878350257874,0.04246324300765991,13.719867706298828,0.7211906916860215,0.010956414083894684,0.45972782373428345,0.4956784248352051,0.7308966324039885,4.276516904082283,20.01239013671875,57.0994758605957
00242.png,3.4705,0.6911274194717407,0.5546265948063457,0.861245544206849,7.221116065979004,35.99714660644531,0.9591158379205318,0.48621964660528194,6.600682258605957,3.832978241632425,11.022565841674805,3.3000946044921875,30.109926223754883,0.48786661028862,1.6765861511230469,0.990851879119873,0.04366995021700859,13.598174095153809,0.6947786116698457,0.009940311568014655,0.4499147832393646,0.4654894769191742,0.7060768709735181,4.343998636379222,16.88348388671875,55.07429885864258
00255.png,3.5007,0.657199501991272,0.8140406454752128,0.8771025748160829,5.821413040161133,25.312225341796875,0.9584449471355445,0.5872640186291332,6.295338153839111,4.931776202453941,8.289399147033691,2.2761898040771484,24.659391403198242,0.514715313911438,1.358020305633545,1.0163865089416504,0.025419963523745537,15.948251724243164,0.6746789960662166,0.005020413521586007,0.48259633779525757,0.4741984009742737,0.7375815572417445,4.198204534840882,17.47869873046875,53.154232025146484
00274.png,3.5173,0.6575396060943604,0.7456529555722816,0.8723211506607572,6.049537658691406,27.844898223876953,0.9608011420425364,0.5649133517750885,6.328906059265137,4.615023927269528,8.653279304504395,2.519867420196533,26.02309799194336,0.5094345808029175,1.3961533308029175,1.0083086490631104,0.03032725304365158,15.181669235229492,0.6703286452454605,0.006704754749281045,0.47458821535110474,0.5085687041282654,0.7165717875812656,4.259806204457858,21.71649169921875,45.85317611694336
00284.png,3.4697,0.6485148668289185,0.7431514692583996,0.8714839597906692,6.154603958129883,27.309810638427734,0.9575513288163358,0.5522694764462489,6.309883117675781,4.631513864579988,8.546499252319336,2.4736790657043457,25.690223693847656,0.5095356702804565,1.3885273933410645,0.9968425631523132,0.02933347597718239,15.32636547088623,0.6619993371692258,0.007531980774862498,0.4767450988292694,0.5208251476287842,0.7020078571302151,4.21019701760396,23.08270263671875,47.50956726074219
00290.png,3.4727,0.6369196176528931,0.7229260911902002,0.869272179208963,6.233186721801758,27.407543182373047,0.958643844864892,0.5688367595938946,6.292156219482422,4.527461066269389,8.504907608032227,2.4808688163757324,25.705642700195312,0.4967027008533478,1.404484510421753,1.017589807510376,0.030501436442136765,15.156798362731934,0.6651932722420103,0.007735858195610875,0.47489577531814575,0.5168315172195435,0.7094351534722324,4.23428066659191,21.76971435546875,46.915191650390625
00306.png,3.4629,0.64345383644104,0.7033640519642469,0.8695277873540531,6.185008525848389,27.400440216064453,0.9561119811219871,0.5486788096381822,6.235444068908691,4.368061643186955,8.405105590820312,2.4804348945617676,25.11989402770996,0.4939771294593811,1.4043686389923096,1.0032206773757935,0.0326191782951355,14.865270614624023,0.6572651820632944,0.008910001750486474,0.46806958317756653,0.5194234251976013,0.6872840890494162,4.281254210248722,22.41571044921875,45.076995849609375
00320.png,3.4464,0.6481897830963135,0.7717766587795242,0.8750532812513014,6.361236095428467,33.92745590209961,0.9643672841120126,0.6074218724305211,6.430985450744629,4.9363816088095085,9.9563627243042,3.0800209045410156,27.516756057739258,0.4723149538040161,1.362718105316162,1.0127110481262207,0.03673940151929855,14.348679542541504,0.7137904118155223,0.006910642243876008,0.46366381645202637,0.5068786144256592,0.7613799303697038,3.8327090301876052,24.74969482421875,55.75421142578125
00325.png,3.4388,0.6119314432144165,0.6355783006631524,0.8779758642051189,5.617093563079834,21.03807830810547,0.9167609908687423,0.44263114403066284,7.012454032897949,4.013544217733175,5.31384801864624,1.849421501159668,49.318748474121094,0.46897855401039124,1.436949372291565,0.9202927350997925,0.04291629046201706,13.67378044128418,0.5871164518177886,0.015773336100358692,0.434071809053421,0.47984009981155396,0.5648016294374077,4.105617075484484,17.94500732421875,43.55192947387695
00334.png,3.4712,0.5820848941802979,0.781840540039469,0.9229203989929893,5.719472408294678,18.605411529541016,0.9455586933049578,0.47713782459406684,7.187256813049316,5.045515910811673,4.896867752075195,1.6082792282104492,49.77433395385742,0.8487280607223511,1.2213506698608398,1.0482394695281982,0.03118806704878807,15.060114860534668,0.5820872274999531,0.012162662160219743,0.4777720272541046,0.5152709484100342,0.6345329998210912,5.1465269719280125,23.34832763671875,43.62141799926758
00339.png,3.4881,0.6353222131729126,0.5509030734984748,0.8667945930847927,6.719987392425537,21.272111892700195,0.9524401714396526,0.4883612294351772,6.9366607666015625,3.7617542517000953,6.704330921173096,1.8348760604858398,36.76309585571289,0.6639594435691833,1.6683969497680664,1.0294321775436401,0.019759967923164368,17.042139053344727,0.6211205992876913,0.007071607119683128,0.49957823753356934,0.5143498778343201,0.6228938252380224,5.521259967296375,24.09002685546875,42.78445053100586
00349.png,3.4866,0.7052902579307556,0.5127621711830265,0.8755064034243202,6.860307693481445,26.9023494720459,0.939942977802387,0.4186762336677178,6.054942607879639,3.3112341070495024,8.31373405456543,2.3705177307128906,19.27858543395996,0.37923362851142883,1.3441649675369263,0.83391273021698,0.05598272383213043,12.51945972442627,0.6043650420907631,0.012682540866104916,0.42265716195106506,0.40875810384750366,0.4240950424743575,4.222139964411947,24.22869873046875,58.597999572753906
00353.png,3.372,0.7078496813774109,0.5124964951342723,0.8753878865176348,6.855240821838379,26.960294723510742,0.9398823464076448,0.41956720754325527,6.039873123168945,3.30435862529421,8.330533981323242,2.377889394760132,19.060855865478516,0.37601152062416077,1.3453402519226074,0.8361959457397461,0.05703705921769142,12.43842887878418,0.6063837470376927,0.013018713164752036,0.4207589626312256,0.4073677062988281,0.4272484540679563,4.27917498401752,24.02264404296875,56.1084098815918
00370.png,3.5423,0.7130877375602722,0.518660253294964,0.8744504143660032,6.84558629989624,27.945816040039062,0.9421663398101972,0.41203397663161334,6.0915398597717285,3.354994868743045,8.579618453979492,2.471115827560425,20.089311599731445,0.3852775990962982,1.3828377723693848,0.8481472730636597,0.0565234012901783,12.477717399597168,0.613052531370533,0.012983757384417365,0.4224555492401123,0.41569986939430237,0.45070299290520227,4.202951925937189,24.28240966796875,63.264564514160156
00385.png,3.6994,0.708030104637146,0.5082013415373559,0.8698774843690763,6.834050178527832,25.977283477783203,0.9393762778632251,0.41457207855660594,6.023447513580322,3.267106744911425,7.682974815368652,2.2805981636047363,19.121044158935547,0.3865818381309509,1.373631477355957,0.8250855803489685,0.05599391832947731,12.51859188079834,0.5956911353714878,0.01325484004563567,0.42135369777679443,0.40370243787765503,0.41899394831796205,4.253401917483682,24.27752685546875,63.373477935791016
00386.png,4.2767,0.6450559496879578,0.5364539760095067,0.8731451365802869,6.857604026794434,33.689884185791016,0.9612281027136973,0.5409339889694393,6.7689008712768555,3.6550061662812965,10.729005813598633,3.0709547996520996,34.891239166259766,0.7125451564788818,1.6425673961639404,1.0545644760131836,0.015969503670930862,17.967086791992188,0.6811383813355426,0.012817145608665122,0.5045209527015686,0.5341100692749023,0.6551050650669392,5.213842897441825,28.33514404296875,36.45501708984375
00388.png,3.6134,0.6896553039550781,0.5074556004319529,0.8716264156464575,6.9800190925598145,25.234004974365234,0.9363090419652105,0.45551219299986845,6.519263744354248,3.425151815238074,7.941315650939941,2.2311904430389404,26.903133392333984,0.7096035480499268,1.6587960720062256,1.0279148817062378,0.0313878171145916,15.032388687133789,0.6516693182759583,0.012010575341284352,0.4543796181678772,0.5042972564697266,0.5645720167276326,5.458785865816648,21.96356201171875,43.23870849609375
00389.png,4.1223,0.6601508855819702,0.5643077283419491,0.875934880592947,6.872066020965576,27.819944381713867,0.9502521123042913,0.47838361903654913,6.747558116912842,3.842839699436441,8.945252418518066,2.5070724487304688,34.12630844116211,0.7254768013954163,1.709639310836792,1.0418624877929688,0.021775994449853897,16.620220184326172,0.6558226105587635,0.013582892646912575,0.4827951490879059,0.5348774790763855,0.6072905882299138,4.8909778767532925,12.59149169921875,36.571311950683594
00390.png,3.5203,0.6253985166549683,0.5737036889997736,0.874007658982044,6.771881580352783,28.2244873046875,0.9619577674160833,0.5220595623332734,6.792640209197998,3.8910185446377525,9.408662796020508,2.5471620559692383,38.59043884277344,0.6967982053756714,1.6671674251556396,1.036171555519104,0.01826593652367592,17.383581161499023,0.6539973655743937,0.017482871894328417,0.5004279613494873,0.5457626581192017,0.6348233582846253,4.740290537079679,23.19940185546875,36.373924255371094
00400.png,3.4426,0.6473099589347839,0.49363263950918707,0.8669413552054517,6.777222633361816,44.26353073120117,0.9581694337609339,0.5802466198227632,6.8024821281433105,3.351701614926249,13.38541030883789,4.12244987487793,35.151363372802734,0.6807882785797119,1.6489264965057373,1.0390257835388184,0.01829378679394722,17.376962661743164,0.7504271479566333,0.007914102945003549,0.4854167699813843,0.5043829083442688,0.6865576325872358,3.991089338754313,22.97088623046875,44.95831298828125
00405.png,3.4693,0.6482076048851013,0.5458393386155184,0.8721713127664663,6.760322570800781,40.20564270019531,0.9625119722506709,0.5516590639954867,6.692497730255127,3.6715493893689413,13.452049255371094,3.680637836456299,33.85400390625,0.7120748162269592,1.6255316734313965,1.0603200197219849,0.016572700813412666,17.806068420410156,0.7310608024547488,0.010005953124873738,0.4909926950931549,0.5107848644256592,0.6739043541735186,4.127801468255015,19.82293701171875,49.10980224609375
00409.png,3.4109,0.6438124179840088,0.5609036135138589,0.8801224664468884,6.81514835357666,35.554656982421875,0.9525002524457321,0.5283145032781912,6.824578762054443,3.8252959585349444,11.718692779541016,3.266768217086792,36.619415283203125,0.7422610521316528,1.6853747367858887,1.0268796682357788,0.017344582825899124,17.608362197875977,0.6947637515152242,0.011437357896760236,0.4807027578353882,0.5141749978065491,0.6385818966290292,4.219925148261303,16.89666748046875,48.08271026611328
00419.png,3.5257,0.6340112090110779,0.4748482311651842,0.8812929964735285,6.395317554473877,34.25910186767578,0.9422260181030487,0.54614689071561,6.950366497039795,3.1685959098322343,10.819463729858398,3.1467795372009277,39.8768196105957,0.7172362208366394,1.6145100593566895,0.9036020040512085,0.016757868230342865,17.757814407348633,0.6516955874197633,0.014134688633450236,0.48365068435668945,0.4922664165496826,0.5843435116346278,3.7426336518493453,22.73651123046875,50.269710540771484
00421.png,3.4298,0.6524316072463989,0.5687077511331121,0.890586178141247,7.023062705993652,35.207340240478516,0.9433406067267414,0.4983055334151162,6.709610939025879,3.9049488354381197,11.347559928894043,3.231555938720703,32.87660217285156,0.7854923605918884,1.7242579460144043,0.9317216873168945,0.023257248103618622,16.33441734313965,0.6829949112861238,0.014088402648074892,0.46764662861824036,0.5202146768569946,0.5815984008320676,4.1802138275350496,17.61590576171875,47.690032958984375
00434.png,3.4646,0.640687108039856,0.5588545614036158,0.8872328436700319,6.974726676940918,33.336021423339844,0.9481654827894499,0.523420461355016,6.863856792449951,3.866887786962689,10.677022933959961,3.0812244415283203,36.41586685180664,0.7734929919242859,1.7005019187927246,1.0051095485687256,0.018170993775129318,17.406213760375977,0.6889794279034627,0.010551961332593849,0.47727715969085693,0.5272424221038818,0.6169678838662359,4.011434357471782,16.35174560546875,46.32292556762695
00441.png,3.4368,0.6136118769645691,0.558444525970249,0.8900614660383354,6.320940971374512,31.249067306518555,0.9565130194763161,0.5464709934198698,6.815042495727539,3.667869305203352,10.79224681854248,2.8976428508758545,38.8644905090332,0.7490217685699463,1.549471378326416,1.0601963996887207,0.013504188507795334,18.695314407348633,0.6825085447002401,0.010474861789575126,0.49244439601898193,0.49703115224838257,0.6538785476855966,4.325510989352301,23.81610107421875,45.076622009277344
00443.png,3.4967,0.6369704008102417,0.475680325550528,0.8888871316041812,6.123037338256836,38.432289123535156,0.9157910675631593,0.5256850126238779,7.09287166595459,3.14328247601334,11.628610610961914,3.4733214378356934,42.35478210449219,0.7449749708175659,1.6248077154159546,0.9443917274475098,0.021670490503311157,16.641313552856445,0.6746815140194128,0.01232783584201392,0.4640451669692993,0.506946325302124,0.5950237666538424,4.357188311616236,39.23455810546875,44.27593994140625
00449.png,3.459,0.6162449717521667,0.5993025960174245,0.8966251622614653,6.333960056304932,25.980743408203125,0.9577625772922544,0.538634973819917,6.851730823516846,3.951120297436429,8.863128662109375,2.370237350463867,41.78777313232422,0.7711656093597412,1.5883033275604248,1.0604159832000732,0.014850741252303123,18.28251838684082,0.6483850909956602,0.01199812457169009,0.4901066720485687,0.5052513480186462,0.6617939795360404,4.773986661692451,24.63299560546875,42.19342803955078
00453.png,3.5282,0.6586194038391113,0.45036615114924383,0.8716922640847242,6.693110466003418,30.8148193359375,0.9437539477217364,0.5256415565621279,6.373286247253418,2.94233923116243,10.00152587890625,2.824650764465332,26.501583099365234,0.7060312628746033,1.6931586265563965,1.080794334411621,0.016741544008255005,17.76204490661621,0.681256228167929,0.008386884041371553,0.463739812374115,0.5065397620201111,0.6294623405131421,4.240559163316586,20.37127685546875,45.69327926635742
00461.png,3.4791,0.6657175421714783,0.4818876833023375,0.8790327449762907,6.7438859939575195,29.635482788085938,0.9389059201195026,0.4865271649895956,6.5283966064453125,3.197883527648697,9.772355079650879,2.6922197341918945,28.196571350097656,0.7359967231750488,1.7054240703582764,0.9878201484680176,0.019561074674129486,17.08607292175293,0.657461896751582,0.01147107779750566,0.4620993137359619,0.5110063552856445,0.5831735883912911,4.25424621966874,20.17694091796875,43.5675163269043
00479.png,3.5317,0.6341339945793152,0.5334275095108312,0.8924892415466887,6.8204569816589355,39.34239196777344,0.9505164952562046,0.5361909048056861,6.989035606384277,3.6831912825407755,13.224348068237305,3.6720004081726074,41.61915969848633,0.7866272330284119,1.648022174835205,0.9795058965682983,0.01515412051230669,18.194692611694336,0.7016992975223999,0.010355750796061988,0.4846685826778412,0.5089055299758911,0.6052209617530475,4.264300880270219,17.31561279296875,46.62751770019531
00489.png,3.5292,0.6042243838310242,0.5567532298784931,0.879051985819409,6.427675724029541,30.380422592163086,0.9492458918769301,0.5076654028396138,6.968684196472168,3.729243647881164,10.59073257446289,2.7758100032806396,39.58189010620117,0.709648847579956,1.624760389328003,1.0145142078399658,0.01654520072042942,17.81328010559082,0.6719722208322779,0.011875928352992948,0.4825921952724457,0.5083188414573669,0.6309378645218233,4.922577347804873,26.24578857421875,49.24136734008789
00497.png,3.4794,0.6273598074913025,0.5457418220757183,0.8835221544647688,6.4591851234436035,33.624935150146484,0.9495384682974379,0.5345715619341754,6.898013591766357,3.6448012012429274,11.798349380493164,3.0904722213745117,43.98313903808594,0.7303200960159302,1.6234219074249268,1.0009169578552246,0.019212689250707626,17.16411781311035,0.6757021783729209,0.01083892580418741,0.4864635765552521,0.4973145127296448,0.6230125722117433,4.27955499356055,28.99383544921875,34.39091110229492
00512.png,3.5686,0.6435960531234741,0.6519645188200224,0.9070110241754841,7.0632100105285645,47.54790496826172,0.9589397522833579,0.5526040066078826,6.896032333374023,4.550477071819094,14.067154884338379,4.491265773773193,37.905792236328125,0.8345637321472168,1.6451051235198975,0.9902119040489197,0.014794738963246346,18.298927307128906,0.7367081136362583,0.011558206007065974,0.4883913993835449,0.528349757194519,0.658330082732006,4.156497841203594,22.22186279296875,55.22343063354492
00525.png,3.5861,0.6265056133270264,0.5689431508064031,0.8961336714117425,6.924500465393066,41.627193450927734,0.9549853521924434,0.5495746558933805,6.838868618011475,3.9152976519811293,13.105587005615234,3.8494949340820312,41.523963928222656,0.8040053844451904,1.6584159135818481,1.0103862285614014,0.014221630990505219,18.47050666809082,0.7188661573855011,0.010608701273618152,0.4944978356361389,0.5193784236907959,0.6446818582501824,4.444803232645104,19.72479248046875,55.90570831298828
00527.png,3.4952,0.648750901222229,0.5836152162842307,0.8880971026940863,7.054838180541992,40.42163848876953,0.9495882129365436,0.5370300731914546,6.939095497131348,4.083546627214362,12.427652359008789,3.7267723083496094,41.15687942504883,0.7727822065353394,1.6819766759872437,0.9980297684669495,0.019009660929441452,17.210256576538086,0.706562943500576,0.012069210339596933,0.48152315616607666,0.5194051265716553,0.6304866307549126,4.5797551546916955,18.11346435546875,49.095191955566406
00537.png,3.6165,0.6082402467727661,0.5597797531971083,0.8958715861253137,6.627194881439209,35.03638458251953,0.956950145188378,0.5702528369821703,6.777645587921143,3.751889152336638,11.727009773254395,3.1866259574890137,38.002601623535156,0.7994169592857361,1.6344261169433594,0.8589325547218323,0.011309398338198662,19.465606689453125,0.6640351267419098,0.014720747481618833,0.49943065643310547,0.5422999858856201,0.5853303121579554,3.99948854569654,23.85369873046875,48.1120491027832
00555.png,3.4894,0.6121050119400024,0.5353849327278848,0.8907298448049071,6.695605754852295,40.3892822265625,0.9580187018863688,0.5811396846741294,6.777204513549805,3.6065793709989435,13.218929290771484,3.6890006065368652,35.591552734375,0.7832626700401306,1.6538441181182861,0.8854579925537109,0.01081654243171215,19.659114837646484,0.6903072524099062,0.011674774604964237,0.4990149438381195,0.5501664876937866,0.6218389042664402,3.990010869908044,27.84393310546875,54.981231689453125
00572.png,3.5035,0.5976721048355103,0.5685408040084127,0.8832077758528412,6.444725513458252,34.772552490234375,0.9577369299265378,0.5569528273691629,6.62900447845459,3.716484662359246,11.463942527770996,3.162949562072754,35.07337188720703,0.7387524247169495,1.6026371717453003,0.8997771739959717,0.011285867542028427,19.474651336669922,0.6739867453335538,0.014644989948421989,0.4937039613723755,0.532238781452179,0.6117363124183954,4.241213471328439,25.09539794921875,48.38383483886719
00587.png,3.5092,0.5286920666694641,0.6057454746688775,0.8942838345196961,5.803461074829102,22.98192596435547,0.937981287712697,0.5096375959906194,6.645637035369873,3.7705036381330768,7.616547584533691,2.096036434173584,34.583824157714844,0.7456179857254028,1.4401127099990845,0.9645818471908569,0.014163308776915073,18.488353729248047,0.6350796862865128,0.015769430615169916,0.46541541814804077,0.5214530229568481,0.6193380557322298,4.176432455775314,23.27947998046875,44.046783447265625
00606.png,3.4892,0.5499390363693237,0.6026797533978332,0.8869725511077211,5.76177978515625,24.6337947845459,0.9404306194627801,0.495178497901051,6.739557266235352,3.767162135819836,8.22346019744873,2.248927116394043,38.74565124511719,0.6964337825775146,1.4136899709701538,0.8787698745727539,0.017873050644993782,17.478012084960938,0.6107289354338916,0.021799037990659666,0.4786732792854309,0.5347669124603271,0.5629268057011453,3.9847655127952573,20.46405029296875,45.863277435302734
00621.png,3.5265,0.5442286729812622,0.6362738784730728,0.8935963360627941,5.861755847930908,26.27972984313965,0.9346626149658382,0.5072537369369006,6.904187202453613,4.0613296509515475,8.974806785583496,2.3837380409240723,41.096153259277344,0.7449853420257568,1.3866209983825684,0.8903710842132568,0.018089942634105682,17.425628662109375,0.6123648625470902,0.019904951436829924,0.4881034195423126,0.5375646948814392,0.5698121421708539,4.506088095227909,23.37127685546875,41.60862350463867
00633.png,3.5095,0.6009822487831116,0.589792830788538,0.8931874892805765,6.434719085693359,28.735897064208984,0.9558938930012433,0.5341121562725106,6.728774547576904,3.8818775380136135,9.570466041564941,2.5872676372528076,36.787498474121094,0.7792651653289795,1.611708164215088,0.9241786003112793,0.010946362279355526,19.607301712036133,0.6439332379942586,0.0157102116532945,0.5029549598693848,0.5423948764801025,0.58254107401069,4.341910768924161,21.38104248046875,43.75080871582031
00643.png,3.5633,0.6356862783432007,0.5870676886537858,0.8690872120078474,5.953483581542969,24.34248924255371,0.945784272590666,0.46543276871311123,6.96046781539917,3.7906921369296462,7.765553951263428,2.1637372970581055,36.744293212890625,0.5669363737106323,1.6965069770812988,0.8205674886703491,0.023871487006545067,16.221206665039062,0.5960834812121204,0.018072961614292053,0.4912983179092407,0.5015643239021301,0.5048904309474815,4.831786580497587,19.24188232421875,48.766292572021484
00652.png,3.499,0.6393872499465942,0.5157066136537458,0.8638941975306769,6.470723628997803,21.246734619140625,0.9507046513536299,0.46471113732116054,6.769464015960693,3.4140353822904093,7.117959499359131,1.885642409324646,29.502416610717773,0.6385626196861267,1.7135534286499023,0.8930630683898926,0.014995608478784561,18.240360260009766,0.600701750508295,0.01601289349855215,0.48940205574035645,0.4814609885215759,0.5517536783610089,4.8373957559522704,19.15301513671875,53.33912658691406
00653.png,3.4963,0.623889148235321,0.5265483954106368,0.8853787298555102,6.389395713806152,26.986461639404297,0.9586699080525083,0.530573815052706,6.782291889190674,3.467775354694119,9.029322624206543,2.4611241817474365,32.6936149597168,0.7649199962615967,1.6708259582519531,1.0149046182632446,0.010456729680299759,19.80604362487793,0.6521758288383533,0.012624222987032899,0.5112705230712891,0.5294740200042725,0.6343650002108024,4.787847645766968,16.25115966796875,47.18211364746094
00661.png,3.4775,0.6125925779342651,0.5981806238036144,0.8857949221385962,6.638979911804199,27.526845932006836,0.9494633465875728,0.5142137285052479,6.3825178146362305,3.8946143593292817,8.483518600463867,2.459359645843506,37.587188720703125,0.7367345094680786,1.7088689804077148,0.938816487789154,0.016914328560233116,17.717453002929688,0.6541949598436673,0.015501850296684437,0.4975040853023529,0.4995594620704651,0.6117025538610739,4.443492112644352,26.10809326171875,48.02113342285156
00671.png,3.5028,0.6330369710922241,0.5577885366634611,0.8868896545279241,6.899138450622559,27.883581161499023,0.9609563394727931,0.5491825295440503,6.475177764892578,3.7300302003663894,8.24124813079834,2.4787282943725586,30.695613861083984,0.7607080340385437,1.6705187559127808,1.0300228595733643,0.012607620097696781,18.993669509887695,0.6720617046005275,0.010907666776821303,0.4948786497116089,0.516865611076355,0.6557993488209329,4.656135651427261,27.69500732421875,56.01081085205078
00676.png,3.4228,0.6406095623970032,0.5593134766128312,0.8872608290678019,6.870609283447266,26.361114501953125,0.9608883078369352,0.5010098884902884,6.346421241760254,3.6962415683822343,8.443272590637207,2.3694074153900146,27.21992301940918,0.7727689743041992,1.7158303260803223,1.00780189037323,0.013654088601469994,18.64737319946289,0.6640247609170135,0.014180651012618527,0.4942958950996399,0.5016707181930542,0.6369938985515733,4.652366306368001,20.99041748046875,52.06195831298828
00677.png,3.4135,0.6480734944343567,0.5374833075750971,0.8773657336676741,6.840261459350586,31.773677825927734,0.9598597552636701,0.5450332902685819,6.8622918128967285,3.6824566117900126,9.69157600402832,2.906303882598877,35.215187072753906,0.732912003993988,1.6683861017227173,1.0003111362457275,0.014862919226288795,18.278959274291992,0.6736955228265296,0.012658534594373955,0.5025126338005066,0.5195015668869019,0.6285463436233509,4.238534208573566,14.80291748046875,49.49177551269531
00687.png,3.4647,0.6213752031326294,0.5507820110260376,0.8832023547293464,6.226064205169678,31.722061157226562,0.9595720862957507,0.5560448117693007,6.928953170776367,3.622782959328662,10.080218315124512,2.9023616313934326,39.07054901123047,0.7466273307800293,1.6141207218170166,1.017171859741211,0.01494758389890194,18.254291534423828,0.6743071414224492,0.011907785966006,0.5052039623260498,0.5163500308990479,0.6432198477871057,4.099928016616493,17.06512451171875,52.274147033691406
00697.png,3.5111,0.6215905547142029,0.5269677578203832,0.9001857210271129,6.514346122741699,27.88948631286621,0.9577979381136026,0.5426514869989677,6.774196624755859,3.501326162859277,8.745664596557617,2.5245168209075928,33.84535598754883,0.8142486214637756,1.657182216644287,0.9274882078170776,0.00902528129518032,20.445392608642578,0.644714791392789,0.013906026829618896,0.5071343183517456,0.5302953720092773,0.5958202405580735,4.8868018691002035,17.90838623046875,42.684242248535156
00712.png,3.494,0.7131778597831726,0.605270474082391,0.8893021268510983,6.831639289855957,29.497543334960938,0.9513154978914333,0.4561085086481947,6.491143226623535,4.031953233206513,8.475961685180664,2.6704392433166504,27.753347396850586,0.3066948652267456,1.5267810821533203,0.9702575206756592,0.05344133824110031,12.721227645874023,0.6729914504712179,0.00842409896816765,0.44048696756362915,0.4227415919303894,0.6026149635482235,4.225232080031775,19.60028076171875,59.98554611206055
00716.png,3.3849,0.7018111944198608,0.4817438117483332,0.8935004847947561,6.588458061218262,17.322895050048828,0.9368070455935699,0.3361359104295768,5.371222496032715,2.8807580373389428,4.900322914123535,1.4922151565551758,13.91671371459961,0.20475028455257416,1.3972492218017578,0.8085888028144836,0.04588041827082634,13.383727073669434,0.5315295087909799,0.01171959274362558,0.4761417508125305,0.2785877287387848,0.39109566033352927,4.9155022057294415,23.97918701171875,48.98746871948242
00719.png,3.5303,0.6787714958190918,0.6346885707784037,0.9023315803047175,7.232839107513428,105.9004135131836,0.9673488901743128,0.5954363881999196,7.322720527648926,4.619135438068726,22.706432342529297,10.154325485229492,40.63505172729492,0.7899115085601807,1.5743058919906616,0.8044657111167908,0.044443175196647644,13.52194881439209,0.6658908443824083,0.01910851979692165,0.5070067048072815,0.5493382811546326,0.585523383896835,5.7707912429690875,30.42791748046875,58.52177429199219
00725.png,3.4502,0.6797566413879395,0.594417008032318,0.8897328786599186,7.330187797546387,104.8395004272461,0.9625446147509684,0.5936241021991013,7.335399150848389,4.358747686074317,22.48186683654785,10.033815383911133,40.859779357910156,0.7594901919364929,1.6530041694641113,0.7903172969818115,0.04447288438677788,13.519046783447266,0.6652940265383288,0.01942853258819817,0.5061838030815125,0.5460045337677002,0.5766047509883495,5.116401507266393,30.17791748046875,66.3897933959961
00726.png,3.4239,0.6796016693115234,0.5954561577253187,0.8854711614959552,7.345513343811035,105.30558776855469,0.961207227765549,0.589082499174179,7.335249423980713,4.370886451626445,22.653554916381836,10.076628684997559,40.95496368408203,0.7478206157684326,1.6682826280593872,0.7887772917747498,0.045685697346925735,13.402196884155273,0.6654967516231876,0.01940682790098173,0.5036320090293884,0.5368933081626892,0.5757458661125481,4.923878985323574,30.22821044921875,66.51863098144531
00738.png,3.4693,0.6974101066589355,0.6068558229361877,0.8760203628256094,7.233776569366455,88.08956909179688,0.9621243061640091,0.5563887559237282,7.232693672180176,4.389541646274964,19.906824111938477,8.364937782287598,40.88335418701172,0.6002123951911926,1.5992144346237183,0.7988176345825195,0.06011740863323212,12.20999813079834,0.6684078571902843,0.018972613779995824,0.4710889756679535,0.5656172633171082,0.5931537480018079,4.558265986581765,35.99530029296875,64.26299285888672
00760.png,3.4324,0.6743218302726746,0.6809545774455609,0.8833262231368698,7.154882431030273,72.95208740234375,0.9760343591218186,0.6395142286248581,7.215743541717529,4.892883641825788,18.072959899902344,6.843421459197998,45.80412292480469,0.6651080846786499,1.5681087970733643,0.9387427568435669,0.057484615594148636,12.404484748840332,0.8017724884231128,0.004758798442781321,0.4649839699268341,0.5130360722541809,0.7871768506618747,4.417834292650113,35.77850341796875,67.54407501220703
00762.png,3.4554,0.6842560172080994,0.6516778016130136,0.8776078147644752,7.170871734619141,80.72718811035156,0.9747305565259046,0.6548263004146235,7.248312950134277,4.69834325643469,19.248327255249023,7.561315059661865,43.154876708984375,0.646006166934967,1.538309097290039,0.9339303970336914,0.054928846657276154,12.601995468139648,0.7967537001054207,0.005719481739652083,0.4725034236907959,0.5180964469909668,0.781871240511308,4.465953001001965,37.90252685546875,67.10442352294922
00769.png,3.3981,0.6872932314872742,0.6649915338608763,0.8776376425930723,7.129273891448975,76.69364929199219,0.974673524855753,0.6311360655196083,7.194151878356934,4.7624905659847006,18.754209518432617,7.186135768890381,44.47566604614258,0.6082276105880737,1.5416518449783325,0.9309965372085571,0.06052611023187637,12.180572509765625,0.8001777605021503,0.00565952398943652,0.46175500750541687,0.5084296464920044,0.7783699883637181,4.43460215487512,37.97772216796875,68.90221405029297
00787.png,3.3354,0.6946565508842468,0.21713152396089294,0.8570640888921872,6.714159965515137,62.67131805419922,0.8214077848457536,0.4686616555606707,6.616691589355469,1.4472772978131143,12.580005645751953,5.778628826141357,26.273061752319336,0.6409804224967957,1.6204781532287598,0.5686899423599243,0.05415346473455429,12.663737297058105,0.5943813306182191,0.03071494524598135,0.41515690088272095,0.4702812433242798,0.3904804736478063,5.279735588581302,35.61541748046875,47.27189636230469
00800.png,3.4988,0.6746892333030701,0.23946146809319238,0.8696484467722517,6.860419273376465,63.85026168823242,0.8333015389810093,0.5261715597172796,6.53739070892334,1.6041329861959763,12.853194236755371,5.913605690002441,25.304346084594727,0.7009004354476929,1.6239378452301025,0.5776064991950989,0.053523723036050797,12.714536666870117,0.5726964604392882,0.03302608973905643,0.4358179569244385,0.5024086833000183,0.3785672975273237,4.947225125287761,34.51190185546875,51.273868560791016
00801.png,3.5029,0.7096692323684692,0.6447194339649848,0.8933631125287249,7.0991082191467285,60.678951263427734,0.9744661190879729,0.601371097586808,6.563990592956543,4.404443406175618,15.253684997558594,5.788646697998047,27.060449600219727,0.30680495500564575,1.43975830078125,1.0401053428649902,0.06058225408196449,12.176546096801758,0.7822600273040321,0.004634542669717206,0.4230501055717468,0.494917094707489,0.8300990808333549,4.51568726457994,27.30731201171875,60.91444396972656
00805.png,3.5064,0.7082451581954956,0.6539985160885977,0.8931408008105722,7.109920978546143,60.57684326171875,0.9727284135699993,0.5998605509008637,6.58909273147583,4.479578388287225,15.285429000854492,5.782832622528076,27.7419376373291,0.31088587641716003,1.4456164836883545,1.0336686372756958,0.06069061532616615,12.168785095214844,0.7798396786710811,0.004919703376205107,0.4235959053039551,0.4958637058734894,0.8253716796144485,4.428860379731198,27.31756591796875,61.01795196533203
00818.png,3.4905,0.7071524858474731,0.6691808476412258,0.8917870498392546,7.087319374084473,60.90350341796875,0.9737358902601608,0.6024702700597296,6.613616943359375,4.584213150150806,15.321684837341309,5.813374996185303,28.495492935180664,0.32422512769699097,1.4326238632202148,1.0343647003173828,0.06018289551138878,12.205268859863281,0.7800032399209988,0.004834486160294943,0.42391014099121094,0.4955558180809021,0.8288648483990687,4.3650623291817165,27.59832763671875,60.85784149169922
00825.png,3.5331,0.6558644771575928,0.7304003350290919,0.8563217665392701,6.409809589385986,28.072277069091797,0.9569907806865698,0.5196071286876026,6.869570732116699,4.849644975212994,8.618056297302246,2.4756581783294678,33.070247650146484,0.5394512414932251,1.6975891590118408,0.9560189247131348,0.024759571999311447,16.06256866455078,0.6664664485793377,0.01323644533105869,0.49281513690948486,0.48784172534942627,0.6373263204933737,5.06764211483726,20.88250732421875,51.84837341308594
00826.png,3.3977,0.6677112579345703,0.6500159907682305,0.8606573217275314,6.504207611083984,29.858007431030273,0.9517036447004102,0.52686582115172,7.025018215179443,4.397117769257791,9.483166694641113,2.6534409523010254,35.885929107666016,0.5552201271057129,1.6818909645080566,0.9110358953475952,0.02545403316617012,15.942434310913086,0.6585714873496453,0.012889130871809514,0.4860926568508148,0.480516254901886,0.6194409979713346,4.316110996912081,19.15936279296875,52.481422424316406
00829.png,3.5162,0.6698117256164551,0.6422088882078524,0.8587065728938336,6.569830894470215,29.491132736206055,0.9541811101525993,0.5337218602710543,7.027984142303467,4.36632992866066,9.43472957611084,2.6313018798828125,35.46849060058594,0.5484882593154907,1.664652943611145,0.9153985381126404,0.024786531925201416,16.057842254638672,0.6596908736344212,0.013191598751424312,0.4872761368751526,0.48501038551330566,0.6227507886503717,4.332540680589113,18.31268310546875,51.44707107543945
00834.png,3.4682,0.6621944904327393,0.6970525621274196,0.8604976296711798,6.549467086791992,27.95262908935547,0.9567980970192531,0.5364781614579158,7.058495998382568,4.742745091508603,8.895812034606934,2.498448371887207,39.62174987792969,0.5669005513191223,1.6560872793197632,0.9627926349639893,0.02795003540813923,15.536176681518555,0.655762171583247,0.011153284858092026,0.48576492071151733,0.46372324228286743,0.653862471510832,4.311300555102324,18.00457763671875,56.27411651611328
00857.png,3.3846,0.6789280772209167,0.7602275843003675,0.8665179556962275,6.37252140045166,24.16427230834961,0.9557677634383772,0.48836741635240843,7.045352458953857,5.100332477064843,7.747265338897705,2.1230435371398926,40.09773254394531,0.4622032344341278,1.698740005493164,0.9706794023513794,0.03850448131561279,14.144888877868652,0.6390895771110622,0.010428422069385296,0.4809122085571289,0.46901124715805054,0.6443092290835014,4.555175203160864,19.34735107421875,57.45268249511719
00867.png,3.3638,0.709908664226532,0.5764275011018754,0.8789704803509526,7.218542098999023,74.56558227539062,0.9681490360035113,0.57103973073087,6.60478401184082,3.984082810770852,17.71786117553711,7.080134391784668,27.569034576416016,0.39652419090270996,1.4380121231079102,0.9707264304161072,0.058815352618694305,12.305092811584473,0.7545910829407874,0.00810684453656867,0.43405354022979736,0.49763843417167664,0.7569930924492115,4.270041847498791,33.22430419921875,66.3429183959961
00871.png,3.4086,0.7061038017272949,0.5929279726313842,0.8772940218753899,7.1961588859558105,76.70071411132812,0.969809257339092,0.5831421492539228,6.672623634338379,4.111604984697911,17.97260284423828,7.27816915512085,29.07501792907715,0.427226185798645,1.435089349746704,0.9792797565460205,0.05744672939181328,12.4073486328125,0.7580370500455187,0.00801459835050516,0.4359722137451172,0.499680757522583,0.7653149825901159,4.114494469532065,33.58905029296875,66.35997772216797
00878.png,3.4292,0.7025446891784668,0.5928457347116639,0.8753007665825792,7.200594425201416,75.8939437866211,0.9692100327185227,0.5828033498932536,6.723575115203857,4.127452605798517,17.796611785888672,7.204404354095459,31.407766342163086,0.4546703100204468,1.4480164051055908,0.9684157371520996,0.056622739881277084,12.470091819763184,0.7530560546080944,0.008362153261529393,0.44084373116493225,0.5074276328086853,0.7562270268296711,4.173510208490985,32.41131591796875,64.46007537841797
00896.png,3.3907,0.7174386382102966,0.4962452189170994,0.8715394858024376,6.759154796600342,42.287513732910156,0.9382636947507568,0.4746712073545334,6.270829677581787,3.233042937776503,11.499604225158691,3.866612434387207,26.014690399169922,0.5022584199905396,1.384012222290039,1.027951717376709,0.055767517536878586,12.536186218261719,0.694323064172815,0.008389304218051955,0.4134753346443176,0.39701953530311584,0.5991979166018122,4.23225572637423,28.42694091796875,56.861968994140625
00910.png,3.427,0.7159642577171326,0.4971660685813292,0.8711360676781108,6.806257247924805,43.32169723510742,0.9385708613956557,0.4800869849113404,6.264640808105469,3.2492124776188707,11.79277515411377,3.9717633724212646,26.038537979125977,0.5123588442802429,1.3729209899902344,1.0228794813156128,0.056223418563604355,12.500828742980957,0.6970769299006244,0.008187258961875799,0.4144449830055237,0.40630024671554565,0.6027618903641486,4.1440558942797185,28.28387451171875,56.91413879394531
00916.png,3.4384,0.7118663787841797,0.5022165669847698,0.8703446891695666,6.875807285308838,40.485626220703125,0.937658117129919,0.46158852771763303,6.323663234710693,3.314505441467519,11.412957191467285,3.6940340995788574,25.722820281982422,0.5021355748176575,1.3795682191848755,1.0022602081298828,0.05549366772174835,12.557564735412598,0.6783813649021782,0.00818862837747681,0.42086008191108704,0.4098908305168152,0.5776539037446771,4.208920140729536,27.16571044921875,57.0289306640625
00922.png,3.4872,0.7118035554885864,0.5197382630543638,0.8722972610813687,6.875464916229248,39.08901596069336,0.9389257778032614,0.4550369677845452,6.33512020111084,3.433032805379959,10.921751976013184,3.566962718963623,25.06047248840332,0.47309228777885437,1.3605096340179443,1.0117751359939575,0.054510846734046936,12.635169982910156,0.6769439632372779,0.00824042258780171,0.42382678389549255,0.4079892635345459,0.5783418183225855,4.305657236970408,27.17303466796875,61.286006927490234
00926.png,3.4844,0.6936353445053101,0.4860580286897737,0.8726675717184366,6.911082744598389,43.04308319091797,0.9396773168096109,0.4975072375490084,6.274221897125244,3.2044204173586657,10.972845077514648,3.952563762664795,23.174833297729492,0.43366098403930664,1.3866558074951172,0.9699270725250244,0.05360893905162811,12.70762825012207,0.6862882736214968,0.010167245638303788,0.4259204566478729,0.4173888862133026,0.606048954646802,4.062491160933163,29.17156982421875,62.23361587524414
00950.png,3.5092,0.7017239332199097,0.5097981088795474,0.8624260175211486,6.736051559448242,27.97024154663086,0.9344758717583225,0.46374149071091786,6.300599098205566,3.3230386045122184,7.511136531829834,2.492893934249878,26.435352325439453,0.42886459827423096,1.4857765436172485,0.9553573131561279,0.05384088307619095,12.688879013061523,0.6126890606864857,0.01161122931863129,0.4320041537284851,0.3887503147125244,0.5165643464144399,4.466809378818319,24.32537841796875,58.051849365234375
00958.png,3.5049,0.7029144167900085,0.5731877623835995,0.876754270477334,6.780713081359863,35.188995361328125,0.9465242464722841,0.5146878936246888,6.641471862792969,3.846725561394061,9.403213500976562,3.2032411098480225,30.99237060546875,0.4358569383621216,1.506199836730957,0.9657586216926575,0.04750470072031021,13.232633590698242,0.6612500086224756,0.009479800529363388,0.43850141763687134,0.42570725083351135,0.5898552798518847,4.047760670995305,24.69842529296875,65.64543914794922
00965.png,3.3932,0.7015715837478638,0.585869864530264,0.8768294340611738,6.791260719299316,35.476165771484375,0.9502765679735059,0.5126122277164235,6.687773704528809,3.948490476421151,9.49150276184082,3.2316384315490723,29.750171661376953,0.42602068185806274,1.495518445968628,0.9533987641334534,0.04711541533470154,13.268370628356934,0.661612808659701,0.009736169808333929,0.4418027102947235,0.4409452974796295,0.5914134509538421,4.0971773045063955,25.49334716796875,64.08895111083984
00976.png,3.3652,0.673102080821991,0.6361976842042748,0.8540792729245896,6.906871795654297,34.33391571044922,0.966368555749742,0.5401449111898585,6.499846458435059,4.264672855554306,10.8948974609375,3.080627202987671,27.886503219604492,0.44039130210876465,1.5690068006515503,0.876623272895813,0.02808278426527977,15.51559829711914,0.6724253807262615,0.01622293576830662,0.4645528197288513,0.48280343413352966,0.6203313397962918,4.340773681912762,27.07489013671875,47.358829498291016
00994.png,3.3791,0.6741001009941101,0.6287699461922659,0.8554770321051395,6.951672077178955,34.40850067138672,0.9666520691486467,0.5378558588542598,6.5399322509765625,4.241569297925148,10.94107437133789,3.087399959564209,28.263668060302734,0.4501110315322876,1.5714058876037598,0.8888670802116394,0.028193222358822823,15.498553276062012,0.6764928502045786,0.014835368249885652,0.4655531644821167,0.4896491765975952,0.6356788657701369,4.554897495635813,26.88641357421875,48.69924545288086
01017.png,3.4128,0.6250910758972168,0.6037901763934267,0.8599399119530432,6.515739917755127,36.187129974365234,0.9604439202307794,0.6289769985027572,6.707432746887207,3.992021893903601,10.341996192932129,3.261305809020996,28.70704460144043,0.6502962112426758,1.602957010269165,0.9037994742393494,0.01298823393881321,18.864500045776367,0.6632363382163907,0.016180777594715052,0.49854522943496704,0.5543287396430969,0.6120504367516197,4.7091755500857175,35.86102294921875,52.367027282714844
01034.png,3.346,0.6984411478042603,0.6663409704866629,0.8726951738680139,7.077499866485596,27.733007431030273,0.9742916859007221,0.49709642728212705,5.942328929901123,4.337833103931082,9.111766815185547,2.4283156394958496,24.945533752441406,0.37590840458869934,1.5135526657104492,0.9668412208557129,0.045497361570596695,13.420137405395508,0.6984134424085919,0.007893017996631543,0.4479055404663086,0.42206695675849915,0.7264080947978115,4.475872314620419,27.06072998046875,59.87336730957031
01043.png,3.4942,0.703781247138977,0.6759805384873793,0.8701382634894164,7.047372341156006,30.43878173828125,0.9743199010549282,0.4961720115213021,5.882420539855957,4.3701560556117105,10.132637023925781,2.698411464691162,25.530759811401367,0.3732720911502838,1.5124776363372803,0.983376145362854,0.048599258065223694,13.133703231811523,0.7118850208632352,0.007426786796708677,0.44417697191238403,0.4286193251609802,0.7438158406357023,4.6686759452019215,26.18328857421875,59.6782112121582
01079.png,3.5612,0.6024001240730286,0.6186249570194886,0.9045681996112545,6.4073662757873535,31.430965423583984,0.9556990258171985,0.5992626945772327,6.732382297515869,4.064299399069283,9.804943084716797,2.8529410362243652,31.64873504638672,0.8273510336875916,1.7170076370239258,0.9420918226242065,0.011166871525347233,19.52068519592285,0.6426313581190914,0.009251587295440542,0.5140736103057861,0.5904632806777954,0.6439082842228726,4.8581864047071575,31.88787841796875,42.81930160522461
01093.png,3.3445,0.6371873617172241,0.5329513818135392,0.8765420740843543,6.504077911376953,41.42426681518555,0.9639943225213188,0.6461651808780497,6.814892292022705,3.549191369119754,12.157597541809082,3.726607084274292,29.264087677001953,0.7309989333152771,1.612658977508545,0.9168304800987244,0.010327421128749847,19.86008071899414,0.7014303849770237,0.006628227170628288,0.4987185299396515,0.5528684258460999,0.6703647422732268,4.822398906688786,42.84490966796875,54.60526657104492
01101.png,3.4169,0.6463683843612671,0.5744883521959318,0.8563502510126362,6.576368808746338,38.260066986083984,0.9671979934994686,0.6268194683064672,6.622772693634033,3.79138713155632,11.476785659790039,3.424192428588867,27.013225555419922,0.5804822444915771,1.5758471488952637,0.9522048234939575,0.013655606657266617,18.64689064025879,0.7028055860452577,0.006814120702258729,0.4958029091358185,0.5414345264434814,0.6831949237625561,5.139825359851437,43.28387451171875,55.499752044677734
01115.png,3.3485,0.6608209609985352,0.6850972345511557,0.8616182206604823,6.65216064453125,25.39272689819336,0.9606710014663584,0.45536388901224734,6.307015419006348,4.439160349113962,9.207829475402832,2.2420945167541504,30.91071128845215,0.46355873346328735,1.730268955230713,0.9138034582138062,0.032357875257730484,14.900199890136719,0.685902857817901,0.008569357635740106,0.47165560722351074,0.44914376735687256,0.6560943024333485,4.930547851237763,20.85223388671875,53.83795928955078
01122.png,4.5152,0.6713870763778687,0.7330868964813239,0.8630114333986101,6.548789978027344,24.166057586669922,0.9574139754026919,0.43367696110912346,6.523906707763672,4.79172461445493,8.995299339294434,2.1226089000701904,35.470123291015625,0.44499921798706055,1.735444188117981,0.9250578880310059,0.03737306222319603,14.2744140625,0.6679907740888413,0.009189593190932094,0.4662102460861206,0.4564676284790039,0.6337569670512264,5.012173451882191,21.51922607421875,50.479637145996094
01136.png,5.0005,0.6827201843261719,0.7555086504791985,0.8686098535066091,6.328965663909912,21.84215545654297,0.9626840464167882,0.3958336859879221,6.426728248596191,4.8185324252946415,9.158616065979004,1.906188726425171,39.23099899291992,0.3831748068332672,1.7402417659759521,0.9451067447662354,0.045007042586803436,13.467196464538574,0.6528535417973621,0.007248553857337721,0.46530622243881226,0.46825844049453735,0.6246069233297391,4.947393092750089,24.96649169921875,47.35805130004883
01147.png,3.4477,0.6856998801231384,0.7826976535132143,0.8700445206084249,6.386813163757324,20.39403533935547,0.9603079078118207,0.39144395685486755,6.441509246826172,5.020363435546777,8.322558403015137,1.7764891386032104,36.91583251953125,0.360944539308548,1.7596168518066406,1.0049563646316528,0.04427120089530945,13.538787841796875,0.6546887461725859,0.0058675907037860275,0.46969956159591675,0.4689953327178955,0.6528557435660232,4.862914493698151,21.04803466796875,45.544944763183594
01156.png,3.3951,0.6727075576782227,0.7235639360453601,0.8670938786705057,6.453788757324219,17.822011947631836,0.9537285565099977,0.37528713329714236,6.198544025421143,4.577398862092004,7.343500137329102,1.5610755681991577,28.8792667388916,0.31849223375320435,1.7734358310699463,0.9835305213928223,0.035437408834695816,14.505380630493164,0.6234475228939379,0.008062378485998377,0.4761672914028168,0.461019366979599,0.612153423385966,5.725425222312991,15.37518310546875,46.01924514770508
01165.png,3.4307,0.6913613080978394,0.6992373435596863,0.8609378905218166,6.92765998840332,20.185327529907227,0.9595983076069414,0.37330926577045576,6.494515419006348,4.692655894724757,8.351421356201172,1.7695770263671875,31.082778930664062,0.33654361963272095,1.7709417343139648,1.0325422286987305,0.04202424734830856,13.765000343322754,0.6452066774287121,0.004778346306986728,0.4661567807197571,0.44770681858062744,0.6713828882174294,5.046914309180252,15.87567138671875,57.24885940551758
01186.png,3.3493,0.7018036842346191,0.5543092241607922,0.8608582815921283,7.173628330230713,46.12742614746094,0.9602610045178862,0.5759259849366015,6.802563667297363,3.8735759387893793,13.20775318145752,4.249204635620117,29.722440719604492,0.4821718633174896,1.642782211303711,0.9285228252410889,0.03965159133076668,14.017393112182617,0.7256973623570334,0.008999095604376485,0.45431745052337646,0.4396740794181824,0.7151869859988103,3.93932925788464,25.44940185546875,54.01861572265625
01204.png,3.4691,0.723831832408905,0.602811924313506,0.8624489435092852,7.134946823120117,41.51542663574219,0.9625290929767362,0.5099707262529473,6.376026153564453,4.072298823893595,13.166011810302734,3.785837173461914,25.877910614013672,0.3747265040874481,1.5535836219787598,0.9660301208496094,0.05413493514060974,12.665224075317383,0.7198780408953045,0.009184861772279855,0.44659513235092163,0.3557355999946594,0.6991239704132557,3.824401970950976,24.17010498046875,52.4051513671875
01212.png,3.3509,0.7201902270317078,0.561669042577278,0.8580541759779958,7.150833606719971,36.788875579833984,0.9605982075350816,0.5035914073252222,6.154041290283203,3.7364776211501685,11.69693374633789,3.3442587852478027,22.655439376831055,0.3793625235557556,1.5947240591049194,0.9570824503898621,0.057890478521585464,12.373929023742676,0.6986829116432051,0.009242639615508067,0.45081669092178345,0.34821346402168274,0.6747559899288093,4.060365437787846,22.79315185546875,57.903175354003906
01223.png,3.4248,0.7048875689506531,0.5915276751275104,0.8554128485686654,7.159665107727051,43.816524505615234,0.9617998293598472,0.5568986791299845,6.738295555114746,4.110524684213814,13.151928901672363,4.015308856964111,29.384521484375,0.43751972913742065,1.6413874626159668,0.9593833684921265,0.044825561344623566,13.484743118286133,0.7280745024714522,0.00822281138957287,0.44542396068573,0.41972726583480835,0.728678073276911,4.027133258380727,23.32586669921875,50.853397369384766
01227.png,3.3478,0.6508734822273254,0.7370400779307573,0.9142056663758252,7.078135967254639,35.43067169189453,0.9656896124227448,0.542657310463948,6.833862781524658,5.126863517307598,11.020194053649902,3.304157257080078,33.942962646484375,0.8480461239814758,1.604672908782959,1.011245846748352,0.013072012923657894,18.836576461791992,0.7301369113802277,0.008608150861916127,0.5039516091346741,0.5768341422080994,0.7206097392560513,4.400587306104837,18.16326904296875,51.87181854248047
01242.png,3.3258,0.6291157007217407,0.6051820813586001,0.9016386313912577,6.911502361297607,25.162811279296875,0.9638089624314677,0.49674830871216524,6.653316974639893,4.1046038845008255,9.076271057128906,2.3132238388061523,32.62971496582031,0.8204737901687622,1.663347601890564,0.9969826936721802,0.009098649956285954,20.41023063659668,0.6670145782279412,0.01008122226234179,0.5062937140464783,0.5414089560508728,0.6490452237505494,4.486046289978079,13.38446044921875,54.150001525878906
01249.png,3.4358,0.6354712843894958,0.6044248610799818,0.8921064176818393,6.9608378410339355,21.007781982421875,0.9647588629868156,0.48691173892166806,6.627894401550293,4.106694901908984,7.961646556854248,1.8866868019104004,29.985572814941406,0.7910414338111877,1.691681146621704,0.9880673885345459,0.010483208112418652,19.795059204101562,0.6466695885210503,0.009876042285174302,0.5014172792434692,0.5439742803573608,0.6334756480605962,4.960794219404894,13.91473388671875,47.34330749511719
01267.png,3.4329,0.5784151554107666,0.6784648933418281,0.8769603230553081,5.681344032287598,22.892963409423828,0.9487214622176628,0.4783521762258506,6.713578224182129,4.204772285462685,7.6839518547058105,2.0378823280334473,39.41309356689453,0.4518715739250183,1.5338163375854492,0.9624953269958496,0.027796225622296333,15.560142517089844,0.6016033977480669,0.01576937836869197,0.47371190786361694,0.45792707800865173,0.6142908285914186,5.1002157066992115,26.01483154296875,38.53054428100586
01270.png,3.3036,0.6655410528182983,0.568732931428112,0.8818752883936763,7.035516262054443,32.361366271972656,0.9617175784709333,0.5383686906975511,6.825595378875732,3.941645514819493,10.429031372070312,2.9638137817382812,33.28271484375,0.7435595393180847,1.6563998460769653,1.047768235206604,0.019647041335701942,17.067028045654297,0.707288019321181,0.008411436557488843,0.48345106840133667,0.5299592018127441,0.6698937971490204,3.9092393248924275,8.15594482421875,56.553138732910156
01299.png,3.3311,0.6167453527450562,0.6606003930577043,0.8875837751428362,6.641910076141357,28.690343856811523,0.9670475412200192,0.499087157768041,6.697188854217529,4.405918789187165,11.059558868408203,2.5895614624023438,35.555416107177734,0.773263692855835,1.6916894912719727,1.171310305595398,0.013289953581988811,18.7647647857666,0.7150270292843729,0.006854973775425029,0.5014089345932007,0.5656062364578247,0.6967683181303189,4.846993199728444,16.54461669921875,41.50946044921875
01301.png,0.7592,0.6810665130615234,0.39741710500821714,0.8572457139323212,6.749281883239746,132.87281799316406,0.9644391722196687,0.6588663254625,7.117862701416016,2.7555268650916656,26.28383445739746,12.537002563476562,34.90985107421875,0.5812410116195679,1.645129680633545,0.8146581649780273,0.017356935888528824,17.605268478393555,0.7813536730179275,0.012480744936423172,0.5024657845497131,0.43986260890960693,0.7073958144395266,6.1636698887593875,29.51971435546875,63.05855178833008
01320.png,0.7619,0.6806676983833313,0.39963551712371204,0.8576101670510652,6.7415385246276855,132.8535919189453,0.9642556962190384,0.6560849279186114,7.115736484527588,2.768936155943379,26.277921676635742,12.532819747924805,34.85551071166992,0.5835930705070496,1.6479849815368652,0.8144330382347107,0.017215989530086517,17.640682220458984,0.7804748825056659,0.01266065316096927,0.5027556419372559,0.44329097867012024,0.7071107414531554,6.081396373683013,29.85809326171875,62.91283416748047
01331.png,0.7854,0.6835850477218628,0.43075103660417396,0.8571439829440263,6.671598434448242,131.8838348388672,0.9625436159873152,0.6462811076780262,7.132376194000244,2.9730451841002647,26.150453567504883,12.45693588256836,35.603973388671875,0.5683697462081909,1.6474332809448242,0.8169400691986084,0.018630389124155045,17.297780990600586,0.7815346500901704,0.012305515584055175,0.4995020627975464,0.4449703097343445,0.7116867655403124,5.8530923969113395,30.90155029296875,61.630245208740234
01345.png,3.3494,0.7380609512329102,0.6156533152090236,0.8803245028013023,7.080596923828125,32.70429611206055,0.9511398547173086,0.39690225629785597,6.206298351287842,4.090070855133332,9.077414512634277,2.9656286239624023,23.836559295654297,0.2836897373199463,1.5954232215881348,0.8417977094650269,0.08584655821323395,10.662771224975586,0.6157479673961778,0.017786317082559414,0.45131027698516846,0.47958481311798096,0.528711666550333,3.969882036941824,20.73162841796875,56.66048812866211
01388.png,3.2895,0.7347304224967957,0.5762774255345328,0.8796658192160398,7.15266752243042,32.789466857910156,0.9486745002163298,0.3965442088391674,6.165902137756348,3.8376053566258435,9.085477828979492,2.9716460704803467,22.796119689941406,0.28145164251327515,1.638043999671936,0.8073726892471313,0.08499563485383987,10.706033706665039,0.6133685908556344,0.016941378109369295,0.4482455849647522,0.42917656898498535,0.5034406223051404,3.8922613978364047,22.14422607421875,56.95228958129883
01393.png,3.401,0.7321038246154785,0.46058655536014775,0.8777479245540103,7.49482536315918,147.6830291748047,0.9745529298286871,0.6847797409237115,7.597005367279053,3.475555435355389,30.895505905151367,13.981977462768555,48.42229461669922,0.4445580840110779,1.6489641666412354,0.839892566204071,0.0547693595290184,12.6146240234375,0.7337624174426118,0.023063912514690137,0.5080996751785278,0.5021231174468994,0.7274935721681477,5.977590019893557,25.13446044921875,59.6681022644043
01406.png,3.4267,0.7331427335739136,0.4637911368886535,0.8777757452066559,7.473710060119629,147.75689697265625,0.9748660793545376,0.6862585123213898,7.597141265869141,3.4948718832631904,30.894235610961914,13.989726066589355,48.43556213378906,0.4407135248184204,1.6419649124145508,0.8411210179328918,0.05464813858270645,12.624245643615723,0.7347379996307353,0.022338792787316035,0.5078896284103394,0.5000925064086914,0.7293504421708662,5.868568016521606,25.91815185546875,58.88416290283203
01413.png,3.4727,0.7320441007614136,0.4659598614912703,0.877666404180742,7.480740547180176,147.8739471435547,0.976053520240035,0.6871073898940493,7.595232009887695,3.512407368704814,30.90277671813965,14.001215934753418,48.347354888916016,0.43971073627471924,1.6385211944580078,0.8446458578109741,0.05454210564494133,12.632680892944336,0.7354662717593662,0.022603538224932093,0.5084054470062256,0.5036001801490784,0.732078778870934,5.983738318156321,25.06610107421875,58.80017852783203
01415.png,3.3824,0.7322306036949158,0.46689235160777387,0.8782076272992798,7.473645210266113,147.91281127929688,0.9759173303926139,0.6876960915433912,7.595245361328125,3.5177833902820126,30.89313507080078,14.003127098083496,48.367156982421875,0.4396311342716217,1.640906810760498,0.8437492847442627,0.05447666347026825,12.637895584106445,0.7350947285204434,0.0225423940735021,0.5086115002632141,0.5042802095413208,0.7314745912617184,6.021550328003395,25.74237060546875,58.6656494140625
01422.png,3.3568,0.732954204082489,0.4590865672062367,0.8769150034396085,7.497776031494141,148.01902770996094,0.9736780126561536,0.6837170689925209,7.598051071166992,3.4651540180968823,30.917470932006836,14.011531829833984,48.42662811279297,0.44359689950942993,1.6463372707366943,0.836918294429779,0.05516602098941803,12.583283424377441,0.7328026119436336,0.022677674468429807,0.5071390271186829,0.5012575387954712,0.7232857026528329,6.0535779960441864,25.23455810546875,59.88425827026367
01432.png,3.3113,0.7173206210136414,0.49357543098070356,0.8756424928146676,7.362340450286865,122.76516723632812,0.973266970749692,0.6709829504624519,7.538783073425293,3.677422944779421,27.235395431518555,11.580543518066406,46.29399490356445,0.5423544645309448,1.569739818572998,0.8699510097503662,0.04307395592331886,13.657852172851562,0.7205242110040382,0.02099019964223891,0.5135188102722168,0.5211755037307739,0.6789399092070841,4.828424116764071,26.94598388671875,58.536346435546875
01437.png,3.2898,0.7174538373947144,0.44762862503952977,0.8704151740974219,7.308426856994629,100.20379638671875,0.9621777382093657,0.6416681250544014,7.337243556976318,3.2779186104082516,22.3482723236084,9.41208267211914,40.8287353515625,0.5354147553443909,1.610264778137207,0.8891699314117432,0.04378984123468399,13.586265563964844,0.6887665971892379,0.023873980166604147,0.5128651857376099,0.5081038475036621,0.6381020062697969,4.482482065259777,29.50555419921875,55.4963264465332
01442.png,3.2551,0.7279612421989441,0.37809696135895576,0.8575916554162757,7.196654796600342,72.152099609375,0.9425993360412463,0.5640715261094147,6.892675399780273,2.663572726698222,15.740449905395508,6.734438896179199,29.359588623046875,0.45696336030960083,1.6679821014404297,0.8167170286178589,0.04362397640943527,13.602747917175293,0.6275204729043693,0.02730691667813131,0.5162888169288635,0.4887391924858093,0.5231273598848297,4.251269891830707,31.95672607421875,50.52415084838867
01443.png,3.3987,0.723768949508667,0.3496400633774562,0.853985595594565,7.160701274871826,70.18912506103516,0.9372749438034382,0.5474563323859252,6.762160778045654,2.4340005402652114,15.177952766418457,6.549937725067139,27.11513328552246,0.4214547872543335,1.6780047416687012,0.811660885810852,0.043791770935058594,13.586074829101562,0.6249579121784912,0.027562022161082115,0.5131911039352417,0.48619264364242554,0.5173524862386993,4.4679716789554185,31.44744873046875,53.18669891357422
01454.png,3.5545,0.5765687823295593,0.6117501429615384,0.8910979743273701,6.393689155578613,41.39179229736328,0.8986345723934788,0.5257342415951449,7.320338249206543,4.1947901886100585,11.681740760803223,3.866565704345703,64.07954406738281,0.7093060612678528,1.3292148113250732,0.771818995475769,0.041122764348983765,13.859176635742188,0.6074139683127213,0.03127617404807828,0.4873228371143341,0.5411626100540161,0.5036625181560679,3.813445803630043,29.78192138671875,47.28224182128906
01462.png,3.5598,0.5743324756622314,0.6159592292259208,0.889891374767028,6.375499248504639,40.94952392578125,0.9009110797737249,0.5294893020048992,7.317649841308594,4.2172218861886,11.555524826049805,3.8281447887420654,63.99612045288086,0.7002878785133362,1.3158000707626343,0.7840423583984375,0.04142375662922859,13.827506065368652,0.6094103127996957,0.031123259417783045,0.48844727873802185,0.5412380695343018,0.5118235216016771,3.850328367471773,29.79022216796875,45.04200744628906
01471.png,3.6538,0.5725733637809753,0.6151788295079098,0.8903091250247462,6.367898941040039,40.787933349609375,0.8978189635225622,0.5255350052912513,7.319204807281494,4.210019127502008,11.424906730651855,3.8132998943328857,64.14604187011719,0.7021671533584595,1.3193001747131348,0.7810224294662476,0.04169342666864395,13.799324035644531,0.6117177203091929,0.03141095202206677,0.4857494533061981,0.5378068685531616,0.5091239378963682,3.6784688843912803,28.86492919921875,44.32583999633789
01482.png,4.1717,0.5724682807922363,0.6043960837206029,0.8911404789942796,6.38211727142334,41.13695526123047,0.8952069529189247,0.5261964870458136,7.32215690612793,4.141415767900712,11.604745864868164,3.847742795944214,64.02483367919922,0.7101923823356628,1.3252804279327393,0.7686842679977417,0.04117528349161148,13.85363483428955,0.6074912569430216,0.030978831762225226,0.48547881841659546,0.5389614105224609,0.4999194818451252,3.73312784829783,28.83660888671875,43.98009490966797
01486.png,3.5782,0.5744651556015015,0.6093274044955114,0.8907071841966925,6.380921363830566,41.51557159423828,0.8965292420897281,0.5286687099987759,7.32356071472168,4.175269197020768,11.68716049194336,3.8809890747070312,64.45796966552734,0.7064035534858704,1.3187789916992188,0.7727875709533691,0.04196355864405632,13.77127742767334,0.6091292048754351,0.03106989308932692,0.48627033829689026,0.5430241823196411,0.5025252944539911,3.7049133492575046,28.98748779296875,47.18431091308594
01492.png,3.5932,0.5779271125793457,0.6204697706059662,0.8896853094394306,6.402820587158203,42.783729553222656,0.8941389945287291,0.5305840606284353,7.356020450592041,4.268483564111893,11.824908256530762,3.9959988594055176,62.92706298828125,0.7000054121017456,1.355019211769104,0.7904807329177856,0.040767718106508255,13.89683723449707,0.6179440705262745,0.02949076152798854,0.4809053838253021,0.5351847410202026,0.5195412976135587,3.874738563747007,32.80584716796875,44.396366119384766
01494.png,1.7302,0.6923311352729797,0.5133699404988133,0.8519775499620927,7.226642608642578,127.42854309082031,0.9548670453858975,0.6749258701685091,7.299887657165527,3.728750913104177,25.486595153808594,12.0744047164917,39.0315055847168,0.5312763452529907,1.7103123664855957,0.7911900281906128,0.03614720702171326,14.419252395629883,0.7422702342212787,0.016271763277626704,0.49398672580718994,0.4357007145881653,0.6637973997400038,4.871376699861672,29.82928466796875,61.029296875
01505.png,1.6566,0.6868390440940857,0.5184257048472951,0.8605178682437711,7.09214448928833,128.9601593017578,0.9648593724127701,0.6698380859348235,7.302835464477539,3.731372619622624,25.757251739501953,12.246500968933105,39.34617614746094,0.5942251682281494,1.683694839477539,0.8031784892082214,0.03312265872955322,14.798747062683105,0.7363552426942124,0.01682654946878095,0.5021970868110657,0.4799935519695282,0.6576019456035055,5.419250524631281,29.72869873046875,58.67920684814453
01511.png,1.6345,0.6870442628860474,0.5313602467020451,0.8608089264088157,7.0729079246521,128.03884887695312,0.9665545103556208,0.668672694542331,7.306981086730957,3.820459862454104,25.536901473999023,12.150294303894043,39.43788528442383,0.5915617942810059,1.68141770362854,0.807587742805481,0.03353051096200943,14.745597839355469,0.7320802910770139,0.017060688953595308,0.5029288530349731,0.48039761185646057,0.6602666295034743,5.53128167413818,29.85174560546875,59.22771453857422
01527.png,1.5856,0.6895571351051331,0.5313801880823044,0.8605421342099513,7.093806266784668,129.29685974121094,0.9665725831286116,0.6871433009313034,7.313080787658691,3.8277762342074553,25.72413444519043,12.260329246520996,39.514713287353516,0.5970108509063721,1.6886488199234009,0.8123584389686584,0.03290524706244469,14.827347755432129,0.738690546529248,0.016791413426326333,0.5055772662162781,0.479165256023407,0.6664867639997911,5.841154826573214,31.38787841796875,56.88688659667969
01531.png,3.3812,0.7297679781913757,0.668770384038451,0.9103032388939047,6.9723896980285645,46.018707275390625,0.9461691363047279,0.43015315685136907,7.017029285430908,4.677866541624214,12.026769638061523,4.2098188400268555,41.13944625854492,0.22376936674118042,1.6451709270477295,0.9609302878379822,0.0857522115111351,10.667547225952148,0.705379425032947,0.01313562114117578,0.40384599566459656,0.4755326509475708,0.6793339369959535,5.25263801817787,33.86639404296875,54.459327697753906
01547.png,3.3896,0.7296344637870789,0.6685075998336015,0.9116217919827293,6.969676494598389,45.92989730834961,0.9452643390557631,0.42656065848607155,7.01119327545166,4.6731705369596295,11.99144458770752,4.203323841094971,41.10685729980469,0.22004786133766174,1.6448417901992798,0.9564546346664429,0.08603113144636154,10.653444290161133,0.7004096634293817,0.012828195571041123,0.4035557508468628,0.4744132161140442,0.6741232709164373,5.19912479928888,34.05047607421875,55.24546813964844
01562.png,3.4141,0.7373331785202026,0.6650348638788551,0.9121906926834276,6.9684648513793945,46.06591796875,0.9445605277346287,0.4252662872040701,7.011054039001465,4.648445170986166,11.996970176696777,4.217207908630371,41.1376953125,0.21706950664520264,1.6457054615020752,0.9471921324729919,0.08595064282417297,10.657509803771973,0.6945369232783227,0.013499511819629894,0.405222624540329,0.4749279022216797,0.6648966581773359,5.302543659225179,34.62371826171875,54.5932731628418
01579.png,3.3548,0.733498752117157,0.6654034381439353,0.9124926252143888,6.959949493408203,46.073944091796875,0.9444457110230001,0.425840799142724,7.009086608886719,4.647533930103437,12.003754615783691,4.2208757400512695,41.27287292480469,0.21519431471824646,1.6364319324493408,0.9509114027023315,0.08500854671001434,10.705374717712402,0.694184328810129,0.013109877204270856,0.4058454930782318,0.4697021245956421,0.665624747715351,5.272368386299523,34.77850341796875,54.54661560058594
01584.png,3.3913,0.7312736511230469,0.7685696085810549,0.8816910828043256,7.158754825592041,50.577308654785156,0.980679828537407,0.5378085139134752,6.7355475425720215,5.339383027430582,13.89222526550293,4.663638114929199,33.57343673706055,0.31036192178726196,1.4888890981674194,0.9188326001167297,0.07043278962373734,11.52225112915039,0.758035782952714,0.008338087343644437,0.4489111006259918,0.4364868998527527,0.7764590662832456,4.3117230581728165,30.23114013671875,60.01542663574219
01587.png,3.3695,0.722416877746582,0.747682240381352,0.8851357759282779,7.185601234436035,52.05095672607422,0.9817454901415197,0.5591451941463486,6.74153995513916,5.206551241665103,13.968545913696289,4.811800956726074,32.8955192565918,0.3241839110851288,1.4827158451080322,0.9167545437812805,0.06604625284671783,11.801518440246582,0.7607045592550162,0.007879835184795179,0.44685280323028564,0.4449685215950012,0.7756841662502256,4.222470788167104,31.72381591796875,60.057533264160156
01599.png,3.3397,0.7217944860458374,0.7566760635181699,0.8831343742859398,7.184910774230957,52.71947479248047,0.9821495737881106,0.583994141629464,6.819668769836426,5.298478691120623,14.081570625305176,4.88812255859375,33.53978729248047,0.3538181483745575,1.4503722190856934,0.9296588897705078,0.061477985233068466,12.11280345916748,0.766027544641448,0.007082096051749659,0.45444631576538086,0.4493147134780884,0.7873700530213434,4.448773370486164,32.23260498046875,62.95830535888672
01608.png,3.3413,0.7310022711753845,0.7526753699026718,0.8821949084968892,7.1879777908325195,54.6259880065918,0.9810473028989135,0.5726099272040235,6.797125816345215,5.26313526508849,14.519542694091797,5.069067001342773,33.00397491455078,0.334908127784729,1.4676438570022583,0.9165971279144287,0.06393077224493027,11.942900657653809,0.7650815518880948,0.007963779222186855,0.4531952440738678,0.44884395599365234,0.7732848703255892,4.377334770183218,34.72088623046875,62.18306350708008
01640.png,3.4122,0.7115613222122192,0.7874705270524028,0.8885953057306929,7.158602237701416,53.891990661621094,0.9872691236472588,0.5796892229282208,6.752209663391113,5.477190844373725,13.95578670501709,5.010951042175293,33.30061721801758,0.361146479845047,1.4508438110351562,0.9373546838760376,0.06129075586795807,12.126049995422363,0.7823701445340896,0.006018149238432734,0.4664030969142914,0.4638115167617798,0.7892640994873009,4.427012247597128,33.40936279296875,64.12151336669922
01659.png,3.4085,0.7200297117233276,0.7882942546586167,0.8883093009315064,7.143885135650635,54.327850341796875,0.987616965137177,0.5730057228277643,6.74940299987793,5.47601318379731,14.114616394042969,5.052411079406738,33.27211380004883,0.3634766936302185,1.4556126594543457,0.9390995502471924,0.062515988945961,12.04008960723877,0.7791511098120988,0.006356011019837721,0.46585288643836975,0.4635757505893707,0.7917737085981483,4.404372792229032,34.15936279296875,63.84461212158203
01670.png,3.424,0.7126216888427734,0.6797424666647229,0.8633187456924658,7.348799228668213,66.83637237548828,0.9799301969660092,0.6310846991556667,6.918651580810547,4.849108165916482,16.316560745239258,6.263396263122559,33.04592514038086,0.396098792552948,1.565150499343872,0.9142809510231018,0.052226755768060684,12.821069717407227,0.7786695464811065,0.0076274781984241495,0.47314855456352234,0.44568273425102234,0.7716554774281943,4.4491430584742275,36.86590576171875,65.43474578857422
01673.png,3.4568,0.7184921503067017,0.7331422174707024,0.8712262638964559,7.190178871154785,65.88631439208984,0.9822310555704146,0.6318492485900005,6.8313093185424805,5.139885935552165,16.293731689453125,6.182559013366699,31.867013931274414,0.4154849052429199,1.4913499355316162,0.9137691855430603,0.051038604229688644,12.921012878417969,0.7757401152270882,0.007631714776992976,0.4792554974555969,0.4644355773925781,0.7723002055469116,4.4886122142423455,37.18670654296875,65.11902618408203
01707.png,3.4111,0.7041758298873901,0.7083922902005445,0.8748851548399953,7.221480846405029,67.09432220458984,0.9841607795653551,0.6476147232081026,6.826346397399902,4.975698495607004,16.358606338500977,6.304824352264404,31.582612991333008,0.44138115644454956,1.4890111684799194,0.9206787347793579,0.045397691428661346,13.429661750793457,0.7876523588949741,0.0066808286437629,0.48305758833885193,0.46653759479522705,0.782591856451787,4.470453517364092,35.44403076171875,64.6847915649414
01710.png,3.4051,0.716792106628418,0.5315110334761537,0.8613376268317673,7.335452079772949,50.96931076049805,0.9541506397752274,0.3942923150836597,6.460305213928223,3.6663079308405013,13.385988235473633,4.550213813781738,31.12748146057129,0.3684844970703125,1.697180986404419,0.6774157285690308,0.08107241988182068,10.91126823425293,0.6065234325481268,0.022197178093391265,0.45114797353744507,0.5238806009292603,0.4501556976873911,4.358340477234882,32.88299560546875,58.73070526123047
01724.png,3.3772,0.7167226672172546,0.5345186023270367,0.8631617434786678,7.327239990234375,50.9663200378418,0.9544471017003548,0.3970943844346867,6.466668128967285,3.6865591783464016,13.362525939941406,4.550826549530029,31.12994384765625,0.37798750400543213,1.7031733989715576,0.6819044351577759,0.08085079491138458,10.92315673828125,0.606734620916475,0.022464517028398134,0.4529132843017578,0.5292290449142456,0.4527857945778869,4.399908461989981,32.96160888671875,60.44841003417969
01729.png,3.3738,0.7152460813522339,0.5446545802173941,0.8652525894072471,7.303303241729736,51.13058090209961,0.9552315375457361,0.3973987632162447,6.480657577514648,3.7537582795592073,13.393918991088867,4.564516544342041,31.20743179321289,0.38867127895355225,1.7081279754638672,0.6814627647399902,0.08088032156229019,10.9215726852417,0.6069763517920451,0.02274705165644134,0.4542388916015625,0.5319828987121582,0.4535172094000524,4.397438210338141,32.59246826171875,60.30141830444336
01741.png,3.3922,0.7168400287628174,0.5459644294689953,0.86603287795592,7.295119285583496,51.26301193237305,0.9548024478327874,0.3983312606480923,6.487863540649414,3.762518812536264,13.436427116394043,4.577181816101074,31.218826293945312,0.3911280632019043,1.7130274772644043,0.6797667741775513,0.08098040521144867,10.916199684143066,0.6066345565834985,0.022555155068900247,0.454464852809906,0.5353555679321289,0.4527896191568942,4.4057479478507995,33.04559326171875,60.44773864746094
01760.png,3.4382,0.7216528654098511,0.5752946488425144,0.8715971151452402,7.317779064178467,44.55524444580078,0.9467270846701564,0.39792474186163196,6.3956379890441895,3.944637704041183,12.33859920501709,3.9951038360595703,37.714237213134766,0.3242436945438385,1.6907349824905396,0.7025120258331299,0.08296626806259155,10.81098461151123,0.6171357990860704,0.023635657779627648,0.4413242042064667,0.49206340312957764,0.4822128844884359,4.146193671827057,26.52166748046875,59.23875427246094
01773.png,3.4096,0.726172149181366,0.5867311821355853,0.873898774974541,7.281944751739502,44.466033935546875,0.9476179923923607,0.3950369442921607,6.387380599975586,4.010120035417598,12.310072898864746,3.980184555053711,37.78688049316406,0.32136645913124084,1.686047077178955,0.7031243443489075,0.08459433168172836,10.726587295532227,0.6176066586129624,0.02344824194116195,0.44237956404685974,0.4939994812011719,0.48138497545562414,4.16012374583373,26.76287841796875,59.72703170776367
01779.png,3.3928,0.7293633222579956,0.5889214893879018,0.8738173331241257,7.277617454528809,44.382537841796875,0.9481083044356016,0.39395938006988374,6.384886741638184,4.023081257928167,12.299447059631348,3.971994161605835,37.86267852783203,0.3197632133960724,1.6831872463226318,0.7046645283699036,0.08509792387485504,10.700811386108398,0.6187512885461791,0.023726232817762496,0.44220444560050964,0.4936349093914032,0.4828373205465659,4.158473423559857,26.39764404296875,59.26875686645508
01783.png,3.4402,0.7292546033859253,0.5905831497319508,0.8741309972222919,7.270225524902344,44.472373962402344,0.9482037760318096,0.3932420595387108,6.388399124145508,4.033286976206316,12.307491302490234,3.979959487915039,37.89208221435547,0.319526731967926,1.6815109252929688,0.7060056328773499,0.08514191955327988,10.698566436767578,0.6199078278213651,0.02354251501440374,0.44253554940223694,0.4943295121192932,0.48358192629131475,4.302139293604029,26.17498779296875,60.663394927978516
01789.png,3.3881,0.7299131155014038,0.5902167912922814,0.873922160084769,7.268077850341797,44.43682861328125,0.9486551834300738,0.3943798790367965,6.38291597366333,4.028533667834623,12.270540237426758,3.9764342308044434,37.78008270263672,0.3188263475894928,1.6817854642868042,0.7092767953872681,0.08564656227827072,10.672901153564453,0.6202918012395466,0.023625808141650072,0.4418727457523346,0.49370336532592773,0.4855830951131973,4.213737640845722,25.95477294921875,59.50975799560547
01803.png,0.6436,0.6910930275917053,0.8125100825872374,0.8893698866731405,5.859347343444824,46.410545349121094,0.9726061907429053,0.4420543938680578,6.486574172973633,5.015605424136229,10.275026321411133,3.9276394844055176,40.56983184814453,0.3076569736003876,1.478452444076538,0.9307584762573242,0.03737330436706543,14.274385452270508,0.6981450706584436,0.013133653798039865,0.4505721628665924,0.34795621037483215,0.7401879099432405,5.350353381764309,36.19158935546875,51.54229736328125
01806.png,0.6343,0.6909652948379517,0.8340123087619633,0.88758745550753,5.8776116371154785,47.895469665527344,0.9732542952487461,0.4456480885176119,6.489344120025635,5.157109222769739,10.694340705871582,4.073448181152344,40.708126068115234,0.3122911751270294,1.477874517440796,0.9358925819396973,0.03827487677335739,14.170862197875977,0.7013270101409521,0.014311137912049484,0.4521559476852417,0.3722091019153595,0.7448735764755325,5.414012500219972,36.88006591796875,47.025474548339844
01807.png,0.6358,0.694890022277832,0.8302998818761005,0.8907467913737063,5.856805801391602,46.3007698059082,0.9731793865275429,0.4337581313073968,6.472294807434082,5.118438352901826,10.330126762390137,3.9246294498443604,40.872413635253906,0.29886576533317566,1.4710848331451416,0.9278917908668518,0.03851684182882309,14.14349365234375,0.7001811214681458,0.013108494180606748,0.4498830735683441,0.3478347659111023,0.7435505345921084,5.271974965488456,35.95965576171875,52.79079055786133
01811.png,0.6558,0.6894407868385315,0.8209822351850175,0.87946036304941,5.909936428070068,50.889530181884766,0.971713164507914,0.4712225569084054,6.532208442687988,5.10740299547369,11.22819995880127,4.3628621101379395,39.29046630859375,0.3439561426639557,1.4983017444610596,0.9183468222618103,0.03463504835963249,14.604841232299805,0.7112169671298072,0.013866036223706874,0.44928106665611267,0.35729506611824036,0.7430006954240108,5.356463747032011,37.57781982421875,51.80461120605469
01828.png,0.6396,0.6860042810440063,0.7610245156998995,0.8825699047048496,5.866084575653076,49.792484283447266,0.9730844390608316,0.45533433080010866,6.527087211608887,4.715765505485445,10.888805389404297,4.264602184295654,38.25332260131836,0.3389798700809479,1.4957493543624878,0.91129070520401,0.030017593875527382,15.226241111755371,0.710962610343893,0.01318734458010873,0.4540422260761261,0.3705996572971344,0.7380906980102875,5.594727425121174,38.11541748046875,53.91758728027344
01845.png,3.3466,0.7252042293548584,0.5760394406072098,0.8543767990099944,7.033276081085205,30.278167724609375,0.9630646659433539,0.3583324376919988,5.506228923797607,3.61163477162404,8.591463088989258,2.704918384552002,18.176700592041016,0.18806688487529755,1.623444676399231,0.6958452463150024,0.08751051127910614,10.579397201538086,0.5617906564272355,0.03740589485998931,0.4851449728012085,0.45125171542167664,0.45091817455984595,4.550238766791108,28.91473388671875,55.84735870361328
01856.png,3.3122,0.7294106483459473,0.5850399653038116,0.8601351900461848,6.981164932250977,32.64311218261719,0.962093978015791,0.36323990969834785,5.584967613220215,3.6758553030836953,9.14964485168457,2.927687644958496,18.8052978515625,0.22184959053993225,1.6034380197525024,0.6830302476882935,0.0861271470785141,10.648599624633789,0.5644501526730644,0.039022190801641134,0.4866042137145996,0.447654664516449,0.44380788135091537,4.561416564924629,29.77069091796875,58.816307067871094
01861.png,3.5037,0.7259199619293213,0.5844193910822227,0.8590790276824898,7.00848388671875,33.7486457824707,0.961633247821336,0.3713467050977035,5.672550201416016,3.705531669142605,9.388484001159668,3.0314793586730957,19.318464279174805,0.2261076420545578,1.6136996746063232,0.6834012269973755,0.08481450378894806,10.715298652648926,0.5675785111049517,0.03891493901949565,0.4897356331348419,0.4522048830986023,0.4416846236478344,4.565602696093454,27.47821044921875,55.2156982421875
01867.png,3.5754,0.71565842628479,0.6285680602377015,0.8627349437413937,7.149863243103027,27.925552368164062,0.9625283522411375,0.3454640084520859,5.652956008911133,4.023732273282704,8.736133575439453,2.4838435649871826,19.734390258789062,0.23401027917861938,1.625185489654541,0.7881968021392822,0.07820647209882736,11.067572593688965,0.6248124450412132,0.01391251174277123,0.45426779985427856,0.3584202527999878,0.4885370306202112,4.5808929388225215,25.72723388671875,55.31914520263672
01899.png,3.5708,0.7074002027511597,0.6215516654596469,0.8599972418095021,7.164769172668457,28.3544979095459,0.961584399892069,0.34911368465749437,5.685672760009766,3.9936174173944323,8.810412406921387,2.5238447189331055,19.813457489013672,0.22898811101913452,1.635652780532837,0.7763699293136597,0.07778476178646088,11.091054916381836,0.6246473876079194,0.01520984694785588,0.4511731266975403,0.3574383556842804,0.48160054870895685,4.514616737653843,26.32196044921875,56.00193786621094
01911.png,3.5619,0.7096198797225952,0.621360306152384,0.8610298418085742,7.164374351501465,28.373106002807617,0.9621140254748446,0.3489073881582766,5.692955493927002,3.9945278558771875,8.816890716552734,2.5260913372039795,19.785449981689453,0.22933873534202576,1.6341149806976318,0.7772263884544373,0.07770319283008575,11.095611572265625,0.6237580301969594,0.014940049110902034,0.4511643648147583,0.3574258089065552,0.483456212044621,4.569115595634061,25.80291748046875,55.48289489746094
01912.png,0.5683,0.6659689545631409,0.7644914182054802,0.8639685725603342,5.784032344818115,47.14961242675781,0.9526692409241444,0.3712361497679094,6.549510955810547,4.714455575563507,10.61984634399414,3.903245449066162,28.522544860839844,0.626641035079956,1.763688564300537,0.8805471658706665,0.023855682462453842,16.22408103942871,0.6346716363890154,0.01693239418166924,0.5122295618057251,0.42979001998901367,0.50977402154381,5.417428492767682,24.29461669921875,58.331298828125
01913.png,0.5346,0.6652129292488098,0.7774049359296443,0.8743833945444294,5.720229625701904,46.667999267578125,0.9583248108068891,0.36991387923110586,6.504314422607422,4.751722533240555,10.539463996887207,3.864530324935913,27.568134307861328,0.7058799862861633,1.7601971626281738,0.9195538759231567,0.022216083481907845,16.5333251953125,0.6437787128697077,0.016262275906572247,0.515746533870697,0.45201289653778076,0.531103374869295,5.658009462438098,24.08270263671875,60.149044036865234
01919.png,0.535,0.6662451028823853,0.7760294476097577,0.8773649607839178,5.721174240112305,45.997188568115234,0.958427047868897,0.3657655009300317,6.4699859619140625,4.730361586439507,10.198845863342285,3.807910203933716,26.977323532104492,0.7234753966331482,1.7629549503326416,0.9260451793670654,0.021719837561249733,16.63143539428711,0.6438389402042187,0.014752546209357124,0.5152297019958496,0.4400296211242676,0.5342200249656162,5.791814966390104,23.88250732421875,59.61722946166992
01929.png,0.5448,0.6647504568099976,0.7737314613367002,0.8811691196822613,5.709855556488037,46.083229064941406,0.9592276706346933,0.3725336022078167,6.453893184661865,4.705749979354856,10.226699829101562,3.8176000118255615,26.55130958557129,0.7429299354553223,1.759405255317688,0.929945707321167,0.02100030705332756,16.77774429321289,0.643763592446719,0.014361317697237395,0.5162030458450317,0.42164847254753113,0.5363309271577679,5.761802886257969,23.06951904296875,60.009254455566406
01937.png,3.5195,0.719551682472229,0.7025780544840793,0.8795608896081201,6.9480814933776855,78.18777465820312,0.9813638350126401,0.6225158237784238,6.758577823638916,4.815011139468766,18.703739166259766,7.489112854003906,28.782211303710938,0.2919811010360718,1.5235309600830078,0.9026257395744324,0.04992657154798508,13.016682624816895,0.7728976407238047,0.010674179668946373,0.4653151035308838,0.4276440143585205,0.7864678258589374,4.597776105383191,36.90887451171875,67.14695739746094
01947.png,3.5482,0.7195703387260437,0.7079488680419919,0.882208439308533,6.933710098266602,78.90328216552734,0.9811879489161092,0.6282498733795854,6.746841907501221,4.8425781297759265,18.8448543548584,7.552080154418945,29.013051986694336,0.28273409605026245,1.5217385292053223,0.904159665107727,0.05133519321680069,12.895849227905273,0.7728521262103761,0.010761252579410744,0.4638731777667999,0.42516109347343445,0.7869147350043052,4.5126445309290775,36.15252685546875,66.97991180419922
01954.png,3.5932,0.7193188071250916,0.7011985304573067,0.8814500674984876,6.9505157470703125,78.45121765136719,0.9810395362898996,0.6219595721810688,6.72877311706543,4.795961100533493,18.743227005004883,7.510146141052246,28.545146942138672,0.28331148624420166,1.5276212692260742,0.8970369696617126,0.05107588320970535,12.917840957641602,0.7704184669864127,0.010892965856067954,0.46396031975746155,0.4243159294128418,0.7806873152257886,4.449168309068114,35.75213623046875,65.48600006103516
01963.png,3.409,0.7179037928581238,0.7022876297104778,0.8828867531654568,6.933630466461182,78.64260864257812,0.9811254366310981,0.6175613541675063,6.720355987548828,4.794525289612114,18.83310890197754,7.527030944824219,28.512187957763672,0.27898281812667847,1.5236876010894775,0.8968613743782043,0.050907816737890244,12.932156562805176,0.7706312394850822,0.010948905519793084,0.46183133125305176,0.42395564913749695,0.7804931770450944,4.517225797535248,35.91912841796875,65.59523010253906
01977.png,3.2765,0.7331718802452087,0.7270948697436831,0.900258366893833,6.936358451843262,82.47787475585938,0.9850811700595736,0.5607172374782091,6.827461242675781,5.003813838017393,20.235448837280273,7.8842387199401855,31.997934341430664,0.22548073530197144,1.4248783588409424,0.922224760055542,0.0634177029132843,11.977893829345703,0.784284463199374,0.00832949679939283,0.435528963804245,0.4312558174133301,0.8150421242396245,4.739298629005896,41.14422607421875,66.3559799194336
01981.png,3.9953,0.7404260635375977,0.7059259067427851,0.9017000699698975,6.984748840332031,85.1407470703125,0.9855737554343262,0.5861186652746416,6.845749855041504,4.881665996672043,20.993114471435547,8.133914947509766,32.361454010009766,0.22082960605621338,1.428937554359436,0.9221428632736206,0.06342531740665436,11.977373123168945,0.7871534213164437,0.007792253752103204,0.4385966956615448,0.431302011013031,0.8133889411659758,4.597083140804796,41.12420654296875,65.80298614501953
01985.png,3.2584,0.7475716471672058,0.6836826578414776,0.9102508162881222,6.886110305786133,51.260292053222656,0.9852630628916366,0.4435359890559242,6.2590203285217285,4.493560571351301,14.137782096862793,4.790743827819824,27.956247329711914,0.18638575077056885,1.5073708295822144,0.9273214936256409,0.08231467008590698,10.84522819519043,0.753395157058205,0.010333053778096018,0.3929501473903656,0.3943096697330475,0.7689748515418714,4.80987290458177,29.07733154296875,62.013301849365234
01994.png,3.288,0.7857403755187988,0.5862406429361477,0.8649082064273402,7.725715637207031,51.53437423706055,0.9306655667947616,0.3235297161586477,6.975798606872559,4.309323076937044,15.498128890991211,4.677713394165039,33.24211502075195,0.23540878295898438,1.798149824142456,0.6913042068481445,0.11607997864484787,9.352426528930664,0.6696233920209489,0.019057138541772666,0.36512112617492676,0.5522257089614868,0.4896308412709354,4.255018954356489,18.07098388671875,58.15843200683594
01996.png,3.2808,0.7800004482269287,0.577133328141124,0.8606494035094621,7.848214626312256,48.117637634277344,0.9250101388773159,0.32655878159359203,6.912174224853516,4.259366441932068,14.724588394165039,4.362028121948242,31.46131134033203,0.24089737236499786,1.8132144212722778,0.7163294553756714,0.1121990978717804,9.500106811523438,0.6683406391795073,0.020125773509218813,0.3510890603065491,0.5481936931610107,0.5046646262806109,4.189512556359113,16.56707763671875,61.81435012817383
02002.png,3.3506,0.7880399227142334,0.5890843359051154,0.8689842896603334,7.703734874725342,43.6903190612793,0.9263647280579513,0.3291121680129726,7.037621974945068,4.341961596137503,13.956008911132812,3.950477123260498,34.51559829711914,0.2567524015903473,1.8057384490966797,0.7639582753181458,0.1159701943397522,9.356535911560059,0.6836342101015409,0.01916977503315513,0.34299325942993164,0.5514542460441589,0.5335855992424786,4.029469640893143,23.04510498046875,55.62522506713867
02011.png,3.2779,0.7814134359359741,0.6094371987088324,0.8622961305770389,7.666559219360352,40.30462646484375,0.9311012739742047,0.3148790195601173,6.962314605712891,4.457700564396495,12.80423355102539,3.6392056941986084,32.201515197753906,0.2565942704677582,1.7820723056793213,0.7528166770935059,0.11701157689094543,9.317712783813477,0.6631767121203294,0.02074537578334006,0.3434218466281891,0.5520973801612854,0.5200110116013036,4.224135314854571,22.87127685546875,58.65742492675781
02033.png,3.3184,0.7678548693656921,0.5599795431949854,0.8664829606591006,7.628926753997803,45.78581237792969,0.924329780189369,0.3208775193652639,6.932866096496582,4.0771625923248465,13.74704647064209,4.175163269042969,32.36772155761719,0.2805333435535431,1.816894769668579,0.8083733320236206,0.11332817375659943,9.456621170043945,0.6944416263545773,0.018441273685129333,0.32672154903411865,0.5507578253746033,0.5651471656291083,4.212335065384846,22.78338623046875,58.16252899169922
02045.png,3.3263,0.7643510699272156,0.5936364265924907,0.8787406828245816,7.462430953979492,73.20832824707031,0.9594802924373834,0.44438046922207125,7.4095354080200195,4.414281030141424,20.5054931640625,6.627885341644287,46.85086441040039,0.40756961703300476,1.6802620887756348,0.8258926272392273,0.09746876358985901,10.111345291137695,0.721024581549581,0.018764641147962394,0.3691599369049072,0.527819037437439,0.6272377893709397,4.296744095872765,38.83758544921875,62.600502014160156
02073.png,3.3701,0.7597143054008484,0.5991743332463264,0.8766684612732835,7.43782901763916,76.12362670898438,0.9589246250577826,0.4613954041529807,7.440033912658691,4.45722782068661,21.113435745239258,6.908266067504883,47.788902282714844,0.4212723970413208,1.652857780456543,0.8174756169319153,0.0954020693898201,10.204421043395996,0.7183850911818142,0.01925891164818892,0.37929868698120117,0.5290449261665344,0.626561872680259,3.9960362431188576,38.90643310546875,63.47638702392578
02083.png,3.427,0.7567117214202881,0.5976513947764331,0.8763442330157345,7.456055641174316,76.90873718261719,0.957697879991809,0.47508949196989586,7.46353816986084,4.458368824630648,21.19051170349121,6.9681196212768555,48.38212585449219,0.4237087070941925,1.6540254354476929,0.817891538143158,0.09296148270368576,10.316970825195312,0.7217756356717566,0.018949692842374362,0.3852224051952362,0.5311224460601807,0.6280489176732151,3.795712604190689,38.54852294921875,62.13813400268555
02090.png,3.359,0.7592863440513611,0.6049427796153561,0.8751738441946629,7.447481632232666,77.54789733886719,0.9582424069104962,0.46782029318061424,7.447171211242676,4.505217285987495,21.333396911621094,7.031553268432617,47.70900344848633,0.4174423813819885,1.6435372829437256,0.8115124702453613,0.09511052817106247,10.217714309692383,0.7177958579686134,0.019525256884387825,0.3820650279521942,0.5301030278205872,0.6241364049548584,3.9588230438948884,39.46014404296875,63.509971618652344
02102.png,3.4816,0.8142971396446228,0.6742414955720439,0.895269602194624,7.2188920974731445,36.579322814941406,0.9427318002979981,0.3472279140707937,7.443418025970459,4.942980539725523,11.539706230163574,3.2537097930908203,52.3585205078125,0.2623142600059509,1.7693281173706055,0.7682608962059021,0.1171731948852539,9.311717987060547,0.637934801340381,0.019964092798422685,0.35393568873405457,0.5349379181861877,0.5141262897369548,4.302457393385884,22.38299560546875,50.01836013793945
02119.png,3.5865,0.8704959154129028,0.6228947359126443,0.8820532449181877,7.3932013511657715,43.36723327636719,0.9373636070916672,0.3170119924519633,7.34909725189209,4.591461103373785,13.799395561218262,3.888720989227295,45.670345306396484,0.2596704363822937,1.7651180028915405,0.7251222133636475,0.1356278359889984,8.676511764526367,0.6456961982477066,0.02246792199898002,0.33826884627342224,0.5159673690795898,0.49380704045999424,4.112783294003991,20.39129638671875,58.89375305175781
02120.png,3.912,0.9183794856071472,0.5917062225895793,0.8889575278595331,7.339111328125,45.94892120361328,0.9391501049028982,0.3948932477965113,7.531675815582275,4.399579031476311,12.464872360229492,4.032857894897461,56.44029998779297,0.2672422528266907,1.7631868124008179,0.7890413999557495,0.13257548213005066,8.775368690490723,0.6254316300124417,0.030004876932139025,0.3786146342754364,0.4455917477607727,0.543280975039581,4.035608485941895,32.52850341796875,48.33946990966797
02142.png,3.7875,0.7664725184440613,0.5535647185463995,0.8743289979743393,7.345616817474365,52.0105094909668,0.9263668586461729,0.4175793397565425,7.28772497177124,4.050260534794482,14.579591751098633,4.678727626800537,43.5090446472168,0.3015645146369934,1.6851444244384766,0.7382072806358337,0.09893836826086044,10.046353340148926,0.6712201795843276,0.01741184639842282,0.3805391192436218,0.45889753103256226,0.5150482195738115,3.885409390831876,35.92498779296875,63.755775451660156
02163.png,3.5215,0.7421347498893738,0.7002012228819576,0.8747213376713907,7.265931129455566,52.71080017089844,0.9639027043547342,0.4109251505976841,6.9699554443359375,4.984005490171736,15.325753211975098,4.909389495849609,33.71114730834961,0.37055906653404236,1.7220213413238525,0.8542171120643616,0.09018632024526596,10.448594093322754,0.7364970585596884,0.013230039019552433,0.4601823687553406,0.5758076906204224,0.6530893965407837,3.8321294806415245,15.57489013671875,68.27127838134766
02180.png,3.272,0.735629677772522,0.7422148827377731,0.8773218780699339,7.081850051879883,67.6037826538086,0.9687506185540014,0.4529095728195401,7.232616901397705,5.312218302351141,18.78502655029297,6.326907157897949,41.55584716796875,0.42011234164237976,1.6259853839874268,0.8449878692626953,0.08855069428682327,10.528079986572266,0.7440941329991344,0.01595513640628552,0.4698534905910492,0.5608755946159363,0.6650995953945266,3.8718797548302524,24.02410888671875,65.38198852539062
02195.png,3.3099,0.7322046160697937,0.7605532091202031,0.8721005264684729,7.062432765960693,64.09547424316406,0.9693824605001997,0.39894520469362843,7.012917518615723,5.352540539579259,19.852876663208008,5.831822872161865,35.85633850097656,0.5635004639625549,1.6979787349700928,0.7800723910331726,0.093133345246315,10.308948516845703,0.6957459022560836,0.02316230411156415,0.4778847396373749,0.600497841835022,0.5746130923875686,4.105762047009604,31.34295654296875,69.92340087890625
02213.png,3.3385,0.739913821220398,0.7474926751153788,0.8728383445974407,7.206169605255127,70.3677978515625,0.9728810467980038,0.4081590716295343,7.171268463134766,5.373528705096506,20.738277435302734,6.449295997619629,40.38255310058594,0.5359101891517639,1.6653883457183838,0.7976336479187012,0.09387955814599991,10.274290084838867,0.7155126334827133,0.019174256791593847,0.4703930914402008,0.6000614762306213,0.6252978255073308,4.169114279191875,29.15643310546875,66.04688262939453
02233.png,3.3649,0.7797660827636719,0.7691774581831955,0.8688364168070909,7.219639778137207,44.299156188964844,0.9551018382096057,0.33174341303708055,6.8418426513671875,5.407901748645909,14.767045021057129,4.028707027435303,34.236270904541016,0.3259592652320862,1.7659666538238525,0.736294686794281,0.11468708515167236,9.404854774475098,0.678871953032951,0.016969283074534568,0.4398307800292969,0.5706784725189209,0.5314481447358438,3.6947031794602725,14.83270263671875,60.51899719238281
02236.png,3.377,0.7864412665367126,0.7761136185402829,0.8653866515195955,7.140036582946777,48.784950256347656,0.9571130754265061,0.34842926207794056,6.7987871170043945,5.409069659693451,15.930192947387695,4.49027681350708,32.257930755615234,0.3294789791107178,1.727567195892334,0.753568708896637,0.11314000189304352,9.463838577270508,0.6907766247634166,0.01687316568836382,0.4529094099998474,0.5737935304641724,0.5480434943168407,3.8096537265890755,17.51092529296875,61.24352264404297
02249.png,3.3468,0.7590843439102173,0.704463227984115,0.8686644376746463,7.327608108520508,52.79588317871094,0.9590773713321727,0.37998676168948614,6.988331317901611,5.042539261389315,16.295448303222656,4.881474494934082,35.90901184082031,0.3505471646785736,1.772743821144104,0.7662950754165649,0.10240629315376282,9.896734237670898,0.7167360876940021,0.014821142924456177,0.457883358001709,0.5733888149261475,0.5818098654632384,3.893664452211467,19.00506591796875,62.6974983215332
02278.png,3.3449,0.7500445246696472,0.7711213029112611,0.8685837860922451,7.173159599304199,54.4769401550293,0.9655480810297279,0.391818122617891,6.940607070922852,5.441726959254336,16.40926742553711,4.968106746673584,35.56239318847656,0.4207891523838043,1.6906040906906128,0.7689201235771179,0.09683049470186234,10.13987922668457,0.6986755579466317,0.016765135195475185,0.46647974848747253,0.5928649306297302,0.5789953225321454,4.297706238743556,22.74627685546875,66.84302520751953
02296.png,3.3159,0.7596592903137207,0.7208490296284034,0.860770365210038,7.365464210510254,58.110107421875,0.9593202789467745,0.3958806753498337,7.001447677612305,5.178200122160058,17.321456909179688,5.262663841247559,37.634334564208984,0.32931792736053467,1.6659691333770752,0.7804350852966309,0.09986957162618637,10.005668640136719,0.6968898512772317,0.01814792096301142,0.4560910761356354,0.5740640163421631,0.5834699662323216,4.01991980425928,31.17303466796875,61.9107551574707
02310.png,3.2809,0.7449668645858765,0.7808286625829024,0.8733058451734187,7.260375499725342,49.435359954833984,0.9551510641611035,0.3210997446032162,7.036635398864746,5.5817720414604,16.083398818969727,4.467637538909912,41.14427185058594,0.42683789134025574,1.7841784954071045,0.6981487274169922,0.10008949041366577,9.996115684509277,0.6715039309955478,0.020085988717195278,0.434007853269577,0.575677216053009,0.50792148497432,3.8957987369959324,25.09393310546875,61.218894958496094
02317.png,3.3752,0.7561997175216675,0.7732255131522333,0.8698464104859313,7.187932014465332,53.88869857788086,0.9586743522471856,0.3400751004495902,7.137126445770264,5.538264409444832,16.853240966796875,4.898960590362549,43.28395080566406,0.4309384524822235,1.7446763515472412,0.7210723757743835,0.1050867885351181,9.78451919555664,0.6814506285340157,0.017484198976679577,0.44178035855293274,0.5863855481147766,0.5427067901138573,3.815852145248794,23.98114013671875,59.43867492675781
02322.png,3.3388,0.7674819231033325,0.6640844156382634,0.8689359352712246,7.400750160217285,55.03275680541992,0.9370114210077093,0.32298499753280585,6.934755802154541,4.760005287639968,17.768421173095703,5.013772964477539,34.614654541015625,0.30881577730178833,1.8205323219299316,0.6481166481971741,0.1055576354265213,9.765104293823242,0.6778607973113733,0.015617730321908413,0.43668562173843384,0.5509265661239624,0.49579576037480483,4.111341375285854,25.97576904296875,57.37602233886719
02337.png,3.3326,0.7859119772911072,0.6881073478896312,0.851162975584925,7.514433860778809,42.185482025146484,0.9446936016955538,0.26541491500609804,6.520504474639893,4.828784078320545,15.092937469482422,3.8233466148376465,26.02193260192871,0.2812303602695465,1.8624850511550903,0.6400588154792786,0.12903711199760437,8.892854690551758,0.6678303293524692,0.017251898312667026,0.4272603392601013,0.5435326099395752,0.4606564387584418,3.79148874661396,12.52996826171875,54.54750061035156
02352.png,3.3115,0.7621528506278992,0.7506278303738074,0.856557857341822,7.587111949920654,36.007930755615234,0.9503956754896367,0.3108122314643549,6.783356666564941,5.393449691249716,12.512250900268555,3.2676005363464355,32.73844909667969,0.27057427167892456,1.8248578310012817,0.7216634154319763,0.11470343172550201,9.40423583984375,0.6540554996377215,0.01847591434821052,0.4438508152961731,0.5626728534698486,0.5043582747692649,3.8451812194458515,14.73846435546875,55.78164291381836
02369.png,3.3037,0.7710623741149902,0.7025691006511464,0.8615416033665075,7.567676067352295,44.69964599609375,0.9397081030817033,0.33172224877133805,6.770624160766602,5.036835787496846,14.764084815979004,4.066451072692871,30.91364097595215,0.2964334189891815,1.816209077835083,0.7000911235809326,0.10837320238351822,9.650781631469727,0.6795354101095932,0.017046337590985696,0.4414308965206146,0.5708565711975098,0.5175457549599244,3.953632803457759,18.93182373046875,61.54008865356445
02394.png,3.3257,0.7933014631271362,0.7614431383099806,0.8538564287845567,7.630922317504883,30.590900421142578,0.9440087820781669,0.24934090854543406,6.571000576019287,5.406991904963645,11.906323432922363,2.744161605834961,28.13181495666504,0.23282800614833832,1.8736757040023804,0.6426826119422913,0.12648776173591614,8.979515075683594,0.6243053616385905,0.018302893527840692,0.4297524094581604,0.5560716986656189,0.4343871793106898,4.105010414597186,14.07684326171875,56.88052749633789
02405.png,3.3528,0.7539659738540649,0.7191890091488551,0.8542958813521575,7.73504114151001,35.639923095703125,0.946249948800793,0.34219641094230124,6.512529373168945,5.123360143104053,11.724716186523438,3.239621877670288,26.57844352722168,0.2998078167438507,1.78737473487854,0.7673929929733276,0.09672830998897552,10.144463539123535,0.6861470622751029,0.01677174850873248,0.3811599910259247,0.5429804921150208,0.5362499030882211,4.078781005301948,15.69549560546875,59.48816680908203
02440.png,3.4153,0.7407938838005066,0.6985732164392374,0.8721761765064268,7.431906700134277,45.7362174987793,0.9658340738265345,0.38906253325579077,6.729281425476074,4.946325504085802,14.520637512207031,4.177018165588379,32.39791488647461,0.4076973795890808,1.7196710109710693,0.8013610243797302,0.09265665709972382,10.331233978271484,0.6917388549014984,0.019708825692742148,0.406999409198761,0.5834504961967468,0.5794160174395777,3.9961182852384756,20.57391357421875,55.1333122253418
02450.png,3.5743,0.7499801516532898,0.726141316106882,0.8639893510080514,7.472348213195801,48.296722412109375,0.9572524824197255,0.3899155781945518,6.91412353515625,5.2233187067127975,14.79198169708252,4.433776378631592,34.54172134399414,0.3688148260116577,1.7230297327041626,0.7663513422012329,0.09411714971065521,10.263311386108398,0.6853667358805267,0.01787380001848134,0.4480651021003723,0.581412672996521,0.5802847872153792,3.8023203936572396,18.99334716796875,59.235111236572266
02455.png,3.4778,0.7497023344039917,0.7026194166789173,0.8612713324176999,7.3884100914001465,59.583709716796875,0.9566301154951402,0.3959059810103054,6.899643898010254,5.019544777295394,18.63463592529297,5.380902290344238,34.0594596862793,0.4754617214202881,1.7369184494018555,0.6663320660591125,0.0835261270403862,10.781776428222656,0.6762483919466289,0.021100537265276408,0.46919214725494385,0.5425633192062378,0.476353886817237,4.465506505187352,31.07489013671875,65.9550552368164
02464.png,3.4126,0.7455241084098816,0.7590172376452522,0.8613276921309385,7.223316669464111,54.038326263427734,0.9636141700546942,0.38613457763992454,6.84592342376709,5.339411488064236,17.821029663085938,4.880308628082275,32.64990997314453,0.4962838292121887,1.6874055862426758,0.7066904902458191,0.0897616595029831,10.469091415405273,0.6669458100534625,0.022939131785003234,0.47693541646003723,0.5922130346298218,0.5098910118719309,4.519903068198159,26.86151123046875,64.67269134521484
02473.png,3.6066,0.7548279166221619,0.768830872033118,0.8626829959121821,7.154700756072998,58.835609436035156,0.9657873754495638,0.39927521220836915,6.954394340515137,5.423767994992314,18.68558692932129,5.3062825202941895,36.066566467285156,0.4857437312602997,1.7043206691741943,0.7319789528846741,0.09728076308965683,10.119729995727539,0.6842369255143469,0.02083061173200823,0.4767109751701355,0.5935724377632141,0.5563024659974365,4.347085422699458,29.00506591796875,64.9040756225586
02478.png,3.5545,0.7423585653305054,0.7114269333198548,0.8674195093776581,7.387385368347168,57.02317428588867,0.9570600234676873,0.41236337331509676,6.865532875061035,5.06996747549446,17.572412490844727,5.197937965393066,33.95961380004883,0.4345840811729431,1.65700364112854,0.7734462022781372,0.08819311112165451,10.545653343200684,0.702428087511657,0.02352480473722205,0.4731735587120056,0.5950706601142883,0.5593270139953072,3.9983362001117237,32.59979248046875,65.32914733886719
02486.png,3.3859,0.7467418909072876,0.8274736201907018,0.8819766032457432,7.038455009460449,46.63837814331055,0.9728068800252327,0.41477760060920066,6.873831748962402,5.756039551550446,15.077789306640625,4.251225471496582,34.931365966796875,0.3944845497608185,1.6359021663665771,0.8187074661254883,0.09198983758687973,10.362601280212402,0.6874172746450562,0.020641136840796864,0.4797183573246002,0.6183119416236877,0.5986750986223729,4.235820153245969,21.93084716796875,63.94109344482422
02495.png,3.434,0.7488130331039429,0.8081576692242982,0.8743711574432418,7.203944206237793,47.51986312866211,0.9685432440682855,0.3907584840866908,6.780436038970947,5.650806138402922,15.89522933959961,4.326611042022705,31.97355079650879,0.40014809370040894,1.6748974323272705,0.7773181200027466,0.09112774580717087,10.403494834899902,0.6844985434877966,0.019812324621223273,0.4776743948459625,0.6195501089096069,0.567373965670188,4.3610052941192725,21.48114013671875,61.97939682006836
02522.png,3.332,0.7333554625511169,0.788115249855036,0.8707954690320421,7.09812068939209,50.974525451660156,0.9680463141191735,0.4026206081847993,7.043891906738281,5.57278171620132,16.390954971313477,4.61439323425293,37.38929748535156,0.44618743658065796,1.7361927032470703,0.7713090181350708,0.09151510894298553,10.385072708129883,0.7027365732092097,0.0179065117891747,0.46836355328559875,0.5985271334648132,0.5783053992744186,4.13701097321096,24.40740966796875,64.11000061035156
02527.png,3.399,0.684588611125946,0.6270942917610502,0.8776634470133158,7.28218412399292,76.10417938232422,0.9564905385661776,0.6207929462730433,7.348420143127441,4.587395547673825,19.713443756103516,6.794837474822998,56.06986618041992,0.6583814024925232,1.7181776762008667,0.8414731621742249,0.054046012461185455,12.672365188598633,0.7209182315748173,0.013897917615761248,0.4725128412246704,0.46105509996414185,0.6408622434257368,3.9647286539873696,38.22283935546875,64.6226577758789
02530.png,3.4379,0.6012401580810547,0.7141642822122151,0.9070848652172596,6.848574161529541,50.58148956298828,0.9536457563789535,0.6227839195183191,7.202776908874512,5.0174995087756695,13.568492889404297,4.605700492858887,68.75782775878906,0.8084577322006226,1.6707626581192017,0.8830824494361877,0.03653673455119133,14.372702598571777,0.7121266819923185,0.01258316139807446,0.47492241859436035,0.5134052038192749,0.6571827437169667,3.7511294872715477,32.20379638671875,64.29144287109375
02533.png,3.3287,0.6763264536857605,0.761233116714999,0.8684103290307705,6.692910194396973,42.31478500366211,0.9810728874970422,0.6442884308432746,6.446728229522705,5.0011776955751,11.685200691223145,3.9817657470703125,23.976232528686523,0.5856819152832031,1.5335859060287476,0.9570853114128113,0.03792886808514595,14.210301399230957,0.758019583632766,0.006767597358875539,0.4905545711517334,0.4861678183078766,0.793502952398715,4.078103506827599,24.02899169921875,60.792083740234375
02544.png,3.3716,0.6047114133834839,0.6988198428121994,0.8859409912487233,6.3486785888671875,20.955839157104492,0.9611519555491596,0.518427221653492,6.6840667724609375,4.553783285240444,9.792333602905273,1.9361504316329956,37.06534957885742,0.7628194093704224,1.6662684679031372,1.0239720344543457,0.01194215752184391,19.229171752929688,0.6400634116204346,0.01723000360074976,0.5012867450714111,0.5142768025398254,0.6436718202220996,4.1978770880768055,10.75799560546875,50.03644561767578
02556.png,3.3657,0.7191118001937866,0.7900454872417475,0.8628534770154415,7.129944801330566,41.04447937011719,0.9667890302101197,0.3669073669585665,6.549798011779785,5.403822734042571,13.931012153625488,3.695892333984375,26.243309020996094,0.5467100739479065,1.7454710006713867,0.7530450820922852,0.09230406582355499,10.34779167175293,0.6734419584513084,0.022212549436486363,0.47232872247695923,0.5853443145751953,0.5419245952856265,4.3508123618022285,22.34686279296875,63.00460433959961
02572.png,3.329,0.7461034655570984,0.8147424737276423,0.8469623290531981,7.234579086303711,34.74848175048828,0.9636987160997696,0.3059215460149022,6.569678783416748,5.6234718283165925,12.04072380065918,3.1289658546447754,26.845577239990234,0.46771523356437683,1.755698800086975,0.7106022238731384,0.09983369708061218,10.00722885131836,0.638501999703414,0.024584832722663204,0.4725574254989624,0.6204474568367004,0.4923556468129311,4.37232668082939,19.57391357421875,60.12967300415039
02606.png,3.3337,0.79224693775177,0.810113780702615,0.8574619632472286,7.1334381103515625,38.53199005126953,0.9448737908605406,0.28322517372958445,6.735949516296387,5.617905794888767,13.254655838012695,3.458740234375,33.35344696044922,0.3289848268032074,1.838625431060791,0.734416127204895,0.1279495656490326,8.92961311340332,0.6651911352733634,0.020697813900310027,0.44402697682380676,0.5776614546775818,0.5372077926237533,4.178025766558391,21.23358154296875,57.186134338378906
02611.png,3.3475,0.7584013938903809,0.8302375233923728,0.8551157862394215,7.022865295410156,39.21316909790039,0.9580376010660139,0.3206919805064632,6.811140060424805,5.742770171499014,12.97382926940918,3.5472769737243652,33.18809127807617,0.4206485152244568,1.7800421714782715,0.7403539419174194,0.11053656786680222,9.56494140625,0.6526923588372301,0.02316979309123485,0.46322745084762573,0.6123352646827698,0.5097466312793008,4.004960978325636,17.04217529296875,61.708229064941406
02624.png,3.3315,0.933560848236084,0.7280911799564332,0.8941261287845895,7.33937406539917,52.772308349609375,0.9446776666183007,0.3424858096693011,7.328949928283691,5.339951937458958,16.63498878479004,4.798590183258057,42.971282958984375,0.21984128654003143,1.8156530857086182,0.7112070322036743,0.16027307510375977,7.951394081115723,0.7031058023395255,0.019633802720430114,0.4011459946632385,0.4893641173839569,0.5467449360614186,3.9041023694091455,18.16571044921875,59.39954376220703
02641.png,1.3941,0.6464242339134216,0.6142545304615127,0.8681320348763434,6.610177993774414,59.1467399597168,0.9563357152404517,0.5166179053018009,6.756538391113281,4.105293117361265,18.626466751098633,5.146626949310303,37.926612854003906,0.6577484011650085,1.6878268718719482,0.908505916595459,0.018587756901979446,17.30773162841797,0.7815215425825413,0.005888998394855247,0.48755913972854614,0.4976990818977356,0.6701284498175871,4.39439736883463,37.66619873046875,56.427940368652344
02651.png,1.4099,0.6804282665252686,0.8002502808741206,0.8750612199429588,5.9322614669799805,41.6554069519043,0.9744828248752314,0.6996841466770171,6.557486534118652,4.997476092449194,11.211708068847656,3.827294111251831,28.405696868896484,0.6817595362663269,1.629148244857788,0.9105191230773926,0.015041771344840527,18.22701072692871,0.7340410804783766,0.01516614858374957,0.4875072240829468,0.48096907138824463,0.728936416713306,3.7745455327082187,23.10369873046875,59.53727722167969
02658.png,1.3911,0.7203271985054016,0.7547890647609284,0.8681095809643142,6.296399116516113,43.00642776489258,0.9663544846453107,0.6316631790788998,6.935788631439209,4.993767874158209,12.376688957214355,3.8717544078826904,34.5359001159668,0.5252587795257568,1.5437426567077637,0.866317629814148,0.0346793569624424,14.599289894104004,0.6915852920485442,0.019517250604454944,0.48143479228019714,0.4769924581050873,0.634124131844742,3.8282784282709184,23.62030029296875,58.17238235473633
02667.png,1.275,0.868293285369873,0.5863279785253469,0.8867676995863463,7.43337869644165,41.081459045410156,0.9142633635665861,0.30059960954134723,7.013769149780273,4.235392681928815,10.877887725830078,3.3556482791900635,39.88038635253906,0.2065942883491516,1.8429694175720215,0.59844571352005,0.1307760775089264,8.834717750549316,0.5794524735802098,0.024581121151483493,0.3957557678222656,0.412893146276474,0.3962164384647,4.500365606554726,28.13446044921875,56.910037994384766
02709.png,3.313,0.7862104177474976,0.6096509078587296,0.8718850468040892,7.687211513519287,70.56637573242188,0.9417143265992013,0.38806433593847106,7.046217918395996,4.4911354204608624,20.731801986694336,6.596314430236816,35.05009078979492,0.26419657468795776,1.8004387617111206,0.7236653566360474,0.1129758432507515,9.470144271850586,0.7096794572591116,0.021034073267011344,0.4098392426967621,0.5064802169799805,0.5750559013230188,3.6916888586678875,34.64031982421875,61.59381103515625
02720.png,3.3539,0.7815024852752686,0.6336855869098537,0.8792334740693329,7.303435802459717,60.18980407714844,0.9591474362452758,0.4996926946714254,7.305149078369141,4.628636492303626,15.78357982635498,5.452233791351318,41.74356460571289,0.3285103440284729,1.6360962390899658,0.7235579490661621,0.09676190465688705,10.142955780029297,0.6803840253787553,0.01898381698090066,0.45054835081100464,0.46763235330581665,0.5440303001471299,4.027678126640667,36.86004638671875,64.62240600585938
02731.png,3.2988,0.7819250822067261,0.6553769237485365,0.887419450291731,7.2418131828308105,56.67926025390625,0.9619274650678152,0.4933886387494993,7.213338851928711,4.736798378437099,14.891427993774414,5.146177291870117,39.48079299926758,0.2898405194282532,1.6580073833465576,0.7337967157363892,0.0968717485666275,10.138030052185059,0.6889045817593012,0.01875472719280266,0.45053255558013916,0.4849814772605896,0.5501084543259815,4.174662037879106,37.77117919921875,62.283363342285156
02739.png,3.2791,0.7590681910514832,0.4902570349865506,0.8839249194042684,7.5440754890441895,76.73490905761719,0.9474211595967944,0.5663497763020433,7.360696792602539,3.6535935139089393,19.19671058654785,7.017526149749756,42.18461608886719,0.29983633756637573,1.6958674192428589,0.7380547523498535,0.07548554241657257,11.221362113952637,0.7329610200494762,0.014666708861717871,0.45644041895866394,0.43272584676742554,0.5815531416117916,3.526863879382254,36.45086669921875,66.77155303955078
02754.png,3.392,0.6926865577697754,0.6846142744198521,0.8866563566820859,7.019448757171631,99.35839080810547,0.9784266439235689,0.7335424194555934,7.303448677062988,4.90284229192247,22.66197967529297,9.30987548828125,39.64559555053711,0.675861656665802,1.49949312210083,0.905923068523407,0.036623578518629074,14.36239242553711,0.7938936748419608,0.009281205361147741,0.4981857240200043,0.4929506778717041,0.7607721876996966,4.790601621610666,28.82440185546875,67.65489959716797
02757.png,3.3048,0.6246156096458435,0.5396648125523733,0.861549328396511,6.628597736358643,21.836013793945312,0.9609709374784497,0.5628440148864787,6.486977577209473,3.5390171244757003,7.697132110595703,1.979703426361084,24.844301223754883,0.605802059173584,1.6607027053833008,0.9841238856315613,0.009650344029068947,20.154573440551758,0.6803246659781806,0.004266138321496083,0.4738120436668396,0.4619407653808594,0.6871096070854368,5.231374710620593,26.19158935546875,50.55602264404297
02762.png,3.3215,0.6767134070396423,0.3822979839745335,0.8569857478301334,6.3831467628479,33.11119842529297,0.9299598687380346,0.5622393874873809,6.651670932769775,2.4915980493815706,10.340290069580078,2.991771697998047,24.821002960205078,0.5173742771148682,1.6503043174743652,0.957912027835846,0.014093882404267788,18.509693145751953,0.7491617388602836,0.0025477660727733316,0.45263785123825073,0.5170959234237671,0.6995888958557761,4.725769847125114,34.14178466796875,58.223758697509766
02778.png,3.296,0.6435722708702087,0.4723260024046606,0.8545830668683623,6.7177042961120605,30.445171356201172,0.9471057766953603,0.5549005942091677,6.667352676391602,3.161063050267897,9.912837028503418,2.7661073207855225,25.64415168762207,0.48723381757736206,1.7171863317489624,0.9679625034332275,0.01575329340994358,18.026287078857422,0.7458078925146896,0.0022793778949581085,0.4611564576625824,0.5024393200874329,0.7206812783639125,5.074742491521323,31.93719482421875,55.96456527709961
02786.png,3.3151,0.771411120891571,0.5164768585654456,0.8851179817784789,7.478010654449463,92.4439926147461,0.9663386398379945,0.5934419565816313,7.31804084777832,3.8209180036070887,22.577077865600586,8.794525146484375,40.72907257080078,0.28670135140419006,1.6784964799880981,0.8053176403045654,0.08387043327093124,10.763912200927734,0.7795156500202696,0.013090970783480527,0.4627402126789093,0.43609949946403503,0.6838772101667725,3.812164434220478,38.69207763671875,63.90138244628906
02816.png,3.3649,0.8063316345214844,0.5837039908230635,0.8815228111216945,7.4235453605651855,81.10728454589844,0.9579908005298616,0.5829807147043466,7.382246971130371,4.321110427703179,20.17435073852539,7.580848693847656,45.3128547668457,0.28495022654533386,1.6784998178482056,0.8231216669082642,0.09183578193187714,10.369881629943848,0.7588628456825891,0.015409329575692738,0.4662584960460663,0.4502932131290436,0.6795753116359364,3.765081466452099,35.37518310546875,61.999881744384766
02821.png,3.3759,0.8048744201660156,0.5627001477165399,0.8888715016693255,7.436988353729248,75.87638092041016,0.9587741817278831,0.5796419170649526,7.359377861022949,4.162968881070199,19.575075149536133,7.110745906829834,47.202552795410156,0.26087820529937744,1.662339210510254,0.8315532207489014,0.08942781388759613,10.485275268554688,0.7722638212101068,0.013137161112299445,0.46069419384002686,0.4871216416358948,0.6961747385193552,3.7129965172451254,32.70965576171875,64.81575775146484
02846.png,3.3455,0.7405044436454773,0.7030506741955285,0.8869776974203538,7.043094635009766,93.56340026855469,0.9825603184308813,0.6366690754041011,7.3610148429870605,5.063422256254826,22.777538299560547,8.83747673034668,44.124942779541016,0.36973080039024353,1.5454058647155762,0.9140076041221619,0.07274753600358963,11.381816864013672,0.7986268228637416,0.011665105497305055,0.4649168848991394,0.4707580506801605,0.7936444013620949,4.376929059490205,41.14471435546875,68.53095245361328
02860.png,3.331,0.7279736399650574,0.5358994893206246,0.8812914221872918,7.445164203643799,107.42642211914062,0.9819642073487757,0.6804266124429695,7.281405448913574,3.9459903704854504,24.647750854492188,10.21181869506836,39.17989730834961,0.4248848259449005,1.6478078365325928,0.8605810403823853,0.054415881633758545,12.642744064331055,0.7839280637298499,0.01476413231375233,0.49090826511383057,0.48240622878074646,0.7396559036425411,4.655612466200784,29.30047607421875,66.95841217041016
02869.png,3.4266,0.7584242820739746,0.514959720940448,0.8824806768101014,7.629534721374512,86.47200012207031,0.9579327405708226,0.6244698236444584,7.264805793762207,3.8350020742764297,20.422624588012695,7.97019100189209,39.80927658081055,0.2919290065765381,1.6764198541641235,0.8011942505836487,0.07125750184059143,11.471694946289062,0.7593538632144046,0.01170295380839435,0.4630189538002014,0.445544958114624,0.6748616115073248,4.299116366172154,33.74969482421875,67.87357330322266
02896.png,1.9033,0.7102484703063965,0.4364641557595026,0.8633803010656678,7.248793601989746,79.20857238769531,0.9568364855320595,0.6232394680042571,6.927083492279053,3.093638093616976,19.0941219329834,7.244635105133057,31.441659927368164,0.4800463318824768,1.747450828552246,0.7440489530563354,0.03630722314119339,14.400070190429688,0.6999983361361829,0.01982951403012144,0.4875321388244629,0.44937747716903687,0.5683349298805366,4.040429759430348,29.47381591796875,64.11357116699219
02956.png,3.3836,0.7289223670959473,0.6563518750189189,0.8682063552374043,7.138541221618652,83.09443664550781,0.9579884955304108,0.487843212820385,7.31191873550415,4.742305295251427,22.038427352905273,7.574256896972656,43.467098236083984,0.537238597869873,1.6142209768295288,0.7475467324256897,0.08348748087882996,10.783785820007324,0.6841265320993823,0.021169413408829874,0.46951770782470703,0.5345956683158875,0.5666983261313769,3.911485946326102,35.89178466796875,69.81121063232422
03019.png,3.3203,0.7402135729789734,0.6440729780955651,0.8728536958229502,7.244921684265137,64.12730407714844,0.96168279886289,0.553343468731162,6.980073928833008,4.580979146305108,17.190908432006836,5.927390098571777,34.99385452270508,0.33950766921043396,1.6833175420761108,0.7601925134658813,0.06922991573810577,11.597062110900879,0.7045246402415039,0.0167660519854528,0.45933255553245544,0.48595309257507324,0.6028187805217036,4.0639745313803655,33.16180419921875,67.80601501464844
03045.png,4.1299,0.8258699774742126,0.6047104112849386,0.8866647228159004,7.440211772918701,75.85899353027344,0.9629866235559007,0.5778084986737367,7.261579513549805,4.445173674332519,19.017881393432617,7.1117658615112305,45.25762176513672,0.2985330820083618,1.6806387901306152,0.7640534043312073,0.09482091665267944,10.230958938598633,0.7304548585099216,0.015600076440588204,0.4551757872104645,0.4228716790676117,0.6335481371125631,3.7447174172862514,36.31024169921875,67.31322479248047
03100.png,3.3965,0.7665466666221619,0.7443797899686893,0.8840667104635008,7.230648994445801,56.23883056640625,0.9650584802072816,0.43477789198227346,7.112712860107422,5.3384673547540675,17.203811645507812,5.16646671295166,39.565555572509766,0.31452709436416626,1.6710727214813232,0.8218557238578796,0.09641744941473007,10.15844440460205,0.7234073543679252,0.01332196090947554,0.406129390001297,0.5271905660629272,0.6491887765278282,4.024740353615263,18.48455810546875,59.140960693359375
03109.png,4.2592,0.7588557004928589,0.7645387311814976,0.872331386162846,7.1971540451049805,52.505653381347656,0.9697332322151878,0.4348971873696764,6.973515510559082,5.417026744254741,15.483843803405762,4.869475364685059,34.21159744262695,0.3708961606025696,1.7051172256469727,0.8159472346305847,0.09434116631746292,10.252988815307617,0.7097661192485499,0.017755886316912377,0.42887064814567566,0.55716872215271,0.6452484002342519,4.010389795157804,27.46649169921875,70.2529525756836
03143.png,3.3368,0.7645432949066162,0.751103759119909,0.8750327419931558,7.2500176429748535,53.89203643798828,0.9626628822888696,0.42832269363200526,6.92412805557251,5.323139988580845,15.860528945922852,5.033410549163818,33.23541259765625,0.30118969082832336,1.7439080476760864,0.8034809827804565,0.09705182164907455,10.129961967468262,0.7043945311557642,0.018234883901719477,0.4343731105327606,0.5427654981613159,0.6352914692743452,4.191156305411476,27.41912841796875,66.1202621459961
03173.png,3.3468,0.7558528780937195,0.7728498476394566,0.8778520730814017,7.144455909729004,62.88096237182617,0.9748466478658981,0.45722459191388626,7.029842376708984,5.477316196624217,18.144519805908203,5.844110488891602,36.5383415222168,0.39940345287323,1.691755771636963,0.8622814416885376,0.09466567635536194,10.238075256347656,0.731897107041539,0.019628646998482435,0.44248393177986145,0.5354607105255127,0.6948746518813204,3.844918646720042,30.37762451171875,65.76371002197266
03219.png,3.3069,0.7904056906700134,0.6837922826382475,0.8723997961141255,7.523309707641602,52.66426086425781,0.9558484604113581,0.4007369508279629,7.168185234069824,5.022977630118401,16.307331085205078,4.830572128295898,39.21906280517578,0.26613354682922363,1.7054598331451416,0.7619650363922119,0.11218690872192383,9.500577926635742,0.7038138937646339,0.017938693670512287,0.4026094973087311,0.48792964220046997,0.5924544203818123,3.9257960894623323,24.70623779296875,62.191993713378906
03260.png,3.3675,0.7696384191513062,0.6431846644300139,0.8601018675578214,7.322772026062012,60.2506217956543,0.9488243966940756,0.4017794277418991,6.878952503204346,4.567177643499129,17.677082061767578,5.525811672210693,32.01335525512695,0.3350941240787506,1.720426082611084,0.7006532549858093,0.10085843503475189,9.962879180908203,0.6767722571122653,0.02015234026042859,0.4480306804180145,0.5098360776901245,0.5187223367721064,3.76386253916582,27.83514404296875,65.8466796875
03281.png,3.3538,0.7534405589103699,0.5594086446055041,0.8671241875857718,7.49132776260376,82.71456909179688,0.9539935211503755,0.43876374952990693,7.133388996124268,4.090606471230467,22.895837783813477,7.63709020614624,38.268184661865234,0.3392989933490753,1.7046852111816406,0.7176374197006226,0.09289222210645676,10.320207595825195,0.7113982931644116,0.016700253380827236,0.4500306248664856,0.4299814701080322,0.5656453716226368,4.1110197031982425,34.06463623046875,68.35364532470703
03289.png,3.3187,0.7189687490463257,0.6475750955135409,0.8749344031500417,7.225461483001709,88.96672058105469,0.9593123572098989,0.4703299606644856,7.212010860443115,4.6746853597012645,22.9415283203125,8.218230247497559,42.46462631225586,0.5782470703125,1.638101577758789,0.7588388323783875,0.08006113022565842,10.965784072875977,0.7008739413151212,0.021720762983451405,0.4708858132362366,0.5379229784011841,0.5777343022375281,3.8169369990888256,34.59002685546875,70.84925079345703
03354.png,3.2531,0.7129496335983276,0.6832323285321008,0.8764742517012771,7.28241491317749,95.60475158691406,0.9686012752409703,0.5345849797113643,7.449085712432861,5.032530921577415,23.4258975982666,8.932424545288086,47.27696990966797,0.552771270275116,1.5635744333267212,0.7979248762130737,0.06990060210227966,11.555191040039062,0.7127176435245393,0.022850150112955166,0.47972068190574646,0.5658649206161499,0.6213094121842766,3.755328013933736,38.48992919921875,64.79869842529297
03375.png,3.2737,0.7353390455245972,0.6531729438592335,0.8749241858265082,7.225790023803711,98.6217041015625,0.9697281874569346,0.5208894558855395,7.297215461730957,4.743029214297934,24.664501190185547,9.253314971923828,43.03707504272461,0.4488740861415863,1.57369863986969,0.8293414115905762,0.07715080678462982,11.126595497131348,0.739327778385038,0.018869386831009315,0.44981640577316284,0.5098836421966553,0.6586526107278351,3.997992394120668,43.62518310546875,66.32355499267578
03381.png,3.3079,0.7591513395309448,0.7268248061094063,0.8762075036082191,7.089884281158447,75.1689682006836,0.9656486757867421,0.453828427311682,7.175525188446045,5.184240236810602,21.076385498046875,6.845740795135498,41.83466339111328,0.43856990337371826,1.6063872575759888,0.7903333902359009,0.09433990716934204,10.253046035766602,0.7084067259363073,0.018729102036674224,0.46449437737464905,0.5180454254150391,0.6237591466578112,3.8531700690235144,35.84295654296875,70.46662902832031
03409.png,3.3509,0.766661524772644,0.7004113795648134,0.867581919308786,7.201700687408447,64.74480438232422,0.9573541237330745,0.37045878524242637,7.037235736846924,4.9865693106761455,19.76327133178711,5.910628318786621,39.86129379272461,0.3518148362636566,1.6763291358947754,0.7210229635238647,0.10335946083068848,9.856497764587402,0.6888361067441195,0.021164854663196876,0.4538367688655853,0.5816420912742615,0.5411025562449991,3.703605868905199,27.47918701171875,66.75958251953125
03417.png,3.2886,0.7390326261520386,0.571369425770925,0.8660060587659658,7.568632125854492,94.61065673828125,0.9572585967208749,0.4733131951122518,7.184722900390625,4.214818232407858,24.36236572265625,8.881885528564453,40.62881851196289,0.40532904863357544,1.6613707542419434,0.7836726903915405,0.08573255687952042,10.668542861938477,0.7225453855685595,0.018174343660688874,0.4268396198749542,0.5149370431900024,0.6206730179715861,3.850189465816765,36.28826904296875,65.76390838623047
03433.png,3.2813,0.7387820482254028,0.6955148497634417,0.8741339071881686,7.132272720336914,56.531219482421875,0.9614632698887287,0.46705940260813056,7.114560127258301,4.954453951739874,17.622982025146484,5.113049507141113,37.236263275146484,0.3940446376800537,1.6092126369476318,0.8038088083267212,0.075614333152771,11.213959693908691,0.7233456928065222,0.01221712517051205,0.43280428647994995,0.4203369617462158,0.6064303190786887,4.229137028159619,26.64520263671875,64.17849731445312
03438.png,3.3306,0.7500292658805847,0.6041993083482479,0.8723611547031864,7.121846675872803,70.27790832519531,0.9549007341966969,0.4723132619596942,7.167523384094238,4.316824643251758,19.961458206176758,6.380311012268066,39.91622543334961,0.3698797821998596,1.6489124298095703,0.7602524757385254,0.08690372109413147,10.609617233276367,0.7428804472052452,0.013515509934765284,0.42944052815437317,0.4857781231403351,0.5780336297021875,3.9111216522327408,41.11151123046875,70.47884368896484
03462.png,3.3143,0.7402386665344238,0.6166488936885974,0.8771484112380644,7.063259601593018,87.18328094482422,0.9718133799229431,0.5423579892651881,7.336785793304443,4.439897514774538,24.090198516845703,7.993746757507324,45.418373107910156,0.445243239402771,1.642242431640625,0.8132012486457825,0.07852659374475479,11.049833297729492,0.7796823798860254,0.009323905199009302,0.44446003437042236,0.4961564242839813,0.6775420438340702,3.8400932908086842,41.64910888671875,70.46056365966797
03473.png,3.3398,0.6900288462638855,0.508914874069632,0.8716370045927337,7.261127471923828,85.87750244140625,0.9727551729065073,0.6792215731067396,7.154134750366211,3.668079892665764,21.66533851623535,7.940360069274902,36.606224060058594,0.5564000010490417,1.6207494735717773,0.8518428802490234,0.029653992503881454,15.279168128967285,0.766413517350964,0.008658270931148362,0.49201807379722595,0.4706847667694092,0.6900923211252792,4.274664788274659,35.03826904296875,65.06714630126953
03575.png,3.3651,0.7611045837402344,0.6555789666268375,0.8736857263190762,7.071150779724121,80.50566864013672,0.9652652766055112,0.418796556956044,7.058957099914551,4.631712648421329,23.201576232910156,7.429234981536865,41.21498489379883,0.3940381407737732,1.6855310201644897,0.7360835671424866,0.1020926907658577,9.910053253173828,0.7366884237202319,0.01462751415218829,0.4232671856880188,0.5245896577835083,0.5896873577722572,3.8197801237664524,23.23699951171875,64.16098022460938
03589.png,3.3744,0.7836431264877319,0.6533796638295886,0.8628287969875313,7.128604412078857,54.760475158691406,0.9438311927322192,0.3607097975594331,7.130098342895508,4.658184885415359,16.75365447998047,4.905080318450928,37.108360290527344,0.3115881681442261,1.7506872415542603,0.6654712557792664,0.12133128941059113,9.160271644592285,0.671152515927163,0.019679804440704843,0.4416046440601349,0.5514631271362305,0.49037531010525665,3.9969213639527155,24.89862060546875,63.4776611328125
03600.png,3.4013,0.7963196635246277,0.6068685225431555,0.8915975118177826,7.053848743438721,77.5157470703125,0.9522913629200638,0.4648212518905461,7.253831386566162,4.34145116741594,20.835886001586914,7.0275397300720215,42.47003936767578,0.23364140093326569,1.6576688289642334,0.7142664194107056,0.10964161157608032,9.60024642944336,0.718373864144792,0.014478714162601256,0.43766170740127563,0.41002151370048523,0.5493663088437432,4.146832828116316,49.36541748046875,63.11627197265625
03640.png,3.2957,0.7356664538383484,0.6372993117484819,0.8809079045831295,7.1422038078308105,91.87428283691406,0.9665826477064577,0.5712581917923087,7.308772087097168,4.604810178769451,24.117897033691406,8.374242782592773,42.74053955078125,0.41213610768318176,1.6292654275894165,0.8155996203422546,0.07163745164871216,11.448598861694336,0.7629152546949235,0.012023693796579615,0.4513656795024872,0.4406072795391083,0.6734552675802444,4.659856941797379,48.00848388671875,69.17338562011719
03708.png,3.2638,0.7716293334960938,0.5918417924018557,0.8771205838985594,7.396944046020508,74.28300476074219,0.9557005931200664,0.49419813408790675,7.263328552246094,4.338291906408431,19.261362075805664,6.838397026062012,40.546382904052734,0.3426569700241089,1.674126386642456,0.7146619558334351,0.09560329467058182,10.195272445678711,0.699388748222948,0.017512090608606538,0.44349637627601624,0.48151397705078125,0.546423156489719,3.87923659265875,36.45281982421875,65.36679077148438
03719.png,3.3079,0.7647355794906616,0.5988484948181334,0.8812914129115005,7.352550029754639,70.46357727050781,0.9583589359893079,0.4810729579067786,7.253885269165039,4.373531473917227,18.746774673461914,6.485589027404785,40.82811737060547,0.3028152287006378,1.6825053691864014,0.6969659328460693,0.09989801049232483,10.004430770874023,0.7016377556060962,0.01697667073085054,0.43416598439216614,0.4782843589782715,0.5382176154144755,4.15871375028158,35.94989013671875,62.52442932128906
03769.png,3.3412,0.7056646347045898,0.5564370091531012,0.8655564706053784,7.15125846862793,80.0665283203125,0.9613205346602391,0.6142246603982824,7.238072395324707,4.0033881305001735,21.93172264099121,7.357186794281006,40.70545196533203,0.5364176034927368,1.6451382637023926,0.7825559973716736,0.04751531034708023,13.231664657592773,0.7481735264106621,0.013592658287135264,0.4702949821949005,0.4865504205226898,0.5983055881374192,4.166200233148113,37.55438232421875,63.9395751953125
03813.png,3.4002,0.710139274597168,0.6565013335522865,0.8736399524956965,6.866944313049316,79.6375732421875,0.9768874566478388,0.6872692339396824,7.158031940460205,4.603720006221202,20.0689697265625,7.454209804534912,38.00005340576172,0.6044753193855286,1.645860195159912,0.8656749129295349,0.058782272040843964,12.307537078857422,0.7804137319044471,0.011010631310661401,0.4900522232055664,0.4955698847770691,0.7166565585430256,4.975015424579453,27.12127685546875,72.67174530029297
03836.png,3.2889,0.7352327108383179,0.6500171196311357,0.8666993279907516,7.094243049621582,58.110389709472656,0.9683719603699046,0.535092245279856,6.871145248413086,4.53888238601394,16.789859771728516,5.285411834716797,37.00197219848633,0.4613204896450043,1.675606369972229,0.8009253740310669,0.07108511030673981,11.482213973999023,0.7403227740778576,0.015014153243815631,0.4557158350944519,0.4717417359352112,0.6038438316015544,4.003571345065696,32.52166748046875,67.97517395019531
03878.png,3.2638,0.5992690324783325,0.5087024829366772,0.8722783854976611,6.139492988586426,44.87415313720703,0.9196652045792458,0.5343088698539498,7.042506694793701,3.3528673017529513,13.311070442199707,4.075795650482178,49.00938415527344,0.5831480026245117,1.4816491603851318,0.8357038497924805,0.0352189838886261,14.532232284545898,0.6748687889707775,0.024009916890967462,0.4503268003463745,0.46935534477233887,0.5643269864831792,3.64947294131599,25.26239013671875,57.77149200439453
03989.png,3.2658,0.618855357170105,0.4943862335807491,0.8699765288435437,5.9256062507629395,48.94981002807617,0.9246320965987294,0.5370417724992427,6.78426456451416,3.1418015405925726,12.904760360717773,4.413188934326172,40.25495147705078,0.5317845940589905,1.4570425748825073,0.9384082555770874,0.03506793826818466,14.550897598266602,0.662336292163115,0.023333109694412574,0.45724374055862427,0.48375165462493896,0.6353424463989301,3.6716588071365903,38.92254638671875,44.93402862548828
04006.png,3.3254,0.65171879529953,0.46157380689374927,0.863256018478022,6.5433759689331055,43.58154296875,0.9019828093206423,0.48902858131499577,6.938281059265137,3.111398274924314,12.443451881408691,3.9981627464294434,41.37620162963867,0.5261276960372925,1.6276777982711792,0.6717466115951538,0.0324132964015007,14.892767906188965,0.6392699727106546,0.024713942454916957,0.4662556052207947,0.24622637033462524,0.45081386854311234,3.7208805404130114,30.42254638671875,61.790645599365234
04018.png,3.2858,0.6678391695022583,0.6420352642645513,0.8954932039051694,5.755727767944336,30.61031150817871,0.9384930191918655,0.4745703289962985,7.292411804199219,4.188694564995078,8.539234161376953,2.795421600341797,46.33600616455078,0.2631044089794159,1.5310091972351074,0.854843258857727,0.05981869995594025,12.2316312789917,0.6075838138374646,0.02516427333766936,0.44021075963974,0.43953999876976013,0.568344427754958,3.6319386303699464,22.45623779296875,46.03094482421875
04026.png,3.3061,0.6584343910217285,0.5888779374171283,0.8909612973356538,5.727915287017822,32.34081268310547,0.9208023015211243,0.45253122453681005,7.282621383666992,3.830819866304969,8.961751937866211,2.983017683029175,43.38960647583008,0.28504419326782227,1.510885238647461,0.808978796005249,0.05570347607135773,12.541177749633789,0.6013707371783535,0.024947256637959894,0.4290536046028137,0.3345934748649597,0.5308628521631965,3.310914274895679,19.52606201171875,45.9024772644043
04053.png,3.2869,0.6567535400390625,0.5402403702402663,0.8632951461803013,6.642485618591309,39.87621307373047,0.9505077501575312,0.5696910965006989,6.904178142547607,3.6592372408224616,11.239877700805664,3.596060276031494,41.865142822265625,0.5291460156440735,1.6066322326660156,0.8634710311889648,0.027716852724552155,15.572562217712402,0.6721980975353391,0.023853162645668786,0.4848020672798157,0.46761107444763184,0.5795138805273297,3.9651155761553802,27.27557373046875,54.809261322021484
04092.png,3.2819,0.6599819660186768,0.4852694892627926,0.8636966420461645,6.616686820983887,43.0648307800293,0.9402025798965875,0.5608213838655434,6.954071521759033,3.2927465331089483,12.027511596679688,3.8769032955169678,43.3896598815918,0.5370801091194153,1.5728601217269897,0.7984771728515625,0.029728878289461136,15.26821517944336,0.66011897270489,0.024645396679125662,0.48240286111831665,0.476752907037735,0.5365274224994334,4.160271678080162,32.73260498046875,56.75628662109375
04160.png,3.3785,0.7354217767715454,0.7367779839482929,0.8781564906138708,7.084933280944824,60.505733489990234,0.9832301314492076,0.5648016042297118,6.688747406005859,5.074085656052244,17.112266540527344,5.59865665435791,35.053165435791016,0.36965078115463257,1.490275263786316,0.8830119371414185,0.06291133165359497,12.012710571289062,0.7672689545040171,0.011050907113571025,0.4601074755191803,0.45784661173820496,0.7443980524445518,4.367372081737527,35.42938232421875,67.88944244384766
