image_name,time_s,CE,NMI,QNCIE,TE,EI,Qy,Qcb,EN,MI,SF,AG,SD,CC,SCD,VIF,MSE,PSNR,Qabf,Nabf,SSIM,MS_SSIM,VIFF,NIQE,BRISQUE,MUSIQ
00007.jpg,4.3095,0.32445019483566284,0.8315188593843894,0.9592765805309147,3.4021594524383545,31.903772354125977,0.744892206065709,0.2966768577016702,4.745985507965088,3.3876832960416206,16.107824325561523,2.463489294052124,103.29700469970703,0.9520868062973022,1.9223906993865967,0.6690311431884766,0.04551612585783005,13.41834831237793,0.4772294221334337,0.01568378620875416,0.5422194600105286,0.6515147686004639,0.3639511165408888,4.478010102752505,43.42254638671875,52.85874557495117
00010.jpg,3.291,0.30490413308143616,0.8063931982746062,0.9674392053177158,3.5253446102142334,35.274879455566406,0.727080320542442,0.33059194536437164,4.589468955993652,3.271879676118604,17.195350646972656,2.7721829414367676,107.91917419433594,0.9650284647941589,1.8952906131744385,0.6586329340934753,0.03551262617111206,14.496172904968262,0.4712546772139229,0.015701376316469128,0.5477780699729919,0.6434773802757263,0.36048305766478295,4.537820622281759,45.48309326171875,50.56161117553711
00019.jpg,3.2857,0.2973370850086212,0.8405810473062598,0.9647859396666689,3.47004771232605,29.477413177490234,0.7286271549155946,0.3240910737183853,4.48499059677124,3.343442577372106,16.38416290283203,2.225013256072998,107.98436737060547,0.9617037773132324,1.8982176780700684,0.6940839886665344,0.03639855980873108,14.389158248901367,0.47406982275764464,0.012304859433451087,0.5367615222930908,0.6422772407531738,0.36440506137285084,4.425564043796675,47.19110107421875,52.602699279785156
00028.jpg,3.3534,0.33194777369499207,0.7822392199835195,0.9613783073115183,3.7268314361572266,34.7674560546875,0.7543017706505339,0.3206036135672835,4.821371078491211,3.343384121091259,17.029396057128906,2.7364699840545654,102.24872589111328,0.9559820890426636,1.892148733139038,0.6453395485877991,0.04449385404586792,13.516999244689941,0.4930250578401417,0.029869299854769982,0.5558414459228516,0.6723823547363281,0.35935329404130556,4.01889966507132,35.41912841796875,54.0683479309082
00036.jpg,3.3158,0.3231590688228607,0.6824937941163067,0.9649089427138656,4.5599284172058105,39.16019058227539,0.8103200985786287,0.3898502441817387,5.01248836517334,3.266569872716084,17.333528518676758,3.1858649253845215,98.54710388183594,0.9611430168151855,1.8601317405700684,0.5751534700393677,0.02564617246389389,15.909775733947754,0.464424076298858,0.04009675557887521,0.6187964081764221,0.7393967509269714,0.3214878927785797,3.782773863131711,29.89959716796875,51.24721908569336
00043.jpg,3.3069,0.3114669620990753,0.8226375881834996,0.9599189110098799,3.492043972015381,32.58591079711914,0.7437852330491632,0.3152136105370677,4.691004753112793,3.3658565149739594,16.75661849975586,2.517270565032959,105.60008239746094,0.9535089731216431,1.9159774780273438,0.7000216245651245,0.04054403305053711,13.920730590820312,0.48744782516148333,0.01659861416350775,0.5469598174095154,0.649228572845459,0.3731150059512301,4.214213120078607,42.61151123046875,54.288414001464844
00044.jpg,3.3226,0.34711936116218567,0.6996223276099244,0.9581868970404972,4.576104164123535,41.46283721923828,0.798215206739767,0.3628382013735756,5.22763204574585,3.4294692991263265,17.14066505432129,3.3961310386657715,95.38893127441406,0.9481385350227356,1.7206207513809204,0.5053626894950867,0.032682113349437714,14.85689926147461,0.4287880270782019,0.04730626012225454,0.6021669507026672,0.6854156851768494,0.2991263933982767,3.867037523005057,32.89324951171875,49.85712814331055
00054.jpg,3.3632,0.3103138208389282,0.8525149363975054,0.9636953886101092,3.2826693058013916,30.784780502319336,0.7319606741087823,0.2943003444739744,4.570547103881836,3.347507518715192,16.65575408935547,2.3505396842956543,107.10639953613281,0.9593999981880188,1.9070231914520264,0.7313219308853149,0.03934299945831299,14.051324844360352,0.4841294660748125,0.011479150105683567,0.5371592044830322,0.6497390270233154,0.37377115696685437,4.130960881513926,43.83953857421875,49.09821319580078
00059.jpg,3.2776,0.3490622639656067,0.8068567882649439,0.9557749995975722,3.498518943786621,31.729366302490234,0.7663681349471192,0.2747077795029273,4.681850910186768,3.300208420936059,15.96975040435791,2.4458389282226562,98.10182189941406,0.9464911222457886,1.9127390384674072,0.6642289161682129,0.055943362414836884,12.522515296936035,0.516287505055228,0.025846326049132014,0.5412609577178955,0.6642370223999023,0.3621520059271439,4.3783062093645,39.39959716796875,52.859352111816406
00091.jpg,3.3276,0.32776159048080444,0.6968425430602624,0.9656437067543183,4.469193458557129,43.25424575805664,0.7806708218775622,0.363001493968403,5.018585205078125,3.3057567674486013,18.35378646850586,3.5912423133850098,100.21290588378906,0.961854875087738,1.8007289171218872,0.5170546174049377,0.030232762917876244,15.195222854614258,0.456560533048498,0.039811297529600956,0.5997397899627686,0.725792407989502,0.2927510764503288,3.5608727061518586,29.17791748046875,42.94519805908203
00097.jpg,3.2879,0.3113212287425995,0.7928200761752978,0.969068418596738,3.5513803958892822,35.96258544921875,0.7254295564111207,0.35071090166717445,4.595062732696533,3.2293463128746787,16.830759048461914,2.8584487438201904,107.30724334716797,0.9668426513671875,1.900343656539917,0.6303006410598755,0.035934530198574066,14.444881439208984,0.4481365636675972,0.01684203637985357,0.5495558977127075,0.6549615263938904,0.3580246993120744,3.9644968886483563,39.97528076171875,48.4345588684082
00107.jpg,3.3411,0.40134313702583313,0.5731567446979591,0.9134011983003573,4.871588706970215,77.15934753417969,0.8602381448456423,0.4352582506937151,5.269499778747559,2.9062272516839496,26.247053146362305,6.854266166687012,67.13522338867188,0.8364056348800659,1.605576992034912,0.3951125144958496,0.022501736879348755,16.477840423583984,0.4204125473686206,0.11125823378071915,0.6621737480163574,0.6901723146438599,0.2464654765430175,4.221908322278292,33.41961669921875,56.516517639160156
00118.jpg,3.3386,0.40103089809417725,0.6127957130726474,0.9317135564300967,4.57727575302124,63.56201171875,0.8772413578554378,0.4147758825315162,5.115784645080566,2.969944302310516,23.97833824157715,5.560459136962891,66.0993881225586,0.8775533437728882,1.438927412033081,0.43921804428100586,0.01607339084148407,17.93892478942871,0.41881799122712254,0.1237020854482549,0.6846482753753662,0.7446724772453308,0.24218758295039047,3.888806342788972,27.18231201171875,52.76231002807617
00129.jpg,3.4457,0.38792768120765686,0.5720966875525506,0.9382957098078459,4.719213962554932,60.572296142578125,0.869130529036374,0.4138739816158796,5.158397674560547,2.8254852427585995,21.877790451049805,5.20219612121582,63.8902473449707,0.9087606072425842,1.6156314611434937,0.5334137678146362,0.01864415407180786,17.294574737548828,0.4438365227956707,0.12377974236432523,0.6894042491912842,0.7892460823059082,0.2749454937915635,4.667342563951727,35.41961669921875,62.30915832519531
00133.jpg,3.3276,0.3818468749523163,0.5928707426755697,0.9286608500796977,4.612109184265137,52.91107177734375,0.8684927534752134,0.39324128747385734,5.166233062744141,2.8986572828752912,19.923892974853516,4.487104415893555,65.84608459472656,0.8931808471679688,1.768896222114563,0.48286592960357666,0.025312822312116623,15.966595649719238,0.4638232723940108,0.09899910214931733,0.6634677052497864,0.7200016379356384,0.24834082936033217,4.421133326370821,32.89764404296875,58.92420196533203
00153.jpg,3.3152,0.36884450912475586,0.6688468638072483,0.962285706405308,4.699743270874023,40.21385192871094,0.8729644320212764,0.3871708856169692,5.110421180725098,3.280761199217114,16.896366119384766,3.2816784381866455,75.9341049194336,0.9550563097000122,1.7676103115081787,0.5031108856201172,0.017042217776179314,17.684738159179688,0.460233403416912,0.08882216773915051,0.6512265205383301,0.7704514265060425,0.2582417446832217,4.4222982250923755,30.89910888671875,54.821311950683594
00154.jpg,3.3582,0.3702310025691986,0.6533320655449368,0.9604537652877585,4.685273170471191,40.41710662841797,0.8677535753155321,0.383899839922445,5.086195945739746,3.1920190715106767,16.760114669799805,3.310218095779419,74.63568115234375,0.9521084427833557,1.787062168121338,0.5119816660881042,0.01948932185769081,17.102033615112305,0.4530825620129262,0.09975759387963774,0.6517715454101562,0.7716377973556519,0.2606349715923377,4.37844171600986,33.13006591796875,58.10142135620117
00159.jpg,3.3856,0.3809592127799988,0.5730623628404395,0.9343726652927782,4.8399977684021,54.295719146728516,0.8830430027267627,0.3908504283894724,5.113456726074219,2.851985653641105,21.037738800048828,4.558384895324707,63.564205169677734,0.9017326831817627,1.6438610553741455,0.4462786316871643,0.01414297055453062,18.49459457397461,0.45542534136367097,0.13188799719740904,0.6576128005981445,0.7447552680969238,0.2381758487997086,4.972908008188477,39.98162841796875,53.40116882324219
00167.jpg,3.3919,0.3747637867927551,0.6286400537074296,0.9445756933638569,4.9445085525512695,45.8647346496582,0.8866476437340575,0.38384816329154325,5.249049663543701,3.204051112826024,19.201560974121094,3.806511163711548,74.44713592529297,0.9237631559371948,1.6289644241333008,0.4596647024154663,0.014374271035194397,18.42414093017578,0.47348216320204733,0.09869815193893777,0.6546748876571655,0.7232659459114075,0.2528734566971134,4.164694139352427,27.30682373046875,43.61168670654297
00189.jpg,3.3555,0.36053985357284546,0.666947205997728,0.938518990248756,4.67311429977417,38.92790222167969,0.8587866955265582,0.3545960988647324,5.2041473388671875,3.293818606885557,16.300004959106445,3.196208953857422,79.6767349243164,0.9131761789321899,1.828087329864502,0.47329479455947876,0.030575856566429138,15.14621353149414,0.4591875687825672,0.06078337675804167,0.6248583197593689,0.7146203517913818,0.2626609845684045,3.831570460273518,27.92108154296875,42.253883361816406
00201.jpg,3.3534,0.3894226849079132,0.5551603496614165,0.9374778956207175,4.972301006317139,53.85386657714844,0.8771565870362477,0.3988220901385853,5.128740310668945,2.803858932151744,22.06867027282715,4.545007228851318,70.23213958740234,0.9113940000534058,1.7302167415618896,0.5039333701133728,0.019142797216773033,17.17994499206543,0.470654498020907,0.10549409631515214,0.663899302482605,0.76125168800354,0.26597718405076026,4.584281855045475,22.05877685546875,50.21124267578125
00208.jpg,3.3471,0.3884688913822174,0.579589968953869,0.9286923739680326,4.541928768157959,46.61162185668945,0.8699450250614403,0.38995544325772213,5.12974739074707,2.8028140573761533,17.022064208984375,3.8783440589904785,57.919803619384766,0.8900817632675171,1.7070589065551758,0.4924982190132141,0.02823067642748356,15.49278736114502,0.44994910700736307,0.09467922652613167,0.6600154638290405,0.7492997646331787,0.2613493827886444,4.37848644983621,33.35906982421875,53.093833923339844
00225.jpg,3.3389,0.361784428358078,0.6613156380968691,0.9452126738836961,4.69282341003418,39.72932815551758,0.8369241112711323,0.3456525588478124,4.866952419281006,3.1610265616511324,17.694049835205078,3.3405303955078125,82.82267761230469,0.9277902841567993,1.9161009788513184,0.48834747076034546,0.03704673424363136,14.312500953674316,0.45135026731056777,0.07352838980334199,0.6134903430938721,0.7311888933181763,0.2544850082651222,4.322332255839987,39.29266357421875,54.70196533203125
00229.jpg,3.3492,0.36864858865737915,0.6616288888846689,0.9445693676401746,4.517488479614258,37.58231735229492,0.8431055420057122,0.32881594829841376,4.867338180541992,3.104648352967427,16.471494674682617,3.031890869140625,78.27957916259766,0.9249323606491089,1.9109262228012085,0.48386770486831665,0.039551928639411926,14.028324127197266,0.46016572950747964,0.06064862361941406,0.6038748025894165,0.7263275384902954,0.2551488454555622,4.462556344261525,32.13006591796875,51.113670349121094
00232.jpg,3.3125,0.33827951550483704,0.6103984771794284,0.9728369043776125,4.477344512939453,36.98617935180664,0.8009858060168418,0.33994986084785217,4.30580997467041,2.680623201550686,17.63011932373047,2.947188377380371,99.30441284179688,0.9713720679283142,1.8690485954284668,0.5361489057540894,0.030894575640559196,15.101179122924805,0.5206796627801723,0.05247505589733835,0.6026813387870789,0.7223063707351685,0.28013049238809123,4.978395049216167,33.39520263671875,60.71441650390625
00242.jpg,3.3297,0.37335672974586487,0.6769697894816105,0.9726154362734245,4.4801506996154785,48.43587112426758,0.8490202848506851,0.3942777570485797,4.977059364318848,3.2011353855069675,20.87836265563965,4.038362503051758,86.95386505126953,0.968421220779419,1.717508316040039,0.5172939300537109,0.021662794053554535,16.642854690551758,0.468940170870182,0.11033275439003205,0.653327465057373,0.7683315873146057,0.2654367486777655,4.574801149790269,32.42742919921875,53.68275451660156
00252.jpg,3.4156,0.3370360732078552,0.6502779736531209,0.961922291671804,4.740757942199707,41.732391357421875,0.8307973255364932,0.37886493569651475,4.933135032653809,3.14537172822366,18.865814208984375,3.3966293334960938,95.82608795166016,0.9554013609886169,1.8022699356079102,0.5402959585189819,0.023105133324861526,16.3629150390625,0.4876705733264069,0.05738035625683429,0.632457435131073,0.7523578405380249,0.28643802689202086,4.689358654950955,31.69207763671875,49.85199737548828
00283.jpg,3.369,0.3769555389881134,0.6040599412771775,0.9549807348709173,4.844913005828857,57.69438171386719,0.8733613081859943,0.4196000817528235,5.1877617835998535,3.030179459604648,21.512832641601562,5.014486312866211,79.16162872314453,0.9427512288093567,1.6834468841552734,0.4823850691318512,0.01789010688662529,17.47386932373047,0.44705321720376295,0.09823961453113958,0.691330075263977,0.7655326128005981,0.2677545055775494,3.7415560926663396,32.32196044921875,55.840911865234375
00318.jpg,3.426,0.3687129020690918,0.5545374595548452,0.9393264618805519,5.114957809448242,61.979026794433594,0.869972604720304,0.41652815142104654,5.324536323547363,2.894555496005353,22.05475616455078,5.305750846862793,81.35070037841797,0.9155721664428711,1.7181628942489624,0.4899216890335083,0.017920661717653275,17.466461181640625,0.4629391009145863,0.07954442280424609,0.6888370513916016,0.7660009264945984,0.2700265695173683,3.956358090592892,22.73358154296875,54.0373420715332
00320.jpg,3.3729,0.39217039942741394,0.5829958161772061,0.9453178509850786,5.053162574768066,66.86737823486328,0.8678350701939284,0.4123503049880162,5.178353309631348,2.9824763050317245,25.683969497680664,5.762070655822754,80.06501770019531,0.9255143404006958,1.6571877002716064,0.5279802680015564,0.01750967837870121,17.567218780517578,0.4566879780732219,0.12096146405797925,0.6846644878387451,0.7825232744216919,0.268072233696014,3.969680723208929,43.89080810546875,58.887168884277344
00321.jpg,3.3392,0.39033278822898865,0.6087657903192268,0.954459929455802,4.8979597091674805,69.17794036865234,0.877503719405812,0.41852554297495853,5.237497329711914,3.0850708483635056,26.193632125854492,5.976085662841797,80.1980209350586,0.9396203756332397,1.5684425830841064,0.5845944285392761,0.015829985961318016,18.00519561767578,0.46158487221726563,0.12181064164151272,0.706697940826416,0.7992663383483887,0.29821009629717243,3.9750860824443404,40.87274169921875,52.74660873413086
00334.jpg,3.3227,0.3175331950187683,0.670040461282988,0.9684837506156239,4.676408767700195,45.44247055053711,0.8302165832802298,0.3928099824235626,4.951657772064209,3.225609332146556,19.919307708740234,3.7475078105926514,99.89019775390625,0.9652946591377258,1.7851614952087402,0.553132176399231,0.020488029345870018,16.884998321533203,0.49192059563501483,0.06407371298584763,0.6394189596176147,0.7608798742294312,0.29550135302981834,4.804065501438761,40.04949951171875,45.841949462890625
00340.jpg,3.3055,0.35886114835739136,0.6622658266622933,0.9586830573408041,4.399403095245361,40.8557243347168,0.8187752738174859,0.3476190720248797,4.866671562194824,3.0683147161645294,18.663331985473633,3.3256990909576416,89.89796447753906,0.9514235854148865,1.8917609453201294,0.5820158123970032,0.04093674570322037,13.878866195678711,0.46103739958030465,0.06322303090680978,0.6074777245521545,0.7106544971466064,0.312785445357323,4.180582017600446,28.44891357421875,56.08322525024414
00345.jpg,3.2883,0.36315593123435974,0.6279714765678686,0.9623503098362965,4.626175403594971,51.70482635498047,0.8517329733290169,0.4059336974973513,5.011266231536865,3.0260308858790985,21.071455001831055,4.341320514678955,89.1263656616211,0.9567179679870605,1.7971117496490479,0.5854189395904541,0.023700285702943802,16.252464294433594,0.4686531526310341,0.08664916681739682,0.6757246255874634,0.7696472406387329,0.3069707144181153,3.8971645892607207,32.73260498046875,42.804344177246094
00360.jpg,3.2973,0.362479567527771,0.6086460248344943,0.9564043141618697,4.629945278167725,56.243873596191406,0.8472043866499275,0.409020530823468,5.048263072967529,2.945312734521126,23.10441780090332,4.8637237548828125,90.2096939086914,0.9471409320831299,1.7899596691131592,0.5653430819511414,0.025160882622003555,15.992741584777832,0.4748136225300616,0.08812531102857231,0.6658992767333984,0.772510290145874,0.29989541692303623,3.960203128358007,43.50262451171875,51.94251251220703
00388.jpg,3.3183,0.35260096192359924,0.6310022680742339,0.9720166199474725,4.892424583435059,59.55868911743164,0.8672560914671076,0.4370627033174705,5.047365188598633,3.136026577317562,24.682092666625977,5.215047836303711,93.85525512695312,0.9689401984214783,1.6701682806015015,0.5467085242271423,0.011953603476285934,19.225011825561523,0.47518608102906174,0.08377760905870131,0.7105953693389893,0.8036783933639526,0.289446816781817,3.428206908126507,21.81561279296875,42.567604064941406
00401.jpg,3.3069,0.37922945618629456,0.6316108832294599,0.9677778677784893,4.902759075164795,72.20773315429688,0.8596596182950536,0.4314162148279796,5.1394853591918945,3.171407087805445,29.42594337463379,6.246698379516602,90.1159896850586,0.9602717757225037,1.5531859397888184,0.5257276296615601,0.015963371843099594,17.968753814697266,0.4718643093537095,0.1136685564841771,0.6941804885864258,0.7995809316635132,0.2812856669315932,4.097823379174781,41.11785888671875,50.91270065307617
00407.jpg,3.2755,0.33580702543258667,0.6802622826218226,0.967831137832941,4.271717548370361,34.752803802490234,0.8070816865694922,0.3672380055369424,4.719444751739502,3.0581869683562015,17.064096450805664,2.7863929271698,97.53018188476562,0.9641287922859192,1.8961849212646484,0.5456199049949646,0.03087150864303112,15.104421615600586,0.4678469230477229,0.05548189543910264,0.6134529709815979,0.7262861728668213,0.29360067771181625,4.224143461225257,27.22723388671875,48.09600830078125
00410.jpg,3.3356,0.3554166555404663,0.6030434658966135,0.9623472980677261,4.869281768798828,53.98063659667969,0.8585934824080268,0.42333183456721635,5.153362274169922,3.0220560928828046,22.32667350769043,4.615199089050293,89.95848846435547,0.955111563205719,1.760466456413269,0.5418874025344849,0.015027658082544804,18.231088638305664,0.47606826916373457,0.08540104463695225,0.6951797604560852,0.795944333076477,0.283938668311764,3.7370747588064366,28.85467529296875,53.404579162597656
00411.jpg,3.3306,0.358287513256073,0.5865233091611125,0.9579480551776592,4.906567573547363,55.25959396362305,0.8580296999614445,0.4215774441299156,5.196622848510742,2.9628893050973133,22.15153694152832,4.759013652801514,87.64511108398438,0.9484387040138245,1.781317949295044,0.5411016345024109,0.017258919775485992,17.629865646362305,0.4541310120986129,0.09135680014929078,0.6971327066421509,0.7909550666809082,0.28450092611168565,3.6238372400279664,30.73309326171875,49.461395263671875
00421.jpg,3.3536,0.3511875569820404,0.6329552928657076,0.9704838874812493,4.666430950164795,43.96843719482422,0.8290086926804362,0.38704223943227967,5.021041393280029,3.0658800701710316,18.559541702270508,3.7005107402801514,92.21443176269531,0.9679020643234253,1.8001497983932495,0.5009692907333374,0.02216237410902977,16.543838500976562,0.4555792172376194,0.061110969083997844,0.6513466835021973,0.758395791053772,0.2725525897520803,3.8522175790498276,24.54217529296875,47.88642120361328
00424.jpg,3.3379,0.3587777614593506,0.6538796992566603,0.9678260998423425,4.67833948135376,51.583702087402344,0.8408470956451161,0.4113070907980305,5.072483062744141,3.187944584006912,20.842025756835938,4.362324237823486,89.17340087890625,0.9630994200706482,1.755774974822998,0.5680829286575317,0.021109165623784065,16.75528907775879,0.4555142313436676,0.10071820058323436,0.6775249242782593,0.7930946350097656,0.2932596943643702,4.217658397723653,32.92645263671875,41.820953369140625
00435.jpg,3.3727,0.3876136839389801,0.5887438529860276,0.961019000167948,4.81248664855957,65.77468872070312,0.8617271724698098,0.4229610984695804,5.049102783203125,2.9029859309455137,26.444204330444336,5.798290252685547,85.47553253173828,0.9516711235046387,1.6320078372955322,0.5431615710258484,0.01652044802904129,17.819782257080078,0.4499081706190229,0.13408662107827032,0.699099063873291,0.8102045059204102,0.2870456179730713,4.240438934607284,40.39276123046875,50.35978698730469
00442.jpg,3.3589,0.3866281509399414,0.5986149942416925,0.9576072393099091,4.827173233032227,62.326751708984375,0.8807915074651903,0.42699702715194116,5.050058841705322,2.9563406722827796,23.372591018676758,5.338900566101074,80.46678161621094,0.9455708861351013,1.5920464992523193,0.5577579140663147,0.013265285640954971,18.7728328704834,0.4496493191998516,0.12644302137772048,0.7099441289901733,0.8095748424530029,0.2902912788541989,3.9512387064960497,34.34735107421875,51.19841384887695
00445.jpg,3.3351,0.38584187626838684,0.5976999877687842,0.961965447583336,4.8300323486328125,63.44754409790039,0.8800131999096054,0.43493259758344277,5.0363359451293945,2.9485750922617395,23.62137794494629,5.454790115356445,81.55197143554688,0.9521238803863525,1.5652704238891602,0.5598885416984558,0.012633802369236946,18.98465919494629,0.45290642881892323,0.1338069754832734,0.7137407064437866,0.8124169707298279,0.2911082936937739,3.7597444295688787,35.33123779296875,49.104217529296875
00453.jpg,3.3623,0.37044647336006165,0.5874023238646366,0.9589864173472095,4.7830023765563965,49.77733612060547,0.8716913197694414,0.4112410780846139,4.96721076965332,2.8636597598257527,20.551481246948242,4.1985697746276855,84.67932891845703,0.9512575268745422,1.7914390563964844,0.5140423774719238,0.018722809851169586,17.276290893554688,0.47305633609672765,0.08498176411429381,0.6707547307014465,0.7648985385894775,0.2827943570346217,3.907925345639805,32.60223388671875,49.781944274902344
00471.jpg,3.2954,0.3138827383518219,0.70391647534464,0.9738411646519767,4.047414302825928,37.588829040527344,0.7580517328219597,0.37919329930109885,4.600618839263916,3.0437592968028238,17.295928955078125,3.0325939655303955,104.90303039550781,0.9735555648803711,1.8862639665603638,0.5599079132080078,0.029322857037186623,15.327938079833984,0.4629036412415431,0.027881533180137533,0.5863487124443054,0.6846208572387695,0.31380466826111103,4.259667680144069,31.23992919921875,47.11244201660156
00473.jpg,3.2988,0.29228103160858154,0.6715043477304774,0.9829919019962511,4.127891778945923,33.083518981933594,0.7604580713917649,0.38422985352582284,4.354921340942383,2.8481351802085957,16.848617553710938,2.631282091140747,107.81814575195312,0.9842324256896973,1.8919262886047363,0.5646263360977173,0.0202574972063303,16.93414306640625,0.4512902235412268,0.02675773427002978,0.5950413942337036,0.7205906510353088,0.2940359610802744,4.150485964821359,32.54510498046875,41.208740234375
00475.jpg,3.346,0.3131542503833771,0.6838322392465302,0.9798057681708234,4.574995994567871,39.34134292602539,0.8088954358623617,0.4039819789150923,4.816494941711426,3.211114935601132,17.65559196472168,3.2479918003082275,101.84273529052734,0.9804883003234863,1.8180210590362549,0.5084497928619385,0.016839606687426567,17.73668098449707,0.4513642051469707,0.04010617563562213,0.632495105266571,0.7438515424728394,0.276071932279372,4.085195785665189,34.74920654296875,46.18766784667969
00476.jpg,3.321,0.32008078694343567,0.6656507588273621,0.9707037432678957,4.568751335144043,38.94391632080078,0.8101322096858941,0.38971799103143034,4.899850845336914,3.1514035597548604,17.817075729370117,3.225236654281616,99.83638000488281,0.9695485830307007,1.865937352180481,0.523364245891571,0.022245263680815697,16.527626037597656,0.46371332927539105,0.03720146014996695,0.630611002445221,0.7360342741012573,0.28734155302663733,3.8671807421862447,30.24432373046875,46.380245208740234
00489.jpg,3.3758,0.2990586459636688,0.6835119837530399,0.9785048325298684,4.250831127166748,36.063785552978516,0.7590484055021426,0.3538451549872966,4.540315628051758,3.004439736310629,18.336936950683594,2.8663296699523926,107.65879821777344,0.9792726039886475,1.8738887310028076,0.6106184720993042,0.022307490929961205,16.515491485595703,0.46226340721065984,0.029453263449986094,0.5885742902755737,0.7201431393623352,0.3094724978317977,3.8861221677146136,38.82440185546875,43.29563903808594
00509.jpg,3.3374,0.380616158246994,0.5688352608260167,0.9589198232137566,4.740898132324219,51.70041275024414,0.8654757352541458,0.4123211184355109,5.0137786865234375,2.7744127641494405,20.709678649902344,4.405491828918457,79.97772979736328,0.9497080445289612,1.731573462486267,0.5166420936584473,0.0198250450193882,17.02785873413086,0.4224614006803058,0.09654174850988312,0.6824330687522888,0.781154990196228,0.2706907843639908,3.6654885804508854,30.49627685546875,46.00096893310547
00515.jpg,3.4219,0.40540286898612976,0.5648093415739359,0.9497367124735836,4.8697309494018555,67.70806121826172,0.8772453232305262,0.4036017398506987,4.898387908935547,2.758572744218581,28.430349349975586,5.7726874351501465,80.66679382324219,0.9330253601074219,1.6493723392486572,0.48205921053886414,0.02045689895749092,16.8916015625,0.48095024233860645,0.10197200716533865,0.6637067198753357,0.7601417303085327,0.2587163119452815,4.311365221497716,33.74969482421875,48.69148254394531
00521.jpg,3.3297,0.4054248332977295,0.6462979550481049,0.9627454529849945,4.698064804077148,67.59644317626953,0.8667160889855164,0.41295488466030883,5.0130510330200195,3.1381489634132436,29.50668716430664,5.7249531745910645,85.99248504638672,0.9525274038314819,1.5772147178649902,0.5296384692192078,0.020136218518018723,16.960220336914062,0.4876330027119588,0.09995541752745142,0.6737872362136841,0.7855803370475769,0.27885607699151493,5.1480282869502005,34.79071044921875,56.31681823730469
00526.jpg,3.3973,0.3887704908847809,0.6206176376780148,0.9622534856928161,4.849466800689697,63.46994400024414,0.8675074972428916,0.4177266044398742,5.062599182128906,3.075812811969673,27.376197814941406,5.3876471519470215,87.92935180664062,0.9533499479293823,1.6094974279403687,0.48313432931900024,0.017001397907733917,17.69515609741211,0.4766867865589699,0.09228355183846945,0.6805791854858398,0.7806466221809387,0.2590441320840174,4.518996186939566,32.14617919921875,50.194068908691406
00535.jpg,3.3713,0.3597308099269867,0.5740913828380816,0.9612973120823634,4.871461868286133,52.34156036376953,0.8625836101024413,0.4141776873439621,5.031671524047852,2.8426623941517644,22.15251350402832,4.433248996734619,89.05278015136719,0.9550373554229736,1.7906394004821777,0.5246968865394592,0.016995877027511597,17.696565628051758,0.480105241270457,0.07767988208615949,0.6863119602203369,0.7795617580413818,0.28018018815097834,3.760908004125457,33.57830810546875,46.06327819824219
00547.jpg,3.3172,0.3697727620601654,0.6384839133451734,0.955755246360664,4.874521255493164,70.54145812988281,0.8806197366736404,0.41790804400830006,5.174924850463867,3.2082167461923436,27.79108238220215,6.056817531585693,88.93339538574219,0.9439967274665833,1.6484248638153076,0.4839595556259155,0.017912372946739197,17.468469619750977,0.43122673211678636,0.07257920042305964,0.6836129426956177,0.7808405160903931,0.2640569804960963,3.554601663231514,35.82342529296875,50.176265716552734
00589.jpg,3.3319,0.35886499285697937,0.6380946812301006,0.9749265461054648,4.701984882354736,47.75497817993164,0.8814054610599066,0.4245656226769379,5.003968238830566,3.096670282917829,19.250770568847656,4.036131381988525,85.8597640991211,0.9734538793563843,1.7124085426330566,0.5505139231681824,0.010312438942492008,19.86638832092285,0.46049993048841054,0.07515505842987921,0.7055996656417847,0.8169128894805908,0.2880323388533883,3.8859746052568376,29.87518310546875,50.945762634277344
00591.jpg,3.3074,0.3712104856967926,0.6333535711667708,0.9677955967899164,4.763688087463379,56.303104400634766,0.8673165585878159,0.4177915092203375,5.131722927093506,3.1336586408059564,22.37882423400879,4.791084289550781,84.20250701904297,0.9622658491134644,1.6689964532852173,0.5584654808044434,0.016000643372535706,17.95862579345703,0.4660183649283109,0.09339281944521699,0.6966947913169861,0.8133615851402283,0.2929753704370672,4.126685356587827,29.26141357421875,50.59991455078125
00602.jpg,3.2883,0.28920120000839233,0.8057711008785652,0.9711722464468282,4.061165809631348,30.899070739746094,0.7590912851534918,0.3326977185060482,4.603324890136719,3.4908127098564243,16.824825286865234,2.3814873695373535,107.18303680419922,0.9698614478111267,1.9039888381958008,0.6411128044128418,0.02676573395729065,15.72420883178711,0.5023765682730789,0.03478416964593331,0.5619288682937622,0.7165963649749756,0.3265303101842748,4.767694800281458,38.41375732421875,51.2866096496582
00607.jpg,3.2754,0.38054075837135315,0.6079994632477657,0.9570664812824459,4.389951229095459,47.06535339355469,0.8523223916607408,0.3716951926379609,5.011722087860107,2.8581173574863925,19.327789306640625,4.070960998535156,77.99832916259766,0.9474987983703613,1.8205198049545288,0.4968392550945282,0.03519045561552048,14.535751342773438,0.4895258016951648,0.06842707551907114,0.635185956954956,0.7253611087799072,0.2812493832602857,4.177946356229119,13.23211669921875,50.355247497558594
00627.jpg,3.3301,0.3891240954399109,0.5710485217985417,0.9490703215271254,4.669557094573975,50.64617919921875,0.8480015485797338,0.38335988706092505,4.965538024902344,2.751064093970694,21.339723587036133,4.392124176025391,76.36283111572266,0.9340139627456665,1.8228963613510132,0.5451053977012634,0.033652059733867645,14.729883193969727,0.4461548375407639,0.13105267467047108,0.6557537913322449,0.7618005275726318,0.2754970123792365,4.251895937771062,42.58367919921875,51.41672897338867
00635.jpg,3.3229,0.33436110615730286,0.7796046948772569,0.9748503539997599,4.521005630493164,36.40749740600586,0.825340791935974,0.3857107242161133,4.961214065551758,3.6962058922616654,17.458126068115234,2.9544641971588135,95.69654846191406,0.9739021062850952,1.767071008682251,0.5822719931602478,0.021935105323791504,16.588603973388672,0.48529553881979126,0.05160609483629004,0.6372299194335938,0.7846230268478394,0.29988462372812513,4.415135696350959,26.48895263671875,46.00476837158203
00646.jpg,3.3199,0.3304581344127655,0.691424888459456,0.9691600351648394,4.784026145935059,44.31435775756836,0.8574249319853428,0.4075567469064622,5.0735578536987305,3.4079020100580166,19.346540451049805,3.7286829948425293,93.20061492919922,0.9667159914970398,1.7889690399169922,0.5244560837745667,0.016742702573537827,17.761743545532227,0.4574899062881829,0.06054212603044613,0.6483879089355469,0.7626844048500061,0.2836136092539125,3.91862187243385,35.93524169921875,42.4127197265625
00652.jpg,3.3013,0.3557531535625458,0.593458335394413,0.9558341035080034,4.80037784576416,54.405181884765625,0.8544523211474911,0.3997170756817361,5.1259331703186035,2.9454371024881,21.693010330200195,4.6574201583862305,89.67178344726562,0.9467132091522217,1.7887272834777832,0.4795267879962921,0.022290319204330444,16.51883888244629,0.45804596574953965,0.07288245921408232,0.6641854047775269,0.7535051107406616,0.2649202731713447,3.66994482780487,33.97283935546875,44.34834671020508
00654.jpg,3.3183,0.3538023829460144,0.6215139903438808,0.972467069203541,4.680952072143555,50.96308135986328,0.870357053995668,0.4095893747581391,4.960794448852539,2.9962516847165173,19.8881893157959,4.340929985046387,89.57726287841797,0.970216691493988,1.7214417457580566,0.4272822141647339,0.013776242733001709,18.608692169189453,0.4754778192410093,0.05684922121670701,0.6755818128585815,0.7546639442443848,0.24202172257400714,4.071012444422355,27.80975341796875,47.14131164550781
00660.jpg,3.3302,0.37087109684944153,0.595529993107018,0.9595500782780197,4.816456317901611,50.95767593383789,0.868763679120222,0.4071921555168937,5.0105695724487305,2.9261554484640886,20.92483901977539,4.328456878662109,83.88555908203125,0.9518327713012695,1.7577215433120728,0.5251299142837524,0.018260642886161804,17.38484001159668,0.45972661988154334,0.1001382020869933,0.6847285032272339,0.7887619733810425,0.2768197664227229,3.9502599782671703,32.27459716796875,51.767852783203125
00673.jpg,3.3042,0.355125367641449,0.5735044922410901,0.9655602344811327,4.791784286499023,49.61167907714844,0.8635533614991175,0.412013995478449,4.963575839996338,2.797381957818976,20.008880615234375,4.230437278747559,89.07463836669922,0.9614396095275879,1.7945783138275146,0.4921991229057312,0.01745700091123581,17.580303192138672,0.44686073973624696,0.06521146049888922,0.6832916736602783,0.755660355091095,0.27336988243170796,3.3830523699097745,29.34295654296875,41.87129211425781
00686.jpg,3.3331,0.37504079937934875,0.5876001332701704,0.959117034585738,4.602258682250977,46.90116500854492,0.8622676740658068,0.40967827080957686,5.006054401397705,2.822933752852748,18.500959396362305,3.949990749359131,80.00147247314453,0.9515225887298584,1.811028003692627,0.5713003873825073,0.024622127413749695,16.08674430847168,0.46217181979485467,0.0950822533970225,0.6795634627342224,0.7679219245910645,0.310241430608801,3.6932873896189657,32.57830810546875,42.64419937133789
00712.jpg,3.3197,0.36730682849884033,0.5789964297940956,0.9581716104394231,4.852598667144775,49.512359619140625,0.8598823986044043,0.4134052951949185,5.1056718826293945,2.8829124493923555,19.67384147644043,4.192590713500977,84.08744049072266,0.9494534730911255,1.7547861337661743,0.5263699293136597,0.01945250853896141,17.110244750976562,0.4461948945590838,0.0955825601692103,0.6831320524215698,0.7792855501174927,0.28242711585434155,4.119107891400938,25.34979248046875,51.79253005981445
00716.jpg,3.5258,0.3894680142402649,0.5631548244314083,0.9477743755032287,4.866583347320557,58.86494064331055,0.8721968448574753,0.4115605225396633,5.156244277954102,2.822212043707088,23.48566436767578,5.033181190490723,74.59821319580078,0.9296180009841919,1.6685256958007812,0.5132381916046143,0.016911601647734642,17.71815299987793,0.4571289320304223,0.11047130544179158,0.6867541074752808,0.8012493848800659,0.27497344359446124,4.150385871018275,33.89080810546875,49.36940383911133
00723.jpg,3.3379,0.3514988422393799,0.6347399907095586,0.963563009389097,4.847369194030762,47.227359771728516,0.836268809951218,0.3994002604434014,5.137972354888916,3.1690595435569797,19.98723030090332,3.9686501026153564,90.58063507080078,0.9584142565727234,1.7930116653442383,0.5512252449989319,0.022646578028798103,16.449974060058594,0.460112562331388,0.07941434112169467,0.6560922861099243,0.7616428732872009,0.2923717343998942,3.713703866044609,36.87615966796875,48.990943908691406
00728.jpg,3.3797,0.37801381945610046,0.6036377599779306,0.9616900739836877,4.844371795654297,53.21328353881836,0.8699073771764015,0.42163200074775625,5.175159454345703,3.024094922310587,21.1341552734375,4.529965877532959,80.04772186279297,0.9529669880867004,1.654908299446106,0.525479793548584,0.015027947723865509,18.231002807617188,0.45705467993722226,0.09935951379470215,0.6933553218841553,0.8021801710128784,0.2822626194076605,3.8925179707886297,29.48260498046875,45.44425964355469
00746.jpg,3.3323,0.37923353910446167,0.560711445441887,0.96075330712947,4.5796308517456055,52.10993194580078,0.853778778880823,0.4092818266062003,4.936239242553711,2.667839019882109,20.085813522338867,4.458504676818848,79.44017028808594,0.9529411196708679,1.7964739799499512,0.5436195135116577,0.025325879454612732,15.96435546875,0.4443485686133789,0.11307543138888057,0.6796462535858154,0.7734857797622681,0.2874643344654455,3.6687873863553104,27.64862060546875,31.93436622619629
00751.jpg,3.3495,0.36454930901527405,0.6259913487242678,0.9692616580803495,4.570131778717041,52.50686264038086,0.8554836989073777,0.42671167015579736,5.045598030090332,3.0096934150931567,20.668292999267578,4.476649284362793,87.1617202758789,0.9654616117477417,1.7524460554122925,0.5612175464630127,0.01844416931271553,17.341407775878906,0.47461522073747076,0.07992489391226207,0.6889101266860962,0.7854313850402832,0.31110575048984707,3.844792986980707,29.50701904296875,49.61349868774414
00754.jpg,3.3751,0.3888842761516571,0.5734017773464712,0.950966038052562,4.794137001037598,65.07456970214844,0.8834359520458477,0.43135369276459695,5.161221504211426,2.85422075969562,23.82571792602539,5.6509270668029785,76.27169799804688,0.9351993203163147,1.646443486213684,0.5516992807388306,0.015662072226405144,18.0515079498291,0.44271749341908917,0.09830012802335288,0.7159237861633301,0.7976046204566956,0.3016999541314272,4.04461253112363,35.51092529296875,46.14836502075195
00758.jpg,3.3363,0.3639456033706665,0.6901791240946358,0.9730612551906165,4.763460159301758,52.69881057739258,0.8436471397345687,0.4062291070637217,5.107836723327637,3.4064941461474767,21.133514404296875,4.5172905921936035,88.20496368408203,0.9695541858673096,1.6778755187988281,0.48726317286491394,0.017303671687841415,17.61861801147461,0.451624715948686,0.07622533024311051,0.67030930519104,0.786456286907196,0.26183651959439647,3.841893625748738,32.35760498046875,50.778038024902344
00772.jpg,3.3201,0.376329630613327,0.6082377888732694,0.9553177550954659,4.7701802253723145,60.84206771850586,0.8422877556950793,0.40574610960433427,5.13555908203125,3.012533614960242,24.198833465576172,5.244326591491699,87.39738464355469,0.9427659511566162,1.7328754663467407,0.49576765298843384,0.021054552868008614,16.76654052734375,0.4475057490483863,0.09041139374359422,0.6646010875701904,0.766277015209198,0.27645790121784003,3.9286975211164292,30.60076904296875,51.43334197998047
00804.jpg,3.3156,0.35838475823402405,0.6791376062599845,0.9766325870449084,4.780563831329346,54.39897537231445,0.8493921605725373,0.4195193942161628,5.096894264221191,3.3540891483216235,21.875307083129883,4.676187515258789,90.22101593017578,0.9740597009658813,1.645805835723877,0.5134180188179016,0.01403192151337862,18.528827667236328,0.4479648418775472,0.07457177627982639,0.6866602897644043,0.8063216209411621,0.2716244819960445,4.066005396171945,30.39276123046875,51.266212463378906
00822.jpg,3.318,0.36078324913978577,0.6606823756902925,0.9668530213541867,4.734372138977051,49.88592529296875,0.8115045230070207,0.39023462424996896,5.13458776473999,3.2601360264856183,21.019744873046875,4.240409851074219,93.46635437011719,0.9614834785461426,1.7252459526062012,0.5082720518112183,0.024483833461999893,16.1112060546875,0.43089736475614293,0.06793654536810668,0.6434688568115234,0.7626317143440247,0.275538586332453,3.5032054293593218,29.84979248046875,42.906436920166016
00823.jpg,3.3222,0.36498868465423584,0.6001639033049757,0.9566952269336988,4.87912654876709,55.95398712158203,0.8471009995370167,0.39389710184639304,5.215522289276123,3.029233116984308,21.96432876586914,4.823527812957764,87.32709503173828,0.9469403624534607,1.743830680847168,0.44911637902259827,0.022426165640354156,16.492450714111328,0.4559136782557038,0.06101388489868768,0.6569783091545105,0.749824047088623,0.2543877186770975,3.4833763088569016,29.39276123046875,46.93773651123047
00824.jpg,3.3413,0.3552030324935913,0.6394911005304893,0.9632108682038509,4.832221031188965,60.69000244140625,0.8285209105221633,0.40275763248536256,5.179460525512695,3.201202356853422,23.934444427490234,5.222633361816406,93.35941314697266,0.9562791585922241,1.7144176959991455,0.5104482769966125,0.023548007011413574,16.280458450317383,0.4558619314871531,0.08514625806448468,0.663661539554596,0.7732452750205994,0.2699406316079001,3.725949052374182,35.12713623046875,53.12702941894531
00829.jpg,3.3006,0.33353522419929504,0.6911409710041987,0.9578682172194737,4.284499168395996,43.962745666503906,0.784879247172118,0.36585896069697066,5.007209777832031,3.2109532635092233,17.833608627319336,3.650742769241333,97.74673461914062,0.9505480527877808,1.868822455406189,0.534108579158783,0.03774761036038399,14.23110580444336,0.463428221757254,0.04810848967491364,0.6046863794326782,0.7146169543266296,0.30920328023137206,3.821291998875916,29.15301513671875,44.31876754760742
00833.jpg,3.2611,0.3290884494781494,0.7233055387034586,0.9695725073074173,3.8150076866149902,37.97096252441406,0.7530095691796137,0.3522338454614317,4.61098575592041,3.047296771313655,17.03952407836914,3.0560522079467773,103.4657974243164,0.9665360450744629,1.9115797281265259,0.5939063429832458,0.03869226202368736,14.123758316040039,0.47591610529765627,0.034040772453990724,0.5737980604171753,0.6936804056167603,0.33238691732235065,4.391860250926037,35.62908935546875,44.874053955078125
00842.jpg,3.3632,0.38759681582450867,0.577732335102621,0.9645570932621957,4.802911281585693,82.94454956054688,0.8328716279564016,0.42369384173637403,5.049159049987793,2.845940473138093,30.822927474975586,7.416280269622803,92.7165756225586,0.9561063647270203,1.620255947113037,0.5241888165473938,0.020559657365083694,16.869842529296875,0.44304956907875176,0.11537142606116478,0.7088608145713806,0.8107377290725708,0.2729040573932044,4.152363986211565,37.08367919921875,46.251834869384766
00846.jpg,3.3774,0.366288959980011,0.6194158078039637,0.9570305067015631,4.928897857666016,65.3597640991211,0.8414347733111494,0.40974622780031716,5.2871503829956055,3.164002362782796,23.500009536743164,5.778695583343506,86.69994354248047,0.9464576840400696,1.6917142868041992,0.42517754435539246,0.020352009683847427,16.91392707824707,0.4346221247327762,0.08058826343056667,0.6740664839744568,0.7634752988815308,0.24015701869493558,3.7931645787895727,27.77996826171875,46.757747650146484
00854.jpg,3.3676,0.38879141211509705,0.5552004002068367,0.9463512006622131,4.99050235748291,78.6704330444336,0.8601736993368062,0.4279912606864725,5.259936332702637,2.8455342844348923,26.475276947021484,6.954267978668213,81.09898376464844,0.9266259074211121,1.636858344078064,0.48293036222457886,0.018255963921546936,17.38595199584961,0.4138241316001701,0.10423668037926832,0.7117464542388916,0.8000556230545044,0.2602349653276732,3.7887548350717766,24.81414794921875,42.55816650390625
00879.jpg,3.341,0.3894846737384796,0.6129575011707935,0.957623724652734,4.939053535461426,75.38758087158203,0.8663767422774044,0.430891552565116,5.246645927429199,3.121711992544002,26.397727966308594,6.565804481506348,78.92082977294922,0.9418396949768066,1.4540050029754639,0.5128886103630066,0.01461164653301239,18.353008270263672,0.4476221571458479,0.1270366528555886,0.7083294987678528,0.8107694983482361,0.27463045538545283,4.596566250409949,36.94549560546875,50.32765197753906
00888.jpg,3.3413,0.3743182122707367,0.649645192158849,0.9427016418762205,4.395140647888184,59.67475128173828,0.8905337934632377,0.40553181766000523,5.028834342956543,3.061132213917114,23.13153648376465,5.091152667999268,54.47856903076172,0.897024929523468,1.348559856414795,0.4653523564338684,0.012104418128728867,19.170560836791992,0.4446288563100225,0.12993692788255393,0.6644843816757202,0.7440203428268433,0.27243255095853186,4.635329401969584,38.91571044921875,59.111534118652344
00889.jpg,3.3285,0.38039085268974304,0.6336059864321614,0.939779243675894,4.440343856811523,61.94487762451172,0.8865182978491842,0.4081955181864261,5.052525520324707,3.0073812336071466,23.050432205200195,5.322037220001221,54.89513397216797,0.8902555704116821,1.346710443496704,0.4400007128715515,0.012608280405402184,18.99344253540039,0.43444702315627354,0.12022427325548467,0.6674284338951111,0.7465779781341553,0.26114034152337356,4.879841339643271,34.61199951171875,57.443511962890625
00894.jpg,3.3349,0.37082439661026,0.6975351878668041,0.9577178890931656,4.587210178375244,56.29542541503906,0.894834586338787,0.4097862923768708,5.183932304382324,3.4078706403010024,21.561742782592773,4.8139872550964355,64.31116485595703,0.931950032711029,1.2884925603866577,0.48065185546875,0.009948003105819225,20.022642135620117,0.4483861898456133,0.1070121581668592,0.6735528111457825,0.7537326216697693,0.2817303276409967,4.150807177456219,30.44158935546875,57.841148376464844
00917.jpg,3.3848,0.3754476010799408,0.6092718405896683,0.950623141949936,4.719696998596191,49.789676666259766,0.8648207431602589,0.39097152444498784,5.193235397338867,3.0198466288222328,19.75404930114746,4.220465660095215,77.7045669555664,0.9369408488273621,1.7796788215637207,0.4654134511947632,0.02660849690437317,15.749796867370605,0.46354383025531143,0.0755629104798573,0.65465247631073,0.7427639365196228,0.2604253214685806,3.823290917419175,29.22137451171875,43.00188446044922
00920.jpg,3.3092,0.3497644066810608,0.6517384511490751,0.9575387102483418,4.454249858856201,39.22835159301758,0.8521527976896909,0.37789383484082834,4.882189750671387,3.0424701370082134,17.732975006103516,3.1729259490966797,89.58755493164062,0.950107216835022,1.894740104675293,0.5462676286697388,0.03203990310430527,14.94308853149414,0.5086272826054783,0.049166642099719486,0.6189647316932678,0.7159907817840576,0.31502679573256404,4.32005375202654,37.24481201171875,47.72425079345703
00932.jpg,3.3161,0.36060631275177,0.6257563278758005,0.9581642357712812,4.53109073638916,40.3817138671875,0.8456163640526244,0.3690833505730673,4.846482753753662,2.9340492795740065,17.298683166503906,3.292752265930176,85.57159423828125,0.9503597021102905,1.8883148431777954,0.5154812335968018,0.033528462052345276,14.745863914489746,0.4842315852892991,0.06203198652649404,0.6185976266860962,0.710381269454956,0.28950912429918735,4.252602359139294,30.24334716796875,45.78546142578125
00937.jpg,3.3474,0.3628268241882324,0.6235034132626628,0.9537033523094194,4.759891986846924,41.04175567626953,0.8466208135067109,0.37574045513918103,5.144148826599121,3.0876128697455734,17.492477416992188,3.3923447132110596,83.25401306152344,0.9430466890335083,1.8385378122329712,0.49916231632232666,0.029219288378953934,15.343303680419922,0.45628876269634633,0.06136582852176948,0.63319993019104,0.7291876077651978,0.27669138399038307,3.708570838975128,27.91864013671875,45.830020904541016
00950.jpg,3.2932,0.3212195634841919,0.6939966012250106,0.9538102640859838,4.200052976608276,41.53953552246094,0.7893636672793081,0.34849332084050816,4.884419918060303,3.152309456310146,18.972665786743164,3.4168200492858887,100.4708480834961,0.9448213577270508,1.8925213813781738,0.5506436824798584,0.03813891485333443,14.18631649017334,0.47050295579656565,0.042879163368345,0.5983580946922302,0.7038615942001343,0.2992744362236038,3.8679273914255763,33.22430419921875,52.9454345703125
00959.jpg,3.3087,0.3320200741291046,0.694379573598173,0.9532802077948771,4.081545829772949,42.07237243652344,0.7843135230477124,0.3327846742016526,4.922364234924316,3.1260781826686515,18.755550384521484,3.474745512008667,99.00150299072266,0.9430911540985107,1.9021483659744263,0.5646611452102661,0.0428781732916832,13.677637100219727,0.4773493649306555,0.044638905759018084,0.5879383087158203,0.6937739253044128,0.31209823819611276,3.680316420278396,33.96551513671875,57.156166076660156
00961.jpg,3.3098,0.32250717282295227,0.7026675749852578,0.9540336843417788,4.100741624832153,39.907691955566406,0.7803796909018664,0.33142722428078963,4.911805629730225,3.1664254712636364,18.20442771911621,3.276792049407959,100.53191375732422,0.94440758228302,1.8997985124588013,0.555586576461792,0.040742211043834686,13.899554252624512,0.47351503682175156,0.03560730207767929,0.5842369794845581,0.6925134658813477,0.3054034781568743,3.933053959506439,38.44940185546875,54.58674621582031
00965.jpg,3.3146,0.32323142886161804,0.735904019550727,0.9614537582941081,4.122818231582642,42.938724517822266,0.7699468918419955,0.37253484003227294,4.920255661010742,3.3274305695678894,18.747432708740234,3.5155112743377686,101.74405670166016,0.9557167291641235,1.883540391921997,0.6078035831451416,0.03685253858566284,14.335326194763184,0.4637547502649203,0.03853601703304341,0.5867433547973633,0.7055714130401611,0.34675477215122946,3.791079854350956,33.04510498046875,47.65623474121094
00978.jpg,3.3792,0.34992367029190063,0.6233189212579754,0.9513966520725345,4.680172920227051,47.77039337158203,0.8083115595334703,0.3790142609926181,5.119157791137695,3.0540656295584636,18.56707000732422,4.009772777557373,92.90199279785156,0.9394510984420776,1.8347551822662354,0.5132073760032654,0.03531289100646973,14.520668029785156,0.44498688802815606,0.05329093932627072,0.6185800433158875,0.699898362159729,0.30703581430613325,3.6306908601680163,28.67205810546875,44.63240051269531
00987.jpg,3.4076,0.36397457122802734,0.6262252160099596,0.9545052613222025,4.622178554534912,50.33638381958008,0.8287870495504935,0.3902955937522477,5.173687934875488,3.067220980174156,20.283491134643555,4.266767501831055,88.08740234375,0.9440076351165771,1.8198989629745483,0.5308551788330078,0.034623853862285614,14.606245994567871,0.4707732908610844,0.06110930873111753,0.6349794864654541,0.7235969305038452,0.30618751666891186,3.8432596129166567,24.81512451171875,47.806827545166016
00994.jpg,3.369,0.35542604327201843,0.5928741603085735,0.9573610703226156,4.715443134307861,51.76294708251953,0.8524956679084005,0.39657577267742944,5.108738899230957,2.9122627192708617,20.228960037231445,4.395123481750488,87.47187042236328,0.9491530656814575,1.8157269954681396,0.48662418127059937,0.023280177265405655,16.330137252807617,0.4559551708585565,0.06771919451883157,0.6596112847328186,0.7484498620033264,0.2829711979155579,3.8394607594333796,28.96258544921875,49.670963287353516
00999.jpg,3.356,0.3354552388191223,0.7592651590900938,0.9401793377100042,3.825199842453003,35.46247100830078,0.811462999989701,0.31747245217739106,4.807506084442139,3.277270221277324,16.22699737548828,2.817340135574341,92.12429809570312,0.9180876016616821,1.9412908554077148,0.5862383842468262,0.056522220373153687,12.477807998657227,0.4869073670128971,0.030077957210093743,0.575780987739563,0.6843443512916565,0.32919464436668605,4.216506838708466,34.79608154296875,43.832130432128906
01021.jpg,3.3185,0.3395494818687439,0.7022430659827555,0.9524906914778944,4.829310894012451,36.1412239074707,0.8650708332458484,0.37568340519341376,5.159537315368652,3.5073127810506204,15.635601997375488,2.92553448677063,87.81086730957031,0.9399436712265015,1.7577056884765625,0.490186870098114,0.02532019093632698,15.96532917022705,0.4459237903148794,0.056855855795784026,0.6358612775802612,0.7433552145957947,0.2578155235349055,3.7774364982286652,30.78826904296875,39.873268127441406
01036.jpg,3.3378,0.3651086091995239,0.6362402483725419,0.9511480913407943,4.491401672363281,45.03722381591797,0.8414327042487465,0.3765019434006385,5.034708023071289,3.0304587597272334,19.843563079833984,3.7864394187927246,85.57308197021484,0.9389551281929016,1.8569451570510864,0.5204616785049438,0.033724963665008545,14.72048568725586,0.4602556358065804,0.08085297698654147,0.6400523781776428,0.7293694019317627,0.2821256384226689,3.527093764622103,25.44207763671875,52.769283294677734
01041.jpg,3.326,0.3712031841278076,0.5826404748507451,0.9331777565848253,4.790963649749756,50.42552947998047,0.8477759865806531,0.36893401621822947,5.091606140136719,2.879003397381908,20.65495491027832,4.284053325653076,82.9556884765625,0.9051074981689453,1.8732154369354248,0.47696787118911743,0.036501381546258926,14.376907348632812,0.4367084584739644,0.08298137032081472,0.6372014284133911,0.714179515838623,0.26448222736504856,3.7123014674419945,29.83172607421875,50.058258056640625
01050.jpg,3.3222,0.3807375431060791,0.5890355084838867,0.9422205052648145,4.898679256439209,60.377716064453125,0.8833706332803135,0.4017652714265374,5.307263374328613,3.0058420007518176,22.1728515625,5.250651836395264,71.90870666503906,0.9141258001327515,1.5326330661773682,0.42347192764282227,0.015514700673520565,18.092567443847656,0.43965795758684456,0.07873547453436822,0.6747008562088013,0.756824791431427,0.2451708876894117,3.6715017460302333,22.46746826171875,53.31720733642578
01053.jpg,3.3445,0.35915371775627136,0.6462676999621854,0.962167340946643,5.021027565002441,59.893646240234375,0.8812021555517549,0.42777555960798874,5.303448677062988,3.336199745028006,22.084760665893555,5.141094207763672,83.09680938720703,0.9517273902893066,1.5149118900299072,0.5564384460449219,0.011490906588733196,19.39645767211914,0.4691276979889439,0.10585146979008646,0.7127202749252319,0.8021345138549805,0.29744990028673146,4.1300454365265304,33.69793701171875,50.44691467285156
01071.jpg,3.3412,0.38137173652648926,0.5620847594440636,0.9418683341422625,4.847345352172852,62.56777572631836,0.8601162883574218,0.39808260708428694,5.243914604187012,2.836082279517882,22.703140258789062,5.489529132843018,77.91133880615234,0.9199693202972412,1.7419307231903076,0.4255271553993225,0.024142440408468246,16.17218780517578,0.4352147148425488,0.09159074185655865,0.6648114323616028,0.7527536153793335,0.2437776289759911,3.976221573118183,28.83807373046875,50.27980422973633
01085.jpg,3.3369,0.32941868901252747,0.7054936196690158,0.9704645543891705,5.052590370178223,39.13871765136719,0.8239276248095478,0.386843213860811,4.924042701721191,3.519238298039598,17.451953887939453,3.181461811065674,96.27393341064453,0.967035710811615,1.6752318143844604,0.5475001931190491,0.015789063647389412,18.016437530517578,0.4356466469031598,0.05300116796348849,0.636121928691864,0.7521259188652039,0.2796260026945573,4.353341564482488,35.28436279296875,44.825782775878906
01105.jpg,3.3336,0.3535453975200653,0.5969668127628838,0.9617383825121695,4.951171398162842,44.24752426147461,0.8609176734659612,0.410854659110537,5.20006799697876,3.029987597536701,17.70241928100586,3.746145248413086,86.53514862060547,0.9553478956222534,1.7586121559143066,0.4850860834121704,0.015565024688839912,18.078502655029297,0.45630133607826906,0.06179100309952973,0.6665670275688171,0.7483158111572266,0.27466911831515206,3.7642736893656905,24.68280029296875,49.910491943359375
01114.jpg,3.3426,0.3815337121486664,0.6031487718556154,0.939324592837313,4.552131652832031,41.85535430908203,0.8586030004086929,0.36280210034432314,5.005063533782959,2.8822162803989677,18.027851104736328,3.471766233444214,72.62179565429688,0.9142181277275085,1.8320682048797607,0.4722001552581787,0.03289518505334854,14.8286771774292,0.44495436528272697,0.06982355561914107,0.6314087510108948,0.7184975743293762,0.26202120432956527,3.5796574060918793,29.39959716796875,51.899497985839844
01122.jpg,3.3832,0.35781624913215637,0.6812172341649833,0.9624455629394963,4.8477325439453125,39.019622802734375,0.8547301147337434,0.3989874935660877,5.235724449157715,3.434524753417314,17.81873893737793,3.24627685546875,85.65678405761719,0.9554555416107178,1.7238366603851318,0.5361820459365845,0.016649696975946426,17.78593635559082,0.4789646689919506,0.06700526486134874,0.6534624695777893,0.748375415802002,0.27705714782597307,4.698434426261836,44.44207763671875,49.299034118652344
01123.jpg,3.3449,0.35870906710624695,0.6746825674662866,0.9580438397403578,4.875800609588623,42.53477478027344,0.860856250218673,0.3865569100417472,5.2162628173828125,3.4044820621853464,18.712221145629883,3.5682671070098877,84.66983795166016,0.9490622282028198,1.7128336429595947,0.4577345848083496,0.016147999092936516,17.918813705444336,0.45993132487943217,0.05354698595517473,0.6388306617736816,0.7181692123413086,0.2522188727352995,4.379338113027386,42.17547607421875,52.361656188964844
01125.jpg,3.3136,0.29259222745895386,0.7885762233200434,0.9695352512998889,3.589962959289551,31.619037628173828,0.710657338640808,0.3258840164328008,4.473758697509766,3.1794442708143222,16.463592529296875,2.4320883750915527,109.5611572265625,0.9679026007652283,1.899627447128296,0.6433647871017456,0.031383056193590164,15.033048629760742,0.42275923466885207,0.012419518110728337,0.540280818939209,0.6460003852844238,0.33684514790720516,4.24195081660876,45.27752685546875,46.87327575683594
01128.jpg,3.369,0.3030301630496979,0.7539069002457778,0.9660720279011352,3.838672161102295,31.657302856445312,0.7339932229775603,0.321313715015676,4.645443916320801,3.1981305920672467,16.18232536315918,2.452763080596924,107.09899139404297,0.9630979299545288,1.8831870555877686,0.6187058687210083,0.03357040882110596,14.740433692932129,0.433815706360536,0.021065414980901333,0.5529741048812866,0.678878664970398,0.329293350637084,4.048345426181739,37.94940185546875,42.01953887939453
01130.jpg,3.2994,0.29197075963020325,0.8024145495504545,0.9650345338520604,3.564434766769409,32.289310455322266,0.725718723319892,0.3165847175499932,4.5508294105529785,3.255917640114377,16.25029945373535,2.4916598796844482,108.65145874023438,0.9617758393287659,1.9002541303634644,0.6234898567199707,0.033252183347940445,14.781798362731934,0.4419887660000462,0.014120080914257207,0.542648196220398,0.6530128121376038,0.34009509063992044,4.718914666355816,44.98651123046875,44.45671081542969
01134.jpg,3.3494,0.3062322735786438,0.771875346908654,0.9641364550046277,3.669403076171875,33.93429183959961,0.7317440182392193,0.3148848413856818,4.627464294433594,3.2020883213323286,16.59041976928711,2.6528825759887695,107.05220031738281,0.9601426124572754,1.896550178527832,0.6189377307891846,0.03623383492231369,14.408856391906738,0.44315719904518286,0.020344509389155344,0.5506956577301025,0.6624239683151245,0.34023427807455886,4.6322156484250785,45.54705810546875,52.437557220458984
01138.jpg,3.3324,0.28596383333206177,0.77786010298394,0.965348379699796,3.7231221199035645,32.16215896606445,0.7340667626588416,0.3105675856378015,4.49746561050415,3.1972480390305646,16.557880401611328,2.493703842163086,108.75553894042969,0.9622974991798401,1.90802001953125,0.6060926914215088,0.031219862401485443,15.05569076538086,0.44687600128444144,0.01683486557873183,0.543556272983551,0.6611530780792236,0.3272871224515285,4.5299944845541065,48.60711669921875,48.715179443359375
01140.jpg,3.332,0.2943556308746338,0.7991626209923515,0.9605044639349988,3.694565534591675,34.98332595825195,0.736140339335461,0.33002196882720064,4.747464179992676,3.3732920219405296,16.098011016845703,2.7427518367767334,106.9847183227539,0.9536005258560181,1.888521432876587,0.5991287231445312,0.03533273935317993,14.518227577209473,0.4496955249037621,0.03639044447195988,0.5485436320304871,0.6540008187294006,0.33492681090810733,4.696741370576934,47.39910888671875,43.40672302246094
01144.jpg,3.3021,0.29839351773262024,0.8261189969903502,0.965364909194835,3.357447624206543,31.770404815673828,0.7110393421602463,0.31489500360775025,4.447634696960449,3.223978500767254,16.396528244018555,2.4582133293151855,108.8526611328125,0.9623061418533325,1.8963289260864258,0.6576315760612488,0.03578471764922142,14.463025093078613,0.4318662689501776,0.00999722239642037,0.5346735119819641,0.6314254999160767,0.3483043095147255,4.1958435799024985,41.24237060546875,48.85032653808594
01147.jpg,3.3483,0.30947861075401306,0.8458419964565853,0.9688148715529545,3.395268678665161,30.791118621826172,0.7158175551530871,0.29736424466995826,4.548964023590088,3.359798332945428,16.839672088623047,2.3562233448028564,108.596435546875,0.966591477394104,1.8665450811386108,0.7108091115951538,0.0356849730014801,14.475146293640137,0.46182933248525737,0.01732388815775484,0.5339409708976746,0.6530405879020691,0.3547279016869708,4.2588742284295495,44.07586669921875,44.873146057128906
01161.jpg,3.2997,0.3036467730998993,0.8256395588771547,0.9691150800929573,3.3838865756988525,28.317481994628906,0.7116977764174134,0.292361964016138,4.380153656005859,3.2051645981491843,16.011165618896484,2.1483852863311768,108.84925842285156,0.9673703908920288,1.896688461303711,0.6727924346923828,0.0349474661052227,14.56584358215332,0.446500375049014,0.012396991358732068,0.5268615484237671,0.638903021812439,0.3344828619832626,4.51487908841159,45.23016357421875,42.20809555053711
01164.jpg,3.3491,0.3290367126464844,0.8114009516350643,0.9661988377186052,3.4123167991638184,30.79429817199707,0.7249095876811946,0.30065357889774935,4.5749688148498535,3.240460461225803,15.784762382507324,2.3866448402404785,105.15762329101562,0.962777316570282,1.9014605283737183,0.6384402513504028,0.04389730095863342,13.575621604919434,0.4583570610614947,0.016996079791507378,0.5391440391540527,0.6438565254211426,0.34825082276363506,4.37228556956999,42.17694091796875,45.56068420410156
01167.jpg,3.2725,0.2966535985469818,0.8718344295313591,0.9683396927247984,3.232191801071167,29.360044479370117,0.7048615338414851,0.31151538768158166,4.444185733795166,3.3462809802139795,16.159852981567383,2.2439262866973877,109.45317077636719,0.9657738208770752,1.9123164415359497,0.6965842247009277,0.03441006690263748,14.633145332336426,0.42560566758719115,0.008913621843191477,0.5272845029830933,0.6202111840248108,0.350159046651371,4.551386596671054,49.65936279296875,49.347618103027344
01170.jpg,3.2794,0.3095364570617676,0.6976242716362878,0.9599015881576802,4.116435527801514,35.14165496826172,0.7572485278736978,0.3364262493384935,4.682262420654297,3.0691052754057626,16.80957794189453,2.7717995643615723,104.78323364257812,0.9536478519439697,1.9072964191436768,0.5926746129989624,0.03514347970485687,14.541553497314453,0.44401761389935046,0.026443792015758968,0.5723442435264587,0.6822174787521362,0.3221248621808557,4.223743423218051,45.96112060546875,50.22889709472656
01189.jpg,3.3404,0.39092910289764404,0.6157381986552554,0.9426552782804973,4.693994522094727,73.1810531616211,0.8798306038411722,0.4221066731289446,5.285795211791992,3.0724801634664534,25.28621482849121,6.535507678985596,67.42053985595703,0.908049464225769,1.36910080909729,0.4088551998138428,0.012912731617689133,18.889820098876953,0.41625934534827,0.10812531672735161,0.6961674690246582,0.7662211656570435,0.2410858652770962,3.7015085019974503,26.14276123046875,46.41535568237305
01194.jpg,3.3484,0.3935278356075287,0.5726010334670142,0.9327789182144068,4.881542682647705,82.5351791381836,0.8720269128513813,0.4263735624466081,5.305723190307617,2.916630109994964,28.059293746948242,7.608257293701172,68.85421752929688,0.8865550756454468,1.4090065956115723,0.3893970847129822,0.01642777770757675,17.844213485717773,0.3849510720182548,0.11218429115004191,0.6963027715682983,0.7808051109313965,0.22059614982261028,3.537539596225625,32.61785888671875,49.89983367919922
01201.jpg,3.3889,0.39991024136543274,0.590681547248029,0.9277357710288353,4.941247463226318,79.46527862548828,0.8713782363673025,0.42488378118787523,5.282999038696289,3.0196478756964797,29.139209747314453,7.117990970611572,72.76605987548828,0.8781619071960449,1.5093505382537842,0.4947277307510376,0.01919759064912796,17.16753387451172,0.42107288652224656,0.12916035882513208,0.7036432027816772,0.7819631099700928,0.26425494342598715,3.8777106434142388,34.59979248046875,55.191749572753906
01211.jpg,3.3742,0.3763880729675293,0.7138844437426691,0.951532383859052,4.643509864807129,58.284751892089844,0.8944895248118356,0.42509968101906725,5.2747955322265625,3.540275277822971,22.07231903076172,5.114955425262451,68.86683654785156,0.9203400611877441,1.2042690515518188,0.5236122608184814,0.011885752901434898,19.249732971191406,0.43921851276040197,0.0990123871472378,0.7036252021789551,0.8041800260543823,0.2820459813090886,4.204092355782549,44.53875732421875,56.4477424621582
01214.jpg,3.3736,0.3790104389190674,0.6655967139965963,0.9575442276926982,4.789511680603027,69.54203796386719,0.8842375760484142,0.4360106599247983,5.300570487976074,3.357975200486665,24.054344177246094,6.1529622077941895,75.65143585205078,0.9380455613136292,1.3412368297576904,0.5179024934768677,0.010692604817450047,19.709165573120117,0.43551306398707135,0.13332618440829577,0.7192058563232422,0.8093961477279663,0.27480085712084085,4.051513845402305,29.10906982421875,49.73420333862305
01226.jpg,3.3674,0.38281944394111633,0.6673037406899538,0.9525534320527694,4.696622848510742,63.7420539855957,0.8861580988159352,0.42585611817090374,5.296647071838379,3.334285461316748,24.85120964050293,5.792416572570801,76.73112487792969,0.9335958957672119,1.5180113315582275,0.476712167263031,0.013294854201376438,18.763164520263672,0.4575996485144525,0.08603469626787813,0.7013934850692749,0.7752330303192139,0.2598068728863343,4.183954584566689,7.17938232421875,62.53489685058594
01230.jpg,3.3482,0.38859573006629944,0.6624683886248091,0.9397541568613889,4.767654895782471,66.96846008300781,0.8882465642849863,0.41445378115964526,5.223215579986572,3.3093300739772697,26.4635009765625,6.049386501312256,65.12457275390625,0.8933113813400269,1.2128474712371826,0.5095035433769226,0.014105060137808323,18.50625228881836,0.4404638380388868,0.12601891019430178,0.7046234607696533,0.7758692502975464,0.2710558542093502,4.192105554685799,11.91375732421875,49.26306915283203
01233.jpg,3.7933,0.3850228190422058,0.6295154885221613,0.9421427498529988,4.8717122077941895,75.43283081054688,0.8643544477411754,0.4101421231091636,5.262138366699219,3.1897194687299955,26.13132667541504,6.977246284484863,72.70823669433594,0.9036309123039246,1.437157392501831,0.39762091636657715,0.01754315197467804,17.55892562866211,0.37781960057762676,0.1263107436636525,0.6823997497558594,0.7718255519866943,0.22378860205468973,3.8679951076842736,38.82586669921875,46.747806549072266
01234.jpg,3.3595,0.3867543339729309,0.6423135213487121,0.9481109669729706,4.863473415374756,81.10572814941406,0.8739187913795808,0.4298290255010848,5.267812252044678,3.253742622064241,27.924938201904297,7.372732639312744,71.25377655029297,0.9140291213989258,1.3228785991668701,0.4949932098388672,0.015056797303259373,18.222673416137695,0.40107015401245777,0.1448206514933308,0.7104018926620483,0.8034168481826782,0.2674122481528343,4.69534896858115,44.84490966796875,50.23647689819336
01236.jpg,3.3322,0.3900023400783539,0.641209840370433,0.9449336677970461,4.834965705871582,75.44612121582031,0.8836736613128072,0.4250042993436669,5.290641784667969,3.2463313363540465,27.161094665527344,6.843707084655762,73.00719451904297,0.9099202156066895,1.338985800743103,0.5261663198471069,0.01469594705849886,18.328025817871094,0.4232443896717533,0.13420771451117897,0.7166093587875366,0.8014383316040039,0.2801923288533151,4.071854338684191,38.64764404296875,50.792991638183594
01246.jpg,3.3543,0.35233572125434875,0.6494921762684953,0.9545347915824036,4.831584453582764,50.33603286743164,0.8489168718678108,0.4160247528017951,5.180507183074951,3.2513993220921567,21.45363998413086,4.215224742889404,90.7086410522461,0.9430713057518005,1.7187867164611816,0.5454691052436829,0.023528940975666046,16.283977508544922,0.4709846374621315,0.0684559330815729,0.6638767719268799,0.7567367553710938,0.30222169517925807,4.596216817760541,28.84783935546875,51.248085021972656
01270.jpg,3.3501,0.36652156710624695,0.6575473150086074,0.9510201901897981,4.879602909088135,58.69572067260742,0.893949422081419,0.4101474599271702,5.357517242431641,3.365707483576932,21.22207260131836,4.96274995803833,75.7473373413086,0.932898223400116,1.5544250011444092,0.5765450596809387,0.014849996194243431,18.282737731933594,0.44673113988965724,0.09360831875300195,0.6981186866760254,0.8069440722465515,0.30076875827105704,4.6119697775050135,32.94940185546875,58.170650482177734
01291.jpg,3.3203,0.3004361391067505,0.655891729046144,0.968860770449828,4.37026309967041,38.99542999267578,0.780397877422646,0.38107282401044973,4.649899959564209,2.958137218377429,17.689748764038086,3.150642156600952,104.99041748046875,0.9674509763717651,1.864659309387207,0.5023248791694641,0.024603961035609245,16.089950561523438,0.4472236553759619,0.03303556116294353,0.6064216494560242,0.6901344060897827,0.28136436982320373,4.419286519638067,34.99920654296875,52.22762680053711
01292.jpg,3.3183,0.3089592456817627,0.663496917525051,0.9688000653940714,4.479076862335205,42.825748443603516,0.7852934883924522,0.38744053496424513,4.754800796508789,3.063336876478318,19.305667877197266,3.515902042388916,104.14061737060547,0.9669666290283203,1.8385813236236572,0.5180641412734985,0.024320725351572037,16.140233993530273,0.4391362763648255,0.04707305775701833,0.6180925369262695,0.7097455859184265,0.28344318811754626,4.1253876376573615,36.27655029296875,48.641822814941406
01294.jpg,3.3377,0.2960606515407562,0.687807347529289,0.9723365262320784,4.387202262878418,37.844547271728516,0.788608244027112,0.3916031155822355,4.688670635223389,3.1212388396713466,17.150657653808594,3.0474438667297363,105.21875762939453,0.9718388319015503,1.8349215984344482,0.5240519642829895,0.021951984614133835,16.585262298583984,0.44004881202069734,0.03451349089830126,0.6128714084625244,0.7196316123008728,0.28566426989743043,4.003664075506001,31.51580810546875,50.16993713378906
01308.jpg,3.3321,0.2835363745689392,0.6779867671410147,0.9738334074247504,4.355796575546265,37.87904739379883,0.7685393118231644,0.3705622432782525,4.510101318359375,3.005493073481702,18.07583236694336,3.027979850769043,108.34619140625,0.9737753868103027,1.844487190246582,0.531196117401123,0.020739657804369926,16.831985473632812,0.4378743414781542,0.03730132760780962,0.5960608720779419,0.6999351978302002,0.28514202103512776,4.807959130037388,40.61297607421875,50.17523956298828
01313.jpg,3.3805,0.3347390294075012,0.6826525354099329,0.9664202572104409,4.573439121246338,35.130950927734375,0.8071014142539673,0.370782038832798,4.976103782653809,3.2595225411029363,16.08680534362793,2.843600273132324,97.2570571899414,0.961269736289978,1.825640320777893,0.5374017953872681,0.025463871657848358,15.940755844116211,0.4543713008524096,0.04696811844276791,0.6270427703857422,0.7377194166183472,0.29032365002094024,3.7169584503537054,23.38934326171875,35.42315673828125
01316.jpg,3.3428,0.3097698986530304,0.6685408276966168,0.9697315359538796,4.306533098220825,43.59751892089844,0.7624900884727812,0.3841355648825207,4.680994033813477,3.0042767467798273,19.84942054748535,3.582268238067627,105.96391296386719,0.9680609703063965,1.8416519165039062,0.5710650682449341,0.02702735736966133,15.681963920593262,0.44502096379174333,0.03958425758679951,0.6006928086280823,0.7080626487731934,0.31438690722079843,3.9658074494397777,37.45477294921875,46.4974365234375
01318.jpg,3.3177,0.28301241993904114,0.6836446059548068,0.9750487740309017,4.234281539916992,34.321617126464844,0.7569035082502683,0.36659760530240526,4.414362907409668,2.9563120313952727,17.35854721069336,2.7002577781677246,109.02188873291016,0.9754904508590698,1.8698514699935913,0.5483039021492004,0.021397516131401062,16.696367263793945,0.43104601123008246,0.025593672921905248,0.5825836658477783,0.6964582204818726,0.29532838753826796,4.040239805060265,38.39520263671875,38.90665054321289
01321.jpg,3.3409,0.33367323875427246,0.6285028699565433,0.9649875715580487,4.856757640838623,44.881446838378906,0.8374272062091691,0.3956340094592135,4.997282028198242,3.096657677833962,18.907087326049805,3.729933977127075,94.57647705078125,0.9612960815429688,1.8381105661392212,0.5169311165809631,0.020743004977703094,16.831283569335938,0.45635631746126953,0.06484507128505836,0.6496853828430176,0.7545322179794312,0.27706422561751104,3.9222212782366803,29.45916748046875,46.83433532714844
01331.jpg,3.2917,0.3655734658241272,0.6454626904169819,0.9525731176137229,4.221614360809326,37.75806427001953,0.8157878550872505,0.3475798826704902,4.930378437042236,2.9536467569229767,16.216371536254883,3.113640785217285,82.91747283935547,0.9408969283103943,1.9119846820831299,0.5257519483566284,0.04590001702308655,13.38187313079834,0.4559090511232322,0.06602021410571748,0.6126576662063599,0.7061256170272827,0.2760149381376442,4.110666461160935,34.17791748046875,47.127952575683594
01342.jpg,3.301,0.38829687237739563,0.589963214905844,0.9372408671576977,4.635149002075195,52.973602294921875,0.8888828624989089,0.40153522135762393,5.103002071380615,2.8725864808393435,20.493297576904297,4.474576950073242,60.32154846191406,0.9053879976272583,1.5863792896270752,0.5298405289649963,0.01688588783144951,17.724760055541992,0.4347881218081659,0.11838579937696272,0.6787432432174683,0.7634145021438599,0.2739131749521813,4.344128651693446,36.77899169921875,57.667381286621094
01344.jpg,3.3086,0.3839663863182068,0.6241963635310978,0.9400506881204936,4.752234935760498,56.24319076538086,0.876535915373174,0.3852499607526183,5.301738739013672,3.13783856418973,20.53591537475586,4.781528949737549,69.38878631591797,0.9103726148605347,1.5506665706634521,0.45787233114242554,0.020627478137612343,16.855539321899414,0.443767072938963,0.09017353219798988,0.6672107577323914,0.7674853205680847,0.24530916147753723,4.192628129062998,41.27655029296875,50.92713165283203
01376.jpg,3.3296,0.388340562582016,0.5583916268039693,0.939181674925894,4.858209609985352,65.85498809814453,0.8546538573140603,0.39365691521397383,5.245154857635498,2.8208273588128083,23.93967056274414,5.689703464508057,76.63603973388672,0.9142885208129883,1.7181808948516846,0.49222731590270996,0.02823319286108017,15.492400169372559,0.4432134034434298,0.11715203467266558,0.676421046257019,0.748315691947937,0.26291203021895987,4.219006817408114,35.72576904296875,50.072017669677734
01390.jpg,3.3421,0.3652324378490448,0.5864415156913868,0.9541480986404426,4.705139636993408,45.66313934326172,0.8326445880982816,0.3792562930042095,5.071511268615723,2.8667278153937463,18.245555877685547,3.8510751724243164,85.68238067626953,0.943551242351532,1.8395049571990967,0.47403448820114136,0.03125818073749542,15.050363540649414,0.4463714934934119,0.06379282940562069,0.6385197639465332,0.7278921604156494,0.2641405172427428,3.6603515732890677,29.43817138671875,45.29216766357422
01396.jpg,3.3208,0.3712236285209656,0.5891582918022651,0.9539009548420088,4.789699554443359,54.545738220214844,0.8361625996006977,0.3819127449557606,5.177861213684082,2.9362465080217053,20.370121002197266,4.652660369873047,85.099853515625,0.9422548413276672,1.7781599760055542,0.4826846122741699,0.02786952629685402,15.548705101013184,0.44673988050689956,0.07894243050408661,0.6488688588142395,0.7387143969535828,0.26947504897945973,3.744427227766552,32.69110107421875,48.636741638183594
01403.jpg,3.3449,0.36746323108673096,0.6649689638370885,0.9583822896327848,4.81215763092041,56.51107406616211,0.8163087849259996,0.37999636972083944,5.202902317047119,3.3298644604628613,22.896249771118164,4.802905082702637,91.90252685546875,0.9465156197547913,1.6162223815917969,0.504426121711731,0.025349680334329605,15.960275650024414,0.43777883175246785,0.08423339364123963,0.6393678784370422,0.7546285390853882,0.271967330327381,4.067129725251004,33.49090576171875,49.814666748046875
01404.jpg,3.362,0.3656144142150879,0.6559907727006141,0.9543628772462005,4.756773471832275,54.27072525024414,0.8079558013947329,0.3702847026891379,5.1659345626831055,3.2546143616556797,21.907594680786133,4.627067565917969,91.82461547851562,0.9419689178466797,1.6979329586029053,0.49387606978416443,0.03062932938337326,15.138626098632812,0.44054343252130734,0.08234022704461569,0.6249009966850281,0.7284682393074036,0.2707540286365781,4.294302903305388,36.15496826171875,49.7325325012207
01420.jpg,3.3475,0.340210497379303,0.6594719600542027,0.9626824672355425,4.864589214324951,51.848907470703125,0.8317176286974839,0.40288587697767936,5.151182174682617,3.302572209868819,22.352367401123047,4.371463775634766,95.1049575805664,0.9562943577766418,1.7077372074127197,0.5361798405647278,0.019397646188735962,17.12251091003418,0.4616098608718785,0.06447852918819881,0.6547900438308716,0.7574372887611389,0.292958752812519,4.1979790439246845,33.29901123046875,45.3966064453125
01425.jpg,3.3503,0.3887845575809479,0.5978787816020892,0.9427569353977586,4.610848426818848,53.0837287902832,0.8836011245809072,0.4021781018857915,5.086568832397461,2.898951094197532,20.211584091186523,4.491430282592773,58.59835433959961,0.9142501354217529,1.5667585134506226,0.5295698642730713,0.01605658419430256,17.943470001220703,0.4201605526157125,0.11849488339989311,0.6924605369567871,0.7859784364700317,0.26841411853558017,4.041204269564965,35.93524169921875,57.56516647338867
01443.jpg,3.3195,0.35872748494148254,0.6413452539425596,0.9542759865614856,4.980016708374023,45.24580764770508,0.8864882901153789,0.40943906843097627,5.299541473388672,3.296384648387157,17.964590072631836,3.783890962600708,80.21160888671875,0.9418298006057739,1.668529748916626,0.5272467136383057,0.013651875779032707,18.648075103759766,0.43172412413212347,0.06653794278288676,0.6918114423751831,0.7799997925758362,0.28866975518106996,3.9522840779846726,41.12615966796875,50.447296142578125
01477.jpg,3.3536,0.36459678411483765,0.5786894238510251,0.9440481201162316,4.873493671417236,41.29659652709961,0.8429083058526727,0.37964388731928733,5.191007137298584,2.912120699410691,17.01536750793457,3.4943578243255615,80.4794921875,0.9255814552307129,1.8494305610656738,0.49722617864608765,0.02770548313856125,15.574344635009766,0.4621832910100136,0.06221329039741194,0.6361289024353027,0.7215811610221863,0.2774476747011746,4.004659377102345,11.98211669921875,43.516693115234375
01480.jpg,3.2973,0.36490920186042786,0.6600211266690323,0.9567768001110769,4.914000511169434,46.5793342590332,0.8499444214312946,0.3912310294443729,5.318429470062256,3.376822236293533,18.21387481689453,3.8904035091400146,81.57109069824219,0.9441021680831909,1.6312825679779053,0.5203231573104858,0.0205809585750103,16.865345001220703,0.4632613560959378,0.07924352048383917,0.6619738936424255,0.7539684772491455,0.2720845865501979,4.138972019969161,27.02264404296875,45.86921691894531
01481.jpg,3.3078,0.35920199751853943,0.6617230634034202,0.9577324114587918,5.002281665802002,46.028751373291016,0.8455609631888468,0.38765080703749816,5.280417442321777,3.4021618634621316,17.967573165893555,3.8261570930480957,84.0448989868164,0.9458683729171753,1.614622950553894,0.4686738848686218,0.01849244348704815,17.33005714416504,0.4547783801351907,0.06661529487668176,0.6502793431282043,0.736153244972229,0.2537322577967981,4.290311663561187,27.43084716796875,49.04808044433594
01490.jpg,3.318,0.37658706307411194,0.5951978875388281,0.9356163583127538,4.721551895141602,41.96344757080078,0.8932554762925714,0.3890895800142484,5.162230491638184,2.9414140325164784,16.816600799560547,3.45123553276062,59.41746520996094,0.9033172726631165,1.6367835998535156,0.5150655508041382,0.019697312265634537,17.05592918395996,0.4275229392615842,0.07649726445907544,0.6662517786026001,0.7567954659461975,0.2702597561331225,4.367837831585789,31.65301513671875,54.78520965576172
01495.jpg,3.3268,0.3673287630081177,0.6231123103218509,0.9463377406964419,4.8228631019592285,41.93489456176758,0.8175729101110839,0.3485034872697759,4.892364978790283,3.026850576363687,18.219223022460938,3.4610354900360107,88.24432373046875,0.9286088347434998,1.8624703884124756,0.5615696907043457,0.03598058223724365,14.43931770324707,0.4619875155681328,0.07869178982131625,0.6184837818145752,0.7263618111610413,0.2901042291725357,3.77964688141665,39.88836669921875,47.16975021362305
01497.jpg,3.3234,0.36734285950660706,0.6229938998854359,0.956975459222158,4.683139324188232,43.81705856323242,0.8371997366163889,0.3786521875647518,5.11453104019165,3.051956105874531,19.18354606628418,3.6938302516937256,86.92437744140625,0.9464969038963318,1.8193117380142212,0.5554934144020081,0.031678467988967896,14.99235725402832,0.46651972666662883,0.07371046434625067,0.6464525461196899,0.7485063672065735,0.29198968754187377,3.598399780385685,25.69696044921875,49.09183120727539
01513.jpg,3.3253,0.3681403398513794,0.6729981236733071,0.9510474887355808,4.738916397094727,47.6335334777832,0.8546048924606635,0.39832604846935843,5.315385341644287,3.3832754650239973,20.072385787963867,4.032384395599365,82.19699096679688,0.9365799427032471,1.744032382965088,0.5935512781143188,0.02613806538283825,15.827265739440918,0.4740320144506658,0.08886967749759707,0.6684594750404358,0.7907705307006836,0.3002840981890824,4.056580117235603,41.36541748046875,50.34193420410156
01520.jpg,3.2686,0.3125959038734436,0.8584015167465802,0.9615269882116539,3.1705684661865234,37.15922546386719,0.723867943693421,0.3355845353890309,4.700390338897705,3.3782362272550337,17.025524139404297,2.945704936981201,106.39493560791016,0.9557191133499146,1.9084861278533936,0.7013148069381714,0.04214223101735115,13.752824783325195,0.462476425189199,0.007738507850228976,0.5434844493865967,0.6322745680809021,0.3776625544083516,4.233504117296251,39.16912841796875,49.33107376098633
01525.jpg,3.2897,0.31164297461509705,0.7313333991691898,0.9639424730008298,3.8623335361480713,38.13103103637695,0.751816568889283,0.34167625234630933,4.652554035186768,3.113624446527819,17.119813919067383,3.0662832260131836,105.42249298095703,0.9603334665298462,1.8925307989120483,0.6130085587501526,0.036262184381484985,14.405460357666016,0.48252613430771946,0.023995574920895102,0.5679184198379517,0.6903615593910217,0.34692298924324527,4.165106837079434,42.72869873046875,43.52555847167969
01528.jpg,3.3139,0.31285035610198975,0.7001243772040996,0.9676656910100792,4.80679178237915,44.65686798095703,0.7783419062406031,0.36860460790014254,4.864522933959961,3.3855746110184226,20.022676467895508,3.7868683338165283,105.89131927490234,0.9622467756271362,1.6380031108856201,0.46731728315353394,0.023000173270702362,16.3826904296875,0.40631319901504825,0.05546379481328571,0.5876927375793457,0.6964067220687866,0.26950472084250954,4.167139612460617,31.71649169921875,47.66082000732422
01529.jpg,3.3542,0.36388394236564636,0.6461603159389266,0.9592781782177102,5.056251525878906,74.07229614257812,0.8248210102504835,0.4309227245803713,5.240514755249023,3.326692794969489,27.630146026611328,6.532705307006836,93.46134185791016,0.9475784301757812,1.575545310974121,0.5143706202507019,0.021579178050160408,16.659652709960938,0.40314255538647864,0.11449749038441706,0.6794653534889221,0.7674238085746765,0.2871075172790144,4.603974596652881,45.55291748046875,42.444156646728516
01531.jpg,3.3194,0.39419594407081604,0.5906414732522046,0.9434149001001084,4.79137659072876,75.51490020751953,0.8777429690814896,0.42281918507179694,5.222888469696045,2.957430949098546,27.328208923339844,6.64114236831665,76.58686065673828,0.9205930233001709,1.6372978687286377,0.505271852016449,0.021088484674692154,16.759546279907227,0.45739221551867537,0.10006398821325116,0.6953606605529785,0.7752665877342224,0.28645963825644505,3.791207571341661,29.30975341796875,54.009464263916016
01536.jpg,3.3175,0.3905346989631653,0.5992363998823071,0.9443482205332207,4.746003150939941,71.20795440673828,0.8787407995760069,0.42465119501508475,5.180994987487793,2.974320191885104,26.093069076538086,6.230890274047852,76.86968231201172,0.9236971139907837,1.6855077743530273,0.5105718970298767,0.021907290443778038,16.594112396240234,0.46340589961818685,0.09639956286174595,0.6911191344261169,0.7705870866775513,0.29088343460295585,3.889323906098007,30.25018310546875,55.91532897949219
01546.jpg,3.3336,0.39184683561325073,0.6230140012906922,0.9497827137699191,4.591202735900879,58.17564010620117,0.8838793380505181,0.4042288095916184,5.079237937927246,3.0124211706798203,21.765230178833008,5.013154029846191,68.56271362304688,0.9314975142478943,1.6338266134262085,0.45553213357925415,0.017531367018818855,17.56184196472168,0.4479409847338614,0.09941305906404062,0.6678245663642883,0.7271139621734619,0.2637379194789392,4.419162722465038,34.07928466796875,53.670013427734375
01585.jpg,3.2986,0.38541513681411743,0.5585590920969771,0.9304178649801487,4.869041919708252,54.18122100830078,0.8807861945763865,0.40892605011680383,5.222125053405762,2.818266919498006,21.237207412719727,4.7387919425964355,66.24716186523438,0.8939790725708008,1.6536333560943604,0.4872605800628662,0.016354359686374664,17.863664627075195,0.4455262953940732,0.09210035244245982,0.6701077818870544,0.772596001625061,0.25988849808117975,4.132537205997805,5.62518310546875,46.52891540527344
01589.jpg,3.2972,0.3438822329044342,0.7666182496241326,0.951073439172308,4.167975425720215,36.5079460144043,0.7863647960425568,0.3375484457375082,4.97957181930542,3.50635262310424,16.26445960998535,2.9507832527160645,93.38158416748047,0.9396211504936218,1.8962867259979248,0.5982714295387268,0.04823652282357216,13.166240692138672,0.460621293060196,0.04601317109747175,0.5746122598648071,0.6888967752456665,0.3248618220852657,4.069324342892081,27.34197998046875,44.77166748046875
01592.jpg,3.3234,0.369331032037735,0.744218703068024,0.9428212920931217,4.4214935302734375,39.91535186767578,0.8318527372248339,0.33911951788553835,5.225116729736328,3.589607289684869,17.601612091064453,3.2388978004455566,82.21916198730469,0.9207488298416138,1.81494140625,0.5526489615440369,0.04385723918676376,13.579587936401367,0.4741991217975542,0.07350909003547897,0.6070132851600647,0.7182149887084961,0.2958638227380866,4.310960184179051,29.75115966796875,55.028968811035156
01605.jpg,3.3401,0.36647459864616394,0.6718318127548991,0.9531860300498807,4.744333267211914,51.779354095458984,0.8152314473222705,0.37669626249623905,5.170596599578857,3.3305951701454646,21.618370056152344,4.38660192489624,90.65841674804688,0.9399591684341431,1.7303593158721924,0.5085208415985107,0.032471805810928345,14.88493537902832,0.4385756751549551,0.08300969634611119,0.6308865547180176,0.7299966216087341,0.2750769793542787,3.7644358706498995,33.59783935546875,45.971134185791016
01613.jpg,3.3466,0.3658791482448578,0.5897184285650005,0.9526435087802718,4.82511568069458,67.05175018310547,0.8356991245944423,0.39447335616556733,5.214982509613037,2.9604261710337116,26.27743911743164,5.903384208679199,90.53841400146484,0.9400081634521484,1.7448399066925049,0.47819983959198,0.02896822616457939,15.380782127380371,0.45644131118120135,0.09417983652654108,0.6583919525146484,0.7518060207366943,0.26605711581342667,3.908437953140872,25.06072998046875,51.66670227050781
01626.jpg,3.3318,0.34451329708099365,0.6385047053456309,0.9640217055849913,4.780603408813477,52.48417663574219,0.8072775801781437,0.4039032040541866,5.128749847412109,3.1635963034534225,21.180103302001953,4.443830490112305,97.45577239990234,0.9575316309928894,1.6931416988372803,0.5614585876464844,0.025660304352641106,15.90738296508789,0.44478463461644907,0.0681444115902264,0.6462812423706055,0.7503519058227539,0.31267120805660314,3.714936688787354,30.42205810546875,36.45989227294922
01634.jpg,3.2936,0.3512631058692932,0.6731039834452488,0.9638217480432983,4.455901622772217,39.84479522705078,0.793952386295985,0.35945662393661015,5.077970504760742,3.2086561308495742,17.696022033691406,3.272914171218872,94.58124542236328,0.9593457579612732,1.8505456447601318,0.584389328956604,0.03629528358578682,14.401498794555664,0.4537825580192182,0.04239219390688497,0.6072902083396912,0.7380330562591553,0.322448609445109,3.691756157950166,32.68524169921875,38.2821044921875
01639.jpg,3.3215,0.34916189312934875,0.6623947513511462,0.9565170562057209,4.7215752601623535,49.98568344116211,0.8113764636245785,0.3779753850745179,5.235994338989258,3.2979331400700858,20.23448944091797,4.2313923835754395,94.7540054321289,0.9454770088195801,1.6999642848968506,0.5207853317260742,0.030569031834602356,15.14718246459961,0.4265751645985321,0.06063126027605992,0.6283007264137268,0.7434741258621216,0.29107218583578004,3.7192787360246187,30.19403076171875,42.17139434814453
01645.jpg,3.3113,0.34731703996658325,0.7011936638439008,0.9539619248242389,4.748064041137695,52.66354751586914,0.8313725826108104,0.3703959187526375,5.226444244384766,3.497044033952802,21.355270385742188,4.442916393280029,90.43983459472656,0.9417080879211426,1.7106425762176514,0.5203328132629395,0.029116135090589523,15.358662605285645,0.4274513351265018,0.0765211379644533,0.6296094059944153,0.7655934691429138,0.2838631415493413,3.554764024819107,37.29705810546875,43.45128631591797
01647.jpg,3.331,0.35787147283554077,0.6715209895880088,0.9522914872920565,4.781578540802002,53.17387771606445,0.837128011292509,0.38364343456406175,5.294632911682129,3.3832059868137705,20.668930053710938,4.5075459480285645,87.38256072998047,0.9377731084823608,1.6668769121170044,0.5183093547821045,0.027436841279268265,15.616659164428711,0.42585921969270885,0.07548681205828078,0.6399641633033752,0.7595871686935425,0.2878789698174728,3.7886818724965243,33.30975341796875,43.20673751831055
01648.jpg,3.3335,0.36611807346343994,0.6441326313657492,0.949067248592331,4.84152889251709,56.691131591796875,0.8425917930573084,0.397598036924961,5.3303985595703125,3.27604707133759,21.936203002929688,4.815082550048828,86.44239807128906,0.9322837591171265,1.667003870010376,0.5636856555938721,0.026540206745266914,15.760956764221191,0.42951593950422734,0.10152453847603687,0.6617854237556458,0.7751669883728027,0.30339888746159244,3.8233540576598717,38.19061279296875,44.35033416748047
01655.jpg,3.3808,0.35026437044143677,0.7051381356012599,0.954474216294784,4.7521772384643555,45.17431640625,0.839422184253146,0.3810750422294777,5.2649054527282715,3.531726354851088,19.87032699584961,3.8544065952301025,89.7076416015625,0.9425927400588989,1.7122384309768677,0.5584031343460083,0.02781512588262558,15.557191848754883,0.4459780267676183,0.08250568921608688,0.6405634880065918,0.7550570964813232,0.2942684188869778,4.0454293675414785,21.08905029296875,45.27666473388672
01670.jpg,3.2717,0.29825156927108765,0.9014236913990082,0.9669842638935348,2.9172959327697754,38.06896209716797,0.7146492276607089,0.32033599079855646,4.551246166229248,3.3661756128199443,17.12709617614746,3.0388951301574707,109.5121078491211,0.963283360004425,1.90113365650177,0.7554991245269775,0.03637489303946495,14.391983985900879,0.5144307461333664,0.009009651329054607,0.5373111367225647,0.6331862211227417,0.38064831590665493,4.424148976439889,37.69842529296875,41.10373306274414
01675.jpg,3.2633,0.3225007951259613,0.8655944700793853,0.9648728816834947,3.162970781326294,37.481204986572266,0.7232296079346756,0.3158053481228551,4.681573867797852,3.3951132468966945,16.43794822692871,3.002718210220337,105.92610168457031,0.9601246118545532,1.9008657932281494,0.6937597990036011,0.0436461940407753,13.60053825378418,0.5044931303807717,0.016433559039356484,0.5455031394958496,0.6437098383903503,0.38557179356898247,3.885866832491355,37.32098388671875,41.545318603515625
01680.jpg,3.2864,0.30617091059684753,0.791877373309677,0.9695100963898711,3.4641733169555664,36.893333435058594,0.7127016858497272,0.3456485899076421,4.560953140258789,3.177472115557122,16.948354721069336,3.0115795135498047,108.34898376464844,0.9673264026641846,1.8932996988296509,0.6478198766708374,0.0353253036737442,14.519140243530273,0.4606404001120423,0.014090550624771027,0.5466791987419128,0.6371557712554932,0.35598604755890084,3.800519105701144,28.42303466796875,41.34148025512695
01681.jpg,3.2869,0.30884015560150146,0.7805199232503103,0.9689012951921749,3.522456169128418,38.501304626464844,0.7192720348345493,0.3529624158691047,4.610320091247559,3.1739112678773616,17.29745864868164,3.1180737018585205,107.89098358154297,0.9663554430007935,1.8903098106384277,0.6524324417114258,0.03556898236274719,14.489286422729492,0.46692476373005887,0.019210493220565093,0.5530354976654053,0.6433307528495789,0.3617450739456397,3.8339055641750437,42.02508544921875,41.073326110839844
01685.jpg,3.3094,0.3094277083873749,0.8837510245081954,0.9664561911747304,3.0224201679229736,37.91352844238281,0.7220648041979032,0.33207961351329235,4.574858665466309,3.3570662704659364,17.385112762451172,3.0338282585144043,108.3447494506836,0.9627909064292908,1.9047515392303467,0.757328987121582,0.03890887275338173,14.09951400756836,0.5112285523947022,0.011636452895144103,0.5427303910255432,0.6405467391014099,0.39981758245015164,4.4931519903389505,49.73797607421875,42.430076599121094
01698.jpg,3.3241,0.3732753098011017,0.6213898920398345,0.9522276859685923,4.892597675323486,80.86190032958984,0.86619412539184,0.4470834535144716,5.321629524230957,3.1735200515862125,26.75608253479004,7.3011860847473145,80.5684585571289,0.9324669241905212,1.5421621799468994,0.5116703510284424,0.01425300631672144,18.4609375,0.42938791505967505,0.1290594524505983,0.7133996486663818,0.8004538416862488,0.2699372282551027,4.25955080053853,37.60614013671875,57.45622634887695
01714.jpg,3.3235,0.3924887776374817,0.6202966592314,0.9166475361353295,4.8898186683654785,66.94291687011719,0.874791293959855,0.4095476750261517,5.192215919494629,3.1269377988425227,22.394742965698242,5.79439115524292,62.094947814941406,0.8508183360099792,1.5660276412963867,0.5084778070449829,0.019577588886022568,17.082408905029297,0.40507807108176247,0.12041199058993494,0.7016531229019165,0.7580660581588745,0.27336112680965435,4.217874267487866,43.32635498046875,48.84071350097656
01730.jpg,3.3209,0.4040892422199249,0.617992613091124,0.9353480356287185,4.812507152557373,103.3126449584961,0.8580167538335046,0.4067997341781353,4.9686808586120605,3.02236239618548,37.01988983154297,9.526314735412598,72.13810729980469,0.8906157612800598,1.3918958902359009,0.43414506316185,0.031005647033452988,15.085592269897461,0.3938796553489665,0.16779546216588975,0.6776484847068787,0.7726418972015381,0.2360152516461278,5.123006770526312,41.73602294921875,52.96302032470703
01744.jpg,3.3403,0.38184472918510437,0.6349349083625562,0.952876248738006,4.993342399597168,75.63594818115234,0.8756271129118095,0.4333535265838593,5.1137590408325195,3.208687323777479,25.933612823486328,6.582794666290283,67.92375946044922,0.9250352382659912,1.4290835857391357,0.4510011672973633,0.015926286578178406,17.97885513305664,0.4094112856484278,0.12093626541718537,0.6779941320419312,0.7871013879776001,0.2591306991112576,4.190697722866591,35.95623779296875,49.96287155151367
01747.jpg,3.3124,0.3898586332798004,0.6255815014468347,0.963008075208249,4.643360137939453,68.62947845458984,0.9052957504446537,0.43165819543081285,4.947919845581055,3.0000753040194503,24.686296463012695,6.007437229156494,71.91039276123047,0.9469469785690308,1.4170361757278442,0.45882439613342285,0.00995013676583767,20.021709442138672,0.4499702220493491,0.11159805841038961,0.6778856515884399,0.7621577978134155,0.2724387484012167,4.329174135723043,29.44500732421875,51.78047561645508
01748.jpg,3.3106,0.3909704387187958,0.6858057332680967,0.9598651784164764,4.517430305480957,70.44795227050781,0.9075093907911104,0.42515941009804953,5.096428394317627,3.2966324399971825,25.433927536010742,6.200361251831055,71.98927307128906,0.9387941956520081,1.2422232627868652,0.479392409324646,0.009478290565311909,20.23270034790039,0.4537463295266706,0.10419238787214609,0.6819503307342529,0.770439088344574,0.2915091076933702,4.193341234779538,27.39666748046875,44.297157287597656
01754.jpg,3.3578,0.3925536870956421,0.618268671477252,0.9340243693655923,4.781230449676514,78.0573959350586,0.8826202394167028,0.415801571664558,5.285080909729004,3.1118535706959296,25.926700592041016,6.825562000274658,73.44834899902344,0.8875149488449097,1.4966716766357422,0.4073452353477478,0.017969295382499695,17.45469093322754,0.42083658404830604,0.08360377839274415,0.6664811372756958,0.7596295475959778,0.24601074937465764,3.5216118153995515,39.83612060546875,51.78932189941406
01772.jpg,3.3264,0.38991448283195496,0.6548311666941308,0.945126583460252,4.6342573165893555,71.0621566772461,0.8911411746601564,0.4326519730228637,5.237878799438477,3.2323035141878336,26.063737869262695,6.097644329071045,77.69803619384766,0.9177697896957397,1.524908423423767,0.5406908392906189,0.01462259516119957,18.349756240844727,0.4530928439095119,0.0901182153792724,0.6939546465873718,0.7882957458496094,0.3001990103078535,3.786067697327887,43.82684326171875,55.617916107177734
01776.jpg,3.3272,0.39592307806015015,0.657604034335625,0.9354276615913338,4.616629600524902,72.57439422607422,0.9017147732317972,0.42601902100956646,5.210968971252441,3.2313461761485307,27.061717987060547,6.190046310424805,73.2523193359375,0.8955750465393066,1.4961280822753906,0.5243545174598694,0.01711585745215416,17.666013717651367,0.46280994188466784,0.08606519037025806,0.6889647245407104,0.7666668891906738,0.29921231313255475,4.390835117369934,51.72821044921875,57.99409103393555
01777.jpg,3.3649,0.40171223878860474,0.6464129529387912,0.9372251778497112,4.687089920043945,76.4209213256836,0.8995474110447772,0.42704199568293044,5.190740585327148,3.1925905638393957,28.462156295776367,6.582025527954102,76.28099822998047,0.9019118547439575,1.5216360092163086,0.5263291597366333,0.017621487379074097,17.539575576782227,0.4615469995469093,0.09697089379666925,0.6935669183731079,0.7785388231277466,0.2955252837838665,4.549010295670777,51.01922607421875,58.145225524902344
01791.jpg,3.3257,0.3843003213405609,0.7064425618911703,0.9549673563093802,4.611217021942139,63.614112854003906,0.9028999856519584,0.4277183685677755,5.2427473068237305,3.4806428204099173,23.667028427124023,5.370096206665039,75.647216796875,0.9333169460296631,1.3602793216705322,0.5524137020111084,0.01130800973623991,19.46613883972168,0.44443756828010983,0.10134858779582719,0.6960896253585815,0.7964800596237183,0.30506064676153516,4.470179369265146,43.80780029296875,54.029083251953125
01797.jpg,3.3307,0.394921213388443,0.6279684483156799,0.9453912333935042,4.731724262237549,73.43000030517578,0.8982797687551501,0.432261497404889,5.214262962341309,3.122894466343972,27.373188018798828,6.26472806930542,78.7705078125,0.9197878837585449,1.5211067199707031,0.5449764728546143,0.014723194763064384,18.31998062133789,0.4449658305116653,0.09710348315765811,0.6989455223083496,0.7858051061630249,0.3012376138283044,4.469532741640203,39.68817138671875,47.91024398803711
01825.jpg,3.3316,0.3929959237575531,0.6714062533816323,0.9523833547172253,4.5858941078186035,66.7801742553711,0.892600350300202,0.41344577349637984,5.157491207122803,3.2708971191273903,25.921194076538086,5.671848297119141,74.85350799560547,0.9286248087882996,1.3549326658248901,0.4938715696334839,0.011847997084259987,19.263551712036133,0.4733771190972601,0.11359018949644967,0.6743061542510986,0.7699946165084839,0.2794489061498315,4.945692926078708,39.60125732421875,54.31083679199219
01828.jpg,3.3353,0.39643594622612,0.6541619282041551,0.9472880863901252,4.696125507354736,72.8863525390625,0.887083610702655,0.41750386133682815,5.192667007446289,3.2344481414942265,27.156538009643555,6.208676815032959,75.93978881835938,0.9194416999816895,1.3895363807678223,0.4782911241054535,0.013685522601008415,18.637386322021484,0.46804768594114377,0.11903628434321403,0.6792722940444946,0.7670477628707886,0.26777544343954024,4.817890610392604,38.14129638671875,54.90717697143555
01833.jpg,3.3304,0.38421303033828735,0.7043284149718908,0.9679147191777506,4.744653701782227,69.48603057861328,0.9014825987966528,0.42021603109574696,4.984224319458008,3.426175798462726,28.216690063476562,5.836311340332031,86.8536148071289,0.957592248916626,1.3404133319854736,0.5190728902816772,0.009691244922578335,20.13620376586914,0.520350438702784,0.09026842730837543,0.6711000204086304,0.8022445440292358,0.28159340571051483,5.027528389451007,46.07196044921875,61.33598327636719
01859.jpg,3.334,0.37383145093917847,0.6690959135434925,0.9622871758150281,4.666172504425049,64.14318084716797,0.8974319037825227,0.43441073696200744,5.1214752197265625,3.2744498697948554,26.594594955444336,5.806132793426514,89.08091735839844,0.9520981907844543,1.52120041847229,0.49938106536865234,0.012205127626657486,19.13457679748535,0.5030560072803354,0.08241160631943928,0.6788060665130615,0.7756409049034119,0.29054818329334314,6.067235093351427,68.19744873046875,55.056053161621094
01870.jpg,3.3353,0.3979012966156006,0.6367817757720959,0.9382978521917943,4.571211338043213,64.77687072753906,0.8959395976451837,0.4115916170232386,5.159109115600586,3.0980571908589436,23.857633590698242,5.869906902313232,66.4128189086914,0.9001933336257935,1.501648187637329,0.45282596349716187,0.01320862490683794,18.791423797607422,0.47363044047788566,0.08999138182130034,0.6635828018188477,0.7456092834472656,0.27960061354008225,4.429058747481815,-12.25860595703125,52.174461364746094
01875.jpg,3.3306,0.40339747071266174,0.6603361078437053,0.9477872684205042,4.703478813171387,67.5489730834961,0.9039018853834033,0.41381831392310076,5.069048881530762,3.2265886231388077,26.12059783935547,5.951335906982422,72.70466613769531,0.9215651750564575,1.4347096681594849,0.5176250338554382,0.012441607192158699,19.05123519897461,0.4794694881672651,0.11222161677426452,0.6703203916549683,0.7772396206855774,0.2987733962759638,5.152521147110127,63.02899169921875,60.409420013427734
01877.jpg,3.3417,0.3927905261516571,0.6772705116688263,0.9515199419890052,4.674370288848877,66.27324676513672,0.8923724056278749,0.426534639759506,5.207359313964844,3.346314420564651,25.276525497436523,5.8488593101501465,77.52828216552734,0.9302278161048889,1.4972140789031982,0.48531925678253174,0.012760888785123825,18.941192626953125,0.4690530044066761,0.09541779432936083,0.6633866429328918,0.7790646553039551,0.28268356399428446,4.266989773558009,57.32440185546875,59.654747009277344
01881.jpg,3.3347,0.3901790678501129,0.6682962345235126,0.9565794594450742,4.675434112548828,67.3218002319336,0.900533928217782,0.4383418959448983,5.155020713806152,3.284840384066033,26.4542293548584,5.9451212882995605,84.64460754394531,0.9425897598266602,1.5702149868011475,0.556520938873291,0.01234589982777834,19.084774017333984,0.5186784249448093,0.08307378978740154,0.6893287897109985,0.7804327011108398,0.3179341248848803,4.796303607992429,65.49676513671875,60.36143493652344
01887.jpg,3.3472,0.38067734241485596,0.6947006122740015,0.9528959151360211,4.861133098602295,54.84717559814453,0.887719139523571,0.39797080284462544,5.220799446105957,3.501974989724557,22.086963653564453,4.858856678009033,78.3011703491211,0.931743860244751,1.484496831893921,0.46214136481285095,0.0134862270206213,18.701093673706055,0.4895928401887689,0.06814311131401955,0.6499055624008179,0.7432565689086914,0.27245387708653745,3.9768775450937555,-3.02960205078125,52.30008316040039
01890.jpg,3.3346,0.3893059194087982,0.6822585298816096,0.9575521072745321,4.609019756317139,62.83431625366211,0.8915997540952154,0.4200601863442307,5.230566024780273,3.3565834668491696,24.341238021850586,5.385261058807373,74.25144958496094,0.935850977897644,1.3326815366744995,0.5012682676315308,0.011022411286830902,19.577234268188477,0.47240122384855043,0.11707438741227551,0.6757839918136597,0.7824733257293701,0.28697717660486854,3.8856868364246138,30.82537841796875,56.0345573425293
01892.jpg,3.3858,0.40311741828918457,0.6126517237691821,0.9384651921977083,4.4876017570495605,75.2192611694336,0.8989991105442533,0.41087338578821486,5.16371488571167,2.9564591450311433,26.290096282958984,6.5301432609558105,73.48026275634766,0.9051175117492676,1.5179839134216309,0.42017537355422974,0.016669893637299538,17.780672073364258,0.47305590789764107,0.06680944250129217,0.6713817119598389,0.7304009199142456,0.2607964266675059,3.7152380152895867,29.11834716796875,52.39674377441406
01895.jpg,3.3362,0.3382226824760437,0.716388076508901,0.9367523738910412,4.117175102233887,44.77217102050781,0.8771612130220684,0.37942951472667696,5.034286975860596,3.2780122909571547,15.97195053100586,3.726123571395874,70.54515838623047,0.9077962636947632,1.6995971202850342,0.4807634651660919,0.0245525985956192,16.09902572631836,0.43012426738339316,0.0933617006335544,0.6730695366859436,0.7391847372055054,0.2584643230202614,4.700011345719365,33.90985107421875,59.21199417114258
01900.jpg,3.3457,0.38650771975517273,0.7476392351770256,0.9381393117341753,4.281281471252441,42.97388458251953,0.9034168549352023,0.3846639719677082,5.036072254180908,3.4830233225966376,17.753753662109375,3.603410005569458,58.92900085449219,0.8859716653823853,1.2083853483200073,0.47398144006729126,0.014545639976859093,18.372671127319336,0.44859313881499013,0.07981032973255674,0.6622889637947083,0.7180721759796143,0.2595209574076445,3.5863157406883213,14.92547607421875,58.26567459106445
01912.jpg,3.3043,0.3846033811569214,0.6743919081034123,0.9433339411133828,4.42951774597168,46.776275634765625,0.9052038286117893,0.40005656435261255,4.98123836517334,3.1732811680810737,19.692867279052734,3.8508238792419434,61.15995788574219,0.9147494435310364,1.5518083572387695,0.5247509479522705,0.011711794883012772,19.313766479492188,0.46723136751257865,0.08128655228190182,0.6720635890960693,0.7160907983779907,0.27772735875650434,4.443501233745031,26.00360107421875,56.682037353515625
01925.jpg,3.3304,0.39533084630966187,0.6579548996115794,0.9285818934264987,4.356904983520508,50.713294982910156,0.9059587525344774,0.39975383699744566,4.979274272918701,3.07140469835611,19.41773796081543,4.201608180999756,49.95551300048828,0.8662495613098145,1.2545726299285889,0.5237349271774292,0.014845884405076504,18.2839412689209,0.434027148009584,0.08327484700787126,0.6860581636428833,0.725058376789093,0.28020901570533013,4.142609628780337,40.25115966796875,57.207275390625
01941.jpg,3.3415,0.3920944631099701,0.6267253405642214,0.9268508427831681,4.692350387573242,60.67977523803711,0.8874035024768966,0.39095792276216607,5.163387775421143,3.0884318567018187,24.94720458984375,5.543366432189941,65.64847564697266,0.8731210231781006,1.5301233530044556,0.4094928801059723,0.020239029079675674,16.93810272216797,0.45095947672677605,0.08115474694852727,0.6597484946250916,0.7060011029243469,0.23922031143467123,3.7574537968552275,3.49432373046875,55.17001724243164
01959.jpg,3.348,0.395633339881897,0.6196411087952206,0.9268392126567925,4.426109790802002,59.91025924682617,0.8904147880277916,0.40253653441531323,4.962249755859375,2.9087182301175893,25.877180099487305,5.502477169036865,57.81674575805664,0.8744006156921387,1.4879341125488281,0.44441893696784973,0.018540674820542336,17.318744659423828,0.4697750120297126,0.0977719627125951,0.6690470576286316,0.7106770277023315,0.24093232791396405,4.476475970268054,-10.71856689453125,57.0025634765625
01965.jpg,3.3391,0.39021414518356323,0.6136628964931409,0.9318623467322791,4.4625935554504395,53.48191452026367,0.8862860736021371,0.3902274559128568,4.851737976074219,2.85794090177765,22.17802619934082,4.617544174194336,58.357364654541016,0.8940714597702026,1.6259362697601318,0.4532114863395691,0.016950290650129318,17.708229064941406,0.46297282782523463,0.10326855205206012,0.6580832600593567,0.6989936828613281,0.2420211733434367,5.156103302190534,52.06561279296875,58.23236083984375
01977.jpg,3.3296,0.3948485553264618,0.6211223648233531,0.9289749239651934,4.585644245147705,60.97688674926758,0.8948180415872162,0.40652776527873286,5.135551452636719,3.019037558634544,21.561492919921875,5.16874361038208,61.40005874633789,0.8813413381576538,1.5209406614303589,0.46222418546676636,0.016863686963915825,17.73047637939453,0.43954665146436195,0.092357152015771,0.6777742505073547,0.722237229347229,0.26498897278514705,4.095880086981963,39.95330810546875,49.09722900390625
01983.jpg,3.2961,0.39497894048690796,0.6458742361222641,0.9276304228551301,4.288695335388184,50.6682243347168,0.8946548193772581,0.3915013688521856,4.889420509338379,2.963966185447985,21.739805221557617,4.291391372680664,52.211326599121094,0.8726218938827515,1.4037439823150635,0.4613339900970459,0.019065042957663536,17.19762420654297,0.45824680546444047,0.10856749595725446,0.6675310134887695,0.7217479944229126,0.24281755482689488,4.4620612628434735,30.81170654296875,58.85295867919922
01984.jpg,3.3363,0.395130455493927,0.6255462318573906,0.9260747665839335,4.347581386566162,51.743553161621094,0.8922857043893943,0.39420640179293903,4.920703887939453,2.8988819906526597,21.780996322631836,4.401095390319824,53.097145080566406,0.8711057901382446,1.466796875,0.4546858072280884,0.018204525113105774,17.39820671081543,0.45618700241246046,0.10139299544517492,0.6654835939407349,0.6988950371742249,0.24363061282432547,4.333693880260673,30.06707763671875,57.86649703979492
01989.jpg,3.3346,0.39323902130126953,0.5888856609103302,0.9482394784091851,4.896328926086426,66.01166534423828,0.8894469609950413,0.41212409346068407,5.176637649536133,2.9659235333913436,25.772361755371094,5.746420383453369,75.26841735839844,0.928514838218689,1.5812209844589233,0.4607505798339844,0.014288462698459625,18.450145721435547,0.444263228732535,0.09058992800430568,0.6822964549064636,0.7873486280441284,0.25051848304742935,3.704589887047443,26.34881591796875,52.733543395996094
01990.jpg,3.3277,0.3920035660266876,0.5420348294085047,0.9365003409539223,4.918060779571533,75.2120132446289,0.8865353168506203,0.4131365008392164,5.25806188583374,2.757916297765812,27.214920043945312,6.81777811050415,79.48648834228516,0.9076576232910156,1.6596410274505615,0.42268574237823486,0.01912875846028328,17.183134078979492,0.47905347603265896,0.07638687686624972,0.6746521592140198,0.7488104104995728,0.25764592981873946,3.637756276075343,25.94940185546875,50.8281364440918
02025.jpg,3.2986,0.34807300567626953,0.6824912556717401,0.9592394685561365,4.353577136993408,51.019046783447266,0.8737819165133872,0.4032922156223896,5.019902229309082,3.1986716253021417,18.781883239746094,4.315303802490234,88.4543685913086,0.9531490802764893,1.849872350692749,0.48406994342803955,0.021090077236294746,16.759220123291016,0.4835734105983723,0.04777425905524286,0.6694225072860718,0.7167690992355347,0.3022274051776245,3.77269504135914,26.56365966796875,52.944602966308594
02038.jpg,3.2972,0.3623393774032593,0.6669753434240525,0.9619442557128375,4.747897624969482,48.822021484375,0.9032922983017858,0.4016802108576611,5.166478633880615,3.3063346604387434,19.430152893066406,4.110686779022217,82.5111083984375,0.9521303176879883,1.5766650438308716,0.46740877628326416,0.01190396212041378,19.243083953857422,0.4839289185435511,0.06832917039583189,0.6729437112808228,0.7493577003479004,0.2763367764564877,3.4674812238971104,30.50018310546875,52.312774658203125
02042.jpg,3.3364,0.38331273198127747,0.5906029863713067,0.9508773984230298,4.9731364250183105,68.87358093261719,0.8941810901371421,0.42064351063626243,5.248723983764648,3.0185415895137417,25.498327255249023,6.08646821975708,79.69683837890625,0.9312950372695923,1.510906457901001,0.41852420568466187,0.013307426124811172,18.759061813354492,0.46181893736044405,0.07596774101115528,0.6705526113510132,0.7492209672927856,0.2562967129470448,3.8092499038641368,27.93328857421875,51.740726470947266
02046.jpg,3.4115,0.31565675139427185,0.6543106550896577,0.9655346648948242,4.654200077056885,50.3280143737793,0.8096234985011773,0.40423807724157107,4.938979148864746,3.1384717798406054,21.709177017211914,4.276142597198486,102.47514343261719,0.9618463516235352,1.7841269969940186,0.5658525228500366,0.021205797791481018,16.735454559326172,0.4649727732883196,0.059443131570272506,0.6387935280799866,0.7656516432762146,0.3052836788422916,3.677004810287386,27.17547607421875,44.14551544189453
02061.jpg,3.4196,0.33288466930389404,0.6750750974696841,0.9646473057801415,4.915703773498535,53.70490264892578,0.859687750268898,0.42674254275802287,5.173514366149902,3.4055021886808134,21.914888381958008,4.576353549957275,95.82490539550781,0.9588674306869507,1.6843438148498535,0.5534355044364929,0.015745921060442924,18.0283203125,0.4607670405349094,0.09161239497752699,0.6870365142822266,0.801689863204956,0.29224742580460467,3.775260898621905,30.54315185546875,47.180694580078125
02069.jpg,3.4154,0.3765878975391388,0.5896519370866325,0.9419781284664328,4.9225029945373535,58.04757308959961,0.8764816860321029,0.4293515541697771,5.235689163208008,2.994909655254757,20.87001609802246,5.048146724700928,78.93083190917969,0.9184689521789551,1.6743918657302856,0.4767584204673767,0.017529867589473724,17.562213897705078,0.4379485987178455,0.10380614089423591,0.685839831829071,0.7792187929153442,0.27264152599047115,4.113505670443234,29.57537841796875,49.987525939941406
02074.jpg,3.3917,0.3813994824886322,0.6518950855323099,0.9357748980743466,4.705212116241455,48.58015823364258,0.8848177704886515,0.40333484055094093,5.218213081359863,3.2345281806909565,20.146284103393555,4.133118629455566,76.55196380615234,0.9052399396896362,1.7530517578125,0.5110862255096436,0.022188305854797363,16.53875732421875,0.45404785186802415,0.0859865368510058,0.6782243251800537,0.76127690076828,0.2695627267373846,4.0275199469799405,35.99871826171875,49.79280471801758
02086.jpg,3.3945,0.38149070739746094,0.610777616920354,0.9457564747684283,4.840293884277344,56.374061584472656,0.8796784838361225,0.4131130067419109,5.309724807739258,3.099713439798707,21.304183959960938,4.8254499435424805,73.31491088867188,0.9236545562744141,1.6104375123977661,0.48430976271629333,0.01961457170546055,17.07421112060547,0.43517165084013604,0.07663990591692196,0.6807188987731934,0.7780863046646118,0.26501987644791175,3.669540894371152,29.13739013671875,46.85340118408203
02089.jpg,3.3773,0.37612295150756836,0.6112664605640588,0.951997866538355,4.913766860961914,55.242088317871094,0.8844399709357312,0.4130626560019884,5.18846321105957,3.0875882365776377,21.039812088012695,4.692129135131836,75.63240051269531,0.9364508986473083,1.659229040145874,0.5483213067054749,0.017986033111810684,17.450647354125977,0.4396579640923368,0.09451790016503511,0.6867778301239014,0.7816866636276245,0.2859975044787036,3.9261090431214267,39.64569091796875,55.24076843261719
02092.jpg,3.4148,0.38424259424209595,0.5944876057463265,0.9461804336539769,4.920890808105469,66.63884735107422,0.8701993664822764,0.41877988767385177,5.293532371520996,3.0361849669315344,24.26961326599121,5.867150783538818,78.21408081054688,0.9241344928741455,1.5836557149887085,0.4404997229576111,0.018145617097616196,17.412282943725586,0.4289611084241818,0.09185988406883684,0.6785204410552979,0.7744687795639038,0.24186710478380502,3.8980502685168816,17.32244873046875,56.210235595703125
02104.jpg,3.373,0.37029534578323364,0.6010549573850851,0.9546623986511861,5.099265098571777,65.9916000366211,0.8776447597812987,0.43091994870410544,5.259331703186035,3.113054233600698,25.098918914794922,5.891263008117676,83.93391418457031,0.940307080745697,1.5743690729141235,0.5040757060050964,0.014237619936466217,18.465625762939453,0.4564630138311956,0.09367667015077362,0.7030371427536011,0.7905990481376648,0.2728336024544448,4.682029938069709,-11.24151611328125,50.26056671142578
02144.jpg,3.3848,0.3926078975200653,0.575318760967954,0.9395728763089302,4.58698844909668,63.94240188598633,0.8510799327549219,0.41635732961685834,5.1995720863342285,2.8152063271271768,22.022367477416992,5.538795471191406,73.6558837890625,0.9147870540618896,1.7238703966140747,0.6115398406982422,0.031584881246089935,15.005208015441895,0.44257792723382083,0.15276420919230826,0.6852856874465942,0.7690658569335938,0.30694020558651913,4.202299621998795,29.90057373046875,55.950035095214844
02145.jpg,3.3668,0.3899073898792267,0.5790357061051975,0.9386668305975486,4.540305137634277,60.40544509887695,0.8481270306240563,0.4096011363378561,5.154742240905762,2.806900158256985,21.227977752685547,5.188546657562256,73.82172393798828,0.9141393899917603,1.7650630474090576,0.6084682941436768,0.03359530493617058,14.737215042114258,0.44728527111964655,0.14918888621933768,0.6772518157958984,0.7636016011238098,0.30562564225948224,4.190652108655673,33.00653076171875,53.80799865722656
02147.jpg,3.3813,0.3888933062553406,0.5742764712559326,0.9403839592146475,4.675355911254883,65.37928771972656,0.8547295320570344,0.41212819524061034,5.159343719482422,2.823928936720291,22.945890426635742,5.672214508056641,76.4493179321289,0.9171978235244751,1.7354538440704346,0.5833845734596252,0.028188243508338928,15.499320983886719,0.44535623643445377,0.14156867324642358,0.6844489574432373,0.763584554195404,0.29659970969739347,4.126028457845007,31.46746826171875,55.55675506591797
02154.jpg,3.398,0.39606013894081116,0.6243617785555,0.9323753378008061,4.6614227294921875,81.37642669677734,0.899028889257733,0.42409603726496614,5.210416793823242,3.0818111396629337,28.07785415649414,6.950356960296631,70.19082641601562,0.886965274810791,1.4546761512756348,0.5227599740028381,0.018071727827191353,17.430004119873047,0.42787639211009865,0.09059012256758002,0.7023434638977051,0.7622083425521851,0.30171358773689905,4.459050306459151,45.42547607421875,54.18529510498047
02166.jpg,3.3661,0.40046045184135437,0.6455348053821406,0.9265944291222332,4.64009428024292,81.40008544921875,0.8979293536450697,0.4170538701823848,5.264523506164551,3.196899759692524,28.429655075073242,6.992031097412109,73.34024810791016,0.8782901763916016,1.5525922775268555,0.47786685824394226,0.022283878177404404,16.520092010498047,0.4211772143801576,0.08126637858117144,0.6913992166519165,0.7735956311225891,0.27344502704451285,4.749549630673962,47.79754638671875,49.59877014160156
02168.jpg,3.3395,0.3944644033908844,0.703608291127927,0.9368655873501205,4.689443111419678,73.18158721923828,0.9036355317305994,0.42942118756187275,5.275409698486328,3.5056894631139848,27.74243927001953,6.244783878326416,75.10835266113281,0.9007893800735474,1.5176982879638672,0.5567151308059692,0.019644930958747864,17.067495346069336,0.44169220831224004,0.08148274661734752,0.7024717926979065,0.7896288633346558,0.3075355257602504,4.331599611119886,43.48065185546875,52.16669464111328
02171.jpg,3.3288,0.3861687481403351,0.6697414058138228,0.9438115294443238,4.585070610046387,61.39689636230469,0.9060013697726551,0.4239900436703874,5.251437187194824,3.293970537182778,23.742094039916992,5.19099760055542,70.76168060302734,0.9135832786560059,1.498647689819336,0.5693870782852173,0.015761397778987885,18.02405548095703,0.43385098932362715,0.0753829183115599,0.6986541152000427,0.7775775194168091,0.31652839868707117,3.971072872746376,37.89910888671875,57.184356689453125
02185.jpg,3.3408,0.3903542459011078,0.6995800662910879,0.9405012262941709,4.385732173919678,58.498191833496094,0.8987380337683304,0.39800316699933325,5.167588233947754,3.3416690432598166,24.636743545532227,4.968743801116943,74.33539581298828,0.9081183671951294,1.5247669219970703,0.45332223176956177,0.01587076298892498,17.994022369384766,0.47305656062713947,0.09552802674475723,0.6550322771072388,0.7266374826431274,0.25509252388028314,4.091235301578802,38.45330810546875,52.12278747558594
02201.jpg,3.3488,0.41737911105155945,0.651496252963753,0.9459576891536456,4.7430596351623535,67.54067993164062,0.8923514406974541,0.39571845275544554,4.951097011566162,3.1578651938023814,30.30324363708496,6.104970932006836,73.90339660644531,0.9204063415527344,1.463697910308838,0.4576343894004822,0.013029772788286209,18.85063362121582,0.5134397043474873,0.10332531071976507,0.6701098680496216,0.7487431168556213,0.2487188425648008,4.614323008292449,39.46502685546875,57.032474517822266
02224.jpg,3.3443,0.4181770384311676,0.5884320283052963,0.9253426992334408,4.714930057525635,84.46983337402344,0.8905419130562806,0.42048424267571555,5.2404046058654785,2.9290297195067545,33.09769821166992,7.893229961395264,72.14741516113281,0.8731668591499329,1.5010113716125488,0.42504268884658813,0.02204475738108158,16.56694793701172,0.4757420714835496,0.07852625368791856,0.672943115234375,0.7624210119247437,0.24756706672080162,5.307820984869358,-18.12188720703125,62.41306686401367
02237.jpg,3.3814,0.430562824010849,0.6119074300114664,0.9311921932959036,4.598572254180908,97.8711166381836,0.8926664172212943,0.4268561993706255,5.180164337158203,2.9918520591837297,34.28985595703125,8.59788990020752,72.39411163330078,0.8846632838249207,1.377545714378357,0.45673757791519165,0.01923307776451111,17.159513473510742,0.46088126022246284,0.10724251730429792,0.7047733068466187,0.7554611563682556,0.2585561612726732,4.9901429640821915,49.28192138671875,62.750614166259766
02241.jpg,3.3391,0.4189895987510681,0.6421833336109681,0.9415459458104443,4.715559959411621,88.37425231933594,0.8930269957951144,0.4251664367325968,5.175227165222168,3.1758612328271365,32.44871520996094,7.732489109039307,75.506591796875,0.9082213640213013,1.362328290939331,0.4572170376777649,0.016326799988746643,17.870990753173828,0.47035364712380595,0.10218347487138289,0.6972793340682983,0.7620447874069214,0.25859300635554827,4.948304524135398,50.11590576171875,59.74070358276367
02267.jpg,3.3434,0.3719277083873749,0.6715646522790498,0.9443592483785801,4.761058807373047,77.74913787841797,0.8994087936448857,0.42470642532859615,5.236652851104736,3.3570672793387946,28.35118293762207,6.6601080894470215,84.66102600097656,0.920608401298523,1.6024534702301025,0.4929161071777344,0.018944866955280304,17.22508430480957,0.42608551152674007,0.08786114132354775,0.6861855387687683,0.7918978929519653,0.26519744423248504,4.4930013394015695,46.27215576171875,55.197288513183594
02268.jpg,3.359,0.3736434578895569,0.6687610918614132,0.9452561570289695,4.771673679351807,80.43449401855469,0.8997131452432003,0.42838101676641965,5.237667083740234,3.3469408541753225,29.147640228271484,6.895542144775391,85.22652435302734,0.9215940833091736,1.5764873027801514,0.49168384075164795,0.018737707287073135,17.27283477783203,0.4256338963775747,0.08098101849098131,0.6885957717895508,0.7959485054016113,0.2681331264829863,4.471027035208959,43.20086669921875,55.52647399902344
02287.jpg,3.3411,0.3991817235946655,0.6416599336019406,0.9373321002130091,4.822927474975586,74.8655014038086,0.8887397831964938,0.4159450189833067,5.232192516326904,3.2259955904305997,27.690860748291016,6.384403228759766,72.2882080078125,0.8945987224578857,1.345418095588684,0.44804510474205017,0.016981281340122223,17.700294494628906,0.4539036214458726,0.10836788585181198,0.6751646995544434,0.7685345411300659,0.2589745864108828,4.751800766623328,41.44647216796875,54.942474365234375
02288.jpg,3.3407,0.3988129496574402,0.6548499539912358,0.9346334096543358,4.776346206665039,70.5321273803711,0.8901399067903105,0.4072223079531715,5.213778495788574,3.2710284145163637,27.137483596801758,5.980937480926514,70.34906005859375,0.8872568607330322,1.3430500030517578,0.45151662826538086,0.017686599865555763,17.523557662963867,0.45965286274112804,0.1088625531208981,0.6736999750137329,0.7564746141433716,0.258733617073505,4.7625024398506675,40.88250732421875,58.469093322753906
02291.jpg,3.3216,0.39446714520454407,0.6809762565534621,0.9432647147673026,4.653250694274902,69.96237182617188,0.8930455591397994,0.4096030888416034,5.201353073120117,3.3553877257844587,27.274845123291016,5.9137725830078125,72.66242218017578,0.9086170196533203,1.342565894126892,0.4739733934402466,0.014795920811593533,18.298580169677734,0.467758743325267,0.10820614623204543,0.6735690832138062,0.7790399789810181,0.26592077269786313,4.592975737282318,41.81365966796875,56.42759704589844
02297.jpg,3.501,0.4116552472114563,0.6502132855348055,0.9398353069697803,4.736321449279785,85.77173614501953,0.8882757448546444,0.4175643293398096,5.231465816497803,3.2406057123835303,32.2851676940918,7.360692501068115,77.25764465332031,0.9022020101547241,1.3332573175430298,0.4563313126564026,0.01780022121965885,17.495746612548828,0.47250675748196225,0.11021497390668265,0.6849136352539062,0.79071444272995,0.25455013705448526,4.95357169801337,42.89373779296875,57.12271499633789
02307.jpg,3.2893,0.40708857774734497,0.6611270895238989,0.9427752335426042,4.651627063751221,74.5516128540039,0.8926357263316907,0.4225567562179115,5.2340545654296875,3.2678579370989382,29.837148666381836,6.766573905944824,73.52378845214844,0.910376787185669,1.4032838344573975,0.5028058886528015,0.01535838469862938,18.13654327392578,0.4985045856877023,0.08902926773371314,0.6985841393470764,0.8015443682670593,0.27668364552167457,5.258890396708814,-18.63409423828125,58.531272888183594
02331.jpg,3.3083,0.3996875286102295,0.649843769005986,0.9364210540008546,4.630577564239502,66.5428466796875,0.887704303443447,0.4075358736199191,5.039252281188965,3.141951204747791,27.519315719604492,5.719723701477051,64.77486419677734,0.8923951983451843,1.326865315437317,0.47734183073043823,0.01717696338891983,17.650535583496094,0.44618888977830556,0.11014602515265912,0.6786441802978516,0.7611384391784668,0.2611025449317437,4.842685001518743,25.10272216796875,58.05900573730469
02341.jpg,3.3007,0.39491820335388184,0.6919498611275955,0.9418867705325018,4.624640464782715,74.973388671875,0.8921867104432099,0.4204299244113493,5.1578474044799805,3.384508094637475,28.868669509887695,6.4473466873168945,69.72393798828125,0.8985772132873535,1.1514004468917847,0.4828517735004425,0.016960054636001587,17.70572853088379,0.4615770972635831,0.11957319237594463,0.687014639377594,0.7625826001167297,0.2702251104128474,5.095193253103972,43.69451904296875,54.23655700683594
02345.jpg,3.3242,0.39608755707740784,0.6651161574610168,0.9361043843978675,4.590754985809326,67.65824890136719,0.8902907412562393,0.41039446694105197,5.037209987640381,3.2018696219886404,27.064599990844727,5.728728771209717,65.08576965332031,0.8863939046859741,1.2215261459350586,0.4893190562725067,0.01806146651506424,17.432470321655273,0.4591515943063285,0.11303728213202109,0.680331289768219,0.7593170404434204,0.26995476337593877,5.437064436875056,41.03192138671875,52.571922302246094
02362.jpg,3.3044,0.38590866327285767,0.7138720073334418,0.9485944134528309,4.788015365600586,69.18888854980469,0.9029516698610724,0.41968602216927364,5.179861068725586,3.5579072537527363,25.87476348876953,5.845340251922607,72.44869995117188,0.9123551845550537,1.124115228652954,0.520138680934906,0.014658159576356411,18.33920669555664,0.4168443425107593,0.09148362455351693,0.6967370510101318,0.7974420189857483,0.29090431393674143,4.559487056312806,42.04656982421875,65.36248779296875
02370.jpg,3.3436,0.3968186676502228,0.6689933424975293,0.9465119786546863,4.717255592346191,80.73202514648438,0.8972633932583743,0.4185588921495091,5.237588882446289,3.3298748048474813,29.323230743408203,6.9465012550354,74.00274658203125,0.9138175249099731,1.2628798484802246,0.4940851628780365,0.014233681373298168,18.466829299926758,0.42406988759778413,0.09649090935512548,0.6974344253540039,0.7934250831604004,0.27771755156190664,5.087168921016872,47.60516357421875,55.73400115966797
02386.jpg,3.325,0.3515630066394806,0.6138384954594764,0.961324502403097,4.877821922302246,61.7451286315918,0.8918263586405426,0.4354854971104135,5.158705711364746,3.0804149142083777,23.418212890625,5.297199249267578,88.9637451171875,0.9538605213165283,1.6682935953140259,0.536488950252533,0.011204002425074577,19.506267547607422,0.46570940739872996,0.08346116795768681,0.7164056301116943,0.8157707452774048,0.2948082299744671,3.942013051637634,37.61004638671875,56.25836181640625
02415.jpg,3.332,0.38567614555358887,0.6003072881000883,0.9343993392550682,4.883164405822754,74.04462432861328,0.8685283977546518,0.40607791245154645,5.276939392089844,3.049603355028223,26.69841194152832,6.421011924743652,78.73892211914062,0.9007577300071716,1.6195030212402344,0.44122058153152466,0.025582492351531982,15.920572280883789,0.43797706492473826,0.09469332682118332,0.6815896034240723,0.7615580558776855,0.24225351300810677,4.523448544725042,37.26385498046875,58.948184967041016
02418.jpg,3.3263,0.39097586274147034,0.6106710274536912,0.9388990824775388,4.3355021476745605,45.77760696411133,0.8762187332402416,0.38611652024954773,4.9928436279296875,2.8482863831202625,18.392772674560547,3.922081470489502,65.20731353759766,0.9152770042419434,1.8055825233459473,0.4634847640991211,0.029065117239952087,15.366279602050781,0.4402077508155074,0.09179727911310126,0.653801441192627,0.7219163179397583,0.265691737517602,3.7501871750269973,24.36053466796875,46.88361358642578
02427.jpg,3.3355,0.399049311876297,0.6084559536885447,0.9326531103353365,4.530601978302002,60.17930603027344,0.8777636941093276,0.4085554903649071,5.11842679977417,2.935515560465337,23.397123336791992,5.184265613555908,66.84446716308594,0.899237871170044,1.685823917388916,0.5149072408676147,0.0253788810223341,15.95527458190918,0.4419549775899202,0.11557391752294377,0.6791954040527344,0.7587733268737793,0.27453775843697154,4.166941541511469,37.46258544921875,52.619956970214844
02435.jpg,3.2952,0.3871755301952362,0.6458884567320217,0.9458905154008428,4.424037933349609,46.01679992675781,0.8792802832790939,0.382342509378545,5.092432022094727,3.0733006323849636,18.977880477905273,3.9672434329986572,65.65991973876953,0.9258391857147217,1.707213044166565,0.4636459946632385,0.021090637892484665,16.75910186767578,0.4442437753140863,0.08799559873696727,0.6613168716430664,0.7419080138206482,0.25392894458317256,4.550890272717181,21.36199951171875,54.2241325378418
02442.jpg,3.3134,0.3357669413089752,0.7019032605563644,0.9585997567664872,4.664705753326416,49.15798568725586,0.8890514413020403,0.4138721694418259,5.081873893737793,3.42059056684519,20.745086669921875,4.141490459442139,93.19454193115234,0.9490786194801331,1.7280772924423218,0.5094112157821655,0.016989994794130325,17.69806671142578,0.4752045056952108,0.05778335196462974,0.6726784706115723,0.7422337532043457,0.29834696714145936,3.8506956472347684,27.61395263671875,55.6968994140625
02443.jpg,3.2928,0.3415449559688568,0.7312553983014263,0.9559601035350227,4.544251441955566,46.094181060791016,0.8821555666533929,0.4064542107564931,5.125649929046631,3.5355972192380314,20.146631240844727,3.861111879348755,91.01168823242188,0.9459061026573181,1.7602334022521973,0.5156068801879883,0.020958445966243744,16.786409378051758,0.47259273566541016,0.060908891591660345,0.6636200547218323,0.7415590286254883,0.29634359255395726,3.783823747217942,27.52899169921875,56.710105895996094
02445.jpg,3.3404,0.3711831569671631,0.6242710963435519,0.9465606495389359,4.751491069793701,61.689781188964844,0.8643200357752271,0.4191216675392858,5.199529647827148,3.1060787789325364,25.208589553833008,5.3660430908203125,88.1899185180664,0.9293348789215088,1.7197198867797852,0.5453594923019409,0.025148291140794754,15.994915008544922,0.46208395869015645,0.09534372731515363,0.6875851154327393,0.7736748456954956,0.2915442009943405,3.8490162657101665,33.14324951171875,55.76247787475586
02472.jpg,3.3289,0.3843567669391632,0.6300159305949711,0.9408635825098951,4.595386505126953,47.499385833740234,0.8874131972656605,0.38027717800366595,5.108752250671387,3.056892611731989,19.161361694335938,4.013155460357666,69.11014556884766,0.9175338745117188,1.7271099090576172,0.4469134211540222,0.021904239431023598,16.59471893310547,0.4465938575413253,0.08799007141884996,0.6394311189651489,0.7245239019393921,0.24859504170416563,4.469048437401747,22.61444091796875,50.58390808105469
02486.jpg,3.3127,0.39475855231285095,0.6035538005248877,0.9420986420711965,4.693515777587891,63.19646072387695,0.8802400513782351,0.40880470120813267,5.203388690948486,2.9866681209786314,23.11432456970215,5.44861364364624,70.42689514160156,0.9165773391723633,1.6010937690734863,0.49361491203308105,0.018897656351327896,17.23592185974121,0.43948206695094116,0.12983799361071904,0.6819756031036377,0.7581639289855957,0.2684418675523887,3.8529782366393786,30.57244873046875,49.865020751953125
02493.jpg,3.3033,0.37522438168525696,0.6830091358172882,0.9568665480803786,4.3280134201049805,42.17912673950195,0.8873932644077941,0.388680809686564,4.984294891357422,3.180208204017255,19.24661636352539,3.6036884784698486,77.66864013671875,0.9480360746383667,1.7951347827911377,0.5010079741477966,0.020861996337771416,16.806442260742188,0.47096885562565366,0.07006848592192255,0.6622066497802734,0.7353132963180542,0.28423321255693096,4.272063135432183,38.93524169921875,52.215877532958984
02497.jpg,3.3555,0.3850483000278473,0.6398189391925375,0.9448731788484861,4.466284275054932,50.698238372802734,0.8716743462989719,0.39220059439606825,5.168190002441406,3.082171281811421,20.059207916259766,4.321895122528076,72.95294952392578,0.925723671913147,1.753169059753418,0.48001423478126526,0.028559505939483643,15.442493438720703,0.44753976607607604,0.07788615212821567,0.6597923636436462,0.7318128347396851,0.2709769870012853,3.861850002793618,32.13299560546875,51.32461166381836
02504.jpg,3.3316,0.3830607533454895,0.6141921231867338,0.935520530167577,4.75103759765625,63.081459045410156,0.8676978690677898,0.4137809459713336,5.278844833374023,3.0801486318109212,23.237592697143555,5.439896583557129,76.43067169189453,0.9037462472915649,1.6646636724472046,0.48893308639526367,0.02715197019279003,15.6619873046875,0.45030442186378933,0.10108863521615384,0.6827454566955566,0.7495678663253784,0.2651169945221277,4.123467313644107,30.81805419921875,57.04713439941406
02505.jpg,3.4402,0.3843707740306854,0.6013656400372366,0.9378826616743625,4.709252834320068,59.39857482910156,0.8753008106953797,0.4109736494165043,5.198192596435547,2.979009795704396,23.275386810302734,5.1416096687316895,73.98723602294922,0.9127349853515625,1.758840560913086,0.5531600713729858,0.02727590873837471,15.642208099365234,0.4413580211751334,0.09687080174626497,0.6829860210418701,0.7610309720039368,0.29694164702340614,4.47865953331814,49.93524169921875,61.715152740478516
02507.jpg,3.3664,0.38415053486824036,0.6111620149403595,0.9443814431007395,4.480719089508057,51.060787200927734,0.8752679703473046,0.4031570399421695,5.055830001831055,2.914199731721002,19.705759048461914,4.3210272789001465,70.17220306396484,0.9257861375808716,1.798612117767334,0.5243064165115356,0.02901586703956127,15.373644828796387,0.43253031470367476,0.08750630002320997,0.6691057682037354,0.7362784147262573,0.288800984522741,4.342305238670176,31.58660888671875,56.883506774902344
02523.jpg,3.3073,0.3627415597438812,0.6514132602635986,0.9619302174141813,4.75960636138916,53.44178009033203,0.8636322728078735,0.4150508113858229,5.190252304077148,3.240746808280104,21.22592544555664,4.517935276031494,84.42303466796875,0.9550566673278809,1.7385363578796387,0.5554068088531494,0.018389493227005005,17.35430145263672,0.4762451338396662,0.08825507311381121,0.6839855909347534,0.7780086398124695,0.2911829086067064,4.527460698711912,29.03289794921875,46.114715576171875
02530.jpg,3.3875,0.3606588840484619,0.6842987523911115,0.957392109209188,4.763160228729248,57.961421966552734,0.8629208442448315,0.4071968821250804,5.270086288452148,3.4328814376741477,21.344161987304688,4.947763442993164,84.34027099609375,0.9457629323005676,1.6528584957122803,0.5040600299835205,0.02063875086605549,16.853166580200195,0.4524200787889371,0.08426560038766233,0.6732068061828613,0.7866889238357544,0.27526508244362907,3.949324404549815,25.86737060546875,44.19786834716797
02533.jpg,3.3574,0.35749682784080505,0.6842282532305366,0.9637331663286047,4.882275581359863,57.336669921875,0.8619792144513839,0.4240804784913986,5.212963104248047,3.4537366318409806,21.795804977416992,4.86508846282959,87.50038146972656,0.9558616876602173,1.6283633708953857,0.567650556564331,0.016498498618602753,17.825557708740234,0.4595747283037726,0.10492424194387862,0.6871004104614258,0.8020108342170715,0.2944240544062317,4.112946928351949,31.33758544921875,49.575828552246094
02537.jpg,3.3356,0.32698801159858704,0.7319273044233878,0.9634664479715118,4.6443772315979,39.46231460571289,0.8433628286108864,0.3898035041513484,4.960805892944336,3.5151613977931415,18.27914810180664,3.223888397216797,93.60448455810547,0.9595311880111694,1.8532346487045288,0.5632386207580566,0.023544562980532646,16.28109359741211,0.47281150363541036,0.0667609497797633,0.6327005624771118,0.7521164417266846,0.29939832267314526,4.139180265389786,30.53045654296875,47.97626876831055
02547.jpg,3.3625,0.3706361949443817,0.6141085200254326,0.9578560567326546,4.866774559020996,57.9351921081543,0.8756919624658639,0.42515657668419427,5.126020431518555,3.0683415495970507,22.060604095458984,4.929440021514893,81.48064422607422,0.9490354061126709,1.7450675964355469,0.6083532571792603,0.016644490882754326,17.787296295166016,0.440845490735302,0.10435720890332975,0.708053469657898,0.8062273263931274,0.309846447050639,3.958640962095556,34.60711669921875,50.299522399902344
02548.jpg,3.3234,0.37591245770454407,0.6597276275457563,0.9595586866886335,4.702654838562012,55.31269454956055,0.8725297302227865,0.4160781241692917,5.230024337768555,3.276443695160518,20.568470001220703,4.68696928024292,79.46941375732422,0.9498856067657471,1.6820870637893677,0.5593596696853638,0.018967831507325172,17.219823837280273,0.43572317068238053,0.0999414711701028,0.692603588104248,0.7874540686607361,0.2943041243375744,3.636752406214329,31.51287841796875,51.961273193359375
02565.jpg,3.3164,0.36255350708961487,0.6155745963209899,0.9532098874911953,4.639761924743652,45.995758056640625,0.8679263510445503,0.39914038793682316,5.084630489349365,2.993055823592398,19.18756866455078,3.946542263031006,82.35140991210938,0.9432168006896973,1.8498566150665283,0.49564701318740845,0.023616870865225792,16.267776489257812,0.45252561809873626,0.06373952928260364,0.6697964072227478,0.7501437664031982,0.26792028481158203,3.7422884339146774,7.56024169921875,52.188743591308594
02574.jpg,3.3494,0.3269817531108856,0.6905502981281453,0.960816374839162,4.177393436431885,45.63809585571289,0.7756770042774711,0.3718368470768378,4.897603988647461,3.1333838418068733,19.565414428710938,3.856184720993042,101.27293395996094,0.9549733400344849,1.867478370666504,0.5682770609855652,0.03580446168780327,14.4606294631958,0.48355752767187615,0.04607352300228644,0.6030287742614746,0.7056587934494019,0.3236510474732392,3.9723153160079043,38.83026123046875,45.42351531982422
02580.jpg,3.3568,0.39993175864219666,0.5568212421137346,0.9415046460303877,4.9275383949279785,77.08182525634766,0.8884537092595782,0.4180912760170882,5.06434440612793,2.781856351694568,28.577835083007812,6.599394798278809,81.71546173095703,0.9175658226013184,1.633324384689331,0.43378782272338867,0.01938101276755333,17.126235961914062,0.4176124663185568,0.05915212181087617,0.6734309196472168,0.7710480690002441,0.24656160689156353,5.043346433095498,40.37713623046875,48.52903366088867
02585.jpg,3.3137,0.3854388892650604,0.5927240400359897,0.9499972864578328,4.752041816711426,76.11306762695312,0.8732429179627171,0.4188027905708289,5.13409423828125,2.929886453038158,28.11792755126953,6.537374019622803,87.39451599121094,0.9340463876724243,1.6534838676452637,0.46435558795928955,0.022828079760074615,16.415306091308594,0.4282772406587689,0.057504714282373075,0.674985408782959,0.7620195150375366,0.2664287417050941,4.211983745730529,39.19110107421875,53.655311584472656
02589.jpg,3.3652,0.3930147886276245,0.5641427240222345,0.9581972139605183,4.883592128753662,77.90943145751953,0.8805175750598863,0.4288737229378972,4.943027496337891,2.771818359688865,30.675376892089844,6.6526031494140625,87.6623764038086,0.9472644329071045,1.5961421728134155,0.5286040306091309,0.01668103039264679,17.77777099609375,0.4334283331547553,0.09374817446609081,0.7004102468490601,0.7863677740097046,0.2790486948437469,4.993526692609609,41.58514404296875,52.928001403808594
02592.jpg,3.3377,0.39810046553611755,0.5349382939907994,0.9515055676859792,5.0121026039123535,83.40303802490234,0.8768430505497185,0.42777504309551845,4.986970901489258,2.674453329148216,31.566987991333008,7.156325817108154,86.73019409179688,0.9364526867866516,1.6133263111114502,0.5222460031509399,0.018445972353219986,17.340984344482422,0.43446420730216856,0.10035348911359424,0.7032734155654907,0.7787964344024658,0.27433372615794,4.727018203881932,42.13494873046875,51.445560455322266
02595.jpg,3.3954,0.39820200204849243,0.5791809468076345,0.9574739293647326,4.868146896362305,85.5020751953125,0.8788900467436174,0.4308468845860453,5.066923141479492,2.8771121878088284,32.64246368408203,7.328654766082764,86.95381164550781,0.9450756311416626,1.555213212966919,0.543975293636322,0.01749982312321663,17.569664001464844,0.4357600109412683,0.10047847014455162,0.7107789516448975,0.7935242056846619,0.2839527948529923,4.890121856660777,43.66912841796875,51.01697540283203
02608.jpg,3.3207,0.36423033475875854,0.6643693835292347,0.9576384291506126,4.418433666229248,44.684486389160156,0.8601729696052899,0.39638464724285444,5.052649021148682,3.1461608274860406,18.433618545532227,3.76568603515625,83.80431365966797,0.9501229524612427,1.8414149284362793,0.5310522317886353,0.025590021163225174,15.919294357299805,0.44759651984649895,0.06175179512052118,0.6621693968772888,0.7661117315292358,0.2900618857617568,3.425987333507105,29.28631591796875,40.61901092529297
02609.jpg,3.3026,0.33543825149536133,0.7169266418140283,0.9667992837102707,4.543808937072754,39.36104965209961,0.8274425897219905,0.38691699293246795,5.036572456359863,3.434228580735649,17.542007446289062,3.2403457164764404,94.07231903076172,0.9642461538314819,1.8396668434143066,0.5417460203170776,0.023959212005138397,16.20527458190918,0.44670965747565794,0.05114220126055187,0.632979154586792,0.7454994916915894,0.29521430407642435,3.762572423524727,30.52020263671875,42.000404357910156
02616.jpg,3.3289,0.33463767170906067,0.6633739958052177,0.9609960339759077,4.259529113769531,48.01961898803711,0.7834040645926529,0.37575888903610616,4.899192810058594,3.0378410692950224,20.247413635253906,4.045752048492432,100.20645141601562,0.955153226852417,1.8670835494995117,0.5717577934265137,0.03600482642650604,14.436393737792969,0.4791276536015939,0.05238459919834174,0.6116495132446289,0.7120378613471985,0.3239535623058957,3.8418093941693217,39.51483154296875,49.334259033203125
02622.jpg,3.3201,0.35083824396133423,0.6073911670819168,0.9624006977654178,4.855155944824219,53.67119216918945,0.8605758152674975,0.4132149041220081,5.111656188964844,3.0268879595384384,22.328920364379883,4.574865341186523,91.48485565185547,0.9568172693252563,1.7869147062301636,0.5413098335266113,0.019801214337348938,17.033082962036133,0.4559613511135013,0.06312575172060914,0.6814087629318237,0.8026247024536133,0.292889834008146,3.1118407318848567,26.05438232421875,49.500091552734375
02635.jpg,3.339,0.2967303693294525,0.6170056275026753,0.9727350793927605,4.718142509460449,48.050079345703125,0.8254144961969556,0.41737834113167827,4.768813610076904,2.9267640576825915,20.747385025024414,4.069910526275635,105.16761016845703,0.9709341526031494,1.733762502670288,0.5350682735443115,0.015158938243985176,18.193313598632812,0.45771269072626813,0.05236289771008913,0.6483163833618164,0.7595653533935547,0.2936353048998415,4.271130417191079,41.25213623046875,46.831939697265625
02647.jpg,3.3034,0.31008249521255493,0.6981836794794646,0.9660141429428618,4.323568820953369,42.181766510009766,0.775124034525007,0.3775046988285035,4.872901439666748,3.2104256045984325,18.378681182861328,3.4797308444976807,103.79507446289062,0.962221086025238,1.8529248237609863,0.5395243763923645,0.02896163985133171,15.381769180297852,0.4446542346637561,0.03627639731366707,0.595999002456665,0.7019974589347839,0.3067436260535487,3.8645936635469416,39.10467529296875,46.89724349975586
02648.jpg,3.3231,0.3191748559474945,0.6880104111090297,0.966351779934837,4.3156418800354,44.591426849365234,0.7725779269619126,0.3733953575063938,4.866053104400635,3.1585632569318305,18.977401733398438,3.6805858612060547,103.05694580078125,0.9627879858016968,1.8557534217834473,0.5426434874534607,0.03064047545194626,15.137044906616211,0.4400847949254203,0.04636474451123256,0.598254919052124,0.6944170594215393,0.3074683036427056,3.8151788697760733,41.49090576171875,53.907955169677734
02663.jpg,3.3445,0.34938159584999084,0.6376862174116759,0.9613763881209614,4.957056045532227,60.546775817871094,0.8441424905042535,0.42727267517116724,5.128046989440918,3.2155774740826555,24.81773567199707,5.23132848739624,94.80374145507812,0.953808069229126,1.7036430835723877,0.5624673366546631,0.021148253232240677,16.747255325317383,0.45678345608945947,0.07561142445624403,0.6775729060173035,0.799848198890686,0.30640198050985906,3.68993580652185,28.07440185546875,53.04892349243164
02665.jpg,3.3408,0.33315154910087585,0.6463005608630426,0.9641316582356272,4.8526763916015625,54.06538391113281,0.8292808744899058,0.41949705630436035,5.057129383087158,3.2023684647282185,22.52560806274414,4.616321563720703,99.08784484863281,0.9578479528427124,1.6974953413009644,0.5289652347564697,0.020403707399964333,16.902910232543945,0.4401300906483286,0.06492974726456732,0.6544362306594849,0.7871315479278564,0.29203129232856356,3.983676835311936,26.51580810546875,50.56153869628906
02678.jpg,3.3889,0.3045088052749634,0.6990313114280706,0.9720651822685945,4.246038913726807,34.85934829711914,0.7658999013944399,0.35743320661723965,4.680931568145752,3.120128957910895,17.398296356201172,2.7752320766448975,105.68855285644531,0.9711235165596008,1.8603473901748657,0.6032822132110596,0.025522612035274506,15.93074893951416,0.45842113132326867,0.03180016137615629,0.5875066518783569,0.7139794826507568,0.31885945951695094,3.900167244613991,35.14276123046875,46.25448226928711
02684.jpg,3.3738,0.2727808952331543,0.6494227902258624,0.9762504038033328,4.390604257583618,33.32706069946289,0.7704777391607314,0.3638803902046487,4.474857807159424,2.878728466196094,16.357797622680664,2.6419622898101807,109.26582336425781,0.9758927822113037,1.8905574083328247,0.5444189310073853,0.018490754067897797,17.330453872680664,0.4496368255450966,0.02270542250666498,0.5844684839248657,0.6991121768951416,0.29431016345295247,3.954540018084857,34.37322998046875,50.582454681396484
02696.jpg,3.3652,0.3540984094142914,0.6305864080876337,0.9500274928600392,4.792599678039551,43.78593826293945,0.8622230263483126,0.37758442265916253,5.114041328430176,3.1235079089415265,18.687641143798828,3.6424057483673096,84.79579162597656,0.9374858140945435,1.859330177307129,0.4951081871986389,0.02669549733400345,15.735620498657227,0.4459869527747179,0.0626433791159785,0.6453725695610046,0.7377487421035767,0.2662222803500593,3.788774046241501,32.24432373046875,43.439823150634766
02698.jpg,3.3197,0.36796092987060547,0.6518952657388217,0.9576619757861178,4.730772495269775,47.9990348815918,0.8807004934392731,0.4025631870275776,5.183788776397705,3.2316396368640063,20.005388259887695,4.034215927124023,78.0384521484375,0.948085367679596,1.7344918251037598,0.5347651243209839,0.017509154975414276,17.567350387573242,0.444100047064285,0.07281212405165485,0.6681637763977051,0.7722901105880737,0.2755556973000003,3.935189521710824,33.66033935546875,47.952877044677734
02705.jpg,3.3474,0.3701510429382324,0.6784189015269777,0.964072914198544,4.665534973144531,49.4072380065918,0.883666047737443,0.4063065071458263,5.129315376281738,3.3225183480598908,21.972877502441406,4.222625732421875,81.60688018798828,0.9574964046478271,1.7234389781951904,0.5910148620605469,0.016479725018143654,17.83049964904785,0.4771244766652446,0.08581084089813892,0.6714960336685181,0.7927443981170654,0.3036702459091088,4.008550688615812,12.60418701171875,48.10395812988281
02706.jpg,3.4773,0.3773133158683777,0.6533354846562384,0.9631961158631714,4.554238796234131,46.18587875366211,0.8867569385098711,0.39809444168186564,5.075957298278809,3.1458863017994947,19.72488784790039,3.856396198272705,77.2568588256836,0.9556496143341064,1.731736183166504,0.5896979570388794,0.01703345775604248,17.686973571777344,0.45816707333712137,0.10524301122513201,0.6759824752807617,0.7827831506729126,0.3050077362878276,3.9955669000738747,31.60272216796875,47.32279968261719
02719.jpg,3.3418,0.33595946431159973,0.7292252466707331,0.9664954429107175,3.905644416809082,38.94645309448242,0.747450836831266,0.3450719906878788,4.701504707336426,3.138288784195388,17.526208877563477,3.198986768722534,102.53419494628906,0.9624672532081604,1.8766053915023804,0.585534930229187,0.04114595055580139,13.856729507446289,0.46415566139535014,0.030290461633433567,0.5758303999900818,0.6795961856842041,0.3338389609113566,4.115482432009046,27.95184326171875,46.364402770996094
02725.jpg,3.3244,0.28798744082450867,0.6602759133572609,0.9736483925182257,4.573633670806885,43.01185607910156,0.7820018183028439,0.38264647175277633,4.6694159507751465,3.0514938264043074,19.449636459350586,3.5816454887390137,106.91925048828125,0.9731228351593018,1.8145983219146729,0.5163587331771851,0.01879575476050377,17.259403228759766,0.4380326282033201,0.03703336538343974,0.6045504212379456,0.7330988049507141,0.28335792501811935,3.7147459071398137,38.63104248046875,39.88661575317383
02726.jpg,3.3594,0.31477952003479004,0.6824318669628435,0.9682444431686602,4.4965972900390625,46.952877044677734,0.79244291290935,0.37529960309343174,4.771753311157227,3.162521511352664,20.977516174316406,3.945783853530884,103.42201232910156,0.9658737182617188,1.8125804662704468,0.601122260093689,0.0255024004727602,15.934189796447754,0.47544536357048267,0.057865827441321564,0.6203259229660034,0.7696692943572998,0.3238183000431576,3.294927342320387,32.43377685546875,35.383052825927734
02750.jpg,3.3293,0.398418128490448,0.6764388849633647,0.9577513364875623,4.663448333740234,78.09771728515625,0.8839038106051135,0.4195320141462731,5.111861228942871,3.306212501386147,29.521642684936523,6.822986125946045,77.4059066772461,0.9398905038833618,1.343189001083374,0.498238742351532,0.010804551653563976,19.66393280029297,0.463937893460514,0.1281245046990282,0.6853957176208496,0.7929860353469849,0.2640965807307717,4.734215413267892,40.25311279296875,58.13288116455078
02781.jpg,3.3288,0.3867785334587097,0.7110152095374564,0.9637206324927547,4.379205703735352,61.17006301879883,0.8895458635218162,0.41342648949245747,5.121114730834961,3.3774490093871368,23.65831184387207,5.219580173492432,71.04036712646484,0.9486875534057617,1.3166345357894897,0.4914461374282837,0.008015116676688194,20.96090316772461,0.47295268358197334,0.1069845555042499,0.6772840023040771,0.7859249114990234,0.26709069062655316,4.360308411139999,34.01287841796875,58.98086929321289
02786.jpg,3.3598,0.3810381293296814,0.7182967221923375,0.9561981636258219,4.236623764038086,60.39876174926758,0.8773346105323525,0.419290435416169,5.053006172180176,3.3363688421411704,22.170053482055664,5.25111198425293,64.69561004638672,0.9325899481773376,1.2685011625289917,0.47829222679138184,0.00882876105606556,20.54100227355957,0.4359015495807535,0.11498016568217526,0.6856807470321655,0.7771269083023071,0.25144193590426617,4.044612024001793,37.94305419921875,58.87384796142578
02804.jpg,3.3478,0.38242244720458984,0.6956122970621846,0.9631879780358245,4.580596923828125,74.07257080078125,0.8843697977588396,0.43883762517203495,5.202065467834473,3.4024829035044934,25.799678802490234,6.483536243438721,75.6556625366211,0.9474729299545288,1.3301671743392944,0.5590839385986328,0.009625120088458061,20.165939331054688,0.44024945622197886,0.12301745031658709,0.7208385467529297,0.8153753280639648,0.29040584663771524,3.8161699944392016,38.18817138671875,55.573638916015625
02848.jpg,3.2905,0.39523983001708984,0.6935000856947727,0.9516772546807201,4.038316249847412,58.38310623168945,0.8963113737734171,0.4188427575232732,4.961428165435791,3.120674752856309,21.809690475463867,4.948936939239502,55.417701721191406,0.9219409823417664,1.2101300954818726,0.5581399202346802,0.00936842616647482,20.283334732055664,0.43361347264305594,0.1175905097137409,0.6937798857688904,0.7831538915634155,0.2971966801474106,4.37606008868389,38.51434326171875,54.811954498291016
02852.jpg,3.3279,0.3871636986732483,0.7153008008244865,0.9626537924236891,3.9042344093322754,46.914405822753906,0.902067454180089,0.4194491096006486,4.8696794509887695,3.1380070525880983,16.8632755279541,3.862582206726074,50.84227752685547,0.9391155242919922,1.045586109161377,0.5735408663749695,0.005985239055007696,22.22918701171875,0.432645123402836,0.11633067597904319,0.6875634789466858,0.7885695695877075,0.3020174880941573,4.300046209034809,37.34344482421875,52.87508010864258
02869.jpg,3.3135,0.3870009481906891,0.7161283673747271,0.9472923823471999,4.414858818054199,71.95967102050781,0.8878138084476757,0.42917318936319276,5.1272430419921875,3.416698047953634,25.472230911254883,6.31469202041626,67.54208374023438,0.9148973226547241,1.3130897283554077,0.5041280388832092,0.01212000660598278,19.16497039794922,0.4315786277993123,0.11537355436049355,0.7027477025985718,0.7818080186843872,0.2683272063523152,3.9530896480884747,38.97869873046875,57.35092544555664
02871.jpg,3.3112,0.3848370611667633,0.7272116835548468,0.9436795562917719,4.301508903503418,65.13275909423828,0.8919754410886087,0.42356116349415385,5.0532426834106445,3.401455936347701,23.293964385986328,5.658606052398682,62.99593734741211,0.907498300075531,1.3329834938049316,0.4974086284637451,0.012057408690452576,19.187461853027344,0.42639424213416444,0.10965379147419602,0.6925070881843567,0.7843714952468872,0.2649841427037003,3.8225157842099624,36.85272216796875,58.967994689941406
02878.jpg,3.3468,0.3854416608810425,0.7393093463433182,0.9592720526230771,4.052064895629883,52.224342346191406,0.9009954256832755,0.4070834375095481,4.910890579223633,3.313212047957496,19.797943115234375,4.402696132659912,59.102882385253906,0.9400349259376526,1.2937281131744385,0.48684871196746826,0.006630305200815201,21.784664154052734,0.42798199783773494,0.11445774876731998,0.6715766787528992,0.7850387692451477,0.25712935079063326,4.395197439439017,35.40057373046875,54.386837005615234
02882.jpg,3.2993,0.37800827622413635,0.7671364719478923,0.9709494563373708,4.114480018615723,48.12012481689453,0.9031569211384897,0.4029730753092022,4.902232646942139,3.4585385759165295,19.353252410888672,4.002502918243408,63.914546966552734,0.9601973295211792,1.2316480875015259,0.5102765560150146,0.004975565243512392,23.031578063964844,0.4386559806209942,0.10613181252972137,0.6707897186279297,0.7959814071655273,0.2676700390340001,4.337778447127347,36.96160888671875,55.658302307128906
02886.jpg,3.3098,0.381946325302124,0.8145806732137809,0.9665756671161558,3.9024081230163574,41.77931213378906,0.9058145563647602,0.3990868174789548,4.930665969848633,3.597640596725358,16.773326873779297,3.432645320892334,56.658966064453125,0.9470165967941284,1.0069550275802612,0.4907471537590027,0.006143378093838692,22.115928649902344,0.4356636164616168,0.10273224720284428,0.6645389795303345,0.7781522274017334,0.26088540170390084,4.4019249914717635,34.77606201171875,60.735694885253906
02901.jpg,3.3178,0.387744277715683,0.7315772151167371,0.9565801629506581,4.009122848510742,54.71158218383789,0.8896388566889692,0.40239265226070664,4.86658239364624,3.2466453108898667,21.59975814819336,4.63613748550415,56.64273452758789,0.9281578063964844,1.1111881732940674,0.48318564891815186,0.007489990442991257,21.25518798828125,0.461791711495007,0.12263117113805357,0.6598699688911438,0.7788988351821899,0.2612849712100831,4.989520984768128,37.72625732421875,55.441490173339844
02926.jpg,3.3132,0.3821476697921753,0.6667533667213489,0.9707235032093902,4.129483699798584,51.738529205322266,0.8941229649425633,0.4104193710232455,4.803160667419434,2.9779477365387548,20.318931579589844,4.3226752281188965,60.04285430908203,0.959513783454895,1.23421311378479,0.45036688446998596,0.004460094030946493,23.506563186645508,0.4691764226357099,0.12469477694353992,0.6768089532852173,0.7383890151977539,0.23928987828773007,4.914756674271431,36.77606201171875,55.835289001464844
02928.jpg,3.3077,0.3881317675113678,0.6496625758600515,0.9662473070100687,4.144577980041504,52.326133728027344,0.8969354823333346,0.41587901925787363,4.758451461791992,2.8919939672296335,21.137422561645508,4.372443675994873,61.420528411865234,0.9542882442474365,1.3322519063949585,0.48495906591415405,0.00523403100669384,22.81163787841797,0.47123827861487905,0.13361344084650187,0.681687593460083,0.7400856018066406,0.2563831908368712,5.0338648582473615,39.52655029296875,58.21024703979492
02939.jpg,3.3248,0.3885425925254822,0.6732216996571041,0.9609048772754596,4.556845664978027,69.9130859375,0.878373907690945,0.42081666036743737,5.131084442138672,3.2610750262125503,25.973711013793945,6.06839656829834,74.26844024658203,0.9443924427032471,1.3325607776641846,0.4779568314552307,0.009517772123217583,20.214649200439453,0.44932817304824535,0.12052215788988398,0.6849771738052368,0.7904747724533081,0.25389759861111216,4.731674241610188,40.94793701171875,60.422691345214844
02940.jpg,3.3397,0.3794745206832886,0.6586013754905833,0.9643215020627105,4.645242214202881,74.93914031982422,0.8662903537579572,0.4380316546043096,5.179825782775879,3.2354139772215067,27.273954391479492,6.757932186126709,83.02267456054688,0.9520716667175293,1.474725365638733,0.490019828081131,0.012051276862621307,19.18967056274414,0.4450342115844363,0.11417393789346604,0.6987502574920654,0.7902461290359497,0.25512104634813776,3.8095804599365266,39.50408935546875,63.019283294677734
02951.jpg,3.3338,0.38977301120758057,0.6872720206161748,0.9634090854863435,4.5447235107421875,71.04463195800781,0.8777336311673931,0.4269941293167961,5.160053730010986,3.334923199817627,27.37653160095215,6.46842622756958,76.7695541381836,0.9486435651779175,1.3248931169509888,0.4719465970993042,0.009327241219580173,20.30246925354004,0.44798195744512803,0.1296377401828854,0.6945372819900513,0.7940621376037598,0.25228303727985324,4.491135794146704,49.50067138671875,64.06909942626953
02974.jpg,3.3354,0.39783740043640137,0.6373984364113741,0.957856474412084,4.6805949211120605,79.80290222167969,0.8781224629239459,0.4309963443640622,5.127077102661133,3.125708889210152,30.6168212890625,7.476863384246826,77.81753540039062,0.9401391744613647,1.3962186574935913,0.48975932598114014,0.01154053583741188,19.377742767333984,0.47524213122529085,0.11410264914203672,0.6966260671615601,0.7913614511489868,0.26097585031607995,4.544287294802531,-13.61114501953125,60.94101333618164
02978.jpg,3.3684,0.3952224850654602,0.6600729369620065,0.95314082024482,4.555825710296631,74.97222900390625,0.8825736661960303,0.4276830975361008,5.151479721069336,3.2037769991143232,28.299421310424805,6.97359561920166,76.21012115478516,0.9316895008087158,1.432105541229248,0.43654000759124756,0.012195821851491928,19.137889862060547,0.4621597789126396,0.09019597691342175,0.6728798747062683,0.7728040218353271,0.24408663564710456,4.657386930757627,-11.32745361328125,63.564613342285156
02980.jpg,3.3803,0.3948461711406708,0.6518154594257,0.9556633154071182,4.585228443145752,76.06669616699219,0.8776994070711266,0.4256998905896585,5.127403259277344,3.1654337928505623,28.044771194458008,7.03303337097168,74.94387817382812,0.9354681968688965,1.3908307552337646,0.47698283195495605,0.011320643126964569,19.46129035949707,0.4706326376818375,0.11044533935244716,0.6820914149284363,0.7870571613311768,0.25830476119116574,4.625093321516689,-17.26788330078125,61.38624572753906
03007.jpg,3.3236,0.398617148399353,0.6228563191419234,0.9427577449541226,4.7262959480285645,68.64894104003906,0.8751433699156838,0.4117920239037518,5.0241851806640625,3.0365859526948533,26.900224685668945,5.905218124389648,67.20953369140625,0.9111573696136475,1.4074914455413818,0.49111664295196533,0.01263991929590702,18.982559204101562,0.45952955666437784,0.12882076927010366,0.6825464963912964,0.7638280987739563,0.25691196416403933,5.045995649051105,40.92742919921875,60.490806579589844
03021.jpg,3.3334,0.39698970317840576,0.6448693794828045,0.9472809497276896,4.57386589050293,71.9343032836914,0.8742992607717897,0.4148011962345365,5.135587692260742,3.1306767323058065,27.15835952758789,6.2727203369140625,69.00999450683594,0.9196069240570068,1.3950790166854858,0.470808207988739,0.011586969718337059,19.360301971435547,0.4520800800628515,0.12507835382869023,0.6820623874664307,0.769905686378479,0.2568101456031636,4.289946233905645,38.69451904296875,54.857177734375
03034.jpg,3.3368,0.39933350682258606,0.6163891649055221,0.9460771584309572,4.608555793762207,81.41864776611328,0.8548714349874914,0.41931891264324417,5.226772308349609,3.0312061895156273,28.999439239501953,7.182900428771973,75.82357025146484,0.9170836210250854,1.4285058975219727,0.4448472559452057,0.014492416754364967,18.388593673706055,0.4267893319471113,0.12026145774416919,0.6841707229614258,0.769661545753479,0.23629302110718103,4.249175968346663,34.33026123046875,53.776206970214844
03045.jpg,3.3188,0.39401793479919434,0.6325698834106458,0.9569316294961158,4.642614364624023,81.2253189086914,0.8751350805842356,0.43074791285179304,5.14070987701416,3.094329796753824,29.512577056884766,7.205973148345947,78.75999450683594,0.939582884311676,1.424382209777832,0.45198124647140503,0.011863183230161667,19.25798797607422,0.4211191762781557,0.10604583220791658,0.6960625648498535,0.781421422958374,0.24350983589288824,3.910525813903456,40.18280029296875,53.78058624267578
03074.jpg,3.3128,0.3802248537540436,0.7425138572594956,0.9660692290863231,4.330811500549316,57.4157829284668,0.8826012416413235,0.40872566681926853,5.170784950256348,3.527547242730874,22.658071517944336,4.89844274520874,69.62872314453125,0.9505680799484253,1.2336441278457642,0.49187925457954407,0.007427603472024202,21.291513442993164,0.45823958000605575,0.1317707613878779,0.6732755899429321,0.7821816205978394,0.2647453737631993,4.516723891978843,30.97381591796875,59.85255432128906
03091.jpg,3.3561,0.39363357424736023,0.6123871924381319,0.9477474247338777,4.869518756866455,86.96192932128906,0.8792033457950977,0.42823100081695026,5.195384979248047,3.081820263922225,30.53839683532715,7.678462028503418,82.4623794555664,0.9254486560821533,1.5161230564117432,0.4480142593383789,0.01502971537411213,18.230491638183594,0.42998688306248406,0.08811287952856357,0.6883296966552734,0.7809191942214966,0.24545462182465969,3.3436817932912253,42.50701904296875,57.348480224609375
03112.jpg,3.3336,0.3930216133594513,0.6406841939277038,0.9461959587328612,4.499914646148682,57.3769645690918,0.8940410683494344,0.41921992621057824,5.01622200012207,3.0484309203874282,22.350522994995117,4.911700248718262,59.76414108276367,0.9182095527648926,1.4094045162200928,0.5664575695991516,0.010398576967418194,19.83026123046875,0.4490397083467096,0.11817272159024378,0.6967161893844604,0.77428138256073,0.30325274322382756,4.06815680308672,31.51483154296875,57.423828125
03115.jpg,3.36,0.4034453332424164,0.6170585948639912,0.9423930303907362,4.67188835144043,68.24028778076172,0.8889036466013818,0.42428954915527783,5.089437484741211,3.011666476460647,25.212675094604492,5.9000444412231445,64.1314468383789,0.91031414270401,1.3977749347686768,0.5433245301246643,0.012194817885756493,19.138246536254883,0.43327403247208485,0.13489831182593645,0.6993225812911987,0.7739531397819519,0.2876999450995304,4.510307305735195,35.96990966796875,58.122432708740234
03116.jpg,3.3104,0.4019607603549957,0.62283050044097,0.9452461377341286,4.6651434898376465,65.63882446289062,0.8868926815459841,0.42456572478905696,5.071267604827881,3.032078304703166,24.542390823364258,5.676461219787598,63.65501403808594,0.9162825345993042,1.3953752517700195,0.5561428666114807,0.011357506737112999,19.44717025756836,0.432802658394505,0.14188399442009111,0.7004726529121399,0.7830524444580078,0.2916256838553939,4.40049573120622,34.35760498046875,61.047813415527344
03117.jpg,3.3336,0.395184189081192,0.6093175615732235,0.9441032544033104,4.539797306060791,58.45500183105469,0.892459793786312,0.41620750614773155,5.037317276000977,2.917763313322876,21.487640380859375,5.063316345214844,58.761653900146484,0.912164032459259,1.3632186651229858,0.5007311105728149,0.010188773274421692,19.918781280517578,0.43522564151033893,0.10766474283854903,0.6859768033027649,0.7686988115310669,0.2736317526656549,4.1091206481127385,39.76678466796875,56.7513542175293
03120.jpg,3.3699,0.3834531009197235,0.6373906875854283,0.9561905953091612,4.781962871551514,79.83142852783203,0.8729084639871134,0.44320821076364025,5.27273416519165,3.204396919039141,27.61151695251465,7.159870624542236,77.23731994628906,0.9365887641906738,1.432826280593872,0.5133538246154785,0.012100251391530037,19.172056198120117,0.42448749207113506,0.12538311844590525,0.7182900905609131,0.7993001937866211,0.27475477000012793,3.679611150060519,37.41082763671875,53.36357116699219
03123.jpg,3.336,0.3891907334327698,0.5640660411252225,0.9462573827170722,4.946524143218994,73.96992492675781,0.8693792812661262,0.4374933098349824,5.144502639770508,2.8460130072200602,26.072120666503906,6.629011631011963,75.8027572631836,0.9240248203277588,1.6300127506256104,0.48215770721435547,0.013879336416721344,18.57631492614746,0.4242740841002183,0.1231287440111511,0.7172601222991943,0.7680447101593018,0.2535589753461051,4.192572048367572,35.17449951171875,57.33642578125
03131.jpg,3.3517,0.39193278551101685,0.5746487818570366,0.9441537429443119,4.827561855316162,71.11624908447266,0.8538977360423108,0.4381310171023087,5.163086891174316,2.8705675565356294,24.801403045654297,6.378736972808838,75.95979309082031,0.9162355661392212,1.6479132175445557,0.4569834768772125,0.01689782552421093,17.721691131591797,0.410532228016904,0.10887326207178644,0.6951955556869507,0.7571325302124023,0.2470969961381536,3.8699693768336925,30.48406982421875,49.73020935058594
03139.jpg,3.3452,0.3976675868034363,0.5616347468087761,0.9335711814510422,4.871668338775635,76.47286987304688,0.8666979759947755,0.42437140864291356,5.116021633148193,2.8047272531406033,27.331493377685547,6.9606709480285645,72.72758483886719,0.895642876625061,1.6592321395874023,0.41519367694854736,0.017789894714951515,17.498266220092773,0.41941527097809084,0.10173085790714076,0.6814401149749756,0.726935625076294,0.23981956383280292,3.5498532341926285,35.55926513671875,53.08010482788086
03140.jpg,3.3655,0.4022333323955536,0.541651052294465,0.9337408789874,4.871930122375488,84.22708892822266,0.8702012870405387,0.4249414342197148,5.179374694824219,2.722160142642018,29.389833450317383,7.728456020355225,72.62053680419922,0.8950117826461792,1.5782761573791504,0.3925909996032715,0.016928058117628098,17.713930130004883,0.4197064214594789,0.10405817711603328,0.6857302188873291,0.7361562252044678,0.2311633109060589,3.8934264845725406,33.59881591796875,52.26557540893555
03144.jpg,3.4503,0.37002071738243103,0.6671291310030152,0.9614338002773946,4.480433464050293,67.21224212646484,0.8596849490530252,0.4281010785636399,5.2682695388793945,3.251834048697045,21.96982192993164,6.272504806518555,76.50929260253906,0.9446415901184082,1.5355947017669678,0.38738662004470825,0.012066006660461426,19.184364318847656,0.4173601922644281,0.10918808437572224,0.6841621398925781,0.7631944417953491,0.2145803344821079,4.033947682618489,24.92791748046875,49.54450988769531
03151.jpg,3.3403,0.41019904613494873,0.6464983150504608,0.9552380347721808,4.510737419128418,75.88450622558594,0.8743348716025967,0.4375900567649418,5.093461513519287,3.1045612685052983,27.68854331970215,6.818423748016357,68.43061065673828,0.9306644201278687,1.189314365386963,0.5053133368492126,0.009683465585112572,20.139692306518555,0.43363946262723646,0.13723214061007546,0.7155609726905823,0.8157246708869934,0.2684322849250414,4.315926214746058,21.84246826171875,53.24900436401367
03156.jpg,3.3352,0.392112135887146,0.575837985231965,0.944646038747929,4.62913703918457,69.90158081054688,0.863035894170101,0.4293128219691406,5.172466278076172,2.8220781207785297,24.555204391479492,6.276732921600342,64.88497924804688,0.918104887008667,1.4691615104675293,0.4258221387863159,0.010733000002801418,19.692790985107422,0.4040846318164079,0.11765215156129753,0.6964986324310303,0.7894327640533447,0.23467738375354394,4.131070927718435,36.52069091796875,51.30982208251953
03165.jpg,3.3414,0.39297670125961304,0.6178917918248533,0.9570799940127083,4.738365650177002,81.30535125732422,0.8813256721371815,0.4425600474183832,5.19694185256958,3.069483684459465,29.112552642822266,7.235609531402588,78.3662109375,0.9406448006629944,1.430142879486084,0.4872261881828308,0.011091018095612526,19.5502872467041,0.4112181850110463,0.10698091698903543,0.7161343097686768,0.8226468563079834,0.2656322512839307,3.9753039253471663,37.40106201171875,50.74349594116211
03181.jpg,3.3121,0.38246679306030273,0.632054905377203,0.9536980272934823,4.736437797546387,69.87256622314453,0.8702742428289953,0.4401140496378413,5.219653129577637,3.1464098366400766,24.335004806518555,6.232477188110352,74.80670166015625,0.935348391532898,1.5479180812835693,0.4990670382976532,0.011747969314455986,19.300373077392578,0.4053294178168852,0.11789710873856431,0.7091618180274963,0.7967854142189026,0.27172985362940166,3.610705604781586,32.68280029296875,49.055030822753906
03186.jpg,3.3212,0.38640859723091125,0.6152121733279208,0.9578222290717017,4.77456521987915,72.58456420898438,0.8748582925513542,0.44599935508970995,5.236927032470703,3.0796074382072316,24.641422271728516,6.3987908363342285,76.30291748046875,0.9410697221755981,1.4543356895446777,0.5720193386077881,0.010718641802668571,19.6986026763916,0.41019316734920347,0.11652383099275206,0.7318931221961975,0.8346679210662842,0.2957793909297301,3.3334868257347523,34.22283935546875,52.256553649902344
03229.jpg,3.3817,0.3874944746494293,0.6628384568175171,0.961116260260697,4.63624382019043,72.60218048095703,0.8855719318708538,0.4438857481503849,5.234506607055664,3.271368929639163,25.408321380615234,6.406830310821533,70.92452239990234,0.9442234039306641,1.2959487438201904,0.5809211730957031,0.00848566833883524,20.7131404876709,0.4284007878189606,0.12434428663647469,0.737354040145874,0.828882098197937,0.30644165333368106,3.7731646087235666,31.83465576171875,43.34297180175781
03242.jpg,3.355,0.3894714117050171,0.6079228590064176,0.9552099776493246,4.644595623016357,74.18729400634766,0.8847184952266821,0.44533670631306604,5.2107038497924805,2.9956420336440353,24.754804611206055,6.5530877113342285,72.06803131103516,0.9352666735649109,1.4102721214294434,0.4694482088088989,0.010199901647865772,19.914039611816406,0.4152065335821304,0.09944150035337912,0.712566614151001,0.8092775344848633,0.2673057367987162,3.84156173661985,34.40692138671875,50.352291107177734
03250.jpg,3.423,0.38002243638038635,0.6644030580869338,0.9625816324130035,4.738958835601807,68.62000274658203,0.8784896303878766,0.4399056259734987,5.202757835388184,3.3026654151242862,25.633377075195312,6.017421722412109,78.63497161865234,0.9506567716598511,1.4713900089263916,0.5283464789390564,0.009742926806211472,20.11310577392578,0.4237852116117089,0.10179728300867057,0.7174267768859863,0.8178262710571289,0.2823479343272195,3.387594520347623,31.76629638671875,54.94636535644531
03258.jpg,3.2898,0.34376683831214905,0.7080465193269156,0.9798813163966354,4.662135601043701,43.766571044921875,0.8468314791906325,0.4101464404505385,4.987441539764404,3.4161877185751424,19.69230842590332,3.7383384704589844,94.1594009399414,0.9794318675994873,1.7479960918426514,0.5346536636352539,0.014272445812821388,18.45501708984375,0.4655899453465063,0.05580286693160474,0.6697497367858887,0.8068771958351135,0.2842967982101497,3.6510585941788243,18.59686279296875,41.43304443359375
03259.jpg,3.2743,0.34347355365753174,0.7293987988646368,0.9775771753887217,4.607545852661133,46.453712463378906,0.8350664531978059,0.408550786328625,4.9538092613220215,3.487033793528492,20.758899688720703,3.9733004570007324,96.1597671508789,0.9764646291732788,1.7326538562774658,0.545727550983429,0.01840978115797043,17.34951400756836,0.4597704869809561,0.06579499761689422,0.6554794311523438,0.8002745509147644,0.2865555029497355,3.7195086685458567,29.40838623046875,39.322975158691406
03263.jpg,3.2612,0.33372265100479126,0.7053642231722272,0.9729967057307861,4.223598957061768,37.8291130065918,0.7986410711106078,0.3736491632345586,4.589223861694336,3.108137891133966,18.019176483154297,3.091017484664917,100.17595672607422,0.9702795743942261,1.852243423461914,0.555814266204834,0.02745867893099785,15.613204002380371,0.45748654781466874,0.07267918204891424,0.6193567514419556,0.757309079170227,0.28829653449463194,3.9455188549617355,27.21502685546875,42.65400314331055
03264.jpg,3.2669,0.33582594990730286,0.696034174979695,0.9734488587219171,4.263118267059326,37.0310173034668,0.7954612953442853,0.3638114624192192,4.564335823059082,3.072117674787365,17.833799362182617,3.0196428298950195,99.96800994873047,0.9708408713340759,1.8479266166687012,0.5435868501663208,0.027996283024549484,15.528997421264648,0.46476700163811113,0.06408080223431944,0.6127715706825256,0.7535064220428467,0.2858700762600815,3.8128302215041936,27.87371826171875,41.19243621826172
03267.jpg,3.2541,0.3305637240409851,0.7058423657968504,0.9784047697904892,4.4216485023498535,37.11511993408203,0.8017187210683532,0.3878880192870697,4.773022651672363,3.245007482198065,17.31217384338379,3.0271012783050537,99.56761169433594,0.9778982400894165,1.843360185623169,0.5853743553161621,0.023056790232658386,16.372011184692383,0.46579923792940686,0.058048947734862445,0.6363612413406372,0.7721114754676819,0.3024120661364669,3.6762215023397466,26.38739013671875,40.61797332763672
03270.jpg,3.28,0.31518328189849854,0.7026100169603928,0.9714854276407862,4.320004940032959,36.18797302246094,0.8219549115486873,0.39053218865494693,4.734585762023926,3.1809362009220905,17.263137817382812,2.9729981422424316,100.62126922607422,0.9696087837219238,1.8581069707870483,0.529855489730835,0.02217673882842064,16.54102325439453,0.4665624142974788,0.04809400017626282,0.6269641518592834,0.7311663627624512,0.2862115409285594,3.8664352497464534,33.07244873046875,39.080894470214844
03290.jpg,3.3167,0.35872989892959595,0.6467386328878033,0.9730784756979024,4.7868452072143555,60.98259735107422,0.8534041487493711,0.4196613837346117,5.033238887786865,3.175525924481054,23.986248016357422,5.229475021362305,91.3764877319336,0.9690713882446289,1.6239962577819824,0.5607504844665527,0.01522885449230671,18.173328399658203,0.4702257035465256,0.09881726526314019,0.6857672929763794,0.8129552602767944,0.2921316324379897,4.026298652359756,30.31658935546875,44.6939697265625
03296.jpg,3.2482,0.3339548110961914,0.72063263947107,0.9824810387394629,4.524073600769043,40.654293060302734,0.8265252138275776,0.4093882999744523,4.739496231079102,3.33782877824022,19.52206802368164,3.350963830947876,97.86797332763672,0.9831295013427734,1.806081771850586,0.6218959093093872,0.01784321665763855,17.485267639160156,0.4865979382099327,0.0697590519126498,0.6508317589759827,0.801978588104248,0.3184760006949565,3.8990563719917937,31.14959716796875,45.5872802734375
03336.jpg,3.2678,0.3724110722541809,0.6331847808507629,0.9830542345341905,4.387811660766602,31.470691680908203,0.8968978004947332,0.3780614928127088,4.367064476013184,2.771738769813548,16.54294204711914,2.4787251949310303,78.65567779541016,0.9824661016464233,1.762626051902771,0.5423325300216675,0.01067701168358326,19.715503692626953,0.47109445005649125,0.0781360281633733,0.6487209796905518,0.7714327573776245,0.27413943915266387,4.563312254909562,22.68768310546875,47.69850158691406
03347.jpg,3.2871,0.38997817039489746,0.5987461919378892,0.9655225471272639,4.666385650634766,57.60809326171875,0.8832603239024895,0.42320348422161613,4.98974609375,2.8907970467107678,22.12017822265625,4.846701145172119,72.59874725341797,0.9548871517181396,1.468482255935669,0.6349102258682251,0.00940927304327488,20.26443862915039,0.4669779720068309,0.1496314353997932,0.7002496719360352,0.8277413845062256,0.3197686888497078,4.14582890086371,37.09197998046875,46.44694137573242
03389.jpg,3.3533,0.3916298449039459,0.6614537536913402,0.9506798006982952,4.313467025756836,69.01781463623047,0.8729165682475126,0.4134811069996321,5.088261127471924,3.1094163593283763,25.062040328979492,6.020036220550537,67.93501281738281,0.9271684885025024,1.422836184501648,0.4798237681388855,0.010068487375974655,19.97035789489746,0.44059175268481165,0.14354945957418372,0.6822648048400879,0.7526388764381409,0.2626775508453308,4.551046168665777,38.30145263671875,57.0561637878418
03405.jpg,3.3061,0.4136287271976471,0.6025131070754358,0.9533801939269043,4.555820941925049,91.57125854492188,0.8684864760761837,0.4225611668954431,5.045300483703613,2.8924119772753887,32.74273681640625,8.0615816116333,73.51681518554688,0.9301649928092957,1.2652935981750488,0.47203201055526733,0.011238629929721355,19.492868423461914,0.4486632410971282,0.13611657405706357,0.6897239685058594,0.7872006297111511,0.25566666262482823,5.905292902242088,47.82147216796875,63.99559783935547
03433.jpg,3.31,0.4060414135456085,0.620125895869834,0.9482002534953953,4.2990803718566895,74.00540161132812,0.8822160685439367,0.41585281960299325,5.0282368659973145,2.8920669548063938,27.48931312561035,6.460348606109619,68.48518371582031,0.9216452836990356,1.3586387634277344,0.4509144127368927,0.01103302463889122,19.573055267333984,0.44965974397787634,0.1185729502360135,0.6741212606430054,0.7522509098052979,0.25830736802555343,4.613944632909459,29.54705810546875,57.935813903808594
03442.jpg,3.2681,0.38675159215927124,0.570424448490476,0.9563210972364763,4.802376747131348,60.57898712158203,0.8902367605681583,0.4271557129572533,5.113272666931152,2.8280750412768754,22.447668075561523,5.371894359588623,74.80591583251953,0.9436812996864319,1.5977582931518555,0.5032917261123657,0.011236978694796562,19.49350357055664,0.46680871080430014,0.08932011722372885,0.7050297260284424,0.8147033452987671,0.268932904301545,4.598786136417018,42.86639404296875,46.424598693847656
03444.jpg,3.3124,0.3963196575641632,0.5580232855590752,0.9517989089606121,4.8187737464904785,68.96611785888672,0.871077726394159,0.42421436608618324,5.092196464538574,2.7652863360885114,25.881881713867188,6.122236251831055,76.10096740722656,0.9354243278503418,1.586031198501587,0.5594520568847656,0.013769010081887245,18.61097526550293,0.4478782326716065,0.1518901710347427,0.6956051588058472,0.8130552768707275,0.2896619023107472,4.157528500525648,56.73065185546875,50.89125061035156
03451.jpg,3.2659,0.3768619894981384,0.6135834573321174,0.9731566055927419,4.604690074920654,37.59687042236328,0.8957808773010268,0.39666505181470885,4.612009048461914,2.827618258620139,17.67976951599121,3.046337842941284,79.49284362792969,0.9704043865203857,1.7197239398956299,0.5522212386131287,0.011422066017985344,19.42255210876465,0.4747368554551506,0.09618176213154957,0.6623438000679016,0.7815301418304443,0.28496103981941556,4.20002598242176,29.75946044921875,44.94341278076172
03457.jpg,3.3068,0.36902618408203125,0.6644295708043866,0.9727897882914835,4.869059085845947,71.35675048828125,0.8876872234025215,0.4349717533805534,5.096229553222656,3.3106284665120107,27.194658279418945,6.189808368682861,88.59555053710938,0.9668450951576233,1.42201566696167,0.5571619272232056,0.009143210016191006,20.389013290405273,0.4669734384406601,0.10761511632677664,0.7233443260192871,0.842613697052002,0.28939059919959403,4.198502201449122,38.81365966796875,57.38475799560547
03458.jpg,3.2873,0.36878547072410583,0.6704852675305424,0.9733360132953108,4.841484546661377,69.7195816040039,0.8857581643186739,0.435522321169214,5.093378067016602,3.3306016830450798,26.783172607421875,6.0423712730407715,88.5556640625,0.9677865505218506,1.441899299621582,0.5618831515312195,0.009478718042373657,20.23250389099121,0.4661071474081928,0.10853874363580439,0.721163272857666,0.8477585911750793,0.29134680860308015,3.8770148146898658,38.50653076171875,57.89595031738281
03468.jpg,3.2737,0.3772926926612854,0.5915864282976703,0.9665026679904201,4.770929336547852,61.602787017822266,0.8639291055356904,0.4279506785297407,5.033306121826172,2.9000371394462814,24.827850341796875,5.2796831130981445,86.85549926757812,0.9601787328720093,1.641972541809082,0.5701833963394165,0.01518846582621336,18.18486213684082,0.46444930708673626,0.11929425679725919,0.6971949338912964,0.8141018152236938,0.2950601352644563,4.297028619035248,35.21649169921875,51.64031982421875
03471.jpg,3.2889,0.378987193107605,0.6296712039736958,0.9670212346788111,4.767551422119141,66.67919921875,0.8730615156698698,0.43135961517652016,5.0717453956604,3.0977725573741974,26.255069732666016,5.773606777191162,86.53565979003906,0.9600132703781128,1.5650978088378906,0.5584187507629395,0.01325845904648304,18.775070190429688,0.45602561906204625,0.12096977205407358,0.7060199975967407,0.8319064378738403,0.2869041095563448,4.050759338739487,35.96697998046875,56.02045440673828
03476.jpg,3.2654,0.359087735414505,0.7117210926102573,0.9799060354125695,4.680485725402832,56.20634460449219,0.8829551267648047,0.4319592632789521,4.973995685577393,3.435662159393031,23.873388290405273,4.798283576965332,90.79403686523438,0.9772125482559204,1.5205639600753784,0.5706987977027893,0.009928853251039982,20.0310115814209,0.474574883762608,0.09668141653148438,0.7030467987060547,0.8438132405281067,0.2957094615212537,3.9929646781143626,33.51141357421875,55.503265380859375
03484.jpg,3.3662,0.36835962533950806,0.6422874496903951,0.9729602593095963,4.861359119415283,66.19519805908203,0.8920940994972165,0.441323775407341,5.090716361999512,3.196058425725827,24.891172409057617,5.695067405700684,87.30261993408203,0.9676710963249207,1.4544488191604614,0.5757366418838501,0.008500171825289726,20.70572280883789,0.48243033251216283,0.1013080798800988,0.7295489311218262,0.8356471061706543,0.30289941828120476,3.97505619248945,36.78045654296875,52.33184814453125
03493.jpg,3.2542,0.36786359548568726,0.6218874373125942,0.975139416897046,4.499595642089844,49.35652542114258,0.8627824445672174,0.4225566323358011,4.836239814758301,2.9029309695915755,21.24327278137207,4.232192039489746,87.89947509765625,0.9724564552307129,1.72564697265625,0.5364388227462769,0.01618914306163788,17.90776252746582,0.4683083754169671,0.09510431730169543,0.6826098561286926,0.8023351430892944,0.28351759044229663,3.967421073524664,34.10467529296875,44.209712982177734
03502.jpg,3.298,0.3535161018371582,0.696949868875868,0.9774816216016764,4.387948513031006,40.333091735839844,0.8347197111483825,0.4060675416574197,4.769833564758301,3.1912705208873398,19.3946533203125,3.337015390396118,94.76653289794922,0.9757655262947083,1.806797981262207,0.5922808051109314,0.019498424604535103,17.100006103515625,0.4732873075804559,0.07770023688479288,0.6648851037025452,0.7937535047531128,0.30398232152567106,3.7681902960334206,30.01190185546875,42.457427978515625
03503.jpg,3.2662,0.3535802960395813,0.6816385651588889,0.9738474576307624,4.345921993255615,40.403282165527344,0.8318958572200551,0.39957429012164525,4.741552829742432,3.09719916064505,19.062904357910156,3.334083318710327,94.34038543701172,0.9709415435791016,1.8120977878570557,0.5423471927642822,0.02105679176747799,16.76607894897461,0.48460295122734814,0.06560231279038442,0.6556487083435059,0.7709603309631348,0.28640092808964046,3.9322427240072706,30.02996826171875,46.28544616699219
03506.jpg,3.3042,0.3638283610343933,0.6392002010327411,0.9765667190474763,4.456730842590332,45.62991714477539,0.854554254306186,0.41951491347246733,4.806999206542969,2.960701020018698,19.676156997680664,3.852537155151367,88.8186264038086,0.9745122194290161,1.7726446390151978,0.5714695453643799,0.018044915050268173,17.436452865600586,0.4805269778236928,0.09923668809060293,0.6807335615158081,0.7919299602508545,0.29739929273775784,3.891719055231215,30.06805419921875,44.21929168701172
03511.jpg,3.3044,0.39432889223098755,0.5771390660636829,0.9626549446183137,4.799272060394287,68.45216369628906,0.8808042276518971,0.4243641371719203,5.044388771057129,2.8405911853444383,25.78160285949707,6.065726280212402,75.20975494384766,0.9502700567245483,1.4221973419189453,0.5825785398483276,0.009514303877949715,20.216232299804688,0.4764215672180389,0.12919360329975754,0.711658239364624,0.829811692237854,0.2953263027082424,3.8103605381692787,6.77557373046875,56.493324279785156
03528.jpg,3.352,0.3489271402359009,0.6879507271920252,0.9512370540219384,4.733291149139404,50.33543395996094,0.8465210965172499,0.3888672192113748,5.164888381958008,3.404742689088895,21.493118286132812,4.190661907196045,89.33676147460938,0.9382075071334839,1.7609483003616333,0.5337214469909668,0.028087716549634933,15.514836311340332,0.46099533374645046,0.08955906053412278,0.6413131356239319,0.7486001253128052,0.27734772151956766,4.48560849839828,38.58123779296875,47.403221130371094
03546.jpg,3.3157,0.3715764880180359,0.7001379479534481,0.965075182265865,4.7328009605407715,60.13517761230469,0.862328562330336,0.40089171131336515,5.180205345153809,3.4702490221871667,23.75702476501465,5.061610698699951,87.51776123046875,0.9569582343101501,1.6059248447418213,0.531068742275238,0.020814334973692894,16.816373825073242,0.4373000037340313,0.08044839187238612,0.6569123864173889,0.7745067477226257,0.2861343860978606,4.093622017998444,37.60076904296875,52.576175689697266
03567.jpg,3.3146,0.39604660868644714,0.5455483024720039,0.9242419262978363,4.863597869873047,53.19782638549805,0.8703239742458874,0.38230582925894535,4.983663558959961,2.6860885242937034,22.580890655517578,4.657264232635498,70.19752502441406,0.8844791650772095,1.8368511199951172,0.4934405982494354,0.03410651907324791,14.671627044677734,0.4651056418120281,0.10073466250604625,0.650253176689148,0.7183787226676941,0.2618384924088878,4.363320798682258,37.20330810546875,45.858428955078125
03572.jpg,3.3296,0.37308868765830994,0.6311877594170017,0.9569593837308369,4.575911521911621,48.480831146240234,0.8657099016913627,0.3899171434179955,4.982349395751953,3.0165403484740025,19.673954010009766,4.115184307098389,80.40908813476562,0.9472179412841797,1.7830266952514648,0.49800530076026917,0.026352189481258392,15.791831970214844,0.4521464095077161,0.10172117751964031,0.6490365266799927,0.7671031951904297,0.26424362899913756,4.113517202615535,27.13934326171875,54.509033203125
03583.jpg,3.3188,0.38931575417518616,0.5791878906287575,0.9415754137592802,4.882585048675537,59.95298767089844,0.8800815074415098,0.40129400859359493,5.223464012145996,2.9266612212093825,23.33834457397461,5.108791351318359,75.78428649902344,0.9181959629058838,1.6712186336517334,0.544633686542511,0.02231961488723755,16.513134002685547,0.4293689904653332,0.10771586781958548,0.6708190441131592,0.7625009417533875,0.28588714223345085,3.8381279942738438,35.66278076171875,48.20219802856445
03586.jpg,3.3301,0.34541934728622437,0.655464400608729,0.9671567346779822,5.026714324951172,64.4417724609375,0.8755941115971627,0.4345128203660619,5.209969997406006,3.3549031566099536,24.522315979003906,5.51209831237793,91.09042358398438,0.9613745212554932,1.5821170806884766,0.5998011827468872,0.010520944371819496,19.779455184936523,0.45067452814533504,0.09632344723041468,0.7111186385154724,0.8282670974731445,0.31139915966726855,4.196209784061519,35.27703857421875,45.10591125488281
03589.jpg,3.3149,0.3735748529434204,0.587799223665798,0.9437959007523352,5.023012638092041,62.67491912841797,0.8766646827072143,0.4121618495728379,5.319319725036621,3.0396182769361566,23.110788345336914,5.354637145996094,77.8928451538086,0.921904981136322,1.6346313953399658,0.5239994525909424,0.017681870609521866,17.524717330932617,0.42968062742389673,0.08803612743716033,0.6855756640434265,0.785635232925415,0.2856395416006778,3.802840059091901,32.58367919921875,45.979801177978516
03594.jpg,3.3228,0.3642890155315399,0.618134060663871,0.9541912800791824,5.058368682861328,59.11420440673828,0.8737236192787842,0.415980458645168,5.339968204498291,3.213794557469896,21.915983200073242,4.990156173706055,81.18971252441406,0.9382765889167786,1.5405880212783813,0.5276793241500854,0.01672092080116272,17.767398834228516,0.42943010743773075,0.08014119040931925,0.6837453842163086,0.7949537038803101,0.2891342485911691,4.092066545823378,37.94207763671875,48.06338119506836
03596.jpg,3.3253,0.30871105194091797,0.6596392166480218,0.9670845364642113,4.6205644607543945,42.66527557373047,0.7926924892452536,0.3760671009996453,4.919014930725098,3.1463524310060267,17.99273681640625,3.488675594329834,103.2350845336914,0.9630508422851562,1.8024438619613647,0.5064589977264404,0.023031609132885933,16.376758575439453,0.4252127709488714,0.041324436582899936,0.6163222789764404,0.7006186842918396,0.29273313983052324,3.9481739127111473,35.94256591796875,40.84272766113281
03599.jpg,3.2888,0.29812806844711304,0.7260026033949707,0.9563424231931634,3.915165424346924,38.32525634765625,0.7526763429399632,0.3520086634141714,4.746273040771484,3.1441265960410503,15.771410942077637,3.0452945232391357,103.82563781738281,0.9475012421607971,1.9148939847946167,0.48681747913360596,0.03788040950894356,14.215852737426758,0.38918980558042826,0.02475000874063141,0.5696587562561035,0.5972198247909546,0.31410972438442386,4.447375427940726,35.89178466796875,51.33606719970703
03609.jpg,3.307,0.3086565136909485,0.7375951438248438,0.9587054035116915,3.8395259380340576,38.72946548461914,0.7578589938420919,0.3637308250588314,4.732000827789307,3.1611695878904253,16.871015548706055,3.0857248306274414,104.08905792236328,0.9518718719482422,1.924203872680664,0.5730293989181519,0.03787277638912201,14.216729164123535,0.4279373673699541,0.014272742245752836,0.5757635831832886,0.6269866824150085,0.34722605195843786,4.231438250579633,38.44354248046875,47.55049514770508
03612.jpg,3.2919,0.3086698651313782,0.7121669613181257,0.9584624603513862,3.975386142730713,40.8618049621582,0.762352853406495,0.35538648621535274,4.759547233581543,3.1103783941689773,16.87773323059082,3.294130325317383,103.08600616455078,0.9510736465454102,1.9202210903167725,0.48600780963897705,0.03621387854218483,14.411249160766602,0.39876357213869523,0.021882118506572006,0.5809704065322876,0.6122235059738159,0.3059027443021017,4.30440331834221,37.86346435546875,48.76605224609375
03614.jpg,3.3053,0.29909375309944153,0.7083090120178229,0.9618295743934635,4.026120185852051,39.34474182128906,0.7540466116723408,0.36606086090460116,4.7104339599609375,3.0941024114007147,16.812789916992188,3.1489315032958984,104.8045654296875,0.9563109874725342,1.9237065315246582,0.4948975443840027,0.03274336829781532,14.848767280578613,0.392528251190886,0.017668218345248347,0.5770002603530884,0.6141090989112854,0.3099168944848955,4.3109028994653915,35.59783935546875,52.57736587524414
03627.jpg,3.3279,0.2986246645450592,0.6655891977649188,0.9675142351513071,4.31011438369751,41.49675750732422,0.7618665825165234,0.372738936116556,4.752771377563477,3.016091804692544,17.736862182617188,3.4293947219848633,105.51296997070312,0.9640102982521057,1.8783247470855713,0.48487675189971924,0.02601759135723114,15.847330093383789,0.3979982347203647,0.03354070433390176,0.598006010055542,0.6518241167068481,0.2874364271459106,4.307802236859363,32.37615966796875,51.807254791259766
03631.jpg,3.3238,0.30216705799102783,0.7124023799781258,0.958754922485621,3.956700325012207,40.24765396118164,0.7640788491925802,0.36338112829879005,4.745526313781738,3.099756620029811,16.75166130065918,3.284539222717285,103.7044448852539,0.9514275789260864,1.9254472255706787,0.4909810423851013,0.034926604479551315,14.568437576293945,0.40889608878460343,0.019247007413913875,0.581548273563385,0.6039475798606873,0.31162970619459257,4.1684980096253,31.82781982421875,50.66657257080078
03645.jpg,3.2852,0.3195022642612457,0.7490519942215496,0.9561548357509406,3.8308444023132324,37.599830627441406,0.7631701267496438,0.3479180588423924,4.724363327026367,3.204160892544345,16.49260139465332,2.984585762023926,102.3548583984375,0.9474918842315674,1.9248239994049072,0.5518286824226379,0.042224857956171036,13.744318008422852,0.44484748574963184,0.019564146255181682,0.575372576713562,0.620114803314209,0.3392247132495936,4.2707258643110775,38.88836669921875,48.311038970947266
03653.jpg,3.3276,0.28716450929641724,0.6445057146148576,0.9794409450296623,4.683772087097168,43.795677185058594,0.8145166902638991,0.4075520572475169,4.773584842681885,3.0476720326599827,18.581235885620117,3.599278450012207,105.65237426757812,0.9796439409255981,1.7504611015319824,0.5241763591766357,0.011540310457348824,19.377826690673828,0.43266963697654265,0.04421222883894097,0.6444008350372314,0.7664252519607544,0.2831564914419728,3.8839115582760706,34.46014404296875,39.67560577392578
03658.jpg,3.3405,0.33587363362312317,0.7235921357621437,0.9751015374067491,4.970193386077881,47.53478240966797,0.8626797589465297,0.41361357258848885,5.209031581878662,3.6828164940261967,20.483388900756836,3.985947847366333,94.88603973388672,0.9713699817657471,1.5215531587600708,0.5747041702270508,0.011621115729212761,19.347522735595703,0.47029023552340843,0.07599950883535549,0.6829603314399719,0.8066575527191162,0.2990529618252238,3.705363756953364,31.60125732421875,51.44458770751953
03674.jpg,3.3319,0.3373168706893921,0.5995063952443862,0.9563896091862177,4.549206733703613,53.0136604309082,0.791511656071754,0.38395824380647436,4.907199382781982,2.834599007098329,19.78957176208496,4.444246292114258,99.10798645019531,0.9475682973861694,1.8715786933898926,0.5365872979164124,0.033443599939346313,14.75687026977539,0.45720420554395086,0.04211298652723487,0.6182957887649536,0.6949800252914429,0.32212173319488524,3.877208457771308,27.07830810546875,41.639610290527344
03681.jpg,3.3714,0.38890767097473145,0.6042824459090491,0.9245302112265855,4.762890338897705,59.06597137451172,0.8848047590708981,0.40001331644478316,5.266690254211426,3.030361065967785,22.52347183227539,5.2274956703186035,65.08882141113281,0.878936767578125,1.6249686479568481,0.4344136118888855,0.019617581740021706,17.073545455932617,0.44529018244001656,0.08719697302326058,0.6616625189781189,0.7650388479232788,0.24090573601637064,4.606878198996088,39.19207763671875,42.2615966796875
03682.jpg,3.3667,0.3892645835876465,0.6286195387644798,0.9398777862489367,4.743589878082275,63.43700408935547,0.8800776179263607,0.4153875071736352,5.283234596252441,3.151540422381231,25.094764709472656,5.666022777557373,73.4570541381836,0.9145022630691528,1.6460545063018799,0.5477004051208496,0.016877489164471626,17.7269229888916,0.45559175252116446,0.11859564564486938,0.6912181377410889,0.8034436702728271,0.279265507618917,4.869097120890845,46.85516357421875,54.862998962402344
03684.jpg,3.3902,0.3813008964061737,0.6273566550182009,0.9413679566351367,4.760136127471924,54.46776580810547,0.8770453479767315,0.39848551136148713,5.268199920654297,3.145683069509616,21.793317794799805,4.79301118850708,75.03978729248047,0.9189504384994507,1.7155072689056396,0.45807138085365295,0.020681016147136688,16.844282150268555,0.4428539549881681,0.0750002949452931,0.6586762070655823,0.7714027166366577,0.25024857784682275,4.017168326572064,32.76531982421875,45.21683883666992
03697.jpg,3.5128,0.3721793591976166,0.5649939787413811,0.9332792154514676,4.967064380645752,69.03730773925781,0.8463456601656303,0.40478329646838185,5.325716972351074,2.9076901835728677,25.169530868530273,6.187244892120361,85.47447204589844,0.9032430648803711,1.7208905220031738,0.40782517194747925,0.025004561990499496,16.019807815551758,0.42921552479703423,0.0755603940090836,0.6563318967819214,0.7364072203636169,0.24439451173796223,3.698048194710837,4.42010498046875,45.88429260253906
03698.jpg,3.4039,0.3888404965400696,0.5651009046517852,0.9254752725706537,4.968639373779297,77.55510711669922,0.8605770721295174,0.4213878026918608,5.343982696533203,2.913846438939105,28.06702995300293,6.949987411499023,80.0810775756836,0.8852106332778931,1.6876299381256104,0.5016235113143921,0.02407660521566868,16.18404769897461,0.4571241930718807,0.11099832570222906,0.6898371577262878,0.7792783379554749,0.28141877952239497,4.061947905932908,10.72137451171875,46.68201446533203
03728.jpg,4.0265,0.3754345774650574,0.5921689166645628,0.9392306558886088,4.860982418060303,56.22826385498047,0.8740349351171184,0.3992392904342963,5.324644088745117,3.0158165457697166,20.540294647216797,4.9434309005737305,73.65509033203125,0.9118604063987732,1.6338012218475342,0.39719849824905396,0.02100800722837448,16.776151657104492,0.4424644460614439,0.07142272286744007,0.6650432348251343,0.7430728673934937,0.21764299548124239,3.9814533348351375,15.30242919921875,44.76258087158203
03729.jpg,3.3601,0.3673042356967926,0.6237043205208855,0.9525494940355187,4.887343406677246,57.123435974121094,0.8658206355904032,0.4179331314494539,5.32487154006958,3.184712718289873,20.93316650390625,4.990433692932129,82.56486511230469,0.9379035234451294,1.6387829780578613,0.5077184438705444,0.018846239894628525,17.24775505065918,0.4548435998227631,0.0894722844119916,0.6933640241622925,0.7854610681533813,0.26842384101550776,4.506243340972086,36.07489013671875,48.66775894165039
03734.jpg,3.7761,0.379588782787323,0.606562667417761,0.9378367975699302,4.94636869430542,54.4346809387207,0.8716864362168134,0.3844803756787537,5.297638893127441,3.1068276015014593,20.524280548095703,4.633217811584473,75.45565795898438,0.9116321802139282,1.7041579484939575,0.45324599742889404,0.02295304834842682,16.3915958404541,0.4532569233053109,0.07573800327415149,0.6532869338989258,0.7629731893539429,0.2552818843860002,3.7296310489828004,38.37469482421875,47.93568420410156
03751.jpg,3.4079,0.3835798501968384,0.6229059176113225,0.9564145669656943,4.73675537109375,58.06508255004883,0.8768132914242577,0.4132692828621027,5.087266445159912,3.0597323473827185,22.619781494140625,4.979218482971191,76.99491119384766,0.9442218542098999,1.6628539562225342,0.5147172808647156,0.018077775835990906,17.428550720214844,0.45376116493052754,0.11393034390208744,0.6812319755554199,0.7798744440078735,0.2729950589018678,4.1807543644451775,37.49334716796875,52.791011810302734
03753.jpg,3.3901,0.37840619683265686,0.6237795927617231,0.9642867625516887,4.810572624206543,55.41276550292969,0.8809806024279537,0.41017882528536403,4.9842963218688965,3.054931154260256,23.47594451904297,4.710000514984131,80.1670150756836,0.9568625092506409,1.645014762878418,0.5208836793899536,0.013676116243004799,18.64037322998047,0.46154222158392405,0.11019297906462835,0.6790221929550171,0.7921510934829712,0.26986300134359803,4.266015208286168,35.20819091796875,56.57978439331055
03771.jpg,3.3838,0.4021508991718292,0.6012924992271884,0.9521130038726483,4.91662073135376,78.63141632080078,0.8664217861407058,0.4168373559982331,5.208892822265625,3.0442088820126614,28.251367568969727,6.802705764770508,75.8458251953125,0.9305013418197632,1.4280731678009033,0.47734206914901733,0.017077047377824783,17.675872802734375,0.437970168215482,0.1287347089027464,0.6922588348388672,0.7953886985778809,0.25306416626736605,4.073894330612461,38.31512451171875,51.56805419921875
03778.jpg,3.3582,0.34477442502975464,0.6906884190908943,0.9549723156146326,4.351230144500732,45.55591583251953,0.8270641517940808,0.38067549923179306,5.024471282958984,3.2378570019044393,19.37674903869629,3.823162078857422,93.60021209716797,0.9460070133209229,1.8525750637054443,0.5129933953285217,0.033516570925712585,14.747405052185059,0.4529999496412934,0.06208984697565919,0.6340368986129761,0.7258884906768799,0.2825909768413814,3.682298690694513,30.02850341796875,44.72957229614258
03789.jpg,3.341,0.29671725630760193,0.6927409811492852,0.9692675761144793,4.342723846435547,39.88677978515625,0.7903021979915793,0.38111002068067296,4.713407516479492,3.136789470060876,19.227346420288086,3.2990493774414062,105.40496063232422,0.9676597118377686,1.8390789031982422,0.5713430643081665,0.02355857379734516,16.27851104736328,0.4588642364173449,0.04545994223350824,0.611346960067749,0.7503560781478882,0.3037169683815449,3.6697665080779878,31.03387451171875,44.79890441894531
03793.jpg,3.3484,0.32057303190231323,0.6736752679326811,0.9625383409105885,4.316804647445679,41.84693145751953,0.8015122980482047,0.385452292895626,4.8279829025268555,3.0803210679771915,18.875730514526367,3.435537338256836,100.95420837402344,0.9581233859062195,1.884566307067871,0.5943319797515869,0.030803132802248,15.11405086517334,0.47117947606047006,0.04018422238496086,0.6192270517349243,0.7301566004753113,0.32842531332111263,3.80431532858658,33.82489013671875,44.89270782470703
03805.jpg,3.3567,0.39063167572021484,0.6255401559959322,0.9574822954274875,4.692526340484619,68.3561019897461,0.8753363743832036,0.42669150336081346,5.1750078201293945,3.0862810291962184,25.201202392578125,6.011563777923584,77.61595916748047,0.9428219795227051,1.5110690593719482,0.5237249732017517,0.01513521745800972,18.20011329650879,0.4507789906011175,0.11680366468428918,0.7078871726989746,0.809388279914856,0.27372553791871895,4.308011132060926,15.80731201171875,55.07695007324219
03812.jpg,3.359,0.39258021116256714,0.5927695187578551,0.9386076726958354,4.4870781898498535,59.36630630493164,0.8536298401603722,0.3911184300630807,5.138199806213379,2.8527965871720635,22.030555725097656,5.107594966888428,68.85584259033203,0.9123431444168091,1.7642565965652466,0.5080974102020264,0.03254838287830353,14.874706268310547,0.4344040808822185,0.13496232762224092,0.6595644354820251,0.7528215646743774,0.26321924034109057,4.281188377305501,30.25799560546875,49.97881317138672
03815.jpg,3.3392,0.39952048659324646,0.5624265366946077,0.9442328548559026,4.4509196281433105,59.1319694519043,0.8685302852721527,0.39369436982277545,4.892281532287598,2.627442377774477,22.494760513305664,5.029437065124512,61.7735595703125,0.9198231101036072,1.6593769788742065,0.4606536030769348,0.023252636194229126,16.335277557373047,0.4380235167268691,0.13388746122614756,0.6565728187561035,0.7467250823974609,0.24099454804531548,4.7418629833467705,32.77020263671875,54.382911682128906
03825.jpg,3.3637,0.3918817341327667,0.6427183030513741,0.9589561016710084,4.7243332862854,67.07266235351562,0.8688657232270843,0.4120122813607175,5.147302627563477,3.1723525112890147,26.260887145996094,5.900665283203125,79.0694808959961,0.9462885856628418,1.5649491548538208,0.5119547843933105,0.017032872885465622,17.68712043762207,0.45378444031980325,0.1435465540964416,0.678305447101593,0.7949284911155701,0.2713040263231689,4.054845229392109,45.89227294921875,59.31370544433594
03827.jpg,3.6806,0.3966400623321533,0.5891539231842836,0.953682379481108,4.628931999206543,58.91520690917969,0.8707280094100139,0.39513363585940575,5.085158348083496,2.861558099738973,23.91677474975586,5.143003463745117,71.4215316772461,0.9382774829864502,1.650852918624878,0.510573148727417,0.02057439275085926,16.866729736328125,0.43755049282524,0.13016938926420984,0.6685871481895447,0.7848466038703918,0.2620263533943222,4.632792389463895,50.73358154296875,55.01360321044922
03831.jpg,3.356,0.39352384209632874,0.5475073277999966,0.9471106334190836,4.666388511657715,57.71965408325195,0.8767402324440773,0.4056888792939551,5.063622951507568,2.6636362562527474,23.02309226989746,4.902823448181152,68.11175537109375,0.9271047115325928,1.6704970598220825,0.49904337525367737,0.02016514167189598,16.95398712158203,0.4535999612521687,0.121559123397322,0.6679639220237732,0.765472412109375,0.26547857992720536,4.57262398964478,30.61297607421875,53.41777038574219
03842.jpg,3.4004,0.3745304346084595,0.7441093907154854,0.9603719118653447,4.723187446594238,64.06270599365234,0.9024754941834123,0.4236093836113622,5.27285099029541,3.719087136245257,25.988040924072266,5.481358528137207,77.11336517333984,0.9431086778640747,1.2997455596923828,0.5308452248573303,0.010351638309657574,19.84990882873535,0.4550315340520639,0.10060654399427409,0.6878878474235535,0.8101816177368164,0.2869015415959234,4.316726962317267,33.43768310546875,53.48473358154297
03847.jpg,3.4343,0.3439820408821106,0.8089530247842686,0.976804657531924,4.849093437194824,63.230342864990234,0.9060910668476021,0.4251840851227409,5.0928955078125,4.021316071206963,26.926849365234375,5.311918258666992,91.54667663574219,0.9704474210739136,1.2724649906158447,0.6139599084854126,0.007852793671190739,21.04975700378418,0.48543351361513565,0.1220795166283665,0.6904662847518921,0.8418805599212646,0.31297747235975837,4.583993372765716,39.77801513671875,55.98215866088867
03849.jpg,3.4299,0.3554897904396057,0.7692154055650123,0.9681698954107018,4.8702802658081055,69.66556549072266,0.9035084718321762,0.41441979538424034,5.155303955078125,3.855930776169208,28.788837432861328,5.918507099151611,90.36176300048828,0.957318902015686,1.3114529848098755,0.517320990562439,0.01066653337329626,19.719768524169922,0.47122535344301925,0.11329333885935478,0.674453854560852,0.8175521492958069,0.2743323585695601,4.871764609813581,38.31268310546875,52.23692321777344
03854.jpg,3.4124,0.37847617268562317,0.6361303785589411,0.951035730325187,4.934402942657471,74.14363098144531,0.8829849805643565,0.4192432771626423,5.302440166473389,3.255995189328745,27.14214324951172,6.59589958190918,79.91331481933594,0.9285675883293152,1.4041078090667725,0.432451069355011,0.01418269332498312,18.482412338256836,0.45184232154132564,0.08639880705589607,0.6822035312652588,0.7642700672149658,0.24395234023967527,4.396050886347498,34.56756591796875,52.54648971557617
03873.jpg,3.4211,0.4106042981147766,0.6598991156740225,0.9357734787524813,4.593191623687744,74.76351928710938,0.886321572943423,0.405924693284522,5.1442461013793945,3.212875376603032,28.47064971923828,6.3859381675720215,71.33055877685547,0.8910598754882812,1.260147213935852,0.46866732835769653,0.01797492243349552,17.453330993652344,0.4589091010289017,0.11914019701245944,0.6807781457901001,0.7765023708343506,0.25479911679445977,5.671240124115972,48.24627685546875,55.341007232666016
03879.jpg,3.4158,0.4028518795967102,0.6915539891454959,0.9355290042570517,4.4864325523376465,66.73777770996094,0.8887790099841383,0.4035672682390881,5.167256832122803,3.3380363397003325,26.291311264038086,5.640243053436279,69.00422668457031,0.8901281356811523,1.2754006385803223,0.4766416549682617,0.017131706699728966,17.66199493408203,0.46342571747988054,0.11521270528061853,0.6783249378204346,0.7714565992355347,0.26074093639077744,5.3569628606037165,43.02410888671875,59.9044075012207
03887.jpg,3.4184,0.39363253116607666,0.7094712515062496,0.9449375076044839,4.683657646179199,62.20038604736328,0.8998310567441314,0.39070567596078,5.0364670753479,3.448087741811232,24.383682250976562,5.237348556518555,77.25733947753906,0.915111780166626,1.4618544578552246,0.4325336515903473,0.0150370504707098,18.228374481201172,0.4279229250717169,0.07269039468163621,0.6485657691955566,0.7669885158538818,0.2501932737847978,4.235981190130369,48.46746826171875,57.513816833496094
03900.jpg,3.4016,0.37094032764434814,0.7194165551050552,0.9584797709126806,4.950541019439697,68.97518920898438,0.8966628523188079,0.4203755143118761,5.249571800231934,3.6690781453798333,27.95465850830078,5.910879135131836,85.61302185058594,0.9435763955116272,1.4295337200164795,0.5574505925178528,0.012810016050934792,18.924503326416016,0.4803081828162831,0.10955281850919454,0.6882933378219604,0.8141276836395264,0.2921867434067629,4.218931778641181,42.52752685546875,57.20661544799805
03909.jpg,3.3911,0.3852182626724243,0.6991780784893181,0.9467945205195554,4.877004146575928,66.71022033691406,0.8947650185334648,0.42232873477960153,5.2655181884765625,3.5457275632131626,26.492252349853516,5.694328784942627,76.51374053955078,0.9225717782974243,1.4771745204925537,0.5802084803581238,0.01418022159487009,18.483169555664062,0.486010193437157,0.10803463389545437,0.6839307546615601,0.8064131736755371,0.3066420295478456,4.612741805500935,38.14910888671875,50.9161262512207
03911.jpg,3.4179,0.3916339576244354,0.6687693431826668,0.9410808449967276,4.859504222869873,74.33773803710938,0.8936179225567695,0.4260400236458235,5.28068208694458,3.390735212364735,28.4727725982666,6.404144287109375,77.2476577758789,0.9120640754699707,1.5072309970855713,0.5639227032661438,0.016422554850578308,17.845592498779297,0.4909895736655194,0.10387468127029939,0.6840428709983826,0.7996228337287903,0.3021659315101642,4.743155207550144,40.15789794921875,52.143394470214844
03913.jpg,3.4057,0.3877263367176056,0.6915171160572747,0.9451893818452128,4.859220504760742,68.72703552246094,0.895110655333799,0.4257571793140756,5.248586654663086,3.494873499864733,26.770416259765625,5.880337715148926,75.22544860839844,0.9187864661216736,1.4698364734649658,0.5797898173332214,0.014303780160844326,18.445493698120117,0.4885576413187462,0.1066820889258999,0.6851050853729248,0.8060945868492126,0.30761388988114097,4.794884272809034,38.92303466796875,52.42108917236328
03920.jpg,3.4112,0.3890756070613861,0.6193886901059542,0.9540307161033441,4.723244667053223,76.57171630859375,0.8826542235333494,0.41775985698455964,5.126935005187988,3.0505564725621035,27.973953247070312,6.6437602043151855,82.6447525024414,0.9395064115524292,1.5953702926635742,0.4903298020362854,0.01729605160653591,17.62053108215332,0.4287521596169684,0.0950410602725345,0.6888606548309326,0.795021116733551,0.2682762755344071,3.9497460217096685,35.33563232421875,55.82896041870117
03921.jpg,3.3824,0.38955196738243103,0.6138325173133534,0.9579620170806744,4.730840682983398,76.40034484863281,0.8784648587415507,0.4194723388097522,5.093434810638428,3.0152413531571884,28.33781623840332,6.655483245849609,82.90093231201172,0.9460710287094116,1.5895929336547852,0.5009282827377319,0.01635018363595009,17.864774703979492,0.4183188841080792,0.103176420164261,0.6923807859420776,0.8103489875793457,0.265404345135545,3.9199616291906505,40.29461669921875,57.43445587158203
03924.jpg,3.4642,0.39902493357658386,0.5851865970602493,0.9479362885632426,4.7923760414123535,75.36526489257812,0.8754632997931622,0.4141553209797514,5.182659149169922,2.9186393234040526,28.379547119140625,6.558581352233887,77.4760513305664,0.928460955619812,1.6044878959655762,0.49553948640823364,0.01937977969646454,17.126510620117188,0.4143380810467631,0.10777817863881718,0.6871528625488281,0.793610692024231,0.2616650458324094,3.9115452974246128,38.72772216796875,55.922481536865234
03930.jpg,3.4121,0.4037626385688782,0.5602397516333769,0.93539251900684,4.8257365226745605,82.44564819335938,0.87410357900298,0.4148544279667651,5.205212593078613,2.80987864816003,28.820335388183594,7.1859049797058105,73.45682525634766,0.9026491045951843,1.5818226337432861,0.47618627548217773,0.02172139659523964,16.631122589111328,0.40698721481678457,0.11122582601267268,0.6898368000984192,0.7858376502990723,0.25489325558825315,4.759048053383258,42.30682373046875,56.64733123779297
03938.jpg,3.4117,0.39299216866493225,0.6168514653533638,0.9489041171414837,4.877099514007568,83.6580810546875,0.8857449780579817,0.41069152956124066,5.193874835968018,3.1061590878821086,29.928529739379883,7.241932392120361,82.74879455566406,0.9283186197280884,1.5216383934020996,0.4528166353702545,0.017415333539247513,17.590681076049805,0.4336278239495418,0.1009782438724059,0.6794345378875732,0.7821681499481201,0.2533121585299864,4.590736869504224,42.72723388671875,54.390892028808594
03946.jpg,3.3837,0.39533910155296326,0.5845706247939838,0.9550618423795362,4.889284610748291,75.86598205566406,0.8850455784906401,0.4191942655972952,5.09321403503418,2.917748534869263,29.052324295043945,6.619452476501465,81.57286071777344,0.9403302669525146,1.539313554763794,0.5204080939292908,0.014035958796739578,18.52758026123047,0.4274693720025679,0.10998749116078846,0.6943529844284058,0.8027074337005615,0.2724413838073258,4.40957370135535,42.55535888671875,57.74155044555664
03947.jpg,3.4058,0.394521027803421,0.5859275827928034,0.9557408844644912,4.899709701538086,70.76305389404297,0.8897288221111592,0.4071843207886048,4.964077472686768,2.8897429958341085,28.22216033935547,6.122538089752197,80.42103576660156,0.9417990446090698,1.561614751815796,0.5263791084289551,0.014476288110017776,18.393428802490234,0.4416803031304759,0.10847630175763681,0.6812133193016052,0.7922173738479614,0.27883699311409205,4.543656759202745,40.01629638671875,55.345943450927734
03955.jpg,3.3902,0.39850300550460815,0.6258682624417402,0.9495332093802729,4.55447244644165,64.97480010986328,0.8858931116269039,0.40130692821279657,5.0905022621154785,3.0182533298103635,23.820053100585938,5.543837070465088,71.86935424804688,0.9296169281005859,1.5786340236663818,0.4804334044456482,0.01874864287674427,17.270301818847656,0.42849518169010853,0.09190481588659237,0.6715461611747742,0.7631158828735352,0.26487088799331177,4.484781079662418,36.84149169921875,50.066314697265625
03979.jpg,3.3682,0.39269766211509705,0.6200339446085532,0.9494743642209493,4.941832065582275,78.98917388916016,0.8655735680677615,0.4140901823043319,5.273254871368408,3.166861485198492,29.59313201904297,6.8615241050720215,83.82038879394531,0.9300313591957092,1.5450613498687744,0.4911571443080902,0.020700126886367798,16.84027099609375,0.4399804939198315,0.1191387173250012,0.688912570476532,0.7914706468582153,0.26031408732263106,4.332687532996063,41.00750732421875,59.37974166870117
03982.jpg,3.4003,0.3827016353607178,0.6393583680519135,0.9580725536188792,4.93206787109375,76.26019287109375,0.8617761527322744,0.4163806096531533,5.206845760345459,3.2412112401653363,29.207998275756836,6.59166955947876,87.45283508300781,0.9454350471496582,1.5586018562316895,0.49409687519073486,0.01895429939031601,17.222923278808594,0.4489606963149359,0.11536948238768108,0.6819589138031006,0.7941746115684509,0.2635101184714867,4.271361009762989,38.74285888671875,57.9599494934082
03987.jpg,3.3279,0.38094818592071533,0.6239779392251852,0.9553018032519761,4.955678939819336,70.7701416015625,0.8668225286606751,0.41789411666548143,5.199078559875488,3.1681840294127888,27.904054641723633,6.135927200317383,83.26356506347656,0.9407002925872803,1.569641351699829,0.5220186710357666,0.018356429412961006,17.362117767333984,0.44652961404391367,0.11855002201275967,0.6873770952224731,0.8013668060302734,0.272845033974374,4.158085541373245,40.09539794921875,57.25727462768555
03994.jpg,3.396,0.39072683453559875,0.6158359197464821,0.9519840369031124,4.944572448730469,76.10724639892578,0.8753598565795366,0.4134420578853415,5.140072822570801,3.1052549422157636,29.446924209594727,6.6173272132873535,81.55363464355469,0.9345882534980774,1.5553309917449951,0.5086373686790466,0.018167821690440178,17.406972885131836,0.4425024723547305,0.1297522194630921,0.6853522062301636,0.8018254041671753,0.26156687600474005,4.456738459355911,43.93377685546875,57.5504150390625
03996.jpg,3.3292,0.4054630994796753,0.5854068075057219,0.9454173292032406,4.875636577606201,79.15335845947266,0.8738911960063244,0.4107126168995029,5.129295349121094,2.9284884603865553,30.440778732299805,6.8884596824646,77.90438079833984,0.9221273064613342,1.5453989505767822,0.5016651749610901,0.01965135708451271,17.06607437133789,0.44017024213661676,0.13247786271586748,0.6875245571136475,0.7942409515380859,0.2578121333640682,4.616404436183286,42.38250732421875,57.80132293701172
03998.jpg,3.3275,0.40680527687072754,0.5901282230615043,0.9466090607664563,4.873569011688232,77.7833480834961,0.8767818726317556,0.4070246720435278,5.11700439453125,2.94787082502987,30.487537384033203,6.758321762084961,77.61143493652344,0.9238494634628296,1.529597520828247,0.4954625964164734,0.019096001982688904,17.190574645996094,0.44246621405182285,0.12489725308161856,0.6829043626785278,0.7997869253158569,0.25346831216842697,4.8081449879459806,42.07049560546875,55.99315643310547
04001.jpg,3.3271,0.36696088314056396,0.6306192384861983,0.9460572006714887,4.638533115386963,63.72675704956055,0.8467797834678147,0.39555803802806616,4.986639976501465,3.034921142491525,25.788583755493164,5.410871505737305,93.26434326171875,0.9291592240333557,1.7608455419540405,0.5467754602432251,0.03216485679149628,14.92618465423584,0.4894641679869556,0.0973331516154193,0.6579318046569824,0.7727571725845337,0.2843190725238418,4.678222918120532,36.68572998046875,48.48020935058594
04003.jpg,3.3119,0.37487319111824036,0.6325862224108556,0.9652846607694758,4.720938205718994,65.79219818115234,0.8794781497564619,0.43909922025208203,5.174108028411865,3.1297465957268162,22.87601089477539,5.717382431030273,73.4802017211914,0.953741192817688,1.4146488904953003,0.5428750514984131,0.0078058186918497086,21.07581901550293,0.42460361131395247,0.11199568375882991,0.7248134613037109,0.7973362803459167,0.2825855303948546,3.693994703974259,39.09051513671875,53.62898635864258
04011.jpg,3.315,0.37594833970069885,0.6490823088364027,0.9688471166313621,4.829432487487793,74.76184844970703,0.8798766345877144,0.44855968986036193,5.234200477600098,3.2660750676242447,25.509925842285156,6.557645320892334,77.58201599121094,0.9585207104682922,1.3401650190353394,0.5613263845443726,0.008032377809286118,20.95155906677246,0.4259243881573509,0.11304832992892141,0.7414231300354004,0.8377310037612915,0.2916394527041009,4.002405175946912,36.75653076171875,53.114410400390625
04012.jpg,3.3205,0.3841966688632965,0.6715420246927433,0.9577447087945317,4.947323799133301,84.90629577636719,0.8741596759192591,0.4361861361940706,5.207893371582031,3.40984009309266,31.373882293701172,7.671049118041992,82.59239196777344,0.9347344636917114,1.1952954530715942,0.4776378571987152,0.013637725263834,18.65258026123047,0.42502092956801796,0.10967646732434179,0.7090622782707214,0.8349721431732178,0.2484205490965039,4.099437141593608,42.36346435546875,57.7192268371582
04013.jpg,3.4375,0.3941768407821655,0.5954430551296648,0.9676538494028334,4.8650617599487305,82.37799835205078,0.8588845183961621,0.4394705987270738,5.078786849975586,2.960508460555886,30.339488983154297,7.4141035079956055,89.94688415527344,0.9584702253341675,1.460620403289795,0.5024803280830383,0.015353178605437279,18.138015747070312,0.4603005568848645,0.10346522175958274,0.7134469151496887,0.8384775519371033,0.26427756452834855,3.3894178445943974,20.86102294921875,46.4945182800293
04023.jpg,3.3787,0.3032341003417969,0.6641183261215018,0.9783472207340784,4.640599250793457,50.73143005371094,0.8424330518655075,0.4165525178912639,4.786722183227539,3.130440711467065,23.434062957763672,4.280592918395996,104.07219696044922,0.9779921770095825,1.7155247926712036,0.6001912355422974,0.012848339974880219,18.911529541015625,0.47413338693716595,0.06466012799078251,0.658350944519043,0.8008282780647278,0.31189321754657473,3.856096891142335,35.47039794921875,40.75651550292969
04034.jpg,3.3708,0.39963993430137634,0.6037845611138932,0.9624862044993411,4.973471641540527,83.90709686279297,0.8542322924693947,0.43923769618205916,5.2060699462890625,3.07313634173145,31.715011596679688,7.630791664123535,85.98942565917969,0.9503486156463623,1.4624141454696655,0.5116984844207764,0.015361684374511242,18.13561248779297,0.46017292039767355,0.10060560810725488,0.7085779309272766,0.8417766094207764,0.2693610867021907,4.243033901783937,5.96795654296875,43.62263488769531
04041.jpg,3.3233,0.34828490018844604,0.6054768541145762,0.9679720751299646,4.624660491943359,49.802494049072266,0.8286300823632352,0.40572455790192896,4.907413482666016,2.8857365213978934,21.347047805786133,4.27822208404541,94.62814331054688,0.9638776779174805,1.7871599197387695,0.47824621200561523,0.021489953622221947,16.677644729614258,0.4760036268878426,0.05697823837072165,0.6458495855331421,0.7467554807662964,0.2691136984124303,3.739148379560294,28.58905029296875,49.47888946533203
04051.jpg,3.3565,0.3735940158367157,0.6432758723405237,0.9682271411547336,4.8009352684021,78.30379486083984,0.8770831020149499,0.445093527417557,5.245550632476807,3.231342710012383,26.594953536987305,6.979293346405029,78.66429138183594,0.9577631950378418,1.3406257629394531,0.5438966155052185,0.008110156282782555,20.90970802307129,0.4264585404210382,0.10984338579258932,0.7399245500564575,0.8296499252319336,0.28140953296679516,3.683090666382675,35.66180419921875,54.070701599121094
04052.jpg,3.291,0.3305196166038513,0.6707296323135132,0.9806506402392812,4.67673397064209,49.03749465942383,0.8408080335955441,0.407221465645241,4.934347152709961,3.2232310599223286,19.666406631469727,4.129981994628906,96.82857513427734,0.9803791642189026,1.7239742279052734,0.4893234074115753,0.013956323266029358,18.552289962768555,0.4681511419502216,0.05414604599774508,0.6597424745559692,0.7942902445793152,0.2670780740049858,3.694941128290736,30.28680419921875,43.18486785888672
04062.jpg,3.3524,0.41666990518569946,0.5860335542963104,0.9469540611791434,4.794095993041992,81.54673767089844,0.8928391409059365,0.418564430132719,5.040380954742432,2.8816774587483867,31.05607795715332,7.491033554077148,74.6808090209961,0.9202866554260254,1.3770309686660767,0.4118516743183136,0.013237467035651207,18.781951904296875,0.4755145360917379,0.1039150935718841,0.6721571683883667,0.7704674005508423,0.2389450552260055,4.277772038251133,37.03436279296875,43.731231689453125
04066.jpg,3.3597,0.38695022463798523,0.6653655537881946,0.9602740339523417,4.51954984664917,62.01495361328125,0.8846180085644161,0.42021713193509236,4.858522415161133,3.1199355674969267,24.4304141998291,5.390578746795654,70.80816650390625,0.943988561630249,1.431784987449646,0.42261621356010437,0.009329925291240215,20.301218032836914,0.4158867327179407,0.09333732884755105,0.6692287921905518,0.7970513105392456,0.2362811187086918,3.6780554023257013,24.91864013671875,48.25395202636719
04067.jpg,3.4275,0.3653682768344879,0.6602422097676875,0.9735052372256755,4.755455017089844,61.57597732543945,0.8479375346688806,0.4190807755228289,5.092855453491211,3.251147206298098,24.405059814453125,5.299330234527588,90.10088348388672,0.9691276550292969,1.5927326679229736,0.5104776620864868,0.014806164428591728,18.295576095581055,0.47024627618640996,0.0893953367707693,0.6771957278251648,0.8132069110870361,0.27472951717567984,3.98759826287857,32.62420654296875,49.31940460205078
04074.jpg,3.3994,0.4002220928668976,0.5955316462095096,0.9570858873083038,5.097567558288574,99.61742401123047,0.8812558833317861,0.4438429955515517,5.236483573913574,3.077138214941428,34.39188766479492,8.828699111938477,87.87248229980469,0.9386098384857178,1.3520053625106812,0.4829176962375641,0.014167534187436104,18.487056732177734,0.44130855754163717,0.09573682406138652,0.7203844785690308,0.8516145944595337,0.263268054319579,4.17429824351207,40.40838623046875,51.503013610839844
04083.jpg,3.4145,0.4142066240310669,0.5254403339023553,0.944312330117528,5.084534645080566,71.25543212890625,0.8762275068168169,0.4172534248502362,4.999479293823242,2.6492835630304015,29.81831169128418,6.422282695770264,80.09605407714844,0.922224760055542,1.584111213684082,0.493419349193573,0.015526315197348595,18.08931541442871,0.48245931723449126,0.10905044477431544,0.6868682503700256,0.801703155040741,0.2621509913094881,4.26041207242955,-14.99884033203125,50.98349380493164
04089.jpg,3.3873,0.365328848361969,0.5626657720755833,0.9615927941820477,4.982407093048096,81.02992248535156,0.8562947677765346,0.4325840085084782,5.048639297485352,2.822073683025083,30.279829025268555,7.058426856994629,96.18999481201172,0.95379638671875,1.642037034034729,0.4826943278312683,0.016835922375321388,17.737632751464844,0.449365064549906,0.07091820006899892,0.6914814710617065,0.7863672375679016,0.26423551128782974,4.1990456149661055,36.85174560546875,52.15488815307617
04093.jpg,3.389,0.3999083340167999,0.6207695837999259,0.9628380918982486,4.909977436065674,78.61692810058594,0.8662838395682633,0.442347876937703,5.152249336242676,3.1231738123514,29.364011764526367,7.099883556365967,84.49291229248047,0.9508336782455444,1.4697058200836182,0.5338560342788696,0.015588480979204178,18.071962356567383,0.4643184923277024,0.11545552199757819,0.7217940092086792,0.8478790521621704,0.27764142862740393,4.151683571016205,3.91912841796875,47.82147216796875
04098.jpg,3.4235,0.3830684423446655,0.611214218798424,0.9503300665193204,4.736804962158203,63.52701950073242,0.8891646660409304,0.42388453384028696,5.1152825355529785,3.010879173389462,24.263410568237305,5.4167609214782715,70.61080169677734,0.930753231048584,1.5256264209747314,0.5041074156761169,0.010587950237095356,19.751880645751953,0.43776024651857154,0.09901369965913183,0.6950580477714539,0.7630028128623962,0.27023549611966546,3.8766510157792387,36.12030029296875,49.081817626953125
04103.jpg,3.45,0.3942762315273285,0.6733406713026406,0.9412220651230959,4.531190872192383,76.36919403076172,0.8736037365025617,0.41313094077599555,5.171154499053955,3.2665043568657044,29.061866760253906,6.792208194732666,67.89524841308594,0.9009926319122314,1.2923834323883057,0.4319830536842346,0.01409571710973978,18.50912857055664,0.42890312945613523,0.10722692194261305,0.6721077561378479,0.7876266241073608,0.2336110727344444,4.458971403320384,38.20281982421875,55.94038391113281
04107.jpg,3.4329,0.41579073667526245,0.5310128964394185,0.9456812853378765,4.97841739654541,89.16927337646484,0.8653721828493179,0.43969436156303193,4.993247985839844,2.647551119789915,32.32486343383789,8.117424964904785,72.59589385986328,0.9213491678237915,1.475450038909912,0.47635021805763245,0.013217904604971409,18.788373947143555,0.41460270325963383,0.12874393347381952,0.7301559448242188,0.8152414560317993,0.24479088736790547,3.9319287322795193,35.98553466796875,54.40331268310547
04115.jpg,3.3344,0.3561937212944031,0.6406731366052381,0.9722242811256724,4.858343124389648,65.87641906738281,0.8745554256867667,0.42687661573742836,5.020195960998535,3.164469290527256,26.56873321533203,5.660402297973633,93.21199035644531,0.9684165716171265,1.5901925563812256,0.49572405219078064,0.011794403195381165,19.283241271972656,0.4606666985206949,0.0720754637457921,0.6934053897857666,0.802952229976654,0.2659661032404058,3.737738821980717,33.39422607421875,48.698570251464844
04119.jpg,3.4238,0.4055171012878418,0.5448841149418645,0.9489854182301567,4.864144325256348,73.70196533203125,0.8810341767601925,0.42199380885778354,5.009291648864746,2.6899494487360602,28.501832962036133,6.7335591316223145,72.19062042236328,0.927436888217926,1.5024902820587158,0.4678208827972412,0.011638638563454151,19.340978622436523,0.45249133964494537,0.12484262338803455,0.6998811960220337,0.7747523784637451,0.24993230051298806,4.300291056156719,-6.22686767578125,50.00924301147461
04120.jpg,3.4112,0.3744702935218811,0.6251993663499213,0.9465036637496553,4.696371078491211,67.44561004638672,0.8518347980621125,0.4071806140467182,5.033649444580078,3.0416130001592983,26.67832374572754,5.766294002532959,92.41121673583984,0.929360032081604,1.7285915613174438,0.5449926257133484,0.02877141162753105,15.41038990020752,0.48074455556883194,0.10309122312087889,0.6719945669174194,0.7878352403640747,0.28189513622788287,4.682599509694465,36.58660888671875,50.172996520996094
04134.jpg,3.392,0.39746975898742676,0.6734543530454054,0.9422619177335418,4.381026744842529,70.64033508300781,0.8731879862191403,0.41305155375837327,5.149270534515381,3.2091225012622786,26.35520362854004,6.130956649780273,64.5275650024414,0.9023873209953308,1.2263455390930176,0.42219823598861694,0.013091000728309155,18.830272674560547,0.4289547253582227,0.10654756861334574,0.6734344959259033,0.7824996113777161,0.2270780476981767,4.265476200609209,37.37371826171875,55.503456115722656
04136.jpg,3.3565,0.3881208896636963,0.594309922687688,0.95785523925012,4.766816139221191,85.61180877685547,0.8757616652107877,0.4464903409830653,5.194964408874512,2.960203514816854,29.908323287963867,7.600652694702148,79.01741790771484,0.9421732425689697,1.4215093851089478,0.5140566825866699,0.010764531791210175,19.6800479888916,0.42008026835067536,0.11608389466691658,0.7340556383132935,0.8117620944976807,0.26713193856554895,3.936132619381705,39.48992919921875,54.998085021972656
04137.jpg,3.381,0.4148288071155548,0.5131599156169914,0.9440221361258349,5.140469551086426,74.06647491455078,0.8731797586479069,0.4197966751941763,4.991250991821289,2.599606003550221,30.78963851928711,6.6846418380737305,80.85860443115234,0.9216758608818054,1.581592082977295,0.5035120248794556,0.01555066928267479,18.08251190185547,0.4872413949083081,0.11286748477174993,0.6912186741828918,0.8060190081596375,0.2656769792764627,4.405972664459099,-15.28497314453125,51.42744445800781
04162.jpg,3.4175,0.33577093482017517,0.646836970058746,0.9774295310737471,4.608287334442139,57.28480911254883,0.8165427125056021,0.4360980017162748,4.795689582824707,3.041431887159291,23.673206329345703,4.927867412567139,100.39604949951172,0.9762588739395142,1.7312886714935303,0.5283466577529907,0.01764031872153282,17.534934997558594,0.4727647515205578,0.06897220333349297,0.662219762802124,0.7646251916885376,0.2894119722148001,4.156122218586668,30.08758544921875,52.39810562133789
04174.jpg,3.4127,0.3441471457481384,0.6460344182917268,0.9734603018898171,4.718682765960693,56.507896423339844,0.8312325872423312,0.4216312925054162,4.9321441650390625,3.117395179479928,24.525375366210938,4.784717559814453,97.26457214355469,0.9707852602005005,1.7025878429412842,0.5676409602165222,0.01883539929986,17.25025177001953,0.483905624859973,0.0945738158026809,0.6681110858917236,0.7976784110069275,0.298777708247186,4.738660066308536,36.08221435546875,49.632362365722656
04184.jpg,3.478,0.40629786252975464,0.5587574054508555,0.9531669389789149,4.910764694213867,63.87740707397461,0.8868193180975372,0.39777859901266144,4.693038463592529,2.683108256563541,25.721298217773438,5.630563735961914,73.65824890136719,0.9341055154800415,1.4884071350097656,0.4048815369606018,0.010885568335652351,19.63149070739746,0.4398716090147918,0.10115823860138001,0.658426821231842,0.7421045899391174,0.22214092216085674,4.1174784100664965,37.82489013671875,52.61840057373047
04199.jpg,3.3897,0.41044580936431885,0.5421684272569517,0.9367606011714965,4.820526123046875,82.64842224121094,0.8732365802917058,0.43550367972224024,5.084354400634766,2.6850667823549887,29.082210540771484,7.373971462249756,68.10997009277344,0.9036850929260254,1.5210411548614502,0.4952028691768646,0.014676371589303017,18.33381462097168,0.428861129817724,0.12797989711788074,0.705249011516571,0.7955989837646484,0.2678944100330549,4.409804535972106,40.06219482421875,45.27922058105469
04211.jpg,3.4206,0.41687431931495667,0.5451635599686762,0.9498499361728477,4.89810037612915,94.49122619628906,0.8679321738978909,0.43307994435023334,5.093122482299805,2.723435599807324,33.197021484375,8.60378360748291,76.91511535644531,0.9281629323959351,1.4357483386993408,0.43417277932167053,0.014291351661086082,18.44926643371582,0.4119663352574772,0.1174982839230827,0.722914457321167,0.79901123046875,0.23123096253090045,3.7382100685062616,36.71405029296875,56.74335479736328
04233.jpg,3.4002,0.3779299259185791,0.639608007156697,0.96604018129669,4.802617073059082,76.2402114868164,0.876078979349645,0.4462565574246542,5.2287421226501465,3.2080807443816273,26.573593139648438,6.720707893371582,77.45244598388672,0.9533774852752686,1.3275341987609863,0.5490057468414307,0.008817611262202263,20.546491622924805,0.4155065424047984,0.10878869824496838,0.7322548031806946,0.8261703252792358,0.2843371001963732,3.8421610334978706,33.47674560546875,55.50602722167969
04247.jpg,3.5289,0.34055519104003906,0.6604539826750866,0.9706985443116756,4.897646903991699,65.73043060302734,0.8292653240441613,0.4150692749305413,5.056445121765137,3.287122152383674,26.645793914794922,5.684385776519775,98.66166687011719,0.965989887714386,1.6027965545654297,0.47865402698516846,0.01696087419986725,17.70551872253418,0.46080361986421126,0.07931367042777927,0.6497858166694641,0.7787011861801147,0.2617038552937449,4.017253592133104,35.22479248046875,50.420074462890625
04263.jpg,3.3488,0.33539512753486633,0.5893567741277165,0.9689578345496858,4.8165788650512695,62.15101623535156,0.8094126501520764,0.3947712535861635,4.860315799713135,2.8515826303418628,25.355260848999023,5.331291675567627,102.26055145263672,0.9649505019187927,1.7321696281433105,0.563909649848938,0.019606946036219597,17.07590103149414,0.47458107473560784,0.07983052196237642,0.6580696105957031,0.7803986072540283,0.29326175620782713,3.836646660437811,34.15838623046875,46.05205154418945
04273.jpg,3.3587,0.41764649748802185,0.5219113049648045,0.9474835088667433,4.985247611999512,100.71044921875,0.8681310108711515,0.43727985872435743,5.082672595977783,2.6272901789899894,33.96282196044922,9.161993980407715,75.31481170654297,0.9230834245681763,1.406495213508606,0.43119508028030396,0.013223875313997269,18.786413192749023,0.4164904350034148,0.12573846205645325,0.7287386655807495,0.7935656309127808,0.2287616847253543,4.404270641185474,39.77215576171875,55.867515563964844
04280.jpg,3.415,0.40610969066619873,0.5439242420801654,0.9443865175705871,4.912505149841309,71.59894561767578,0.8794041218258581,0.40410518622606684,4.849648475646973,2.6549462160467545,26.903095245361328,6.380283355712891,72.60433959960938,0.9166902303695679,1.4954018592834473,0.38026878237724304,0.01316005177795887,18.80742645263672,0.418790060300429,0.09862519859748227,0.6566338539123535,0.7458927631378174,0.21522176597526108,3.794091720448867,34.96356201171875,54.72490310668945
04292.jpg,3.5023,0.38917985558509827,0.5705678226249941,0.9572483532350436,5.040548324584961,78.15064239501953,0.878898275575543,0.4429031490788405,5.172935485839844,2.9137532408571847,27.508155822753906,6.910203456878662,82.1040267944336,0.9445983171463013,1.5328586101531982,0.5111789107322693,0.011344004422426224,19.45233726501465,0.44994438737188236,0.12465907494107548,0.7190958261489868,0.8225630521774292,0.27251644320939455,3.958740405517123,36.96014404296875,50.44294738769531
04296.jpg,3.3565,0.3709343671798706,0.6127438514431068,0.966702042253616,4.966371536254883,73.89115905761719,0.8562119210484511,0.4222662144939454,5.101637840270996,3.0845667749906607,28.62137794494629,6.389318943023682,90.49485778808594,0.9599776268005371,1.5873661041259766,0.5225433111190796,0.015149258077144623,18.19608497619629,0.426363329488595,0.08420803882325446,0.6820518970489502,0.8076675534248352,0.27827041898049387,3.7754782858043265,35.71697998046875,49.638404846191406
04305.jpg,3.3254,0.36974474787712097,0.6184066552350128,0.9719811863129872,4.64633321762085,53.3485107421875,0.8634222249904494,0.4079907098828948,4.985429763793945,2.97818476809511,20.753692626953125,4.590724945068359,84.8138198852539,0.9687074422836304,1.7077596187591553,0.4473538398742676,0.014569904655218124,18.365434646606445,0.452792076978178,0.0608546091765515,0.6727123856544495,0.7866434454917908,0.25416614347422783,3.5700762360995775,34.59881591796875,44.62298583984375
04316.jpg,3.4593,0.36199483275413513,0.6611010743949365,0.9650918055487329,4.722829818725586,60.54550552368164,0.8870190932421348,0.42914338497220844,5.095050811767578,3.245317425523421,22.716121673583984,5.1289567947387695,83.23673248291016,0.9549856185913086,1.5418998003005981,0.5140485167503357,0.010485795326530933,19.793987274169922,0.4517087457704392,0.09169719814809638,0.6905427575111389,0.7723532319068909,0.2786212604442971,3.867329200620332,39.56561279296875,50.984580993652344
04326.jpg,3.3612,0.41036078333854675,0.551248770117546,0.9512361913979164,5.003637313842773,80.71936798095703,0.8746994643293352,0.4334030862445463,4.955814838409424,2.745078063622147,31.022890090942383,7.173412322998047,74.91619110107422,0.9315809011459351,1.450441598892212,0.4552585482597351,0.011719876900315285,19.310768127441406,0.4250608987360544,0.11613338523211043,0.7112154960632324,0.8145351409912109,0.23992583442626178,4.212907675505068,41.27703857421875,48.950748443603516
04333.jpg,3.39,0.38277119398117065,0.6015367446686892,0.9549179449473625,4.847943305969238,83.21112060546875,0.8848825619498265,0.4329073481967727,5.2213664054870605,3.0285408771914923,28.23426628112793,7.345947742462158,84.6649398803711,0.9396651983261108,1.5100758075714111,0.40420767664909363,0.013964526355266571,18.54973793029785,0.4743837833710135,0.07857050390998961,0.6876349449157715,0.756828248500824,0.24198318860442855,4.10749698848537,34.78045654296875,49.202552795410156
04334.jpg,3.4022,0.35168686509132385,0.6415310515213689,0.9564649956668796,4.991559982299805,83.8065414428711,0.8713805209235975,0.4286043434351693,5.108931064605713,3.239901341130949,32.22154998779297,7.303570747375488,95.2951431274414,0.9429502487182617,1.5283238887786865,0.4676975607872009,0.015868447721004486,17.99465560913086,0.4549768229763815,0.09628247862829327,0.665534257888794,0.786185622215271,0.2551200162735855,4.543631630477807,40.81512451171875,53.61209487915039
04335.jpg,3.338,0.3981150984764099,0.5340154455245602,0.9498378709604651,4.739898681640625,66.20075988769531,0.8805380126017837,0.42703409338962395,4.909274578094482,2.5764135111533495,23.442157745361328,5.823696613311768,67.0799331665039,0.9298061728477478,1.5179423093795776,0.4176235795021057,0.009651974774897099,20.153837203979492,0.41377167810341065,0.10817836765079732,0.6856817007064819,0.790101170539856,0.23007773701415196,4.148181261926834,33.08465576171875,42.44390106201172
04336.jpg,3.3465,0.38420993089675903,0.6577741244725556,0.9611227341297848,4.672996997833252,69.33397674560547,0.8794504854531412,0.4388448167618239,5.203551292419434,3.248281439530759,23.8131046295166,6.0721940994262695,72.96417236328125,0.9445101022720337,1.339217185974121,0.4889379143714905,0.008978059515357018,20.468175888061523,0.4171524402205711,0.09356372844888783,0.704422652721405,0.8087362051010132,0.2671906322228294,3.5370355850247623,33.97430419921875,47.475799560546875
04340.jpg,3.3204,0.36553093791007996,0.6649414920871047,0.9729228397858224,4.981377124786377,84.55148315429688,0.8811026972389343,0.45267286760750725,5.222264766693115,3.3924249575949936,30.877647399902344,7.838703632354736,87.23786926269531,0.963904857635498,1.2524758577346802,0.5025438070297241,0.008647182025015354,20.631254196166992,0.43183154605760327,0.10133162836659163,0.7324648499488831,0.8613828420639038,0.26445172174171144,3.4925629090343646,25.24041748046875,50.28368377685547
04343.jpg,3.4266,0.30748888850212097,0.609402169993266,0.9717173408192573,4.457017421722412,38.98478317260742,0.7915099563266421,0.3763236086669933,4.65285587310791,2.7757996711110335,17.74226188659668,3.1570048332214355,104.28286743164062,0.9698594212532043,1.8911473751068115,0.5543122291564941,0.023516949266195297,16.286190032958984,0.46036020892611884,0.03483577004502473,0.6111075282096863,0.719785213470459,0.2985252487172472,3.8855293804696585,33.57733154296875,46.390296936035156
04346.jpg,3.4014,0.4101417064666748,0.5853508335790052,0.9443735894060143,4.853731155395508,84.8378677368164,0.875158581748483,0.4341565681014159,5.193514823913574,2.9405927692638,32.07651901245117,7.472378253936768,80.60901641845703,0.9214838743209839,1.5508170127868652,0.5053300261497498,0.016029827296733856,17.950712203979492,0.4538947235602664,0.11934520089383524,0.708401083946228,0.8207851648330688,0.26605755634497025,4.337035561992671,34.44354248046875,56.03031539916992
04350.jpg,3.3617,0.4013917148113251,0.5587395149342186,0.9521919502843851,4.7098774909973145,69.27010345458984,0.8799628439347833,0.42640832253985883,4.966195106506348,2.7032124677244376,25.881956100463867,6.27427864074707,67.79984283447266,0.93172287940979,1.4733574390411377,0.5100558996200562,0.009887533262372017,20.049121856689453,0.44936271365852953,0.14471726141022626,0.7082628011703491,0.8013202548027039,0.2674452090901251,5.578530117201559,64.89959716796875,53.247840881347656
04352.jpg,3.386,0.3761555552482605,0.6076727211332663,0.9574365625502953,4.824403285980225,74.71826934814453,0.8771236645373889,0.4286681831915,5.168179512023926,3.036121295887545,27.786962509155273,6.605693340301514,86.77513122558594,0.9461022615432739,1.6046051979064941,0.4206461012363434,0.014237958937883377,18.46552276611328,0.4440855165701537,0.07283593701113678,0.6816554069519043,0.7723079323768616,0.24384127413130338,3.5876053850221044,35.78582763671875,55.285125732421875
04353.jpg,3.3628,0.375926673412323,0.5846144803747275,0.9724168448820409,4.71138334274292,58.11769104003906,0.8692020247439616,0.432231762852752,4.940578937530518,2.821349155604235,22.943470001220703,4.98328971862793,85.19438934326172,0.9685713052749634,1.654734492301941,0.5774058103561401,0.013029254972934723,18.850805282592773,0.45070647784674817,0.10508618170077055,0.7109575271606445,0.8325257301330566,0.29807502499174593,3.643831746758172,36.59930419921875,48.83582305908203
04372.jpg,3.3582,0.4038764238357544,0.5374125190055931,0.9444314786279869,4.837289333343506,77.34139251708984,0.8744728959559421,0.4273367766436758,4.9670186042785645,2.634488829253417,27.07743263244629,6.890137195587158,70.03607940673828,0.9208173751831055,1.544432520866394,0.530584990978241,0.012395093217492104,19.067502975463867,0.43392733649980036,0.14757389237961194,0.713900089263916,0.8070772290229797,0.27319221845518443,5.663083243634139,56.58856201171875,49.19236755371094
04375.jpg,3.3852,0.3964338004589081,0.5823693920012886,0.9417511523856681,4.6652045249938965,64.87963104248047,0.8770403289101071,0.4152158738295611,5.014955997467041,2.8187254346593527,23.32638931274414,5.611757755279541,64.83763885498047,0.9150747656822205,1.5680115222930908,0.46189814805984497,0.011324822902679443,19.459686279296875,0.4265545752973552,0.134967477232078,0.6865519285202026,0.7754179239273071,0.2421358803313386,5.079706751765446,44.37811279296875,48.71623229980469
04376.jpg,3.4228,0.3172524869441986,0.6344888909208818,0.9789178735640068,4.4950480461120605,39.00597381591797,0.7870226285385792,0.37579733417081296,4.4927520751953125,2.8513414082007627,19.291669845581055,3.1519622802734375,104.87950897216797,0.9788005948066711,1.8269753456115723,0.6136896014213562,0.02188250981271267,16.599029541015625,0.49338390870230486,0.055000285432848094,0.606920063495636,0.7581771612167358,0.3179763353503644,4.016401761898183,36.73504638671875,45.46641540527344
04378.jpg,3.3821,0.39045360684394836,0.6408135361664871,0.9494015176411629,4.655590057373047,68.3277587890625,0.8820320562678009,0.42056164105295335,5.087742805480957,3.121841623171564,26.314777374267578,6.182638645172119,68.71208953857422,0.921805739402771,1.3685212135314941,0.39430055022239685,0.011355611495673656,19.447895050048828,0.427185953772146,0.08592368106100101,0.6680535078048706,0.779630720615387,0.23368825987882946,3.7479437326797096,19.80926513671875,45.96898651123047
04387.jpg,3.336,0.41138678789138794,0.5512930958639448,0.9373587593058763,4.851312160491943,79.14844512939453,0.8765891250593362,0.42600828857443607,5.076540946960449,2.7365887273376988,27.472492218017578,7.012757778167725,67.36215209960938,0.9029095768928528,1.4899814128875732,0.4646602272987366,0.01424192264676094,18.46431541442871,0.42886833606755353,0.13046240775858123,0.701586127281189,0.7923861742019653,0.25756805946430683,4.826574636748108,53.30194091796875,42.23583221435547
04398.jpg,3.3499,0.41646990180015564,0.5400318180219231,0.9453823172215847,4.9317498207092285,86.75609588623047,0.8719347833482376,0.4337015533580323,4.977791786193848,2.675743684766628,31.512611389160156,7.919435501098633,74.35456848144531,0.9207503795623779,1.4718246459960938,0.39370882511138916,0.013628274202346802,18.655590057373047,0.4115780685013426,0.10051006031184401,0.6998001337051392,0.7952468395233154,0.21718730725275762,4.053104445412394,26.08074951171875,46.62994384765625
04416.jpg,3.3579,0.388291597366333,0.6439790571077806,0.9640799692945898,4.805531024932861,73.02489471435547,0.8873338701525709,0.42628526560275487,5.074153900146484,3.181166834643893,27.35712242126465,6.361769676208496,77.71330261230469,0.9518945813179016,1.3645920753479004,0.5372065901756287,0.008736491203308105,20.586631774902344,0.43149282189083865,0.1189332484102893,0.714981198310852,0.8158169984817505,0.2763156700054005,3.481817534015614,30.82635498046875,51.73680877685547
04423.jpg,3.3486,0.3898997902870178,0.5464788441323779,0.9419780062179717,4.936790943145752,74.44537353515625,0.8777824320479154,0.4170075924059512,5.215897083282471,2.774124751194236,26.057945251464844,6.6512370109558105,76.03583526611328,0.9179679751396179,1.613818883895874,0.37161844968795776,0.014494746923446655,18.387893676757812,0.4323536936076601,0.09154407440483697,0.6726405024528503,0.7644004821777344,0.2158484380966009,3.5944650013510513,29.87127685546875,52.13609313964844
04426.jpg,3.3056,0.3084358870983124,0.6178006301910667,0.9747648725599365,4.377137899398804,36.76651382446289,0.779548266765443,0.37152922613269646,4.568442344665527,2.7633038412823963,17.388132095336914,2.9695589542388916,104.89093780517578,0.9739013910293579,1.891356348991394,0.5631408095359802,0.024238675832748413,16.154911041259766,0.468760588025753,0.02960666641408064,0.6004030704498291,0.7213338017463684,0.30126714688573963,3.625290604142564,27.69207763671875,49.86986541748047
04439.jpg,3.3774,0.3890618085861206,0.6724013540720953,0.9475645691037322,4.607818603515625,76.09708404541016,0.8745570277059879,0.413081501694327,5.133156776428223,3.2749346106644843,28.74784278869629,6.740016937255859,71.31449890136719,0.9156079292297363,1.2655785083770752,0.4115813076496124,0.013566157780587673,18.675432205200195,0.4473960386956903,0.10097020858869109,0.6736265420913696,0.7881441712379456,0.22406033996808056,3.9712079752466733,39.95281982421875,54.93756103515625
04452.jpg,3.3776,0.3922809958457947,0.5810100066561525,0.9491141409900383,4.982437610626221,97.37212371826172,0.8724896572634229,0.43375965711736686,5.267273902893066,2.9776033250116445,33.26985549926758,8.866918563842773,87.54695129394531,0.9246851801872253,1.4795387983322144,0.38547205924987793,0.01797991804778576,17.452123641967773,0.41140575248679073,0.08388036481855739,0.6855884194374084,0.7878594398498535,0.22887601677619226,3.4412466577603906,34.01141357421875,47.47649383544922
04461.jpg,3.3994,0.38457629084587097,0.5864934112174286,0.9611243730325937,4.830106258392334,69.01445770263672,0.8554718357208295,0.42743093693552087,5.124146461486816,2.919062851869395,25.71941375732422,5.998149394989014,82.62199401855469,0.9510185718536377,1.6071468591690063,0.5535820126533508,0.015682339668273926,18.04589080810547,0.45038861504001626,0.12279986924619041,0.7022978067398071,0.8323341608047485,0.28838320560545894,4.118480087040354,33.16619873046875,46.28124237060547
04463.jpg,3.372,0.39040902256965637,0.6667903213635302,0.9451248645909043,4.548582553863525,77.77842712402344,0.876002295806445,0.4152703279790679,5.07634973526001,3.208918207876195,29.19841957092285,6.95686149597168,69.6886215209961,0.9095278382301331,1.2567936182022095,0.4012140929698944,0.014466355554759502,18.396408081054688,0.43899549532551063,0.10198890406429899,0.6744546890258789,0.7782909274101257,0.22245259403175163,4.391363738645376,39.85369873046875,56.00761795043945
04466.jpg,3.3999,0.3534749746322632,0.6949163011968749,0.9800550994139978,4.6558966636657715,41.470848083496094,0.8603208216097588,0.4218305100659167,5.026957035064697,3.36439941962243,19.151870727539062,3.5245769023895264,88.5677719116211,0.9794526100158691,1.7415637969970703,0.5321050882339478,0.010530096478760242,19.775676727294922,0.4623522816027491,0.059420486306683215,0.6856557130813599,0.8048461675643921,0.28114093662149126,3.4283679452976465,14.51678466796875,46.155487060546875
04472.jpg,3.38,0.31890222430229187,0.5984117241969608,0.9719707833803892,4.748382091522217,53.57131576538086,0.8286984480752694,0.41416848499656084,4.818143844604492,2.8623714908353968,23.31817626953125,4.559820175170898,102.27716064453125,0.9700490236282349,1.7517043352127075,0.5615915060043335,0.018029959872364998,17.440052032470703,0.46457717672658266,0.056244763292806164,0.6579475402832031,0.7873901724815369,0.2998743032897978,3.5281032112888515,26.77166748046875,41.82795715332031
04480.jpg,3.3566,0.37958723306655884,0.6347427353698832,0.9608638611410623,4.7272419929504395,73.17281341552734,0.8819030042257238,0.4399561810288682,5.168866157531738,3.140752854122269,25.578969955444336,6.363049030303955,74.8991470336914,0.946486234664917,1.409480333328247,0.5209554433822632,0.00915336050093174,20.38419532775879,0.4158622066495797,0.09708508809858711,0.7225041389465332,0.8114471435546875,0.2712032723864476,4.052891318919625,26.51043701171875,56.68651580810547
04495.jpg,3.4355,0.4115053117275238,0.517837223935759,0.937000951513902,5.0007243156433105,83.36841583251953,0.8668469828933845,0.4229991260236652,5.0084004402160645,2.5915581758175428,29.91987419128418,7.5932416915893555,72.40535736083984,0.9050289392471313,1.5308482646942139,0.35918474197387695,0.015546541661024094,18.083663940429688,0.39792881271484004,0.08894663458757086,0.6790132522583008,0.7863720059394836,0.2028264573160496,3.6471920362652783,36.99188232421875,49.3156623840332
04498.jpg,3.37,0.33240437507629395,0.5913630992556771,0.9690780069276854,4.773056507110596,55.91567611694336,0.8022737033301452,0.38722150858840415,4.816434383392334,2.8354464586706847,23.49733543395996,4.756411075592041,102.44294738769531,0.9655241966247559,1.760974407196045,0.5382121801376343,0.02071346715092659,16.837472915649414,0.4541601124095838,0.06689827902961523,0.6397644281387329,0.7709696292877197,0.2827596877058033,3.7515052156048636,29.48651123046875,44.39344787597656
04500.jpg,3.5575,0.3593706786632538,0.639078486983695,0.9749782728684282,4.860596179962158,71.61759185791016,0.8762614797378006,0.43898059303652626,4.984197616577148,3.1458097091069757,29.015827178955078,6.1389479637146,94.8381576538086,0.9714984893798828,1.544967770576477,0.5755906701087952,0.011532451957464218,19.380783081054688,0.4780518519022897,0.0879764849091238,0.7124760150909424,0.8279252052307129,0.30247647520290144,4.068165001377642,33.78436279296875,53.20713424682617
04507.jpg,3.5822,0.3733477294445038,0.5726032258970238,0.949789217092586,4.836733818054199,69.18873596191406,0.8525329593295102,0.40947996362689476,4.966772079467773,2.8067703217789255,27.051136016845703,6.163744926452637,91.79464721679688,0.9350631833076477,1.714179515838623,0.5282628536224365,0.026081163436174393,15.83673095703125,0.4827220260053289,0.10762367119457984,0.6817871928215027,0.7808792591094971,0.27681016286209026,4.618301980042636,-3.15509033203125,52.63511276245117
04527.jpg,3.3099,0.3844802677631378,0.640139238869001,0.9606950558115038,4.70795202255249,69.9958724975586,0.8817062475586795,0.43819914709102115,5.168789863586426,3.1612569590288544,24.03666877746582,6.038115978240967,73.16184997558594,0.9445810317993164,1.3666943311691284,0.4925857186317444,0.009179319255053997,20.37189483642578,0.41835265849288644,0.09611468876766695,0.7137192487716675,0.7920219898223877,0.2651770960502889,3.9579938784568798,26.45037841796875,50.46931838989258
04531.jpg,3.3126,0.3710820972919464,0.642493686779366,0.9669026665200312,4.76328182220459,70.15492248535156,0.8811623104755992,0.4345913174807214,5.216119766235352,3.2058631078064597,24.299209594726562,6.138548851013184,77.28401184082031,0.9564849138259888,1.365203619003296,0.49194589257240295,0.007810791954398155,21.07305145263672,0.42301842224652025,0.08987631006563328,0.719413161277771,0.8066112995147705,0.2629584469996264,3.5141011427963655,29.50067138671875,56.93476867675781
04534.jpg,3.3286,0.4046943783760071,0.5249462142525297,0.9410630994262513,4.8814239501953125,73.10426330566406,0.8780038393932487,0.4089097938652062,4.949462890625,2.5803532432184184,26.408117294311523,6.587556838989258,70.11784362792969,0.9150290489196777,1.581892967224121,0.4047359228134155,0.013063711114227772,18.839336395263672,0.4380672759036555,0.10522659576296829,0.6810818910598755,0.770958662033081,0.22316085114733566,4.739509383385999,58.06170654296875,48.41549301147461
04544.jpg,3.3476,0.3992603123188019,0.5942328482373574,0.9511099094038953,4.848321914672852,80.94242858886719,0.8755275286928088,0.43205406099968646,5.169243812561035,2.976394240108677,30.218992233276367,7.288413047790527,81.24369049072266,0.9338364601135254,1.5510047674179077,0.4889603853225708,0.014345206320285797,18.432933807373047,0.4608480289027273,0.10419495323202685,0.7076704502105713,0.8147665858268738,0.2625809297074194,3.8836531652052075,18.32635498046875,52.134368896484375
04553.jpg,3.3158,0.40565165877342224,0.6336430016236941,0.9401888576991798,4.583369731903076,85.7041015625,0.8659929663042022,0.42280949211389385,5.144906520843506,3.082138975739177,30.088645935058594,7.568170547485352,68.55517578125,0.8986520767211914,1.2500324249267578,0.3973536789417267,0.014988107606768608,18.24253273010254,0.43970912644453064,0.10201561793951967,0.68256676197052,0.7872356176376343,0.22152915580193785,3.9437380199328755,40.19354248046875,55.597381591796875
04555.jpg,3.3379,0.37034687399864197,0.6442979690636659,0.9731926695239367,4.917884826660156,68.60897827148438,0.8532849790722897,0.4340590345089561,5.082235336303711,3.221540570968207,29.729597091674805,6.100419044494629,94.88336944580078,0.9689351916313171,1.5573821067810059,0.5775551795959473,0.012855730950832367,18.909032821655273,0.5008710313301098,0.08829095548302941,0.7025538682937622,0.8383450508117676,0.29790354301297806,4.657081329152456,57.27899169921875,53.33831024169922
04558.jpg,3.3431,0.38910606503486633,0.5969831446368189,0.9611259893846718,4.64108943939209,56.165340423583984,0.8812706172102742,0.4209979955582737,4.930793762207031,2.857137308293604,22.08890724182129,4.789044380187988,75.78852081298828,0.9476169347763062,1.622646689414978,0.5646885633468628,0.013456571847200394,18.710655212402344,0.45400223304004544,0.1344131781350101,0.6864656209945679,0.783170759677887,0.2956782588940609,3.874143275341002,29.48504638671875,44.76373291015625
04559.jpg,3.3492,0.31755542755126953,0.6938360221794645,0.9734608416696151,4.295616149902344,37.8071174621582,0.7712607461447692,0.3687576373083432,4.7285237312316895,3.1306493775697515,18.247406005859375,3.0430524349212646,103.56542205810547,0.9723787307739258,1.8723658323287964,0.5616934299468994,0.027412284165620804,15.620548248291016,0.4633576646095227,0.042307050231549174,0.5946850180625916,0.7193304300308228,0.2983985836512613,4.3870746342144376,34.43963623046875,41.455467224121094
04563.jpg,3.342,0.39887136220932007,0.5048401142759938,0.9404788905649153,4.95134162902832,73.50399780273438,0.8645602000811324,0.42410055220376014,4.916584491729736,2.4908718213345225,25.633058547973633,6.484280586242676,66.0341796875,0.9126492738723755,1.5655165910720825,0.4399820566177368,0.01172553189098835,19.30867576599121,0.4105740397360111,0.14942255375885063,0.6957236528396606,0.7690818905830383,0.23306071837969913,4.97013178782579,37.82879638671875,49.15207290649414
04564.jpg,3.377,0.362649142742157,0.6792162399817483,0.9711375803259662,4.9419169425964355,77.89840698242188,0.8775267916080866,0.45052063490119504,5.1588640213012695,3.4303197280493265,28.769569396972656,6.913886070251465,88.21312713623047,0.9625698328018188,1.3590774536132812,0.5057045817375183,0.009861416183412075,20.060606002807617,0.42699665406643916,0.09170828623376048,0.7175023555755615,0.8474147915840149,0.2630439816029564,3.8844254843236476,33.83270263671875,56.163246154785156
04565.jpg,3.3462,0.40592101216316223,0.5652846156290534,0.9452912478771263,4.8467206954956055,80.38130950927734,0.8752022578236691,0.4259412329604333,5.159160137176514,2.8280957489724408,28.388662338256836,7.2271599769592285,76.71722412109375,0.9219739437103271,1.5136771202087402,0.40935245156288147,0.014327412471175194,18.438322067260742,0.44301818095513823,0.08935522809264343,0.6851729154586792,0.7938564419746399,0.23010902092257013,3.7477260716638168,22.86199951171875,47.82093048095703
04570.jpg,3.3369,0.40646058320999146,0.5745047495068182,0.953417926444227,4.947836399078369,89.03257751464844,0.8772597478820527,0.4315127342930973,5.122953414916992,2.892868947149937,31.186498641967773,7.9748358726501465,76.7382583618164,0.932827353477478,1.361221432685852,0.44515931606292725,0.012905117124319077,18.89238166809082,0.4193984418157526,0.10664212019532161,0.7133997678756714,0.8087891936302185,0.23933646523906124,3.5901722069933477,31.24627685546875,52.73186492919922
04574.jpg,3.3449,0.37109309434890747,0.7032565583288448,0.9572685069894515,4.648690223693848,56.84381866455078,0.8623445162178548,0.424686304618498,5.173769950866699,3.453867722393028,21.21531105041504,4.824808597564697,74.57176208496094,0.9391106367111206,1.544000506401062,0.4528215825557709,0.011873244307935238,19.25430679321289,0.41077690860391375,0.08681393963371184,0.6814583539962769,0.7882494926452637,0.24184529391542103,4.726404569907865,31.37908935546875,55.592979431152344
04582.jpg,3.3392,0.388249933719635,0.6221228317846146,0.9441560474014125,4.861763954162598,88.04322052001953,0.8714063006990854,0.44145064708827253,5.2883710861206055,3.157326775481751,29.784069061279297,7.650648593902588,73.89833068847656,0.908957839012146,1.3027164936065674,0.41223132610321045,0.015130916610360146,18.20134925842285,0.4189644015868491,0.0820330225637406,0.6996448040008545,0.766852855682373,0.24277897521565447,4.4349768464548935,44.50457763671875,58.920101165771484
04617.jpg,3.354,0.3890559673309326,0.6022345402025779,0.9525249594364357,4.918114185333252,76.57906341552734,0.8739442188784761,0.42407171923169146,5.150713920593262,3.0319092501025526,28.943912506103516,6.6931657791137695,82.73983764648438,0.9368302822113037,1.5718656778335571,0.45340847969055176,0.014693522825837135,18.3287410736084,0.4472162099169172,0.10043581444620614,0.6834859848022461,0.8057112693786621,0.24852560712887478,4.349475752152916,32.72479248046875,46.493778228759766
04633.jpg,3.4263,0.3984813392162323,0.5498028960975654,0.9495958274866729,4.97108268737793,70.02478790283203,0.8797135314642572,0.4161399446677173,4.954877853393555,2.728671281032314,25.55708122253418,6.111365795135498,72.1249771118164,0.9302482604980469,1.5251421928405762,0.44091761112213135,0.01139128115028143,19.434274673461914,0.41039449103993925,0.10108614970989964,0.7009907960891724,0.7988814115524292,0.2372131462788272,3.9619988168196065,29.12518310546875,43.88317108154297
04635.jpg,3.3312,0.39913228154182434,0.5409982809743913,0.9445483280111284,4.793683052062988,70.39913177490234,0.8679869585914322,0.41893277605814677,4.972573280334473,2.6417736612315643,26.164106369018555,6.5249924659729,69.13956451416016,0.9212432503700256,1.5625250339508057,0.3472503423690796,0.011621173471212387,19.34749984741211,0.40628113861677906,0.09344927615655735,0.6715761423110962,0.7478203773498535,0.19791224910480232,3.2593143851262583,16.00604248046875,43.259315490722656
04637.jpg,3.3581,0.3583029508590698,0.6091714038737068,0.9674022982464909,4.866074085235596,60.55573654174805,0.8401026236387223,0.43187243343991166,5.044215679168701,3.0185436912711676,24.40326690673828,5.252166748046875,93.19331359863281,0.9623812437057495,1.7027753591537476,0.4857759475708008,0.017241278663277626,17.63430404663086,0.4540552755227552,0.07181739493404513,0.6698093414306641,0.7754912376403809,0.26797040047270587,3.7032845816129814,30.03436279296875,46.50022888183594
04650.jpg,3.2991,0.4022921025753021,0.5608160875989577,0.9602916568553596,4.865093231201172,59.53711700439453,0.8963083920294632,0.37294140223946587,4.47298526763916,2.618482465925948,24.735410690307617,5.278462886810303,72.10363006591797,0.9452389478683472,1.4680962562561035,0.4073079228401184,0.009939700365066528,20.02626609802246,0.45541484562190226,0.10168780097025551,0.6401680111885071,0.7176376581192017,0.22115909899196645,4.039496301521701,29.02362060546875,53.557010650634766
04659.jpg,3.3228,0.3231607675552368,0.6125418412832726,0.9708924527788587,4.527200698852539,47.44429016113281,0.781966344471727,0.3733513376481533,4.734038829803467,2.8364595469226197,20.24964141845703,3.9542171955108643,103.29003143310547,0.9684456586837769,1.8327181339263916,0.5255756974220276,0.024758964776992798,16.06267547607422,0.4573130652104264,0.0547648840536315,0.6119702458381653,0.7327357530593872,0.2857391650389828,3.780008284829788,32.92401123046875,41.43426513671875
04670.jpg,3.3067,0.37010788917541504,0.6450474005512147,0.9756995641901405,4.699965476989746,58.9239616394043,0.8488431165420047,0.4245430896790802,5.060390472412109,3.1479580917054264,23.824811935424805,5.060226917266846,88.28330993652344,0.9719877243041992,1.6239010095596313,0.5322608351707458,0.01469227485358715,18.329111099243164,0.4537886609909959,0.09414709820386426,0.6864806413650513,0.8303385972976685,0.27857416957795406,4.224740576390006,32.95086669921875,45.22528839111328
04674.jpg,3.332,0.3640551269054413,0.6501448765874518,0.9684522636809263,4.766867160797119,57.129669189453125,0.8803938654447064,0.4355389407073627,5.189393997192383,3.236517749348458,20.095312118530273,4.871972560882568,76.29423522949219,0.9593462944030762,1.5009987354278564,0.5137137174606323,0.008263889700174332,20.828153610229492,0.42527336090733964,0.09132020359216796,0.7027170062065125,0.7803978323936462,0.2714110337353874,3.705893806027786,29.68182373046875,47.93883514404297
04682.jpg,3.4715,0.36125877499580383,0.6202951002851647,0.9729484927441221,4.762961387634277,67.5965347290039,0.8300689896853178,0.41554087226019637,4.991225242614746,3.025248463442658,26.071331024169922,5.849011421203613,95.41758728027344,0.9682323932647705,1.6032124757766724,0.5060085654258728,0.018031315878033638,17.439725875854492,0.4450290618498118,0.10155834641073899,0.6762668490409851,0.8105140924453735,0.2666343075048092,3.949647562423542,30.83026123046875,52.236724853515625
04690.jpg,3.3634,0.3848195970058441,0.6753984992373018,0.9683600269923702,4.763655662536621,69.63081359863281,0.8854393262360419,0.4320901619281532,5.115900039672852,3.3363310706182414,25.100805282592773,6.052180290222168,75.3798828125,0.9569091200828552,1.296651840209961,0.5500590801239014,0.007608783897012472,21.186847686767578,0.42825597475321003,0.12027907012671198,0.721661388874054,0.8220431804656982,0.2843275265178701,3.7348360930308324,29.81561279296875,47.59534454345703
04701.jpg,3.3629,0.4157705008983612,0.5204185117546475,0.9152636520564451,5.203818321228027,118.14593505859375,0.8298054114549102,0.4319599064583726,5.2712860107421875,2.7257288096049503,37.53258514404297,10.92837905883789,82.48857879638672,0.851401686668396,1.6665630340576172,0.39065852761268616,0.03050507977604866,15.156279563903809,0.38886916642148794,0.13683699475625122,0.6888562440872192,0.6658363342285156,0.22524702481858047,4.485185815727149,35.45599365234375,60.48345184326172
04709.jpg,3.3329,0.4009147882461548,0.5879676249733103,0.9517196929904299,4.8317646980285645,84.49671173095703,0.8724659297625456,0.4351747574512157,5.167314052581787,2.939577934756528,30.53724479675293,7.440196990966797,80.8682861328125,0.9339704513549805,1.513293743133545,0.49525415897369385,0.014055002480745316,18.521690368652344,0.4509703248428873,0.12252281585081821,0.7159131169319153,0.8192680478096008,0.26501369900656296,4.154662189307515,38.63934326171875,54.66586685180664
04713.jpg,3.3556,0.39390403032302856,0.568326190170874,0.9444432367807238,4.945667743682861,81.13814544677734,0.873617063804017,0.40725351088788714,5.090214729309082,2.8518379288719498,29.404930114746094,7.206577777862549,80.23535919189453,0.9223463535308838,1.5961782932281494,0.37841349840164185,0.017066385596990585,17.6785831451416,0.4392468972395938,0.09734784756258727,0.6646480560302734,0.7609103918075562,0.21741965426084567,3.938858741146113,34.19549560546875,45.52418518066406
04720.jpg,3.3581,0.3475286066532135,0.60951764493375,0.9736978641727074,4.745450019836426,52.29977035522461,0.8278603324303002,0.4023835790821276,4.932400703430176,2.949421579102461,22.8439884185791,4.4200592041015625,96.2303695678711,0.9717590808868408,1.7569596767425537,0.5417633056640625,0.018968453630805016,17.219680786132812,0.4491366271040824,0.07040321497949743,0.658226728439331,0.7801381349563599,0.2843758565387416,3.627228176365013,30.34393310546875,49.31089401245117
04721.jpg,3.3632,0.4026043117046356,0.5991708903699667,0.9593092763413639,5.0739922523498535,95.09651947021484,0.8773916192291293,0.4480324542926305,5.1676788330078125,3.0682668220431584,35.49031066894531,8.855168342590332,85.20781707763672,0.9421869516372681,1.3630914688110352,0.493660569190979,0.013060691766440868,18.8403377532959,0.44808674569857926,0.10444750557730668,0.72081458568573,0.8501430749893188,0.26253360765127554,3.803786607109101,24.54119873046875,48.741458892822266
04723.jpg,3.3431,0.3821921646595001,0.6170486795869576,0.9416880832195614,4.616355895996094,51.491607666015625,0.8808877618881629,0.41198956688905836,5.135843753814697,3.0088023366975136,18.25816535949707,4.471721172332764,72.74447631835938,0.9117928743362427,1.7020418643951416,0.5267333984375,0.014371786266565323,18.424894332885742,0.45503461026573355,0.12532270937811185,0.6840230226516724,0.7419475317001343,0.2962587516881204,4.087484310107919,25.50750732421875,42.05743408203125
04729.jpg,3.3515,0.39081132411956787,0.6139667293744829,0.9656388389683078,4.903499126434326,77.60066986083984,0.8617863379291043,0.43618813086841596,5.1576080322265625,3.0886037803474125,28.1621036529541,6.772208213806152,85.32893371582031,0.955734133720398,1.4856046438217163,0.5153233408927917,0.0143111702054739,18.443248748779297,0.45728710434246755,0.1078373393096454,0.7100080847740173,0.8302839994430542,0.27503462606998796,3.817078958233451,37.21893310546875,49.562400817871094
04742.jpg,3.3319,0.358356773853302,0.6399893062830235,0.9705434781292701,4.819578170776367,68.34368896484375,0.836750675019527,0.4229704450899436,5.0110979080200195,3.1457755356417447,26.782758712768555,5.893069267272949,96.57398223876953,0.9652444124221802,1.5844063758850098,0.5143744945526123,0.017685288563370705,17.523880004882812,0.4594363729530239,0.0982601147652774,0.6726034283638,0.8160531520843506,0.27569377577554965,4.1773618144912,36.01824951171875,44.63187026977539
04772.jpg,3.3337,0.3630700409412384,0.6287399107202051,0.9610613109081678,4.683168888092041,63.120330810546875,0.8812694154546912,0.43369177679044185,5.139749526977539,3.088041989143681,22.304346084594727,5.377420425415039,83.15721893310547,0.9489125609397888,1.6028854846954346,0.4932607412338257,0.011564631946384907,19.368682861328125,0.4516218438519522,0.08810565284657519,0.6908398866653442,0.7539782524108887,0.26846436021008696,4.264678598665875,36.27362060546875,50.755210876464844
04782.jpg,3.3963,0.3943159878253937,0.5932851459082285,0.9532201364404305,5.049997329711914,97.0006332397461,0.8735956274010463,0.44612566391514397,5.287528038024902,3.0665610897532893,32.52754211425781,8.672886848449707,85.56935119628906,0.9306773543357849,1.377480149269104,0.4255110025405884,0.0153901232406497,18.127578735351562,0.40736840032962945,0.09449618794433927,0.7055830359458923,0.8266621828079224,0.24101767674216995,4.064534862085332,35.93524169921875,49.38150405883789
04787.jpg,3.4156,0.3956705927848816,0.5029306878488127,0.9422256950147893,5.014443874359131,69.4620361328125,0.8635910749512978,0.4215067159820495,4.866808891296387,2.4848018969402865,24.605087280273438,6.076862335205078,67.35279846191406,0.9179710745811462,1.6069624423980713,0.46372419595718384,0.011512154713273048,19.3884334564209,0.4224474744834275,0.1538065047993615,0.694398045539856,0.7671394944190979,0.24074981370664778,5.105172909183074,36.63494873046875,54.47026443481445
04804.jpg,3.3827,0.38852500915527344,0.628194622196902,0.9681021765121276,4.959525108337402,81.56151580810547,0.8642237413251929,0.44499945541749003,5.081418991088867,3.1538450064906964,30.55523109436035,7.088827610015869,93.31124877929688,0.9590630531311035,1.4184341430664062,0.552133321762085,0.014703058637678623,18.325923919677734,0.46229405582756794,0.10490916916421544,0.7149538993835449,0.8465533256530762,0.2922202482732334,4.276665044339241,38.31951904296875,44.050132751464844
04807.jpg,3.4272,0.4049936830997467,0.5104580273241769,0.9353726808041501,5.016833305358887,74.01293182373047,0.8645429560786376,0.42634408952522146,4.892813205718994,2.5292385902261234,26.8579044342041,6.472531318664551,67.6093521118164,0.9026472568511963,1.587523102760315,0.4765021800994873,0.013756880536675453,18.61480140686035,0.4346565423280655,0.15467733346867146,0.6924061179161072,0.7614134550094604,0.24959493096243754,4.692061009441317,43.38934326171875,53.990413665771484
04809.jpg,3.3966,0.3892892301082611,0.6451706733685286,0.9600087553826441,4.901214599609375,79.74767303466797,0.8758252860341447,0.43094011906025753,5.281949996948242,3.2849515608338304,28.907508850097656,7.109436988830566,79.51338958740234,0.9422879219055176,1.2937781810760498,0.4118466079235077,0.010910472832620144,19.621564865112305,0.4140249925326623,0.0960966496863974,0.6875734925270081,0.8129741549491882,0.23180967372659625,3.964505714504519,32.02459716796875,49.615577697753906
04821.jpg,3.4283,0.4030225872993469,0.504265462460831,0.9354412858339208,4.982419013977051,70.87623596191406,0.8666398988423172,0.41914571829288,4.882966995239258,2.48739604117322,25.554672241210938,6.195737838745117,65.80239868164062,0.9033520221710205,1.5985097885131836,0.47411298751831055,0.012979341670870781,18.867473602294922,0.43086539120256706,0.15429870611437915,0.693924069404602,0.7613759636878967,0.2470234512452788,4.579850757312592,38.64276123046875,54.31711196899414
04836.jpg,3.3706,0.36548465490341187,0.6710271372556543,0.9662556839348039,4.759619235992432,67.34722900390625,0.8823208140626433,0.4375707318164456,5.195223331451416,3.3399971123899554,23.945837020874023,5.78402853012085,81.79397583007812,0.9540374279022217,1.4192367792129517,0.5193385481834412,0.010500725358724594,19.787805557250977,0.4327845262707141,0.09668958493719003,0.7005813121795654,0.7878768444061279,0.27627945456235187,3.867816192757531,35.15936279296875,51.79467010498047
04838.jpg,3.3548,0.4020862579345703,0.5142696624391098,0.9465445188488467,4.8391900062561035,73.46934509277344,0.8756583187655071,0.43482849542567803,4.946447372436523,2.516237677888295,25.598363876342773,6.564818382263184,68.70714569091797,0.9246077537536621,1.5499227046966553,0.47260719537734985,0.01174979843199253,19.29969596862793,0.4232848070335269,0.13316630052123202,0.7086613178253174,0.7882367372512817,0.25401851827495514,4.3745831739707794,27.63494873046875,44.51988983154297
04845.jpg,3.3748,0.3961666226387024,0.5989442324741846,0.9505544216140236,4.9704365730285645,80.80517578125,0.8760266676628735,0.42730228555506666,5.157390117645264,3.0330126173076337,30.022724151611328,7.078726768493652,80.29894256591797,0.9318243265151978,1.5095014572143555,0.4728950262069702,0.014013743959367275,18.53445816040039,0.4446654698178422,0.10934512706833123,0.6913555860519409,0.8089640736579895,0.25639876079695045,4.423728031042957,33.80731201171875,47.411346435546875
04848.jpg,3.3924,0.3946538269519806,0.6536779922292678,0.9404026443127702,4.484901428222656,75.46784973144531,0.8746431664997758,0.409354294651981,5.0593767166137695,3.1194542791496005,28.547107696533203,6.703093528747559,67.33399963378906,0.8996416330337524,1.3007887601852417,0.4065698981285095,0.014502516016364098,18.38556671142578,0.437042294885003,0.10187577502662473,0.6664296388626099,0.7695831060409546,0.22232204815732817,4.215598252722361,37.61444091796875,58.467594146728516
04854.jpg,3.3905,0.40142667293548584,0.5320971626119404,0.9436235273955662,4.916027069091797,76.43941497802734,0.8709779483712706,0.4229591376449379,4.948009490966797,2.6243225104775245,26.684494018554688,6.81943941116333,69.76461029052734,0.9187897443771362,1.539482831954956,0.38055264949798584,0.012069514021277428,19.183103561401367,0.3964033536124686,0.10084461567947751,0.6882649064064026,0.7709619402885437,0.21248610886882144,4.414236528794071,39.09881591796875,43.32228088378906
04862.jpg,3.379,0.3615267872810364,0.6638671619656906,0.9558046384637041,5.006968021392822,67.69969177246094,0.8679244473283249,0.42148448960182167,5.266890525817871,3.410250784317924,24.384016036987305,5.8807525634765625,79.62071990966797,0.9398161172866821,1.5285322666168213,0.39846348762512207,0.011931423097848892,19.233078002929688,0.40898138082522284,0.08971413210674613,0.6645270586013794,0.7827706336975098,0.22031645804050468,3.9509618477438284,33.15301513671875,53.99530792236328
04872.jpg,3.3524,0.40769699215888977,0.5287620944482887,0.9472370634454197,4.918239116668701,82.41667938232422,0.8644574107639953,0.43373548422775504,4.94920539855957,2.608775173921787,29.979663848876953,7.517117977142334,71.74752044677734,0.9252126216888428,1.506697416305542,0.45031070709228516,0.0120345838367939,19.195690155029297,0.40477590731653246,0.12490872365426144,0.7194856405258179,0.8071173429489136,0.2343285687370752,3.6893839449418615,35.69549560546875,44.970977783203125
04890.jpg,3.3447,0.32545533776283264,0.6234012528159635,0.9743574032881814,4.638744354248047,50.19526290893555,0.7952674492499003,0.3871099701703685,4.7747039794921875,2.934189250637088,21.71890640258789,4.215497970581055,102.96074676513672,0.9726357460021973,1.7813801765441895,0.5750911235809326,0.02074114978313446,16.83167266845703,0.4737703336114614,0.07148534511658279,0.6326786875724792,0.7592315077781677,0.30028626501892286,3.763318681480952,29.32684326171875,44.470420837402344
04892.jpg,3.3645,0.38745811581611633,0.6609971070266323,0.9461088389223669,4.985661506652832,80.49951171875,0.8670598553211233,0.4560407724091899,5.311697959899902,3.403274483234961,30.02674674987793,7.6634297370910645,78.92009735107422,0.914688766002655,1.3621069192886353,0.4559869170188904,0.016350187361240387,17.86477279663086,0.46922004458210387,0.07434109732234978,0.7024905681610107,0.7875680923461914,0.2571871136993375,5.727016103028138,-12.03497314453125,60.24464797973633
04893.jpg,3.4111,0.40051817893981934,0.6199807742079987,0.9428604975682534,4.817142009735107,78.50501251220703,0.8832611119934173,0.4409068680042362,5.218715190887451,3.1110307711185907,30.580350875854492,7.234057426452637,70.31816101074219,0.9094294309616089,1.397110939025879,0.4290902316570282,0.013904093764722347,18.568572998046875,0.48147159689074726,0.08615689309676364,0.6777700781822205,0.7384732961654663,0.27109636363908446,4.744604402426048,27.96405029296875,55.31538009643555
04902.jpg,3.3566,0.36152052879333496,0.6872338000852651,0.9756329159512057,4.773888111114502,56.09708023071289,0.8396885843907467,0.40523702627599356,5.036684036254883,3.371091264425278,24.644906997680664,4.7035017013549805,93.04276275634766,0.9725465774536133,1.644216537475586,0.5656953454017639,0.01750408485531807,17.568605422973633,0.4381844111898785,0.09354181123446806,0.6636569499969482,0.8081461191177368,0.2962441259279498,4.1756883366439155,36.48992919921875,49.478515625
04906.jpg,3.3531,0.3844795823097229,0.6033246123888005,0.9521109960397922,4.6727399826049805,64.14205169677734,0.8847375702499214,0.4255403305124376,5.124935150146484,2.9556003079606086,24.137954711914062,5.473582744598389,69.9169692993164,0.9333006739616394,1.497267484664917,0.5255334377288818,0.009791383519768715,20.09156036376953,0.44066183847503215,0.11288427101629762,0.7020249366760254,0.7705025672912598,0.2783671188959996,4.126867151571089,41.46990966796875,55.38916778564453
04907.jpg,3.3514,0.3764841854572296,0.7128782677242697,0.9685132856910661,4.785110950469971,76.83328247070312,0.8786805952071735,0.43407020211489145,5.198814392089844,3.558675091706686,28.40464210510254,6.805608749389648,82.40152740478516,0.9545486569404602,1.1567038297653198,0.5038017630577087,0.009430285543203354,20.25475311279297,0.4521656949889789,0.11166573633314483,0.7067186236381531,0.8444966077804565,0.26014974473725555,3.927563537081346,40.16815185546875,55.87225341796875
04916.jpg,3.383,0.3554195165634155,0.6745745942409935,0.9731590616652882,4.593113899230957,41.14049530029297,0.8386850644500884,0.38427094133657264,4.8660712242126465,3.19047540274725,18.814138412475586,3.4080913066864014,89.85554504394531,0.9713072776794434,1.809467077255249,0.47752687335014343,0.022045977413654327,16.566707611083984,0.4454325720961554,0.05903320984029919,0.6179951429367065,0.7414847612380981,0.2636941426845522,3.6337664263817104,29.93475341796875,46.62779998779297
04921.jpg,3.3681,0.35257527232170105,0.6428719657824749,0.9614562699712915,4.596261024475098,49.41967010498047,0.8241266477882859,0.38052317736556507,5.039503574371338,3.0972934932097864,20.67563819885254,4.169572830200195,91.32868194580078,0.9552696943283081,1.8273078203201294,0.4970695376396179,0.031136909499764442,15.067244529724121,0.4758211072320479,0.05964298907399395,0.61628657579422,0.7290743589401245,0.2787628725092889,3.6988030331286375,37.56903076171875,43.77002716064453
04931.jpg,3.3726,0.32994934916496277,0.9867683597165047,0.9779895411190439,2.428177833557129,25.08588218688965,0.730701910517174,0.2349059126197113,4.266522407531738,3.303076282970798,15.75001049041748,1.855783462524414,105.13993835449219,0.9772339463233948,1.9381211996078491,0.8217058181762695,0.05096014589071274,12.927693367004395,0.5543341303412186,0.00796537923131186,0.5204749703407288,0.65950608253479,0.3853011636773805,5.544028068346873,54.08807373046875,54.97391128540039
04942.jpg,3.3594,0.3182775378227234,0.7614234231227631,0.9654860309564633,3.5905771255493164,40.84663772583008,0.7304624439080303,0.34588205314267606,4.6890058517456055,3.1521479930421448,17.018329620361328,3.3402581214904785,105.59358215332031,0.9602023959159851,1.9114004373550415,0.5891586542129517,0.039515867829322815,14.032285690307617,0.44530191175374706,0.02254614329841021,0.5634607076644897,0.6476254463195801,0.3483842721383151,3.8225337720157615,33.15252685546875,54.98311996459961
04950.jpg,3.4079,0.3637825846672058,0.634486899834895,0.9577568261618092,4.69365119934082,45.184791564941406,0.8332750687022376,0.38646554029778246,5.069952011108398,3.0974509598527913,18.205841064453125,3.8131110668182373,86.7208023071289,0.9478402137756348,1.845580816268921,0.48252278566360474,0.0258726067841053,15.871599197387695,0.47917310749280206,0.06762230782958314,0.6306270360946655,0.7346267700195312,0.2687233537101919,3.81764115722981,27.85955810546875,55.08040237426758
04952.jpg,3.364,0.3420336842536926,0.6800539112641939,0.9698401762532127,4.313088893890381,37.56828308105469,0.7759884689757995,0.3370983797643493,4.822757720947266,3.106446472398754,17.303255081176758,3.108323335647583,98.01578521728516,0.9671692848205566,1.8847326040267944,0.5453319549560547,0.03529449552297592,14.522930145263672,0.47137959782737077,0.05124034169399562,0.588027834892273,0.7119147777557373,0.2987313513628856,3.7438039314901235,18.36785888671875,44.95635223388672
04953.jpg,3.3431,0.32937994599342346,0.8226078315836123,0.9510370440661062,3.2760748863220215,41.14116287231445,0.7692482406170581,0.2970936016850908,4.788550853729248,3.317027326041826,17.42083168029785,3.3259952068328857,98.4702377319336,0.9376314878463745,1.9269672632217407,0.6304551362991333,0.055167317390441895,12.58318042755127,0.498173422252317,0.02594448135100789,0.5616645216941833,0.6595553159713745,0.3707146499991952,3.8267134229789446,39.19110107421875,57.817161560058594
04957.jpg,3.3903,0.3637462258338928,0.5846230702062516,0.9486948030111128,4.804807186126709,53.722713470458984,0.8317577216800836,0.3742039289736601,5.182472229003906,2.919407799407635,22.132312774658203,4.609864711761475,88.3240737915039,0.934407114982605,1.8138411045074463,0.4807133674621582,0.0332774892449379,14.778494834899902,0.4738175777801217,0.05974204623464071,0.6272692680358887,0.7340900897979736,0.27654951178658344,3.536768714215607,31.26190185546875,47.125667572021484
04979.jpg,3.3745,0.4068334996700287,0.5984790079626201,0.9532615363192203,5.038177490234375,101.69093322753906,0.867433466554055,0.45045736501993167,5.258710861206055,3.081246918060799,35.713111877441406,9.428752899169922,82.05663299560547,0.9288836717605591,1.3658263683319092,0.44639599323272705,0.016428740695118904,17.843957901000977,0.40673405911204247,0.1151226717752394,0.7063688039779663,0.8227738738059998,0.24547217704302307,4.374171929600371,49.16375732421875,46.40861511230469
04983.jpg,3.3827,0.39051294326782227,0.5956481589616148,0.9566590433257942,4.951128959655762,79.62102508544922,0.8625372312025064,0.43834064290666,5.271758079528809,3.0446330127968473,30.20301628112793,7.5330705642700195,78.38114166259766,0.9402185678482056,1.4221889972686768,0.41632822155952454,0.01114060077816248,19.530914306640625,0.41482267305871084,0.10498159589880121,0.7017820477485657,0.8204948306083679,0.22015296658175174,4.098104953442279,41.02850341796875,49.072017669677734
05001.jpg,3.2957,0.32701727747917175,0.762337406078146,0.9566765096187199,3.6436684131622314,42.71451950073242,0.7610344936773346,0.36321583698906884,4.864567756652832,3.2430870282249478,17.075191497802734,3.5001413822174072,100.82341003417969,0.9477033615112305,1.912712812423706,0.5998201966285706,0.045821137726306915,13.389341354370117,0.47702075855967163,0.024479739389209294,0.5773739218711853,0.6628588438034058,0.3737803090043085,3.9012861329043638,36.21258544921875,45.304847717285156
05004.jpg,3.3276,0.37973567843437195,0.6659501159232052,0.9612131714302156,4.906802654266357,55.707916259765625,0.8697932254118672,0.40440023446569245,5.276747703552246,3.3908804286983543,23.642824172973633,4.71830415725708,81.3318099975586,0.9490599632263184,1.5436006784439087,0.5178450345993042,0.015970483422279358,17.966819763183594,0.4747957873790169,0.09646143843838853,0.6785761117935181,0.7893328070640564,0.267148699794567,4.1313092836025245,31.67401123046875,55.63895034790039
05017.jpg,3.3523,0.38723137974739075,0.5408909927137159,0.9432302896882012,4.979602336883545,81.40279388427734,0.8460385452769759,0.41845821520881965,5.217779159545898,2.757845981786126,30.38513946533203,7.21197509765625,88.66914367675781,0.9224947690963745,1.6911894083023071,0.4514824450016022,0.026836607605218887,15.712724685668945,0.43751886009287294,0.10091312038673242,0.6615186929702759,0.760915994644165,0.26025239311567766,3.8886125085024803,40.17742919921875,48.56732177734375
05024.jpg,3.2794,0.31597617268562317,0.6670751699351849,0.9769500939973528,4.058343887329102,28.906965255737305,0.740087297726395,0.31723353640556506,4.3788275718688965,2.8141259500892266,15.564191818237305,2.2392778396606445,106.62631225585938,0.9757291078567505,1.924835205078125,0.581247091293335,0.03093027137219906,15.096162796020508,0.47308118857051074,0.03227805688917119,0.5534772872924805,0.6998640298843384,0.29371924297262764,4.6894430333568575,41.34051513671875,51.05552673339844
05039.jpg,3.3268,0.3693312406539917,0.7048036350366493,0.9686096967415768,4.825052261352539,80.17735290527344,0.8918631210089965,0.45007002337311164,5.319252967834473,3.5748844401718554,28.86532974243164,7.089476108551025,80.76920318603516,0.9540368318557739,1.1897727251052856,0.49344897270202637,0.009730741381645203,20.118541717529297,0.4206342938839368,0.09946181543212462,0.70760178565979,0.8250828981399536,0.27241047448060074,3.6558329372058105,33.36102294921875,56.765968322753906
05040.jpg,3.3183,0.375139057636261,0.6562812802462671,0.9677680217423854,4.741591930389404,70.93756103515625,0.8365112850099988,0.4168676374372939,5.132013320922852,3.239943185482021,27.91678810119629,6.16034460067749,91.29562377929688,0.9604304432868958,1.6218341588974,0.5397081971168518,0.02153949812054634,16.667644500732422,0.47723571329820463,0.09731096395451272,0.6659225225448608,0.7784093618392944,0.2939302193207736,4.160889763082679,33.81610107421875,50.38993835449219
05051.jpg,3.2958,0.3277091383934021,0.6934027835585432,0.9674026902436638,3.948152780532837,51.66299819946289,0.7573605428337635,0.3783649600126428,4.774234771728516,3.024076798600338,20.01287078857422,4.36184024810791,103.222412109375,0.9645963907241821,1.8563179969787598,0.5235258340835571,0.03618504852056503,14.414709091186523,0.48592093810650755,0.0364253045658508,0.5852937698364258,0.6843031644821167,0.3148820910571078,4.00992774804856,24.14617919921875,46.073638916015625
05062.jpg,3.2834,0.34124812483787537,0.8254592800173385,0.9551260159001229,3.212620258331299,35.37234115600586,0.7621346744818644,0.28431909316366233,4.803408622741699,3.3084679110639135,16.776700973510742,2.8449625968933105,100.0312728881836,0.9429506063461304,1.9110779762268066,0.6851634979248047,0.05191505700349808,12.847066879272461,0.5014941980814674,0.01880272923848015,0.5577348470687866,0.6619528532028198,0.3754737161733733,4.698492356018085,41.81268310546875,57.8546142578125
05068.jpg,3.3249,0.35981279611587524,0.6200159165955265,0.9435523526201302,4.454437732696533,46.58248519897461,0.8109891129063398,0.33025109343842524,4.981137275695801,2.925114842213672,19.314577102661133,3.8461062908172607,90.362060546875,0.9228264093399048,1.8771600723266602,0.4894416034221649,0.04489690437912941,13.477835655212402,0.462745754249991,0.06082561625771695,0.5934125185012817,0.688156247138977,0.28220005591823155,3.7244797694097027,28.32440185546875,47.26666259765625
05086.jpg,3.3419,0.39197519421577454,0.5389561636793928,0.9415575430728308,5.025268077850342,73.11280059814453,0.8790576319965365,0.4198772585235259,5.160354137420654,2.744811835913083,27.14734649658203,6.323105335235596,77.93402862548828,0.9193091988563538,1.6943955421447754,0.5345304012298584,0.01811949908733368,17.41853904724121,0.4606241550548829,0.1080179449314858,0.6964641809463501,0.7855027914047241,0.286373188539751,4.096766018753949,38.09051513671875,51.75572967529297
05092.jpg,3.4144,0.3261258006095886,0.7105304686822761,0.9641975701420359,4.2361321449279785,41.965213775634766,0.7724505463220896,0.3629291886002213,4.9126434326171875,3.2502552561601963,17.89787483215332,3.4346702098846436,101.62895202636719,0.9599387645721436,1.8547735214233398,0.5853992700576782,0.03480861335992813,14.583133697509766,0.4623940842394839,0.044354340117271886,0.5844011306762695,0.7156578302383423,0.33293704833193494,3.695443553059196,38.24871826171875,41.57719802856445
05097.jpg,3.3367,0.35506799817085266,0.6030690888082183,0.9569861920350722,4.870285511016846,49.22569274902344,0.8466535444515482,0.40060229614405896,5.205975532531738,3.0383519369819076,18.99666404724121,4.2373480796813965,86.39675903320312,0.947407603263855,1.7798941135406494,0.4418131709098816,0.02238014154136181,16.501371383666992,0.4517309214432346,0.06392741593894459,0.6448222994804382,0.7157390117645264,0.25810690497986627,3.5281321108618635,34.57049560546875,49.465816497802734
05108.jpg,3.3503,0.4287976026535034,0.5637031244955496,0.9442125410022341,5.285849571228027,128.30548095703125,0.8693745166825452,0.44899595199590603,5.200730323791504,2.955669315016042,45.02736282348633,12.190323829650879,89.8577651977539,0.9150620698928833,1.3895796537399292,0.4454129934310913,0.02066846936941147,16.84691619873047,0.41460213386913064,0.09996728772617101,0.7354717254638672,0.854566752910614,0.23662834517271314,4.871434196271578,41.57733154296875,55.28929901123047
05112.jpg,3.3541,0.3762275278568268,0.6187309085545128,0.9611603049597652,4.914832592010498,55.34226989746094,0.8752501314677863,0.4217846162376032,5.151960372924805,3.1143291449348087,21.7221622467041,4.704203128814697,79.16725158691406,0.9525381326675415,1.6494848728179932,0.4875641465187073,0.010928580537438393,19.614360809326172,0.4499578755827249,0.06854789789412029,0.6780304908752441,0.7857613563537598,0.2684374326306882,3.5266691401564874,28.29705810546875,47.14469909667969
05139.jpg,3.3373,0.3627408742904663,0.649949425643281,0.9728338780069167,4.643062591552734,64.13067626953125,0.8341215358185204,0.4172411382010275,5.0138044357299805,3.1382496974549294,25.74598503112793,5.576308250427246,94.95381927490234,0.9683632850646973,1.6412516832351685,0.5546890497207642,0.016088172793388367,17.934934616088867,0.46125374652015805,0.11039817420128567,0.6865534782409668,0.8007091283798218,0.2867667748914857,3.6543274159109087,30.12664794921875,45.00732421875
05140.jpg,3.3544,0.38468649983406067,0.6285283016353806,0.9712496435462717,4.2555437088012695,45.39535903930664,0.8971433850782283,0.41277963960381675,4.770314693450928,2.836515370495004,17.733657836914062,3.853954792022705,64.30635070800781,0.9641900062561035,1.5968191623687744,0.48434528708457947,0.007070142310112715,21.505718231201172,0.449669989198786,0.10437905565772809,0.6571195721626282,0.7549391984939575,0.2819109178299666,4.252596347647674,37.75555419921875,47.716346740722656
05144.jpg,3.3876,0.3865603804588318,0.6364276945436209,0.9382334360086166,4.938258171081543,74.3390121459961,0.8557492354906922,0.4161703245099231,5.2632598876953125,3.24627604425193,27.742069244384766,6.915831089019775,78.34342956542969,0.9016139507293701,1.5895191431045532,0.38328787684440613,0.02128087542951107,16.72010612487793,0.4175660836557403,0.09392807509021887,0.6604353785514832,0.761076807975769,0.21649118641879245,3.594096352559059,15.73211669921875,47.111026763916016
05148.jpg,3.3634,0.3402019143104553,0.6341551394719829,0.9517570358588416,4.57459020614624,43.63539505004883,0.8223557167844192,0.3607243560594316,5.082739353179932,3.0621342574483315,19.211585998535156,3.559324026107788,94.38128662109375,0.939821720123291,1.8629734516143799,0.5856928825378418,0.033494751900434494,14.750232696533203,0.4826230157726392,0.07111441834071551,0.6174914836883545,0.747394323348999,0.3064636872074274,4.362372084441998,35.36981201171875,52.58924865722656
05154.jpg,3.3741,0.32691389322280884,0.7385299810937317,0.9574494521645577,3.8253731727600098,46.26249694824219,0.7623713375642205,0.3510808028908543,4.925869941711426,3.2315412145593854,18.227615356445312,3.8448293209075928,101.93338775634766,0.9489850997924805,1.874284029006958,0.5659773349761963,0.042599279433488846,13.705978393554688,0.48598684041406176,0.02669999214916616,0.5710980892181396,0.6521806716918945,0.3532848262438745,3.4506944188815876,25.75262451171875,48.398231506347656
05156.jpg,3.3326,0.3507844805717468,0.6138290656954113,0.9607301130985538,4.788130283355713,51.23344421386719,0.854351718535006,0.4018448676577859,5.026006698608398,3.01211231887358,20.975786209106445,4.3585710525512695,87.5941390991211,0.9544928669929504,1.8108069896697998,0.5184552073478699,0.021399136632680893,16.6960391998291,0.4590618069619908,0.07770211162464906,0.6555195450782776,0.7641440629959106,0.2785400626806721,4.00120112496011,32.95037841796875,55.92645263671875
05169.jpg,3.3532,0.3677714467048645,0.5940671833705241,0.94541996958582,4.731996536254883,53.56979751586914,0.8244464272687804,0.36102263796900025,5.244897842407227,2.9634835734209712,22.477306365966797,4.6158447265625,90.18743133544922,0.9265106916427612,1.7847875356674194,0.5017390847206116,0.034097820520401,14.672735214233398,0.46787016516321545,0.06490111621514046,0.6276862621307373,0.7225143909454346,0.275400152445903,3.9058069525091565,29.30047607421875,53.3858642578125
05170.jpg,3.3562,0.3077346980571747,0.6825325519219215,0.9715219845789463,4.111690521240234,39.67838668823242,0.7451213987983307,0.3715600042073588,4.6826372146606445,3.0012200722209927,17.961780548095703,3.2378556728363037,106.6176986694336,0.9699075222015381,1.8697731494903564,0.6072309613227844,0.02803714945912361,15.522662162780762,0.4588387103102893,0.02607764248035828,0.5725489854812622,0.6833779811859131,0.3301040843478352,3.9320766403709158,43.94549560546875,50.30491638183594
05181.jpg,3.3892,0.39197325706481934,0.6231464409849005,0.9544585878322096,4.772486209869385,82.63493347167969,0.8814579966643864,0.42497676665636247,5.137648582458496,3.0877441461708663,29.407472610473633,7.511698246002197,80.06725311279297,0.9340319633483887,1.3861585855484009,0.3977068066596985,0.012690416537225246,18.965240478515625,0.4148928152539303,0.09970390949003435,0.6853778958320618,0.7946538925170898,0.22992509912457182,3.740972747449208,28.57684326171875,51.20476531982422
05184.jpg,3.381,0.39613083004951477,0.711839930136702,0.9770081409700241,4.009665012359619,25.573780059814453,0.9172473214455241,0.2786542645203685,4.310903072357178,2.9614692649916234,12.221298217773438,1.9249299764633179,60.80000305175781,0.9747603535652161,1.7817707061767578,0.5550452470779419,0.006166571285575628,22.099563598632812,0.5076360873295157,0.06757420948898525,0.6155703067779541,0.7007759809494019,0.33001040914912727,4.905485885061603,30.85516357421875,49.2352294921875
05189.jpg,3.3867,0.3172164857387543,0.6636914648090279,0.9643677895431082,4.649855613708496,43.82527542114258,0.8097063282469569,0.37751638804831644,4.91421365737915,3.173807981848986,18.68401527404785,3.60579514503479,99.45946502685547,0.9602022171020508,1.8729608058929443,0.5107325911521912,0.0256490521132946,15.90928840637207,0.43548720181914646,0.05593942407022559,0.6219186782836914,0.7267546057701111,0.2775034791634192,3.94538390390713,28.26434326171875,52.0989875793457
05199.jpg,3.3516,0.37708285450935364,0.6258187189934076,0.9711057211379013,4.306497097015381,48.11920166015625,0.8852065187050261,0.4135588869015126,4.78953742980957,2.846245936120339,18.720396041870117,4.278753757476807,69.35452270507812,0.9646759033203125,1.6293470859527588,0.4774133563041687,0.007947715930640697,20.997577667236328,0.45335782826547655,0.1082722516320143,0.6624062061309814,0.7569636106491089,0.27826963295708745,3.6017621718354507,27.87078857421875,48.18756866455078
05214.jpg,3.3482,0.27363741397857666,0.7728442197063248,0.9836955504616314,3.440438985824585,30.70756721496582,0.7131830943334132,0.3197139449130712,4.163137912750244,2.9382041547145326,16.537195205688477,2.3822858333587646,109.30592346191406,0.9846135377883911,1.9105665683746338,0.6595922112464905,0.03346520662307739,14.75406551361084,0.48877074918300717,0.018931890637282053,0.5322234034538269,0.66280597448349,0.33908007108282345,4.083467949012442,35.02801513671875,49.199462890625
05239.jpg,3.3533,0.32861027121543884,0.6893721999270402,0.973871772209282,3.887892246246338,45.31644058227539,0.7578801395296212,0.37003070915553016,4.594727516174316,2.9238538592638,18.894729614257812,3.838928699493408,102.99913024902344,0.9730636477470398,1.8832778930664062,0.5812488794326782,0.03736218810081482,14.275676727294922,0.5043083437379927,0.039179044444203795,0.5854945182800293,0.7002832889556885,0.3400000660512476,3.9314651369887414,20.24969482421875,45.024810791015625
05261.jpg,3.3445,0.3088967502117157,0.6849097578407459,0.9593000810640104,3.992264986038208,44.36669158935547,0.7477449874730311,0.327186136497043,4.73912239074707,2.9901189663256105,19.163732528686523,3.6923880577087402,105.41414642333984,0.9507063627243042,1.8888845443725586,0.4802989959716797,0.03527742624282837,14.525031089782715,0.42480763691254,0.03356815968879041,0.5725430250167847,0.6233543753623962,0.2798057591278591,3.7982366053444916,21.01776123046875,61.490478515625
05273.jpg,3.3347,0.333654522895813,0.6970127510465909,0.9594305243868053,4.716474533081055,36.259925842285156,0.8071353837523413,0.35439706686825545,4.840063095092773,3.3305271603930793,16.67613410949707,2.9334793090820312,94.48699188232422,0.9534730911254883,1.8992960453033447,0.5623725652694702,0.03212207555770874,14.931963920593262,0.4752074402803081,0.04062948925634171,0.5894755125045776,0.7056833505630493,0.31403039855912723,3.688092895688954,34.66180419921875,41.288238525390625
05280.jpg,3.3518,0.35320228338241577,0.5564126966515459,0.9617675505397243,4.759057998657227,65.34973907470703,0.8051361339447931,0.39458269812415264,5.022130012512207,2.7211986259005965,24.46039390563965,5.714399337768555,97.49537658691406,0.9549633264541626,1.7601419687271118,0.48051661252975464,0.027304112911224365,15.637720108032227,0.4591612991139367,0.07072303285714042,0.6451132297515869,0.7487915754318237,0.2811587612974324,3.6237088209206347,33.08807373046875,46.91580581665039
05281.jpg,3.336,0.33214661478996277,0.6078852669762886,0.9630713064986648,4.52495002746582,48.20041275024414,0.7950479969071629,0.3871300060070376,4.941090106964111,2.877144304512985,18.979167938232422,4.075416088104248,97.79446411132812,0.9587165117263794,1.8738595247268677,0.5079665780067444,0.031131934374570847,15.067938804626465,0.47332814219062486,0.04174118929077365,0.6181785464286804,0.7128816843032837,0.2961918029619259,3.71138806650113,28.32489013671875,40.988861083984375
05297.jpg,3.3801,0.41367629170417786,0.5728209107765401,0.9530243735814389,5.032773971557617,127.265625,0.8621914351669622,0.4624578999509033,5.306038856506348,2.961154782347119,41.52313232421875,12.027838706970215,86.7188949584961,0.9294420480728149,1.3457660675048828,0.450627863407135,0.016864171251654625,17.730350494384766,0.39225968137513806,0.1270840328369856,0.744900643825531,0.8436972498893738,0.24221982647236495,4.194911613963257,31.99285888671875,49.91613006591797
05311.jpg,3.3539,0.38041362166404724,0.6004342166322019,0.9632115991961865,4.964378833770752,91.25811004638672,0.8647181414004143,0.45085050887820066,5.266506195068359,3.0714977717492022,31.287683486938477,8.601856231689453,82.42144012451172,0.950011134147644,1.4027955532073975,0.4699464738368988,0.01114934403449297,19.527507781982422,0.4046034678367501,0.1357227618354095,0.7246413826942444,0.833642840385437,0.24776014229018528,4.223927424806825,40.27459716796875,46.78797912597656
05314.jpg,3.3374,0.35140395164489746,0.6184858161407565,0.9662299531859551,4.5777435302734375,49.89323425292969,0.8001179997255051,0.3787852509988117,4.999667167663574,2.961757819053874,20.16672134399414,4.330782413482666,95.30790710449219,0.9607201814651489,1.8197946548461914,0.4735640287399292,0.029078498482704163,15.364280700683594,0.45412407824840917,0.06157657755670508,0.6243484020233154,0.7269437313079834,0.2713254276864777,4.144148671802249,41.99481201171875,43.72533416748047
05315.jpg,3.353,0.3075076639652252,0.6254627821195499,0.969726865443628,4.49127197265625,36.670772552490234,0.78416206383758,0.38547196464749806,4.6937642097473145,2.8724608729128596,17.18117332458496,2.9489905834198,103.7149658203125,0.9681293964385986,1.9122318029403687,0.5810320377349854,0.024817239493131638,16.052465438842773,0.48328300956417314,0.023343306562501415,0.6025042533874512,0.7113538980484009,0.3207978955060776,3.9028530284317084,37.48797607421875,47.04905319213867
05326.jpg,3.3021,0.34405800700187683,0.6014078951250966,0.9702254828363056,4.739165306091309,50.537254333496094,0.8198112753468535,0.4103000984471209,4.967916011810303,2.9189685481611463,20.92357635498047,4.265908241271973,95.47057342529297,0.9671161770820618,1.797624111175537,0.5517410039901733,0.021550307050347328,16.66546630859375,0.4548298321356408,0.07689062579530478,0.6568191051483154,0.7473264932632446,0.2949150304062412,3.7212508717307626,35.06365966796875,48.19480895996094
05345.jpg,3.3867,0.40162211656570435,0.5701508435710035,0.9504281217660608,4.894168853759766,74.99932861328125,0.8737011916076857,0.4128168296290479,5.171464443206787,2.8694751541403924,29.673097610473633,6.659867286682129,76.5605697631836,0.9314501285552979,1.5405522584915161,0.45077651739120483,0.014987845905125141,18.24260902404785,0.4270315456863258,0.11415174463213384,0.6863237023353577,0.7856601476669312,0.24481524820362535,3.7774982867019267,32.23358154296875,52.252220153808594
05353.jpg,3.2652,0.2964504361152649,0.7293367465339922,0.9580418928797231,3.98745059967041,34.123783111572266,0.7820922917359462,0.3557884827394396,4.747419357299805,3.1853440796604273,16.34471321105957,2.6768412590026855,103.54893493652344,0.9502848982810974,1.9207173585891724,0.5699692368507385,0.035947926342487335,14.443262100219727,0.45960264904880327,0.0318652665007912,0.5772106647491455,0.6740565299987793,0.32664509326567276,4.360185619516162,42.64276123046875,42.510902404785156
05356.jpg,3.3722,0.353618860244751,0.6121326653650546,0.963382076668135,4.674219131469727,65.09017944335938,0.8180176538733114,0.3996673700351331,5.076602935791016,2.984409708643568,25.026660919189453,5.848211765289307,95.13435363769531,0.9569343328475952,1.7423385381698608,0.44308435916900635,0.024560045450925827,16.09770965576172,0.44859914922473054,0.07350876359792237,0.6459317207336426,0.7607426643371582,0.25372911335638987,3.377974111306899,20.47479248046875,40.56024169921875
05364.jpg,3.3672,0.3566127419471741,0.6758972552468213,0.9591366538970563,4.154059410095215,41.2091178894043,0.7948381430038567,0.33831080789935997,4.882685661315918,3.0539681529633675,18.201906204223633,3.374546766281128,90.93852233886719,0.9506278038024902,1.8968355655670166,0.5702496767044067,0.042602408677339554,13.705658912658691,0.48099505090564937,0.06729113757283904,0.5871548652648926,0.697960615158081,0.3062675400563228,3.8886524770482844,28.39471435546875,46.663360595703125
05375.jpg,3.3371,0.3330833911895752,0.6296451366475604,0.9517389612152289,4.607069969177246,43.360939025878906,0.8016179431168913,0.36855594721828383,4.885916709899902,2.98861789331417,18.199003219604492,3.6046252250671387,97.55147552490234,0.9398850798606873,1.9104844331741333,0.5542608499526978,0.03368523344397545,14.725605010986328,0.4717187737915217,0.04866500546655807,0.6187667846679688,0.7132984399795532,0.30271717777273294,4.003812346233644,40.89764404296875,51.55018615722656
05379.jpg,3.3441,0.3533477485179901,0.6468994202667117,0.9604827944800701,4.644956588745117,45.95225524902344,0.8097584648378315,0.39120510534788233,5.059372901916504,3.138874452489768,19.570472717285156,3.915058135986328,92.84589385986328,0.9530313014984131,1.8453701734542847,0.5439696311950684,0.029711201786994934,15.270797729492188,0.4657459288419893,0.06834273456734648,0.6253862380981445,0.7213788628578186,0.29924569425889747,3.8330322456670554,4.69500732421875,48.371788024902344
05384.jpg,3.3482,0.38076916337013245,0.5625408428773631,0.9466975926619898,4.997375011444092,62.448997497558594,0.8745233050172871,0.41187912477621974,5.218161582946777,2.873338585668911,24.211400985717773,5.438316822052002,77.45233154296875,0.9289482831954956,1.702643871307373,0.47352713346481323,0.017030002549290657,17.68785285949707,0.4347503458898172,0.09864941417863772,0.6808527708053589,0.778869092464447,0.2568255991987935,3.545084070797042,33.34637451171875,51.66096115112305
05404.jpg,3.2816,0.3220410645008087,0.908768179544526,0.9611653386360244,2.835503339767456,33.70003128051758,0.7330483633706544,0.2967155919419767,4.656376361846924,3.4042065781718707,16.240678787231445,2.6825761795043945,104.5859603881836,0.9542063474655151,1.917918086051941,0.7629101872444153,0.048206694424152374,13.168926239013672,0.5315273494508199,0.00787286450151827,0.5393874645233154,0.6350133419036865,0.40309491191551944,5.095327215121043,29.75604248046875,56.83815002441406
05410.jpg,3.3137,0.35392069816589355,0.6894512010341374,0.9588096467958362,4.476382255554199,43.01261901855469,0.8030330039153102,0.3630493280413382,5.133985996246338,3.312952641131856,18.280284881591797,3.689871311187744,90.93356323242188,0.9515237808227539,1.8354787826538086,0.5369491577148438,0.037527553737163544,14.256497383117676,0.45095463640943056,0.06119260603145888,0.6092939376831055,0.7380130290985107,0.28910846732379597,4.194978511403479,-2.10723876953125,47.696502685546875
05414.jpg,3.3142,0.33984923362731934,0.6065447309799298,0.9514851163765573,4.5207133293151855,42.19728088378906,0.7922304726289102,0.3453544305109303,4.915862560272217,2.8618637950165358,18.37112808227539,3.5799190998077393,96.19792175292969,0.9392719864845276,1.8950490951538086,0.4706849455833435,0.038513168692588806,14.14390754699707,0.44443425029633576,0.04576827947451045,0.5996758937835693,0.6524707078933716,0.2750975755663118,3.7724056079172894,29.33367919921875,39.756107330322266
05420.jpg,3.3131,0.34081196784973145,0.6301127904086453,0.963897952311616,4.557613372802734,41.982120513916016,0.7951569907586958,0.3747383828310761,5.016298294067383,3.016333690997234,18.095556259155273,3.492586612701416,97.03713989257812,0.9591107964515686,1.831352949142456,0.5220433473587036,0.030360594391822815,15.176898002624512,0.4452800273089211,0.06748262988236436,0.6166544556617737,0.7113097906112671,0.2880546072051191,3.699226119139321,33.99041748046875,51.424556732177734
05422.jpg,3.3495,0.36313867568969727,0.5837748956714395,0.9559845894450858,4.783280849456787,64.3961181640625,0.8333769638961225,0.4175785894867958,5.142153739929199,2.897120395662551,23.973785400390625,5.737791538238525,90.99761199951172,0.9460768699645996,1.7832422256469727,0.5133015513420105,0.02720184065401554,15.654016494750977,0.48531038365508217,0.07720342094656053,0.66120445728302,0.751666784286499,0.29952887044192883,3.355114763807661,22.04119873046875,41.811920166015625
05426.jpg,3.3295,0.3406060039997101,0.6300776932156337,0.967040132994128,4.2056427001953125,45.275875091552734,0.7604367916480491,0.3500551359396504,4.792145729064941,2.8346646383458314,18.94106674194336,3.885594606399536,101.7761459350586,0.96293044090271,1.851797342300415,0.5648108720779419,0.03594506159424782,14.443608283996582,0.48530693501682076,0.049125774222924426,0.5891706943511963,0.698162317276001,0.322421544482109,5.216013313530946,54.76629638671875,39.28990936279297
05440.jpg,3.4253,0.3916224539279938,0.7255134165236339,0.961853704733855,4.324504852294922,58.375118255615234,0.8987765612416072,0.4053488912716836,5.0696516036987305,3.407806359523195,25.417118072509766,5.024689674377441,64.98218536376953,0.9393488168716431,1.0934966802597046,0.48936331272125244,0.007787057664245367,21.086265563964844,0.464227028141346,0.11703309849062724,0.6608707904815674,0.7749491930007935,0.2725367769580089,4.941313083220003,49.82049560546875,60.49010467529297
05443.jpg,3.2946,0.33776047825813293,0.635649098560949,0.982502161055615,4.277702331542969,40.75553894042969,0.7729057883574219,0.37486972949900244,4.494410514831543,2.7880044730022027,19.312578201293945,3.4121649265289307,101.73500061035156,0.9826321005821228,1.8536279201507568,0.4895961582660675,0.026992660015821457,15.687542915344238,0.45141730945630415,0.05743497604661972,0.6067644357681274,0.7014593482017517,0.26210071360552994,3.9607455120864254,32.24334716796875,50.575538635253906
05447.jpg,3.3408,0.35731443762779236,0.6030497399514987,0.9697452324208748,4.6234283447265625,48.94098663330078,0.813989557028367,0.3841184833504317,4.8297200202941895,2.8503704687659654,22.05076789855957,4.231008529663086,95.12589263916016,0.9661222696304321,1.8282110691070557,0.5524572134017944,0.027137935161590576,15.664233207702637,0.49832663486977,0.06715713282343187,0.6387300491333008,0.7483526468276978,0.29414272644646927,4.5608889273000965,40.42938232421875,52.783203125
05461.jpg,3.3568,0.37038862705230713,0.706977227542685,0.968796861342266,4.82314395904541,83.92202758789062,0.888639679024249,0.4475776283989306,5.293378829956055,3.57608832514774,30.108871459960938,7.443362712860107,83.0760498046875,0.9542611837387085,1.1998040676116943,0.4711841344833374,0.010824980214238167,19.655729293823242,0.41295874340105665,0.0982667600549041,0.7105647325515747,0.8366423845291138,0.2578321689578492,4.023002584349405,35.11590576171875,60.08625793457031
05465.jpg,3.3343,0.3457610011100769,0.7385296769377314,0.9655806883447523,3.992161989212036,41.51313018798828,0.7605234669510988,0.35023258521430845,4.918448448181152,3.2903887702636103,18.061017990112305,3.454745054244995,100.15715026855469,0.9610896110534668,1.8446156978607178,0.5819026231765747,0.0428691990673542,13.678546905517578,0.4814512143181989,0.04299709819286566,0.5763109922409058,0.6990287899971008,0.3399310655699837,4.054277874802245,35.66424560546875,44.11246871948242
05492.jpg,3.345,0.3604196310043335,0.595485377413559,0.9596008604120708,4.556707859039307,61.4698371887207,0.8166643904850136,0.3832437344696098,4.934419631958008,2.8259248944651443,24.532474517822266,5.340327739715576,94.34603118896484,0.9512581825256348,1.780876874923706,0.44627460837364197,0.03016810305416584,15.204519271850586,0.443328039156234,0.08106030577951641,0.636863112449646,0.7276397943496704,0.25221129854198343,3.660696752602908,29.07147216796875,51.0118408203125
05503.jpg,3.3227,0.3881549537181854,0.6169879037155549,0.968865789223016,4.2639851570129395,44.802886962890625,0.8898369075433193,0.3990949173545445,4.774065017700195,2.788195177082316,16.57279396057129,3.797905445098877,60.95624542236328,0.9605351686477661,1.5782058238983154,0.4354812204837799,0.006179884076118469,22.09019660949707,0.44559877068940035,0.09144108404388306,0.6606157422065735,0.7454046010971069,0.25588591258294513,3.8307600458128417,25.80975341796875,46.44573211669922
05508.jpg,3.2842,0.3050228953361511,0.7301499376593479,0.9603715810140102,4.123584747314453,40.30297088623047,0.766086333952594,0.34903014307948776,4.818914890289307,3.264696493363491,18.99299430847168,3.2401506900787354,105.56098175048828,0.9538088440895081,1.8568083047866821,0.578670084476471,0.03316640853881836,14.79301643371582,0.45667139663920914,0.04374624965875727,0.5700811147689819,0.6889844536781311,0.3225311232937243,3.8662086316854847,38.48992919921875,48.903709411621094
05512.jpg,3.329,0.3414396047592163,0.757803427772645,0.9562087390392118,3.607058525085449,43.993125915527344,0.7654135331011909,0.35630094702968773,4.865082740783691,3.2101229336453034,17.95855712890625,3.676502227783203,99.06233215332031,0.9464946985244751,1.9016470909118652,0.5865107774734497,0.049462541937828064,13.057235717773438,0.4840487013734502,0.03208832350305928,0.5759407877922058,0.6631515026092529,0.36595514001109636,4.995442111592968,39.40447998046875,47.73692321777344
05515.jpg,3.3228,0.30096709728240967,0.6564610365085227,0.9730229051310494,4.336455821990967,47.80207824707031,0.7898400542036735,0.39838571825372543,4.674252510070801,2.9576015407041165,20.31195640563965,4.026398658752441,104.8873291015625,0.972004771232605,1.8404074907302856,0.5162855386734009,0.02232544496655464,16.512001037597656,0.4670771935132333,0.041878293200841965,0.6029420495033264,0.7208536863327026,0.2957932361867409,3.697358464152751,31.14471435546875,51.47840881347656
05530.jpg,3.3636,0.394407719373703,0.5988514995944517,0.9377106662558323,4.627640724182129,83.3262710571289,0.8876451239450133,0.40752998810005875,5.20445442199707,2.943993376929143,29.87138557434082,7.337103843688965,71.90135192871094,0.9006571769714355,1.472322940826416,0.39992672204971313,0.015226036310195923,18.17413330078125,0.42733929114822644,0.08038565208141926,0.6556428670883179,0.7535229921340942,0.24404390490574743,4.786898363738407,43.81170654296875,55.93647384643555
05540.jpg,3.3056,0.31506994366645813,0.8408564451407566,0.9656545625449074,3.169243335723877,33.12176513671875,0.7202685973358887,0.31857591708376126,4.6372528076171875,3.282085434598412,16.918519973754883,2.662360191345215,106.00618743896484,0.9611550569534302,1.9292877912521362,0.6877878904342651,0.041646212339401245,13.804244995117188,0.4620574135940579,0.011667528303178076,0.5384567379951477,0.6536073684692383,0.34914066304619645,4.373932271998305,35.01434326171875,40.84502410888672
05547.jpg,3.3215,0.3140353262424469,0.6836623141601081,0.9665030130996637,4.125239849090576,42.69572067260742,0.7573041921247664,0.3762520964615037,4.758552551269531,3.0367697000656966,17.944311141967773,3.578274965286255,104.13871765136719,0.9633610248565674,1.8873730897903442,0.5511544942855835,0.03262101858854294,14.865025520324707,0.4623777325837785,0.03224799956830365,0.5848984718322754,0.6895614266395569,0.31969645294545657,3.8753838012832595,25.00360107421875,45.74786376953125
05550.jpg,3.3928,0.403315931558609,0.5820583318005772,0.9368407869057688,4.648659706115723,79.62074279785156,0.8921721253231887,0.4232978193722324,5.176402568817139,2.8593904637086673,29.633146286010742,7.016934871673584,69.31877136230469,0.8980873823165894,1.4320554733276367,0.4349060654640198,0.014510544948279858,18.383163452148438,0.42373420931400624,0.08052125090269005,0.6618539690971375,0.7582879066467285,0.26551279850383436,3.897314196365073,47.80389404296875,58.34535217285156
05560.jpg,3.381,0.34014517068862915,0.6639935494838299,0.9765380113212946,4.520857810974121,50.20146942138672,0.8032941638432755,0.4055955916777628,4.89461088180542,3.125917502075902,21.45123863220215,4.376653671264648,98.62361907958984,0.9755022525787354,1.7815462350845337,0.5678712129592896,0.022694891318678856,16.440719604492188,0.46610166785056173,0.0789704508223924,0.6409826278686523,0.7821379899978638,0.30477132765753806,3.68118089534283,4.27459716796875,44.18849563598633
05569.jpg,3.3539,0.31647196412086487,0.7875630021270044,0.9578177096172857,3.6039862632751465,35.48927307128906,0.7610604712523342,0.3483138839993058,4.745032787322998,3.287703806928553,16.335859298706055,2.8561818599700928,102.76334381103516,0.9492679834365845,1.9212093353271484,0.5818667411804199,0.041830506175756454,13.78506851196289,0.44819310775973464,0.020223605073152785,0.5575485825538635,0.6395443081855774,0.34320715309833266,4.29436882846833,11.97430419921875,52.31319808959961
05574.jpg,3.3541,0.33684617280960083,0.6369489560908353,0.9495841309304998,4.465262413024902,47.10099792480469,0.7943037032135345,0.36409326013918614,4.998064994812012,3.013839896460098,19.848669052124023,3.984983205795288,97.2977294921875,0.936326265335083,1.8739105463027954,0.522432267665863,0.03974929451942444,14.006706237792969,0.4616177324482353,0.05002707890275407,0.596625030040741,0.6968274116516113,0.30550575061097357,3.505043616301264,23.39178466796875,47.65590286254883
05575.jpg,3.4126,0.33225661516189575,0.6677889086618642,0.97502511237686,4.079646348953247,45.64647674560547,0.7523007457621048,0.3833302765290307,4.643243312835693,2.91253672002167,19.287677764892578,3.793330192565918,103.61735534667969,0.9745012521743774,1.8662049770355225,0.5709788799285889,0.0330367237329483,14.810029983520508,0.4727548825892137,0.041206893277513645,0.5916623473167419,0.7070632576942444,0.3219897848603797,3.93958070538418,28.57440185546875,47.26890563964844
05577.jpg,3.3107,0.35431820154190063,0.6378361604481799,0.9593828667734745,4.443699836730957,42.02028274536133,0.8044388368276127,0.34627270617781636,4.890057563781738,2.9767157816705456,18.6177921295166,3.466026782989502,93.10403442382812,0.9519762396812439,1.879652976989746,0.5130753517150879,0.03900386393070221,14.088924407958984,0.44894638747961385,0.0509093757360238,0.5981535911560059,0.7109096050262451,0.2852720567786143,3.308326424110094,29.86102294921875,49.16856002807617
05583.jpg,3.3873,0.3381882309913635,0.6608993507094751,0.971547903189636,4.329422950744629,56.083675384521484,0.7998546215854188,0.3986792093313478,4.790544509887695,3.0137025425274375,22.494998931884766,4.900393486022949,100.06293487548828,0.9695870876312256,1.7955942153930664,0.4857219457626343,0.02644464373588562,15.776623725891113,0.47432101949389033,0.05792698746756277,0.623837947845459,0.7455201148986816,0.28509011172457843,3.15041118099535,27.22137451171875,46.97453308105469
05591.jpg,3.3832,0.376377671957016,0.6156933575026219,0.9749604539305659,4.361354827880859,47.46446990966797,0.8760622430872557,0.4126202168261981,4.790434837341309,2.817359290068997,17.75952911376953,4.101258277893066,69.46627807617188,0.970350980758667,1.6785874366760254,0.4535967707633972,0.008992230519652367,20.461326599121094,0.42387320525407546,0.09628211642020189,0.6772319674491882,0.7695345878601074,0.2513475599288985,3.6310919658432383,29.71356201171875,44.682518005371094
05618.jpg,3.443,0.2741214632987976,0.7765658344238524,0.9702047716859112,4.098423004150391,30.1351261138916,0.7659956707637797,0.30402191029496733,4.34291934967041,3.2776434782734922,16.624393463134766,2.36704158782959,109.36933135986328,0.9689114093780518,1.862632155418396,0.5594927668571472,0.02365206927061081,16.261308670043945,0.4799252530042088,0.03500289918553769,0.5391709208488464,0.693988025188446,0.30201709027168133,4.535707290262321,47.18035888671875,41.894474029541016
05633.jpg,3.4881,0.36282142996788025,0.6829068337496986,0.9549897225935816,4.463263988494873,40.59710693359375,0.8096292737149094,0.32573735692852557,4.969106197357178,3.2207277701137293,18.875024795532227,3.4071044921875,88.56452941894531,0.9437135457992554,1.865770697593689,0.5093770027160645,0.04274791479110718,13.690852165222168,0.4624990989997399,0.06396624725440155,0.5843018293380737,0.7043803334236145,0.2703234666500421,3.796813056217057,21.04510498046875,52.01354217529297
05636.jpg,3.3415,0.31822335720062256,0.8028023663717127,0.9692850961143807,3.389557361602783,35.81576919555664,0.7190981944333157,0.34347755095545884,4.571928977966309,3.195764607597096,16.74757194519043,2.857318878173828,106.8666763305664,0.9659450054168701,1.9215896129608154,0.6421536207199097,0.03895411267876625,14.094467163085938,0.4589930527296022,0.014906227564349997,0.5501857995986938,0.6443787813186646,0.35941555273029163,4.293183524233914,41.98602294921875,42.08422088623047
05655.jpg,3.3875,0.2777758538722992,0.7650041488913258,0.962100366233317,3.9328088760375977,26.89480209350586,0.7815547226800652,0.3400127682796865,4.40442419052124,3.1890227396270383,15.860751152038574,2.0224242210388184,107.74304962158203,0.9573249816894531,1.9243643283843994,0.5855726599693298,0.02941376529633999,15.314493179321289,0.4664096449275349,0.022579373989486003,0.5644447803497314,0.6903939247131348,0.30942831506542995,4.852079453544405,53.75457763671875,45.214595794677734
05662.jpg,3.3396,0.31999561190605164,0.837427186228898,0.9650658961623186,3.130425214767456,41.13401412963867,0.7135339874227635,0.34214389164922904,4.671631813049316,3.266842890647747,17.46566390991211,3.3481435775756836,106.90709686279297,0.9599965810775757,1.9017726182937622,0.6602938175201416,0.04194585233926773,13.773109436035156,0.44445600050771,0.013461423638342213,0.5456509590148926,0.62860107421875,0.36703954809124995,4.029983834458775,34.34246826171875,44.73104476928711
05664.jpg,3.4798,0.37983059883117676,0.6304862699586514,0.9693945595138393,4.678706645965576,76.00648498535156,0.8368001946908303,0.42760794552895603,5.07771635055542,3.0756569214749483,28.496444702148438,6.7235589027404785,89.9658432006836,0.9626979827880859,1.6150016784667969,0.5087212324142456,0.020395630970597267,16.90462875366211,0.4573169024644854,0.11072520349139109,0.6793726682662964,0.7936004400253296,0.2766017540591727,3.7509154492288026,32.10516357421875,48.24370193481445
05689.jpg,3.3504,0.3367187976837158,0.6810094648974057,0.9864212921572627,3.802948236465454,32.637874603271484,0.736355569837253,0.3306769208127768,4.249067306518555,2.741761962856576,16.950607299804688,2.570901393890381,105.35189056396484,0.9873617887496948,1.910240888595581,0.6004230976104736,0.03462552651762962,14.606037139892578,0.47762178783358594,0.043692399910953826,0.5614692568778992,0.7051713466644287,0.31154278502642124,4.271368611369865,39.57781982421875,47.4757080078125
05701.jpg,3.3766,0.37741824984550476,0.6305879987211069,0.9693192638160528,4.401721954345703,59.14641571044922,0.8761855275561327,0.4302131071506212,5.035214900970459,2.975421495598763,21.759788513183594,5.184919357299805,74.17891693115234,0.9598662853240967,1.5034735202789307,0.47046738862991333,0.008614378981292248,20.647762298583984,0.42791589025532706,0.1089659717119016,0.6831537485122681,0.7789384126663208,0.2668960557707399,3.384993427953425,28.08953857421875,49.68408966064453
05719.jpg,3.4054,0.373770534992218,0.6493892441262806,0.9755415850507687,4.692820072174072,66.38359069824219,0.8533243320412497,0.43355021172843405,5.055766582489014,3.1653254810839044,25.240053176879883,5.754697322845459,88.46650695800781,0.9709062576293945,1.5583136081695557,0.5409574508666992,0.013430147431790829,18.719192504882812,0.46405196229122314,0.11137266815288914,0.6984000205993652,0.8132053017616272,0.2827493028914636,3.8829984676432234,34.56414794921875,47.20252990722656
05729.jpg,3.3507,0.31453388929367065,0.774876410219305,0.9608891768922531,3.721424102783203,31.781320571899414,0.7544955146352523,0.3297526545519026,4.709895133972168,3.266629452664194,16.33448028564453,2.465829610824585,104.00129699707031,0.953086793422699,1.9303278923034668,0.6358867883682251,0.03983163833618164,13.99771785736084,0.4577456064980985,0.024544725843965595,0.5551024675369263,0.6699784994125366,0.34611333098458974,4.272240351802872,32.42352294921875,47.87345886230469
05734.jpg,3.3292,0.3840692639350891,0.7151868553276846,0.9771875574742268,3.941450834274292,24.907339096069336,0.9185126273338895,0.30263942424167856,4.4357829093933105,2.995656939123373,12.27933120727539,1.8576055765151978,63.76438522338867,0.9750919938087463,1.7480425834655762,0.5346566438674927,0.005288771353662014,22.76645278930664,0.5024017627760563,0.06295316891289053,0.6118305921554565,0.7003036737442017,0.31943342453293555,4.4029448524669785,37.01141357421875,45.985660552978516
05754.jpg,3.3456,0.401644229888916,0.6986865371707192,0.9689495568263587,3.938276767730713,30.223527908325195,0.9099519913024995,0.32193521861313246,4.684484481811523,3.0123166503553698,12.988490104675293,2.370047092437744,60.0316047668457,0.9609256982803345,1.6873366832733154,0.5203569531440735,0.005958725698292255,22.24846649169922,0.49785714929771807,0.07364951089207528,0.6249139308929443,0.691424548625946,0.3239611176988806,4.414218557797006,26.02996826171875,49.74106979370117
05764.jpg,3.443,0.39503613114356995,0.5953357199958283,0.943533132444174,4.964324474334717,71.28124237060547,0.8718525361801139,0.39309990337525474,5.186773300170898,3.021666483675409,28.075973510742188,6.411968231201172,79.0405044555664,0.919969379901886,1.5763834714889526,0.394388884305954,0.017368847504258156,17.602291107177734,0.43633382981706126,0.08291191704822563,0.6486260890960693,0.7594792246818542,0.22318178271098757,3.5919626334634622,3.74432373046875,45.94623565673828
05765.jpg,3.4066,0.37416431307792664,0.5454516848155638,0.9517774570911061,5.043480396270752,76.87772369384766,0.8543365504918073,0.4347051761471739,5.223427772521973,2.800061090333573,28.376569747924805,6.980905532836914,89.14073944091797,0.9372303485870361,1.6474547386169434,0.5097715854644775,0.017784718424081802,17.499530792236328,0.47971557966427986,0.10584643891999233,0.6975133419036865,0.7874566316604614,0.28068740309943074,3.6376134193358416,26.27655029296875,54.721805572509766
05773.jpg,3.4692,0.37083426117897034,0.6305054442483324,0.9579482744594269,4.8069047927856445,60.0272216796875,0.8535239109327803,0.41875470737344284,5.271252155303955,3.1771779855855193,23.144502639770508,5.391343116760254,84.04940032958984,0.9469326734542847,1.6581573486328125,0.4311119318008423,0.02080458030104637,16.818410873413086,0.4419740983868885,0.07939237122344837,0.6672601699829102,0.7555840015411377,0.2452815115313081,3.456265922129195,2.27850341796875,47.90159606933594
05795.jpg,3.4197,0.3490038812160492,0.7122566334800174,0.9550656860857067,4.5858845710754395,42.04383850097656,0.8152672538861041,0.37130816972569575,5.185452938079834,3.4798631790992474,18.499652862548828,3.483525514602661,88.4108657836914,0.9451923370361328,1.8073759078979492,0.5450555086135864,0.03277766704559326,14.844219207763672,0.4469654046648925,0.06597205523351209,0.6171271800994873,0.7433042526245117,0.2806716336787731,3.9231434357970443,28.61541748046875,46.60617446899414
05805.jpg,3.3822,0.37984487414360046,0.6388225188372235,0.9748145281010097,4.393816947937012,54.64592361450195,0.884516866028948,0.43361070151749015,4.909420013427734,2.971570326735389,20.464134216308594,4.902487277984619,69.77013397216797,0.9684070944786072,1.4359447956085205,0.4856446385383606,0.0057946983724832535,22.369691848754883,0.44995725275808507,0.11929174776475283,0.6931778192520142,0.7791897058486938,0.272836235659746,3.727533562009611,29.44842529296875,45.35841369628906
05814.jpg,3.3919,0.3803231716156006,0.6374608801937639,0.9479946853403133,4.748380184173584,61.55235290527344,0.8803177101956328,0.41688513056748117,5.158108711242676,3.157511415092637,24.61479377746582,5.663201332092285,73.87553405761719,0.9251576066017151,1.5796880722045898,0.43653184175491333,0.01332656480371952,18.752819061279297,0.46976651810601194,0.07267851313515575,0.655639111995697,0.7632235884666443,0.2570256055617158,3.628899086144445,22.13397216796875,46.69867706298828
05821.jpg,3.3465,0.3360179662704468,0.6658715630078959,0.968032462627141,3.9613163471221924,55.61403274536133,0.7657734280631249,0.37803550555936,4.756951332092285,2.902635531437064,20.576662063598633,4.697112083435059,101.73416900634766,0.9650189876556396,1.8647582530975342,0.5332902073860168,0.03904928267002106,14.083869934082031,0.5141731743236594,0.03470599928318201,0.5904834866523743,0.6842396259307861,0.3295362991979322,4.926711538315598,35.67156982421875,46.78892517089844
05863.jpg,3.3695,0.33573460578918457,0.6516237467075939,0.9631472753052647,4.594006538391113,38.94244384765625,0.8200682340634382,0.3890511257967153,5.009112358093262,3.128822064953175,16.43724822998047,3.2283310890197754,94.5958480834961,0.9585748910903931,1.8478248119354248,0.48142367601394653,0.02668050117790699,15.738059997558594,0.4522231599288278,0.05149645103168254,0.6246820688247681,0.7054458856582642,0.2748790680341815,3.8489433839080545,30.28485107421875,47.39795684814453
05874.jpg,3.3533,0.33656084537506104,0.7573059014265998,0.9398373603054629,3.7896108627319336,40.815086364746094,0.7924997370098507,0.2967433628086681,5.004057884216309,3.329762383809376,17.55716896057129,3.336890935897827,94.3270034790039,0.9161616563796997,1.9077067375183105,0.5314123034477234,0.05458179861307144,12.629522323608398,0.4611396849749231,0.034868843425770506,0.5706871151924133,0.6507753729820251,0.305947617410899,3.606650541747202,36.73895263671875,50.55118179321289
05882.jpg,3.386,0.360646516084671,0.7029896968500498,0.9471010693198197,4.196915626525879,38.306640625,0.8078810360121236,0.3414640068819356,5.1683526039123535,3.2918566115115855,16.83570671081543,3.1388888359069824,86.966064453125,0.9315063953399658,1.851405382156372,0.5501670241355896,0.05076436698436737,12.94441032409668,0.46921325340821574,0.052191777958501925,0.587881863117218,0.718008816242218,0.29621735517205594,4.202402580268232,24.97186279296875,48.57349395751953
05913.jpg,3.3994,0.3875601887702942,0.5971986619913037,0.9664777403655218,4.887639999389648,85.80211639404297,0.8419092213000534,0.4295571436852491,5.1259965896606445,2.9900761911323066,31.342737197875977,7.715892314910889,90.60722351074219,0.95730060338974,1.5164968967437744,0.5253891944885254,0.01716146618127823,17.654457092285156,0.4469304484783367,0.12818601772129848,0.7006668448448181,0.8128194808959961,0.27502122886958597,3.7680913294649288,14.74530029296875,49.72157287597656
05926.jpg,3.3592,0.34316420555114746,0.7614665716268088,0.9717554432463142,3.6160643100738525,36.154090881347656,0.7440801057304242,0.31835043879824626,4.657958984375,3.150209809665129,17.34038734436035,2.9274842739105225,102.37397766113281,0.9697413444519043,1.9056379795074463,0.6199867725372314,0.04408766329288483,13.556829452514648,0.48168600885077745,0.02996908416399248,0.5557709336280823,0.6820440292358398,0.3470822125928235,3.748086443106371,28.15447998046875,46.65917205810547
05928.jpg,3.3609,0.3422824740409851,0.8168645531605725,0.9591837285351902,3.1519975662231445,42.24623489379883,0.7409216583060471,0.3039909426943762,4.823150634765625,3.257322845354418,17.943073272705078,3.5012848377227783,101.16146087646484,0.9515542984008789,1.9027249813079834,0.6646515130996704,0.052890196442604065,12.766247749328613,0.5021262069117174,0.02030248212539214,0.5537502765655518,0.6586657166481018,0.36637489254931144,3.937432822697661,35.47381591796875,39.36405563354492
05931.jpg,3.3786,0.3511863946914673,0.6168445020443254,0.9664378055488982,4.601557731628418,71.93153381347656,0.8062524310798894,0.41343522583469433,4.902163505554199,2.931170643695344,28.518754959106445,6.48539924621582,100.69804382324219,0.9614130854606628,1.7179450988769531,0.5158810615539551,0.02500026673078537,16.020553588867188,0.47024573376029977,0.08294065493291229,0.6518914699554443,0.774276852607727,0.2884836153079751,4.177067997517001,42.64617919921875,46.69701385498047
05935.jpg,3.3714,0.34341150522232056,0.6035973136644535,0.9572583978348158,4.88169002532959,48.78193664550781,0.8428860735192991,0.3930382205425692,5.006446838378906,2.9842374429125904,21.978357315063477,4.156863689422607,95.5223388671875,0.9489421844482422,1.8085346221923828,0.4950465261936188,0.01967337355017662,17.06121253967285,0.476610046399355,0.06379601125620475,0.6413403153419495,0.7453356385231018,0.2718572722465608,3.6661793851455315,41.34149169921875,48.74917984008789
05948.jpg,3.3328,0.3266388773918152,0.6937990896376948,0.9613609560673226,4.146661758422852,38.88671112060547,0.7713501979037081,0.3538454774145017,4.883553981781006,3.132590365078223,17.189403533935547,3.1171393394470215,101.2429428100586,0.9552617073059082,1.8882743120193481,0.6019986867904663,0.0373288094997406,14.279558181762695,0.47408955377835754,0.04258510359640409,0.582065999507904,0.6812374591827393,0.33762136726213676,4.38760391722232,43.31414794921875,47.27796936035156
05968.jpg,3.3587,0.3730941712856293,0.5869895119338129,0.9609343474985031,4.684066295623779,50.94036865234375,0.861583671470325,0.40431815030366947,4.936152935028076,2.82349462310577,20.572786331176758,4.321835994720459,83.61053466796875,0.95381098985672,1.7801893949508667,0.4857006072998047,0.021518763154745102,16.67182731628418,0.4555570815879188,0.08321000928157812,0.6632093191146851,0.7694973945617676,0.2584635554017533,3.5981539959919764,28.64520263671875,47.51160430908203
05975.jpg,3.3178,0.2782388925552368,0.7087255846682814,0.9840273884971329,3.6038174629211426,32.80023193359375,0.7243347844763469,0.3568334114987456,4.228333473205566,2.77543555777629,16.454011917114258,2.608719825744629,107.39334869384766,0.9847768545150757,1.9331908226013184,0.6576176285743713,0.03434090316295624,14.641883850097656,0.4944124012647969,0.02455773278497012,0.5486664772033691,0.6713919639587402,0.35136193104479174,5.052110499073791,52.60418701171875,43.16284942626953
05978.jpg,3.3217,0.3207962214946747,0.7837193264952179,0.951890479588241,3.9242866039276123,37.00267028808594,0.7895496899630997,0.33984366071925526,4.846229553222656,3.436825856830011,17.230987548828125,2.954414129257202,99.5428466796875,0.9408526420593262,1.9131879806518555,0.5886979699134827,0.04288323596119881,13.677124977111816,0.4989824797268464,0.034895092381981345,0.5781306028366089,0.7080526351928711,0.32956162113429854,4.32635985051058,35.33367919921875,52.7707633972168
05993.jpg,3.3891,0.3716679811477661,0.6010121395340166,0.9412982658423562,4.7266998291015625,51.752933502197266,0.8533153927440037,0.3838567540214165,5.162826061248779,2.971873463284968,20.999954223632812,4.358801364898682,80.63025665283203,0.9202581644058228,1.8128013610839844,0.44315746426582336,0.026457106694579124,15.774576187133789,0.49879510202483174,0.07051121688706678,0.6272427439689636,0.7075955271720886,0.24847495741087575,4.54730212658556,32.61639404296875,53.323883056640625
05995.jpg,3.3499,0.3691064417362213,0.6296132532680823,0.9620878435955099,4.794891834259033,47.608123779296875,0.8646395867740807,0.3943776935617345,5.092180252075195,3.112527499475773,20.928346633911133,4.04621696472168,82.77725219726562,0.9555327296257019,1.761921763420105,0.5127790570259094,0.019259147346019745,17.153629302978516,0.46763106705341473,0.08265319347176153,0.6521547436714172,0.7582601308822632,0.27265232963097513,3.8720552708955234,38.25946044921875,50.43312454223633
06039.jpg,3.3552,0.3705483078956604,0.7107760053054039,0.9695791753068308,4.847982883453369,80.3539047241211,0.891566836256409,0.4432593389141959,5.317331314086914,3.6126436344036943,27.964988708496094,7.146965980529785,79.88155364990234,0.954529881477356,1.1014585494995117,0.4932391047477722,0.009152163751423359,20.384761810302734,0.4200104379124198,0.10669446556856192,0.7225919961929321,0.8319721221923828,0.2664249765378919,4.100519192296575,34.66815185546875,58.22058868408203
06044.jpg,3.3835,0.348379909992218,0.6153018886735034,0.963721483575798,4.670224666595459,39.78487777709961,0.8353699853062522,0.3820107109090229,5.064803123474121,2.9950018430315044,17.17380142211914,3.33199405670166,90.50074768066406,0.95878005027771,1.833662986755371,0.48585236072540283,0.024915974587202072,16.035221099853516,0.4573934959454563,0.05592048598992881,0.6349403858184814,0.7378237247467041,0.2682271619113933,3.733279920863428,20.86492919921875,43.62684631347656
06047.jpg,3.4068,0.36618152260780334,0.6003849964253145,0.9482965077426598,4.816277980804443,50.420318603515625,0.8859153012172598,0.4134497178687611,5.220999717712402,3.0131264798443507,20.424278259277344,4.344266891479492,82.61805725097656,0.9336529970169067,1.7794290781021118,0.5155667066574097,0.01815921813249588,17.409029006958008,0.4955953391248592,0.06775241444025568,0.6750670671463013,0.7623428106307983,0.29045580235344887,4.338709666725747,39.24432373046875,39.2569465637207
06050.jpg,3.3626,0.31589069962501526,0.7385360558811436,0.9670335062234497,3.721560001373291,38.655704498291016,0.7360883881901541,0.3494446132871581,4.647778511047363,3.0905430766115476,17.795392990112305,3.119748115539551,106.05189514160156,0.9638535976409912,1.8874592781066895,0.6014156341552734,0.036776669323444366,14.344276428222656,0.4681152265891622,0.023590244675929364,0.5604032874107361,0.6780489683151245,0.3385882095767379,3.8105645765342313,32.75213623046875,42.239253997802734
06055.jpg,3.4227,0.4211076498031616,0.5148731524243223,0.9360138803293326,5.076272487640381,118.6237564086914,0.8473073477283698,0.44790598724228986,5.294002532958984,2.669697477189672,39.34307098388672,11.419084548950195,77.0859146118164,0.8984067440032959,1.4275298118591309,0.41787636280059814,0.01845262572169304,17.339418411254883,0.3749656912921265,0.14106268840703612,0.7265870571136475,0.8294879794120789,0.22161787874232608,4.785260943868592,42.54949951171875,48.11836624145508
06066.jpg,3.3517,0.2960662543773651,0.6533721798775431,0.9741756315711825,4.233084440231323,38.1071891784668,0.7508882914221577,0.3408831922981934,4.536320686340332,2.8648548590496183,17.792783737182617,3.060804605484009,107.86849212646484,0.9731612205505371,1.8855634927749634,0.5567376613616943,0.02558835595846176,15.919576644897461,0.4644799774024487,0.02817175020853537,0.5802754163742065,0.686127245426178,0.2894159789484315,4.1191531423014585,37.78045654296875,55.0219612121582
06072.jpg,3.4177,0.4020366072654724,0.5583063641491898,0.945953837377871,4.686237335205078,110.48286437988281,0.8809707974677428,0.45391310606382573,5.246951103210449,2.772891604862119,35.086299896240234,10.674393653869629,73.1393814086914,0.9137178659439087,1.330905556678772,0.36076903343200684,0.013637935742735863,18.65251350402832,0.43699357774888997,0.1065974418910741,0.6954680681228638,0.7462066411972046,0.24488157656402182,4.066353463868719,43.15032958984375,50.851802825927734
06087.jpg,3.3697,0.29975929856300354,0.695734861966158,0.9750980017876655,4.3429646492004395,46.630592346191406,0.8088762385558208,0.40253192474353994,4.6769561767578125,3.1377493190940218,20.450578689575195,4.024883270263672,104.6091079711914,0.9747378826141357,1.816199541091919,0.5338729619979858,0.019957220181822777,16.999000549316406,0.469341496205158,0.05174428045691411,0.6211937665939331,0.7569015026092529,0.29443148369042105,3.609303897694799,10.59783935546875,46.465301513671875
06119.jpg,3.3586,0.32971832156181335,0.6180774431153176,0.9760477667129476,4.522047996520996,50.5020751953125,0.7997671741628629,0.38922712198649106,4.7730255126953125,2.872548880387783,20.856374740600586,4.285417079925537,101.07843780517578,0.975426435470581,1.7831099033355713,0.5100640058517456,0.021195780485868454,16.737506866455078,0.4737247158784453,0.05021151292253456,0.631206750869751,0.7702441215515137,0.280507004124929,3.619443757812351,31.66522216796875,48.626922607421875
06127.jpg,3.3261,0.31071653962135315,0.8067610472694792,0.967615187752044,3.61794376373291,39.82349395751953,0.7379437535056784,0.3387639263223863,4.651439666748047,3.335723150257233,17.64166831970215,3.282804012298584,106.97899627685547,0.9645676612854004,1.884229063987732,0.6432068347930908,0.03628071770071983,14.403242111206055,0.5092938355514549,0.024726113727134368,0.5507775545120239,0.6729969382286072,0.3598729875498307,3.961711474762022,28.76385498046875,40.63334655761719
06142.jpg,3.3142,0.26992443203926086,0.5786902367230611,0.9919091748114117,4.252606630325317,26.156545639038086,0.8154515219047029,0.33646731325215007,3.716386318206787,2.3057970392846956,14.701045036315918,1.9969300031661987,96.86791229248047,0.9924184083938599,1.91765296459198,0.5190585851669312,0.023308586329221725,16.324840545654297,0.48261924139347695,0.053199160269839986,0.6060458421707153,0.7464025020599365,0.26181884191695365,5.090346969161238,25.73699951171875,51.90937042236328
06150.jpg,3.4209,0.36664581298828125,0.5602919907202808,0.9603499860237266,4.826608657836914,52.081539154052734,0.8553715045575615,0.4102164405646369,5.018895626068115,2.75818894123751,20.68574333190918,4.480645656585693,85.83534240722656,0.9532928466796875,1.7775335311889648,0.4698537588119507,0.01990807056427002,17.009708404541016,0.45515763285469557,0.08814813832003579,0.6651092171669006,0.7519623041152954,0.26248646178012275,3.696647630264815,27.77801513671875,52.82038116455078
06181.jpg,3.3649,0.35096991062164307,0.5583202273663908,0.9588588910352162,4.968441963195801,70.37708282470703,0.8552665077267461,0.4406223680502697,5.011144638061523,2.785913100239462,26.1137752532959,6.308422088623047,94.2156982421875,0.9508181214332581,1.7231533527374268,0.5163916945457458,0.016490543261170387,17.82765007019043,0.4775812807653676,0.09514808080162689,0.6955850124359131,0.8036808967590332,0.2840885852723861,3.4924019361918326,20.51873779296875,50.23508834838867
06202.jpg,3.355,0.3379785716533661,0.6787990337023164,0.9603531043800253,4.396457672119141,38.82502746582031,0.7769810889950151,0.3375225464063017,4.989624977111816,3.1856444591159185,17.820207595825195,3.1736910343170166,98.11560821533203,0.9536402225494385,1.870316505432129,0.5252262353897095,0.03693385422229767,14.325754165649414,0.45372048297277123,0.03672962022447066,0.580612063407898,0.681193470954895,0.29345903750390867,3.6437292146014295,31.77801513671875,49.63224792480469
06210.jpg,3.3662,0.28143730759620667,0.7003938293963933,0.9682730205726917,4.587761402130127,41.8779411315918,0.8204013942459291,0.3792820930570097,4.8316802978515625,3.2986723230990362,18.8261775970459,3.5198233127593994,104.96501159667969,0.9656591415405273,1.809809684753418,0.5069542527198792,0.019229529425501823,17.160314559936523,0.4606679783413757,0.048130125846033364,0.6161123514175415,0.7598134875297546,0.2753574193578459,4.168693477098141,18.11004638671875,38.278648376464844
06212.jpg,3.3663,0.3471473455429077,0.6530434588126403,0.9651514973699619,4.745436191558838,50.10728454589844,0.8219468227098552,0.39984264791853474,4.972918510437012,3.1732658700854,21.04439353942871,4.283465385437012,95.73214721679688,0.9596006870269775,1.7559840679168701,0.5216521620750427,0.025269336998462677,15.974061965942383,0.4529219827803099,0.07841701396854693,0.6547689437866211,0.7761293649673462,0.2764092849991009,4.1481177453132565,29.92059326171875,50.89332580566406
06217.jpg,3.3239,0.3199120759963989,0.7383312500629462,0.967728898116807,3.891380786895752,38.3239631652832,0.7375438398686714,0.3262490802281887,4.781853199005127,3.201873307769067,16.705589294433594,3.1032588481903076,104.59390258789062,0.9636138677597046,1.8759366273880005,0.5571072101593018,0.03622693568468094,14.409684181213379,0.4354823410924584,0.03570634090723598,0.56505286693573,0.6602132320404053,0.3209471262460582,3.5797149449784853,30.13397216796875,55.49470520019531
06225.jpg,3.3626,0.3581826090812683,0.6725546520063952,0.9587493400489208,4.767184257507324,44.310150146484375,0.8722329834265588,0.39105529479364093,5.239816665649414,3.36513990779782,18.357013702392578,3.822486400604248,83.79898071289062,0.9493505954742432,1.7110607624053955,0.4817041754722595,0.02044767700135708,16.8935604095459,0.47962251363353375,0.060170021531223576,0.6430506706237793,0.7555443048477173,0.26798121584792417,4.277492268548513,47.30828857421875,47.45233917236328
06227.jpg,3.3134,0.2597917914390564,0.8847136501450934,0.9640460003591181,3.3171403408050537,25.979999542236328,0.7552846939734399,0.30175865156033277,4.400573253631592,3.413997552725694,15.966021537780762,1.9324852228164673,110.15481567382812,0.9592692852020264,1.9246704578399658,0.693406879901886,0.03080226108431816,15.114173889160156,0.5060609316775039,0.013901981624443643,0.524885892868042,0.6568551063537598,0.36504928286738464,4.574353014054492,49.73602294921875,41.219017028808594
06228.jpg,3.3957,0.443611204624176,0.5419040706334974,0.9371288733052903,5.020667552947998,129.3893585205078,0.8636290534003407,0.43708026516634085,5.091836929321289,2.7400135767020757,44.52225112915039,12.023056983947754,87.9844741821289,0.9017629027366638,1.4348433017730713,0.3839346766471863,0.022354479879140854,16.50635528564453,0.39065163325674684,0.08375410024452914,0.7165188193321228,0.8361383676528931,0.20941102415517923,4.1597519164565755,20.41375732421875,63.236324310302734
06233.jpg,3.3384,0.3041575253009796,0.7761498008837524,0.9614617411237995,3.7837026119232178,58.50272750854492,0.7481069511255127,0.3678658684402335,4.739739418029785,3.3077483205389324,22.08576011657715,4.890618324279785,107.21244812011719,0.9563572406768799,1.838672161102295,0.5917583107948303,0.03587953373789787,14.451531410217285,0.49633319210244586,0.02910051106882611,0.5719358325004578,0.6729956865310669,0.3441355046036613,4.459025484950774,40.79510498046875,52.752113342285156
06243.jpg,3.3298,0.3496231734752655,0.5805613866208373,0.9612745070405134,4.870085716247559,42.39809036254883,0.8318218516861916,0.37994704035126475,4.913647651672363,2.840039403500091,17.602088928222656,3.578981399536133,90.63275909423828,0.9553498029708862,1.873624324798584,0.5099361538887024,0.024356387555599213,16.133872985839844,0.45926043197267075,0.05116086864463796,0.6331788301467896,0.7253445982933044,0.28453152413341215,3.404209487527666,33.38690185546875,44.350135803222656
06247.jpg,3.3229,0.38840362429618835,0.5949538862424197,0.9687032729758694,4.396495819091797,54.43051528930664,0.8835477084551014,0.419583750478093,4.799467086791992,2.7355978529411082,20.23835563659668,4.724608898162842,64.40850830078125,0.9586859345436096,1.5268821716308594,0.4455375671386719,0.008021026849746704,20.957700729370117,0.42734803356442225,0.1184233734634207,0.6680886745452881,0.7704190611839294,0.25238439620349146,4.0105063924156426,33.09051513671875,47.79481506347656
06249.jpg,3.3359,0.34957242012023926,0.6541077740250917,0.9625895845499233,4.538867950439453,47.97773361206055,0.8081010575671396,0.37978895272411606,5.098528861999512,3.1519599353948955,19.634828567504883,4.048117160797119,94.74396514892578,0.9568912982940674,1.8142979145050049,0.5342333316802979,0.03361757844686508,14.734336853027344,0.4794241652257601,0.05824012595013763,0.6244423389434814,0.7381346821784973,0.30472977763337017,3.5554167754614765,29.74237060546875,52.34651184082031
06253.jpg,3.2878,0.27608340978622437,0.7715758040768421,0.967104119372536,3.6449761390686035,33.79560470581055,0.7237733836871589,0.34895859743903695,4.578792572021484,3.1726431934894386,16.34682273864746,2.653373956680298,108.75711822509766,0.9631701707839966,1.9258090257644653,0.631871223449707,0.03170902281999588,14.98817253112793,0.41742200785181116,0.013245377314234351,0.5511007308959961,0.639341413974762,0.3502603736544186,4.2859823432826785,30.77166748046875,46.324737548828125
06268.jpg,3.2988,0.3277137875556946,0.6625292176950474,0.9660038635374109,4.278569221496582,52.562294006347656,0.7842806541528754,0.3913054404035422,4.870843410491943,3.0308888304232022,20.425016403198242,4.429266452789307,101.15823364257812,0.9624837636947632,1.8371026515960693,0.5340255498886108,0.032068878412246704,14.939164161682129,0.47032693314886903,0.04269779820651332,0.6077578067779541,0.7056834697723389,0.3163925683001548,3.6336840910027215,27.89227294921875,44.391136169433594
06275.jpg,3.3465,0.38551196455955505,0.582573081717831,0.9435671568547197,4.947903156280518,58.51896667480469,0.8836318678215589,0.40206447386059213,5.150367736816406,2.9415012511156746,25.924287796020508,5.170944690704346,78.51537322998047,0.9237911701202393,1.731680989265442,0.49626433849334717,0.0184886883944273,17.33094024658203,0.47048901470924487,0.10329320100504734,0.6703535914421082,0.7704250812530518,0.2587595995709399,3.8913991811600908,2.56854248046875,52.94841766357422
06276.jpg,3.3027,0.35087284445762634,0.6607522639755423,0.9612913813362117,4.522108554840088,40.02791976928711,0.8171281386927975,0.3551268312370078,4.888480186462402,3.1090461363873114,18.600980758666992,3.2550883293151855,92.04122924804688,0.9557325839996338,1.890885591506958,0.555310845375061,0.03602858632802963,14.433527946472168,0.5023786911979872,0.042225490166950035,0.595543384552002,0.716612696647644,0.30220181573082455,4.0790157915392005,31.00018310546875,47.015419006347656
06285.jpg,3.3131,0.35737916827201843,0.6196156286996457,0.9592163484647473,4.69253396987915,50.6528205871582,0.8342091606734124,0.39570132341649716,5.055486679077148,3.020024533299445,21.787059783935547,4.466105937957764,89.88851165771484,0.9514799118041992,1.7951173782348633,0.5024043321609497,0.026612242683768272,15.749186515808105,0.46591862091043984,0.0724336237108417,0.6427538394927979,0.7328370809555054,0.2726879281337389,3.654503820392936,0.32489013671875,47.269203186035156
06292.jpg,3.3174,0.3019183278083801,0.8832529918777546,0.9579686357180961,3.2494475841522217,29.51817512512207,0.7474258728675415,0.29601723801288615,4.699365615844727,3.5104202022084685,16.15510368347168,2.226053237915039,105.15718078613281,0.9490026235580444,1.9245128631591797,0.7697504758834839,0.04406115412712097,13.559441566467285,0.5202041235961958,0.010884833969578825,0.5368620157241821,0.6635209918022156,0.4042179787035577,4.692563798027173,39.10760498046875,52.194114685058594
06303.jpg,3.3116,0.33648037910461426,0.6369391989923301,0.9811650422829641,4.5551886558532715,50.18316650390625,0.8289218930589877,0.4186099695476225,4.758195877075195,2.966041674367734,22.424772262573242,4.3367133140563965,99.46588897705078,0.9808050394058228,1.7481911182403564,0.595184862613678,0.015494169667363167,18.098318099975586,0.4849295633355849,0.07174190798268194,0.6730575561523438,0.8036949634552002,0.30953150076194474,3.4982522247455368,14.63250732421875,43.21007537841797
06305.jpg,3.3277,0.34075242280960083,0.6615943012674,0.9567013706838516,4.495090007781982,39.637672424316406,0.7957898457238691,0.3637794271651607,4.9976911544799805,3.140197262325847,16.777156829833984,3.2231414318084717,94.30037689208984,0.9481773376464844,1.8834373950958252,0.6012176275253296,0.037473272532224655,14.26278305053711,0.44924124526423,0.07279096214497903,0.6024823188781738,0.7194004058837891,0.32161002954847845,3.625288858260028,32.04168701171875,37.53327941894531
06312.jpg,3.3158,0.35031285881996155,0.6493380526466452,0.9565324241693511,4.4849138259887695,44.694053649902344,0.8067253066440953,0.3665196001986831,4.99442195892334,3.077658717641439,18.66452980041504,3.7290005683898926,91.69327545166016,0.9475312232971191,1.8742512464523315,0.5166994333267212,0.036452557891607285,14.382720947265625,0.445524920970631,0.052481808391633834,0.6069353818893433,0.7099355459213257,0.2911797478459924,3.6812352501097783,32.07391357421875,51.50525665283203
06326.jpg,3.2841,0.31853610277175903,0.7054706651397756,0.9678904072599741,3.9085514545440674,43.150455474853516,0.7476327584971891,0.37261210368926595,4.691222190856934,3.0334569419219717,18.090822219848633,3.5429654121398926,105.23495483398438,0.9650004506111145,1.8714420795440674,0.5853471755981445,0.035370778292417526,14.513553619384766,0.478987408520882,0.03299748997072564,0.572287380695343,0.6795263290405273,0.3361218644998198,4.282311885960737,41.09100341796875,43.98906326293945
06372.jpg,3.3447,0.35044699907302856,0.6068180479309496,0.950589343728963,4.550647735595703,56.21638488769531,0.7912321165979909,0.36732755744868134,5.0857648849487305,2.923785653064442,21.626798629760742,4.9676666259765625,96.6785888671875,0.9367408156394958,1.8147869110107422,0.4818103313446045,0.035626478493213654,14.482271194458008,0.46877016990909975,0.060592587743662565,0.6151739954948425,0.697444498538971,0.2957504139599193,3.8781627367224156,11.51385498046875,38.652793884277344
06382.jpg,3.3003,0.3310689628124237,0.6914318152065633,0.9661245489118273,4.219590187072754,47.198394775390625,0.763935932380602,0.3695548623217054,4.891873359680176,3.149990345266282,20.561630249023438,4.019947052001953,102.40441131591797,0.9624963998794556,1.8456916809082031,0.5756365060806274,0.03487539291381836,14.574809074401855,0.48048237559950024,0.048010534296901844,0.5888094902038574,0.7013664245605469,0.3266155575148695,3.5713853126249786,28.56610107421875,51.1645393371582
06390.jpg,3.362,0.3594200909137726,0.6043806426525544,0.9584813043529196,4.748137950897217,61.136634826660156,0.8180505970005741,0.39963071764840946,5.25891637802124,3.024045987875068,21.88947296142578,5.440054893493652,89.25228881835938,0.9494966268539429,1.7601466178894043,0.45439404249191284,0.027880944311618805,15.546924591064453,0.4370752829582638,0.06748344110856933,0.6516404747962952,0.7559299468994141,0.26128815040015857,3.200827545537773,14.40252685546875,38.170448303222656
06397.jpg,3.256,0.30215343832969666,0.8437262313451382,0.9646845006793839,3.3094429969787598,31.92445182800293,0.7178328877515165,0.31413079390473164,4.560396194458008,3.3200101977179584,16.206518173217773,2.5098307132720947,108.22349548339844,0.9600862860679626,1.9108625650405884,0.6522064805030823,0.03712330386042595,14.303533554077148,0.4440440226874727,0.00795507261423621,0.5330859422683716,0.6085556745529175,0.35508220505513377,5.195676188144663,27.87322998046875,58.111595153808594
06456.jpg,3.2738,0.2910102605819702,0.9046165028264215,0.9716549031419572,2.8431222438812256,30.841947555541992,0.6893287720384557,0.3261448540086157,4.415772438049316,3.283270622913868,16.018070220947266,2.404505968093872,111.10286712646484,0.9688446521759033,1.9282548427581787,0.778924822807312,0.03270060941576958,14.85444164276123,0.433305481999948,0.005132076744324087,0.5261175632476807,0.6026942133903503,0.3695381030952512,4.4289700239350935,41.75946044921875,51.61473083496094
06465.jpg,3.2974,0.3139835000038147,0.724094341113143,0.9589146079322864,4.2569684982299805,32.89821243286133,0.801503526784407,0.3607475059461857,4.901303291320801,3.3157395515286066,16.223453521728516,2.571831464767456,101.3213882446289,0.9510244131088257,1.8982330560684204,0.5792545080184937,0.03213027864694595,14.930854797363281,0.4681614162538162,0.040201060282351576,0.5901845693588257,0.6964353322982788,0.3143478474258683,4.486184808294159,39.84344482421875,45.14256286621094
06483.jpg,3.2953,0.3223579525947571,0.7797145027343847,0.9599580547974542,3.4945549964904785,39.3705940246582,0.738332622529024,0.3378506848282334,4.751522064208984,3.2148072943820525,17.28055763244629,3.1944475173950195,104.25553894042969,0.9532076120376587,1.9038727283477783,0.6294050216674805,0.042794354259967804,13.686136245727539,0.4728305840943635,0.01700553904371575,0.5543206334114075,0.6550661325454712,0.3544754115196411,3.7951228333608396,45.37030029296875,50.1443977355957
06485.jpg,3.3234,0.3641107380390167,0.6913509867813079,0.9599551791787837,4.684466361999512,50.77570343017578,0.8451002397144639,0.40600813623468873,5.255929470062256,3.436164204983438,20.976425170898438,4.280987739562988,86.06267547607422,0.9510562419891357,1.6992284059524536,0.5185251832008362,0.022459518164396286,16.48599624633789,0.46640450049752774,0.0803454998451385,0.6609529852867126,0.7745147943496704,0.26953050357141367,4.22681434563318,31.01385498046875,52.54771423339844
06499.jpg,3.3296,0.35389792919158936,0.5804739201929492,0.9566229676183321,4.640344142913818,56.26171875,0.8191211701414233,0.39664917439652825,5.062500953674316,2.816135112298639,21.334152221679688,4.95774507522583,92.9096908569336,0.9465761780738831,1.800073504447937,0.4711400270462036,0.028534304350614548,15.446328163146973,0.46765710856467624,0.06230762327087242,0.6380568146705627,0.7352587580680847,0.2838114491772625,3.5606907230657954,10.71502685546875,45.12358093261719
06512.jpg,3.3371,0.3529416620731354,0.6077927480921935,0.9648364974337292,4.829410552978516,53.780555725097656,0.8318601243501993,0.40669237534233726,5.1416168212890625,3.0301703741299875,21.234037399291992,4.600100994110107,91.71241760253906,0.9589691162109375,1.7509851455688477,0.5185942649841309,0.021942418068647385,16.587154388427734,0.44937033609531496,0.08276964638152577,0.6691132187843323,0.7711211442947388,0.2775746876121958,3.8100398207134667,29.48992919921875,48.392574310302734
06513.jpg,3.3148,0.3765437602996826,0.5833935747124622,0.9503462600183786,4.77433443069458,63.17954635620117,0.8473959909041249,0.4019358668270935,5.260437965393066,2.9271212910633153,23.454631805419922,5.492976188659668,82.05113983154297,0.9350768327713013,1.7192978858947754,0.4592188596725464,0.026683948934078217,15.737500190734863,0.4622955785378089,0.08489752752652338,0.6610572338104248,0.7515544891357422,0.26151130906040077,3.9387331758855844,27.59735107421875,42.925331115722656
06529.jpg,3.3328,0.3865969181060791,0.6941258646154592,0.9839651603201456,3.970294713973999,32.053314208984375,0.907529807865962,0.2980300025929264,4.530214309692383,2.9502244048891297,13.942765235900879,2.550351858139038,63.11922073364258,0.9809918403625488,1.6212331056594849,0.49680325388908386,0.005247117951512337,22.800790786743164,0.47563481500864996,0.07809078433569046,0.634580671787262,0.7520967721939087,0.2904133225664813,4.339697227016366,33.63299560546875,49.641300201416016
06538.jpg,3.3274,0.37760859727859497,0.6826752222735811,0.976989451933621,4.303647041320801,48.83877182006836,0.8799833088411274,0.4246772351211722,4.921402931213379,3.1488693310910296,18.431163787841797,4.233850955963135,69.33130645751953,0.9704388380050659,1.5616904497146606,0.4918380081653595,0.007576293777674437,21.205434799194336,0.42920363040152604,0.10302861936832525,0.6811994910240173,0.7975292205810547,0.277063092030314,3.3598506682051457,27.34051513671875,47.168060302734375
06544.jpg,3.3111,0.3260629177093506,0.5848339111520282,0.9600289005251847,4.67380428314209,50.924583435058594,0.8069710959459875,0.39320055229615253,4.918117046356201,2.804851185093426,20.232240676879883,4.388644218444824,99.08782196044922,0.9537798166275024,1.8526419401168823,0.4833907186985016,0.026587793603539467,15.753177642822266,0.46520849665451375,0.046547759604757495,0.6245257258415222,0.6944807767868042,0.293638572736234,3.5013933280413956,13.87420654296875,40.96553039550781
06548.jpg,3.3518,0.35256749391555786,0.650632681173976,0.9505326890374577,4.57433557510376,51.51252746582031,0.8007012735077522,0.3430005761302946,5.095057487487793,3.145623528877202,21.6406307220459,4.312311172485352,92.79052734375,0.9370862245559692,1.8531370162963867,0.5571102499961853,0.0381050631403923,14.190173149108887,0.4632734753971477,0.07247154380941193,0.6085406541824341,0.7331348657608032,0.30299866596874525,4.001911866646056,41.65203857421875,50.47787094116211
06549.jpg,3.2974,0.3194188177585602,0.6985981685562859,0.9710640190893859,3.9082136154174805,41.73167419433594,0.7392121956948366,0.3662797619922578,4.647094249725342,2.9883742543275575,18.38817596435547,3.447216033935547,105.99264526367188,0.9691542387008667,1.8744912147521973,0.5979780554771423,0.0339503139257431,14.69156265258789,0.49204801993573877,0.027959107151781747,0.5681903958320618,0.6657760143280029,0.34089507767948235,3.800599941032395,28.42303466796875,45.60513687133789
06562.jpg,3.2927,0.29397520422935486,0.718907013564965,0.9763596267482992,3.8810958862304688,37.994441986083984,0.7114105139112011,0.33598840294642174,4.395678520202637,2.9751289904005773,17.54233741760254,3.0563955307006836,109.96941375732422,0.9762576818466187,1.860673427581787,0.5765388607978821,0.026841511949896812,15.711931228637695,0.451195597724083,0.019348173414898664,0.5482828617095947,0.6652741432189941,0.30742933186411553,3.9699199686056317,38.27996826171875,39.0513916015625
06566.jpg,3.5017,0.32475191354751587,0.6212569051010466,0.9574107292764863,4.825872898101807,44.44123077392578,0.8438696462362841,0.3985610045279434,5.028317451477051,3.061003329239483,19.55991554260254,3.7335047721862793,97.40614318847656,0.9502570629119873,1.8533098697662354,0.48830047249794006,0.01890801638364792,17.233539581298828,0.4592304762375845,0.039993559842557785,0.6360263228416443,0.7357056140899658,0.2714443928175192,3.79989146296787,32.22967529296875,52.78640365600586
06571.jpg,3.3384,0.3557407259941101,0.6849038481767303,0.9692250771239855,4.678141117095947,52.59403991699219,0.8524788678460262,0.41730132263969516,5.062358379364014,3.3356653970436074,22.11148452758789,4.616113185882568,90.55651092529297,0.965665876865387,1.7432363033294678,0.5080206990242004,0.020141292363405228,16.95912742614746,0.46630868885387683,0.08364995181830785,0.6623088717460632,0.7621276378631592,0.28343127631711745,3.4701342893470124,26.88934326171875,51.24736404418945
06573.jpg,3.2754,0.30919602513313293,0.7789798575226615,0.9727789104120884,3.5673885345458984,32.1846923828125,0.7088461762066187,0.33852066290451166,4.495543479919434,3.1404446153004724,16.156885147094727,2.5386855602264404,108.00315856933594,0.971616268157959,1.9065927267074585,0.6100891828536987,0.034360554069280624,14.639398574829102,0.4405934238153248,0.020494304166841396,0.543595552444458,0.6507852077484131,0.3295601775833587,3.709677525591394,28.93621826171875,42.29054260253906
06593.jpg,3.3123,0.2986767292022705,0.768585162854219,0.9712649313976924,4.0301947593688965,34.274383544921875,0.7188382380935364,0.3282964454281729,4.526056289672852,3.2881181402049773,17.815982818603516,2.782480239868164,108.22960662841797,0.9703553915023804,1.8302311897277832,0.5633224248886108,0.02753034420311451,15.601882934570312,0.4286339807681015,0.027832786063391308,0.5464486479759216,0.6630356311798096,0.2914831794466646,5.411361545175812,84.28631591796875,46.399993896484375
06595.jpg,3.3374,0.34946969151496887,0.6849960037578854,0.9545798743635117,4.390199184417725,38.50703430175781,0.8622113531767872,0.3835473501029337,4.943094253540039,3.1966467079674725,16.690717697143555,3.264116048812866,88.1008529663086,0.9455854892730713,1.877859115600586,0.4763256311416626,0.0246182419359684,16.08742904663086,0.4758846238893768,0.05992193478620706,0.6339929103851318,0.699363112449646,0.2640253525845345,3.920037185389588,19.28338623046875,45.30820083618164
06597.jpg,3.342,0.3869847357273102,0.5835652355413242,0.9592438579805906,4.706277370452881,68.95982360839844,0.8524949952021692,0.4154484906044239,5.070640563964844,2.85274537708243,25.78536033630371,6.131661415100098,83.70399475097656,0.949205756187439,1.7015067338943481,0.5249297618865967,0.023899108171463013,16.216184616088867,0.44938006915556533,0.12094118136068917,0.6879274249076843,0.7789032459259033,0.2764730823341215,3.776835037693601,35.56658935546875,48.534175872802734
06616.jpg,3.3225,0.35445117950439453,0.6276762227418251,0.9644547637312729,4.686119079589844,46.48113250732422,0.849026327637272,0.3927836716533205,5.052541255950928,3.056374461506161,19.377782821655273,3.903163433074951,87.30084991455078,0.9594095945358276,1.8156235218048096,0.5426332950592041,0.02352006919682026,16.285614013671875,0.4609644963872364,0.08105619070739355,0.643646240234375,0.7567664384841919,0.2867679929635928,3.8120475194437726,31.55535888671875,54.83848190307617
06623.jpg,3.374,0.4162464141845703,0.5458615376433487,0.939061183182087,5.019339561462402,111.80226135253906,0.8528140209216007,0.4286155121457476,5.22556209564209,2.7961587348340444,38.44002914428711,10.832740783691406,81.10813903808594,0.9038236141204834,1.4650745391845703,0.3244660794734955,0.019702933728694916,17.054691314697266,0.38181172488856485,0.10053673684763112,0.6959426999092102,0.7976890206336975,0.19274137620856197,4.3567582545627275,46.15692138671875,45.33038330078125
06625.jpg,3.2728,0.2917962372303009,0.7855501361541226,0.9582080577434109,3.760017156600952,31.13734245300293,0.7792093290203354,0.3465414884286058,4.703991889953613,3.3244658217568768,15.952390670776367,2.3922674655914307,104.12110137939453,0.9501650333404541,1.931053876876831,0.6193773746490479,0.03731311112642288,14.281386375427246,0.4730450972668413,0.02365112406429969,0.5677870512008667,0.668291449546814,0.35049315872921616,4.284039271920993,36.88494873046875,48.981666564941406
06626.jpg,3.3442,0.3747158348560333,0.596851223052561,0.9659459777962547,4.86624002456665,54.329044342041016,0.8802700346368868,0.4209175932568508,5.033623218536377,2.9543837435364537,23.10374641418457,4.641287803649902,84.7509536743164,0.9604744911193848,1.6774442195892334,0.5629129409790039,0.012595675885677338,18.997785568237305,0.4612072514443775,0.08901816371524801,0.6900711059570312,0.821662187576294,0.28893046570708786,3.7924795629096337,31.44158935546875,57.776222229003906
06654.jpg,3.299,0.3763243556022644,0.6925983297693246,0.9766199129550084,4.154844760894775,47.02227020263672,0.888461458186054,0.4226619843913867,4.929779529571533,3.1460108518129086,17.55767822265625,3.9919073581695557,68.46024322509766,0.9707472920417786,1.526105523109436,0.5280567407608032,0.006036252249032259,22.19232749938965,0.45464150038730794,0.10702042066632106,0.6803262233734131,0.7834212779998779,0.29816176854470855,3.8034778162326344,28.38250732421875,46.03714370727539
06659.jpg,3.3345,0.33360642194747925,0.6211559173948554,0.9742893500513679,4.828339099884033,45.683570861816406,0.8507881142351176,0.4171775273064484,5.002303123474121,3.053192170748776,17.948986053466797,3.8780949115753174,94.09632110595703,0.9733789563179016,1.7726140022277832,0.5066134929656982,0.014219259843230247,18.47123146057129,0.46099435208256423,0.06662906868301616,0.6678876876831055,0.7599316835403442,0.2822801321645381,3.5346716088794214,25.93914794921875,48.84837341308594
06670.jpg,3.313,0.3596504032611847,0.6448181074083361,0.9627494875834476,4.691534042358398,65.88691711425781,0.8005539898539802,0.4041018444864132,5.130512237548828,3.166728441036737,25.46442413330078,5.72068452835083,96.53408813476562,0.9552420377731323,1.682037353515625,0.4657798409461975,0.029816538095474243,15.255427360534668,0.44349098254095753,0.06673679872181158,0.629112720489502,0.731800377368927,0.27603257560331623,3.5753506443450025,26.17156982421875,46.00148010253906
06679.jpg,3.3676,0.3877730369567871,0.5980481511680377,0.9551340590606262,5.05060338973999,106.43492126464844,0.8608117519997903,0.4430474206121016,5.340579986572266,3.107224861864175,37.044761657714844,10.438067436218262,85.2928237915039,0.9348784685134888,1.394742488861084,0.3711360692977905,0.01507219485938549,18.21823501586914,0.3769047023028355,0.09903696158202736,0.7122510671615601,0.8327146172523499,0.2024580835166597,3.66118103303448,33.86151123046875,51.70381164550781
06685.jpg,3.3972,0.3934309482574463,0.5738713728542312,0.9414798467231986,4.923246383666992,92.39398193359375,0.8699353949486496,0.42248078864690364,5.237961769104004,2.915623933711645,33.084014892578125,8.381579399108887,78.01898193359375,0.9119736552238464,1.5056869983673096,0.36883223056793213,0.016254816204309464,17.890180587768555,0.40152097251042507,0.07834776571306219,0.6873899698257446,0.7815001010894775,0.21162236455766004,3.8900442512163753,38.79071044921875,52.01760482788086
06690.jpg,3.3047,0.35154837369918823,0.6687706291126547,0.961402239409079,4.710728645324707,62.28887176513672,0.8289671236234459,0.4167163481736186,5.204766273498535,3.315608475283515,23.952239990234375,5.390771389007568,91.97953033447266,0.9539943337440491,1.7335736751556396,0.4932701587677002,0.02592454105615616,15.862889289855957,0.4462915594104073,0.07672143925169939,0.6476954221725464,0.7488427758216858,0.2850620861959022,3.8626193992085116,31.91717529296875,52.55369186401367
06691.jpg,3.3584,0.38616490364074707,0.6793299658456549,0.9532361535447164,4.576100826263428,68.68045806884766,0.8928293613640529,0.409849275263792,5.159051895141602,3.306703006899202,26.867000579833984,5.925710678100586,72.58306884765625,0.9302233457565308,1.3386778831481934,0.448727011680603,0.011032919399440289,19.573095321655273,0.461798703348592,0.09712184445361591,0.6589523553848267,0.7730457782745361,0.2556071622715928,4.96523589544378,50.40838623046875,61.06346893310547
06692.jpg,3.3501,0.366798460483551,0.5901527576884381,0.9623152224064562,4.81273078918457,57.21284103393555,0.8355508980025523,0.41420104639331456,5.196199417114258,2.9534095312244375,21.555715560913086,5.07899808883667,85.12451934814453,0.9551570415496826,1.7530040740966797,0.4842340350151062,0.022029787302017212,16.56989860534668,0.44745631586525836,0.08556559088237084,0.6743075847625732,0.7719224095344543,0.2637804579467728,3.5046763231620366,2.80145263671875,44.805145263671875
06694.jpg,3.3384,0.3789672255516052,0.6261914490625825,0.963365723549267,4.916365623474121,94.42919921875,0.875220057803276,0.4614105553679469,5.299910545349121,3.198684027532181,31.55537986755371,8.50119400024414,84.35064697265625,0.9497803449630737,1.4029052257537842,0.4768507480621338,0.012168871238827705,19.147497177124023,0.40965029168419886,0.09518451844248378,0.729356586933136,0.8425111174583435,0.25640460332950643,4.095817016857395,25.93475341796875,56.070556640625
06718.jpg,3.3285,0.40218454599380493,0.576247514051478,0.9484123949618422,4.77178430557251,78.12077331542969,0.8765001963604357,0.4124049243871011,5.037883758544922,2.826408886794143,30.75600814819336,7.25930643081665,74.09823608398438,0.9225060343742371,1.489018440246582,0.3934178352355957,0.01391594484448433,18.56487464904785,0.430016924073832,0.09929378189450883,0.6673402190208435,0.7552787065505981,0.22919816008641408,4.199029901700206,6.87030029296875,52.7711181640625
06731.jpg,3.3153,0.37776023149490356,0.644635916922244,0.9745758786022162,4.351053237915039,47.597049713134766,0.8794122806856927,0.39958229465304157,4.879045486450195,2.975038488887945,18.228967666625977,4.097093105316162,67.70588684082031,0.9685441255569458,1.6474480628967285,0.44170135259628296,0.00855625607073307,20.67716407775879,0.4429403148844684,0.09511723702657865,0.6653425097465515,0.7609325647354126,0.2514286315065567,3.6121311221633707,27.22039794921875,44.32440185546875
06736.jpg,3.3181,0.38350996375083923,0.59912156994775,0.9476213367185511,4.96721887588501,76.11127471923828,0.8711725918373543,0.41349636848468224,5.2514448165893555,3.0611218694865148,28.678007125854492,6.914595127105713,74.25753021240234,0.9244925379753113,1.4996309280395508,0.35895633697509766,0.012692168354988098,18.964641571044922,0.4058559719676843,0.07948468038491875,0.665907621383667,0.79217529296875,0.19734241239465833,3.4153995733311793,36.32879638671875,51.19023895263672
06745.jpg,3.3412,0.3751547932624817,0.6369744673428948,0.966010270149506,4.951766490936279,63.74605178833008,0.8790977197297566,0.4312451809172104,5.155136585235596,3.2189315458482426,25.41920280456543,5.57062292098999,84.1852798461914,0.9587998390197754,1.554175853729248,0.5339736938476562,0.009561240673065186,20.194856643676758,0.4718010726302636,0.08841109159737694,0.7021450996398926,0.8082740306854248,0.2873425096670678,3.559032580734947,14.53680419921875,51.702735900878906
06746.jpg,3.3528,0.36716294288635254,0.5980534379726556,0.9573613137136536,4.729687690734863,43.44230270385742,0.8607863191146443,0.38088325768690656,5.1050825119018555,2.940870140382531,18.0950984954834,3.6908109188079834,81.31495666503906,0.9480420351028442,1.8069326877593994,0.463982492685318,0.021178215742111206,16.741106033325195,0.4700305789580727,0.06951338806337382,0.6398453712463379,0.735785961151123,0.2599677948112724,3.957484732726981,42.59295654296875,42.458984375
06752.jpg,3.2853,0.3582651913166046,0.6519250351111998,0.9524417727049364,4.690968990325928,44.574344635009766,0.8278804258197848,0.3772112618105177,5.132973670959473,3.2022490131550754,17.88248634338379,3.6947014331817627,85.63135528564453,0.9409061670303345,1.8350062370300293,0.5273661017417908,0.03257963806390762,14.870538711547852,0.4645091626536881,0.06656063687360944,0.6236863136291504,0.7408503890037537,0.2861543874729857,4.020040933954265,31.43280029296875,49.024635314941406
06756.jpg,3.2961,0.32743173837661743,0.6756310742830932,0.9597633436402376,4.578485488891602,39.11674499511719,0.7865048155327776,0.3668487764215424,5.03140926361084,3.2463844184489155,17.274930953979492,3.17842698097229,98.6474609375,0.9536019563674927,1.8586479425430298,0.5214935541152954,0.030208762735128403,15.198671340942383,0.4356029158544231,0.03760320460020385,0.5973542928695679,0.6982519626617432,0.2935032236988339,4.053165434203748,33.43963623046875,49.473487854003906
06771.jpg,3.2635,0.32825127243995667,0.7131801633409911,0.9769028939368627,4.265286922454834,35.946510314941406,0.75465934289944,0.3400710959073948,4.8141703605651855,3.2376576218999906,17.31609344482422,2.8814237117767334,102.95877838134766,0.9759818315505981,1.8365325927734375,0.5519248247146606,0.028565429151058197,15.441593170166016,0.4510243808378368,0.039729728574033354,0.5766826868057251,0.7160204648971558,0.28884092510310755,3.785145855944409,33.65057373046875,47.54444885253906
06791.jpg,3.2938,0.38989710807800293,0.6409694565304229,0.982685423496985,4.1116228103637695,27.043546676635742,0.9141583394848012,0.28679555577938787,4.481893539428711,2.7541024295929386,11.875694274902344,2.0664455890655518,60.82536315917969,0.9814317226409912,1.6809093952178955,0.5418667197227478,0.00448270607739687,23.484596252441406,0.48930693465625474,0.06639471762213353,0.637560248374939,0.7444099187850952,0.3089311085194388,4.513499371256093,27.85174560546875,50.934478759765625
06798.jpg,3.2932,0.33337318897247314,0.6776862440657754,0.9562484890053882,4.399791240692139,41.670867919921875,0.7898363817698091,0.36797341827112,5.01401424407959,3.189815794678573,18.821636199951172,3.4847888946533203,98.96143341064453,0.9465104341506958,1.8541884422302246,0.5293601155281067,0.03576451539993286,14.465476036071777,0.4496156047707126,0.06180501237294981,0.5983737707138062,0.6877648234367371,0.2997271937083457,4.028340478376982,16.08563232421875,39.96214294433594
06799.jpg,3.3138,0.326404333114624,0.686290230440607,0.9629243037560038,4.4441094398498535,44.153465270996094,0.7992029920571377,0.37773924630590044,5.038212299346924,3.2538248645427883,19.525279998779297,3.7357840538024902,99.2588119506836,0.9572738409042358,1.8418710231781006,0.5548919439315796,0.029593179002404213,15.288084983825684,0.46199784724502646,0.06350437443114242,0.607895016670227,0.739723801612854,0.30234056944552656,3.608997650324057,32.30096435546875,44.814735412597656
06808.jpg,3.2949,0.3795703947544098,0.5868512393110301,0.9568462572958816,4.625022888183594,46.35458755493164,0.8625509089934075,0.39088881286311866,4.762701988220215,2.7546097662375413,20.52126693725586,3.899042844772339,82.62104034423828,0.9471643567085266,1.7959849834442139,0.48218345642089844,0.024168599396944046,16.1674861907959,0.4613162365595034,0.09613058592576301,0.6488914489746094,0.7646950483322144,0.2524062908473227,3.914601494735699,22.03973388671875,46.976219177246094
06813.jpg,3.3563,0.3867940902709961,0.6183349738295515,0.959202089254544,4.9761505126953125,88.33177947998047,0.8680450648772061,0.44277987349881925,5.3039350509643555,3.178279561148413,30.715734481811523,8.267660140991211,83.65481567382812,0.9408985376358032,1.3434698581695557,0.4185200035572052,0.012621360830962658,18.988937377929688,0.4029066974562416,0.09734032693483713,0.7048241496086121,0.8236129283905029,0.23047499645469158,3.5051513322407817,45.87176513671875,46.772193908691406
06819.jpg,3.3698,0.39511069655418396,0.6164633602863074,0.9518598309644968,4.925107002258301,88.8704833984375,0.8647309097365793,0.429630676010329,5.248714447021484,3.1359054779785716,32.40837478637695,8.3413724899292,81.83960723876953,0.9273582696914673,1.4358644485473633,0.36968469619750977,0.016025422140955925,17.951904296875,0.3785432150942283,0.09671380001904005,0.6765941381454468,0.7893157005310059,0.21022756869465478,3.3786495885842602,24.27117919921875,50.850746154785156
06866.jpg,3.2982,0.36636000871658325,0.6949919061244705,0.9468121320688841,4.038572311401367,43.115989685058594,0.8016726954764801,0.32329702178826714,4.863734245300293,3.0935282364404744,19.388179779052734,3.6291515827178955,89.60472869873047,0.928593635559082,1.889467716217041,0.4921244978904724,0.05073484033346176,12.946938514709473,0.45939311349607603,0.06316885096349523,0.581911563873291,0.6951683163642883,0.27349111765429146,3.695657871180987,25.20379638671875,46.037986755371094
06869.jpg,3.2643,0.2746320962905884,0.7225391290708802,0.9856434033737534,3.83878755569458,26.84772491455078,0.7842347693341505,0.33777442794605994,4.249494552612305,2.9220616352893245,15.097810745239258,2.050863742828369,99.24282836914062,0.9865332841873169,1.9488223791122437,0.5724344253540039,0.031113995239138603,15.070442199707031,0.49194942867595903,0.053624179879089594,0.5832471251487732,0.7263463735580444,0.2890658320055008,5.153299840895486,28.93670654296875,47.701019287109375
06874.jpg,3.2991,0.3640948534011841,0.604961062897915,0.9591916776269818,4.713057041168213,48.805458068847656,0.853823474284644,0.3986427404141032,5.107783794403076,2.970624175298008,19.944570541381836,4.122162342071533,84.18363189697266,0.9515039920806885,1.8019516468048096,0.4984896779060364,0.022996198385953903,16.383440017700195,0.455681381270649,0.0809682571508236,0.6653706431388855,0.7656826972961426,0.2643393456232779,3.6599989569026876,26.19696044921875,53.828224182128906
06883.jpg,3.313,0.38578712940216064,0.5611354402218978,0.938954082406677,4.774576663970947,56.149410247802734,0.8770832904621941,0.40669051163382547,5.1778364181518555,2.7923363691752883,22.20219612121582,4.798349857330322,64.96024322509766,0.9102373123168945,1.5903089046478271,0.4743005335330963,0.013961195945739746,18.55077362060547,0.43261359989557946,0.1282360399844175,0.667314887046814,0.760285496711731,0.24854323305284295,4.125012812584779,23.66082763671875,45.38668441772461
06884.jpg,3.2769,0.32650482654571533,0.6933698181598189,0.9618496838600583,4.531641483306885,35.963775634765625,0.7940054059346225,0.35704789480722887,4.937892913818359,3.2829576785861097,16.76952362060547,2.8973488807678223,97.51020050048828,0.9556005597114563,1.8981478214263916,0.5246596336364746,0.030125968158245087,15.210590362548828,0.4563628816586828,0.04550514475359509,0.5931718349456787,0.7110745310783386,0.28270612822703484,3.9035756332201395,31.80975341796875,47.296756744384766
06889.jpg,3.3188,0.38418716192245483,0.6368812095274019,0.9543707702139247,5.00227689743042,88.06681060791016,0.872771330527008,0.42539088217020604,5.252846717834473,3.2656596554363713,31.5624942779541,8.43379020690918,80.73456573486328,0.931094765663147,1.3347973823547363,0.34453490376472473,0.013875668868422508,18.57746124267578,0.4290115391054446,0.08878097831120131,0.6673293113708496,0.7722294330596924,0.20218533099793376,4.338621198901355,52.51483154296875,49.3922119140625
06907.jpg,3.2561,0.32638052105903625,0.7248443851460031,0.9863058771255572,4.204493999481201,24.552270889282227,0.90301481453994,0.3057398899657983,4.519887447357178,3.16192291299832,14.784368515014648,1.8327627182006836,79.93818664550781,0.9859166145324707,1.775911569595337,0.4979749619960785,0.008556624874472618,20.67697525024414,0.4713990164059962,0.04668512431318318,0.623071014881134,0.7546224594116211,0.2548596011316492,4.677542784096716,26.72821044921875,42.99940490722656
06913.jpg,3.3252,0.3579428195953369,0.6379842141838138,0.9560638104504126,4.760782718658447,51.84437561035156,0.8479744508584818,0.38590878472447804,5.219362735748291,3.1835994846205597,21.469343185424805,4.476267337799072,88.62400817871094,0.9462003111839294,1.7518402338027954,0.4574369192123413,0.023586295545101166,16.27340316772461,0.4666117420119619,0.060488645550125085,0.6361806392669678,0.7343761920928955,0.2571723712254196,3.7667712533196673,33.89471435546875,53.184410095214844
06917.jpg,3.3076,0.33754876255989075,0.6089024121146964,0.9636202669017193,4.715733528137207,48.21243667602539,0.8185890304764324,0.39873633279734405,4.980396270751953,2.952009600698865,20.986482620239258,4.161160469055176,96.67082214355469,0.9584352970123291,1.8326709270477295,0.523211658000946,0.025372058153152466,15.956443786621094,0.4754186648341006,0.06318084534900185,0.6361125707626343,0.7264845371246338,0.2925011614488691,4.014133190993619,18.52752685546875,48.44304656982422
06925.jpg,3.2685,0.34188398718833923,0.734642179301269,0.9591933166064275,3.6887495517730713,45.137325286865234,0.7818980055444482,0.36927298324418156,4.776952743530273,3.109644156348046,18.24176025390625,3.7496869564056396,98.51111602783203,0.9511104822158813,1.914508581161499,0.585310161113739,0.04669678956270218,13.30712890625,0.5038090868749754,0.03153210316160559,0.5894027948379517,0.6734391450881958,0.3643755860453653,3.9452441070636532,34.30487060546875,42.54232406616211
06931.jpg,3.3154,0.31785401701927185,0.7388565827010882,0.9603148512048073,3.641338348388672,43.402896881103516,0.7426893615300089,0.35358898392464955,4.801666736602783,3.119098424160179,18.635595321655273,3.625610589981079,104.51741027832031,0.9533528089523315,1.9016149044036865,0.6156409978866577,0.04118088632822037,13.853043556213379,0.4709016963290223,0.020197052836210753,0.5629512071609497,0.6645013093948364,0.34712074841229484,3.9588125931749225,38.09197998046875,53.709083557128906
06933.jpg,3.3464,0.4008115828037262,0.5694384949845899,0.9492393996945306,4.824697971343994,63.172874450683594,0.8895333998990115,0.4100931624539776,4.832432746887207,2.749581410047064,27.1557674407959,5.43123722076416,66.081298828125,0.9263095855712891,1.4747679233551025,0.46056273579597473,0.009919385425746441,20.035152435302734,0.46724917367706503,0.1134865079338088,0.6643297672271729,0.7648949027061462,0.24932741201993794,4.646466065215654,30.64569091796875,57.23359680175781
06940.jpg,3.2719,0.30862268805503845,0.8472415122334727,0.9512829158709972,3.31974458694458,34.33466720581055,0.7694438809297471,0.31753461525112747,4.804690361022949,3.441694817397587,16.605478286743164,2.7138848304748535,102.82882690429688,0.9379080533981323,1.9242329597473145,0.7139803171157837,0.04745884984731674,13.236828804016113,0.5327578853619879,0.01926023585053968,0.5563099980354309,0.6744675636291504,0.3996275888021473,4.809912529655672,50.24871826171875,49.24366760253906
06952.jpg,3.3836,0.4157398045063019,0.5597258576450973,0.9398454664072353,4.966289520263672,93.15311431884766,0.8689287151591473,0.4249913751620609,4.968296051025391,2.7803326307270293,35.28981399536133,8.782023429870605,77.48699188232422,0.9091248512268066,1.5444247722625732,0.3803502321243286,0.016861120238900185,17.731136322021484,0.42204103544224525,0.09071447794496897,0.6789077520370483,0.7692919969558716,0.2087226528141212,3.9587595132842726,29.20428466796875,55.8388671875
06966.jpg,3.2804,0.25012218952178955,0.6009390872996454,0.9942165748913326,4.010761499404907,25.94277572631836,0.7935648073893374,0.32535729590395635,3.624098300933838,2.2940528251747576,15.275859832763672,1.9655150175094604,100.40586853027344,0.9950902462005615,1.9450753927230835,0.5454643368721008,0.02589232847094536,15.868289947509766,0.4998860638289631,0.03941212941496526,0.5886989831924438,0.7302343845367432,0.27241137511953684,5.127778153214876,28.44549560546875,51.61396026611328
06972.jpg,3.3195,0.3231372535228729,0.6986624119988426,0.9638429917828215,4.197383403778076,48.25818634033203,0.7635901765227885,0.3841107657872447,4.8799638748168945,3.1710131631803895,19.302827835083008,4.037895202636719,102.98262786865234,0.9594505429267883,1.844795823097229,0.5633488297462463,0.03468378633260727,14.598735809326172,0.46546115904070673,0.03913476941815141,0.5866525173187256,0.7008681297302246,0.33122196725367303,3.9823551785839393,43.31951904296875,42.2287483215332
06992.jpg,3.3098,0.38579025864601135,0.6674169302757028,0.9806577384987659,4.188511848449707,37.70897674560547,0.8931519944841312,0.38273126733496493,4.723689556121826,2.974089081961787,14.219341278076172,3.114133596420288,61.50548553466797,0.9770375490188599,1.4264562129974365,0.4980502128601074,0.003082693088799715,25.110698699951172,0.44664323700775915,0.07759713788443712,0.6757534146308899,0.782166600227356,0.27635044300230094,4.033730867952497,20.23699951171875,47.73085021972656
07008.jpg,3.3006,0.35586997866630554,0.8333267783916979,0.9572452296559583,3.353224992752075,30.41324806213379,0.7766770812836704,0.2728699084814584,4.782570838928223,3.3899035310820125,16.07381820678711,2.3345086574554443,94.29826354980469,0.9475846290588379,1.9266458749771118,0.6819641590118408,0.0583760067820549,12.337656021118164,0.5005093131088297,0.045012645245510484,0.5460309982299805,0.6849292516708374,0.3537298359992491,4.791750200358026,36.95037841796875,48.56748580932617
07019.jpg,3.3378,0.34593939781188965,0.659200518247113,0.9665642494714739,4.357741832733154,53.07631301879883,0.7820496721527328,0.38221497894837014,4.926248550415039,3.0600180669604127,21.767963409423828,4.673758506774902,98.46176147460938,0.9628189206123352,1.8108714818954468,0.5087323188781738,0.034101031720638275,14.672325134277344,0.4656989817767818,0.06607982915765677,0.6116595268249512,0.7274991273880005,0.287410175319691,3.6081190294821357,20.67987060546875,51.23456573486328
07020.jpg,3.2764,0.33353638648986816,0.8041874380385948,0.9762475970646682,3.2787301540374756,32.24054718017578,0.7337637855923093,0.3052188432429315,4.486549377441406,3.122384638135257,16.072856903076172,2.540438652038574,103.53809356689453,0.976038932800293,1.9136097431182861,0.6644447445869446,0.04716992378234863,13.263349533081055,0.5114769036153729,0.025014358044419142,0.544197678565979,0.6749733686447144,0.36051525948180596,3.953874498473105,36.64959716796875,45.60954284667969
07023.jpg,3.3168,0.3140445053577423,0.726056501786167,0.9673762124560594,4.009554862976074,39.87661361694336,0.7513444355147216,0.35966468141965124,4.750086307525635,3.180010839160566,17.592615127563477,3.208862781524658,106.1891860961914,0.9639397859573364,1.8318326473236084,0.5816791653633118,0.032260358333587646,14.913309097290039,0.47497634509716485,0.031708421092618344,0.5689548254013062,0.675001859664917,0.33764068294197636,4.326698350050758,41.59344482421875,46.73889923095703
07026.jpg,3.3326,0.3479684591293335,0.6255620108257571,0.9658137399622643,4.655641078948975,43.744815826416016,0.8174222547343959,0.385829182907651,5.046027183532715,3.034508895311866,17.77943992614746,3.697094440460205,92.67955780029297,0.9611640572547913,1.8466644287109375,0.5312216877937317,0.027015216648578644,15.683916091918945,0.4584369664375543,0.06131884595940699,0.6342010498046875,0.7466486692428589,0.29868816648691104,3.6479495962303514,38.48358154296875,40.17441940307617
07042.jpg,3.3304,0.3540911078453064,0.6134072754098066,0.9565858623132042,4.776447296142578,57.80811309814453,0.8192068285659699,0.39018728275508785,5.19190788269043,3.0573420675102874,23.09916114807129,5.007914066314697,92.63619232177734,0.9469680190086365,1.7724134922027588,0.46522894501686096,0.02696392871439457,15.692168235778809,0.44854878091690237,0.06880533944957469,0.6315041184425354,0.7329854965209961,0.26841528065499815,3.528066161948453,38.19647216796875,50.76805114746094
07044.jpg,3.2932,0.3181312084197998,0.8413253335413914,0.9722883250872187,3.1672439575195312,26.484312057495117,0.725366129689689,0.247402553732951,4.5223870277404785,3.2347537734670224,15.226312637329102,1.9886583089828491,103.60723114013672,0.9708389639854431,1.9343010187149048,0.628307044506073,0.04692525044083595,13.285933494567871,0.4902552804731641,0.028253826348671497,0.5267287492752075,0.682214081287384,0.3105170862856408,4.626160756576305,37.57098388671875,46.524253845214844
07057.jpg,3.3056,0.3818614184856415,0.6771626461495734,0.9768149067592595,4.3835039138793945,48.497379302978516,0.8895967184801995,0.4200860706375244,4.947070121765137,3.159170653568463,18.779993057250977,4.1279802322387695,67.15058135986328,0.9698749780654907,1.416593313217163,0.5111470222473145,0.0057452162727713585,22.406936645507812,0.4368323485087685,0.10780579142628234,0.6811898946762085,0.8005437850952148,0.27574488353951615,3.944840025673053,32.06512451171875,48.286949157714844
07063.jpg,3.3005,0.3558792173862457,0.7468711968642143,0.9502960895806356,3.6682629585266113,34.88117980957031,0.7841769112637498,0.3037261467944528,4.938602447509766,3.2141239190362416,16.210830688476562,2.790226459503174,91.78399658203125,0.9355156421661377,1.9192285537719727,0.6339070200920105,0.05845513194799423,12.331772804260254,0.5011920331882752,0.027936498609062072,0.5674356818199158,0.6774576902389526,0.36155054784308766,4.1309124232953325,37.30242919921875,40.337799072265625
07067.jpg,3.3325,0.34938132762908936,0.6488050977132936,0.9705667418253962,4.683531284332275,58.339378356933594,0.8332814631651098,0.42449855656474594,5.066439628601074,3.162927400313052,22.97624969482422,5.039963722229004,94.36996459960938,0.9667498469352722,1.7248039245605469,0.5414314270019531,0.015946252271533012,17.973413467407227,0.4524420447239363,0.09235452606297823,0.6759450435638428,0.7764483690261841,0.28895510529548485,4.0251655518160785,36.50360107421875,45.314205169677734
07079.jpg,3.3792,0.4129856526851654,0.603567073969652,0.95188713522925,5.058372974395752,99.22711181640625,0.876720408772627,0.4411901680241377,5.22337532043457,3.102873566370004,36.821746826171875,9.251797676086426,81.6362075805664,0.9286089539527893,1.3491430282592773,0.45541706681251526,0.014399792067706585,18.416439056396484,0.4401665921196994,0.1128453599975809,0.6996824145317078,0.823469877243042,0.2528390050521386,3.713617463564537,21.54412841796875,52.217430114746094
07103.jpg,3.3079,0.34097763895988464,0.7212735637677568,0.9601328776881164,4.1620306968688965,36.554988861083984,0.7861594312886646,0.3236702262407273,4.728426933288574,3.206239320887784,17.052196502685547,2.931565761566162,94.40243530273438,0.9534471035003662,1.9111162424087524,0.5740627646446228,0.040240298956632614,13.953389167785645,0.4797382822753373,0.06293417165722484,0.5714980363845825,0.7010707855224609,0.3048176586206256,4.548498155420903,31.32244873046875,43.561214447021484
07111.jpg,3.3486,0.3513830304145813,0.6563104755159629,0.9585626027668834,4.873964786529541,49.917789459228516,0.825051972123616,0.3953335084904733,5.321231842041016,3.345619098635826,20.23008155822754,4.251701831817627,89.85919952392578,0.9485435485839844,1.7262802124023438,0.47329115867614746,0.02287518046796322,16.406354904174805,0.43907190171646193,0.06531617408698084,0.641008198261261,0.7397072315216064,0.2615037603105323,3.528357714892084,32.35125732421875,43.60930633544922
07120.jpg,3.2936,0.29902875423431396,0.8904779488626943,0.9639657281741347,3.0704598426818848,28.969301223754883,0.7412731999464414,0.2932975340310497,4.53727388381958,3.387272788122183,16.311744689941406,2.184232473373413,106.88968658447266,0.958345890045166,1.9386532306671143,0.7993948459625244,0.04004623740911484,13.974382400512695,0.5263909944376189,0.010535877433232404,0.5354548692703247,0.6603982448577881,0.4112414604247378,4.423126856149283,54.18182373046875,48.225006103515625
07124.jpg,3.3188,0.3367748558521271,0.6223783011614853,0.9631695084545238,4.465337753295898,45.7909049987793,0.8013207578199979,0.3921629735638928,4.908852577209473,2.9171578656057395,18.283292770385742,3.817995548248291,96.92261505126953,0.9584031701087952,1.871678352355957,0.5111797451972961,0.032573990523815155,14.871291160583496,0.45328859913859665,0.048137751978112715,0.6176561117172241,0.7034945487976074,0.30347190052270917,3.6903069843282124,36.14276123046875,41.718528747558594
07136.jpg,3.3715,0.36296117305755615,0.6637372556412298,0.963401172573558,4.507231712341309,61.91378402709961,0.7978936209274113,0.3978646026993936,5.105555057525635,3.1901946815419198,23.841814041137695,5.338987350463867,95.17089080810547,0.9566082954406738,1.7445039749145508,0.5289994478225708,0.0336279459297657,14.73299789428711,0.4597222917119255,0.07885295924352095,0.6317453384399414,0.7353843450546265,0.3068372858644042,3.773330429981725,30.98016357421875,42.47857666015625
07137.jpg,3.3501,0.3841000497341156,0.5644919325030738,0.9532179404961258,4.994224548339844,61.30904006958008,0.8740137115498584,0.4140439523532153,5.1109113693237305,2.8521443208451256,24.521949768066406,5.348723411560059,79.20457458496094,0.9401049613952637,1.686517596244812,0.5090912580490112,0.016110099852085114,17.929018020629883,0.4480333634593546,0.1008084713856563,0.6841760873794556,0.7934467792510986,0.2762862704687191,3.4206463585909828,23.53192138671875,49.472862243652344
07141.jpg,3.3289,0.32399922609329224,0.6758915980850269,0.9531403080300621,3.9965004920959473,44.131099700927734,0.761824638493063,0.31818305062171903,4.8522443771362305,2.9904087560211163,17.80196189880371,3.619302988052368,100.58720397949219,0.9415019750595093,1.9134353399276733,0.4537719488143921,0.04233763366937637,13.732733726501465,0.4109391810227463,0.0288650524372457,0.5781710147857666,0.609998345375061,0.27589514081851274,4.037638100241771,39.30535888671875,54.42460250854492
07142.jpg,3.3091,0.34069356322288513,0.5953408146708237,0.9727902304578836,4.57051420211792,51.09195327758789,0.8056728316101874,0.38797206685688757,4.791921138763428,2.78693098388233,20.511388778686523,4.354902267456055,98.2017593383789,0.9711679220199585,1.808577537536621,0.49392831325531006,0.02310955710709095,16.362083435058594,0.46314589620147695,0.05500225101231461,0.6359256505966187,0.7641887664794922,0.2754310588056099,3.386280678466753,29.38006591796875,49.06098175048828
07145.jpg,3.3316,0.3798058331012726,0.6030366816864963,0.9621204504248739,4.640558242797852,52.11591720581055,0.8492957788318933,0.3804624425355455,4.975555419921875,2.8994457164070067,21.358530044555664,4.555305004119873,81.52693176269531,0.9542803168296814,1.7695980072021484,0.42618754506111145,0.02210036851465702,16.556005477905273,0.4346190500380442,0.08603931820379888,0.6422415971755981,0.7595328092575073,0.22779178163782174,3.658906468414031,5.48309326171875,42.449302673339844
07150.jpg,3.3017,0.3218532204627991,0.66522321987361,0.9706780010861294,4.140800952911377,40.83072280883789,0.7751957221287218,0.39099485199177136,4.683572769165039,2.935101212913506,17.63564682006836,3.360410690307617,102.4647445678711,0.969070315361023,1.891671895980835,0.5506851077079773,0.030734453350305557,15.12374496459961,0.4691329990648066,0.03252135682542817,0.5971001386642456,0.6916266679763794,0.3203044567026736,3.6714632901089663,26.97918701171875,43.93290328979492
07173.jpg,3.3163,0.31899410486221313,0.7454204626454597,0.9539012788357332,3.8310794830322266,34.02370071411133,0.7737616877102352,0.33524999910662745,4.797527313232422,3.2159834862816314,15.698746681213379,2.7191379070281982,101.00399017333984,0.9424344897270203,1.922577142715454,0.5523055791854858,0.04334075748920441,13.631034851074219,0.44569223725160095,0.04042301258475407,0.568390965461731,0.658301055431366,0.32311711763948275,3.8948147477049804,30.97381591796875,51.084754943847656
07178.jpg,3.3252,0.35904616117477417,0.5924496668183529,0.9741189925738524,4.483277320861816,40.202213287353516,0.7992324125494336,0.3574247254562081,4.604974269866943,2.6921766162042404,18.1137638092041,3.317873239517212,94.6289291381836,0.9717278480529785,1.8765232563018799,0.5233237743377686,0.03229717165231705,14.908355712890625,0.45582026086290284,0.06644042652160506,0.622174084186554,0.7431988716125488,0.27639166576074786,3.7145986574900776,27.53875732421875,41.87720489501953
07179.jpg,3.3434,0.39523249864578247,0.6139644508299275,0.9657424958330886,4.21067476272583,51.4044189453125,0.8909145671839337,0.4326914696505687,4.88637638092041,2.7926443119680417,17.9491024017334,4.515582084655762,58.056427001953125,0.9522231817245483,1.4106247425079346,0.5117768049240112,0.005781783722341061,22.37938117980957,0.45604634115881804,0.13386148367303638,0.6875559091567993,0.7593370676040649,0.2981285501423818,4.247318943649283,22.25604248046875,52.06484603881836
07180.jpg,3.3241,0.3384975492954254,0.6085757787409816,0.9696430196516563,4.58135461807251,48.42241287231445,0.8260882404289982,0.4094562871181211,4.825564384460449,2.862422761766701,19.07685661315918,4.098167419433594,96.50143432617188,0.9667106866836548,1.8198497295379639,0.5000016093254089,0.02217055670917034,16.542232513427734,0.4700701072492555,0.06304273369551003,0.6399824619293213,0.7373377084732056,0.28992097910800074,3.838435700368857,32.96112060546875,53.02124786376953
07196.jpg,3.3433,0.3290521204471588,0.6142024493007041,0.9645880948873821,4.490615367889404,39.444007873535156,0.7985034285421162,0.3797505698433185,4.666566848754883,2.8121934017554366,17.210662841796875,3.2156827449798584,99.9072265625,0.9601409435272217,1.8950529098510742,0.5509392023086548,0.03146132081747055,15.02223014831543,0.4860710835401041,0.04066537784336658,0.6108169555664062,0.7143164873123169,0.31417256411606437,3.9799170641126267,25.57830810546875,53.91789245605469
07207.jpg,3.3297,0.3459656238555908,0.8590211817578781,0.956039024946769,3.0399630069732666,36.01783752441406,0.75544764086417,0.2835416114540174,4.778870582580566,3.3582860393127554,16.702251434326172,2.8692233562469482,99.49798583984375,0.9454792737960815,1.9229285717010498,0.6430273056030273,0.056612566113471985,12.47087287902832,0.505099221623928,0.01958411718545368,0.5503379702568054,0.6538565158843994,0.3678280351242808,3.7911475448892964,33.44647216796875,50.26190185546875
07214.jpg,3.33,0.37428247928619385,0.6011897660796129,0.9469085452053305,4.72998571395874,51.04080581665039,0.8530058843655602,0.3856655608195722,5.111344814300537,2.9582647542646665,20.93268585205078,4.34526252746582,80.20504760742188,0.9311937093734741,1.80265474319458,0.4680638015270233,0.026798967272043228,15.718820571899414,0.44799446253335723,0.09387505256878631,0.6522400379180908,0.7419254183769226,0.24698714238686995,4.238692092181597,35.88690185546875,46.884883880615234
07217.jpg,3.3301,0.36747896671295166,0.6460371249297735,0.9693306836096955,4.677117824554443,46.365962982177734,0.8419923492856785,0.3831681222857587,4.87498664855957,3.085519133774996,21.064830780029297,3.8947622776031494,88.00538635253906,0.9656168818473816,1.8003149032592773,0.47742581367492676,0.024880189448595047,16.04146385192871,0.45907381515884743,0.0669968428300951,0.6250573396682739,0.749882698059082,0.2620974174637131,3.4708414620999886,25.15301513671875,45.428314208984375
07223.jpg,3.2985,0.33825910091400146,0.6093314803770838,0.9797675096187173,4.303643226623535,39.12334060668945,0.7742684272251283,0.35307862820810193,4.416658878326416,2.6567886041626227,17.58600616455078,3.23502779006958,100.34100341796875,0.9795310497283936,1.8786041736602783,0.46691757440567017,0.029467053711414337,15.306633949279785,0.4460942279454859,0.05148779856937884,0.6013941168785095,0.6954227089881897,0.2557766831599768,4.056922614587396,34.37518310546875,50.76270294189453
07238.jpg,3.3704,0.39786818623542786,0.583715576688436,0.9464274715236116,4.771565914154053,64.6580810546875,0.8890509345357243,0.41220913746809534,4.9096455574035645,2.825547713025742,26.13577651977539,5.60721492767334,69.0450668334961,0.9223418235778809,1.5192692279815674,0.43232229351997375,0.011278086341917515,19.477645874023438,0.46279546507377933,0.10607441288515475,0.6578357219696045,0.739446759223938,0.25572427652006957,4.4307934307130905,30.45037841796875,53.291927337646484
07239.jpg,3.3642,0.3590019941329956,0.6162966827317248,0.9692951796240514,4.805250644683838,68.16743469238281,0.8378878860522466,0.43177533974456334,5.032434940338135,3.031477919803617,27.516159057617188,6.121318340301514,95.67868041992188,0.9647244215011597,1.6765062808990479,0.5185099840164185,0.017644215375185013,17.533977508544922,0.4535687035913473,0.0916323515033858,0.6839454770088196,0.8046644926071167,0.27598803823394713,3.3399510950849023,20.71453857421875,51.37276077270508
07240.jpg,3.3008,0.3407022953033447,0.9181868722550682,0.957376481981857,2.659182548522949,39.02042007446289,0.7466526041735666,0.3031960335259823,4.789323806762695,3.419577084722934,17.185272216796875,3.182500123977661,101.7037353515625,0.947675347328186,1.916057825088501,0.7264604568481445,0.05515914410352707,12.583824157714844,0.5245865673560421,0.01060796372085297,0.5522712469100952,0.6426306366920471,0.4053169328062015,3.985849063400713,30.25750732421875,47.130409240722656
07243.jpg,3.3331,0.38042736053466797,0.5111873948528014,0.9319108899636346,5.233865737915039,72.65341186523438,0.8617390050732948,0.41160865496056187,5.176751136779785,2.6608973207779716,25.486865997314453,6.323565483093262,82.36849975585938,0.9013922810554504,1.7654720544815063,0.4524189829826355,0.021400727331638336,16.695716857910156,0.4350633589913553,0.08659979637694912,0.6711611747741699,0.7546379566192627,0.25547941133239094,3.449189410833886,34.36883544921875,49.18843078613281
07245.jpg,3.3153,0.3432294428348541,0.6929496216789728,0.961629105596142,4.417816162109375,42.03731155395508,0.7988072961409254,0.37300622083719515,5.093716621398926,3.2955192636838646,18.474124908447266,3.5590860843658447,94.30671691894531,0.9560496807098389,1.8497529029846191,0.563104510307312,0.03442668914794922,14.631047248840332,0.4599683242955374,0.05858486881198132,0.6073808073997498,0.7513313889503479,0.29913111465730435,3.9787337371863467,5.59881591796875,41.2494010925293
07246.jpg,3.3383,0.37936192750930786,0.5773322717865946,0.9713418609974531,4.660836696624756,73.72952270507812,0.8782287913806834,0.44267903970270545,4.863500595092773,2.7493643826898424,29.048995971679688,6.4404988288879395,89.16413116455078,0.9653638601303101,1.470646858215332,0.5403228402137756,0.010159250348806381,19.931385040283203,0.4838442295551487,0.1141282139564606,0.715438723564148,0.8264389038085938,0.27893007857409446,4.503371192347097,36.37664794921875,48.94305419921875
07252.jpg,3.3453,0.3563251793384552,0.5774049980143408,0.9619358023773544,4.842150688171387,66.79183959960938,0.822371096793175,0.4105474965699022,5.185811996459961,2.895108472568195,23.75557518005371,5.872148513793945,92.11238098144531,0.9546782970428467,1.7319717407226562,0.44670307636260986,0.022923052310943604,16.397275924682617,0.4383419581343902,0.07323670545042439,0.661808431148529,0.7631975412368774,0.25647639810525635,3.7236796931396876,24.88348388671875,48.766021728515625
07254.jpg,3.3058,0.328184574842453,0.8772788445599827,0.9498134014381614,3.141648769378662,30.650968551635742,0.7640933155657172,0.2931782444888541,4.767329692840576,3.469205241554489,15.346482276916504,2.3738932609558105,99.01628875732422,0.9344364404678345,1.9360020160675049,0.6304873824119568,0.0541984885931015,12.66012954711914,0.45887579126689226,0.013907566645636556,0.5379204750061035,0.6289199590682983,0.3564664126224207,4.861192756878263,40.56219482421875,52.92311096191406
07261.jpg,3.3399,0.3398565351963043,0.6278220476074069,0.9611437962944311,4.668747425079346,63.84226989746094,0.8039437298168357,0.41030245933630916,5.081711292266846,3.060787823579659,24.425048828125,5.5061564445495605,99.46883392333984,0.9540700912475586,1.753460168838501,0.506325900554657,0.027184762060642242,15.656745910644531,0.4556429188251608,0.07504550366072861,0.6351447105407715,0.7494012713432312,0.29243393017983377,4.0716872515732545,40.56610107421875,51.2757682800293
07270.jpg,3.3355,0.37843894958496094,0.6410272433796184,0.9563341202396628,4.983520030975342,91.41793060302734,0.8637688860222424,0.4360321671206024,5.305682182312012,3.2978409548454177,32.67041015625,8.598607063293457,82.4429931640625,0.9371155500411987,1.393047571182251,0.40265989303588867,0.014724990352988243,18.31945037841797,0.37715275625629946,0.10519355530706699,0.6972251534461975,0.8383916616439819,0.2214618263741194,3.34439517084889,21.16522216796875,48.10369110107422
07306.jpg,3.4304,0.31766313314437866,0.784783013516113,0.9592281395987302,3.800231695175171,30.71463966369629,0.7616554271178655,0.3229352836133078,4.723023414611816,3.3444671893903264,15.709014892578125,2.395639657974243,103.056640625,0.951993465423584,1.9162826538085938,0.6098359823226929,0.04091310873627663,13.881376266479492,0.4876416001572445,0.024024187035006198,0.5560919046401978,0.6816977858543396,0.34159619198815994,4.468755861610572,35.28680419921875,52.20668029785156
07317.jpg,3.3975,0.3577112853527069,0.6085870198889013,0.9719733162485463,4.5912041664123535,46.18014144897461,0.8124965604139235,0.382436892330467,4.839240074157715,2.8696341698449945,20.348514556884766,3.9641811847686768,94.31255340576172,0.9689633846282959,1.847419261932373,0.5549501180648804,0.026897553354501724,15.702872276306152,0.4910903023108386,0.06866140862360695,0.6398997902870178,0.7498376369476318,0.29535195613351295,4.471937302783223,40.94744873046875,50.648277282714844
07343.jpg,3.2989,0.33178484439849854,0.6464468922261668,0.9705795678065072,4.244979381561279,50.171630859375,0.7680153525648574,0.3948855905911213,4.760252952575684,2.910714024421635,19.452484130859375,4.319253444671631,101.38716888427734,0.9685804843902588,1.836008906364441,0.48702293634414673,0.03196769952774048,14.952887535095215,0.46539255782984523,0.04160683261753568,0.6000943183898926,0.6840999126434326,0.3006996585779366,3.7729091174629796,20.50555419921875,51.065635681152344
07351.jpg,3.293,0.2925569415092468,0.6763701635419059,0.968694832348775,4.521792411804199,39.68379592895508,0.7576785144500788,0.38505066035299923,4.773556709289551,3.1435610576133532,18.31395149230957,3.2055282592773438,105.14016723632812,0.9667700529098511,1.874748945236206,0.5431159734725952,0.023191407322883606,16.346729278564453,0.410855857124887,0.03880505763760272,0.5895558595657349,0.6774131059646606,0.29542001225904696,4.116411345237556,32.70379638671875,49.35969543457031
07360.jpg,3.3306,0.39281657338142395,0.5875728050510944,0.944050112091156,4.764415264129639,65.2171859741211,0.8717874157655706,0.4041083426657333,5.148368835449219,2.912252143285272,26.246713638305664,5.961947441101074,68.22603607177734,0.9160749316215515,1.5425082445144653,0.37159278988838196,0.01243959367275238,19.051937103271484,0.3948065798272773,0.09192894732406175,0.6584810018539429,0.7721127271652222,0.2083518439330447,3.011653378999531,21.00604248046875,55.52415466308594
07374.jpg,3.3186,0.3889177441596985,0.576316924885311,0.9597382509472407,4.812189102172852,60.34882736206055,0.8719225685702451,0.3969522047768868,4.996741771697998,2.826537207559669,25.495338439941406,5.200355052947998,82.0781021118164,0.9496217966079712,1.6874098777770996,0.47280120849609375,0.02099963091313839,16.777883529663086,0.45001024326702216,0.10614048800620107,0.6589935421943665,0.7566612362861633,0.25996346188455316,3.97250209828333,36.66522216796875,51.50062561035156
07382.jpg,3.3912,0.42476925253868103,0.5678647515132019,0.9488356011513984,4.991116046905518,115.77923583984375,0.8685474726288478,0.4504178627799476,5.210979461669922,2.8967155023018734,41.0344352722168,10.933794975280762,80.71802520751953,0.9196761846542358,1.3149032592773438,0.45002102851867676,0.016563717275857925,17.808422088623047,0.4200146464984762,0.11848811789161358,0.7231558561325073,0.8251826167106628,0.2499270410164867,4.300856541029853,62.94891357421875,49.15196990966797
07386.jpg,3.3841,0.42641952633857727,0.5042192193666922,0.9237705183527273,5.0551838874816895,118.06270599365234,0.8443456251256554,0.43328094042526505,5.2855544090271,2.6070088481782605,39.03010559082031,11.239100456237793,74.84303283691406,0.8682053089141846,1.4885361194610596,0.3527173101902008,0.02330264449119568,16.32594871520996,0.3663726310468504,0.13267169527309097,0.695121169090271,0.7881145477294922,0.2016245580779286,4.423147177763368,37.02752685546875,47.60448455810547
07398.jpg,3.3223,0.3326464593410492,0.6763964293002096,0.9613739898399093,4.103579998016357,45.92699432373047,0.7591352222199974,0.36452430011517484,4.857959747314453,3.0307890266763193,18.865861892700195,3.9000985622406006,101.23588562011719,0.9547055959701538,1.8813892602920532,0.5426636934280396,0.03996080905199051,13.983658790588379,0.45301427364056146,0.04191001580029,0.5828552842140198,0.6646095514297485,0.32394230077781744,3.6992126959696643,27.04364013671875,46.89944839477539
07429.jpg,3.3446,0.31634020805358887,0.7057209871733582,0.9534957601155744,3.997025728225708,40.5029296875,0.7723552838788845,0.3388297580136678,4.857299327850342,3.12435459046546,17.76151466369629,3.3287980556488037,101.50489044189453,0.942011833190918,1.912800669670105,0.588371217250824,0.04081743210554123,13.8915433883667,0.4666155614538683,0.03301110407890437,0.5760677456855774,0.6873385906219482,0.3320750884507173,3.9742577690211442,32.44256591796875,49.175025939941406
07434.jpg,3.3653,0.33710339665412903,0.593497742836169,0.9717840107558535,4.477194786071777,53.2369499206543,0.7754924218923986,0.3784271675434767,4.794111251831055,2.751260434680341,20.642440795898438,4.542497634887695,100.8689956665039,0.9695103764533997,1.837967872619629,0.5021060109138489,0.029783539474010468,15.260237693786621,0.4567161605727524,0.05234688036685889,0.6217743158340454,0.720280110836029,0.28538495315680334,3.2808765043617782,22.88836669921875,51.6075325012207
07435.jpg,3.3344,0.32786795496940613,0.6279353009432893,0.9751856216496825,4.213913202285767,36.59210968017578,0.7653056728107478,0.3608460292310158,4.475629806518555,2.7282471042761136,17.260499954223633,2.976914167404175,103.51895141601562,0.9743674993515015,1.9041885137557983,0.5701788663864136,0.030680779367685318,15.131336212158203,0.4883268755831286,0.03903771445523551,0.5893243551254272,0.7154539823532104,0.30734338394434474,4.289953528296743,39.86346435546875,49.22333526611328
07439.jpg,3.3743,0.36563840508461,0.5828593548511519,0.9513246756202061,4.691152095794678,67.85179138183594,0.8365111329847619,0.37618975619939343,5.112545967102051,2.857099403350629,25.1822452545166,5.898534297943115,90.2392349243164,0.9380587935447693,1.7672067880630493,0.4100272059440613,0.0296880342066288,15.274186134338379,0.44560214189065017,0.0785424964578661,0.640258252620697,0.735342800617218,0.23759791018913587,3.8306301912970397,32.36053466796875,57.978919982910156
07450.jpg,3.3549,0.37918227910995483,0.7086734654525407,0.9623928124780718,4.678404331207275,62.6375846862793,0.8760867899830611,0.41165622743102737,5.185515880584717,3.4951623139618437,23.76347541809082,5.56710147857666,74.34185791015625,0.9446712732315063,1.5254254341125488,0.4282442331314087,0.01365161594003439,18.648160934448242,0.40961318002542657,0.10898080831692308,0.6523688435554504,0.7569060325622559,0.24332576141409104,3.4832496520008407,26.75164794921875,49.15120315551758
07452.jpg,3.3594,0.39251968264579773,0.6044400631334435,0.9492481848202335,4.809335231781006,89.91854095458984,0.8748215257350688,0.43124608376590945,5.236161231994629,3.035961305659294,30.986366271972656,8.373360633850098,83.57687377929688,0.9247621893882751,1.5112195014953613,0.41653144359588623,0.01607878878712654,17.937467575073242,0.41852968629774445,0.10938826361679113,0.6879761815071106,0.7798823118209839,0.2448687322190048,4.091746324053047,39.84051513671875,41.326263427734375
07455.jpg,3.2999,0.3462260067462921,0.6752866781230875,0.9534397236071238,4.192899227142334,44.18096160888672,0.7828468835858603,0.3384136540957986,4.931097030639648,3.0806688684283294,18.2591495513916,3.692308187484741,94.07515716552734,0.9424105882644653,1.8945562839508057,0.5110146403312683,0.04651802033185959,13.3237886428833,0.4607222343973557,0.05248364899271483,0.5803611278533936,0.6774922609329224,0.29465222960310294,3.4137466252698245,22.62762451171875,55.158355712890625
07461.jpg,3.3421,0.3080039322376251,0.640644627357285,0.962117465019693,4.189214468002319,46.13417053222656,0.7516691713959899,0.33452388522448,4.73795223236084,2.859582428008842,18.343433380126953,3.7986059188842773,104.67882537841797,0.9556809663772583,1.8957428932189941,0.4274846911430359,0.03266168385744095,14.859614372253418,0.39287409454296257,0.03043938928108152,0.584661066532135,0.6067667603492737,0.25803847169929567,4.133041726692879,41.20770263671875,55.23539733886719
07462.jpg,3.3534,0.3816220164299011,0.5767455099137208,0.9531018725869695,4.866717338562012,56.83832931518555,0.8717074864992799,0.400590929372586,5.156696319580078,2.890490174638442,22.404497146606445,4.926310062408447,76.86201477050781,0.9395502209663391,1.6745142936706543,0.4294450879096985,0.015660665929317474,18.051897048950195,0.44120814347315923,0.0874415233049546,0.6601377129554749,0.7637313604354858,0.24149112053116326,3.678120628719449,21.86981201171875,45.68111038208008
07479.jpg,3.4143,0.3720768392086029,0.6253980158867287,0.9602632923921589,4.868581771850586,65.36900329589844,0.8504597884788041,0.40846135476389034,5.193028450012207,3.1462668832951106,26.65117645263672,5.694998741149902,88.44780731201172,0.9513485431671143,1.6810302734375,0.5167144536972046,0.020437173545360565,16.89579200744629,0.4465989055614462,0.09431105120027275,0.6647680997848511,0.7705104351043701,0.2727190730308115,3.812994670344383,27.09783935546875,52.583030700683594
07484.jpg,3.3084,0.3189075291156769,0.7430508162389419,0.9698548917141805,4.0561041831970215,40.66520309448242,0.744592493473564,0.34900554688545843,4.769375801086426,3.2789039413996424,18.155275344848633,3.316427707672119,104.97004699707031,0.9675501585006714,1.8619993925094604,0.576190710067749,0.03341197222471237,14.760979652404785,0.4586397546759042,0.03514058284391082,0.5650307536125183,0.6862122416496277,0.3239185100878984,3.493674740193951,32.12811279296875,45.70764923095703
07485.jpg,3.3277,0.3354584574699402,0.6772584819765556,0.9640476294571462,4.565562725067139,40.22442626953125,0.7888583511569306,0.36507216719492763,4.934805870056152,3.217114976146579,18.093307495117188,3.268771171569824,97.01470947265625,0.9597604274749756,1.864398717880249,0.5491760969161987,0.029757482931017876,15.264039039611816,0.4643666147751982,0.049523198306474864,0.600408136844635,0.7130355834960938,0.2867432626918205,4.487054208750818,32.33074951171875,51.49452209472656
07487.jpg,3.2982,0.3424345850944519,0.6383545234105712,0.9657435277967071,4.600315570831299,45.22990036010742,0.8069551685736848,0.3877695612127583,5.000984191894531,3.064528412916953,19.25836753845215,3.7491519451141357,96.02664184570312,0.9611138105392456,1.8341960906982422,0.561800479888916,0.02866748720407486,15.426103591918945,0.4485294963061503,0.06748115672289473,0.6260333061218262,0.7351502776145935,0.3066974754286058,3.6017526603120458,32.36590576171875,48.43854522705078
07492.jpg,3.2847,0.3268273174762726,0.7505668082110759,0.9561062296948093,4.016888618469238,34.60850143432617,0.7685298958640856,0.3195576301142617,4.945914268493652,3.3636049276457456,17.02147674560547,2.7365922927856445,100.70956420898438,0.9471753835678101,1.8963851928710938,0.6158584356307983,0.04075202718377113,13.898508071899414,0.481116657298232,0.03715032013686711,0.565960168838501,0.6890041828155518,0.3377182352148499,3.888100618790171,39.72430419921875,43.452857971191406
07509.jpg,3.368,0.4157525897026062,0.5428156987381096,0.9373430085251531,5.024804592132568,111.0518798828125,0.853435420278307,0.43335377844200507,5.274441719055176,2.7953062829866955,38.38794708251953,10.747281074523926,83.7384262084961,0.8997340202331543,1.4681072235107422,0.33359020948410034,0.020948000252246857,16.78857421875,0.37873100723567643,0.09680411221843427,0.6894183158874512,0.7890728712081909,0.19618394526086214,3.258397583731453,26.63690185546875,53.543479919433594
07518.jpg,3.3571,0.3417986333370209,0.5890202463375699,0.955105273514469,4.665842056274414,57.26285934448242,0.8068356640340505,0.4037517662179647,5.085353374481201,2.8718364714796643,22.156339645385742,5.0041046142578125,96.79930877685547,0.9455535411834717,1.8319077491760254,0.5031394958496094,0.030050531029701233,15.221480369567871,0.46817011895584637,0.050691309911235743,0.6306453943252563,0.7197530269622803,0.30539330795896946,3.1969593858341128,22.32049560546875,53.936065673828125
07528.jpg,3.3726,0.4143972098827362,0.5414760024712986,0.9402063264340438,4.951288223266602,117.28731536865234,0.8703828977256495,0.4431557212765809,5.252534866333008,2.762572676406524,36.06437683105469,10.885098457336426,78.89959716796875,0.9036154747009277,1.4078738689422607,0.35187584161758423,0.017943590879440308,17.460906982421875,0.37787220877139566,0.11293874735526874,0.7031325101852417,0.769243061542511,0.21724084289648085,4.380509338605999,30.81024169921875,50.165279388427734
07530.jpg,3.3163,0.37899401783943176,0.573795743884631,0.949197382671897,4.870828628540039,48.29290008544922,0.8786208036158658,0.3909137217707283,5.140159606933594,2.872141940610504,18.448467254638672,4.16496467590332,69.51847076416016,0.9326497316360474,1.698259949684143,0.41048648953437805,0.015200458467006683,18.181432723999023,0.42330342121867615,0.07810875515191656,0.6575121283531189,0.754557728767395,0.22749744874675346,3.801199309308447,30.29412841796875,43.133201599121094
07533.jpg,3.3804,0.3386162519454956,0.5915746191200886,0.9656775604918584,4.706584930419922,56.07567596435547,0.8134108728343821,0.3864893636095155,4.996712684631348,2.870123049661693,22.421937942504883,4.782101154327393,97.91557312011719,0.960532546043396,1.7971339225769043,0.5016319155693054,0.024404315277934074,16.125333786010742,0.45831396905428473,0.07087358179997352,0.6472892761230469,0.7542383074760437,0.27078454272689356,3.469656803103524,31.79217529296875,54.00121307373047
07542.jpg,3.3237,0.3356829583644867,0.6828469205958887,0.9625444459365764,4.18137001991272,53.6036262512207,0.7851951980159083,0.38796781656403523,4.934042930603027,3.112228477507026,19.92157554626465,4.544083118438721,99.27493286132812,0.9573085308074951,1.8417577743530273,0.5250447988510132,0.03676760941743851,14.345346450805664,0.47469224971955376,0.04656546622693285,0.6041786670684814,0.6992250084877014,0.32208173662729234,3.8907958282595305,27.16424560546875,43.94677734375
07556.jpg,3.3009,0.3143669664859772,0.7502449309237389,0.968008027605485,3.711914539337158,42.173221588134766,0.7335209914801611,0.3698289753988415,4.652681827545166,3.137761747479855,18.538270950317383,3.450305461883545,106.4855728149414,0.9654145240783691,1.8816490173339844,0.6153721809387207,0.03548387065529823,14.499691009521484,0.46462099854075617,0.025389986428338777,0.5660122632980347,0.6733652353286743,0.34630091606206365,4.009419549583531,37.81756591796875,44.35768127441406
07561.jpg,3.3394,0.3384743630886078,0.6195416092233208,0.9706567762022528,4.642279148101807,45.393165588378906,0.8154434587685623,0.38994156738131297,4.849260330200195,2.940213416068019,20.477842330932617,3.8995795249938965,97.47167205810547,0.9686196446418762,1.8244847059249878,0.48865941166877747,0.023166237398982048,16.3514461517334,0.4605667837499938,0.05047018693538813,0.6333492398262024,0.7489309310913086,0.2677541790095777,3.463826906687803,9.00018310546875,54.872222900390625
07565.jpg,3.3117,0.3553065359592438,0.6104436188918715,0.9639471361974968,4.638674259185791,45.805763244628906,0.819563278420536,0.3822659200579454,4.998730182647705,2.941557238336882,18.59988021850586,3.8422627449035645,89.83226013183594,0.9583907127380371,1.8358210325241089,0.4951556324958801,0.029349498450756073,15.323992729187012,0.4569285900396594,0.06361699313075452,0.6159051656723022,0.7189624309539795,0.28111237567409425,3.5875027152809897,29.90887451171875,41.90765380859375
07570.jpg,3.3221,0.3479807674884796,0.6207862177898144,0.9602160091489939,4.651856422424316,54.71466827392578,0.8214320266889461,0.38790635289395337,5.052353382110596,3.0121312022145954,22.269508361816406,4.696856498718262,94.70023345947266,0.953263521194458,1.7985913753509521,0.4614025354385376,0.027085784822702408,15.672586441040039,0.44821877604758914,0.06431607299888815,0.6344651579856873,0.7327436208724976,0.25971212699993773,3.357751818275436,27.07293701171875,53.00266647338867
07574.jpg,3.2858,0.31488052010536194,0.7926484956703019,0.9698549255842736,3.6622207164764404,40.401058197021484,0.7242297222847307,0.3521821235766646,4.640284538269043,3.290499005709819,17.995349884033203,3.2640771865844727,107.1517105102539,0.9674988389015198,1.8752855062484741,0.6195938587188721,0.03613629937171936,14.420564651489258,0.45922657987651827,0.029026601272408636,0.5544123649597168,0.6622171401977539,0.3493534258217251,4.287614821575384,44.41619873046875,52.920108795166016
07580.jpg,3.2953,0.39156246185302734,0.6434380999052847,0.9605002394422212,4.305035591125488,44.64081573486328,0.8840446998444733,0.41060812531155577,4.994248867034912,2.9917690541847026,16.081235885620117,3.7718381881713867,59.538944244384766,0.9440145492553711,1.494835376739502,0.5351893901824951,0.006699989549815655,21.739261627197266,0.4298304645412868,0.10617914851627987,0.6901474595069885,0.784493088722229,0.28851177631985814,3.729759424624791,28.15496826171875,49.955230712890625
07607.jpg,3.2851,0.32628384232521057,0.8562708896972622,0.9598710360752598,3.159409523010254,42.6092643737793,0.7345634318095904,0.3406334561528175,4.839637756347656,3.4246914743294843,17.49995994567871,3.512232542037964,104.05963897705078,0.9519295692443848,1.8946824073791504,0.6750777959823608,0.04630105197429657,13.344091415405273,0.48944979728882454,0.014291336365958151,0.553412139415741,0.6466410160064697,0.3817663351633948,3.9598492572763795,34.16033935546875,41.363502502441406
07612.jpg,3.2878,0.3338201344013214,0.7632610089945081,0.9860240890162403,3.3771064281463623,30.162967681884766,0.7168679381949932,0.3110475151189005,4.115934371948242,2.8595871014574863,16.473182678222656,2.3494508266448975,107.71054077148438,0.9871959686279297,1.9239022731781006,0.6639676094055176,0.037243884056806564,14.289450645446777,0.5054338792834919,0.024936037220285572,0.5332371592521667,0.6697063446044922,0.34377608772083174,4.267452248224534,42.40789794921875,44.419395446777344
07613.jpg,3.3325,0.3848988711833954,0.6558819993033972,0.9739839056590814,4.134270668029785,50.580772399902344,0.8926886699664677,0.4232433774285345,4.847491264343262,2.945500051172158,18.62068748474121,4.471683502197266,66.08056640625,0.9660682678222656,1.4637236595153809,0.5096794366836548,0.00607827864587307,22.16219711303711,0.4689162041679023,0.10840583566741321,0.678558886051178,0.7704249620437622,0.2990195254782063,3.867676098931287,15.26971435546875,48.093929290771484
07614.jpg,3.3072,0.3651634156703949,0.5730042687034262,0.9535149922747059,4.780189514160156,48.24298858642578,0.8563583558967495,0.38434372486184953,4.994839668273926,2.8005772604116856,20.346654891967773,4.080528259277344,84.75254821777344,0.9432520270347595,1.8564049005508423,0.49035561084747314,0.027848917990922928,15.551918029785156,0.4673024712326913,0.06804632055487247,0.6372722387313843,0.7398401498794556,0.27068009737416937,3.6829698239528823,27.71160888671875,53.561927795410156
07617.jpg,3.2827,0.3215537667274475,0.6616232664785274,0.9724480786379266,4.681952953338623,35.019107818603516,0.8065442856366224,0.38284717944569435,4.827592849731445,3.1458806476652077,16.82939910888672,2.8618149757385254,98.39606475830078,0.9713876247406006,1.8886733055114746,0.5322674512863159,0.021832844242453575,16.608898162841797,0.4712544393499574,0.047731340572578766,0.6153362989425659,0.740994393825531,0.2769390538205356,4.444112506439172,8.75115966796875,51.042686462402344
07619.jpg,3.3116,0.3405706584453583,0.6094462779100722,0.9582796005583177,4.594483852386475,49.98925018310547,0.7822358985856258,0.3456654878329399,5.038524627685547,2.935411630485719,20.241409301757812,4.357532978057861,98.15029907226562,0.9498358964920044,1.817062258720398,0.4335598349571228,0.033119212836027145,14.799200057983398,0.43071875140467814,0.05440759479364227,0.6099996566772461,0.6700960397720337,0.2378555654576722,4.809171049794093,51.60223388671875,55.70905303955078
07620.jpg,3.3108,0.3546375334262848,0.640643990852861,0.9737761037350104,4.5518317222595215,54.8284797668457,0.807135164897152,0.4018692777301717,4.945502281188965,3.042216637566783,22.92527961730957,4.78741979598999,95.9486083984375,0.9713455438613892,1.7625963687896729,0.5532708168029785,0.02462081052362919,16.086977005004883,0.46151989743049887,0.09594497197293224,0.6509298086166382,0.774109959602356,0.29501136391013427,3.474679524457543,12.40985107421875,48.39651870727539
07623.jpg,3.3188,0.3796292245388031,0.6653586062411551,0.9702660378673775,4.222738265991211,41.618431091308594,0.8776988947422238,0.3639577154713056,4.894193172454834,3.0330266232221774,15.62237548828125,3.6523020267486572,66.36526489257812,0.9617429971694946,1.6451656818389893,0.45978501439094543,0.007465154863893986,21.269611358642578,0.4474551954049004,0.0878895500777816,0.6655564904212952,0.7354642152786255,0.2853500724511109,3.7765963411802197,39.66961669921875,57.185264587402344
07634.jpg,3.3138,0.347800076007843,0.6347921564118485,0.9619237540300881,4.687592029571533,40.38005065917969,0.8269002453471812,0.3717809616455382,4.947546005249023,3.0581668619891733,18.035249710083008,3.3135671615600586,89.31665802001953,0.9561843872070312,1.887599229812622,0.5432132482528687,0.028625324368476868,15.432496070861816,0.48488545331336236,0.055380165026978,0.6205610632896423,0.7303259372711182,0.2876203454873924,3.948209390100333,29.30389404296875,39.07744216918945
07652.jpg,3.3233,0.35012882947921753,0.6521438030863905,0.9607386793809081,4.512785911560059,46.815773010253906,0.8037602112732547,0.3771683408135303,5.104089260101318,3.135804744835749,19.255746841430664,3.9252946376800537,92.71273040771484,0.9540911912918091,1.8323160409927368,0.5117461681365967,0.033791422843933105,14.711936950683594,0.4464023744871366,0.06531589632292838,0.6162970066070557,0.7241420745849609,0.2856817019284248,3.4517108571091204,29.20721435546875,52.08131408691406
07658.jpg,3.3125,0.34713640809059143,0.6502426505060044,0.9661631471753115,4.721410751342773,41.496620178222656,0.8115767027570081,0.3878584757499373,5.13321590423584,3.2039613390827295,17.7180233001709,3.4541616439819336,92.03101348876953,0.9615761041641235,1.8244270086288452,0.5267636775970459,0.023003775626420975,16.382009506225586,0.4613611862492212,0.04766938822706731,0.6209050416946411,0.7294017672538757,0.291899096314171,4.002007927875214,21.28729248046875,46.45267868041992
07669.jpg,3.466,0.39507821202278137,0.5407918480890698,0.9482406149037572,5.02878999710083,113.48980712890625,0.8647637317323303,0.44518489675574663,5.2848615646362305,2.7887792921527907,37.82666015625,10.790663719177246,87.30854034423828,0.9249561429023743,1.4825516939163208,0.37498265504837036,0.0171815138310194,17.64938735961914,0.40228839628853913,0.0968289531850176,0.7111364006996155,0.8153423070907593,0.21539040261874992,3.702311742523922,32.29559326171875,42.80506134033203
07674.jpg,3.2952,0.3630334138870239,0.7877734065916893,0.950690030449308,3.3645846843719482,32.98883819580078,0.796802952952036,0.26468278879771845,4.516500473022461,3.104269006847159,16.4836483001709,2.599452257156372,88.30938720703125,0.9348545074462891,1.9470369815826416,0.5728205442428589,0.06704176217317581,11.73654556274414,0.47630831643958343,0.03692861902880554,0.5485407114028931,0.664793074131012,0.3133909728559279,3.820203694215723,29.88690185546875,50.60846710205078
07680.jpg,3.3256,0.35454145073890686,0.6626206294660306,0.9601126825342658,4.853030681610107,46.770450592041016,0.8385795965005468,0.381060730834398,5.1595778465271,3.3172926804110165,20.14976692199707,3.8863131999969482,87.4720458984375,0.9526094794273376,1.7705497741699219,0.5523421168327332,0.024033112451434135,16.1919002532959,0.46001335390513226,0.08774805266290268,0.6282588243484497,0.7811720967292786,0.2890187746157799,3.9301574471243765,34.70721435546875,50.20439147949219
07691.jpg,3.2799,0.31179434061050415,0.7833891329965655,0.9649246193271217,3.6140787601470947,41.977516174316406,0.7341474690310096,0.3401219087229428,4.6665802001953125,3.2435036270293978,18.40494728088379,3.4129772186279297,106.47077941894531,0.9613373875617981,1.868666410446167,0.6269057393074036,0.038730449974536896,14.119474411010742,0.5001151482524511,0.030204449108852845,0.5552733540534973,0.662157416343689,0.3515780419845445,3.929561607955789,32.14227294921875,46.84401321411133
07693.jpg,3.3549,0.344664603471756,0.6976870215319498,0.9640318627357575,4.6872477531433105,47.6849250793457,0.8137067321323446,0.3795106014565639,5.07710075378418,3.4062426505054617,21.423913955688477,4.159388542175293,92.37490844726562,0.9587953686714172,1.777632236480713,0.49769699573516846,0.024813853204250336,16.053056716918945,0.46268784239393285,0.055688437959115246,0.6113376617431641,0.7279528379440308,0.27503740380133374,3.900107041715931,5.66522216796875,45.85773468017578
07700.jpg,3.3126,0.388618528842926,0.5837433066675445,0.9602872771505159,4.515382766723633,64.68717193603516,0.8778532229782307,0.4133857552317351,5.030245780944824,2.7861089722033903,22.811004638671875,5.719381332397461,66.14826202392578,0.9442708492279053,1.5050820112228394,0.4036101698875427,0.009753687307238579,20.10831069946289,0.41349569673754033,0.12728819265316657,0.6761857271194458,0.7529457807540894,0.23288838678367854,3.877729469490154,35.42742919921875,51.67638397216797
07701.jpg,3.3311,0.3230818808078766,0.7646737894459421,0.9668205634511471,3.751448631286621,32.80443572998047,0.7414782841191067,0.2997902824927169,4.688666343688965,3.226981762314109,16.790494918823242,2.5509448051452637,105.34088897705078,0.9634063243865967,1.8885431289672852,0.6252566576004028,0.03853324055671692,14.141644477844238,0.4678150581061274,0.03185128041541069,0.5432994365692139,0.6730366349220276,0.33628549376763694,4.313309189509643,38.64959716796875,59.43545913696289
07706.jpg,3.3785,0.40853649377822876,0.5752615908722776,0.9570577161682928,5.076649188995361,119.22174835205078,0.8734831117903369,0.4575702106524201,5.254847526550293,2.971667067164164,40.220909118652344,11.13421630859375,88.32512664794922,0.9382960200309753,1.3200657367706299,0.48417139053344727,0.014322174713015556,18.439910888671875,0.4247554920941412,0.11095767037621262,0.7468968033790588,0.861455500125885,0.26199729587855763,4.14401636091934,30.97137451171875,48.617000579833984
07709.jpg,3.3164,0.3353389799594879,0.6448039129143565,0.9764154647553235,4.224336624145508,48.78435134887695,0.782983148357234,0.38965189933383193,4.612924575805664,2.8491621247213885,20.480688095092773,4.106672286987305,101.72657012939453,0.9759196043014526,1.8366193771362305,0.5246472954750061,0.028779400512576103,15.409183502197266,0.47815354793111314,0.051016421324691,0.6137088537216187,0.7271959781646729,0.3017086564418815,3.9501639318188806,29.80780029296875,44.864646911621094
07712.jpg,3.3329,0.33225908875465393,0.6951960236323603,0.9683444251180149,4.264031171798706,43.07368850708008,0.7705509093532203,0.35792222428864334,4.823898792266846,3.158959094012829,19.742111206054688,3.6590592861175537,102.03580474853516,0.9656442403793335,1.8522701263427734,0.5404758453369141,0.03373182937502861,14.71960163116455,0.48419177525087115,0.05758375518910674,0.5918595790863037,0.708026647567749,0.3004205014337865,4.623256442207428,40.83758544921875,51.23356246948242
07725.jpg,3.4455,0.29097262024879456,0.7797929885658538,0.9580564782358875,3.783289909362793,31.60210609436035,0.7806026533935281,0.3517826919841522,4.704878807067871,3.309520906125904,16.112640380859375,2.438166856765747,104.20868682861328,0.94997638463974,1.929729700088501,0.616813063621521,0.036881595849990845,14.331902503967285,0.4701217894987625,0.02152566648292406,0.5687049627304077,0.6651481986045837,0.3495029446652978,4.441553532272192,36.74676513671875,52.28257751464844
07737.jpg,3.3127,0.3570033609867096,0.7555228566389656,0.9832854085460937,3.54823637008667,29.956754684448242,0.748396185907763,0.2792904386145676,4.430336952209473,3.014010670639932,17.02800178527832,2.3060364723205566,101.42037200927734,0.9834655523300171,1.9180400371551514,0.6474123001098633,0.04589873179793358,13.38199234008789,0.5069458146435,0.04983514542359235,0.5470077991485596,0.708665668964386,0.3224037987747841,4.568517411477118,37.12225341796875,52.06108856201172
07745.jpg,3.2774,0.3239673674106598,0.8079037750203085,0.953638089610662,3.477959632873535,38.27330017089844,0.7503987103338574,0.3416564907425782,4.828375339508057,3.355372728032509,16.70477294921875,3.1017045974731445,101.17662048339844,0.9434707164764404,1.9157776832580566,0.5770553350448608,0.0483054593205452,13.160037994384766,0.4620069710549537,0.01890008572342086,0.559262752532959,0.6501171588897705,0.3483069115546965,4.143617566572267,33.81805419921875,49.60887145996094
07750.jpg,3.3327,0.33193689584732056,0.6287085863263308,0.9668645479345951,4.692626476287842,48.17721176147461,0.8005088309300468,0.389859679168458,4.947928428649902,3.030561735116912,20.03465461730957,4.170453071594238,98.5436782836914,0.9628300666809082,1.8180186748504639,0.5157637596130371,0.02362051233649254,16.267107009887695,0.45498090492210846,0.060724892645560025,0.6221750974655151,0.7411856651306152,0.28795901941212243,4.358489094469748,46.59930419921875,38.704551696777344
07753.jpg,3.3279,0.38301512598991394,0.5624126772301259,0.9569306486573115,4.839627742767334,72.78519439697266,0.8572468073035553,0.42230555286694477,5.150513172149658,2.809301448013091,27.617839813232422,6.726222991943359,83.6801528930664,0.9448961615562439,1.6290282011032104,0.4139648377895355,0.017102351412177086,17.66944122314453,0.43361970830775726,0.0826413887965389,0.673201322555542,0.7807899713516235,0.23140501478690007,3.6108314189870154,6.19647216796875,44.55649948120117
07754.jpg,3.314,0.3344865143299103,0.6906879480569968,0.9631040013924286,4.115591526031494,46.351783752441406,0.7621853022751507,0.360777907813389,4.913496017456055,3.1181538381331997,18.884071350097656,3.937603712081909,100.9033203125,0.9580337405204773,1.859492540359497,0.5454578995704651,0.039283692836761475,14.057876586914062,0.4773432253870483,0.043216483739482885,0.582743763923645,0.6971911191940308,0.32008511681587637,3.6690676695742015,33.04315185546875,42.805198669433594
07759.jpg,3.3766,0.37325894832611084,0.6638987658445015,0.9654399476606786,4.911072254180908,95.51715087890625,0.8861578500603066,0.454266944704799,5.240324974060059,3.3697624327330704,33.43817901611328,8.397087097167969,87.4250259399414,0.9517229199409485,1.318009376525879,0.5104284286499023,0.012624813243746758,18.98775291442871,0.4168104235654873,0.09486456179106939,0.7247998714447021,0.854999840259552,0.26687867597155507,4.040611838111064,40.02899169921875,59.03726577758789
07778.jpg,3.3122,0.33210936188697815,0.7236588314645157,0.9479329123836483,4.458025932312012,43.057899475097656,0.8236936719263174,0.35609300628688584,4.965550422668457,3.409740056846932,20.71270179748535,3.5366618633270264,96.2922134399414,0.9343255162239075,1.8696880340576172,0.5466404557228088,0.03720184415578842,14.294355392456055,0.4535266626820158,0.04526358514149938,0.5929410457611084,0.7265112400054932,0.3014842187284391,3.82698648039243,30.63494873046875,48.88175964355469
07785.jpg,3.2891,0.3755582273006439,0.6558137212626534,0.9798106325355636,4.357057571411133,45.97928237915039,0.8850880531973704,0.41957490748312504,4.8682098388671875,3.0250407822823275,16.553529739379883,3.989610433578491,66.52202606201172,0.9759365320205688,1.4162750244140625,0.5577771663665771,0.003800343256443739,24.201772689819336,0.4433507449687102,0.10123524712645936,0.7096932530403137,0.8140524625778198,0.29586779762241816,3.637149736155498,31.05780029296875,45.90824508666992
07788.jpg,3.3093,0.3288303315639496,0.7003202450072937,0.968627772045606,4.7959303855896,43.20819854736328,0.8415472402783017,0.3888699120208533,4.986998558044434,3.4256047808913,19.21483612060547,3.5401501655578613,94.67477416992188,0.9662494659423828,1.8124494552612305,0.5631619095802307,0.019024990499019623,17.206756591796875,0.5022997405778843,0.05807336963887941,0.6217830181121826,0.7714964747428894,0.29966340693816645,4.216370259994971,34.36053466796875,49.58774185180664
07801.jpg,3.3682,0.4053201675415039,0.6035080813348506,0.942832111550082,4.714657306671143,98.4837646484375,0.8674760199424785,0.43684594057947795,5.0992631912231445,2.961401392273025,35.217063903808594,9.47184944152832,77.9177474975586,0.9155714511871338,1.5512523651123047,0.42143842577934265,0.015619514510035515,18.063323974609375,0.4279274174812203,0.1271828725393257,0.6962534189224243,0.7422398328781128,0.2300953305268758,4.343102446363355,23.04510498046875,55.26317596435547
07812.jpg,3.3044,0.3302615284919739,0.660750338771072,0.9576904262763802,4.429798603057861,42.88742446899414,0.7789151950248256,0.3530183111439979,4.91641902923584,3.087770540292487,19.381589889526367,3.568929672241211,100.12751007080078,0.9496419429779053,1.8698797225952148,0.5618332028388977,0.03571561351418495,14.471418380737305,0.4510395697026798,0.056270647667915036,0.5929960608482361,0.7092530727386475,0.30062681599927554,3.556140409141033,24.19891357421875,41.681922912597656
07815.jpg,3.3646,0.3621307909488678,0.5686189937112601,0.9448803002559105,4.809206962585449,63.100669860839844,0.8328503160498634,0.39497394073556596,5.249859809875488,2.859898559080449,23.39788055419922,5.638046741485596,88.53480529785156,0.9265573024749756,1.7824316024780273,0.4429174065589905,0.029832005500793457,15.253175735473633,0.43934081452488816,0.07619022888044054,0.6442425847053528,0.7416483759880066,0.26245572326782,3.3898096338136856,13.70330810546875,44.71322250366211
07828.jpg,3.3558,0.36972886323928833,0.6347451464053363,0.9618521844177728,4.879542350769043,53.54971694946289,0.8567373008341552,0.4049460407420311,5.236812114715576,3.2106651642793906,22.647916793823242,4.531546115875244,85.64408111572266,0.9528138041496277,1.644397258758545,0.5321075916290283,0.019160639494657516,17.175901412963867,0.44447434439863887,0.10528371388981989,0.6608339548110962,0.7993706464767456,0.2764221859611162,3.9440869370603435,25.72186279296875,50.786277770996094
07844.jpg,3.3294,0.3568422496318817,0.6622699525611815,0.9530732311328253,4.518866539001465,41.10587692260742,0.8263019348049141,0.3653216564024324,5.130460739135742,3.1952418478749216,17.71820068359375,3.4153034687042236,86.4180908203125,0.941933274269104,1.8689601421356201,0.4939127564430237,0.036022067070007324,14.434313774108887,0.45148732292779586,0.05557433170098169,0.6109391450881958,0.7217406034469604,0.27573758234246293,3.5094669619479353,30.50115966796875,38.459381103515625
07887.jpg,3.318,0.2808980941772461,0.7139717964964108,0.9897263507624658,4.105052471160889,28.07961082458496,0.8303309091189272,0.3625835207806169,4.387782096862793,3.0318347701892767,15.161252975463867,2.1911473274230957,94.96751403808594,0.9910167455673218,1.897350788116455,0.5312497615814209,0.018410699442029,17.34929656982422,0.48953321983692194,0.037812792937121684,0.624596357345581,0.762222170829773,0.27343302737749836,4.393070664157554,27.76287841796875,44.79055404663086
07895.jpg,3.361,0.41353362798690796,0.5702841871066158,0.9431869935598481,4.9162163734436035,93.19420623779297,0.8827045620832117,0.41601378117475707,5.040719032287598,2.8391519444397755,34.11637496948242,8.254616737365723,76.97120666503906,0.9126180410385132,1.393430471420288,0.3869946300983429,0.015391945838928223,18.127065658569336,0.4703377708082223,0.10602879407561207,0.6583956480026245,0.7614308595657349,0.2222528953169842,4.572001355723082,31.29315185546875,57.63273620605469
07906.jpg,3.2957,0.3135814666748047,0.6076552147951358,0.9662964852727276,4.584407806396484,43.426265716552734,0.8042519816193201,0.3774438649128659,4.816638946533203,2.8563087428248215,18.934288024902344,3.634021759033203,101.87982940673828,0.9626086354255676,1.8584277629852295,0.5072152614593506,0.02401912398636341,16.194429397583008,0.45958597809884244,0.042797077298569665,0.616623044013977,0.6989920139312744,0.29146079861482677,3.684431776542585,20.63055419921875,48.513282775878906
07917.jpg,3.3364,0.33631911873817444,0.5821511103337164,0.962585852362118,4.69057035446167,48.117530822753906,0.8031463502122793,0.3813831131378227,4.887995719909668,2.7880970815592008,20.526639938354492,4.082783222198486,99.09867095947266,0.9570181369781494,1.8422353267669678,0.5269858241081238,0.028032075613737106,15.52344799041748,0.4803740074608856,0.05858116724706378,0.6246681213378906,0.7142786979675293,0.2988431815017165,3.2958572443306617,30.59832763671875,51.18733215332031
07922.jpg,3.3492,0.36880093812942505,0.590729229233157,0.9594692261872334,4.934556007385254,49.493587493896484,0.8615444070825526,0.4161519758559558,5.222488880157471,3.0000422278214973,19.54681396484375,4.184237480163574,81.06749725341797,0.9504873752593994,1.7177646160125732,0.5606703162193298,0.015222515910863876,18.175134658813477,0.44339562999763454,0.09177652707917902,0.6865512132644653,0.781625509262085,0.29306481679551993,3.4938479145182133,25.04168701171875,47.47944259643555
07934.jpg,3.2484,0.33903124928474426,0.6896314185288187,0.9623844497420168,4.11928391456604,37.58867645263672,0.7676079715442405,0.3285353105815579,4.835671424865723,3.0878220413325996,16.750524520874023,3.106696844100952,97.89263916015625,0.9563406705856323,1.9062929153442383,0.5822792649269104,0.0406385138630867,13.910621643066406,0.48098702281331784,0.03051773899216323,0.5697556734085083,0.6661801338195801,0.33166750649000204,4.338916015072191,10.83660888671875,46.419395446777344
07936.jpg,3.3549,0.38789066672325134,0.6351215706457465,0.9568889412492142,4.869019031524658,83.2458267211914,0.8652123671981201,0.4390286606473464,5.307729244232178,3.231748059459145,29.85479736328125,7.711635589599609,81.10466003417969,0.9367196559906006,1.4219387769699097,0.45459502935409546,0.014234451577067375,18.46659278869629,0.4235621623843672,0.11844951687674206,0.6953285932540894,0.7762808799743652,0.25303722300104825,3.8250896064238273,42.77703857421875,45.05634307861328
07940.jpg,3.3543,0.3649742901325226,0.6315580726498139,0.9568146475921655,4.632999897003174,50.497291564941406,0.8746524109581089,0.39496244173657574,5.012502670288086,3.045859110713236,21.770252227783203,4.233635902404785,84.47398376464844,0.9476034641265869,1.7661292552947998,0.5218196511268616,0.019390210509300232,17.124174118041992,0.4810530949661354,0.08514979924622264,0.6472238302230835,0.7654955387115479,0.2716987388256905,4.260800588362812,30.60467529296875,53.92500305175781
07942.jpg,3.3308,0.35273122787475586,0.6291053730688688,0.9577840395991947,4.271200180053711,43.61094284057617,0.7977192562148545,0.3417522248841856,4.814584255218506,2.857969422466783,18.85134506225586,3.6159722805023193,94.31523132324219,0.9475213289260864,1.8905043601989746,0.5326575040817261,0.04188783839344978,13.779120445251465,0.4642275000831029,0.06971101338024735,0.6030788421630859,0.6946355104446411,0.2923776016350631,4.02685823590791,37.71746826171875,51.498695373535156
07954.jpg,3.3287,0.34414392709732056,0.7048739837928845,0.9699223794659876,4.679993152618408,40.24674987792969,0.8587464741594719,0.3979111706263411,5.004687309265137,3.41325272182206,18.240020751953125,3.4187467098236084,89.59610748291016,0.9676902294158936,1.8041378259658813,0.5199978947639465,0.017645936459302902,17.533552169799805,0.46247286538162613,0.07207867210722901,0.6476448774337769,0.7713272571563721,0.2647696684333389,4.065527582941863,5.19696044921875,48.55491256713867
07957.jpg,3.2964,0.3267626166343689,0.9160407686200823,0.9485779419005098,2.772078275680542,34.283451080322266,0.759455231889737,0.28102802120469034,4.753087043762207,3.446694405498092,16.103984832763672,2.661994695663452,101.04265594482422,0.930528461933136,1.9266352653503418,0.6586508750915527,0.05498264729976654,12.597743034362793,0.49003920937511053,0.00986349169126885,0.5441010594367981,0.6308630704879761,0.3638646279880534,4.702711644330933,41.37908935546875,55.5453987121582
07963.jpg,3.2843,0.3193831145763397,0.815735994431165,0.9767587423283234,3.172290086746216,35.190940856933594,0.7232402897736243,0.31539335384137596,4.423854827880859,3.098239179491469,17.014060974121094,2.858198404312134,105.86824035644531,0.9764528274536133,1.914524793624878,0.6833270788192749,0.04391803592443466,13.573570251464844,0.5185734713680166,0.019361413022248412,0.5395936965942383,0.6589679718017578,0.36298764405324463,4.019614757501081,38.53387451171875,45.811744689941406
07974.jpg,3.3431,0.39549320936203003,0.6245378426817761,0.9559741986533034,4.927058219909668,87.09989166259766,0.870320024018276,0.43733282572293264,5.2448225021362305,3.17637374196379,32.138587951660156,7.993253231048584,80.7666244506836,0.9367033243179321,1.445406436920166,0.45586761832237244,0.01509613636881113,18.211341857910156,0.42745670342651576,0.12293710738902427,0.6921810507774353,0.7871189117431641,0.2497614956650568,3.9373749795017967,36.58758544921875,46.32243347167969
07989.jpg,3.3493,0.3814113736152649,0.5356821286996203,0.946695373142686,5.072896957397461,58.018150329589844,0.8861456948583326,0.4068229213240907,5.141064643859863,2.735728191890489,21.54278564453125,4.99359130859375,75.23474884033203,0.9285173416137695,1.688926100730896,0.48046109080314636,0.014191909693181515,18.479591369628906,0.4357672205006556,0.10528737581887528,0.6964641809463501,0.7794832587242126,0.2592950745615375,3.9911567674689947,32.35711669921875,46.71324920654297
07995.jpg,3.3294,0.31334877014160156,0.6703365843664768,0.9683323855550086,4.343719005584717,52.6941032409668,0.7797245648919922,0.40339300258888633,4.764715671539307,3.0528707752107564,21.457918167114258,4.571157455444336,104.462646484375,0.9658306837081909,1.8359527587890625,0.52390456199646,0.02619955688714981,15.817061424255371,0.4683157069330544,0.05060320896054995,0.6109192371368408,0.7234029769897461,0.30642975517908666,4.073232329397269,17.28533935546875,43.568992614746094
08000.jpg,3.3262,0.34868940711021423,0.7079180354563674,0.9486139472846765,3.825368881225586,40.80500030517578,0.7828846669062212,0.31965596375413713,4.81569766998291,3.058596830769196,17.89010238647461,3.3339169025421143,95.38094329833984,0.932364821434021,1.9153509140014648,0.5870229005813599,0.05276189744472504,12.776795387268066,0.4848921707103994,0.04374135891446659,0.576183557510376,0.6718577742576599,0.3359849309534936,3.983253880889438,36.83172607421875,55.76768112182617
08005.jpg,3.3093,0.322441041469574,0.6846843333294008,0.9600186543850772,4.19743537902832,37.000587463378906,0.7982698003901939,0.3653333464820935,4.797553062438965,3.0793763420111926,17.059066772460938,3.0073776245117188,99.78797149658203,0.952947735786438,1.9050848484039307,0.555118978023529,0.0343545526266098,14.640157699584961,0.47084560038718926,0.04459818932068576,0.5960562229156494,0.6820929646492004,0.3046263313171819,4.11906271180534,36.35858154296875,49.978675842285156
08006.jpg,3.3352,0.392072856426239,0.5686533766487878,0.9607414972946955,4.4536237716674805,63.32894515991211,0.8810860653888719,0.41082128885666414,4.911840915679932,2.6628621504054717,22.265535354614258,5.592742443084717,64.21224975585938,0.9457288980484009,1.5114555358886719,0.4027813971042633,0.00925656408071518,20.33550262451172,0.41775261364247945,0.12429863639548053,0.6750338077545166,0.7614002227783203,0.23538351638395164,4.306276524676332,37.65496826171875,51.716224670410156
08023.jpg,3.3511,0.37944093346595764,0.6253146638084809,0.9558772022234714,4.886710166931152,54.2900276184082,0.8800762410792271,0.39227485558724456,5.131642818450928,3.132322914428375,23.207199096679688,4.664497375488281,80.45247650146484,0.9434497356414795,1.6343175172805786,0.4492548108100891,0.01603848487138748,17.948368072509766,0.4506053172411006,0.09060680529870863,0.6556322574615479,0.7585740089416504,0.2450639971943833,3.976686469645197,38.99920654296875,47.352081298828125
08032.jpg,3.3191,0.36198851466178894,0.6492651944871394,0.9474333456662153,4.431209087371826,47.23564910888672,0.8687384284942594,0.38482459317650003,5.030434608459473,3.071570084654022,17.56524085998535,3.942382574081421,82.71075439453125,0.9333963394165039,1.8714752197265625,0.46409687399864197,0.028794797137379646,15.4068603515625,0.49228674008755385,0.06202003997575047,0.6487802267074585,0.6633304357528687,0.2691958099832659,3.8755562855140284,28.22772216796875,55.44499969482422
08042.jpg,3.2885,0.4085766673088074,0.6129742418385196,0.9597444804712318,4.701616287231445,103.0967788696289,0.8540910364294346,0.46300745489862205,5.230854511260986,3.0441856806982965,35.13140106201172,9.656057357788086,84.67623901367188,0.9387229681015015,1.3777967691421509,0.4750668406486511,0.01748517155647278,17.573301315307617,0.4065289494756605,0.1333420091038325,0.7160577774047852,0.8221977353096008,0.2644472451522117,4.11025487605154,28.43133544921875,47.99906921386719
08043.jpg,3.2582,0.35538432002067566,0.644020305058162,0.9590486017805319,4.511277675628662,52.10840606689453,0.8082568990225517,0.38607690835134495,5.1419854164123535,3.1084606351049793,20.67245101928711,4.53752326965332,92.59017181396484,0.9505033493041992,1.8008795976638794,0.5025354623794556,0.03424917906522751,14.653497695922852,0.4661036699455571,0.06615812939626417,0.6268396377563477,0.7389966249465942,0.2922335282318208,3.497813308059225,22.85369873046875,45.79417037963867
08057.jpg,3.2435,0.3243268132209778,0.6533971395964974,0.9711773268087606,4.585824966430664,45.68123245239258,0.8077787700742615,0.4072632208280988,4.875577926635742,3.0910387334236393,20.25771141052246,3.8297760486602783,101.79918670654297,0.9689801931381226,1.7766599655151367,0.5393526554107666,0.022348249331116676,16.507564544677734,0.47256746103033137,0.0413195262785133,0.6192678809165955,0.736785352230072,0.304751644012475,3.4889239342270173,35.67010498046875,47.55549240112305
08086.jpg,3.2729,0.36419007182121277,0.6655957055634943,0.9701184358702568,4.713834762573242,51.13039016723633,0.8301877139220215,0.38916017527161684,5.114376068115234,3.270819577167936,22.79335594177246,4.485784530639648,92.75038146972656,0.9652484655380249,1.7068538665771484,0.5108394622802734,0.021326512098312378,16.71080207824707,0.46853638341249976,0.06484686199677751,0.6429716944694519,0.7842775583267212,0.27599471522471014,4.239785917235969,1.40887451171875,43.567466735839844
08091.jpg,3.2915,0.3644450902938843,0.5951196854877097,0.9408782040546326,4.745716094970703,55.026222229003906,0.8100774295645541,0.3623002669287677,5.290003776550293,2.9862383671350816,21.095966339111328,4.659853935241699,89.03548431396484,0.9177063703536987,1.799149751663208,0.464457631111145,0.03445874899625778,14.627006530761719,0.4452788844015255,0.06116034838254001,0.6212248802185059,0.6871604919433594,0.2646625332640393,3.6705713909995876,37.82830810546875,51.31239318847656
08099.jpg,3.3071,0.40155622363090515,0.5765035499153411,0.9539166645138608,4.895073890686035,81.82584381103516,0.8737668384347274,0.42063733284321647,5.036322116851807,2.8627531808551225,32.167598724365234,7.680290222167969,78.02879333496094,0.9336029291152954,1.4865283966064453,0.43622255325317383,0.013676978647708893,18.640098571777344,0.4391470454847766,0.10625685961858805,0.6854873895645142,0.7850086688995361,0.2394917811355579,3.9332513437558863,8.50164794921875,51.034603118896484
08100.jpg,3.2538,0.268078476190567,0.5957217890758153,0.9904584359413903,4.187438249588013,25.537303924560547,0.8150936366107834,0.3439582392405512,3.704044818878174,2.35057320980286,15.099021911621094,1.932680368423462,97.92184448242188,0.9913362264633179,1.9396402835845947,0.5298159122467041,0.024161264300346375,16.16880226135254,0.49952874528376434,0.04735188669641314,0.604902982711792,0.734957754611969,0.2630304452563949,5.176302541917359,28.30877685546875,54.67636489868164
08116.jpg,3.2807,0.264791876077652,0.6603687266990839,0.9939772540549433,3.749880313873291,25.51771354675293,0.7986778472528504,0.3331318715730741,3.623286008834839,2.43451465529796,15.144413948059082,1.9309344291687012,98.27043914794922,0.9945008754730225,1.9339196681976318,0.5388848185539246,0.028994470834732056,15.376848220825195,0.4852062914018186,0.058673359015867566,0.596198320388794,0.7549337148666382,0.26513129922843126,5.0538640250890765,28.84197998046875,51.11210250854492
08118.jpg,3.2515,0.39043930172920227,0.7006324591339667,0.9827046090092011,3.9827780723571777,25.477581024169922,0.9155693708679944,0.27998940847881304,4.4852142333984375,2.966488186279882,12.818583488464355,1.9165308475494385,61.91312789916992,0.9803692698478699,1.7334814071655273,0.5316757559776306,0.006339196115732193,21.979658126831055,0.49429367330640006,0.07140294880349736,0.6118722558021545,0.7156052589416504,0.3099621830907527,4.574534864314388,32.17645263671875,44.37630081176758
08139.jpg,3.3409,0.3670547604560852,0.61082832774583,0.9644026985789925,4.827208995819092,66.34276580810547,0.846663768553008,0.41270688350849927,5.12249755859375,3.0387928306956056,25.252918243408203,5.8917236328125,89.51717376708984,0.95749831199646,1.6820259094238281,0.5013712048530579,0.02057872712612152,16.865816116333008,0.45906064328565727,0.09606873488294511,0.6644375920295715,0.7741151452064514,0.27395361543802615,3.539165041377745,44.16766357421875,51.31494903564453
08154.jpg,3.346,0.3487648665904999,0.6295210970970304,0.9645370738586192,4.686899185180664,47.203182220458984,0.83163718833116,0.38728543356576484,5.062836647033691,3.068843891150909,20.467832565307617,3.9669675827026367,91.5722885131836,0.959707498550415,1.8272898197174072,0.545179009437561,0.026175424456596375,15.821063995361328,0.47968893610663055,0.06324632311894265,0.6367561221122742,0.7513511180877686,0.28977024316334404,3.736191020294995,34.10614013671875,45.59294128417969
08166.jpg,3.2674,0.30879247188568115,0.6837728227844272,0.9648448711966294,3.976624011993408,38.5546760559082,0.7394288245294548,0.3380252762785408,4.6587114334106445,2.952316332616167,17.174097061157227,3.0880801677703857,105.79714965820312,0.959316611289978,1.919898271560669,0.5117339491844177,0.034273114055395126,14.650464057922363,0.40904645309342424,0.021490916837423137,0.567206859588623,0.6225841641426086,0.3017151822463686,3.9554119936765955,38.86541748046875,55.65921401977539
08168.jpg,3.3824,0.38347989320755005,0.561539242040393,0.9455331453958558,4.914258003234863,54.84950637817383,0.8675062383963421,0.4000663581359282,5.145383834838867,2.824452108853423,21.866138458251953,4.7347636222839355,73.76603698730469,0.9264378547668457,1.709402322769165,0.4536086320877075,0.019635550677776337,17.069570541381836,0.4343125680045948,0.09283191770201843,0.6591838598251343,0.7603534460067749,0.24763819245819632,3.8148561222073956,34.22918701171875,38.71046447753906
08180.jpg,3.2652,0.38375431299209595,0.7408008232282269,0.9859255253309939,3.977306365966797,27.52687644958496,0.912043349189031,0.30924975641934027,4.561954021453857,3.162959290153416,12.475128173828125,2.134855270385742,63.25297546386719,0.9838236570358276,1.4970901012420654,0.5040687918663025,0.003094684798270464,25.09383773803711,0.48072528678047943,0.062495801766648464,0.6339256763458252,0.743606686592102,0.2963952376407698,4.540487134724257,24.41131591796875,43.86827087402344
08200.jpg,3.3073,0.3057708144187927,0.7479522258287439,0.9660456688728664,4.1962175369262695,43.51876449584961,0.7707514014972603,0.3549717451422046,4.776597023010254,3.3556323306377847,19.906021118164062,3.5505259037017822,106.6570816040039,0.9618827104568481,1.7988638877868652,0.5753589272499084,0.027775073423981667,15.563447952270508,0.47577132478148376,0.034176811276054576,0.5710688233375549,0.7044962644577026,0.3220764263072589,3.9796947076033584,43.63250732421875,55.05381774902344
08202.jpg,3.266,0.32423704862594604,0.8247294870347331,0.9632500135147982,3.302973508834839,34.557254791259766,0.7385516212433983,0.3138538764854981,4.686224937438965,3.2944786914271447,16.305166244506836,2.7040388584136963,105.00341033935547,0.9570513963699341,1.9169824123382568,0.6792650818824768,0.04398532211780548,13.566922187805176,0.482894096360272,0.01515490827058323,0.5475641489028931,0.6336544156074524,0.38013020005383275,4.143067902173836,44.82244873046875,60.18482971191406
08222.jpg,3.3237,0.34278663992881775,0.710445693492614,0.9549610848816885,4.437680244445801,44.73241424560547,0.7893817451048826,0.36415282653777986,5.263851642608643,3.446218637711018,18.216625213623047,3.743227481842041,94.0906982421875,0.9431661367416382,1.7765803337097168,0.49230432510375977,0.03494594991207123,14.566031455993652,0.4083137269091459,0.07058047456830556,0.6039654612541199,0.7018489241600037,0.27858529612439453,3.822077604815263,35.41961669921875,40.06529235839844
08230.jpg,3.3521,0.40199339389801025,0.5937834031428942,0.952760350039244,5.042184352874756,99.2574462890625,0.8675078962424548,0.44768780891999355,5.264738082885742,3.060050642763162,34.76506423950195,9.241198539733887,83.01766967773438,0.9289738535881042,1.3810639381408691,0.41851985454559326,0.01586996763944626,17.994239807128906,0.3916945761072557,0.10639689961396531,0.7004749774932861,0.8164848685264587,0.23193788925350908,4.183387554870434,34.32586669921875,48.093833923339844
08239.jpg,3.2829,0.287163645029068,0.7337749478363957,0.9842952611871402,3.6243996620178223,31.704254150390625,0.7213453386361856,0.336580725417031,4.186939239501953,2.86589580319358,16.63543128967285,2.4757063388824463,108.10366821289062,0.9854868650436401,1.9149203300476074,0.6369060277938843,0.03327392041683197,14.778959274291992,0.49486521661537114,0.022088917010027267,0.5419783592224121,0.6854570508003235,0.33005921849011643,4.224950637769663,44.48651123046875,46.349449157714844
08271.jpg,3.3119,0.3736804127693176,0.6337807402672134,0.9618647245961657,4.83144998550415,66.068115234375,0.870877694853998,0.429251921085168,5.192070960998535,3.1763689835389304,24.19908905029297,6.09963321685791,76.14744567871094,0.9490059614181519,1.4703547954559326,0.40748631954193115,0.009125075303018093,20.39763641357422,0.4116296939233964,0.10022891818768984,0.6857234239578247,0.7725295424461365,0.22945389419834508,4.184955581418275,17.38397216796875,45.65624237060547
08280.jpg,3.3202,0.32833540439605713,0.6667910396855659,0.9732332925326502,4.21546483039856,50.904319763183594,0.7713625293053107,0.4121824066139757,4.755452632904053,2.990875826134186,19.986377716064453,4.303262233734131,102.18798065185547,0.9719189405441284,1.8489855527877808,0.5290352702140808,0.029698185622692108,15.272701263427734,0.45128477410127826,0.047413341122930476,0.6107020378112793,0.7016302943229675,0.31595176958027266,3.915665671385282,29.14813232421875,43.287254333496094
08281.jpg,3.3087,0.38943299651145935,0.7012194258807348,0.9851719589845982,3.8808979988098145,29.039831161499023,0.9112601533052964,0.29713478013757894,4.471672058105469,2.92850494918199,13.537862777709961,2.2608652114868164,62.151275634765625,0.9824276566505432,1.6846411228179932,0.5210719704627991,0.005969025194644928,22.240964889526367,0.4879835551126648,0.07452861558402063,0.6254069209098816,0.7369208335876465,0.30378682126590484,4.366295479213315,34.42987060546875,47.17658615112305
08289.jpg,3.3385,0.3925635516643524,0.5695685115904892,0.9377500905905274,5.088492393493652,99.10165405273438,0.8724540896807212,0.43232576320931315,5.286530017852783,2.9546535902165196,35.118621826171875,9.418512344360352,82.41986846923828,0.9052374362945557,1.5087411403656006,0.3956126272678375,0.019373884424567223,17.12783432006836,0.4705630357295257,0.07626168178078832,0.6646842956542969,0.7427870631217957,0.24425725394520545,4.181252697878632,29.17352294921875,51.65065002441406
08290.jpg,3.2911,0.32941409945487976,0.7135412966903832,0.9664857529641556,4.198715686798096,42.07725524902344,0.7570344747487173,0.3632447599748352,4.945855617523193,3.2625278257795447,18.400522232055664,3.464125156402588,102.09228515625,0.9629395604133606,1.839247465133667,0.6076103448867798,0.034424733370542526,14.631294250488281,0.4607398770301154,0.04319101201507447,0.5851346254348755,0.7106761932373047,0.33178978175433305,3.8211216711828504,42.44305419921875,50.23679733276367
08309.jpg,3.3086,0.3543332517147064,0.6691406344835266,0.9664650896319557,4.695126533508301,46.20004653930664,0.8479693992446394,0.3946689023496543,5.065246105194092,3.2655431695148494,20.306766510009766,3.886992931365967,89.1525650024414,0.9622608423233032,1.783573865890503,0.4836224317550659,0.021677635610103607,16.639883041381836,0.4729574076567393,0.05986964300580056,0.6353249549865723,0.7315992116928101,0.27723528809591674,3.717590946501632,31.00018310546875,52.6525993347168
08318.jpg,3.2724,0.3908262550830841,0.7006220052131062,0.9854142126054147,3.8802194595336914,30.058847427368164,0.9139959538651672,0.296327695675689,4.468326568603516,2.9246004233803937,13.069230079650879,2.4001591205596924,61.73536682128906,0.9831847548484802,1.61946702003479,0.5491918325424194,0.004287972114980221,23.67748260498047,0.5078149336624087,0.06379666118478837,0.6304516196250916,0.7234721779823303,0.3383234068918788,4.7444701821610025,12.53533935546875,47.29202651977539
08319.jpg,3.3115,0.33400145173072815,0.6619261423047733,0.9614360358149615,4.229255676269531,48.99949264526367,0.7743130318417412,0.38850100287395745,4.950573921203613,3.0381968572294973,18.625757217407227,4.124057292938232,99.73567962646484,0.9542415142059326,1.8644182682037354,0.5334227085113525,0.03287936747074127,14.830765724182129,0.454478006227846,0.03727829969994342,0.600513219833374,0.6848186254501343,0.3268268229092462,4.146047400234849,39.57684326171875,45.0704345703125
08321.jpg,3.3353,0.3896741569042206,0.6018986525758567,0.9517016982350908,4.995199203491211,79.36469268798828,0.8751153105231164,0.4131051662420855,5.221778869628906,3.074803937592236,29.76957893371582,7.746870040893555,79.85108184814453,0.9303658604621887,1.4958698749542236,0.36475661396980286,0.013506123796105385,18.69469451904297,0.4367361205901054,0.08223849301285337,0.6734569668769836,0.7692874670028687,0.21835942254712543,3.778534952230243,61.53436279296875,45.08750915527344
08328.jpg,3.3247,0.298367440700531,0.6693097634363959,0.9724791390868918,4.191910743713379,36.24842834472656,0.7463610224922171,0.32910821276896773,4.585563659667969,2.9374369280531596,17.013242721557617,2.889767646789551,107.3717041015625,0.9713039398193359,1.8907134532928467,0.52488112449646,0.02715972065925598,15.660748481750488,0.44337587799835415,0.02202489904261893,0.5669283866882324,0.6801409721374512,0.2786746527939137,3.96657660519381,37.05242919921875,55.58409881591797
08338.jpg,3.3096,0.3728328049182892,0.6929564052196405,0.9669291400042517,4.863590240478516,81.63339233398438,0.889362295266095,0.4452237259005541,5.311103820800781,3.52532268953075,29.01995277404785,7.281570911407471,82.06988525390625,0.952545166015625,1.2145084142684937,0.4556897282600403,0.00993296131491661,20.029212951660156,0.40857330231559247,0.09694526317129636,0.7119131684303284,0.8212249279022217,0.24984828928169836,4.276588182324776,33.82049560546875,58.629966735839844
08347.jpg,3.3415,0.34839147329330444,0.6449901486162362,0.9812287577387857,4.401828765869141,52.35133743286133,0.8109720289553068,0.41458347589124217,4.687340259552002,2.9312240532248834,22.464628219604492,4.493216514587402,98.2190170288086,0.9805178642272949,1.7567336559295654,0.5638187527656555,0.021460035815835,16.683696746826172,0.4603781353848433,0.08610470990884667,0.6619374752044678,0.7904191017150879,0.29749019803399135,3.796985638580392,29.75360107421875,47.29400634765625
08349.jpg,3.3234,0.33731338381767273,0.652184020177798,0.9599209711689263,4.093128681182861,42.048553466796875,0.7633951245627828,0.3311006249644152,4.771230697631836,2.890608942080264,19.043973922729492,3.4800541400909424,102.41832733154297,0.9520900845527649,1.8832380771636963,0.6076844930648804,0.03846742957830429,14.149068832397461,0.49149050112595327,0.044998460635010236,0.583647608757019,0.6904895305633545,0.34007282782554443,4.025035671945503,46.65594482421875,49.74296569824219
08376.jpg,3.3072,0.3256482779979706,0.7352721961520308,0.972372187718086,3.7186636924743652,37.80772399902344,0.7331216096301606,0.34924447387352364,4.625149726867676,3.0675006687886555,17.042980194091797,3.0764963626861572,105.55809020996094,0.9707402586936951,1.8891983032226562,0.6224218606948853,0.03741082921624184,14.270028114318848,0.49554364551413094,0.023864339482384138,0.5562968254089355,0.6612571477890015,0.3539247489002241,3.6859933076207048,33.53875732421875,45.3294563293457
08380.jpg,3.3551,0.3703480660915375,0.6263945288385232,0.9565820478504652,4.899292945861816,51.637447357177734,0.8796831659518319,0.40321292484979704,5.107156753540039,3.1340042186331516,21.928491592407227,4.334811210632324,81.10383605957031,0.945772647857666,1.683109164237976,0.4900326430797577,0.01423584669828415,18.466167449951172,0.4725536987660146,0.08140297508249775,0.6566776037216187,0.7636634111404419,0.2565890894546137,3.9377281668605746,30.67010498046875,55.93717575073242
08424.jpg,3.2987,0.29846644401550293,0.6933275760191167,0.9750616288765985,4.356320381164551,38.77455139160156,0.7715861983763012,0.3588460544088742,4.758584976196289,3.159820410256425,17.676860809326172,3.143247127532959,105.710693359375,0.9745319485664368,1.8557791709899902,0.5239367485046387,0.02047615684568882,16.887516021728516,0.4544282811596332,0.031788452268941766,0.5804034471511841,0.7004210352897644,0.28972890559541326,4.1641345195272255,40.35223388671875,45.40696716308594
08432.jpg,3.2781,0.3254130780696869,0.7643560105938578,0.9768645310972125,3.5010173320770264,31.155567169189453,0.7197105473762423,0.29735420082890796,4.42996883392334,3.0310623030375847,16.476457595825195,2.405029296875,107.48346710205078,0.9761217832565308,1.9185585975646973,0.6615099310874939,0.037049125880002975,14.31222152709961,0.4774234374917499,0.01860009161401662,0.5353375673294067,0.6669575572013855,0.3349692873879601,3.9610614105514936,41.89422607421875,50.53024673461914
08446.jpg,3.3191,0.353425532579422,0.6422422096572324,0.9567840183857356,4.683526039123535,53.83530044555664,0.8051689228401414,0.38766500302029794,5.206095218658447,3.175777649922818,21.426979064941406,4.614152431488037,93.28557586669922,0.9470743536949158,1.7642980813980103,0.5698453783988953,0.032450105994939804,14.887838363647461,0.45991814279818216,0.0937629080295249,0.6417981386184692,0.7554733753204346,0.3014207439166476,4.0414561172000365,35.09295654296875,52.54383850097656
08465.jpg,3.2946,0.3181053698062897,0.6842374485812062,0.9562357631067826,4.30152702331543,40.16813278198242,0.7876633211022757,0.35206185695130515,4.869512557983398,3.1375971964886613,18.429580688476562,3.3858790397644043,100.01392364501953,0.9481791257858276,1.8984631299972534,0.5736088752746582,0.03609892725944519,14.425057411193848,0.4794661576823196,0.05258002933043424,0.5857489109039307,0.7019240260124207,0.316132904018891,4.585257664455754,49.95721435546875,45.65776062011719
08480.jpg,3.2764,0.323192834854126,0.7399465320424807,0.9883216018430123,3.488107919692993,28.649139404296875,0.7126144992263777,0.32713759858101416,4.046905040740967,2.787766324916996,15.741291046142578,2.1709139347076416,109.0076904296875,0.9896683096885681,1.9382858276367188,0.6597590446472168,0.032460205256938934,14.886488914489746,0.48906738151260765,0.02152020757989417,0.5316618084907532,0.6562128663063049,0.3452121626836175,4.391234142254001,40.51385498046875,48.55362319946289
08487.jpg,3.3447,0.39338141679763794,0.6234895982096103,0.9409523991776256,4.952563762664795,89.22057342529297,0.8749352074549902,0.435743300176227,5.245165824890137,3.179100836957666,33.50251770019531,8.31793212890625,82.55804443359375,0.9140875339508057,1.5976402759552002,0.4631788730621338,0.01876682974398136,17.266090393066406,0.44184755877361287,0.09736143816210381,0.7067794799804688,0.8173362016677856,0.24577778102363843,4.307055626451656,51.25213623046875,52.96181869506836
08495.jpg,3.3038,0.34313032031059265,0.7994241897251182,0.9718061579107293,3.3269238471984863,36.75243377685547,0.7326337358949182,0.3049068771092608,4.656332969665527,3.191018600371203,17.347877502441406,2.970160484313965,103.44160461425781,0.9690485000610352,1.9021964073181152,0.6424961090087891,0.045711059123277664,13.399787902832031,0.48347135476065556,0.025418864456034695,0.5491799116134644,0.6716099977493286,0.3446098594142061,3.993672228786381,33.99871826171875,43.61836242675781
08503.jpg,3.2969,0.2946694493293762,0.6930766870077849,0.992242642913398,4.031604766845703,26.061370849609375,0.8601822319589705,0.3573659021010379,4.209253787994385,2.8557838031073466,15.11142635345459,2.000697374343872,90.84037780761719,0.9924543499946594,1.8768198490142822,0.5100787878036499,0.01660132221877575,17.798572540283203,0.48859632127852826,0.049773318585816274,0.6394630670547485,0.7492460608482361,0.25534800839812893,4.967070868475751,27.13299560546875,55.58429718017578
08519.jpg,3.2973,0.3358505666255951,0.98631713286541,0.9490266681630368,2.422933578491211,31.099811553955078,0.7610921459171333,0.26356666408663504,4.756622791290283,3.5406773207138906,15.876663208007812,2.406930685043335,98.72197723388672,0.9326770305633545,1.9339983463287354,0.7571896314620972,0.06005348265171051,12.214618682861328,0.5231496693818107,0.007999830617528568,0.538504958152771,0.6301941871643066,0.40406589065887416,4.936212930690387,41.43621826171875,54.75646209716797
08541.jpg,3.3528,0.3741752803325653,0.5698116811187149,0.9464561700948864,4.794583320617676,60.06714630126953,0.8583158505115752,0.3961330689138503,5.094843864440918,2.817565914351146,22.785858154296875,5.195127487182617,80.8588638305664,0.9301208257675171,1.80061674118042,0.4385387897491455,0.025970596820116043,15.855180740356445,0.46554541944839894,0.08426621208847437,0.6538642644882202,0.7291697263717651,0.25000003054622233,3.885041966613848,33.29022216796875,52.64152145385742
08549.jpg,3.2864,0.307157427072525,0.7870706800378258,0.966910037194222,3.588561534881592,35.88792037963867,0.7312238593983301,0.3376389945702556,4.608753204345703,3.2259470986482137,17.175559997558594,2.8230478763580322,107.42476654052734,0.964020848274231,1.8940021991729736,0.6314210891723633,0.03581373766064644,14.459505081176758,0.48037555379962366,0.017777675798100998,0.5479810833930969,0.6647956371307373,0.3511378737108921,4.318500595156683,39.45428466796875,49.16277313232422
08562.jpg,3.2923,0.35752803087234497,0.584947319634366,0.9669340641436395,4.529516220092773,41.120731353759766,0.8089180282401586,0.35657367688245867,4.7573561668396,2.716176345669207,18.06745719909668,3.4293222427368164,92.9765625,0.9618273973464966,1.8617141246795654,0.49023425579071045,0.030845552682876587,15.108074188232422,0.45983293661306823,0.062013066867923884,0.6186786890029907,0.7313132882118225,0.26796412060738856,3.696087580488265,24.77801513671875,48.02374267578125
08566.jpg,3.3236,0.37332597374916077,0.6597868817911519,0.9781099857249644,4.305327892303467,49.388484954833984,0.8709108296855331,0.4123073914805733,4.88155460357666,3.030704452348793,18.24591827392578,4.321982383728027,71.17120361328125,0.9739750623703003,1.6729767322540283,0.44547778367996216,0.009160032495856285,20.38102912902832,0.43490123501827405,0.10152348597677952,0.6722860336303711,0.774549126625061,0.24831223505214567,3.7697550444080052,27.51092529296875,39.275901794433594
08596.jpg,3.3125,0.30330583453178406,0.7759507426527568,0.9669908194923593,4.220715761184692,31.39118766784668,0.7591271048903003,0.33349765224201156,4.802051067352295,3.500625604705778,17.113235473632812,2.483654260635376,104.40621185302734,0.9641094207763672,1.8612089157104492,0.5904251337051392,0.028796080499887466,15.40666675567627,0.46120007044759076,0.038775670317332464,0.5635542273521423,0.7155344486236572,0.29900102048627714,4.004636992011742,25.49969482421875,43.78395462036133
08618.jpg,3.3572,0.38414546847343445,0.6525735039243835,0.9773023567383068,4.19716215133667,46.1658821105957,0.8847950267683039,0.4150566501516867,4.767951488494873,2.925209937978826,17.267438888549805,3.9551446437835693,64.177490234375,0.9712988138198853,1.5837039947509766,0.500089168548584,0.006850484758615494,21.64278793334961,0.43394737505594244,0.11450838225556172,0.6860760450363159,0.7861298322677612,0.2755320168027368,3.8797547396203043,31.63592529296875,50.18852233886719
08646.jpg,3.3168,0.35441339015960693,0.5699118776510244,0.9644361032731252,4.707894802093506,41.76894760131836,0.8540127105167241,0.3977001953950486,4.79820442199707,2.708830030110219,18.000761032104492,3.5733232498168945,88.42633819580078,0.960282564163208,1.8591983318328857,0.46655985713005066,0.02116520330309868,16.743776321411133,0.46721479898583357,0.05546781949162902,0.6455987691879272,0.7284632921218872,0.25702289404599227,4.20874822964818,5.57049560546875,46.81621551513672
08667.jpg,3.3624,0.3743453621864319,0.6190930485612768,0.950617153671613,4.984833717346191,53.81584930419922,0.8821989371110235,0.4109138789182358,5.31474494934082,3.188210352380656,20.83656883239746,4.583826541900635,74.34685516357422,0.9322096109390259,1.571777582168579,0.490259051322937,0.01418163813650608,18.482738494873047,0.4410186899735283,0.09559411959473649,0.685954213142395,0.7870584726333618,0.2597506192759591,3.469473807362354,32.19305419921875,52.649993896484375
08670.jpg,3.421,0.42307332158088684,0.5732959889644592,0.9465007803408134,5.273428440093994,116.8071517944336,0.8690026791081306,0.44130477071592966,5.1848649978637695,2.9978595954474123,41.430931091308594,10.657883644104004,88.64449310302734,0.9174215197563171,1.3493765592575073,0.43337833881378174,0.01935415342450142,17.132259368896484,0.40125963650648855,0.09129228246533133,0.7234659790992737,0.8508985042572021,0.23115635800617618,3.8921682944118063,31.83660888671875,50.47908020019531
08690.jpg,3.3998,0.40935084223747253,0.6400536544932536,0.9511920896764152,4.784849166870117,95.28933715820312,0.875802917375257,0.4231695831362262,5.148390769958496,3.178914831552957,34.756317138671875,8.812826156616211,80.32139587402344,0.9248961210250854,1.4346423149108887,0.38494008779525757,0.01663227193057537,17.790485382080078,0.3942782496542119,0.11231539115007563,0.6724187135696411,0.7839336395263672,0.2208989572040016,3.6462150863078406,25.27606201171875,56.10209274291992
08698.jpg,3.4159,0.39898380637168884,0.5594647517545832,0.9478574646671044,5.067281723022461,109.75596618652344,0.860049467757944,0.4331094217661629,5.308939456939697,2.902575238097725,38.18951416015625,10.778915405273438,84.6734619140625,0.9224852323532104,1.4445693492889404,0.3300457000732422,0.01713240146636963,17.66181755065918,0.38987330434480794,0.09821744835520359,0.6991385221481323,0.7900446057319641,0.19313243184592196,4.213739293121721,41.88934326171875,44.402809143066406
08699.jpg,3.3758,0.35002508759498596,0.6270675946397227,0.9606621797307109,4.713587760925293,61.410465240478516,0.8077461984769142,0.40302866744223625,5.155642509460449,3.0943488878745367,24.136804580688477,5.477135181427002,95.34783172607422,0.9536670446395874,1.7773315906524658,0.5511574745178223,0.02766573801636696,15.580577850341797,0.4546647436751439,0.08611310947577655,0.6565154790878296,0.7708770036697388,0.29437802731469187,4.3009364677178565,43.71258544921875,49.304622650146484
08702.jpg,3.3552,0.31414249539375305,0.7082383194005806,0.9603128197263013,4.030942678451538,36.093414306640625,0.7554554731598693,0.36363538348432556,4.82520866394043,3.1361457882042494,16.201377868652344,2.866610527038574,102.89338684082031,0.9539819955825806,1.909942626953125,0.5735892057418823,0.036610860377550125,14.363900184631348,0.42190621122588157,0.027477621552927704,0.572998046875,0.6470217704772949,0.33402529157370686,3.7591647947735405,33.57830810546875,48.41015625
08703.jpg,3.3572,0.33129602670669556,0.7204546614722732,0.957481105495714,4.0623955726623535,36.374481201171875,0.8206488814456525,0.37152903710588364,4.732732772827148,3.1682590186416615,16.635662078857422,2.932844877243042,94.39041900634766,0.949310302734375,1.9237784147262573,0.556322455406189,0.035095006227493286,14.547548294067383,0.4922403911347895,0.04881343239535858,0.5958880186080933,0.6953798532485962,0.3080804119989557,4.245959651390023,27.77996826171875,42.609825134277344
08728.jpg,3.387,0.3475307822227478,0.6596859657645723,0.9571836464667645,4.699341773986816,45.97276306152344,0.8232464047546236,0.3817921280305024,5.161169528961182,3.2524324369887214,20.265119552612305,3.8978941440582275,90.55490112304688,0.9479040503501892,1.8333461284637451,0.5457537770271301,0.029186014086008072,15.34825325012207,0.45302281472228756,0.07738073576959348,0.6280703544616699,0.7460203170776367,0.2912602463203019,3.315724111300983,34.38348388671875,39.59199523925781
08729.jpg,3.3894,0.3677324652671814,0.647306761587376,0.9639942761900515,4.774911403656006,46.43821716308594,0.8578469385227002,0.39259779031791736,5.126961708068848,3.2047868110321875,19.870309829711914,3.9465882778167725,81.9327163696289,0.9580978155136108,1.766597032546997,0.5142886638641357,0.018030736595392227,17.439865112304688,0.4598112535510503,0.08540802670027726,0.6521706581115723,0.7498443126678467,0.2711428411846839,3.8093109083165304,39.18865966796875,52.0499267578125
08743.jpg,3.3794,0.34433791041374207,0.7323535714043564,0.9886771140849082,4.2419114112854,28.76068687438965,0.8187300240746153,0.38210677900781304,4.601545333862305,3.238281860646384,15.46789264678955,2.239122152328491,95.98694610595703,0.9895728826522827,1.8994214534759521,0.5756202936172485,0.02093919739127159,16.790401458740234,0.49285491245557417,0.04528455239198361,0.6213366985321045,0.7650154829025269,0.28946717896550417,4.453395192077747,25.74334716796875,46.739234924316406
08752.jpg,3.3516,0.3454142212867737,1.011691925273227,0.9559878262713951,2.3749165534973145,27.537857055664062,0.747588820857154,0.23000664789498404,4.740568161010742,3.599357767529761,15.515807151794434,2.080007553100586,100.29334259033203,0.9451535940170288,1.9263100624084473,0.788998007774353,0.059064365923404694,12.286744117736816,0.5203174378088703,0.008343290074153372,0.5303425788879395,0.6396677494049072,0.386648801836571,4.654725961322127,42.26092529296875,56.204219818115234
08780.jpg,3.365,0.3771894574165344,0.6517029665956497,0.9730587881672401,4.260862827301025,46.225318908691406,0.8742481825575887,0.4119329615749675,4.901420593261719,2.985555792287892,17.930973052978516,4.087522506713867,69.09349060058594,0.96591717004776,1.6832656860351562,0.47254079580307007,0.010480402037501335,19.796220779418945,0.4430495137658693,0.10830155514500656,0.6603988409042358,0.7702394723892212,0.2716682458174143,3.4512945983854793,22.77459716796875,38.70328903198242
08786.jpg,3.4214,0.38949304819107056,0.5855696975124689,0.9552835879291796,4.927958011627197,75.2163314819336,0.8597306576582051,0.42142743771099284,5.221543312072754,2.9716309981589006,29.125858306884766,6.598522663116455,85.68782043457031,0.941997766494751,1.6271858215332031,0.5184110403060913,0.021699151024222374,16.63557243347168,0.45535237166806397,0.10858554380663943,0.6859241724014282,0.7955945134162903,0.2773685064481539,3.9546958532524012,40.99285888671875,51.97002029418945
08787.jpg,3.4074,0.3283655047416687,0.5660977438615842,0.9640373494866671,4.688162326812744,54.17512512207031,0.7974924898306139,0.38757782753056064,4.905312538146973,2.7154324407341512,20.993797302246094,4.676213264465332,100.67282104492188,0.9587123394012451,1.8117544651031494,0.4728432893753052,0.026192249730229378,15.818272590637207,0.45783448422889633,0.0485457489970719,0.6240222454071045,0.7169493436813354,0.2875652476263195,3.547138969308494,30.79022216796875,43.4904670715332
08792.jpg,3.4325,0.3449726104736328,0.6348231904476128,0.9598337732161755,4.636518478393555,50.099693298339844,0.8224641109380518,0.3830872084660355,4.9802045822143555,3.0524711510961957,21.447959899902344,4.4022369384765625,95.86317443847656,0.9519524574279785,1.7886956930160522,0.48055535554885864,0.025805547833442688,15.882869720458984,0.45877388171412936,0.05807506843389124,0.641522228717804,0.7649205327033997,0.2684869560315014,3.9015381542181595,6.31463623046875,54.91127014160156
08798.jpg,3.4326,0.45609167218208313,0.5624384051831134,0.9435259392138936,5.097866058349609,133.29696655273438,0.8726265175996231,0.4467148847819387,5.040177345275879,2.8510230503390126,47.291175842285156,12.375849723815918,89.71255493164062,0.9146646857261658,1.403486967086792,0.45011407136917114,0.0209380891174078,16.790630340576172,0.4569541987836338,0.08993130145593108,0.7377623915672302,0.8492271900177002,0.24648551286480685,4.705769526182755,31.44744873046875,57.71922302246094
08809.jpg,3.4349,0.3764779269695282,0.628519966503796,0.9353180767907087,4.553930282592773,54.91801071166992,0.8345628285241636,0.36633734437396115,5.125555992126465,3.041886837394978,23.81235694885254,4.805938243865967,83.73441314697266,0.9059748649597168,1.8477137088775635,0.4975595474243164,0.039588481187820435,14.024311065673828,0.45845642417843463,0.09008426644799514,0.6277403831481934,0.7413359880447388,0.2670580495884283,3.6239346680154747,16.75213623046875,48.49486541748047
08818.jpg,3.3609,0.3124147951602936,0.6507521663081343,0.9700922282395624,4.2617270946502686,39.24727249145508,0.7630764929622752,0.3618615391600159,4.64996862411499,2.899664565726762,18.264163970947266,3.164072036743164,105.44389343261719,0.9684412479400635,1.8748077154159546,0.5963859558105469,0.028275951743125916,15.485828399658203,0.4643884576833744,0.026954676320698066,0.5808466672897339,0.7001194953918457,0.3283364536229891,3.755707380201026,37.20330810546875,48.52622985839844
08819.jpg,3.4035,0.36611080169677734,0.5832095534405395,0.9612173011603272,4.83962869644165,56.408512115478516,0.842602739692884,0.4119329021691127,5.218203067779541,2.9329224644852907,21.086078643798828,5.025197982788086,83.942626953125,0.9536604881286621,1.7482348680496216,0.4542955160140991,0.020284604281187057,16.928333282470703,0.44731195612567193,0.06949191230793181,0.6691693067550659,0.7750603556632996,0.25266880870706715,3.6355861773264326,2.79754638671875,48.02824401855469
08822.jpg,3.3426,0.3136734068393707,0.70651300054456,0.9664793574845806,3.951171398162842,38.56315612792969,0.7462465264407143,0.3606880684603087,4.659602165222168,3.0418231234472533,17.4714298248291,3.1432628631591797,104.84365844726562,0.9636709690093994,1.9078320264816284,0.5860936641693115,0.03485517576336861,14.577326774597168,0.46669525117092475,0.02415358958482427,0.5765290260314941,0.6869306564331055,0.3302285406771064,3.812239911840833,34.09979248046875,45.702980041503906
08825.jpg,3.3868,0.35377487540245056,0.6253004589003512,0.95622044245288,4.5691022872924805,46.7252197265625,0.8623637938443336,0.3907717890628819,4.963586807250977,2.9804090917174317,18.831785202026367,3.9196763038635254,87.97260284423828,0.9481207132339478,1.858896255493164,0.44782036542892456,0.02294418215751648,16.393274307250977,0.4722396313815933,0.057232389361968415,0.6480205059051514,0.7179818153381348,0.2514270066253741,3.7677550241294298,25.06268310546875,51.8663444519043
08831.jpg,3.3642,0.32656940817832947,0.7515862597862116,0.9572351961840908,3.5982906818389893,39.26025390625,0.7467147821991179,0.32757313991401416,4.798347473144531,3.1554128657415523,17.241422653198242,3.1990113258361816,102.8198013305664,0.9479764699935913,1.9099316596984863,0.5867123007774353,0.04508252814412117,13.459917068481445,0.4696965700606156,0.019833204379620183,0.5593992471694946,0.6360659599304199,0.34332430832075983,4.334072306359532,44.83660888671875,54.1281852722168
08835.jpg,3.42,0.38077646493911743,0.5944124185874763,0.939852915164644,4.585806369781494,41.076412200927734,0.8719495916723345,0.3686519052254236,4.927854061126709,2.8275299293840277,17.42545509338379,3.391974687576294,69.66968536376953,0.9184474945068359,1.8456867933273315,0.4495769739151001,0.02927209436893463,15.33546257019043,0.46580087380700974,0.08401546187987816,0.6209431290626526,0.7041965126991272,0.23627559015746655,4.4476605023162215,31.79022216796875,43.615638732910156
08836.jpg,3.392,0.37370237708091736,0.7268007082770924,0.9783946262514307,4.323109149932861,39.210655212402344,0.887259415745348,0.3874857100089445,4.94393253326416,3.3676593915430333,15.760282516479492,3.3150131702423096,67.79090118408203,0.9737489223480225,1.5778011083602905,0.4761359989643097,0.006031068507581949,22.196060180664062,0.44056210111223026,0.0919464519240537,0.6644006967544556,0.7800126671791077,0.2643474399207733,3.4377154258910094,27.77020263671875,42.111759185791016
08838.jpg,3.4109,0.3843229115009308,0.6341420392606112,0.9716732879444439,4.161076068878174,49.47829818725586,0.8870911150159687,0.41532914062329107,4.816957473754883,2.8466859694648097,18.427478790283203,4.395594120025635,64.9630355834961,0.9637578725814819,1.6148544549942017,0.4590977728366852,0.008242437615990639,20.83944320678711,0.46323870546827095,0.0963483199676215,0.6583840847015381,0.7478411197662354,0.2807096886884055,3.925210141667743,12.84490966796875,47.94940948486328
08848.jpg,3.3802,0.35217154026031494,0.7243793066890108,0.9793180268691821,4.005370140075684,30.657377243041992,0.7675766843592575,0.321095472714372,4.699079990386963,3.1526749472308815,16.738698959350586,2.4133999347686768,99.24850463867188,0.9790771007537842,1.9082183837890625,0.5898326635360718,0.03839242458343506,14.157544136047363,0.48639725609149437,0.049830731418317196,0.5693155527114868,0.7037592530250549,0.30806087390570064,4.5464468481123,42.09588623046875,50.6737060546875
08850.jpg,3.4178,0.3997192978858948,0.6465953466229135,0.9526431918112688,4.6915602684021,78.69277954101562,0.8854655084892723,0.4205133342998511,5.096022605895996,3.1643145661756336,30.052490234375,7.038802623748779,73.74349975585938,0.9275838136672974,1.3036412000656128,0.40096837282180786,0.01173381321132183,19.30560874938965,0.4190498401078484,0.108301298915202,0.664374828338623,0.7770434617996216,0.23326948485999863,4.137739264366677,32.06365966796875,55.323486328125
08857.jpg,3.3779,0.33829227089881897,0.7271828946406731,0.9778024993941564,3.5350286960601807,33.878116607666016,0.7280566395707391,0.3043193557487124,4.410524368286133,2.888948522440904,17.10872459411621,2.667360782623291,105.55560302734375,0.9769142866134644,1.9163914918899536,0.6611192226409912,0.04103676974773407,13.868268966674805,0.4874023796840757,0.025687300708322924,0.548520565032959,0.6779319047927856,0.3405397220437264,4.281319607311851,41.66717529296875,48.4991455078125
08865.jpg,3.441,0.37451472878456116,0.571986328335366,0.9499830267002043,4.9516282081604,53.32695770263672,0.8637359457092567,0.40031967554425396,5.216642379760742,2.908066257822595,21.376907348632812,4.552293300628662,77.92411804199219,0.9350484609603882,1.7557929754257202,0.4394702911376953,0.01975857838988304,17.042444229125977,0.4340463127478827,0.08510696575214795,0.6571211814880371,0.7448323965072632,0.24115416321958358,3.621553225214946,30.54119873046875,45.74276351928711
08884.jpg,3.4247,0.31470784544944763,0.6689367262550728,0.9725005827002872,4.732132911682129,39.1315803527832,0.7919270818905283,0.38859426446776724,4.84146785736084,3.2020785442896047,18.517406463623047,3.1780054569244385,101.05149841308594,0.9716824889183044,1.853729486465454,0.552008867263794,0.020414147526025772,16.90068817138672,0.45542974751599363,0.04038245676395872,0.6145108938217163,0.7284578084945679,0.2870072530587803,4.327932134822173,33.00067138671875,52.825538635253906
08890.jpg,3.434,0.35345950722694397,0.5587830410164906,0.9686626688796798,4.887610912322998,49.44166564941406,0.8410243263584716,0.4029470454875134,4.969151496887207,2.753905985601355,19.0058650970459,4.2161970138549805,90.07771301269531,0.9652992486953735,1.8047113418579102,0.45877498388290405,0.016937879845499992,17.711408615112305,0.44078157079022695,0.07015746237161566,0.6701018810272217,0.754108190536499,0.252250349271434,3.3550892979450646,17.47869873046875,50.01844787597656
08891.jpg,3.4572,0.3186454474925995,0.682405678322072,0.9555910074086663,4.417332649230957,46.69167709350586,0.7944582742928176,0.35700568734881094,5.015233993530273,3.2184309195394682,21.50327491760254,3.96364688873291,102.12744140625,0.9459578990936279,1.8357932567596436,0.5679329037666321,0.030982941389083862,15.088773727416992,0.4854227646264529,0.061116314123855604,0.6023119688034058,0.726754903793335,0.3125461045084979,3.9936682081047015,34.06072998046875,42.570068359375
08901.jpg,3.4309,0.35455620288848877,0.6307178200326019,0.9561913931271798,4.630171775817871,56.29248046875,0.8141024830536795,0.38600563276591876,5.069199085235596,3.0587946036934532,23.316186904907227,4.925539970397949,95.38722229003906,0.9467306137084961,1.7858402729034424,0.5234634280204773,0.03366130590438843,14.728690147399902,0.47955974914504057,0.059079428181840976,0.6319597959518433,0.7522336840629578,0.2989774235657293,3.7427480075011847,36.78631591796875,55.60204315185547
08904.jpg,3.4339,0.34614747762680054,0.6384501004055824,0.9654610643963798,4.859201431274414,47.54155349731445,0.8373665856221686,0.40540480600558126,5.099512100219727,3.1790827702482964,21.165494918823242,3.977888345718384,92.9016342163086,0.9609283208847046,1.7648290395736694,0.5347803831100464,0.019814439117908478,17.030181884765625,0.463365121216246,0.05697159472418396,0.6368157863616943,0.7525860071182251,0.28454368963687265,3.9111882823316235,30.86834716796875,57.01715850830078
08923.jpg,3.4161,0.3708482086658478,0.6382318960734056,0.9610973928333725,4.900157928466797,49.02656555175781,0.8667678414450718,0.39869907878993877,5.265242099761963,3.2439530986235035,19.751827239990234,4.306815147399902,76.55096435546875,0.9503364562988281,1.609710693359375,0.4260045289993286,0.014287618920207024,18.450401306152344,0.4859965014881933,0.0647105874415884,0.6451913118362427,0.7345589399337769,0.24562409221846904,4.875212113890062,56.76385498046875,53.762325286865234
08929.jpg,3.3872,0.35034480690956116,0.6748007537130991,0.9721375602183052,4.564555644989014,37.862037658691406,0.8283263871039652,0.388722404771111,5.007469177246094,3.229617278359674,16.63128089904785,3.1344540119171143,90.24031829833984,0.9702045917510986,1.8457731008529663,0.4888754189014435,0.023980548605322838,16.20140838623047,0.45267523272403865,0.06875352092915162,0.6357427835464478,0.7344955801963806,0.263472660075417,3.6004544731708776,21.02947998046875,48.32463073730469
08936.jpg,3.2924,0.3797735571861267,0.7246742819843001,0.9873426663126975,3.947625160217285,29.521739959716797,0.9160191254631718,0.30804016380480304,4.466876983642578,3.048900214861444,13.383143424987793,2.3120391368865967,64.52794647216797,0.9853992462158203,1.6302400827407837,0.5347673296928406,0.004632633179426193,23.34172248840332,0.4991186149411741,0.06597845973910062,0.6281217336654663,0.7330167889595032,0.3191742642301819,4.448660201404673,35.42205810546875,46.625614166259766
08939.jpg,3.2962,0.3059409260749817,0.8080889066613149,0.9564909346544562,3.490971326828003,32.38887023925781,0.7499514984157706,0.29568771266861144,4.747404098510742,3.328684721882314,16.18621253967285,2.5602660179138184,104.67192840576172,0.9462758302688599,1.9215278625488281,0.6250771284103394,0.041658394038677216,13.802974700927734,0.47811470855794097,0.019326956270303414,0.5470787882804871,0.6512714624404907,0.34638203477040697,4.525972080519968,46.45721435546875,49.429344177246094
08948.jpg,3.3127,0.3405231535434723,0.6007988855925931,0.9584282711456398,4.369837284088135,64.1233139038086,0.7854319958685619,0.39572807318444814,4.974154472351074,2.8069409098179543,22.478164672851562,5.597579479217529,98.98770141601562,0.9508522748947144,1.8443667888641357,0.5060518980026245,0.036886245012283325,14.331356048583984,0.4912208472074895,0.04051760654271793,0.6193887591362,0.6971200704574585,0.31153711255960265,4.216223132908628,35.51141357421875,49.83490753173828
08956.jpg,3.3476,0.33460021018981934,0.6220192854595861,0.9694857023318852,4.659027099609375,48.906978607177734,0.8184519672171156,0.40897444524241044,4.902675628662109,2.973793334623716,21.11178970336914,4.132608413696289,99.42667388916016,0.9663956761360168,1.7732914686203003,0.5291010737419128,0.02239057794213295,16.499347686767578,0.46682766714083657,0.04987860230305996,0.6360418200492859,0.7495638132095337,0.2990808843749703,3.2997080647390478,27.26141357421875,52.068031311035156
08977.jpg,3.3688,0.35007932782173157,0.6585879800917358,0.9741490724081779,4.618008613586426,62.374664306640625,0.8110918135232521,0.4108943800162033,4.99501895904541,3.165524332466795,24.979034423828125,5.418374061584473,97.9995346069336,0.9719288349151611,1.7239155769348145,0.5571251511573792,0.022397421300411224,16.49802017211914,0.4769978276606322,0.07796846808008973,0.6549549698829651,0.7844515442848206,0.30274972378131615,3.7063730081081876,33.00067138671875,45.9943962097168
08978.jpg,3.3489,0.3945635259151459,0.6044969462220687,0.9502843700721819,4.8688063621521,87.59690856933594,0.8768036772286637,0.43038158834084,5.275727272033691,3.0661808919994282,30.755901336669922,7.971719264984131,77.26644134521484,0.924839973449707,1.3763995170593262,0.41390132904052734,0.01347445696592331,18.70488929748535,0.42022882128457856,0.10050863335839874,0.6902408003807068,0.8010058403015137,0.24127354697572548,3.7020891686522512,20.17840576171875,52.196022033691406
