image_name,time_s,CE,NMI,QNCIE,TE,EI,Qy,Qcb,EN,MI,SF,AG,SD,CC,SCD,VIF,MSE,PSNR,Qabf,Nabf,SSIM,MS_SSIM,VIFF,NIQE,BRISQUE,MUSIQ
00000.png,7.082744654268026,0.6910471320152283,0.5851796203207085,0.8565760594887336,7.1089253425598145,59.724082946777344,0.9669285752974468,0.6143952740208954,6.947855472564697,4.112881064717678,16.78167152404785,5.558196067810059,33.41396713256836,0.5293618440628052,1.628005027770996,0.9400100111961365,0.03462701290845871,14.605850219726562,0.75082011100031,0.01820514744774828,0.48256492614746094,0.46474727988243103,0.7517483465287155,3.978582915766131,33.59295654296875,63.50965118408203
00011.png,6.947751719504595,0.6896554827690125,0.5686628392076942,0.8586643846586094,7.120233535766602,59.295501708984375,0.966910010505973,0.6112787665097534,6.885587692260742,3.982305356590384,16.75692367553711,5.520369529724121,32.26001739501953,0.5207977294921875,1.6302504539489746,0.934528648853302,0.03352436050772667,14.746395111083984,0.7485269292912374,0.01886708796845307,0.48463237285614014,0.46830764412879944,0.7460240108441392,3.870416972807226,32.94793701171875,62.5855827331543
00025.png,7.031173266470432,0.7265527248382568,0.65338000149473,0.8658021352790722,7.103981018066406,39.0805549621582,0.9678262215228625,0.5295070053043806,6.413700580596924,4.416102740607435,12.493329048156738,3.5838637351989746,25.77585792541504,0.4169383943080902,1.552854061126709,0.9672720432281494,0.05316130071878433,12.744044303894043,0.7156557100738555,0.016046426307832692,0.48085200786590576,0.41833141446113586,0.7265144858018038,3.7015105636899857,21.66961669921875,55.26933288574219
00031.png,7.043690521270037,0.72789067029953,0.6731207688597568,0.8629472978767052,7.153957366943359,40.23090362548828,0.968164194290838,0.5069561283328998,6.608368396759033,4.631865373470424,12.996708869934082,3.6986966133117676,28.957490921020508,0.41502851247787476,1.5798823833465576,0.949063241481781,0.05365736037492752,12.703706741333008,0.7140130631942991,0.01643280336679999,0.48215383291244507,0.40818774700164795,0.7224494981552819,3.8794202990064868,18.50604248046875,51.72840118408203
00033.png,7.084286767989397,0.6897727847099304,0.5589650578330373,0.8586207279964019,7.087657928466797,57.817806243896484,0.9658261973494036,0.5970408511270541,6.897767543792725,3.9086924299318913,16.671770095825195,5.384910583496094,32.11235046386719,0.5129837989807129,1.6156589984893799,0.9208768606185913,0.03213563933968544,14.930131912231445,0.7440798938581249,0.018438968587485744,0.4870395362377167,0.4685431718826294,0.7293982304723844,4.034083472419028,31.06512451171875,60.68623733520508
00042.png,6.972692314535379,0.7260245680809021,0.667610145158685,0.8597504926295964,7.135699272155762,44.77227020263672,0.9678510781387759,0.5271787177071428,6.466971397399902,4.540652361485376,14.305374145507812,4.116119384765625,27.493610382080078,0.4105595648288727,1.5490297079086304,0.9585961699485779,0.056831009685993195,12.454147338867188,0.7242777778150667,0.016217415071625812,0.4790465235710144,0.40934067964553833,0.7377089834539803,4.061867194766539,21.79217529296875,55.06928634643555
00061.png,6.851870764046907,0.7173384428024292,0.6969195434557979,0.866787797795837,7.235014915466309,36.96259307861328,0.9752672510425671,0.5222148615573351,6.597949981689453,4.82024447023295,12.851195335388184,3.3540806770324707,30.89274787902832,0.43288761377334595,1.5503253936767578,0.958695650100708,0.048500869423151016,13.142504692077637,0.7374759017398151,0.013239246689730854,0.4782089293003082,0.4557551443576813,0.7587937062485346,3.8494036555629583,18.34637451171875,51.28879165649414
00071.png,5.826075859367847,0.7189627885818481,0.7328387409663861,0.8712136699360669,7.240372657775879,34.82966995239258,0.9781342067990186,0.5222977799583914,6.486378192901611,5.029760636657592,12.394739151000977,3.1539552211761475,31.044174194335938,0.4309237599372864,1.5209012031555176,0.9873262047767639,0.05119025334715843,12.908126831054688,0.7522878444872386,0.010522306019045328,0.47120386362075806,0.4138451814651489,0.7908137567718841,4.174484686456318,18.11590576171875,49.9199333190918
00082.png,5.4931603111326694,0.7102348208427429,0.5548273020843775,0.8669698333737351,7.188288688659668,44.756614685058594,0.9683432951698545,0.5555935716167628,6.669834136962891,3.8444420601380784,12.183974266052246,4.098084926605225,26.870895385742188,0.4440373480319977,1.5885599851608276,0.956570029258728,0.04515252634882927,13.453179359436035,0.6926120782072305,0.019834864491816626,0.4902178943157196,0.4641197621822357,0.7188481502740429,4.211490398863622,31.71112060546875,46.15507507324219
00097.png,4.942884117364883,0.7142888903617859,0.6191814465190041,0.8732186355262446,7.005090713500977,35.04360580444336,0.9691735862425885,0.49259496855603696,6.075283527374268,4.049572245806878,10.45573616027832,3.1575369834899902,22.692127227783203,0.41423338651657104,1.514445185661316,1.0059720277786255,0.06026854366064072,12.199094772338867,0.6842533463489329,0.016655855071626608,0.45763063430786133,0.4439960718154907,0.7286289742821715,4.098581890647481,23.95037841796875,57.81947326660156
00107.png,5.806813679635525,0.6945464611053467,0.557763986516026,0.8635143270861616,7.175015449523926,53.32374572753906,0.9714021049358905,0.6349399549763493,6.832615852355957,3.906486440119469,14.188777923583984,4.863490104675293,28.961427688598633,0.5093135237693787,1.617342233657837,0.9431114792823792,0.033386677503585815,14.76426887512207,0.719792110427513,0.018932865046654826,0.4954947233200073,0.4647579491138458,0.7631529885036075,3.992010071651086,33.57781982421875,45.889381408691406
00112.png,6.7616912722587585,0.7250840067863464,0.6178812180643167,0.8624661793860615,7.158506870269775,49.39424133300781,0.9727430906046284,0.5802170128982291,6.585170269012451,4.245991023257288,13.992055892944336,4.492031097412109,27.37742042541504,0.5168549418449402,1.5313467979431152,0.9464995265007019,0.06023503094911575,12.201508522033691,0.7242253427192565,0.017963602919565475,0.4763721227645874,0.4379085302352905,0.7652759798386459,4.2650324026738655,31.82440185546875,47.636436462402344
00118.png,6.733460236340761,0.7312749624252319,0.5513788796876788,0.8550741140492529,7.1375322341918945,49.14958953857422,0.9716070793072822,0.5512479865594632,6.497553825378418,3.7590593750295724,14.49637222290039,4.472583293914795,25.672035217285156,0.4992026686668396,1.629496455192566,0.9376308917999268,0.061721209436655045,12.095656394958496,0.7292908874023917,0.016359216178419057,0.47601592540740967,0.41921600699424744,0.7459171691646846,3.8859757087137403,30.94158935546875,57.95603942871094
00147.png,6.700230948626995,0.7166980504989624,0.6606990534745445,0.8655645661214802,7.143867492675781,46.491050720214844,0.9711572023484145,0.5508176720970874,6.706946849822998,4.575621840338357,14.467534065246582,4.2667036056518555,30.82112693786621,0.5392132997512817,1.5835225582122803,0.9752921462059021,0.05497248098254204,12.598546981811523,0.7403106957076911,0.013548507689722477,0.4831540584564209,0.4177127182483673,0.772587108084107,3.867440354654611,20.30780029296875,52.45018768310547
00149.png,6.699351646006107,0.6742600798606873,0.6324184336190501,0.8620798103255939,7.031703472137451,53.508056640625,0.970462821601346,0.6002786243352235,6.9117937088012695,4.40907376226016,14.829611778259277,5.005196571350098,35.53140640258789,0.6105579733848572,1.6466310024261475,0.9861264824867249,0.038224756717681885,14.176553726196289,0.7508673732057043,0.014372844926916003,0.48659226298332214,0.4949839115142822,0.7891505524545435,3.913867049333734,27.45330810546875,57.14298629760742
00150.png,6.6998900435864925,0.6709781885147095,0.6437012045942566,0.8648662840844954,6.9713053703308105,55.80219650268555,0.9727397939973152,0.6152621610945342,6.890582084655762,4.461468318128899,15.332276344299316,5.2589945793151855,34.07482147216797,0.6104289889335632,1.6167149543762207,0.9789397120475769,0.0370965339243412,14.306668281555176,0.7564994444581903,0.014425914779497463,0.48740077018737793,0.49535804986953735,0.7908704389077308,4.027652086729718,26.18621826171875,56.69572448730469
00159.png,5.154977045953274,0.6810352206230164,0.625827311851939,0.8577136215403766,7.107396602630615,47.73313522338867,0.9728269286083497,0.5837827615849216,6.67246675491333,4.311918594606068,13.102640151977539,4.454694747924805,29.450016021728516,0.5475727319717407,1.6307497024536133,0.9463903903961182,0.04085022211074829,13.888055801391602,0.7292614095566917,0.01798173976508452,0.48568543791770935,0.48384392261505127,0.764684002566521,4.097328398828672,26.63739013671875,58.08441162109375
00177.png,4.877449203282595,0.6851671934127808,0.6214366305435778,0.8687002552093452,7.128730773925781,57.068458557128906,0.9757701342019885,0.6419247448535286,6.956781387329102,4.376637980050864,14.795446395874023,5.365233898162842,33.0583381652832,0.6250487565994263,1.585794448852539,0.982851505279541,0.04184840992093086,13.783210754394531,0.7632392145629238,0.014422743488464344,0.4875049889087677,0.5091748237609863,0.8009529637340077,4.185127299109657,32.41229248046875,57.53765869140625
00196.png,5.55377022176981,0.6797590255737305,0.6661127402146152,0.8859478065111672,6.951938629150391,68.78123474121094,0.981196884625784,0.7146998905431785,6.8391828536987305,4.5932323176926015,17.15999984741211,6.289763450622559,32.578521728515625,0.6996440291404724,1.4586741924285889,0.9959273934364319,0.04648634418845177,13.32674789428711,0.7914149253674948,0.010910018474236007,0.485524982213974,0.46253615617752075,0.8682191508149172,4.2210022396350615,44.69598388671875,42.996761322021484
00202.png,6.26409962400794,0.7100108861923218,0.6899289536355818,0.866582216145812,7.062624931335449,50.73701095581055,0.9790562443560356,0.555796814517781,6.669866561889648,4.7372336009951805,13.865804672241211,4.67567253112793,29.16577911376953,0.5566964745521545,1.5451703071594238,0.997483491897583,0.061487361788749695,12.112140655517578,0.7517100822425223,0.013398929876284188,0.48678186535835266,0.47151145339012146,0.7995257154979484,3.7142232652629623,28.84002685546875,47.79791259765625
00210.png,5.247663948684931,0.6771612167358398,0.6318511418708151,0.8554054105438835,6.8820977210998535,46.943233489990234,0.9715658217653684,0.5299335165959232,6.655891418457031,4.277008351766749,13.533079147338867,4.353099346160889,29.943157196044922,0.443337082862854,1.6589601039886475,0.9763019680976868,0.048663631081581116,13.127955436706543,0.7183841976546987,0.018055151550618567,0.48434561491012573,0.4922143518924713,0.735803445821907,3.740603323213714,24.33709716796875,53.919776916503906
00215.png,6.270209740847349,0.6888488531112671,0.6527117989989409,0.8556760800814043,6.965764999389648,48.23173141479492,0.9723653337362294,0.5274931344342162,6.699752330780029,4.459833762272034,13.644338607788086,4.4738545417785645,30.29928207397461,0.5304069519042969,1.6876208782196045,0.991051971912384,0.05375155434012413,12.696089744567871,0.7228002027236738,0.018275868170776984,0.48471716046333313,0.4911287724971771,0.7330711501386611,3.9093618504225534,22.69891357421875,59.72081756591797
00232.png,6.23353760689497,0.6951321363449097,0.5945026674613995,0.8576395116291888,7.2064971923828125,44.24921798706055,0.9695274173337364,0.5190886119504938,6.542980194091797,4.087061014309121,12.424412727355957,4.1008710861206055,29.314809799194336,0.5689927935600281,1.6441869735717773,0.9512345194816589,0.04516841098666191,13.451652526855469,0.7131010729007109,0.01828786194719998,0.48312264680862427,0.5025838613510132,0.7242834481390992,4.120170327525011,17.76483154296875,56.43614959716797
00242.png,6.25045383349061,0.6954423785209656,0.6144793230374066,0.8604933763683543,7.199010372161865,36.01980209350586,0.9660038452882441,0.4757302519227097,6.622786998748779,4.24661546559587,11.26750659942627,3.292212963104248,30.907155990600586,0.4917430281639099,1.6633353233337402,0.9600332975387573,0.04653816670179367,13.321907043457031,0.6796527876282428,0.019651772742414943,0.4800718128681183,0.47988709807395935,0.6894643904458873,4.351481205878462,12.32977294921875,56.293479919433594
00255.png,4.532173551619053,0.6570261716842651,0.8653845428760368,0.8773207127758142,5.790490627288818,25.666744232177734,0.9597964605003695,0.5828551406719913,6.326260566711426,5.242837588332039,8.492627143859863,2.3016862869262695,25.315359115600586,0.5164347887039185,1.287874460220337,1.0137109756469727,0.027183232828974724,15.656988143920898,0.670067096187447,0.010048400673217908,0.4895854592323303,0.4572262763977051,0.7464428662804283,4.025107794680216,16.33172607421875,54.06563186645508
00274.png,5.815694648772478,0.6585912108421326,0.8104871385449351,0.8723858134247255,6.008862018585205,28.007320404052734,0.9657172429990872,0.5624411978678802,6.36958122253418,5.016298144031834,8.9017333984375,2.52400541305542,26.763202667236328,0.5109796524047852,1.3425308465957642,0.9999399185180664,0.0323355570435524,14.903196334838867,0.6608472856507281,0.013068375613146499,0.4910140335559845,0.506615161895752,0.7224131385210476,4.2015088845216955,19.05096435546875,46.43828582763672
00284.png,4.5775658786296844,0.6513703465461731,0.808909017356104,0.8717039963428423,6.119756698608398,27.40145492553711,0.9622225757142822,0.5495112606353212,6.344730854034424,5.0413320622338595,8.791961669921875,2.471395969390869,26.38540267944336,0.5110948085784912,1.3400990962982178,0.9848971962928772,0.03123454563319683,15.053648948669434,0.6509872854910544,0.014377503535955984,0.49333053827285767,0.518235445022583,0.7045510189721286,4.125958437474073,20.37078857421875,49.003440856933594
00290.png,5.351628195494413,0.6399449110031128,0.7859834014519498,0.8694243648863151,6.1903395652771,27.523162841796875,0.9635587086055211,0.562929704360212,6.335003852844238,4.9223693710502,8.737910270690918,2.480498790740967,26.387556076049805,0.49831560254096985,1.362781286239624,1.0096328258514404,0.032436128705739975,14.889711380004883,0.6548175424798885,0.014472266473473749,0.49194130301475525,0.5131542682647705,0.7130140652079295,4.189122374132903,19.41229248046875,48.13232421875
00306.png,6.054430369287729,0.6470531821250916,0.7689789489878229,0.8697339052132187,6.146792888641357,27.365310668945312,0.962269517257818,0.5393689507116274,6.2736592292785645,4.775546094673983,8.632864952087402,2.467153787612915,25.779382705688477,0.4952417314052582,1.3624224662780762,0.9881370067596436,0.034718263894319534,14.594420433044434,0.643125275284672,0.016100106471604668,0.4868164658546448,0.516294002532959,0.6839297497264472,4.119011111396552,19.28192138671875,45.79662322998047
00320.png,5.237327001988888,0.651627779006958,0.8167410881725775,0.875254803325896,6.342840194702148,34.32358932495117,0.9680917341953924,0.6053179604801193,6.449379920959473,5.22397981456179,10.206036567687988,3.1129283905029297,28.087364196777344,0.47428056597709656,1.32145357131958,1.0028679370880127,0.038925740867853165,14.09763240814209,0.7051173843726436,0.01370051496046738,0.47840946912765503,0.5041148662567139,0.7663322118956188,3.910022708681568,24.05291748046875,56.039894104003906
00325.png,5.334385629743338,0.6213569641113281,0.651344276386931,0.8779569002900729,5.561341762542725,21.877399444580078,0.9170828789670387,0.45650924365126466,7.068204879760742,4.11310306144617,5.49721097946167,1.927347183227539,51.428287506103516,0.4699329733848572,1.289778470993042,0.9370424747467041,0.04668787494301796,13.307958602905273,0.5817955031994055,0.02064664061653644,0.4442465305328369,0.48124703764915466,0.5682896788581,3.9438440981838476,17.20037841796875,43.280426025390625
00334.png,5.313214890658855,0.59046471118927,0.8105389797661461,0.9230171106363518,5.661732196807861,19.491792678833008,0.9455368293736013,0.4886999230923327,7.244996070861816,5.230717914086036,5.066908359527588,1.6881673336029053,51.747962951660156,0.8490086793899536,1.0238728523254395,1.0856930017471313,0.03425442427396774,14.652833938598633,0.5901114970983677,0.016627796477135814,0.47907283902168274,0.5112208724021912,0.6589461955579731,4.995690840544725,23.14031982421875,43.02423858642578
00339.png,5.078887619078159,0.6380342245101929,0.5721596660265388,0.8672236980163548,6.663466453552246,21.873334884643555,0.9516637624423971,0.4887732212941019,6.9931817054748535,3.9069015220017604,6.889418601989746,1.8859269618988037,38.4246711730957,0.6636397838592529,1.638380527496338,1.0540549755096436,0.02190142124891281,16.595277786254883,0.6200676376441525,0.01022172044255889,0.4983539581298828,0.5089420080184937,0.6298711446994053,5.493692757348575,23.28533935546875,43.54304504394531
00349.png,5.4870477467775345,0.7138632535934448,0.5468308143121161,0.8739375473886052,6.8723530769348145,26.894058227539062,0.9444645874004376,0.3810049629920983,6.042896270751953,3.5312371795259097,8.584688186645508,2.3715522289276123,19.50126075744629,0.3823169767856598,1.3420753479003906,0.8522778749465942,0.05945602059364319,12.258042335510254,0.5962825150172834,0.022075725332863293,0.4381445050239563,0.4204486608505249,0.4156829118564149,4.043063217689912,22.89862060546875,58.31852722167969
00353.png,5.105095453560352,0.7167327404022217,0.5482001065068146,0.8738434077679281,6.866116523742676,26.884092330932617,0.9446741740726924,0.3837870739690459,6.02899694442749,3.5345602702090755,8.591541290283203,2.3720016479492188,19.272241592407227,0.37899482250213623,1.343777060508728,0.8532422184944153,0.06052998825907707,12.18029499053955,0.5973700538234721,0.02218213854682199,0.43652579188346863,0.42009902000427246,0.4180837834942119,4.4194572410728785,22.73162841796875,55.70254898071289
00370.png,5.394564799964428,0.7224370837211609,0.5492629263832819,0.8728528269062988,6.867010116577148,27.97174835205078,0.9466571738584337,0.37810759453732967,6.070115089416504,3.552950679948685,8.84668254852295,2.4755454063415527,20.297609329223633,0.38802212476730347,1.3801106214523315,0.8650343418121338,0.06009186431765556,12.21184253692627,0.6040708311874133,0.02398556816765311,0.4383623003959656,0.4271585941314697,0.4436497593603869,4.176058235556748,23.04217529296875,62.34184646606445
00385.png,4.7801611833274364,0.7188791036605835,0.5435737256312392,0.8685135195454382,6.863576412200928,25.866436004638672,0.9439838505304483,0.3691739336550196,5.993919849395752,3.494507472164777,7.951592922210693,2.2715041637420654,19.33493423461914,0.3886104226112366,1.3713732957839966,0.8409003019332886,0.05942130088806152,12.260579109191895,0.5870033274948654,0.02322715358071401,0.43811163306236267,0.41705697774887085,0.4086903053369087,4.150592404791025,22.77166748046875,63.15182876586914
00386.png,5.1127284578979015,0.6488624811172485,0.5405198163927546,0.873400942510834,6.815903663635254,34.41982650756836,0.9601042105343187,0.5393673742035168,6.810601234436035,3.6827078375083975,10.883378028869629,3.1332309246063232,36.04115295410156,0.7128371000289917,1.6216233968734741,1.0756642818450928,0.017393197864294052,17.59620475769043,0.6781195319069148,0.01674027806295305,0.5049099922180176,0.5311035513877869,0.6637523939130732,4.952932379604758,28.00262451171875,37.42351531982422
00388.png,5.125720895826817,0.696694016456604,0.533161181119905,0.871354638167146,6.947755813598633,24.889934539794922,0.9379725635806169,0.4267926578850461,6.55152702331543,3.598655696720794,8.009913444519043,2.1846041679382324,27.646448135375977,0.7094780206680298,1.6599705219268799,1.035496473312378,0.03346408158540726,14.754210472106934,0.6346275195174405,0.014330716689753501,0.45858561992645264,0.4994906783103943,0.5390727100290789,5.37733835448788,21.73504638671875,45.919456481933594
00389.png,5.472261797636747,0.6665512323379517,0.5834928666407498,0.8755279580399177,6.834626197814941,28.106990814208984,0.9506285983919419,0.47087779161596394,6.784997940063477,3.973487229836973,9.087371826171875,2.525557518005371,35.23625564575195,0.7225644588470459,1.6920359134674072,1.0661925077438354,0.02356778457760811,16.276813507080078,0.649771535869909,0.017613019581630092,0.48629701137542725,0.5308338403701782,0.60697131247737,4.732747567734906,10.65789794921875,38.64360809326172
00390.png,5.401084087789059,0.6301030516624451,0.584556307242543,0.8739024284088543,6.73845100402832,28.957866668701172,0.9612520384890111,0.5240138453941602,6.826070785522461,3.9646240306232308,9.605559349060059,2.6100058555603027,39.87869644165039,0.6942720413208008,1.635959506034851,1.066878318786621,0.019906863570213318,17.009971618652344,0.6548518774013085,0.02176306731334544,0.4998796880245209,0.5432100296020508,0.6485423185713932,4.6613997599337305,22.67303466796875,37.918888092041016
00400.png,4.934392876923084,0.6523199081420898,0.48514075765458403,0.8671791650023979,6.729576587677002,45.32508087158203,0.9570243328029191,0.5784179530959737,6.850127220153809,3.294042838241353,13.648411750793457,4.216096878051758,36.34891891479492,0.6817376613616943,1.6263701915740967,1.0524386167526245,0.01980901136994362,17.0313720703125,0.7478478987992524,0.011792115316018776,0.48442450165748596,0.5017375349998474,0.6949960416328813,4.0270099009596745,22.78240966796875,44.696067810058594
00405.png,5.440140746533871,0.6540443897247314,0.543274672815058,0.8726413801103512,6.716895580291748,41.04328155517578,0.9612450595990067,0.5492664399256282,6.735925197601318,3.654298347739184,13.598515510559082,3.7513720989227295,34.93716049194336,0.7137715816497803,1.609126091003418,1.0794098377227783,0.017857318744063377,17.48183822631836,0.7293996516315305,0.013527858403415633,0.4893186092376709,0.5064544677734375,0.6836990824959112,4.15821953376325,19.65936279296875,49.57284164428711
00409.png,4.8152072206139565,0.6525853872299194,0.5817924149689243,0.8804214682356903,6.770923137664795,36.055763244628906,0.9528382779274792,0.5094020455902881,6.868802070617676,3.9677551009963725,11.866239547729492,3.315521717071533,38.027244567871094,0.742415189743042,1.6616692543029785,1.03031587600708,0.018887914717197418,17.238161087036133,0.6887017223328139,0.015910006954485564,0.48160654306411743,0.5146334171295166,0.633470593517741,4.171439213138767,16.73455810546875,48.30669403076172
00419.png,5.277377597987652,0.6385186910629272,0.48654495081269616,0.8811932131490549,6.347147464752197,35.31903076171875,0.941093437228275,0.5530435095630066,6.998536586761475,3.246646485997628,11.089061737060547,3.2492165565490723,41.46963119506836,0.7149499654769897,1.5627093315124512,0.9228547811508179,0.018644962459802628,17.29438591003418,0.650026081329122,0.01924157389833285,0.48590901494026184,0.4902474284172058,0.5935300368174646,3.6119087452482708,22.74237060546875,48.98805236816406
00421.png,5.116619799286127,0.6601495742797852,0.6007425769483851,0.8906119205371498,6.986813068389893,35.39521408081055,0.9455476419322282,0.4754479514201935,6.7458600997924805,4.124911295087335,11.511394500732422,3.2476534843444824,34.00062561035156,0.7858263254165649,1.712391972541809,0.9242827892303467,0.02503570169210434,16.014402389526367,0.6766304558403257,0.017598032379465493,0.47166627645492554,0.5193827748298645,0.5701132893413117,4.123914545870885,16.96844482421875,48.16498947143555
00434.png,5.082575540989637,0.6496500968933105,0.5775728592750907,0.8872165034464795,6.932267189025879,33.72587203979492,0.9492708635979327,0.4982496337909799,6.906315326690674,3.996405486970618,10.874852180480957,3.118725538253784,37.706912994384766,0.7730867266654968,1.6793477535247803,1.0029451847076416,0.01975645124912262,17.042911529541016,0.6821667728842158,0.015005763418622246,0.479630708694458,0.5275787115097046,0.607509799936304,3.876703270595165,15.70233154296875,46.55295181274414
00441.png,5.00554871186614,0.6185749769210815,0.5703436977416851,0.8901809615770842,6.288754940032959,32.04666519165039,0.9557828216820645,0.5445955515550043,6.847227573394775,3.7460231859705857,11.023266792297363,2.977762222290039,40.33140182495117,0.7478803396224976,1.492043375968933,1.0797924995422363,0.014935221523046494,18.257883071899414,0.6790526549672211,0.013932661832134038,0.49487215280532837,0.49578922986984253,0.6615541227677103,4.199800586254055,23.43426513671875,46.08386993408203
00443.png,5.009596787393093,0.6427645683288574,0.47879588873722273,0.8888315201729065,6.076009273529053,39.52705383300781,0.9122560472947635,0.5241605210167826,7.139898300170898,3.163870031650239,11.882660865783691,3.57887601852417,43.83924865722656,0.7435309886932373,1.573312520980835,0.9517499208450317,0.023876946419477463,16.220211029052734,0.6702848255923323,0.015385751509124102,0.4609430134296417,0.499103844165802,0.596997022612401,4.215288760201614,38.60711669921875,43.119964599609375
00449.png,4.646491955965757,0.6218489408493042,0.6158025768990286,0.8965949725362496,6.304227352142334,26.49648666381836,0.9578383452790631,0.533945640261988,6.881463050842285,4.0599024215284185,9.056853294372559,2.421630859375,43.41482925415039,0.7690045237541199,1.5278953313827515,1.082816481590271,0.01650317944586277,17.824323654174805,0.6445675988170005,0.014960600356097736,0.49377113580703735,0.5073056817054749,0.6683926263207307,4.763589562958694,24.05584716796875,42.72796630859375
00453.png,4.887599300593138,0.6672384142875671,0.4748747264663543,0.8717707839879516,6.639729022979736,31.07314109802246,0.9459527058660238,0.4984607320921999,6.426666736602783,3.1024590413911,10.235289573669434,2.8527064323425293,27.68984031677246,0.7039859294891357,1.6854816675186157,1.0922693014144897,0.018142353743314743,17.41306495666504,0.6730235377751362,0.014037465131220459,0.4707394242286682,0.5083052515983582,0.6234887090825039,4.247067209943373,19.49285888671875,46.08453369140625
00461.png,4.797671478241682,0.6716192960739136,0.5091282947637907,0.8790511995544393,6.691676139831543,29.79205894470215,0.9416255269911735,0.46635254426759964,6.580605983734131,3.378656570193977,9.96399211883545,2.7102324962615967,29.458450317382812,0.7335952520370483,1.6997859477996826,0.9954319000244141,0.021091099828481674,16.759008407592773,0.6484965936413625,0.01635304097842544,0.4691306948661804,0.5134296417236328,0.5711972790088943,4.281775361952989,18.74871826171875,44.72559356689453
00479.png,5.059998720884323,0.6417560577392578,0.5459286919573134,0.8925190280711863,6.776043891906738,40.02474594116211,0.9504864511753299,0.5253027201970164,7.033448219299316,3.7695090021697446,13.346331596374512,3.740367889404297,43.25986862182617,0.7856330871582031,1.6111502647399902,0.990843653678894,0.01679806411266327,17.747407913208008,0.6979463819654504,0.013772786839137123,0.48734962940216064,0.5088181495666504,0.6062867228920157,4.16742204497512,17.13690185546875,47.69078826904297
00489.png,5.251312669366598,0.6083545088768005,0.5733253564182048,0.8789938532511632,6.378706455230713,31.140892028808594,0.9486880368374904,0.5073421114302387,7.017652988433838,3.840247040970757,10.826152801513672,2.8497538566589355,40.918636322021484,0.7078022956848145,1.581850290298462,1.0297104120254517,0.01800478622317314,17.44611930847168,0.669712076870904,0.016627407483103405,0.4819713532924652,0.5052186250686646,0.635969267155526,4.881548692381745,25.96160888671875,49.1840705871582
00497.png,5.24811989068985,0.6335169076919556,0.5660004444816301,0.8837406646400676,6.415973663330078,34.27819061279297,0.9494706976450173,0.5352181342254655,6.941225528717041,3.780100803167791,11.902209281921387,3.153738021850586,45.780879974365234,0.7290651798248291,1.571887731552124,1.0229265689849854,0.021313771605491638,16.713397979736328,0.6714538877647812,0.013665359143860953,0.49074631929397583,0.4984038472175598,0.6303229689986202,4.178267650220783,27.93280029296875,34.56037139892578
00512.png,4.951516382396221,0.647710382938385,0.6622181870360696,0.9075815628032882,7.030581474304199,48.324546813964844,0.9598915432444362,0.5482451413436902,6.928661346435547,4.6220439758027805,14.218260765075684,4.560389518737793,39.1446418762207,0.8366493582725525,1.6259933710098267,0.9884737730026245,0.016117488965392113,17.927024841308594,0.7322246826832102,0.01589353891282507,0.4908100366592407,0.5307325124740601,0.654398797560199,4.1008747243488886,22.50018310546875,55.30994415283203
00525.png,4.947289124131203,0.6290745735168457,0.5808688116486298,0.8962400739596977,6.887561321258545,42.38307189941406,0.9546641247630421,0.5528902660793795,6.8758087158203125,3.9973665051305396,13.241518020629883,3.916050434112549,43.0332145690918,0.8041207790374756,1.6253390312194824,1.0186349153518677,0.01566256955265999,18.051368713378906,0.7147287215733483,0.014283812909019034,0.4980902671813965,0.520669162273407,0.6461472281507035,4.437171546423011,19.20623779296875,56.23705291748047
00527.png,4.678779944777489,0.6537671089172363,0.603949662966216,0.8883832306291849,7.016124725341797,40.819068908691406,0.9508065396717813,0.5264366797018188,6.977809429168701,4.225826435635346,12.491311073303223,3.7571868896484375,42.610599517822266,0.7732803225517273,1.6572842597961426,0.9956220388412476,0.020777467638254166,16.82407569885254,0.7004718827455516,0.015336029259172306,0.4863630533218384,0.5216308832168579,0.6232196247046643,4.408245748884666,17.53631591796875,48.60375213623047
00537.png,4.778223410248756,0.6121808886528015,0.5608668434887493,0.8958881104493015,6.579761028289795,36.19364929199219,0.954650985924507,0.5685381919262419,6.82507848739624,3.7591753077388717,12.055648803710938,3.2950758934020996,39.305912017822266,0.7991412281990051,1.5995712280273438,0.8725468516349792,0.012411829084157944,19.061643600463867,0.6622700949608424,0.02173693570464862,0.49775347113609314,0.5394154191017151,0.5940183056567719,3.9896530825870116,23.75262451171875,47.93156814575195
00555.png,4.590460117906332,0.6152622103691101,0.5426200489893076,0.8905776589864413,6.635889053344727,41.856727600097656,0.9558251759571921,0.5905673581077067,6.836920738220215,3.6553181745403,13.575319290161133,3.8280210494995117,36.826900482177734,0.7825122475624084,1.6203689575195312,0.9085422158241272,0.011880883947014809,19.251514434814453,0.6910384932779138,0.01799878456029498,0.4984767436981201,0.5473803877830505,0.6378085298710622,4.04372906235463,27.89520263671875,55.42685317993164
00572.png,4.720423210412264,0.6001131534576416,0.5749940130389272,0.8832962583517397,6.390719890594482,36.022056579589844,0.9557652074229488,0.5685374375114733,6.683009624481201,3.7586685341514112,11.825485229492188,3.2818174362182617,36.20514678955078,0.7390329837799072,1.5672547817230225,0.9217990636825562,0.012201579287648201,19.135839462280273,0.673350780244644,0.02124256931531227,0.4926966428756714,0.5301245450973511,0.6265451440014984,4.299464639950296,24.80535888671875,48.4976806640625
00587.png,5.240606792271137,0.5313960909843445,0.6115539764935155,0.8941430215003564,5.750146389007568,24.011205673217773,0.9354272776410851,0.5220948561339276,6.698952674865723,3.80665905022901,7.88561487197876,2.195291757583618,35.890830993652344,0.7439615726470947,1.329088568687439,0.987021803855896,0.015232095494866371,18.17240333557129,0.6348930639169763,0.021423511170891987,0.46134519577026367,0.515496551990509,0.6328240847466993,4.112664387203955,22.93572998046875,43.801387786865234
00606.png,5.237255644053221,0.552803099155426,0.6123702325543356,0.8868849705559587,5.700989246368408,25.792015075683594,0.938422318114232,0.5159200077489287,6.800347328186035,3.827734282055898,8.557876586914062,2.360156536102295,40.05378341674805,0.695633053779602,1.3127717971801758,0.9046365022659302,0.019128156825900078,17.183269500732422,0.6130298603797304,0.028837716362775507,0.4750915765762329,0.5288040041923523,0.5794368305439641,3.926681652101331,20.53240966796875,46.35675048828125
00621.png,4.7150979563593864,0.5477628707885742,0.6418405493220524,0.8934957401892667,5.817516803741455,27.46993637084961,0.9327402000829356,0.5195693130879036,6.948425769805908,4.09686165397877,9.341666221618652,2.4972872734069824,42.60478210449219,0.7443563342094421,1.2788782119750977,0.912266731262207,0.019553592428565025,17.08773422241211,0.6124867160963868,0.02592480535304965,0.4842074513435364,0.5318572521209717,0.5827955510630671,4.315683337153186,23.24920654296875,42.088356018066406
00633.png,5.16989591345191,0.6039634346961975,0.5965343112985501,0.8935110643867431,6.3799591064453125,29.84747886657715,0.9534069882601363,0.53338246908368,6.783533573150635,3.926248375363034,9.916433334350586,2.692429542541504,37.963104248046875,0.7799031734466553,1.5765962600708008,0.9434359073638916,0.011918812990188599,19.2376708984375,0.6407894899631343,0.021644214511967408,0.5008848905563354,0.5386675596237183,0.592073364681966,4.332943933253904,21.03582763671875,43.923622131347656
00643.png,4.701922956854105,0.641527533531189,0.6101072090573905,0.8689987662890516,5.8986592292785645,25.327749252319336,0.9444266088917811,0.4709047546910381,7.015291213989258,3.939458165993255,7.991296291351318,2.253587484359741,38.59966278076172,0.5646857619285583,1.6373354196548462,0.8494707345962524,0.026679914444684982,15.738155364990234,0.5977484411718101,0.025075945214410384,0.4915277361869812,0.4981353282928467,0.5185943119783293,4.571240832670961,18.65008544921875,49.246395111083984
00652.png,5.557590667158365,0.6410131454467773,0.5284551503535385,0.8642108445507359,6.403290748596191,22.023305892944336,0.9492791877190699,0.4670020900778069,6.836896896362305,3.4984321191426986,7.311304569244385,1.9553025960922241,31.073551177978516,0.6375171542167664,1.6845390796661377,0.9133548736572266,0.016634128987789154,17.78999900817871,0.5992344712093057,0.023748279508271533,0.4916171431541443,0.47426697611808777,0.5597434182978076,4.766039763933962,18.56756591796875,53.699920654296875
00653.png,4.945932883769274,0.6282209157943726,0.530175660259164,0.8853938151754868,6.334132194519043,28.000898361206055,0.9564311298951346,0.5361949805196076,6.837555885314941,3.49166402239552,9.22792911529541,2.554863452911377,33.81759262084961,0.7644844055175781,1.6404075622558594,1.0359585285186768,0.011553587391972542,19.372833251953125,0.6505817719912725,0.017259349049814528,0.5091707110404968,0.5247124433517456,0.645568103581573,4.713038506243031,15.71014404296875,48.19504165649414
00661.png,5.451966840773821,0.6165840029716492,0.6073102328687022,0.8860241982311174,6.583459377288818,28.59242820739746,0.9463239969982553,0.5160348663621339,6.438037872314453,3.9540551120802885,8.768797874450684,2.553858518600464,39.1607551574707,0.7364622950553894,1.6705718040466309,0.9602497816085815,0.018691351637244225,17.283594131469727,0.6530963362200065,0.023355718988053782,0.4946369528770447,0.4937090277671814,0.6240341939848382,4.289430126868183,25.68719482421875,48.62255859375
00671.png,5.212078083306551,0.6361657977104187,0.5726925497037473,0.8871193288515086,6.854095458984375,28.72882652282715,0.9607343410640503,0.5491083968509378,6.52022123336792,3.8296959609420025,8.477076530456543,2.551701068878174,31.9700984954834,0.7605848908424377,1.6549420356750488,1.0402252674102783,0.013765093870460987,18.61220932006836,0.6693486239512333,0.0164350565655112,0.4940308928489685,0.5136340856552124,0.660072413040924,4.518920488323481,26.99383544921875,56.29193115234375
00676.png,4.912701483815908,0.6417156457901001,0.5673512783583914,0.8876669224123874,6.829451084136963,26.95540428161621,0.9605931705285942,0.5057511974298122,6.387578964233398,3.7493596464773216,8.587127685546875,2.417189598083496,28.37652587890625,0.7736692428588867,1.7133495807647705,1.0188169479370117,0.014775719493627548,18.304515838623047,0.6621143810017106,0.018704747834758288,0.4920341372489929,0.497586190700531,0.6398277243855782,4.536463876163154,20.43328857421875,51.900665283203125
00677.png,5.23973836004734,0.6544158458709717,0.5403236646452741,0.8772707324152395,6.788919925689697,32.692962646484375,0.9579837952399887,0.5458709467803661,6.913632392883301,3.7019167355287514,9.863086700439453,2.987180709838867,36.540252685546875,0.7325395345687866,1.6425225734710693,1.0196969509124756,0.016381369903683662,17.85649871826172,0.672985772186072,0.016532602035578263,0.503556489944458,0.5182538628578186,0.6372543017194876,4.097763331259311,14.54608154296875,50.30819320678711
00687.png,5.784015886485577,0.6277609467506409,0.5603269346531249,0.8830364417249309,6.169147491455078,32.84053039550781,0.9576892251564925,0.5610479454639904,6.98586893081665,3.685564941986172,10.258862495422363,3.0031447410583496,40.48362731933594,0.7448585629463196,1.5679118633270264,1.0424587726593018,0.01658714935183525,17.802282333374023,0.6753492916413182,0.016116509146016453,0.5031625032424927,0.511725127696991,0.656630510669187,4.033138279206422,16.99188232421875,52.322574615478516
00697.png,5.644654531031847,0.6234860420227051,0.5325746068179087,0.9000806140075149,6.456023693084717,28.97055435180664,0.955298013301091,0.5514791857429785,6.832518577575684,3.538579688895549,8.991271018981934,2.6238410472869873,35.09988021850586,0.8132525682449341,1.6226983070373535,0.9470885396003723,0.010065666399896145,19.971572875976562,0.6438130447947248,0.020682742244504237,0.5058411955833435,0.5259139537811279,0.6070427803216297,4.758708315603045,17.73895263671875,43.01619338989258
00712.png,4.71335469186306,0.7099810838699341,0.6425257961388124,0.8882039216851417,6.853691577911377,29.3758602142334,0.9548268160770457,0.43062533460934405,6.469089984893799,4.280126112359861,8.741217613220215,2.6595284938812256,27.967493057250977,0.3087168335914612,1.5083658695220947,0.9555836319923401,0.05663654953241348,12.469033241271973,0.658665850676258,0.01753992679397214,0.45541858673095703,0.4327124059200287,0.581190490530718,4.253046495133229,19.39617919921875,57.982521057128906
00716.png,4.593786984682083,0.7174986600875854,0.5311213666588944,0.8908386642003047,6.648612976074219,17.028926849365234,0.9392930251686327,0.23867417535299001,5.311061859130859,3.176028645292396,5.123624324798584,1.4732478857040405,14.194185256958008,0.20698361098766327,1.3870805501937866,0.8404361009597778,0.04877994954586029,13.11758804321289,0.5168575998500841,0.015842589505008973,0.4892076253890991,0.3318994343280792,0.34246822949234756,4.952857930499611,21.56024169921875,48.65703582763672
00719.png,4.741339810192585,0.6884381771087646,0.6305856649531778,0.9022359950818115,7.214000701904297,108.49028778076172,0.9668875905123215,0.5964813006536751,7.341558456420898,4.589275316792056,23.232677459716797,10.403590202331543,41.342105865478516,0.7883332371711731,1.5405819416046143,0.8135964274406433,0.04807223752140999,13.18105697631836,0.6649082605775121,0.04062184235699484,0.5065019130706787,0.549302339553833,0.5934256100871087,5.75072440333326,29.83563232421875,58.52248001098633
00725.png,4.574573941528797,0.6895756721496582,0.5912111912530982,0.8895736375733994,7.310418605804443,107.429443359375,0.961913665949616,0.5951269759810167,7.355167388916016,4.335240036933088,23.011520385742188,10.2824068069458,41.59634017944336,0.7580083608627319,1.631072759628296,0.7992109060287476,0.04809768870472908,13.178757667541504,0.6638290021868166,0.04006865202829364,0.5055086612701416,0.5458605885505676,0.5843607539693755,5.043798425451251,29.74481201171875,66.31287384033203
00726.png,4.932093199342489,0.6902090907096863,0.5924685914564701,0.8850706127314742,7.326109886169434,107.88627624511719,0.9607593129037024,0.590028454772969,7.3546528816223145,4.348956519828057,23.184167861938477,10.324725151062012,41.68924331665039,0.7459259629249573,1.646989107131958,0.7976142168045044,0.0493784099817276,13.064628601074219,0.6641424978782355,0.040128199619242265,0.5031780004501343,0.5368001461029053,0.5833405300226665,4.895428003070162,29.98406982421875,66.16889190673828
00738.png,4.800990130752325,0.7053651809692383,0.6251726749887205,0.8762590065662624,7.221426963806152,90.10906219482422,0.9642661169136308,0.558835556983623,7.24504280090332,4.522032069657957,20.415273666381836,8.559656143188477,41.48324203491211,0.5989270210266113,1.5721137523651123,0.8096890449523926,0.06375456601381302,11.954888343811035,0.666564831344515,0.0344108470695626,0.4870074689388275,0.5582568645477295,0.6025948089724995,4.723765803946557,37.77801513671875,64.06871032714844
00760.png,4.885696183890104,0.684402346611023,0.7023964796024198,0.883346444340946,7.1269145011901855,74.96070861816406,0.9770944046071264,0.6413847383926294,7.243710517883301,5.046950793714949,18.630512237548828,7.027992248535156,46.97627258300781,0.6688568592071533,1.5399742126464844,0.9546983242034912,0.06100138649344444,12.146604537963867,0.8012163374030591,0.012389428416047177,0.4781495928764343,0.5070800185203552,0.8021050818858789,4.459722130029476,37.17596435546875,66.81298828125
00762.png,4.7586230374872684,0.6911795139312744,0.6672011259212217,0.8778737502214373,7.141073703765869,82.9945068359375,0.9758214810749297,0.6596790000251129,7.278110980987549,4.810260381585177,19.80844497680664,7.771339416503906,44.25971221923828,0.6495029926300049,1.516506552696228,0.9495996832847595,0.058510951697826385,12.327628135681152,0.7965569954460993,0.015064003085026069,0.48230457305908203,0.5140488743782043,0.7964288049535438,4.394084466181176,39.78582763671875,67.01752471923828
00769.png,4.886561628431082,0.695094108581543,0.6850400572968698,0.8776225089460012,7.103694438934326,78.66677856445312,0.9760899739249957,0.6356509072016938,7.21973180770874,4.906072700288711,19.271482467651367,7.365211486816406,45.507816314697266,0.6117196083068848,1.5130677223205566,0.9459391832351685,0.06423729658126831,11.922128677368164,0.7987126284785034,0.013834142177415638,0.4760434329509735,0.5033698081970215,0.7925773845672117,4.461509121973548,39.67840576171875,67.84968566894531
00787.png,4.801341854035854,0.7083836793899536,0.23344031178120989,0.8554786822301648,6.732745170593262,63.17570114135742,0.8411554632566605,0.44598564306565525,6.59810733795166,1.5559825559747384,12.911025047302246,5.840445518493652,26.574726104736328,0.6323806047439575,1.614184856414795,0.5842885375022888,0.056114956736564636,12.509214401245117,0.5776976082090278,0.037625667603099655,0.4316979944705963,0.4680355191230774,0.367959516582874,4.661159664907679,34.01727294921875,48.0452880859375
00800.png,4.998634275048971,0.6807798147201538,0.25662706035024146,0.8685887029461374,6.865498065948486,64.3316879272461,0.8538658469576,0.5080572919634133,6.53231143951416,1.7191238988734447,13.182648658752441,5.976604461669922,25.6551456451416,0.6954449415206909,1.6152092218399048,0.5836846232414246,0.05583828315138817,12.530678749084473,0.5558881083136105,0.04272108496961169,0.45311081409454346,0.4991096258163452,0.3526585860459546,4.451425023478048,33.09930419921875,52.735355377197266
00801.png,4.739169906824827,0.7115124464035034,0.6350584130704946,0.8932141334764663,7.105022430419922,61.01039123535156,0.9828072222388817,0.5973638743104372,6.558075904846191,4.338443503684742,15.489677429199219,5.804152965545654,27.24081802368164,0.31689614057540894,1.4866459369659424,1.0113383531570435,0.0640886202454567,11.932190895080566,0.7724602787964207,0.015519719745319125,0.4518173933029175,0.5016695261001587,0.8236873524786631,4.388112144391941,30.89862060546875,59.939903259277344
00805.png,4.829414866864681,0.7099823951721191,0.642553978234029,0.8930303188072934,7.113443374633789,60.938507080078125,0.9811141356187392,0.5971493282332412,6.585569858551025,4.4011887540968075,15.522939682006836,5.801609992980957,27.98400115966797,0.3212701678276062,1.4890564680099487,1.0043439865112305,0.06418924778699875,11.925376892089844,0.7706377515819274,0.01572429977729087,0.45083603262901306,0.5022447109222412,0.8185501888999689,4.381166283524475,31.11590576171875,60.47536849975586
00818.png,4.860798727720976,0.7086929082870483,0.6578821461514275,0.8917330304769159,7.101469993591309,61.2642822265625,0.9820757670934173,0.599149399491354,6.599466800689697,4.506811568602657,15.5615873336792,5.832713603973389,28.794042587280273,0.33463528752326965,1.4739151000976562,1.0033589601516724,0.06369773298501968,11.958760261535645,0.7697262850426273,0.0158719458675036,0.4504208266735077,0.5016551613807678,0.8211167838403355,4.387769218365959,31.44793701171875,60.227264404296875
00825.png,5.3412214405834675,0.6608017683029175,0.7548797414999427,0.8570752800765746,6.349347114562988,29.13604736328125,0.9553543249325746,0.5275522393140648,6.930033206939697,5.01218108711501,8.91620922088623,2.5725789070129395,34.50041961669922,0.5406295657157898,1.67814302444458,0.9906100630760193,0.027118021622300148,15.667420387268066,0.6660668873601,0.021430030990243622,0.4940803050994873,0.4826905131340027,0.6572949363380627,4.909553291432517,20.83416748046875,52.99707794189453
00826.png,5.322643343359232,0.671959638595581,0.6749038715469217,0.8611069098523647,6.439618110656738,30.951305389404297,0.9492084962407794,0.5384497395254662,7.089606761932373,4.565475077947713,9.773953437805176,2.7529964447021484,37.66976547241211,0.5549852848052979,1.6514146327972412,0.9461929798126221,0.028391219675540924,15.468160629272461,0.6602661214580369,0.022829383718744514,0.48799270391464233,0.4766780138015747,0.6382474946608926,4.348467180037878,19.25262451171875,51.98906707763672
00829.png,4.854054510593414,0.6727064847946167,0.6653476263186583,0.8590929903789192,6.499749183654785,30.611989974975586,0.9519841045514807,0.5443317832791427,7.098065376281738,4.523648468749059,9.725448608398438,2.735645055770874,37.20543670654297,0.5483195185661316,1.6343884468078613,0.9498544931411743,0.027519166469573975,15.603647232055664,0.6621223282421238,0.022792941624824162,0.4889698326587677,0.48057490587234497,0.6413585260624197,4.388114697308232,18.11883544921875,52.0798454284668
00834.png,4.858543578535318,0.6701782941818237,0.7215108017759712,0.8608996741515659,6.49827241897583,28.97076416015625,0.9552105567573366,0.5525947286432404,7.109689235687256,4.9091589350874525,9.163191795349121,2.5910353660583496,41.59379577636719,0.5662405490875244,1.6209423542022705,1.0028679370880127,0.031166238710284233,15.063156127929688,0.6609840267738898,0.020310130619431224,0.4873114228248596,0.4607847034931183,0.6759255451506653,4.258592762254431,17.64471435546875,56.08866882324219
00857.png,4.888711556792259,0.6868327856063843,0.8057710566782231,0.8670087524796671,6.330595970153809,24.87605857849121,0.9547400977232267,0.5067858977787709,7.087278366088867,5.405881573261944,7.959074974060059,2.1837449073791504,42.0705451965332,0.46015268564224243,1.6684739589691162,1.01155686378479,0.042772047221660614,13.688400268554688,0.646417239611187,0.018174916332145845,0.4832233786582947,0.46376070380210876,0.6638578668882757,4.362023381718709,19.74627685546875,58.059669494628906
00867.png,4.914717137813568,0.7143567800521851,0.5712510021671089,0.8795446340790303,7.226174831390381,75.29533386230469,0.9762081527826871,0.5644900681540475,6.597151756286621,3.9483045032012907,18.04359245300293,7.1379714012146,27.738622665405273,0.40549466013908386,1.472210168838501,0.9587364196777344,0.06228617578744888,12.056084632873535,0.7483828891579825,0.023548012483099477,0.4618568420410156,0.49903759360313416,0.7524548446411999,4.436277060474875,38.60174560546875,66.11351013183594
00871.png,4.541629176586866,0.7108408808708191,0.5831412505275244,0.877927995736437,7.2054572105407715,77.55904388427734,0.976749812930061,0.5785240246291758,6.663325309753418,4.043739852264533,18.312240600585938,7.346961975097656,29.2949161529541,0.4357549250125885,1.4654967784881592,0.9679263830184937,0.06085473671555519,12.157054901123047,0.7519612698339809,0.023338748738066517,0.4621661305427551,0.5012838840484619,0.7616776210504567,4.348844426556185,39.32098388671875,66.2464370727539
00878.png,5.235699128359556,0.70664381980896,0.5852420151821712,0.8759748632751977,7.239848613739014,76.74848937988281,0.9761678424233409,0.5754504093980324,6.684320449829102,4.0745147331814024,18.139883041381836,7.274165153503418,31.75075912475586,0.4631624221801758,1.4703395366668701,0.9571809768676758,0.0599970780313015,12.21869945526123,0.7473322706504714,0.02415983437715674,0.4658745527267456,0.5090118646621704,0.7526557109782686,4.320399123459143,38.29168701171875,64.04843139648438
00896.png,4.788174249231815,0.7242886424064636,0.5085863211631162,0.8702215752840414,6.801091194152832,42.320709228515625,0.9434058896343227,0.4520942115211408,6.228893280029297,3.3134453516232902,11.850683212280273,3.8696389198303223,26.094627380371094,0.5032880306243896,1.3853347301483154,1.0242924690246582,0.0589451789855957,12.295517921447754,0.6824585098958811,0.02006549401123851,0.4303342401981354,0.4067983627319336,0.5897138064218247,4.286966831454211,28.72039794921875,55.820735931396484
00910.png,4.747937265783548,0.7241923213005066,0.5063665284074351,0.8696780283829688,6.861110687255859,43.35762023925781,0.9438091103195376,0.4568793742000352,6.209787368774414,3.3093417799908487,12.138790130615234,3.9739060401916504,26.100467681884766,0.5136183500289917,1.3783843517303467,1.0193681716918945,0.05939473211765289,12.262521743774414,0.68572027955364,0.01944090065398199,0.4321604371070862,0.4182659983634949,0.5942893991984572,4.201296020229153,28.63397216796875,55.17172622680664
00916.png,4.946665678173304,0.7200822830200195,0.5246862353454155,0.8690518323568643,6.911567687988281,40.436279296875,0.9436932200194781,0.43558910154426556,6.287901878356934,3.462799709210362,11.746451377868652,3.6910171508789062,25.861419677734375,0.5023186802864075,1.3747953176498413,0.9983466863632202,0.058828260749578476,12.304139137268066,0.6673320735295587,0.020764733325573912,0.4404832124710083,0.42149314284324646,0.5655589715859265,4.229431809013402,26.18084716796875,55.69078826904297
00922.png,4.9351928643882275,0.7189950346946716,0.5371238346029333,0.8707841830464718,6.923879146575928,39.04985809326172,0.9445975318331605,0.4303147712173577,6.286705017089844,3.547869910340763,11.264927864074707,3.5638155937194824,25.177122116088867,0.474851131439209,1.3628239631652832,1.0060608386993408,0.05766700208187103,12.390727043151855,0.6649224100346124,0.020938578580040095,0.4428088963031769,0.42061173915863037,0.5651213489642467,4.363615041778183,26.15643310546875,60.104454040527344
00926.png,5.010298993438482,0.6968039870262146,0.4956347128902073,0.8706796038314307,6.956171989440918,43.182403564453125,0.945312541623615,0.4786605234109234,6.229132652282715,3.267556340584104,11.324348449707031,3.9672679901123047,23.27491569519043,0.43870222568511963,1.402532935142517,0.9657032489776611,0.05668395757675171,12.465398788452148,0.6761145222226009,0.020399777211790045,0.4425394535064697,0.4306041896343231,0.5980040116138481,4.124369985893159,29.61883544921875,60.85792541503906
00950.png,4.984498776495457,0.7062863111495972,0.5497817332398374,0.8616836720438273,6.739753723144531,27.378814697265625,0.9417382933753672,0.42254552988316335,6.296895980834961,3.5836655566003284,7.749383926391602,2.4422378540039062,26.623300552368164,0.4276779890060425,1.4752833843231201,0.9467155933380127,0.057037994265556335,12.438358306884766,0.5930059769406656,0.023058446319392516,0.45009350776672363,0.39718374609947205,0.48509767780218516,4.358463375934167,20.83026123046875,57.19642639160156
00958.png,4.63813466578722,0.7082538604736328,0.5941808347050432,0.8760282201302199,6.800460338592529,35.16810607910156,0.9504041860438806,0.483984210784174,6.6217241287231445,3.9876123583753404,9.702265739440918,3.204012632369995,31.256059646606445,0.43825772404670715,1.4918562173843384,0.9562023878097534,0.05051412805914879,12.965871810913086,0.6464007655601173,0.021973883388651146,0.45062583684921265,0.43371957540512085,0.5755777836748464,4.0964324609676215,23.26141357421875,64.91478729248047
00965.png,4.657289408147335,0.7065563201904297,0.605214835985916,0.8760496330792772,6.807858943939209,35.52268981933594,0.9544770537127395,0.48831095023558807,6.671175479888916,4.078866589247031,9.788532257080078,3.237640380859375,30.0360050201416,0.42934057116508484,1.4833531379699707,0.9485730528831482,0.050138380378484726,12.998296737670898,0.6487633056939336,0.022221096960359423,0.4529891312122345,0.44820287823677063,0.5810289807839348,4.009943369861354,24.66522216796875,63.04896545410156
00976.png,5.519115105271339,0.6787916421890259,0.6572995833058005,0.8541380299906555,6.905130386352539,35.256813049316406,0.9670570428926883,0.5328439522602153,6.501586437225342,4.406126838385886,11.317329406738281,3.1655426025390625,28.7192325592041,0.4442170262336731,1.55368971824646,0.8785949945449829,0.029847867786884308,15.25086784362793,0.6685091537309359,0.024965577098738014,0.4772750437259674,0.4835651218891144,0.6232414799607633,4.567155434503599,25.80291748046875,48.53901672363281
00994.png,5.482048187404871,0.6773039698600769,0.6506854634559632,0.8553574435582562,6.933865070343018,35.36627960205078,0.9673031913167739,0.539406515722394,6.557739734649658,4.389407447214527,11.359136581420898,3.175261974334717,29.146839141845703,0.4544205069541931,1.5564334392547607,0.891767144203186,0.029995949938893318,15.229373931884766,0.6733889283024053,0.024040406735211867,0.4785408079624176,0.48996293544769287,0.6399223706340805,4.573865790273268,26.07733154296875,49.72334289550781
01017.png,4.938309170305729,0.6272136569023132,0.6127008577957819,0.8605990237256602,6.453286170959473,37.698646545410156,0.958638108711023,0.6368984894696803,6.769886016845703,4.050935795849272,10.723387718200684,3.40104341506958,29.780437469482422,0.6530712246894836,1.5858395099639893,0.9207637310028076,0.013994908891618252,18.540298461914062,0.6606624986870434,0.02646162268212824,0.49977898597717285,0.5511221885681152,0.624833665946331,4.433236207000446,35.75848388671875,52.27553176879883
01034.png,4.95112532004714,0.7011926174163818,0.7150179862068811,0.8713218108015734,7.054872512817383,28.222972869873047,0.9764639719184439,0.47529358511978553,5.964954376220703,4.654717071065086,9.439706802368164,2.4655566215515137,25.536815643310547,0.38396531343460083,1.5071754455566406,0.9632969498634338,0.04825828969478607,13.164281845092773,0.6948524100043242,0.014641120708597095,0.4734368920326233,0.44835564494132996,0.7281015523641975,4.285168336871814,26.64813232421875,59.382606506347656
01043.png,5.3959935978055,0.7079030871391296,0.7291900053963828,0.8694394399544181,7.0271830558776855,30.907766342163086,0.9768713357093284,0.49442133574444563,5.902608871459961,4.714150683842556,10.443994522094727,2.733154296875,26.144929885864258,0.3796864151954651,1.5016112327575684,0.9773547649383545,0.05179506912827492,12.857114791870117,0.7096431245243392,0.013846297020273247,0.4751291275024414,0.4538729190826416,0.7450988128387566,4.676468766203946,25.74481201171875,60.336177825927734
01079.png,5.420671328902245,0.6038912534713745,0.637181891352828,0.9044741157578163,6.34084939956665,32.69294357299805,0.9537871015431831,0.6085166039590293,6.7988996505737305,4.1862164607781,10.18492317199707,2.974048614501953,33.29408264160156,0.8266294598579407,1.6867077350616455,0.9723431468009949,0.012391061522066593,19.06891632080078,0.6426069238998885,0.019443466340067078,0.5127620100975037,0.5863037109375,0.664491287257108,4.814585295636879,31.72821044921875,43.28450012207031
01093.png,5.452891495078802,0.6381881833076477,0.5398646205504042,0.8764947792638393,6.43821907043457,43.134742736816406,0.9619620759216105,0.6605951267465828,6.88075065612793,3.5952301037864185,12.603732109069824,3.8842780590057373,30.59967613220215,0.7309993505477905,1.581944227218628,0.9369720220565796,0.011360013857483864,19.446210861206055,0.7007205649454206,0.016537938248214357,0.49783286452293396,0.5492201447486877,0.68612213718766,4.770310254224337,42.84051513671875,54.654991149902344
01101.png,4.892237115651369,0.6476154923439026,0.5886058638732118,0.8563325493170415,6.5141801834106445,39.80636215209961,0.9664022069893159,0.6404834796400212,6.684961318969727,3.8845569093215975,11.921192169189453,3.568531036376953,28.09311866760254,0.5824541449546814,1.5524649620056152,0.9722984433174133,0.014706664718687534,18.324857711791992,0.7014589465809361,0.016708581543184633,0.4986402690410614,0.5367522239685059,0.6977971908138492,4.976639416287684,43.00457763671875,55.4617919921875
01115.png,5.116881467401981,0.6669413447380066,0.716826634556033,0.8615483556319408,6.565061092376709,26.359207153320312,0.9589977554458773,0.4624798245665992,6.3941144943237305,4.644754368910448,9.553985595703125,2.328704833984375,32.394187927246094,0.46359166502952576,1.7076904773712158,0.9451004862785339,0.03506768122315407,14.55093002319336,0.6876831402878557,0.015032260579648073,0.4693322479724884,0.4386126399040222,0.6747983759338312,4.986569841904768,20.60369873046875,54.26479721069336
01122.png,5.504149846732616,0.6793845891952515,0.7734347354972732,0.8635037699742294,6.478541851043701,24.935707092285156,0.9560179259278431,0.4443066367018929,6.594155311584473,5.055452876794311,9.29953670501709,2.188931703567505,37.25940704345703,0.44360774755477905,1.7111742496490479,0.9579020738601685,0.04095053672790527,13.877405166625977,0.6718511696030229,0.015176509353194253,0.4668152928352356,0.44381770491600037,0.6499335825199811,5.036169653895313,21.32684326171875,53.11775207519531
01136.png,5.456372868269682,0.6934410929679871,0.8076468056967288,0.8696019688914693,6.231419563293457,22.617040634155273,0.9627350272153592,0.41645391344826865,6.5242743492126465,5.151062557611944,9.406271934509277,1.9759858846664429,41.2430305480957,0.38037270307540894,1.7151989936828613,0.998572587966919,0.04933356121182442,13.068574905395508,0.6602495363060246,0.013139259130414081,0.46533203125,0.4574643671512604,0.6487663442350075,4.699497782138874,24.65887451171875,47.19875717163086
01147.png,5.462149728089571,0.6965846419334412,0.8318376883768643,0.8711291445501703,6.292852878570557,21.131755828857422,0.9596302647701986,0.4079643889827243,6.535470008850098,5.3355564518329786,8.545385360717773,1.8430821895599365,38.889949798583984,0.3577706813812256,1.7361881732940674,1.0637218952178955,0.04867663234472275,13.126794815063477,0.6654186152448768,0.011155338535243201,0.4677055776119232,0.45807135105133057,0.6803882450181694,4.607567981598376,20.37127685546875,47.357826232910156
01156.png,5.339316308498383,0.6799570918083191,0.7699318044020909,0.8682438361840481,6.468581676483154,17.94593048095703,0.9536655985547142,0.3733070618564769,6.183751106262207,4.870730546108419,7.557431221008301,1.5633082389831543,30.293121337890625,0.3154721260070801,1.7571754455566406,1.0040614604949951,0.0385628379881382,14.138309478759766,0.6301480308476896,0.0108499602121206,0.4714024066925049,0.4538673162460327,0.6209811204356985,5.441994126876636,15.06610107421875,46.209266662597656
01165.png,5.323287900537252,0.7003068923950195,0.7528151803846888,0.8624622455116266,6.874696731567383,20.45077896118164,0.9603099693303965,0.37635701833717194,6.547478675842285,5.052222434068186,8.579358100891113,1.7853765487670898,32.793479919433594,0.33537977933883667,1.7556120157241821,1.0659986734390259,0.04600426182150841,13.372018814086914,0.652602882014172,0.009103048425403519,0.46923795342445374,0.44108647108078003,0.6845325651770445,4.975421637739497,15.42449951171875,58.638267517089844
01186.png,5.294492419809103,0.7119936943054199,0.5931477017522877,0.8603960424894912,7.136049270629883,46.666500091552734,0.9635721616998083,0.5565177785135484,6.840141773223877,4.144983640014981,13.525001525878906,4.291485786437988,30.621679306030273,0.4872649908065796,1.6317898035049438,0.9208760261535645,0.04260202869772911,13.705698013305664,0.718474556856764,0.01711737838393418,0.47290903329849243,0.44492360949516296,0.7151307296249383,3.8508112214639327,24.82147216796875,53.26188659667969
01204.png,5.116080060601234,0.7314264178276062,0.6553780920667518,0.8616846657320414,7.177406311035156,41.451332092285156,0.9687781562417233,0.49996497740797824,6.333567142486572,4.427409820348945,13.442737579345703,3.7663025856018066,26.367786407470703,0.38131457567214966,1.5537407398223877,0.9545965790748596,0.05749434605240822,12.403749465942383,0.7111034456849684,0.01633486284553639,0.4735184609889984,0.4001763164997101,0.6941182657712808,4.040073371753576,24.36883544921875,52.762977600097656
01212.png,5.5568148493766785,0.7401277422904968,0.616629834562309,0.8567844503009797,7.202092170715332,36.5579833984375,0.967522246362437,0.46454162478378147,6.102781772613525,4.102101776525446,11.913609504699707,3.310584545135498,23.12019920349121,0.38748839497566223,1.6033027172088623,0.9470558166503906,0.06154325604438782,12.108196258544922,0.6909827402208251,0.015696446657056978,0.4765620231628418,0.3920176923274994,0.6670200577528438,4.126998297764153,21.52655029296875,57.438873291015625
01223.png,5.223689254373312,0.7142549753189087,0.6303310420433492,0.8551445649537746,7.148539066314697,44.177268981933594,0.9659546133021903,0.5435912020932706,6.749421119689941,4.380169206769381,13.451692581176758,4.039485931396484,30.201587677001953,0.44283273816108704,1.634203553199768,0.949692964553833,0.04802318662405014,13.185490608215332,0.7200852904180729,0.016731996077943446,0.4669148027896881,0.4291873276233673,0.7280509286756712,4.0587552370618445,21.42791748046875,50.06215286254883
01227.png,5.201385620981455,0.6561047434806824,0.7444571259319845,0.9145704198445987,7.034742832183838,36.04706573486328,0.9649175580751518,0.546525858917293,6.877255439758301,5.178456631362359,11.12621784210205,3.352266311645508,35.0652961730957,0.8502455949783325,1.5906391143798828,1.0215437412261963,0.014375654980540276,18.423723220825195,0.7293964231258266,0.01208060096645644,0.5015171766281128,0.5725839734077454,0.7292019297375933,4.317511843645879,18.52020263671875,51.78474426269531
01242.png,5.181553121656179,0.6299751996994019,0.6058321971082674,0.9018785293537314,6.855052947998047,25.779315948486328,0.9625225942839074,0.5080871842582374,6.7097673416137695,4.1090132477547225,9.191431045532227,2.366515636444092,33.78032302856445,0.8216565847396851,1.6465718746185303,1.0181331634521484,0.009988890029489994,20.00482749938965,0.666472748737817,0.014273898668870931,0.5071041584014893,0.5401577949523926,0.6602020001547855,4.401355777950178,13.17987060546875,53.922271728515625
01249.png,5.567782215774059,0.6363730430603027,0.6023492371049106,0.8924563405334262,6.906553745269775,21.572296142578125,0.9635310241386157,0.4978536302881923,6.682178974151611,4.092592314564257,8.07636547088623,1.934693694114685,31.173599243164062,0.7923086881637573,1.681230068206787,1.010469675064087,0.011494806036353111,19.39498519897461,0.6479705011140038,0.013762477226212289,0.5006768107414246,0.5413121581077576,0.6452021271911178,4.935119744583361,13.54315185546875,47.583065032958984
01267.png,5.9748267494142056,0.5842256546020508,0.7104765085987188,0.8770016428875199,5.630515098571777,24.002988815307617,0.9491061551179675,0.48537108849127186,6.764406681060791,4.403163615605175,7.899770736694336,2.137512683868408,41.17919921875,0.45010659098625183,1.4164303541183472,1.0018432140350342,0.030155323445796967,15.206360816955566,0.6068746256358095,0.021088173831404843,0.4770553708076477,0.44805577397346497,0.640325556277157,4.752326259261989,25.66717529296875,38.70390701293945
01270.png,5.968753669410944,0.671972930431366,0.5753728039664799,0.8816981494147792,6.995909690856934,32.83222961425781,0.961486210147344,0.5405749725706406,6.8652024269104,3.987663641014704,10.514555931091309,2.9974677562713623,34.38188171386719,0.7446885108947754,1.639129400253296,1.0600818395614624,0.021405396983027458,16.69476890563965,0.7057094230715395,0.01163505782269111,0.4835878014564514,0.525473415851593,0.67650131267331,3.8565672238384248,7.71795654296875,57.19483947753906
01299.png,5.967319473624229,0.6213349103927612,0.6799782520175616,0.8875521388256065,6.588652610778809,29.205135345458984,0.9657022330028951,0.4982524339049714,6.750446319580078,4.535160723922127,11.162041664123535,2.6257667541503906,36.76093292236328,0.7723360061645508,1.668063998222351,1.2001183032989502,0.014532258734107018,18.37666893005371,0.7168946926085079,0.009174548828715283,0.4960540533065796,0.5601003170013428,0.7080963138510467,4.7516284954747094,16.23455810546875,42.68596649169922
01301.png,0.8717628680169582,0.6885309219360352,0.3974668085798783,0.8570293057018092,6.709826946258545,136.37210083007812,0.9641439384563789,0.6681593024519872,7.157316207885742,2.7558714892290705,26.80137825012207,12.848897933959961,35.53169250488281,0.5794562101364136,1.626697301864624,0.832993745803833,0.018822811543941498,17.253154754638672,0.7823231925887122,0.022204674981714117,0.5021541118621826,0.4505457282066345,0.7243867645980764,6.057921098520881,29.42889404296875,62.83076477050781
01320.png,0.8895210474729538,0.689093291759491,0.3994263307347362,0.857461823098601,6.70318078994751,136.3207244873047,0.9641193509918627,0.6674282002472883,7.154092788696289,2.7674867758684165,26.78375816345215,12.841361045837402,35.46098709106445,0.5819339156150818,1.6300954818725586,0.8327701091766357,0.018654849380254745,17.292081832885742,0.7812291943031624,0.022409411356386834,0.5025361180305481,0.4534789025783539,0.724006056080042,6.190323927506826,29.92254638671875,62.18291091918945
01331.png,0.9195149205625057,0.688529372215271,0.42820882667714316,0.8568481146163811,6.634370803833008,135.313720703125,0.9629033433876991,0.6480654242729362,7.16960334777832,2.955498842157329,26.657487869262695,12.761889457702637,36.12859344482422,0.5672471523284912,1.63193678855896,0.834923267364502,0.02013057842850685,16.96143913269043,0.78256885148078,0.02182795038427429,0.49959269165992737,0.4559113085269928,0.7283339314414506,5.773129358706573,30.71746826171875,61.22616958618164
01345.png,5.392035834491253,0.7464650869369507,0.6437718670558121,0.8800738663240116,7.13685417175293,32.680816650390625,0.9598022515855942,0.3904368451635445,6.150041103363037,4.276875452064738,9.299721717834473,2.966169834136963,23.87775993347168,0.28566038608551025,1.5980558395385742,0.8213030695915222,0.08987709134817123,10.463509559631348,0.610079939119845,0.028910472775378063,0.460542768239975,0.4711008369922638,0.5084126997513857,3.8944191960449226,18.94354248046875,55.31196212768555
01388.png,4.844118520617485,0.7433184385299683,0.6062751844896658,0.8792278331280003,7.2179107666015625,32.70635986328125,0.9569968486755542,0.38564967748993295,6.100659370422363,4.037369489927107,9.302294731140137,2.9672584533691406,22.738967895507812,0.28321823477745056,1.6440716981887817,0.7836834788322449,0.08890772610902786,10.510605812072754,0.6067332531768387,0.026719892497009425,0.4573174715042114,0.3840274512767792,0.4807278939542151,3.916362815873747,20.36346435546875,55.41259002685547
01393.png,5.261533875018358,0.7479119300842285,0.47606166251970455,0.8784621491379052,7.471808910369873,150.53929138183594,0.974346194650242,0.6856427684313676,7.620021343231201,3.592329562118705,31.30698013305664,14.230402946472168,49.36613845825195,0.4411901533603668,1.6132817268371582,0.8631465435028076,0.05827592685818672,12.345108985900879,0.7339711978580393,0.036179860014386216,0.5073403716087341,0.5021796226501465,0.7488212436854658,5.919773688065912,25.35858154296875,59.596343994140625
01406.png,5.254501521587372,0.748004138469696,0.4793430774103889,0.8784770041992404,7.449825763702393,150.6833038330078,0.974759951824868,0.6925233016897308,7.621024131774902,3.612062651556469,31.322891235351562,14.24451732635498,49.41404342651367,0.4373699724674225,1.6045058965682983,0.8651325702667236,0.05821895971894264,12.349356651306152,0.7351009418060487,0.036177856524150884,0.5071078538894653,0.499995619058609,0.7513269891621266,5.835752851028412,26.07293701171875,58.96651840209961
01413.png,4.493339873850346,0.7480001449584961,0.4818496095850988,0.8783682747696306,7.457596302032471,150.77780151367188,0.9759530419128712,0.6843256002974893,7.618375301361084,3.6321843557461584,31.321041107177734,14.254530906677246,49.30218505859375,0.43618589639663696,1.6011295318603516,0.8685050010681152,0.0580785796046257,12.359840393066406,0.735819749558274,0.03584187292716632,0.5076632499694824,0.5035398006439209,0.7538621881170815,5.945695631039401,25.26287841796875,58.55242156982422
01415.png,5.053284056484699,0.7478370666503906,0.4829827151306378,0.8789541218094408,7.449969291687012,150.8226318359375,0.9758735821680482,0.6887422838979715,7.618920803070068,3.6390156472453494,31.317174911499023,14.257136344909668,49.320491790771484,0.43606245517730713,1.6033656597137451,0.8678675889968872,0.05799755081534386,12.365903854370117,0.7354934697284223,0.03618604893574556,0.5078274607658386,0.5042160749435425,0.7534853477300174,5.999130828344137,25.72332763671875,58.4244384765625
01422.png,5.094668984413147,0.7486608028411865,0.4747092623194656,0.8776767130443011,7.475250244140625,150.8990478515625,0.9735920793023343,0.6846133878455972,7.620576858520508,3.583073052571242,31.34098243713379,14.262672424316406,49.37803649902344,0.4401927888393402,1.611630916595459,0.8604966998100281,0.05872111767530441,12.312057495117188,0.7331236582210969,0.03604701549717359,0.5063920617103577,0.5011991262435913,0.7447886714456563,5.926775402511462,25.43231201171875,60.053688049316406
01432.png,5.10146164521575,0.730782151222229,0.5019255702227071,0.8758698840621953,7.3343281745910645,125.30332946777344,0.9728509330351027,0.6769044391952843,7.566795349121094,3.7396363203107637,27.627626419067383,11.802047729492188,47.357215881347656,0.5416163802146912,1.5219347476959229,0.8942644000053406,0.04636792838573456,13.337822914123535,0.7200652613219473,0.03722610301156059,0.5127034187316895,0.5208590030670166,0.6989357378886388,4.730762785823581,27.01971435546875,58.45845413208008
01437.png,5.353100076317787,0.7281023859977722,0.4575810159184223,0.8699561638498844,7.2828474044799805,102.02669525146484,0.96234102111656,0.6418536427785717,7.362823486328125,3.3507985056050753,22.62278938293457,9.572366714477539,41.622127532958984,0.5341561436653137,1.5785505771636963,0.9128084778785706,0.047072235494852066,13.27235221862793,0.687780652387122,0.04024629489676232,0.5119802951812744,0.5061689019203186,0.6544430062857001,4.37755589719732,29.51239013671875,55.503379821777344
01442.png,5.188974265009165,0.7406572103500366,0.39809421323272703,0.8566088999168114,7.166073322296143,73.24081420898438,0.9455860919711359,0.5556354883626146,6.923256874084473,2.804447000081563,15.940744400024414,6.836690425872803,30.077043533325195,0.4557874798774719,1.651045799255371,0.8462319374084473,0.04706370458006859,13.273138046264648,0.623843199984062,0.044724336399346074,0.5167770981788635,0.4870539605617523,0.5357706753810884,4.182088211355599,31.53338623046875,50.55816650390625
01443.png,4.765493843704462,0.7410658597946167,0.3713612212405405,0.8530031236749596,7.126558303833008,71.15191650390625,0.9412636058527003,0.5296379365876612,6.796302318572998,2.585211215218264,15.356834411621094,6.6397705078125,27.86461639404297,0.4193090796470642,1.6613755226135254,0.8422122001647949,0.0472574308514595,13.25529956817627,0.6207913739566401,0.043931716860955275,0.5144047141075134,0.4828115701675415,0.5287433680287185,4.362625176440739,31.05242919921875,53.09229278564453
01454.png,4.774883721023798,0.5827938318252563,0.6206614715613386,0.8910846799839749,6.353289604187012,42.68461608886719,0.8985768145730428,0.5269373261733233,7.3607378005981445,4.25589545226714,11.858542442321777,3.9849376678466797,65.48001861572266,0.7098143696784973,1.2493784427642822,0.7835054397583008,0.043259330093860626,13.639203071594238,0.6034730754966855,0.03741924424040176,0.4864345192909241,0.5328564047813416,0.5077940205161516,3.6900054927430963,29.67694091796875,46.97028350830078
01462.png,5.114964962005615,0.5812852382659912,0.6254447912771367,0.8898692734701115,6.3350443840026855,42.24266815185547,0.900778203978442,0.5294940029454613,7.358104705810547,4.282165664911519,11.741498947143555,3.946213722229004,65.46282958984375,0.7005271911621094,1.2305212020874023,0.7963840365409851,0.043661653995513916,13.5989990234375,0.6054601188047348,0.037552035696890876,0.4872543513774872,0.531969428062439,0.5161394286787595,3.8337002967312404,29.81512451171875,44.59269332885742
01471.png,5.082818556576967,0.5787258744239807,0.6247149805907898,0.8902980207773805,6.327840805053711,42.02405548095703,0.8978676732147266,0.5255049229731594,7.359261989593506,4.27528044101923,11.594717025756836,3.9268014430999756,65.55355072021484,0.7025954127311707,1.2371156215667725,0.7929670810699463,0.04382488504052162,13.582792282104492,0.6070602280776521,0.037151547967925094,0.4847812056541443,0.5287657976150513,0.5134312592639648,3.656828391524314,28.65838623046875,44.53711700439453
01482.png,5.494130566716194,0.5783668756484985,0.6122778157136977,0.891085535784792,6.343971252441406,42.3433952331543,0.8947328570164697,0.5249584041552176,7.360302925109863,4.195422618761876,11.758161544799805,3.9578723907470703,65.34537506103516,0.7106354236602783,1.2500652074813843,0.7810040712356567,0.043199777603149414,13.645185470581055,0.6037837232868429,0.03674728948630446,0.4838884174823761,0.5301252603530884,0.5040396202744803,3.7237855207982835,28.49725341796875,43.57514190673828
01486.png,5.491073876619339,0.5805518627166748,0.6177106364786963,0.8906474467045007,6.341732978820801,42.75443649291992,0.8961675896369672,0.5272132705590336,7.362749099731445,4.232713273903952,11.852361679077148,3.9941210746765137,65.79999542236328,0.7067557573318481,1.2418510913848877,0.7858284711837769,0.04403308779001236,13.56220817565918,0.6057215078620566,0.03642770708165387,0.48487478494644165,0.5339573621749878,0.5072463078794558,3.642873159526895,28.83514404296875,47.12522506713867
01492.png,5.18374190479517,0.5855342149734497,0.6276164067395653,0.8896945851909269,6.36417818069458,44.103546142578125,0.8941614717245475,0.529629007807495,7.394662380218506,4.317648407139078,11.982246398925781,4.117307186126709,64.22530364990234,0.7006697058677673,1.2825605869293213,0.7983595132827759,0.04277064651250839,13.688543319702148,0.6141765248716875,0.03571105880729273,0.48079416155815125,0.5262942314147949,0.5223698365893459,3.7872027990179578,32.88348388671875,43.825538635253906
01494.png,2.1286931447684765,0.6965203285217285,0.5045292845915946,0.8525095777165778,7.218605995178223,129.83963012695312,0.9547439545542814,0.6779506531165497,7.307924270629883,3.6645387316226277,25.893173217773438,12.28747272491455,39.39631271362305,0.5319657325744629,1.703343152999878,0.8007189631462097,0.039005521684885025,14.088739395141602,0.7416634952884245,0.02984939492548353,0.494183748960495,0.43968039751052856,0.6729605353125998,4.744689758340718,29.94012451171875,60.684932708740234
01505.png,2.0339788161218166,0.6897236108779907,0.5144324647811761,0.8623888612445767,7.086210250854492,131.4056396484375,0.9645961024437074,0.6691557731975273,7.308769226074219,3.702631246448071,26.167430877685547,12.462099075317383,39.677677154541016,0.5957455635070801,1.6782538890838623,0.8144397139549255,0.03580317273736,14.460783958435059,0.7355648812726209,0.031481458082938465,0.5023860931396484,0.48254287242889404,0.6682906860086463,5.421391088501228,29.82977294921875,58.39117431640625
01511.png,2.039074782282114,0.6924412250518799,0.5271383300830976,0.8626821386047592,7.065487384796143,130.62623596191406,0.9663972697040327,0.6835373590299123,7.314400672912598,3.790104443347335,25.970935821533203,12.380460739135742,39.82761764526367,0.5925631523132324,1.6738396883010864,0.818690299987793,0.0362849161028862,14.402738571166992,0.7311570763212254,0.03334190507118753,0.5032464861869812,0.48239198327064514,0.6708686594868984,5.646577017471125,30.27703857421875,58.718406677246094
01527.png,2.6872327402234077,0.6938912868499756,0.5251848509260638,0.8623133314761878,7.086939811706543,131.76951599121094,0.9661163182332626,0.6889677919024807,7.319945812225342,3.7831483672650634,26.146709442138672,12.481146812438965,39.88585662841797,0.5983864068984985,1.6823261976242065,0.8231754302978516,0.03560565412044525,14.484809875488281,0.7380933968474389,0.03163033874763789,0.505595326423645,0.48217031359672546,0.6768359908118393,5.8193529324106725,31.53485107421875,56.82543182373047
01531.png,4.804571498185396,0.7372254729270935,0.702438182992914,0.9102187991314118,6.948938846588135,46.700775146484375,0.9523520486393731,0.4220536103147564,7.0404791831970215,4.913363618076927,12.405117988586426,4.2620368003845215,41.398780822753906,0.22608695924282074,1.637239933013916,0.9528102278709412,0.08954010903835297,10.479823112487793,0.6982811916278692,0.028490496790697713,0.4188021421432495,0.47267159819602966,0.6753468652076583,5.371998005517216,34.77264404296875,53.13346862792969
01547.png,5.071524702012539,0.7360824346542358,0.7026313181685319,0.911489595747307,6.943682670593262,46.65582275390625,0.9515009291121532,0.4218346507658235,7.037187576293945,4.911710764735647,12.380821228027344,4.26018762588501,41.37239074707031,0.22247624397277832,1.6359846591949463,0.9503794312477112,0.08981607854366302,10.466459274291992,0.6942038537017811,0.029953582494779786,0.41893526911735535,0.4734269380569458,0.6705756140106476,5.406406554936637,35.02166748046875,53.5626220703125
01562.png,5.373065944761038,0.7625174522399902,0.6995526088638163,0.9119674301823751,6.944301605224609,46.784332275390625,0.9505688505369005,0.42025214228031055,7.035216331481934,4.889716499308442,12.385693550109863,4.273932933807373,41.384429931640625,0.21980896592140198,1.6376054286956787,0.9408861398696899,0.08965540677309036,10.474235534667969,0.68854511897242,0.030733775225102834,0.41947415471076965,0.4731157422065735,0.6608876182833356,5.361392396623514,35.67498779296875,52.99538803100586
01579.png,5.194730915129185,0.7562437057495117,0.7008678979635281,0.9123684695061293,6.935340404510498,46.79077911376953,0.9504780591038686,0.4213989332525461,7.03369665145874,4.895236708412037,12.393330574035645,4.27676248550415,41.53235626220703,0.2176377773284912,1.627925992012024,0.9452658891677856,0.08868088573217392,10.521699905395508,0.6881048517429559,0.031213727357144748,0.4193558990955353,0.469144344329834,0.6618797998167767,5.386378907620877,35.93182373046875,53.2497444152832
01584.png,5.32662457972765,0.7401114702224731,0.7849749498703158,0.8817923289165686,7.129671096801758,51.654205322265625,0.982018837981343,0.5416636201993488,6.764631271362305,5.4533537073287945,14.195829391479492,4.754228591918945,34.12480545043945,0.31435060501098633,1.4728339910507202,0.9325952529907227,0.07431205362081528,11.289406776428223,0.7575229963922873,0.018461906861825236,0.4630051553249359,0.4549131989479065,0.7908323304521478,4.130147808219593,30.52215576171875,59.63709259033203
01587.png,5.339490335434675,0.7325339317321777,0.7600744963837422,0.8849138478974916,7.15524959564209,53.197853088378906,0.9830940700446062,0.5588581223669261,6.771890163421631,5.292845809586588,14.287177085876465,4.910153388977051,33.44812774658203,0.3284677267074585,1.4626821279525757,0.9295113682746887,0.06971285492181778,11.566871643066406,0.7596180082151498,0.018889720034720833,0.4620666801929474,0.4621826410293579,0.7888564329535097,4.1328438193566495,32.60223388671875,58.917335510253906
01599.png,4.651676204055548,0.7279490232467651,0.7654900356977059,0.882644024911677,7.163129806518555,53.85825729370117,0.9836571159083605,0.5873932067797476,6.84144926071167,5.360196837139762,14.410372734069824,4.9864373207092285,34.09926986694336,0.35784927010536194,1.4260435104370117,0.9432291984558105,0.06489836424589157,11.877662658691406,0.7656146391642803,0.016726824524363068,0.4682146906852722,0.46614041924476624,0.8012710870339744,4.248658268229076,32.86444091796875,61.944679260253906
01608.png,4.42918536439538,0.7401065826416016,0.76049911406449,0.8820469308854199,7.171432018280029,55.803646087646484,0.9824095618843944,0.5754444064689971,6.813672065734863,5.317843344360993,14.837066650390625,5.170502185821533,33.536285400390625,0.3387599289417267,1.4490313529968262,0.9305994510650635,0.06755310297012329,11.703547477722168,0.7648793019800928,0.018119474642769584,0.46976029872894287,0.4649023711681366,0.7871643162163887,4.32937722050478,35.66668701171875,61.522499084472656
01640.png,4.315919931977987,0.716871440410614,0.7880896147699913,0.8884916653077781,7.142935752868652,55.322479248046875,0.9879124371129288,0.5794916151660139,6.767876148223877,5.481496861503448,14.302661895751953,5.132493495941162,33.86710739135742,0.3667253851890564,1.4221795797348022,0.9503285884857178,0.06482695043087006,11.882444381713867,0.7827520294026911,0.01682761782042924,0.48110249638557434,0.47878387570381165,0.8026135198768906,4.256159096180058,34.57635498046875,63.695560455322266
01659.png,4.735124878585339,0.7282997965812683,0.7888823462679951,0.8882246312463725,7.122338771820068,55.74599838256836,0.9881881775020274,0.5764898201058889,6.770949840545654,5.480098457015027,14.45773696899414,5.173491477966309,33.822879791259766,0.3692420423030853,1.4319294691085815,0.9520400762557983,0.06611026078462601,11.797311782836914,0.7799602027141176,0.01830068621667634,0.47701144218444824,0.47679951786994934,0.804980796680771,4.297570111272383,35.11248779296875,62.82506561279297
01670.png,4.798275474458933,0.7196682691574097,0.6713371180032621,0.8629599806418602,7.324882507324219,68.54071044921875,0.9806913872462755,0.633634115753799,6.942567825317383,4.789146567472216,16.664865493774414,6.414820671081543,33.73625946044922,0.39932379126548767,1.5496325492858887,0.9293960332870483,0.05577145516872406,12.535881042480469,0.7792209791137799,0.01716647709443864,0.4819868803024292,0.4545149505138397,0.7842310058667283,4.397463116401059,39.11834716796875,64.78833770751953
01673.png,4.707663580775261,0.7255535125732422,0.7285577732416555,0.8718772524422802,7.16123628616333,67.5874252319336,0.9828306056870063,0.6386026497942769,6.8602519035339355,5.1077454860545295,16.628877639770508,6.33527135848999,32.47444534301758,0.4181818664073944,1.4711041450500488,0.930932343006134,0.054506637156009674,12.635505676269531,0.7764793896506577,0.018083648484126056,0.48714715242385864,0.4730103611946106,0.7872911984260922,4.490173700828557,38.97967529296875,64.11289978027344
01707.png,5.025399092584848,0.7104551196098328,0.6957875684164431,0.8752125606747909,7.185084819793701,68.97521209716797,0.9845550784980945,0.6528266741873553,6.862741947174072,4.887163800796953,16.750852584838867,6.474196434020996,32.26180648803711,0.444707453250885,1.4621527194976807,0.9371768236160278,0.048660311847925186,13.128251075744629,0.7879505596787567,0.016581329363783183,0.48894059658050537,0.47360536456108093,0.7972796789607343,4.482487342661222,37.79217529296875,64.37153625488281
01710.png,5.062433652579784,0.7223047614097595,0.5991549785129219,0.8620762248286435,7.324574947357178,51.57954025268555,0.9613443283563177,0.3784629504275334,6.471182823181152,4.132908841342143,13.739080429077148,4.601576805114746,31.513364791870117,0.37014466524124146,1.6919273138046265,0.6569031476974487,0.08517046272754669,10.697111129760742,0.6027601161072138,0.03510248757630743,0.48247426748275757,0.5335303544998169,0.42764945243864305,4.602996413088409,31.11346435546875,58.095703125
01724.png,4.642894174903631,0.7223488688468933,0.6027250614639088,0.8638565356093585,7.316610813140869,51.57304000854492,0.9614606051309391,0.3832866141763634,6.477296829223633,4.156977133603458,13.716261863708496,4.60198974609375,31.515155792236328,0.3795627951622009,1.6977320909500122,0.6602365374565125,0.0849975049495697,10.705938339233398,0.6019756518775905,0.0353780275900073,0.4834766387939453,0.537980854511261,0.42956840138523045,4.596223317863077,31.05389404296875,59.55207824707031
01729.png,4.736162971705198,0.7206549644470215,0.611918361790656,0.8660779526998802,7.28900146484375,51.735679626464844,0.9619814579373811,0.3820173319209071,6.494959831237793,4.217340127882807,13.741021156311035,4.614504814147949,31.58550262451172,0.39034339785575867,1.703207015991211,0.661211371421814,0.08499614894390106,10.70600700378418,0.6021116446475371,0.03535826791218167,0.4835980534553528,0.5384219884872437,0.43173788440260297,4.579506532077783,30.72235107421875,59.493072509765625
01741.png,4.740279011428356,0.7225455045700073,0.6125883930498395,0.8668539774526578,7.2803850173950195,51.8956413269043,0.9615022790819356,0.38500063355609293,6.502597808837891,4.221658461217155,13.79336929321289,4.630277633666992,31.608503341674805,0.3927409052848816,1.707779884338379,0.6595643162727356,0.0851341262459755,10.698963165283203,0.601741774157203,0.03539735198724312,0.483510285615921,0.5401285886764526,0.4312515896962103,4.439202490397797,30.80438232421875,59.58549118041992
01760.png,4.834364730864763,0.7316614985466003,0.619350964384297,0.8722842714525603,7.2849650382995605,45.165008544921875,0.952864945599261,0.3932959502947241,6.4284515380859375,4.246719782741041,12.66552448272705,4.043276786804199,38.19087219238281,0.32536834478378296,1.6827616691589355,0.6829233169555664,0.08698385208845139,10.605613708496094,0.6125096806275669,0.03422068232257704,0.46291112899780273,0.4841567277908325,0.46517116477651527,3.8949114379579264,25.09295654296875,58.02073669433594
01773.png,5.032031532377005,0.7352117300033569,0.6266635243883089,0.874575218988831,7.240246772766113,45.175228118896484,0.953315911250809,0.3935927611599362,6.4290771484375,4.283044827220797,12.65861988067627,4.039215564727783,38.29002380371094,0.32290375232696533,1.6777491569519043,0.6864209175109863,0.08868108689785004,10.521690368652344,0.6125559224904666,0.03465514797251744,0.46251362562179565,0.4854583740234375,0.4665376064367638,4.039937731361861,25.22967529296875,59.48942565917969
01779.png,5.227339584380388,0.7387888431549072,0.6290547842698513,0.8745253366648059,7.235701084136963,45.07644271850586,0.9538421609507206,0.3914374428817527,6.426801681518555,4.297242600938912,12.647469520568848,4.0296430587768555,38.36208724975586,0.32140663266181946,1.6752026081085205,0.68707674741745,0.08916331082582474,10.498138427734375,0.6136311395309978,0.034765959927761984,0.46265843510627747,0.4859849810600281,0.4673543518223938,3.7797768847387694,24.94207763671875,58.884796142578125
01783.png,5.172856122255325,0.7392672300338745,0.6309306692834558,0.8748087638133275,7.227448463439941,45.17449188232422,0.9540675489282291,0.3910821892739751,6.431174278259277,4.308833485115645,12.661423683166504,4.0383501052856445,38.39836883544922,0.32107946276664734,1.673041820526123,0.6893714666366577,0.08922044187784195,10.495356559753418,0.6149504261353729,0.034713647141033505,0.4626578390598297,0.4858548045158386,0.4685225222885335,3.9911297983436067,25.27557373046875,59.38966751098633
01789.png,5.115740139037371,0.7400788068771362,0.6305163402557017,0.8745066803646552,7.226388931274414,45.113182067871094,0.9543522259437319,0.39091985067721335,6.424604892730713,4.3035988509891485,12.607353210449219,4.032418251037598,38.279781341552734,0.32051408290863037,1.6735029220581055,0.6924226880073547,0.08972516655921936,10.470857620239258,0.6148475185816502,0.03432848844428978,0.4620169699192047,0.48479291796684265,0.4705230257384259,3.9645969365669775,24.77069091796875,58.708839416503906
01803.png,1.0513405166566372,0.6993845701217651,0.8222938310011316,0.8908578469365591,5.860919952392578,47.46902084350586,0.9745903507461359,0.4866400215831752,6.484999656677246,5.076000270507681,10.67691421508789,4.012506008148193,40.89130783081055,0.3024159073829651,1.4628733396530151,0.9339801669120789,0.03929675370454788,14.056434631347656,0.6997938189882221,0.023124071801763957,0.45524704456329346,0.3628596067428589,0.749283390478187,5.178776002148745,35.63983154296875,52.89569091796875
01806.png,1.0998327657580376,0.6961582899093628,0.840018502388157,0.8892592887719187,5.880155563354492,48.84642791748047,0.9748342566765473,0.4732947057608977,6.486799240112305,5.194248478651183,11.013155937194824,4.15054988861084,41.004737854003906,0.30756035447120667,1.464846134185791,0.9372192025184631,0.04017706215381622,13.96021842956543,0.6999604050600217,0.02447684234530989,0.45563575625419617,0.36609330773353577,0.7523917733266504,5.291071086526505,37.47918701171875,49.917179107666016
01807.png,0.8417795971035957,0.6984349489212036,0.8383083506913522,0.891994608861222,5.867762565612793,47.32111740112305,0.9750997598943402,0.46835960984194414,6.461336135864258,5.167807086809606,10.690471649169922,4.00556755065918,41.2083625793457,0.29489752650260925,1.4556852579116821,0.9331439733505249,0.040500763803720474,13.925369262695312,0.7020006075972969,0.02396925811514964,0.4546988010406494,0.36144447326660156,0.753379147146838,5.206206484945843,35.64959716796875,53.0949821472168
01811.png,0.6785558238625526,0.6928843259811401,0.823764924363716,0.8802299941655041,5.897628307342529,52.18538284301758,0.9732658395399769,0.486147362565262,6.544515609741211,5.124714350625673,11.5958833694458,4.470610618591309,39.70836639404297,0.3420105278491974,1.483597755432129,0.9244179129600525,0.03649801015853882,14.377307891845703,0.7078004877513983,0.024404085861162723,0.45293334126472473,0.3491828441619873,0.7532845714177029,5.145635607184437,37.88690185546875,53.956241607666016
01828.png,0.7449260093271732,0.6880040764808655,0.7662287637831494,0.8838091459680526,5.852836608886719,51.0831413269043,0.9741841021465538,0.487190910963365,6.5403337478637695,4.748014155938456,11.269896507263184,4.37153434753418,38.64033889770508,0.3343648314476013,1.4782469272613525,0.917073667049408,0.03168928623199463,14.990875244140625,0.7073607003250121,0.023586587438566738,0.4578310251235962,0.35249415040016174,0.7488716892790009,5.457579689847403,38.53192138671875,54.70796203613281
01845.png,4.9607840962708,0.7367486953735352,0.634796709570199,0.8547376439679593,7.013663291931152,30.993383407592773,0.9658641235989225,0.3673479276402478,5.525840759277344,3.9800293305950447,8.893567085266113,2.7628238201141357,18.550085067749023,0.19245555996894836,1.6171998977661133,0.7264406681060791,0.09184149652719498,10.369610786437988,0.5673820388060978,0.048133760119411166,0.4852488040924072,0.4503563642501831,0.4626714983014117,4.357585226236591,28.39764404296875,57.182350158691406
01856.png,5.194910928606987,0.7426590919494629,0.6380349543025325,0.8605122256859619,6.952001571655273,33.60258102416992,0.9642751502521755,0.37292998297560925,5.614130020141602,4.008827275770466,9.48997688293457,3.0114798545837402,19.22657012939453,0.2260836958885193,1.5947072505950928,0.7159892320632935,0.09049081057310104,10.433956146240234,0.5690371791934267,0.05060943237244109,0.48569414019584656,0.44422993063926697,0.4571208547999326,4.4394618140285065,30.22576904296875,59.58324432373047
01861.png,5.711758218705654,0.7377261519432068,0.6377731587452571,0.8590650061258862,6.978879928588867,34.785987854003906,0.9637537138443799,0.3799719035790884,5.702154159545898,4.043823106354063,9.749608993530273,3.1235666275024414,19.78925895690918,0.23002150654792786,1.6054885387420654,0.7154655456542969,0.08908973634243011,10.501723289489746,0.5700593345643649,0.05064306608930774,0.48961472511291504,0.4487711191177368,0.4543021642046868,4.198303396181349,28.42254638671875,56.703887939453125
01867.png,5.5900261253118515,0.7217888832092285,0.6874741246500365,0.8629512477577224,7.16380500793457,28.132030487060547,0.9660754427402527,0.3437220418024643,5.639013290405273,4.4008151183422335,8.902739524841309,2.4973599910736084,19.819900512695312,0.23668883740901947,1.6266196966171265,0.8020913600921631,0.0823158472776413,10.845166206359863,0.6276775838089961,0.022739064716628624,0.46532732248306274,0.39315786957740784,0.48473786316935524,4.664370097602684,25.66717529296875,54.252845764160156
01899.png,5.142945878207684,0.7122685313224792,0.6773812060556965,0.8604402924865504,7.1753082275390625,28.605480194091797,0.9651114306765625,0.34844215905949183,5.67513370513916,4.352335506524851,8.983013153076172,2.5423450469970703,19.92217254638672,0.2318783849477768,1.636230707168579,0.7891380786895752,0.08186306059360504,10.869120597839355,0.6267645366045085,0.02460542058034888,0.4623735845088959,0.3916267156600952,0.47710057617378676,4.809941209535514,25.91619873046875,55.66619110107422
01911.png,4.939124438911676,0.7143320441246033,0.6761450050847863,0.8614485466490129,7.175013065338135,28.641143798828125,0.9655584426830776,0.3494275848393494,5.682316780090332,4.34672126732381,8.99815559387207,2.5463500022888184,19.9008846282959,0.2324315905570984,1.634885549545288,0.7916009426116943,0.08175589144229889,10.874809265136719,0.6260401560610014,0.024375635209078088,0.4624195098876953,0.3917497992515564,0.4799957336451383,4.786157493644883,25.87860107421875,55.24002456665039
01912.png,0.8545135743916035,0.6690707802772522,0.7618544742512906,0.8657584979986488,5.739057540893555,48.6577262878418,0.9514361913667935,0.3680874658502539,6.594484806060791,4.698194104432204,11.060368537902832,4.032381057739258,29.592147827148438,0.6374019384384155,1.7705577611923218,0.882980465888977,0.02639247663319111,15.785199165344238,0.6302451121848439,0.031181874051111443,0.5086705088615417,0.4296329617500305,0.5081895312082566,5.340641218830313,24.47283935546875,58.52971267700195
01913.png,0.8439104557037354,0.6713666915893555,0.7762137700931,0.8763648877079161,5.674161434173584,48.06005859375,0.9581609242163666,0.3631232201143857,6.550380706787109,4.744441785094075,10.87927532196045,3.9828739166259766,28.662322998046875,0.7149193286895752,1.767922043800354,0.9247525930404663,0.024674326181411743,16.077547073364258,0.6418182034957339,0.03142989999642935,0.5121225714683533,0.45136499404907227,0.5311771221018122,5.706309773885898,24.70037841796875,59.840816497802734
01919.png,0.6589342169463634,0.6747162342071533,0.7779438032308411,0.8790669858562903,5.6712141036987305,47.527042388916016,0.9577635368932331,0.3587942759610636,6.519944190979004,4.742030723893826,10.576547622680664,3.9398155212402344,28.0837345123291,0.7305175065994263,1.7684597969055176,0.9324250817298889,0.024201877415180206,16.161510467529297,0.6425300896533427,0.030552330632262616,0.5124567747116089,0.44011902809143066,0.5352641351918902,5.686361980427712,25.21209716796875,60.31001663208008
01929.png,0.6588274091482162,0.6672523617744446,0.77423694120997,0.8833320184379654,5.659778118133545,47.561668395996094,0.958369389338837,0.3681970567525193,6.503970146179199,4.708824252564703,10.62063217163086,3.9462156295776367,27.615737915039062,0.7518097162246704,1.769817590713501,0.9353169798851013,0.02337449975311756,16.312578201293945,0.6408435100715939,0.030043297255544825,0.5128305554389954,0.42252856492996216,0.5367522878880578,5.816976751627382,23.51141357421875,60.424171447753906
01937.png,5.234274312853813,0.7273077964782715,0.7029797012611667,0.8811055318662583,6.936990261077881,79.75005340576172,0.9827245594570633,0.6369869253720701,6.769668102264404,4.81776376416785,19.005971908569336,7.619564056396484,29.043380737304688,0.2960774302482605,1.523219108581543,0.9116470813751221,0.05298604443669319,12.758384704589844,0.7730544284225315,0.02089737216788245,0.4809800088405609,0.4382937550544739,0.7976062163081089,4.573034750026263,39.74383544921875,67.06249237060547
01947.png,5.204981438815594,0.7273221015930176,0.7116906556772626,0.8838155675426403,6.903456687927246,80.4572982788086,0.9825927863707475,0.6419749338970917,6.77709436416626,4.868173055888237,19.151208877563477,7.6822309494018555,29.29993438720703,0.28630661964416504,1.5190958976745605,0.9123915433883667,0.05453112721443176,12.633556365966797,0.7729724291361149,0.020744002485665335,0.48029202222824097,0.43632370233535767,0.7974777651049537,4.539851122899614,39.52655029296875,67.18594360351562
01954.png,4.929397564381361,0.7274550199508667,0.7037114827531851,0.8831975737603232,6.922796249389648,80.01274871826172,0.9824909138202849,0.6380571403349298,6.756491661071777,4.813148845423187,19.044857025146484,7.639903545379639,28.82308006286621,0.28701654076576233,1.5260627269744873,0.905584454536438,0.05428192764520645,12.653447151184082,0.7703942799362081,0.021055855184049933,0.479911744594574,0.43559694290161133,0.7913387190718811,4.549081464438022,39.13592529296875,65.8285903930664
01963.png,5.018963728100061,0.7264541387557983,0.7077810215062558,0.8844972324306934,6.907347679138184,80.16993713378906,0.9825517488054809,0.6392966199171728,6.746638774871826,4.832028735175385,19.13981819152832,7.655641555786133,28.770584106445312,0.2824825644493103,1.5225214958190918,0.9038033485412598,0.054030705243349075,12.673593521118164,0.7701204130209925,0.02069264164316113,0.478912889957428,0.43584147095680237,0.7903963522190077,4.527245562131558,39.46795654296875,65.75419616699219
01977.png,4.477083679288626,0.7389621734619141,0.7317346184411639,0.9016510794465018,6.941707611083984,83.79552459716797,0.9894059408856428,0.5587750481159921,6.822112083435059,5.035744249994529,20.556739807128906,7.9884490966796875,32.18807601928711,0.23066186904907227,1.4388946294784546,0.928921639919281,0.06680982559919357,11.751596450805664,0.7840906259928051,0.020085889387703424,0.4647759795188904,0.45805567502975464,0.825668670167495,5.065257919492922,44.94696044921875,66.29596710205078
01981.png,5.427450001239777,0.7493460178375244,0.7088440301208797,0.9030730128340514,6.989665985107422,86.59652709960938,0.9896585579011085,0.5895876661732962,6.840831756591797,4.901845598430345,21.339012145996094,8.251668930053711,32.55245590209961,0.22673487663269043,1.4473216533660889,0.9309133887290955,0.06678825616836548,11.752998352050781,0.7875476050170146,0.01972212740313722,0.4658225178718567,0.4577646851539612,0.8256503691155886,4.974414221814185,44.86248779296875,65.53752899169922
01985.png,5.546632558107376,0.7599344253540039,0.738052191927636,0.9110351590425607,6.924935340881348,51.367828369140625,0.9908600801272318,0.44753764691022246,6.220195293426514,4.850908811576739,14.358098983764648,4.772288799285889,28.11700439453125,0.19039174914360046,1.5174100399017334,0.9075031280517578,0.08619388937950134,10.645236015319824,0.7463575183210542,0.02078498491266266,0.44402015209198,0.4433504641056061,0.7663983345315795,5.0350443714626945,29.00750732421875,62.0030403137207
01994.png,5.493667248636484,0.7999042272567749,0.6277397915734351,0.86492259959814,7.723815441131592,51.23252487182617,0.9372944021479693,0.32106277513325465,6.97769832611084,4.614373982313083,15.617391586303711,4.626714706420898,33.6069450378418,0.23493389785289764,1.7932133674621582,0.6716538071632385,0.12143860012292862,9.15643310546875,0.6596033271747705,0.028787438672569686,0.4151994287967682,0.5393626689910889,0.47662694719195975,4.153223762132255,15.50018310546875,57.56566619873047
01996.png,4.94516047462821,0.7951866388320923,0.6257138562291602,0.8605718030924764,7.8478498458862305,47.35697937011719,0.9333727410367851,0.3166247658419651,6.912539482116699,4.6179010490669405,14.809191703796387,4.268247604370117,31.765987396240234,0.24032050371170044,1.809201717376709,0.676234781742096,0.11754024028778076,9.298134803771973,0.6509958760709442,0.028060150592333123,0.40440917015075684,0.5412116050720215,0.4768050003349212,4.131366154233627,13.74041748046875,61.55220413208008
02002.png,4.897368982434273,0.8056951761245728,0.6418515247667724,0.8689242498571051,7.696536064147949,42.72455596923828,0.9353533141084309,0.3161852999969489,7.044820785522461,4.730892507398998,14.014361381530762,3.837733745574951,34.87228775024414,0.25627195835113525,1.8005709648132324,0.7022634744644165,0.1210903525352478,9.168905258178711,0.6634169784421006,0.02263445657111101,0.39817363023757935,0.5465948581695557,0.494553003407162,3.9821028429176533,24.34344482421875,54.46702575683594
02011.png,4.909893736243248,0.7983838319778442,0.660304581654953,0.8625201781102283,7.670698165893555,39.36100769042969,0.9389587376825623,0.3046458742962917,6.9581756591796875,4.829767714463303,12.846539497375488,3.528257369995117,32.40829849243164,0.2560712397098541,1.7790018320083618,0.6958068609237671,0.1221582368016243,9.130773544311523,0.6434785082644036,0.024774868466844905,0.39996352791786194,0.5418415069580078,0.48133643443258495,4.224554098247474,26.21697998046875,58.137901306152344
02033.png,4.90824081748724,0.7801526784896851,0.6151586897339075,0.8671255749092877,7.623886585235596,44.585357666015625,0.9346183756686204,0.3092959587410869,6.937905311584473,4.478917182968113,13.809638977050781,4.0381574630737305,32.63661575317383,0.2796841263771057,1.814307689666748,0.7351046204566956,0.11834033578634262,9.268671989440918,0.6715103129743849,0.022799175137403073,0.39274853467941284,0.5480673313140869,0.5180803765116272,4.22739441718505,21.88494873046875,56.696128845214844
02045.png,5.5712292194366455,0.7775258421897888,0.625079139935304,0.8798259503432627,7.452064514160156,72.7640380859375,0.9691897532268081,0.4413299613947322,7.419900894165039,4.648089076325615,20.66830062866211,6.561286449432373,47.63912582397461,0.4076721966266632,1.6683671474456787,0.8053073883056641,0.10149795562028885,9.935425758361816,0.7088855052517065,0.02503314788888622,0.4163495600223541,0.5289926528930664,0.6159365893606961,4.289419628405843,42.79412841796875,62.15516662597656
02073.png,4.821292504668236,0.7721065282821655,0.6268299732788806,0.8775644638229558,7.423340320587158,75.8678970336914,0.9678737607662411,0.46055765285180855,7.454523086547852,4.6629567401550585,21.304981231689453,6.860442161560059,48.59408950805664,0.42102593183517456,1.6350176334381104,0.8041055202484131,0.09950193762779236,10.021684646606445,0.7086319647079921,0.026237487019492724,0.424897164106369,0.5295101404190063,0.6206829250734978,4.117624582441962,43.15399169921875,62.859031677246094
02083.png,4.932590119540691,0.7699531316757202,0.6228089885786994,0.8772328973316319,7.442880630493164,76.82891845703125,0.9663397857661981,0.47463595670062536,7.476712703704834,4.646039819613772,21.401329040527344,6.93747615814209,49.22175216674805,0.4231327176094055,1.6344358921051025,0.8065783977508545,0.09706492722034454,10.129377365112305,0.7123982329729515,0.025545814675131822,0.4271685481071472,0.5304600596427917,0.624138420068061,3.915962081920944,43.18865966796875,61.86563491821289
02090.png,4.894354794174433,0.7723482847213745,0.6298609193160943,0.8760160844548891,7.437289237976074,77.41693115234375,0.9666586454205153,0.46646305422160805,7.457364082336426,4.6907912567782475,21.535886764526367,6.995391845703125,48.46408462524414,0.4173547327518463,1.6271342039108276,0.8026189208030701,0.09919138252735138,10.035261154174805,0.7090793433457159,0.026147512727759253,0.4252699017524719,0.5284231305122375,0.6215388571365211,4.100476352863612,43.52752685546875,63.37391662597656
02102.png,4.9206349067389965,0.833948016166687,0.7294933983547021,0.8953633701741325,7.217768669128418,35.80912399291992,0.9504228463073421,0.33974127273073296,7.444540500640869,5.348041755967891,11.71541690826416,3.163679838180542,52.68242263793945,0.26089799404144287,1.7608647346496582,0.714526891708374,0.12181592732667923,9.142959594726562,0.6124327480736619,0.02677581995128378,0.4141857624053955,0.5383198261260986,0.4755761601813028,4.152456298261696,20.65350341796875,50.54354476928711
02119.png,4.913017969578505,0.8877496123313904,0.6837533137285985,0.8822819223233677,7.402978420257568,42.32173156738281,0.9451691868861138,0.31192958748233607,7.339320182800293,5.040059842034161,13.890918731689453,3.7685699462890625,45.75832748413086,0.2587764859199524,1.7633965015411377,0.6702976822853088,0.14052672684192657,8.52241039276123,0.6210070546335185,0.02618338241044524,0.40031054615974426,0.5178634524345398,0.45301975717339615,4.040849101461414,17.19696044921875,59.62929916381836
02120.png,4.610666241496801,0.9459028244018555,0.6289820321696651,0.8877587311332028,7.3620924949646,46.23395919799805,0.9440368459027219,0.39450783639846165,7.508694648742676,4.676740000803486,12.703731536865234,4.0384368896484375,56.63996887207031,0.2678423821926117,1.7543444633483887,0.7803738117218018,0.1373949497938156,8.620292663574219,0.6119463131575184,0.035229636778592394,0.41835537552833557,0.4428386092185974,0.5343721220229898,3.662732790324296,28.36199951171875,48.42485046386719
02142.png,4.849226724356413,0.7795514464378357,0.5825621786413709,0.8745663950854479,7.336526393890381,52.16448211669922,0.9355882764831908,0.41230978747203517,7.296814441680908,4.262425913650896,14.800544738769531,4.673060417175293,44.09703826904297,0.30331480503082275,1.6763560771942139,0.7250165939331055,0.10294928401708603,9.873766899108887,0.6600347509491854,0.026593035593807785,0.42153286933898926,0.4526592493057251,0.5036858246479963,3.985696758326043,37.29656982421875,64.04593658447266
02163.png,5.47335259616375,0.753067135810852,0.7141383242137817,0.8750311911458977,7.250377655029297,53.53904342651367,0.968774641390965,0.41446279605249836,6.985508918762207,5.083209243728449,15.555427551269531,4.980782985687256,34.335323333740234,0.37072914838790894,1.7116847038269043,0.8527941107749939,0.09430482238531113,10.254660606384277,0.7372711144628589,0.017109044669212484,0.4638761878013611,0.5585781335830688,0.6609994346719661,3.8741836874792153,15.92938232421875,67.93608093261719
02180.png,5.154176257550716,0.7484859228134155,0.749377164625916,0.8778835423593203,7.06528902053833,68.93641662597656,0.9733629334495604,0.45540454697837945,7.249176502227783,5.363480552432204,19.09370231628418,6.444069862365723,42.32072448730469,0.42265260219573975,1.6159160137176514,0.8531042337417603,0.09272538870573044,10.328012466430664,0.7436558983888422,0.020955012487171767,0.47421887516975403,0.5499233603477478,0.6788304288725124,3.9833448561961964,24.61883544921875,64.92493438720703
02195.png,5.019588802009821,0.7446889877319336,0.7658515622538278,0.8730666155029365,7.047665119171143,64.42059326171875,0.974077090399279,0.40067783018898934,7.02768611907959,5.389828726126442,19.963884353637695,5.854152202606201,36.543861389160156,0.5645458102226257,1.697613000869751,0.7840986847877502,0.09769739210605621,10.101170539855957,0.6949690996589831,0.027187296320578133,0.4791189730167389,0.5838896036148071,0.5808788134233976,4.007975629777548,31.10125732421875,69.08043670654297
02213.png,5.005296409130096,0.7510668039321899,0.7628312926735517,0.873567281353581,7.205806732177734,71.08819580078125,0.9769940514207824,0.4155441639537532,7.171632289886475,5.4837940019873646,20.94938087463379,6.506803512573242,41.266014099121094,0.538172721862793,1.6596039533615112,0.8063907027244568,0.09837336093187332,10.0712251663208,0.7166996597640349,0.02419348317715597,0.4734889268875122,0.5742180943489075,0.6385050798221368,4.1953034007576875,28.76531982421875,66.33311462402344
02233.png,5.059098586440086,0.795161247253418,0.7913003446503205,0.8691294063778079,7.205598831176758,44.753028869628906,0.959979123560351,0.33702954962918535,6.8558831214904785,5.563442443628373,14.898481369018555,4.05921745300293,34.83449172973633,0.3266861140727997,1.7594630718231201,0.7285988926887512,0.12002375721931458,9.207326889038086,0.6824851955563359,0.0225751543037135,0.45000818371772766,0.559787929058075,0.5323355101353049,3.655704924348812,15.02264404296875,60.048397064208984
02236.png,5.203425817191601,0.7967098951339722,0.7911621347123753,0.8661973046162753,7.127954959869385,49.27607727050781,0.9620440096253966,0.35398192367380843,6.810868740081787,5.513949242148099,16.082181930541992,4.524697303771973,32.78189468383789,0.33119264245033264,1.7218778133392334,0.74842768907547,0.11761153489351273,9.295502662658691,0.6926741693689318,0.021869433899723935,0.46104326844215393,0.5609774589538574,0.5505777024505119,3.8670701854096436,17.36053466796875,60.974952697753906
02249.png,5.152046374976635,0.7693252563476562,0.7259326851300669,0.869278548018592,7.325979709625244,53.55903625488281,0.9627412366198527,0.3847298256199139,6.989960193634033,5.196217375843885,16.48833656311035,4.942523956298828,36.52313232421875,0.3484056293964386,1.7621054649353027,0.7707293033599854,0.10691337287425995,9.709680557250977,0.7194970057800643,0.02070026984115256,0.46204066276550293,0.5609325766563416,0.5918184322870643,3.8637043400166635,19.06756591796875,62.24315643310547
02278.png,4.887153845280409,0.7660793662071228,0.7786901417494171,0.8690063673532228,7.169510841369629,55.3612174987793,0.9687049365956728,0.3947596335386192,6.944255828857422,5.4951395082273,16.669004440307617,5.04121208190918,36.12489700317383,0.42183274030685425,1.6823316812515259,0.774070143699646,0.10146749019622803,9.936731338500977,0.7010593894841359,0.024450977281716742,0.4696589410305023,0.574140191078186,0.5893581691453266,4.199110398523771,22.70379638671875,66.38223266601562
02296.png,5.417678534984589,0.7743538618087769,0.7268877961478656,0.860583719122859,7.342934608459473,59.039146423339844,0.9636637965596498,0.40057095528046754,7.023977279663086,5.22157944327102,17.584487915039062,5.338583946228027,38.40148162841797,0.3302117884159088,1.6531798839569092,0.7878150343894958,0.10476750135421753,9.797734260559082,0.6987562574482604,0.026257488459160972,0.4621402621269226,0.5563575029373169,0.5931158041438674,3.9126722229588395,30.58172607421875,61.71617126464844
02310.png,5.298950769007206,0.7557522654533386,0.8048888648362378,0.8732821401579869,7.228809356689453,49.88848876953125,0.9575324389035524,0.32657456323195044,7.068200588226318,5.753766962606486,16.267108917236328,4.500463962554932,42.01984786987305,0.42673689126968384,1.7766050100326538,0.6915080547332764,0.10458371788263321,9.80535888671875,0.6732292141255453,0.02318595408302593,0.4408920109272003,0.5567370057106018,0.5088736077140782,3.85767040453673,24.36395263671875,61.54113006591797
02317.png,5.560714762657881,0.7678365707397461,0.8051357514361132,0.8702299591210741,7.165074825286865,54.580039978027344,0.9616729400811501,0.3470388975207999,7.1599836349487305,5.766823004548666,17.070083618164062,4.952595233917236,44.14031219482422,0.4290435016155243,1.731501579284668,0.724130392074585,0.10978291183710098,9.594653129577637,0.68575285691056,0.022139101490412615,0.45097827911376953,0.5679236650466919,0.5519212333063565,3.7379504478378047,23.62713623046875,58.604515075683594
02322.png,5.449022624641657,0.7806698679924011,0.6971300103727439,0.8691962853179789,7.3834123611450195,55.686729431152344,0.9417742594481151,0.3262154266355155,6.952093601226807,4.996868556774441,17.99666976928711,5.065093994140625,35.200862884521484,0.3054603636264801,1.8095927238464355,0.6442519426345825,0.11043022572994232,9.569121360778809,0.6808003403213229,0.024672865550606184,0.4461617171764374,0.5304353833198547,0.49873565053060115,4.082228167635741,25.17791748046875,56.96266174316406
02337.png,6.214600153267384,0.8048739433288574,0.7344322368773353,0.8500701548786906,7.515966415405273,41.98969268798828,0.9509788998992157,0.2660682437946623,6.5189714431762695,5.153868365038075,15.058746337890625,3.788543224334717,26.179475784301758,0.27100321650505066,1.8519189357757568,0.6318470239639282,0.13504061102867126,8.695355415344238,0.673821776142529,0.018940936056922656,0.4391554892063141,0.5285049080848694,0.45838286981760196,3.8067997285587434,12.03778076171875,54.7779426574707
02352.png,6.125556331127882,0.7794844508171082,0.785200724872584,0.8561496030516466,7.59938383102417,36.05914306640625,0.9547888630102543,0.3096206247552338,6.771084785461426,5.641864630870561,12.557382583618164,3.261695384979248,32.921791076660156,0.26453572511672974,1.8169996738433838,0.7155166268348694,0.11994235962629318,9.210273742675781,0.6586997739319419,0.02008129857978757,0.4508989453315735,0.5426313281059265,0.5034723916296766,3.751388880128457,14.46307373046875,56.113563537597656
02369.png,6.316218223422766,0.7861207723617554,0.7298234766691485,0.8623725249123406,7.556128978729248,45.07218933105469,0.9432398273212679,0.33559125748589436,6.782170295715332,5.232226982990841,14.867144584655762,4.088701248168945,31.348224639892578,0.29515528678894043,1.8117092847824097,0.6992424130439758,0.11333740502595901,9.456268310546875,0.6837547366071798,0.022738286367255722,0.448475182056427,0.5506784915924072,0.5237010243803705,3.9053089282882594,18.54315185546875,60.79811477661133
02394.png,5.962595693767071,0.8081504702568054,0.8069411271868383,0.8527527283659773,7.615329265594482,30.526304244995117,0.949557442911329,0.2560356458390747,6.586592674255371,5.730072178686129,11.90949535369873,2.726421356201172,28.450414657592773,0.22530630230903625,1.8645730018615723,0.6390790343284607,0.13294503092765808,8.76327896118164,0.6290234489269393,0.02087148998132515,0.4344833791255951,0.5353075265884399,0.43331113903416085,4.009818626461093,13.42303466796875,56.523292541503906
02405.png,6.075367633253336,0.7719094753265381,0.7586185128069333,0.8554455350429229,7.726536750793457,34.85313034057617,0.9507808710950562,0.32861619472814785,6.521032810211182,5.404248122389568,11.649914741516113,3.147285223007202,26.598037719726562,0.30007433891296387,1.7883386611938477,0.7281369566917419,0.10111789405345917,9.951719284057617,0.674251142824743,0.017393563417088004,0.41007715463638306,0.5292821526527405,0.5175970846129616,4.148895753959967,16.07440185546875,58.61284637451172
02440.png,6.059378746896982,0.7530398368835449,0.7199697023093996,0.8732461675137824,7.4238104820251465,45.529083251953125,0.9702625583652151,0.38250620971169236,6.737377166748047,5.097825706594067,14.624006271362305,4.138678550720215,32.82329177856445,0.40833380818367004,1.71683669090271,0.7844093441963196,0.09688615798950195,10.137382507324219,0.6850672090268269,0.02312867397984424,0.4349918067455292,0.5668776035308838,0.5723181349023247,4.0438633649085585,20.73651123046875,54.689422607421875
02450.png,5.849441334605217,0.7654630541801453,0.7466905856669058,0.8641475797947491,7.460757255554199,48.697532653808594,0.96041648433193,0.39152355604894434,6.925713539123535,5.371134815948423,14.9050931930542,4.458896636962891,34.98516845703125,0.36849725246429443,1.7164347171783447,0.7646740674972534,0.09855159372091293,10.063364028930664,0.6885394848090949,0.020577575105355583,0.4567880630493164,0.5592759847640991,0.5845631632206894,3.7247185628243638,19.01727294921875,59.35383605957031
02455.png,5.791476998478174,0.758436918258667,0.7218005212883951,0.8624919890152785,7.3644633293151855,60.003517150878906,0.9602731009264593,0.40710773828608204,6.923591136932373,5.156575453049205,18.65616226196289,5.409640789031982,34.49553680419922,0.4733505845069885,1.7263493537902832,0.6914701461791992,0.08768877387046814,10.570560455322266,0.6805140745594677,0.022911811716574342,0.47314053773880005,0.5271584391593933,0.49722465124630616,4.320830100564931,31.29559326171875,65.7497787475586
02464.png,5.286241937428713,0.7532307505607605,0.7758400881898677,0.8619911380646678,7.214747428894043,54.48453903198242,0.9675943963636883,0.3966157255386693,6.854492664337158,5.457754151451665,17.9117488861084,4.913668632507324,33.08858108520508,0.49554765224456787,1.678356647491455,0.7316989898681641,0.09406419098377228,10.265756607055664,0.6711559510162564,0.02672959089830556,0.47881999611854553,0.575698733329773,0.5310899779721114,4.414208520192745,26.74432373046875,64.88211822509766
02473.png,5.265498995780945,0.7660399675369263,0.7815601803644335,0.8630748292702969,7.139430999755859,59.573238372802734,0.9682279902416939,0.41028221284157684,6.969662666320801,5.513567738521349,18.832828521728516,5.366433620452881,36.61835861206055,0.4846764802932739,1.692591667175293,0.7501167058944702,0.10192529857158661,9.917181015014648,0.6879596312849926,0.025009638728863273,0.47839391231536865,0.5758220553398132,0.5746196208322487,4.296927746918653,29.30291748046875,64.64205169677734
02478.png,4.927578344941139,0.7534214854240417,0.7303347275065367,0.868470070027867,7.377111911773682,57.2155876159668,0.963081781957311,0.41491579114749394,6.8758063316345215,5.204713430518236,17.664033889770508,5.209449291229248,34.34259033203125,0.4353581964969635,1.6530663967132568,0.7898168563842773,0.09229333698749542,10.348296165466309,0.7021487639055245,0.025391730068901427,0.4794917106628418,0.5844776034355164,0.573949467195143,4.021673519064665,32.21990966796875,64.42378997802734
02486.png,4.9435697719454765,0.7603515386581421,0.8499997625013976,0.8827219868424246,7.033123970031738,47.183860778808594,0.9769674384744228,0.4204449826088026,6.879161834716797,5.912735019442627,15.241756439208984,4.291868209838867,35.54475402832031,0.39427900314331055,1.6134531497955322,0.8367047309875488,0.09627391397953033,10.16491413116455,0.6917568913262533,0.027704174939255723,0.4844641089439392,0.5992151498794556,0.6170581941996939,4.104418706719977,21.47576904296875,63.589141845703125
02495.png,5.516152910888195,0.7583191394805908,0.8366455669855931,0.8755697042044529,7.189865589141846,47.85017013549805,0.9723379402757654,0.39934511757993196,6.794514179229736,5.849999431580768,15.99237060546875,4.345415115356445,32.5038948059082,0.3999341130256653,1.6640615463256836,0.7938844561576843,0.09548590332269669,10.200607299804688,0.6886440315588046,0.024357504816830453,0.4811217486858368,0.6002577543258667,0.5835544583087254,4.193509139422274,20.80682373046875,62.16535186767578
02522.png,5.343495462089777,0.7423776388168335,0.8008919765669712,0.8708562999995263,7.074965000152588,51.562286376953125,0.9704730583856926,0.4112284595404992,7.067048072814941,5.663126255310631,16.481338500976562,4.660717010498047,37.94024658203125,0.4462217688560486,1.728224754333496,0.7853835821151733,0.09561813622713089,10.194597244262695,0.7053920876504665,0.0221499158823675,0.4713073670864105,0.5811408758163452,0.5933880931687974,4.171920506333502,24.24432373046875,64.1506118774414
02527.png,5.2177807576954365,0.6944405436515808,0.6306236365110474,0.8775658124796439,7.265287399291992,77.4360580444336,0.957497915034053,0.6241678349807889,7.365316390991211,4.613213834660421,20.017704010009766,6.9104132652282715,57.02362060546875,0.6537121534347534,1.6890504360198975,0.8614183068275452,0.057632915675640106,12.393293380737305,0.7210972516562268,0.02129923848590519,0.4743821322917938,0.45838701725006104,0.6562107714191812,3.9386088622232265,38.00115966796875,64.19800567626953
02530.png,5.208894781768322,0.6076998114585876,0.7135029023628654,0.9067605149124714,6.83859920501709,51.70629119873047,0.9578674213056961,0.6293519883420424,7.212751388549805,5.012852856525088,13.867633819580078,4.716408729553223,70.11022186279297,0.8061135411262512,1.62501859664917,0.9101142883300781,0.03914926201105118,14.072763442993164,0.7117587512998028,0.01985675773287796,0.4711676239967346,0.5086676478385925,0.6786125550738139,3.7616709319964405,32.48162841796875,64.26342010498047
02533.png,5.055814038962126,0.6825310587882996,0.7662697956026642,0.8694231241988872,6.657674312591553,43.47810363769531,0.9814187552679071,0.6505598472502447,6.481964111328125,5.034267856210079,11.951443672180176,4.093088626861572,24.5062255859375,0.5854157209396362,1.5071425437927246,0.9759306311607361,0.04040846228599548,13.935277938842773,0.7602506744662642,0.015151006052486147,0.4907594323158264,0.4831905961036682,0.8100613761339446,4.180260732455236,24.83563232421875,60.20182418823242
02544.png,5.465688969939947,0.6088300347328186,0.7124507863983164,0.8856791182088991,6.304885387420654,21.447858810424805,0.9597961408776984,0.5166718989162887,6.727860450744629,4.64260784238914,9.958765029907227,1.9965248107910156,37.926536560058594,0.7630612850189209,1.6415667533874512,1.0555188655853271,0.012860113754868507,18.90755271911621,0.6410623900929291,0.016120309773344155,0.49573153257369995,0.5073264837265015,0.6616321597079033,4.1207528549777335,9.87957763671875,50.468841552734375
02556.png,5.709571018815041,0.7317215204238892,0.8146624852878461,0.8631574033530365,7.13221549987793,40.95112609863281,0.9717679121500691,0.3669872574297293,6.5475263595581055,5.57220024626635,13.917601585388184,3.6799895763397217,26.407508850097656,0.5452021956443787,1.7407137155532837,0.7674943208694458,0.09677126258611679,10.142537117004395,0.6740962341930602,0.019054478173198355,0.47264808416366577,0.5674358606338501,0.5546350235888173,4.280793442810292,22.11395263671875,62.07264709472656
02572.png,5.722253389656544,0.7610664367675781,0.8509757419659048,0.8467264449851843,7.23591423034668,34.7066764831543,0.9679195953091743,0.3099596084666717,6.568342208862305,5.873559150085239,12.072927474975586,3.1144566535949707,27.125659942626953,0.4684440493583679,1.754887342453003,0.7157574892044067,0.10457804054021835,9.805595397949219,0.6432681957673912,0.02406988523577609,0.4694393277168274,0.5913766026496887,0.5020481880477857,4.217314709494779,19.87762451171875,59.23208999633789
02606.png,5.57125199213624,0.8074199557304382,0.8341128647713432,0.8571441631498696,7.111044406890869,38.97808074951172,0.9484717677040999,0.2953745869017993,6.758343696594238,5.784332532309277,13.405017852783203,3.4884090423583984,33.96050262451172,0.3283036947250366,1.8329136371612549,0.7455940842628479,0.13371923565864563,8.73806095123291,0.6715059671263692,0.02386575847756819,0.4470549523830414,0.5594313740730286,0.5487638137435072,4.102147046703546,21.11444091796875,56.43596649169922
02611.png,5.591179341077805,0.7695528864860535,0.8401947397920401,0.8548149858627219,7.005026340484619,39.61896514892578,0.9603403291743838,0.32962596198564253,6.8289794921875,5.811644443884973,13.110776901245117,3.574429512023926,33.723670959472656,0.422249436378479,1.777322769165039,0.7444015741348267,0.11538271605968475,9.378592491149902,0.6545377731546456,0.024847732259655298,0.4646311104297638,0.5945631265640259,0.5172958760417609,3.685066161115864,16.40936279296875,60.356693267822266
02624.png,5.55396269634366,0.9667249917984009,0.7407900524436161,0.8947009945331597,7.359758377075195,53.08132553100586,0.9468711620576677,0.34827157149402155,7.308565616607666,5.433087756993997,16.709196090698242,4.813011169433594,43.033531188964844,0.21715259552001953,1.813568115234375,0.7157688736915588,0.16566574573516846,7.807672500610352,0.7020784018045926,0.02333442544986654,0.4275481402873993,0.48226654529571533,0.5562902442177403,3.9107319316723017,18.96990966796875,59.4199333190918
02641.png,2.151102364063263,0.6525056958198547,0.6165846932916026,0.8665756787232919,6.558786392211914,60.629642486572266,0.9558265372013812,0.5163410961295093,6.807928085327148,4.120866468397866,18.861732482910156,5.276462554931641,38.28458023071289,0.6521751880645752,1.6622090339660645,0.9377505779266357,0.0199386365711689,17.0030460357666,0.7822949981868338,0.007780114415608625,0.48802125453948975,0.49682676792144775,0.6931965142383133,4.0927395231815265,37.84490966796875,57.276214599609375
02651.png,2.0267683379352093,0.6841168999671936,0.8065969173357838,0.8751594427232419,5.901116371154785,42.73548126220703,0.9739092784250895,0.7201076829780203,6.588631629943848,5.037110147872433,11.391459465026855,3.9225990772247314,28.689044952392578,0.6820950508117676,1.6182143688201904,0.9271783828735352,0.016374018043279648,17.858448028564453,0.7335591408931161,0.017736937856434175,0.4884771704673767,0.48240795731544495,0.7443929882334853,3.7142519552245568,23.55291748046875,59.8521728515625
02658.png,2.1181932240724564,0.7288337349891663,0.7607784570364908,0.8680535592611751,6.288267612457275,43.62681198120117,0.9649573587590724,0.6421981332389404,6.943920135498047,5.033394355420107,12.395505905151367,3.9212231636047363,34.63783264160156,0.5280635952949524,1.546691656112671,0.8775452971458435,0.03691462054848671,14.32801628112793,0.6893594249472405,0.020359827726592915,0.4825243651866913,0.47623375058174133,0.6439974736136915,3.746305954611554,24.27362060546875,57.84332275390625
02667.png,1.6629526428878307,0.8975552916526794,0.6269948159085572,0.8860357192894316,7.454261302947998,40.7873420715332,0.9246773492811838,0.29550635869619635,6.992885112762451,4.529153225103359,10.866410255432129,3.313889980316162,40.05054473876953,0.2081243246793747,1.8400230407714844,0.6146310567855835,0.13644950091838837,8.650279998779297,0.5772895656680109,0.026568205868844823,0.4107460677623749,0.41843366622924805,0.40016249126372594,4.458201484932151,32.24920654296875,55.36957931518555
02709.png,5.355618331581354,0.8016781210899353,0.6283072040803825,0.8726448262902523,7.677075386047363,70.88272094726562,0.9444928019806659,0.39103943978982336,7.0563530921936035,4.628571372241797,20.833267211914062,6.6042938232421875,35.430721282958984,0.2628127932548523,1.7951200008392334,0.7261061072349548,0.11800619214773178,9.280952453613281,0.7079185599878933,0.025111810581767,0.43677693605422974,0.4939252734184265,0.5808111644689805,3.7194965251592325,38.01971435546875,60.79353332519531
02720.png,5.34255912527442,0.795407235622406,0.6395183237337896,0.8794332590787102,7.295137882232666,61.42047882080078,0.9597857343303474,0.5041622714288136,7.313446044921875,4.671240615027839,16.103195190429688,5.559438705444336,42.34479904174805,0.32949352264404297,1.6209635734558105,0.7318257093429565,0.1010553166270256,9.954408645629883,0.6795920818844234,0.02887561102250245,0.46707871556282043,0.4652920961380005,0.5534244974863572,4.003989383400407,37.46942138671875,64.29216766357422
02731.png,5.8315232545137405,0.7928436994552612,0.663326120302987,0.8877943859507641,7.228461742401123,57.697967529296875,0.9628446407188298,0.49740619430210864,7.226690292358398,4.794251944445545,15.142647743225098,5.2337846755981445,39.915252685546875,0.2906907796859741,1.6476869583129883,0.7424989342689514,0.10099643468856812,9.956939697265625,0.6884274469502186,0.028220961835814608,0.4651830494403839,0.47947385907173157,0.559508471184513,4.130385277631323,38.37713623046875,61.70484161376953
02739.png,5.642999541014433,0.770866334438324,0.49850015209617354,0.8844657132840675,7.529649257659912,78.342529296875,0.9484493326904673,0.5699746295513806,7.375123023986816,3.7150245532553434,19.678342819213867,7.174151420593262,42.676246643066406,0.2977766990661621,1.681584119796753,0.7519638538360596,0.0790569856762886,11.020597457885742,0.7318301727477081,0.021725060209789405,0.4637971818447113,0.4307546019554138,0.5942698018502205,3.524936267100919,37.18328857421875,66.26435089111328
02754.png,5.736052483320236,0.7002050280570984,0.6642435728362888,0.8864783821207767,6.999787330627441,101.71446228027344,0.9785112094215629,0.7368709940519138,7.323110580444336,4.756958191967556,23.133012771606445,9.532297134399414,40.165130615234375,0.675849437713623,1.4678975343704224,0.9175145626068115,0.0395527184009552,14.028236389160156,0.7939969486937347,0.015705498174153,0.49904894828796387,0.4950539469718933,0.7715236680889263,4.756659159728309,28.86932373046875,67.31087493896484
02757.png,5.031862083822489,0.6251379251480103,0.5400279379523552,0.8612605164620912,6.5798211097717285,22.77041244506836,0.9598300617346572,0.5674642929731377,6.535754203796387,3.541398430388142,8.143091201782227,2.078770160675049,25.77573585510254,0.6061608791351318,1.6296639442443848,1.0108236074447632,0.010397836565971375,19.830570220947266,0.6821849935886373,0.00839000794506918,0.4725033640861511,0.4612129032611847,0.7061529852080647,5.075285562254236,26.10955810546875,51.04295349121094
02762.png,5.01252206787467,0.6758100390434265,0.3851344971511211,0.85696279890585,6.321329593658447,34.78269577026367,0.9275005168363939,0.5757738405396143,6.71348762512207,2.5100848083865603,11.037731170654297,3.1627368927001953,25.92812156677246,0.5168070197105408,1.609961748123169,0.9828695058822632,0.015330702066421509,18.144380569458008,0.7525429238365829,0.006596450527268731,0.451025128364563,0.5167743563652039,0.7188534536554829,4.777228445517688,34.15838623046875,57.27607727050781
02778.png,5.0222226195037365,0.6441149711608887,0.4759157096011303,0.8545849980853422,6.650219917297363,31.932979583740234,0.9452367812528859,0.5638295683413903,6.734836578369141,3.1850873274033304,10.59016227722168,2.9223756790161133,26.813274383544922,0.48627328872680664,1.6855796575546265,0.9929589629173279,0.017084717750549316,17.67392349243164,0.748803030755009,0.0055019537934688474,0.4587261974811554,0.5005891919136047,0.7418569499924655,5.05057588243331,32.09881591796875,55.72096252441406
02786.png,4.455641895532608,0.7838163375854492,0.5253276270786505,0.8852162334513725,7.46893835067749,94.03762817382812,0.9688676210808378,0.5994159532399822,7.327112674713135,3.886396369572596,22.95985221862793,8.939804077148438,41.28499984741211,0.2874394655227661,1.6647815704345703,0.8237461447715759,0.08797677606344223,10.556318283081055,0.7803459918801856,0.019516156921159357,0.47049006819725037,0.440755695104599,0.7013633941770197,3.92375655264785,39.97235107421875,62.97901916503906
02816.png,5.270098228007555,0.8226991891860962,0.5898753602806507,0.8811727436703506,7.413782119750977,82.60171508789062,0.9586405383418635,0.5886202110853953,7.392009735107422,4.366796544871551,20.483448028564453,7.716617584228516,45.68381118774414,0.28599783778190613,1.6710789203643799,0.836613118648529,0.09604279696941376,10.175352096557617,0.760151706083165,0.019472244947525183,0.4720308482646942,0.44546493887901306,0.6926274945754793,3.746940519916554,36.39129638671875,61.56537628173828
02821.png,4.590295106172562,0.8205675482749939,0.5659735849622334,0.888630398313257,7.430543422698975,77.32464599609375,0.9600541455892782,0.5844647460355352,7.365823268890381,4.187186428272307,19.90985107421875,7.245324611663818,47.567161560058594,0.26256972551345825,1.6554136276245117,0.8414174318313599,0.09317940473556519,10.306800842285156,0.7730093924752269,0.01630772636006735,0.47141537070274353,0.4812609553337097,0.7086326396877838,3.8698564310123165,34.74334716796875,64.04493713378906
02846.png,5.581612166017294,0.7506687045097351,0.6913014983644897,0.8875501586478766,7.024259567260742,95.69102478027344,0.9851271861307481,0.6422964136102914,7.379849433898926,4.978803834597517,23.2810115814209,9.038839340209961,44.80473709106445,0.3699071407318115,1.5100409984588623,0.9338018298149109,0.07661378383636475,11.156930923461914,0.8003025868490152,0.02049241430818428,0.47694602608680725,0.47664782404899597,0.8138982819144581,4.5413068802252505,42.56854248046875,68.0617446899414
02860.png,5.522673849016428,0.7364255785942078,0.5315069777787166,0.8818885712848379,7.422845363616943,109.3221664428711,0.9830773581232598,0.6877350248876344,7.30372428894043,3.9136469766363753,24.94534683227539,10.379768371582031,39.756568908691406,0.42361122369766235,1.6215879917144775,0.883255124092102,0.0577058419585228,12.387802124023438,0.7851505514349831,0.022408785550666024,0.49274030327796936,0.47870561480522156,0.7607844447343085,4.676573635675724,29.78240966796875,66.57376861572266
02869.png,5.102453738451004,0.770122766494751,0.5157376612328692,0.8832476937603828,7.613010406494141,88.26518249511719,0.9614590238433964,0.6312938925123863,7.281330585479736,3.840795542219224,20.868268966674805,8.133037567138672,40.437435150146484,0.2914579510688782,1.6612436771392822,0.8184840083122253,0.07503331452608109,11.247459411621094,0.7603206323722383,0.02070242882190503,0.46792855858802795,0.4522458612918854,0.6916565954069408,4.362738327273707,34.77410888671875,67.38404083251953
02896.png,2.8124140836298466,0.7191738486289978,0.44055174217337356,0.8636981501120264,7.227941513061523,80.6558609008789,0.9555913803427258,0.626668415358689,6.947936058044434,3.1226107202898294,19.27579116821289,7.369786262512207,31.71123504638672,0.47854742407798767,1.7382595539093018,0.7537344694137573,0.03898940235376358,14.090534210205078,0.7004503186204686,0.023931289441130578,0.48727327585220337,0.44789883494377136,0.5760999990079858,4.017457293189007,29.54168701171875,63.59288024902344
02956.png,5.131206572055817,0.7401494979858398,0.6463906742470338,0.8685347603304083,7.125044822692871,84.34052276611328,0.9599051485803662,0.488085358134222,7.325414657592773,4.670333145912764,22.379894256591797,7.685451507568359,44.238182067871094,0.5391390323638916,1.6049385070800781,0.7589247822761536,0.08757872134447098,10.576013565063477,0.6825817455236529,0.030009623073865965,0.47234973311424255,0.525863528251648,0.5777712247315763,3.8738088363395877,35.65887451171875,69.67063903808594
03019.png,5.411912307143211,0.747891366481781,0.6385483522539904,0.8739371469711534,7.2285003662109375,65.4603500366211,0.9628710493985602,0.5580628088241737,6.996494770050049,4.541685158461952,17.50851058959961,6.048821926116943,35.52745819091797,0.33804231882095337,1.6692748069763184,0.771584153175354,0.07276207208633423,11.380949020385742,0.7044480044179986,0.027108970354281867,0.46913403272628784,0.47906380891799927,0.6141137611891998,4.132531477205476,34.41229248046875,66.89061737060547
03045.png,4.856761001050472,0.8442667722702026,0.6075366222581803,0.8874751306030066,7.4389424324035645,77.21479034423828,0.9639636654708132,0.5816130870029976,7.262847900390625,4.465948905553805,19.429807662963867,7.245711803436279,45.36125564575195,0.2982349991798401,1.6819746494293213,0.774047315120697,0.0984046459197998,10.069843292236328,0.7312261994314272,0.02448292999760572,0.4672558307647705,0.43218210339546204,0.6451029753122394,3.937357622881082,38.09197998046875,66.6380386352539
03100.png,4.64412808790803,0.7784602046012878,0.7670518077788188,0.8848664395653705,7.212278366088867,56.93855285644531,0.9707720306984462,0.4374881952186436,7.131082057952881,5.501064228791808,17.58954429626465,5.223752021789551,40.24354934692383,0.3119727671146393,1.6475017070770264,0.8283268213272095,0.10104605555534363,9.95480728149414,0.7224670753857396,0.022776129582171234,0.4392470121383667,0.5131669640541077,0.6591082831615429,4.129325004538146,18.35858154296875,58.25712585449219
03109.png,5.816959757357836,0.7700265645980835,0.783102716883014,0.873329089567942,7.1806230545043945,52.847633361816406,0.9742175020256756,0.4359304293248217,6.990046977996826,5.548559134863222,15.599522590637207,4.88975715637207,34.65861511230469,0.3709326386451721,1.6973512172698975,0.8209354281425476,0.09865238517522812,10.058923721313477,0.7085072675606674,0.023794684036332735,0.44527679681777954,0.5376991629600525,0.6538162568112014,4.10882994971221,27.59588623046875,68.93602752685547
03143.png,4.904448684304953,0.7757900953292847,0.7703459523927954,0.8760168723772284,7.248423099517822,54.298065185546875,0.9669008488078689,0.42827196362110354,6.925721645355225,5.459511145342091,15.98942756652832,5.058217525482178,33.52878189086914,0.30008581280708313,1.7381234169006348,0.8053085207939148,0.10124051570892334,9.946456909179688,0.7027948253932113,0.02436938100627223,0.44715917110443115,0.5245218873023987,0.6405979656380287,4.284177870371856,27.36639404296875,65.0182876586914
03173.png,5.444133087992668,0.7671756148338318,0.7827857234936285,0.8793977203983501,7.13045072555542,63.322349548339844,0.9793788894964114,0.4614863417368505,7.043847560882568,5.547733411442756,18.294788360595703,5.870778560638428,36.91214370727539,0.39600247144699097,1.6809155941009521,0.8773353695869446,0.09908200800418854,10.040053367614746,0.7312712244898942,0.025262511741492997,0.4616357982158661,0.5218790769577026,0.7103446896815503,3.9464078197749157,31.05926513671875,64.32443237304688
03219.png,5.403423193842173,0.805250346660614,0.7090123536265784,0.8723164793080842,7.502762794494629,53.096031188964844,0.959274446675274,0.40272499425268093,7.188731670379639,5.2082383527396345,16.511045455932617,4.856971740722656,39.798362731933594,0.26646292209625244,1.6951069831848145,0.7597741484642029,0.11739520728588104,9.303495407104492,0.7019048030410805,0.023340044196466105,0.4298488199710846,0.48359012603759766,0.5959250539373502,3.9191132744866355,26.12664794921875,61.003746032714844
03260.png,5.3971449844539165,0.7802202105522156,0.6560882858479511,0.8610727399662279,7.312682151794434,60.63972091674805,0.9544568282268235,0.40693134563181915,6.889042854309082,4.658804721256658,17.784868240356445,5.5536346435546875,32.3245849609375,0.3329581022262573,1.713269591331482,0.7199113965034485,0.10550841689109802,9.767129898071289,0.6777031995969827,0.02564049934434276,0.45713263750076294,0.4955809414386749,0.5321583244379866,3.7175209029492517,27.12225341796875,65.09046173095703
03281.png,5.279675733298063,0.7658335566520691,0.5749141445607567,0.8678375278237802,7.477950096130371,83.990478515625,0.957262625471629,0.4414940078467292,7.14676570892334,4.203988520414475,23.21014404296875,7.741392135620117,38.88838195800781,0.3376702666282654,1.6919920444488525,0.7332983613014221,0.09741669148206711,10.113667488098145,0.7124975218858157,0.027238286123589778,0.459799587726593,0.44245636463165283,0.579124571351556,4.115546534076412,34.20867919921875,67.59654998779297
03289.png,5.251765660941601,0.7287149429321289,0.6392397765404808,0.8757466081210341,7.223830223083496,89.96858215332031,0.9633580814418252,0.474021424316875,7.213641166687012,4.614514741896848,23.188451766967773,8.301179885864258,43.3861083984375,0.5808881521224976,1.6335515975952148,0.7714658975601196,0.08412183821201324,10.7509126663208,0.7005510014922539,0.029185807878584005,0.4746367037296295,0.5268435478210449,0.5889628093106725,3.7664572625865707,34.44451904296875,71.0036392211914
03354.png,5.240415442734957,0.7227330207824707,0.6668670727729651,0.8772344204454761,7.266846179962158,96.79756164550781,0.9708702470450041,0.539527855640474,7.464653968811035,4.91198824201142,23.673288345336914,9.035107612609863,48.206233978271484,0.5546082258224487,1.5473973751068115,0.8122885227203369,0.0736146792769432,11.330355644226074,0.7131471712389155,0.031154130367312603,0.48671409487724304,0.5536710023880005,0.6346926473330964,3.822829582506535,39.34197998046875,63.51835250854492
03375.png,5.559347927570343,0.7459652423858643,0.6467950155467566,0.8758239727563224,7.205456256866455,99.8587875366211,0.9726863053202623,0.523672893128068,7.317549705505371,4.696715752301113,24.90477752685547,9.359548568725586,43.734710693359375,0.44964414834976196,1.5592670440673828,0.8485820293426514,0.08118706196546555,10.905132293701172,0.740330631645995,0.02920458376385148,0.46847689151763916,0.49928373098373413,0.675569746252091,4.127060968237786,46.32244873046875,65.2056655883789
03381.png,5.444026432931423,0.768417239189148,0.7155199110891131,0.8768258731097534,7.082655906677246,76.17122650146484,0.9684071337686282,0.4621074758835815,7.182754993438721,5.103605548582443,21.330196380615234,6.93051815032959,42.44831848144531,0.4402928650379181,1.5930607318878174,0.804771900177002,0.0987512469291687,10.054574966430664,0.7092351149808273,0.0266726594480467,0.4713417887687683,0.5078993439674377,0.6383283238715908,3.688367378095713,35.89373779296875,70.29163360595703
03409.png,5.047031570225954,0.7789531946182251,0.7186168900347476,0.8678695228477253,7.180038928985596,65.69029998779297,0.9606873984856608,0.38057377207763593,7.058897018432617,5.116183195377696,19.97641944885254,5.988029479980469,40.57339096069336,0.35198861360549927,1.6635929346084595,0.7370306253433228,0.10827958583831787,9.654534339904785,0.6922673992461161,0.026023865010592766,0.46066004037857056,0.5593146681785583,0.5560401479425002,3.6156804254583346,27.79803466796875,66.71483612060547
03417.png,5.128307495266199,0.7528153657913208,0.5760885718620865,0.8664946684707718,7.555871963500977,95.5079345703125,0.959571007528978,0.4730003295444008,7.197482585906982,4.24962993581601,24.613723754882812,8.951440811157227,41.218013763427734,0.40561792254447937,1.6530396938323975,0.7990803122520447,0.0901051014661789,10.452505111694336,0.7218724745546308,0.030109126712526146,0.44619786739349365,0.49935105443000793,0.6352803547848801,3.93409586718375,37.64715576171875,64.8689956665039
03433.png,5.117845632135868,0.7494754195213318,0.7000138612805337,0.8750544212985293,7.111728668212891,57.3157958984375,0.9633089221888805,0.4682074171278539,7.135103225708008,4.986502362204957,17.934389114379883,5.174180030822754,37.80385208129883,0.39547139406204224,1.5964847803115845,0.8048503398895264,0.07935570925474167,11.004219055175781,0.7203029217292822,0.01963778211346086,0.452486127614975,0.4323241710662842,0.6123088670553928,4.378069772983333,27.21307373046875,63.488670349121094
03438.png,5.382154058665037,0.761809229850769,0.6123963174380229,0.8723189541308884,7.121999263763428,71.291015625,0.9582382835551374,0.473050044592039,7.167370796203613,4.375389839124681,20.33001708984375,6.464211463928223,40.60321044921875,0.3696765899658203,1.6294310092926025,0.7686447501182556,0.09108473360538483,10.40554428100586,0.7410653758234638,0.019207989706018624,0.4460848867893219,0.4735128581523895,0.5879809381801375,3.994450274407397,42.83074951171875,70.12590789794922
03462.png,5.392167467623949,0.7491599917411804,0.6093783321065067,0.8774314100190349,7.040378570556641,89.10616302490234,0.9726783990702972,0.553522353359941,7.35966682434082,4.387549170960527,24.602270126342773,8.159477233886719,46.29643630981445,0.44469505548477173,1.609732747077942,0.830712080001831,0.08259954303503036,10.830224990844727,0.7802928743358332,0.017096417089046283,0.4567537307739258,0.4883846640586853,0.6957404817518743,3.8857606169487293,42.32781982421875,69.99340057373047
03473.png,5.387705463916063,0.6960757970809937,0.5045586162998563,0.8713978001142071,7.219497203826904,88.26266479492188,0.9717307426557453,0.6798677875337567,7.195764541625977,3.636681514770453,22.159730911254883,8.155437469482422,37.419734954833984,0.5560207962989807,1.5862380266189575,0.8663823008537292,0.03204955905675888,14.941779136657715,0.7665989000660547,0.017714312777574643,0.4914519786834717,0.46961671113967896,0.7034854312533991,4.262757832633522,35.42889404296875,64.50260925292969
03575.png,5.224387884140015,0.7737547755241394,0.6588052090826861,0.8745972260715855,7.061636924743652,81.97238159179688,0.9668381660052034,0.42465130341236035,7.068471431732178,4.6545062838951985,23.584930419921875,7.549233913421631,41.90605926513672,0.3905305564403534,1.6638469696044922,0.75505530834198,0.10691570490598679,9.709585189819336,0.7374869771681899,0.023936005667829656,0.44330665469169617,0.5098270773887634,0.6077780744011331,3.7329812632761525,23.46942138671875,63.62202453613281
03589.png,5.304521430283785,0.7996077537536621,0.6650749950914092,0.863301711094971,7.121894359588623,55.681549072265625,0.9454894317522187,0.36652053250475136,7.136808395385742,4.741565220509393,16.95228385925293,4.98073673248291,37.62160110473633,0.3094141185283661,1.741660475730896,0.6754007935523987,0.12634719908237457,8.984343528747559,0.6734946106134329,0.025809145813601813,0.4503961503505707,0.533686637878418,0.5013721490056109,3.89984582543466,25.13739013671875,63.34783172607422
03600.png,5.252596061676741,0.810704231262207,0.608735465919813,0.8917029669984826,7.063600540161133,79.29287719726562,0.9531342508796145,0.465269120660201,7.24407958984375,4.354807015018849,21.2655086517334,7.184638023376465,42.91976547241211,0.2340296357870102,1.6467229127883911,0.721807062625885,0.11427801102399826,9.420373916625977,0.7172036412266066,0.026727203901936874,0.4496249556541443,0.41424378752708435,0.5569600811179473,4.411278845823886,50.01776123046875,62.94876480102539
03640.png,5.5646840408444405,0.7462164163589478,0.6352115330661139,0.8817437035796695,7.135082721710205,93.63751220703125,0.96902149016696,0.574745095903917,7.315893173217773,4.5897249207904185,24.587432861328125,8.5308256149292,43.54847717285156,0.4110272526741028,1.6006759405136108,0.831775963306427,0.07547520846128464,11.221957206726074,0.7623280798187039,0.021105410500139064,0.4646599590778351,0.45230117440223694,0.6894775881249917,4.765685794801131,49.38446044921875,68.70106506347656
03708.png,5.5377612709999084,0.7848377227783203,0.6038816285687209,0.878363358831074,7.383186340332031,75.71821594238281,0.9588770822590018,0.49814649972591246,7.277085304260254,4.426545768281249,19.662811279296875,6.967340469360352,41.19768524169922,0.342926949262619,1.6613740921020508,0.7290884852409363,0.10017497092485428,9.99240779876709,0.6979784060164542,0.029906654152910463,0.46178966760635376,0.47573769092559814,0.5582208649763691,3.917320867989349,37.39666748046875,64.5562515258789
03719.png,5.23300376534462,0.7769271731376648,0.6091274155306214,0.8819570657705109,7.338166236877441,72.00990295410156,0.95941883820357,0.4834388022201034,7.268269062042236,4.448600850634319,19.1666316986084,6.623108863830566,41.48843765258789,0.3023607134819031,1.6666169166564941,0.7080357670783997,0.10432872921228409,9.815961837768555,0.7007636637512434,0.02851616932533784,0.45285940170288086,0.4718315601348877,0.5480333485493999,4.110837472030483,37.13836669921875,61.53624725341797
03769.png,5.232144042849541,0.7134172320365906,0.5595531742937234,0.865769596776823,7.1209821701049805,82.16190338134766,0.9609692670063306,0.6143387840585288,7.26834774017334,4.025807952207634,22.53643798828125,7.558041572570801,41.580753326416016,0.5379236936569214,1.6263699531555176,0.7865914106369019,0.050903014838695526,12.93256664276123,0.7456849596128836,0.02398667682970917,0.47756683826446533,0.4807826280593872,0.6040488066524505,4.142906620347644,40.21893310546875,63.319435119628906
03813.png,5.238238640129566,0.7183179259300232,0.6592804851778635,0.8739237023175541,6.847583293914795,81.56535339355469,0.9775076595398406,0.6917733898733303,7.177393913269043,4.6232088256418145,20.51231575012207,7.633630752563477,38.662391662597656,0.6020508408546448,1.6158819198608398,0.878701388835907,0.06251276284456253,12.040313720703125,0.7803157907462821,0.019491703161742955,0.49055352807044983,0.49444466829299927,0.728737829644322,4.884135302707702,28.00408935546875,72.21183013916016
03836.png,5.34725346788764,0.7469466924667358,0.6601460221206468,0.8665668725313833,7.079710006713867,59.2968864440918,0.9684649205699767,0.5331043454836215,6.885678291320801,4.609609595668639,17.21491813659668,5.39362096786499,37.7216796875,0.46240663528442383,1.6592161655426025,0.807781457901001,0.07535843551158905,11.228680610656738,0.7393769506681884,0.022543977184923618,0.4631895422935486,0.46144965291023254,0.611273919529128,3.8823706682266335,34.14813232421875,67.59896087646484
03878.png,5.276299722492695,0.6066418290138245,0.5170227088622413,0.8720797849229245,6.099481582641602,46.80029296875,0.9173454019191861,0.5447762426918749,7.082518100738525,3.4077060619020614,13.797866821289062,4.254759311676025,50.622127532958984,0.5824388861656189,1.4116380214691162,0.8543201088905334,0.03753899410367012,14.25517463684082,0.673461279857571,0.03223570263518536,0.45060741901397705,0.4674351215362549,0.5772272414428298,3.4084192027325972,25.72479248046875,57.93099594116211
03989.png,5.2014087326824665,0.6266319751739502,0.5076357758715276,0.8698228809585324,5.8775177001953125,51.40068817138672,0.923332483412203,0.540551033025557,6.832352638244629,3.2260017661526863,13.493107795715332,4.641446113586426,41.73576354980469,0.5305301547050476,1.392925500869751,0.9678581953048706,0.03764225170016289,14.243245124816895,0.6639390533981165,0.03548689772811109,0.4550204873085022,0.4821200966835022,0.657005403055547,3.67387218500863,39.08026123046875,44.75346374511719
04006.png,5.139295067638159,0.6572589874267578,0.4634025987206422,0.8629307236104865,6.5068440437316895,45.123985290527344,0.8998690052011045,0.49334039121139284,6.974814414978027,3.123725880283212,12.774435043334961,4.144208908081055,42.333621978759766,0.5215291976928711,1.5979413986206055,0.6752157211303711,0.034651998430490494,14.602718353271484,0.6346254724043068,0.03319924630109992,0.4654002785682678,0.24583972990512848,0.45145693284672467,3.644936308874418,30.66571044921875,61.00989532470703
04018.png,5.111531805247068,0.6807424426078796,0.6645512230245789,0.8957363616181413,5.697437763214111,32.0948600769043,0.9392424914730803,0.4964647021904357,7.350702285766602,4.335590661414043,8.956809997558594,2.9372692108154297,48.1906852722168,0.2616105079650879,1.4264612197875977,0.8853917121887207,0.06490269303321838,11.877374649047852,0.6068662637877914,0.03496203745469184,0.44643884897232056,0.44503840804100037,0.5946002790959007,3.3792338740453407,22.77557373046875,46.44176483154297
04026.png,4.761465385556221,0.668926477432251,0.6061746985653689,0.891160626020494,5.667045593261719,33.9500732421875,0.920710589745455,0.47333539893168314,7.343491554260254,3.943340258086053,9.391237258911133,3.13899564743042,45.13007354736328,0.28388822078704834,1.4129180908203125,0.8383902311325073,0.06010877341032028,12.21062183380127,0.6001708998713448,0.03569435624277362,0.4328687787055969,0.3418957591056824,0.5540596374789911,3.042078208990635,19.04705810546875,45.748207092285156
04053.png,5.202354591339827,0.6648332476615906,0.5413913223498871,0.8633017714360824,6.599884033203125,41.54856872558594,0.9479566656036131,0.5741470642961557,6.946780204772949,3.6670330425691073,11.834648132324219,3.764498472213745,43.331298828125,0.5262686014175415,1.5653388500213623,0.8786063194274902,0.030151711776852608,15.206880569458008,0.6713806832570803,0.03282307365141206,0.4824522137641907,0.46305274963378906,0.5898742862016078,3.8681729748674054,26.91864013671875,55.358062744140625
04092.png,5.208884563297033,0.6680206060409546,0.4845991515184954,0.8638125009512433,6.578281402587891,44.8298454284668,0.9374344450445715,0.5659011933467379,6.9924774169921875,3.2881980248421296,12.643784523010254,4.055703639984131,44.877811431884766,0.5349588394165039,1.5296012163162231,0.8130552768707275,0.03229815512895584,14.908223152160645,0.658360752964978,0.03377249800903049,0.4797281324863434,0.47227877378463745,0.5463949139076213,4.025030618393312,32.24432373046875,57.221466064453125
04160.png,4.1277830973267555,0.7455937266349792,0.7199407718311218,0.8788558983738658,7.071279048919678,61.760189056396484,0.9836816967291533,0.5676619975365922,6.702400207519531,4.95813016015941,17.440418243408203,5.705499172210693,35.606998443603516,0.3746417462825775,1.479915738105774,0.8932032585144043,0.06612951308488846,11.79604721069336,0.7676799645524419,0.020556105130496972,0.45913857221603394,0.4610229432582855,0.7559018029282438,4.295674748357669,37.63299560546875,66.92326354980469
