image_name,time_s,CE,NMI,QNCIE,TE,EI,Qy,Qcb,EN,MI,SF,AG,SD,CC,SCD,VIF,MSE,PSNR,Qabf,Nabf,SSIM,MS_SSIM,VIFF,NIQE,BRISQUE,MUSIQ
00000.png,7.2295,0.694991946220398,0.2571691766483434,0.8615684207258335,6.748023509979248,99.785888671875,0.8369308989802345,0.4959342907102413,7.308756351470947,1.8074898720607013,27.425134658813477,9.551107406616211,41.469993591308594,0.5697284936904907,1.5542412996292114,0.7931042313575745,0.027861185371875763,15.550004959106445,0.49199912189659895,0.16131294438963767,0.402812659740448,0.445304274559021,0.5935228019524446,3.7418610195847997,31.20721435546875,60.51221466064453
00011.png,7.5279,0.6938265562057495,0.2557912924141222,0.8614123164625277,6.736592769622803,99.67183685302734,0.8355055744772001,0.5025788362712252,7.269227504730225,1.7912882005252602,27.56935691833496,9.536431312561035,40.74314880371094,0.5627912878990173,1.5463281869888306,0.78648442029953,0.027267951518297195,15.643474578857422,0.48363594548880834,0.16711451089873167,0.40224403142929077,0.44703003764152527,0.585724186789708,3.74155604489041,31.31561279296875,60.113548278808594
00025.png,7.5961,0.7183012366294861,0.2652152307970633,0.8562593738760929,6.37465238571167,79.63231658935547,0.7880684569305885,0.4266008163834464,7.143027305603027,1.7925521211153743,24.516244888305664,7.759217739105225,37.41862869262695,0.4747036099433899,1.5666697025299072,0.9410140514373779,0.03850813955068588,14.144474029541016,0.31861227335049735,0.31741722814641654,0.3420170545578003,0.402641236782074,0.6393775863606708,3.356655554136578,21.71795654296875,53.20490646362305
00031.png,7.4794,0.718802809715271,0.2583709235918845,0.8570736101536324,6.559213638305664,81.08966064453125,0.7901900842223478,0.4479882869442289,7.2031097412109375,1.7778969092337729,25.4921817779541,7.894072532653809,39.055572509765625,0.4702431559562683,1.5856186151504517,0.8862125873565674,0.03850117325782776,14.145259857177734,0.32076986495312704,0.3123342719886276,0.3419070243835449,0.39012423157691956,0.6061939735222809,3.4465401816637695,19.61151123046875,48.15911102294922
00033.png,7.3078,0.6929192543029785,0.25488512837209387,0.8611708762849881,6.740045547485352,97.186767578125,0.8376942053867378,0.49424187280717474,7.245379447937012,1.7823432034061177,27.431005477905273,9.307929992675781,39.95264434814453,0.5607360005378723,1.5512861013412476,0.7780588269233704,0.02620711922645569,15.81580924987793,0.4811939567953304,0.16751718830649057,0.4037407636642456,0.4455975890159607,0.5754004081197203,3.612772273926495,30.85565185546875,58.91535186767578
00042.png,7.7923,0.7221643328666687,0.2758720698500599,0.8564126484343805,6.366984844207764,86.87736511230469,0.7979815428285484,0.43209078715514015,7.235684394836426,1.8763033703371779,27.20442771911621,8.398719787597656,39.991153717041016,0.49422213435173035,1.539414405822754,0.8484796285629272,0.04119802266359329,13.851236343383789,0.36094375775772203,0.27348179188160093,0.3512958884239197,0.3975011110305786,0.5854219107433772,3.3375102994090136,21.67352294921875,52.20010757446289
00061.png,7.4979,0.7103578448295593,0.3331047804136126,0.8556467651001975,6.679327011108398,71.25402069091797,0.8234460193089745,0.41542757333573094,7.153636932373047,2.303919427822324,23.80689811706543,6.842098236083984,38.34117126464844,0.4984821379184723,1.6237163543701172,0.9784523844718933,0.033830225467681885,14.706951141357422,0.3607983368856466,0.25866264957350393,0.337401419878006,0.4052574932575226,0.6854354935160881,3.300482377469106,20.66131591796875,49.674373626708984
00071.png,6.8985,0.7068737745285034,0.3586810021151021,0.8559435206744296,6.5929083824157715,66.44740295410156,0.833409032954581,0.40853677191937204,7.133842468261719,2.4617688513252176,22.501033782958984,6.400214672088623,37.423553466796875,0.5076085329055786,1.6404139995574951,1.0048143863677979,0.03486829251050949,14.575693130493164,0.3832480625949161,0.23866224273303516,0.33119624853134155,0.3955882489681244,0.7059181475707167,3.375822523833167,19.00653076171875,49.417823791503906
00082.png,7.5003,0.6949100494384766,0.15858026216007606,0.8586845152582923,6.719933032989502,85.42033386230469,0.7944736646467142,0.4573283363259,7.138188362121582,1.0988151222291584,22.99715232849121,8.119150161743164,36.29297637939453,0.5371459126472473,1.5797455310821533,0.8036857843399048,0.03196460381150246,14.953307151794434,0.3740207828019664,0.2738743122402746,0.3909156918525696,0.43592292070388794,0.5533716991305938,3.7025670515146163,25.89862060546875,42.7964973449707
00097.png,7.324,0.6982170939445496,0.285530225454276,0.8577268030599765,6.006612777709961,74.3331298828125,0.7696465853600234,0.44609788068954537,7.073756217956543,1.8674255871830745,21.8702392578125,7.08698034286499,34.48938751220703,0.5313314199447632,1.5684924125671387,1.0152933597564697,0.03964773193001747,14.017818450927734,0.32406584090218643,0.35497564676615095,0.338594913482666,0.4229484796524048,0.657847934821083,3.9507707822456677,22.24090576171875,51.836204528808594
00107.png,7.6796,0.6967217922210693,0.18093201304865222,0.8607436510854616,6.73848819732666,98.81139373779297,0.8024507095392341,0.4686685907304116,7.2691426277160645,1.2672178065368342,25.921314239501953,9.332453727722168,39.00428009033203,0.5693754553794861,1.49053955078125,0.7540927529335022,0.027230529114603996,15.64944076538086,0.39911565101053426,0.24047394880535597,0.40059521794319153,0.4353707730770111,0.5622436824623898,3.797098959910271,28.42108154296875,44.1020393371582
00112.png,7.4922,0.7139371633529663,0.2612168721734162,0.8600482317954651,6.291610240936279,93.77301025390625,0.7789680269745078,0.439257703028584,7.452065467834473,1.7950448434835256,25.435157775878906,8.929729461669922,44.460994720458984,0.5965248942375183,1.4973883628845215,0.8242493867874146,0.04235571622848511,13.730879783630371,0.3654521548458452,0.257693045707061,0.3540489971637726,0.4021245241165161,0.605795972795168,3.7637646912241207,31.80682373046875,41.72624206542969
00118.png,7.602,0.711861252784729,0.22234870704458073,0.8571364014586056,6.276782035827637,92.3554916381836,0.7888541044461681,0.44608072486442324,7.358303546905518,1.5158759657516718,26.320091247558594,8.830721855163574,42.27151107788086,0.5519189834594727,1.5685505867004395,0.8359538316726685,0.04272818565368652,13.692855834960938,0.37250566003378677,0.2508340447685133,0.35912802815437317,0.401506245136261,0.6064150727592006,3.62621310497431,28.88006591796875,52.806640625
00147.png,7.3087,0.6995038986206055,0.27007954161553366,0.8606101171317644,6.526345729827881,85.12966918945312,0.8120958120451125,0.42803742018816965,7.324467182159424,1.8704156495241904,26.010005950927734,8.174575805664062,43.469764709472656,0.6024956703186035,1.5574947595596313,0.9419369697570801,0.03818756341934204,14.180780410766602,0.41370696083558356,0.21655319586226943,0.36136817932128906,0.4188779294490814,0.6635518105176172,3.741520299648442,25.04315185546875,51.278114318847656
00149.png,7.4905,0.6613410711288452,0.299487487543141,0.8636575812314188,6.594325065612793,88.72139739990234,0.8365569488274052,0.46712314528220894,7.349171161651611,2.087956886226827,24.181373596191406,8.600993156433105,41.104068756103516,0.6351569890975952,1.6456245183944702,0.8773900270462036,0.02676171436905861,15.724861145019531,0.4926306933890368,0.14646477154819423,0.39662954211235046,0.4575169086456299,0.6525918903467722,3.733201306433964,29.49041748046875,55.58530044555664
00150.png,7.2149,0.6606497764587402,0.29351294654581983,0.8647489163960821,6.5215044021606445,92.29435729980469,0.8372830354013112,0.4678348290883208,7.340382099151611,2.0343269557810615,24.935165405273438,8.992181777954102,41.175086975097656,0.6455430388450623,1.5978081226348877,0.8765375018119812,0.026777513325214386,15.722297668457031,0.5013870982938297,0.1439162853848361,0.3982383608818054,0.4570387005805969,0.6597410579363876,3.7474185730589804,28.68475341796875,53.027565002441406
00159.png,7.3952,0.6665472388267517,0.27839400994603625,0.8633936908130503,6.586995601654053,78.71245574951172,0.844231886339271,0.478504568006791,7.19286584854126,1.9181206786278118,21.51888656616211,7.637199401855469,37.51270294189453,0.6108384132385254,1.6539506912231445,0.8576139211654663,0.027694815769791603,15.57601547241211,0.4704113512181518,0.16093413129198764,0.4065580368041992,0.4560859501361847,0.6430038349932131,3.8881950200348006,25.48162841796875,52.00608825683594
00177.png,7.204,0.679722011089325,0.2540407464772842,0.8683061612229737,6.628621578216553,96.65834045410156,0.8234245560962276,0.4737223792375416,7.456890106201172,1.7891516606293578,25.022600173950195,9.394964218139648,44.745948791503906,0.6732566356658936,1.5507800579071045,0.8866062164306641,0.02993667870759964,15.237964630126953,0.48200609011066975,0.16906537620540002,0.3993663787841797,0.46527066826820374,0.6726483076050889,3.8401066110350666,28.24041748046875,50.515037536621094
00196.png,7.1978,0.6905235052108765,0.32999520322783504,0.8848093442076959,6.106162071228027,118.25532531738281,0.8071924397056203,0.49771270205727697,7.684957027435303,2.275507644038262,29.613208770751953,11.14248275756836,52.801536560058594,0.7575023174285889,1.2848443984985352,0.8534528017044067,0.0371558852493763,14.299724578857422,0.5067204883907277,0.16165761522118038,0.3922708034515381,0.4439370632171631,0.6805923950870435,4.107668658054625,45.16571044921875,44.2166748046875
00202.png,7.5108,0.6969259977340698,0.2931297032979172,0.8604562926362451,6.351369857788086,90.77425384521484,0.8109045237876701,0.45627170306886083,7.3811187744140625,2.0127056164193213,24.98242950439453,8.739062309265137,42.42700958251953,0.6199540495872498,1.5220422744750977,0.9070141911506653,0.041684724390506744,13.800230026245117,0.42386259866274373,0.21149953623353057,0.3752034604549408,0.4297294616699219,0.6545852069135137,3.4863427640223628,32.31561279296875,41.39472198486328
00210.png,7.5785,0.6571215391159058,0.21367540128118845,0.8568518256988216,6.5962300300598145,79.83622741699219,0.8277469568002372,0.45554358988005994,6.941758632659912,1.4463714873425104,23.055709838867188,7.712679862976074,34.73794174194336,0.4903416633605957,1.6886827945709229,0.8650510311126709,0.03102736733853817,15.082551002502441,0.4293206886238103,0.18751487755155244,0.3881853222846985,0.4530037045478821,0.6050482036895128,3.648168548724307,30.50360107421875,49.314361572265625
00215.png,7.5417,0.6655458807945251,0.23320605669539846,0.8602887469730545,6.5588836669921875,79.44322204589844,0.8362728899930817,0.4542260489637038,7.106631755828857,1.5934448355485475,22.95360565185547,7.673709869384766,38.71504211425781,0.5750203132629395,1.6500920057296753,0.8307674527168274,0.03463354706764221,14.60503101348877,0.45255552366549434,0.17420410542083337,0.39786776900291443,0.4637240767478943,0.5686036388743309,3.8356277264169565,28.08465576171875,51.89234161376953
00232.png,7.2279,0.6788605451583862,0.27821951811702766,0.8635217537159219,6.479525566101074,76.78514862060547,0.8262138142416202,0.4595630066508267,7.2699503898620605,1.9126914110773185,21.37843894958496,7.4374098777771,39.583946228027344,0.624085009098053,1.6230393648147583,0.8587941527366638,0.030587177723646164,15.144606590270996,0.43305421499226326,0.19650120897001688,0.3873962461948395,0.4638861417770386,0.5952301245638405,3.861820801935759,23.90594482421875,52.969322204589844
00242.png,7.4979,0.6781432032585144,0.2887944526197622,0.8591273661769725,6.688466548919678,64.96629333496094,0.8267905473062047,0.44347632231706147,7.133330345153809,1.9958344290760106,19.947200775146484,6.277905464172363,36.28279495239258,0.5399852991104126,1.6975955963134766,0.8844308853149414,0.03041166439652443,15.169597625732422,0.3863768733855492,0.22563221652074067,0.3752182424068451,0.44721174240112305,0.5723758131411891,3.8647406034345715,22.98114013671875,53.71912384033203
00255.png,7.3777,0.6636049747467041,0.38739504982219936,0.8723319889334864,5.641830921173096,38.204498291015625,0.8999671011261136,0.55045710448546,6.474912643432617,2.346990532083643,12.708295822143555,3.6531224250793457,28.119169235229492,0.6542905569076538,1.5515117645263672,1.0432801246643066,0.016639795154333115,17.78852081298828,0.4801507634286312,0.07917890665583402,0.4473036527633667,0.5004804134368896,0.6455649385001928,3.977263852796152,19.69744873046875,49.275543212890625
00274.png,7.3208,0.6630315780639648,0.3761474174349048,0.8714889077024514,5.776991844177246,42.054019927978516,0.8862915491242559,0.5218772807022691,6.601447582244873,2.328066050929035,13.278788566589355,4.007373332977295,29.139341354370117,0.6430758237838745,1.6033799648284912,0.9801867008209229,0.019130123779177666,17.182823181152344,0.48862788056097506,0.08949229997466857,0.44746705889701843,0.5139303207397461,0.6162648075777719,3.936946544844071,21.76629638671875,45.265716552734375
00284.png,7.5914,0.6433740854263306,0.3880193403285738,0.8713732339054243,5.854875564575195,41.23529815673828,0.8864741513986575,0.5089149932369266,6.609609603881836,2.418237773586503,13.06240463256836,3.9340903759002686,28.960411071777344,0.6430941820144653,1.6063551902770996,0.9731683731079102,0.018560636788606644,17.314071655273438,0.4803135999425849,0.09451304456065324,0.4504493176937103,0.5239192247390747,0.6063055174274115,4.011904294643318,22.47430419921875,45.264625549316406
00290.png,7.4987,0.6306554675102234,0.36939139900099704,0.8701371308089939,5.885200023651123,41.207618713378906,0.8857574900253695,0.5280298882745835,6.640140533447266,2.3133833424636894,12.933167457580566,3.9304683208465576,28.394493103027344,0.6260039806365967,1.6303967237472534,0.9820481538772583,0.01909252628684044,17.191368103027344,0.4811537800212767,0.09435365439189586,0.4492723345756531,0.5200246572494507,0.6109445284938033,4.118713906008295,21.60272216796875,43.66920471191406
00306.png,7.415,0.6355891227722168,0.35775834429971254,0.8700094957238187,5.8470988273620605,41.16103744506836,0.881017470473509,0.5171484715013951,6.573350429534912,2.2217662345716267,12.914552688598633,3.926748037338257,28.482664108276367,0.6245052814483643,1.631211757659912,0.9671635627746582,0.020270269364118576,16.93140411376953,0.47082376845061263,0.1071180867978097,0.4455633759498596,0.5241423845291138,0.5965102167480613,3.9782240954185406,21.96795654296875,42.03900909423828
00320.png,7.3948,0.6427961587905884,0.3444779967885865,0.865931910317047,5.973071098327637,53.42235565185547,0.864036270585248,0.5290548756126772,6.819146156311035,2.203325053488692,16.254051208496094,5.09930944442749,31.809595108032227,0.6115033626556396,1.577636957168579,0.9673408269882202,0.023746851831674576,16.243940353393555,0.4778070525491024,0.12455898875215239,0.4295767545700073,0.49921470880508423,0.6430602578200545,3.763231090719283,24.48651123046875,51.81051254272461
00325.png,7.3909,0.5870472192764282,0.29619357725715784,0.8710535523034046,5.728897571563721,53.58391571044922,0.7101856025307361,0.4513590600033415,6.9006476402282715,1.8704005754913435,13.57601547241211,5.163363933563232,34.0224494934082,0.593956470489502,1.7580467462539673,1.2677780389785767,0.02556200698018074,15.924051284790039,0.1946157668079834,0.48484522041042777,0.2913469076156616,0.3634853959083557,0.7267814387539284,3.887647181080565,8.44696044921875,49.35251998901367
00334.png,7.5842,0.5714361071586609,0.4365395266433191,0.922120041856106,6.265318870544434,34.849517822265625,0.83372229134798,0.4542622208677614,6.641409873962402,2.817156459123842,9.819530487060547,3.293550491333008,39.42563247680664,0.8775203227996826,1.6100859642028809,1.2982220649719238,0.02021603286266327,16.943042755126953,0.25582661375630594,0.319728283159038,0.34478560090065,0.42031627893447876,0.5955243507050003,3.801620310880847,14.34393310546875,41.90802764892578
00339.png,7.206,0.6261157989501953,0.3147798920223074,0.8758815101288049,6.62375020980835,34.619102478027344,0.8723133879941252,0.46478597830005075,7.032895088195801,2.149424561465784,11.637150764465332,3.244006633758545,36.77838897705078,0.697147011756897,1.7447733879089355,1.1609373092651367,0.013353933580219746,18.743907928466797,0.39706218362398876,0.1795668681719456,0.4009912312030792,0.4623887240886688,0.6069008952331776,4.043005444293913,14.12957763671875,43.11555099487305
00349.png,7.1189,0.7122482657432556,0.23343364748351594,0.8630563261789224,5.841037273406982,58.24485397338867,0.781776974632248,0.4614442191791107,7.0742082595825195,1.5074307324525478,18.306535720825195,5.571632385253906,34.796714782714844,0.5318229794502258,1.4395173788070679,1.028250813484192,0.045912764966487885,13.38066577911377,0.2774414089367819,0.36455806178504796,0.3259236812591553,0.42614778876304626,0.5752348085117456,3.1810405003420046,17.06072998046875,56.099884033203125
00353.png,7.1958,0.7136052846908569,0.2293241446262003,0.8632083573970699,5.830252647399902,58.19628143310547,0.7812544472999061,0.46030174831644644,7.06485652923584,1.4785841902884993,18.228832244873047,5.5700578689575195,34.64881896972656,0.5282288789749146,1.4404100179672241,1.031485915184021,0.0462389811873436,13.349916458129883,0.2777033152338966,0.3626592008635085,0.3252524137496948,0.4247414171695709,0.5778718818209957,3.2108938203928705,17.15447998046875,53.777099609375
00370.png,7.3967,0.7190081477165222,0.23053195243609598,0.863064385653796,5.840177059173584,60.04778289794922,0.7838857312357208,0.48258501566685585,7.096943378448486,1.4912141668672714,18.673988342285156,5.737481594085693,35.26347732543945,0.5327284336090088,1.4485584497451782,1.019944429397583,0.046177156269550323,13.355728149414062,0.2783247893961023,0.3664470930292783,0.329540491104126,0.43078017234802246,0.5813002634511137,3.1402434455765484,18.16815185546875,61.68883514404297
00385.png,6.9913,0.7214622497558594,0.24385197216891838,0.8633100711600727,5.794681549072266,56.56321716308594,0.7802642106455339,0.48367626769182304,7.062810897827148,1.567666902694441,17.2398681640625,5.416629791259766,34.369346618652344,0.5199317336082458,1.4644900560379028,1.0298824310302734,0.04522803798317909,13.4459228515625,0.2654775308038545,0.37960454079775524,0.32369959354400635,0.4220391809940338,0.5754142433507181,3.165790633324375,17.11737060546875,59.51475524902344
00386.png,7.2126,0.6453744769096375,0.3139727633754776,0.8858910906396205,6.465374946594238,51.607421875,0.8802241388960192,0.5023393343035492,7.161129474639893,2.139181434944593,16.26622772216797,4.875125408172607,41.547218322753906,0.7616571187973022,1.5769731998443604,1.000783085823059,0.013922899961471558,18.56270408630371,0.4742218877476124,0.11992329557264399,0.4379355311393738,0.510172963142395,0.571861625942931,3.966294257994374,16.06317138671875,34.242637634277344
00388.png,7.5003,0.6887397766113281,0.3646601788288048,0.888304818544269,6.159301280975342,39.0472526550293,0.851612961652284,0.47761978640271063,7.3399786949157715,2.461331537965769,12.025176048278809,3.6924052238464355,43.03102493286133,0.7634594440460205,1.5652525424957275,1.2167017459869385,0.02523263916373253,15.98037338256836,0.47595870824145936,0.10336599766062857,0.3747537434101105,0.47734183073043823,0.6491915986108836,3.8783543328767007,10.27069091796875,39.216094970703125
00389.png,6.9931,0.6598648428916931,0.3421084032095919,0.8881405956366039,6.31261682510376,42.92828369140625,0.8611083631179653,0.4767287543525178,7.307005882263184,2.329700068484602,13.708311080932617,4.105474472045898,44.22691345214844,0.7649365663528442,1.611118197441101,1.0967814922332764,0.01770932786166668,17.51797866821289,0.4767004031188263,0.10664695277163022,0.40007269382476807,0.48753106594085693,0.5900497499916396,3.6699411738068766,10.30194091796875,32.170509338378906
00390.png,7.3802,0.6223387718200684,0.33927205425180573,0.8837637378132277,6.417933940887451,41.79183578491211,0.8853364067798832,0.47313850234600796,7.146587371826172,2.3010377658067362,14.391879081726074,3.9506492614746094,42.09431457519531,0.7464648485183716,1.6453850269317627,0.9950685501098633,0.014126898720860481,18.499530792236328,0.45608653030355684,0.12478166886863085,0.42253994941711426,0.5147712826728821,0.5455014484319383,3.8086063261982708,13.81951904296875,32.80351638793945
00400.png,7.7059,0.6490106582641602,0.2626529542431785,0.8776771601145281,6.489967346191406,68.64119720458984,0.8843085576287956,0.5159947420635848,7.089735984802246,1.78337950216849,20.928773880004883,6.576827049255371,40.6007080078125,0.7169934511184692,1.5845067501068115,0.9643011093139648,0.015850823372602463,17.999481201171875,0.5633009237288693,0.09634719687611704,0.41974252462387085,0.4781825542449951,0.6057339143144865,3.1341382708385668,18.96697998046875,43.42383575439453
00405.png,7.0128,0.6510672569274902,0.32797509404246183,0.8837789831564392,6.308113098144531,61.44428634643555,0.8842136643907367,0.5056997398151903,7.144707202911377,2.2061010833593055,20.409563064575195,5.793571472167969,41.61698913574219,0.7539263367652893,1.5256197452545166,0.9818294048309326,0.014771956950426102,18.305618286132812,0.5328293359938348,0.10430485089173894,0.42849886417388916,0.49692827463150024,0.5856957876579184,3.3049089140760297,16.83612060546875,45.08297348022461
00409.png,7.2017,0.6543694138526917,0.43409452935317727,0.890170397975357,6.27333402633667,55.64948654174805,0.8725099999952375,0.5062948193067487,7.366391181945801,2.960473080845661,18.548091888427734,5.304874897003174,46.50043487548828,0.778229832649231,1.5091662406921387,0.9895780086517334,0.01571917161345482,18.035701751708984,0.46616715340077247,0.13888395540067314,0.42587417364120483,0.49463072419166565,0.5799413168450225,3.496412511305137,15.74237060546875,45.69950866699219
00419.png,7.1832,0.6330577731132507,0.3757504974497117,0.8866339628521227,6.09157133102417,57.27886199951172,0.8495675246565022,0.49604882976467846,7.254112243652344,2.5073305767930982,17.786670684814453,5.439655303955078,41.37178421020508,0.7684059143066406,1.5894782543182373,0.9108557105064392,0.013690831139683723,18.63570213317871,0.3850489416067022,0.1883209134982555,0.4141986668109894,0.4678404629230499,0.5523202343562532,3.3795128366356004,21.36541748046875,47.49043655395508
00421.png,7.4984,0.6629840135574341,0.46602842609349737,0.899273404379414,6.215681552886963,55.286773681640625,0.8559634087763991,0.5005104758513279,7.5169901847839355,3.199916224333146,18.20939064025879,5.289035320281982,49.24825668334961,0.8130629062652588,1.4253524541854858,0.9760869741439819,0.020933497697114944,16.791582107543945,0.4632474984129249,0.14859369017598617,0.42078590393066406,0.5101581811904907,0.5792075393223683,3.511448947422403,15.31707763671875,44.37998962402344
00434.png,7.3018,0.6493356227874756,0.42048989017727,0.895689910727713,6.3932294845581055,52.791778564453125,0.8635708458013497,0.5018392980039725,7.4453535079956055,2.909499775369012,17.266395568847656,5.084222316741943,47.22185134887695,0.8005288243293762,1.4960150718688965,1.0027989149093628,0.016108587384223938,17.929424285888672,0.45783616530800264,0.14256743601757152,0.4200328588485718,0.504721999168396,0.5814007152640276,3.135377955945052,15.31219482421875,43.19155502319336
00441.png,6.8229,0.6102722883224487,0.46930631933768596,0.8978112732126888,5.975982666015625,45.677154541015625,0.8890854138448177,0.5151665617018728,7.160000801086426,3.082408660817217,15.59231185913086,4.368376731872559,38.944522857666016,0.8090946674346924,1.6137092113494873,1.0490022897720337,0.010240225121378899,19.89690589904785,0.4663529031223249,0.11189962077445588,0.4327971935272217,0.4859005808830261,0.5843061488061837,3.8259848481505045,18.13494873046875,45.31684494018555
00443.png,7.0805,0.6441211104393005,0.38123435015650725,0.8893468152137436,5.903071880340576,68.53916931152344,0.8251138144875212,0.5106552213626995,7.312835693359375,2.5191860746277452,21.487287521362305,6.397637844085693,44.81818389892578,0.781139075756073,1.4758113622665405,0.9808119535446167,0.01858731359243393,17.30783462524414,0.35725121435754925,0.2589891147286101,0.3876829743385315,0.45775100588798523,0.6031075063058812,3.553440252728901,28.10516357421875,47.68321990966797
00449.png,7.4916,0.610037088394165,0.5029165178170513,0.9074776055950615,5.908563613891602,35.94405746459961,0.8954653999418207,0.513530502374619,7.277127265930176,3.3156600266173832,12.234233856201172,3.4257218837738037,42.24913024902344,0.8351245522499084,1.6837702989578247,1.0758681297302246,0.010339733213186264,19.85490608215332,0.4345004748809422,0.10428667239316676,0.43863409757614136,0.5117608904838562,0.5781539200119188,3.954580857707124,16.93817138671875,39.57695388793945
00453.png,7.3198,0.66282057762146,0.4039924721933475,0.8908797639175843,5.914919376373291,44.92116928100586,0.8814091070772667,0.505410480994562,7.151475429534912,2.639369981503947,15.197381019592285,4.304206848144531,37.537330627441406,0.7782663702964783,1.6320979595184326,1.0638481378555298,0.013412846252322197,18.72479248046875,0.4776671504351677,0.12034210078217317,0.42390862107276917,0.5122207999229431,0.5958761578683003,3.6142462411013554,17.32977294921875,43.00904083251953
00461.png,7.6038,0.6706533432006836,0.4477476871359595,0.896751791477377,5.935720920562744,44.934295654296875,0.8563455076853225,0.5092612064637236,7.3365607261657715,2.9713250677472587,14.742215156555176,4.295395851135254,43.71982192993164,0.7974861860275269,1.5427582263946533,1.0475544929504395,0.016087977215647697,17.934986114501953,0.4529504299364937,0.12719417127803626,0.4113122820854187,0.49795985221862793,0.6014914241974849,3.4455072961978677,16.99969482421875,43.872562408447266
00479.png,7.7939,0.6414622068405151,0.4502924288722337,0.9003798283857889,6.35412073135376,60.34789276123047,0.873754764758834,0.5257391853425275,7.455371856689453,3.1091631365941907,20.338335037231445,5.80597448348999,48.19072723388672,0.8180326223373413,1.5353554487228394,0.9860435724258423,0.013788523152470589,18.60482406616211,0.49687209868289756,0.1106404173935089,0.43409571051597595,0.498876690864563,0.5695875245798124,3.497458193902394,16.21697998046875,47.668312072753906
00489.png,7.5108,0.6040062308311462,0.4052086126482512,0.8846810722553772,6.297338962554932,49.13279342651367,0.8711894737515471,0.48669032383673666,7.099020957946777,2.7141677204369703,16.827173233032227,4.650632381439209,41.575103759765625,0.758123517036438,1.6017279624938965,1.0346194505691528,0.013261968269944191,18.773921966552734,0.42163881030306577,0.15473602926746852,0.4080126881599426,0.45447033643722534,0.5891320504784405,4.071932804428558,20.23846435546875,49.268714904785156
00497.png,7.1852,0.6274126768112183,0.43619980443167183,0.8901476923603597,6.039100646972656,51.842864990234375,0.8676247790385949,0.5018612754983436,7.318098068237305,2.913211901421592,18.127384185791016,4.935765743255615,45.897499084472656,0.7782336473464966,1.6145949363708496,0.9685195088386536,0.014891259372234344,18.27068519592285,0.43452986140712846,0.1353517652086917,0.4286676049232483,0.48738357424736023,0.541610635279636,3.69189630068094,20.46063232421875,31.495908737182617
00512.png,7.0105,0.6519647836685181,0.5118634461235986,0.9115086572073169,6.464369773864746,72.88383483886719,0.8816016517533006,0.5099466359048066,7.494871616363525,3.5726221416210766,22.43889617919922,7.035555839538574,50.13597869873047,0.8480215072631836,1.3326880931854248,0.899883508682251,0.015676729381084442,18.04744529724121,0.5440460376178653,0.11785735981911301,0.45155906677246094,0.5264796018600464,0.5663297890169041,3.3399282792618865,19.03533935546875,51.642330169677734
00525.png,7.5772,0.6298848986625671,0.4646195218680432,0.901148933423642,6.389664173126221,64.64686584472656,0.8802010103626166,0.5002330045099161,7.373703956604004,3.1973734466372825,20.956016540527344,6.160733699798584,47.8055305480957,0.8191473484039307,1.5020813941955566,0.9149162769317627,0.01368359848856926,18.637996673583984,0.5069248099592151,0.12279229675945998,0.4388265311717987,0.5048393607139587,0.544570753234148,3.7330538265797015,15.44451904296875,50.96034240722656
00527.png,7.5155,0.6504974365234375,0.4499553360793,0.8978709358784212,6.515114784240723,60.504974365234375,0.8782362119253252,0.49706307475430683,7.478817462921143,3.14833051602424,19.273794174194336,5.769614219665527,48.94607925415039,0.8082441687583923,1.566595435142517,0.925603449344635,0.016798067837953568,17.747407913208008,0.5107394748854597,0.11545785647546092,0.44050782918930054,0.520048975944519,0.5487964327092059,3.5001112254010955,13.90399169921875,49.436737060546875
00537.png,7.583,0.6236795783042908,0.41686733088972455,0.8996939721210272,6.105429172515869,59.43761444091797,0.8563895416264087,0.4889542754926806,7.299409866333008,2.794027486338827,19.57393455505371,5.590445518493652,44.650943756103516,0.8164236545562744,1.4349443912506104,0.8677857518196106,0.01214570365846157,19.155773162841797,0.4132783972569741,0.1789521231528767,0.41305816173553467,0.4947475790977478,0.554359846849154,3.6993082455960966,20.99041748046875,46.324073791503906
00555.png,7.2229,0.629619300365448,0.38787062910576897,0.8943493725227067,6.169078826904297,69.17845153808594,0.8535449310446378,0.5023967653927932,7.303730487823486,2.612860624264613,21.887914657592773,6.497071266174316,43.838592529296875,0.7974761128425598,1.3963605165481567,0.8637964725494385,0.012360034510493279,19.079803466796875,0.4385844886304466,0.17002440611748273,0.4170305132865906,0.5014263391494751,0.5742745629849535,3.860950725226065,26.25506591796875,53.09920883178711
00572.png,7.5728,0.6044694185256958,0.41053090582997886,0.8887031858772784,5.973525524139404,59.43381881713867,0.8576466916733412,0.49161850846883126,7.100203990936279,2.683592460179847,19.04941177368164,5.5980634689331055,38.24034118652344,0.7785526514053345,1.491898536682129,0.9248944520950317,0.01090074609965086,19.625438690185547,0.41723192834691397,0.17905848767799842,0.4038115441799164,0.47769033908843994,0.5973234843849982,3.756670764599826,22.33221435546875,47.29606628417969
00587.png,7.1998,0.5310971736907959,0.3703395274931482,0.8871028187182997,5.866366863250732,44.51648712158203,0.8383688552452228,0.46571813243321825,6.582731246948242,2.3052034132334285,13.021815299987793,4.253707408905029,28.536190032958984,0.7713004946708679,1.500622272491455,1.156404972076416,0.011840181425213814,19.266416549682617,0.31208395343882717,0.24723416233471346,0.3490067720413208,0.4340226352214813,0.7445234851304663,3.633039562688145,18.65692138671875,43.75177764892578
00606.png,7.524,0.554121196269989,0.35806321509697586,0.8805246112249767,5.775624752044678,47.636016845703125,0.8224540924099225,0.44344378943592866,6.725712299346924,2.238140867580853,14.405638694763184,4.552335739135742,32.504642486572266,0.747553825378418,1.5264637470245361,1.0337326526641846,0.014246518723666668,18.462913513183594,0.2966972544937085,0.2574703872478985,0.3396848440170288,0.4271366596221924,0.6144527234984777,3.510248929480982,14.59881591796875,44.822845458984375
00621.png,7.4773,0.5455855131149292,0.4057690576711794,0.8872079861377333,5.945067882537842,49.74510192871094,0.8327042038128776,0.46654266708846026,6.820874214172363,2.5900197401053155,16.08339500427246,4.6973466873168945,35.090179443359375,0.7738569378852844,1.5141308307647705,1.013479232788086,0.014434164389967918,18.406084060668945,0.3155351465281611,0.253052926736882,0.3602810502052307,0.4497529864311218,0.5948478705134822,3.9602891311832353,21.84979248046875,41.72346115112305
00633.png,7.4121,0.6084059476852417,0.45776446587632214,0.8982076848791922,5.976891040802002,46.61212158203125,0.8790412681588934,0.4935762763792876,7.186601638793945,3.012897927922097,15.8453369140625,4.384978294372559,40.63249969482422,0.8105099201202393,1.5048176050186157,0.9489356279373169,0.010362483561038971,19.845361709594727,0.40959949386529104,0.1737793831124555,0.4239022135734558,0.5068684816360474,0.5412523996810453,3.7680695975208547,19.32098388671875,44.42116928100586
00643.png,7.4109,0.6369099617004395,0.3094171227456449,0.8715856489815633,6.012050151824951,43.74591827392578,0.8408903181983007,0.45175626095665733,6.901899337768555,1.9979042909224294,13.87118911743164,4.136874675750732,31.67839241027832,0.6697419881820679,1.7688547372817993,0.9916906952857971,0.014950307086110115,18.25349998474121,0.34648207426800554,0.24133042686915782,0.37929314374923706,0.4524407386779785,0.5469612640260842,3.660667910260372,13.95037841796875,51.324806213378906
00652.png,7.3758,0.6419148445129395,0.3075577374753033,0.8763671353077441,6.371343612670898,36.28351593017578,0.8673327998863842,0.44494935404830677,6.868842124938965,2.036066573586483,12.050322532653809,3.4327456951141357,31.075946807861328,0.7098460793495178,1.7610228061676025,1.0646376609802246,0.010277651250362396,19.881061553955078,0.3624651928378681,0.2018317510225989,0.400160014629364,0.4441864490509033,0.6088462516456254,3.9142513989066483,13.59295654296875,52.42237854003906
00653.png,7.0995,0.6277681589126587,0.34240584108607536,0.8916279532069505,6.25461483001709,44.490684509277344,0.8815586343120259,0.479148437804162,6.917072772979736,2.2550378034968688,14.65874195098877,4.231269359588623,36.44513702392578,0.779280424118042,1.5601274967193604,1.0326216220855713,0.009450118988752365,20.245628356933594,0.4260349404787005,0.1615512629842594,0.4261750876903534,0.4960218369960785,0.5970563650190502,3.833358886936331,11.17352294921875,46.137481689453125
00661.png,7.3121,0.6134980916976929,0.394706387663114,0.8859287383752665,6.055492401123047,56.11587142944336,0.8247765689863638,0.43704405053055,6.96600341796875,2.569841121461055,17.183805465698242,5.281088352203369,37.48538589477539,0.7635675668716431,1.6357555389404297,1.0468337535858154,0.013189679011702538,18.797657012939453,0.31909675123759623,0.3183779355827477,0.36312779784202576,0.40898433327674866,0.6493359689317075,3.8355328157706374,21.02850341796875,43.95527267456055
00671.png,7.0177,0.6326479911804199,0.3820956565440043,0.8978917272401908,6.296281814575195,51.729061126708984,0.8479752634645298,0.44690813141821933,7.078033447265625,2.5551409623139385,15.601869583129883,4.846200942993164,38.109825134277344,0.8097919821739197,1.5815593004226685,1.0531712770462036,0.010630069300532341,19.734638214111328,0.3706007076959303,0.2644457587559763,0.3955867886543274,0.4531475305557251,0.6401883182079562,3.763907892515347,23.07244873046875,55.40949249267578
00676.png,7.4697,0.6381327509880066,0.3914261740075096,0.8976508391910067,6.243288993835449,44.265647888183594,0.8809912055201053,0.44925918270229004,6.9737396240234375,2.5867527885813573,14.09366512298584,4.155647277832031,36.85141372680664,0.808725118637085,1.632154107093811,1.0303066968917847,0.011018447577953339,19.57879638671875,0.4338658233345384,0.17774165333688416,0.40287044644355774,0.4560279846191406,0.6096286967396759,3.886997770068111,17.73162841796875,49.30126190185547
00677.png,7.2017,0.6534344553947449,0.34085719147918186,0.8873558441042293,6.530062675476074,51.848487854003906,0.8692909945919656,0.4788369166723901,7.172489166259766,2.3353131171674804,15.471627235412598,4.926863670349121,40.105499267578125,0.7655454874038696,1.6354289054870605,0.9974426031112671,0.012839917093515396,18.914379119873047,0.46156870241830555,0.14406746294783473,0.4164257049560547,0.4792994260787964,0.578689024689576,3.231980843993458,13.64129638671875,50.24000549316406
00687.png,7.0126,0.6255351901054382,0.37036822377373496,0.8880494702005616,6.103368759155273,51.799896240234375,0.8736672046635016,0.4863511143164313,7.051647186279297,2.4361065955381775,16.458911895751953,4.9020280838012695,40.05474853515625,0.7712328433990479,1.593940258026123,1.004516363143921,0.01230540219694376,19.099042892456055,0.45272223241369197,0.1567055700353492,0.4174919128417969,0.4769855737686157,0.5925690975039939,3.328144192192092,14.77996826171875,48.09090805053711
00697.png,7.3056,0.6263107061386108,0.38027748791971294,0.9037202377918879,6.272153377532959,48.100494384765625,0.8716115821540857,0.4687257431825378,7.016388416290283,2.526673592150825,15.02665901184082,4.545884609222412,38.20811080932617,0.8260753154754639,1.4982900619506836,0.9803479909896851,0.00875883735716343,20.575538635253906,0.4032357052269759,0.19572508892531112,0.41584575176239014,0.48449093103408813,0.5958575361487805,3.8567058115579953,13.60516357421875,40.9207763671875
00712.png,7.205,0.6953771114349365,0.2841630837553674,0.8641050740262899,6.40949010848999,50.50544357299805,0.8465895867691381,0.48325618607401843,6.91328763961792,1.892926077457112,14.418044090270996,4.8486528396606445,31.32369613647461,0.4742717444896698,1.6751347780227661,1.076271891593933,0.04047718644142151,13.927897453308105,0.429649142689514,0.17227829162609756,0.383048415184021,0.4661043882369995,0.651469959628222,3.74672701595987,19.28485107421875,62.473541259765625
00716.png,6.9816,0.7118107080459595,0.2301087545631579,0.8832544278859072,5.3828630447387695,52.160545349121094,0.6552048897166645,0.48969348276478075,6.576808929443359,1.3760169368115704,13.021353721618652,5.259288787841797,25.328489303588867,0.2488768994808197,1.6067774295806885,1.4077204465866089,0.03361877426505089,14.73418140411377,0.18550625180460245,0.3872312749212152,0.2563055157661438,0.31834685802459717,0.6547938054845659,3.329693309902687,17.28631591796875,49.36033630371094
00719.png,7.1173,0.6890877485275269,0.2931516887179202,0.9001289946175436,6.766791820526123,152.77203369140625,0.8252063453939116,0.5377861844193979,7.7887678146362305,2.1334988787113556,33.12957000732422,14.819602966308594,57.444095611572266,0.813955545425415,1.3054888248443604,0.47899362444877625,0.04118413105607033,13.852701187133789,0.46290046466258106,0.14986249991161213,0.48710766434669495,0.5774418711662292,0.34046225442309264,5.0239983246091,29.17498779296875,56.084625244140625
00725.png,7.0978,0.6905531883239746,0.27150526319916934,0.8916392144096905,6.865632057189941,151.6937255859375,0.823014255427078,0.538514548563843,7.799953460693359,1.9908968312394517,32.87126541137695,14.69495964050293,57.68770980834961,0.7835202217102051,1.3849108219146729,0.4843047857284546,0.041254281997680664,13.84531021118164,0.4654228490815779,0.14887970876424853,0.4843810200691223,0.5731121897697449,0.344207509466646,4.7236479420362825,28.54119873046875,64.23886108398438
00726.png,7.6032,0.6904609203338623,0.2694514378893078,0.8890427055562824,6.881382465362549,152.12814331054688,0.8211361952277256,0.5357491641614328,7.799379348754883,1.977881367019009,33.106632232666016,14.735097885131836,57.74154281616211,0.7727572321891785,1.4024956226348877,0.4813583493232727,0.04196987301111221,13.770624160766602,0.4662077472669146,0.1479887165301319,0.4822739362716675,0.5664262175559998,0.3425182802007591,4.7460974306336015,28.69989013671875,63.575416564941406
00738.png,7.096,0.689544677734375,0.29571173204217244,0.8675180881362224,6.8966875076293945,136.05589294433594,0.8207749432922743,0.49418017504037076,7.569782257080078,2.138957745862662,30.76702117919922,13.141767501831055,50.363460540771484,0.6599819660186768,1.6000703573226929,0.54365074634552,0.046883706003427505,13.289780616760254,0.43998052819066535,0.17207582999885884,0.42932066321372986,0.5463063716888428,0.38269103164332513,3.675015439573807,31.45379638671875,63.260498046875
00760.png,6.9952,0.6711678504943848,0.3589622909185751,0.8756443565683564,6.622101306915283,120.30253601074219,0.8468481010178734,0.48624508425325624,7.748523235321045,2.5792626695548115,29.774444580078125,11.595525741577148,55.9973258972168,0.7150989770889282,1.5587679147720337,0.7945138812065125,0.045096032321453094,13.458616256713867,0.5931431089484621,0.11683484359051603,0.3946167230606079,0.48386138677597046,0.6273114455317412,3.9878157910712417,34.28387451171875,59.16040802001953
00762.png,7.3805,0.6861302256584167,0.3105891689979696,0.8725928352009549,6.661557674407959,131.43072509765625,0.8438057311459538,0.4930120542593074,7.757627010345459,2.239226998482012,31.361963272094727,12.610845565795898,54.6832389831543,0.6977071762084961,1.4955661296844482,0.763942301273346,0.04511263594031334,13.45701789855957,0.591211946567794,0.11957724880707209,0.4047287404537201,0.4928501546382904,0.606262523175621,4.313117526224221,35.23455810546875,61.86241149902344
00769.png,7.3256,0.687474250793457,0.3315204879049678,0.8687396913324393,6.614940166473389,124.13038635253906,0.8514050151215168,0.49442589911012946,7.708485126495361,2.3742605968399744,30.298717498779297,11.911417961120605,53.377891540527344,0.6678539514541626,1.5403633117675781,0.7797091007232666,0.04781465604901314,13.204389572143555,0.6026716898095728,0.11514799762574719,0.39466530084609985,0.48710718750953674,0.6139972203336364,4.0389434135791,35.60321044921875,62.498321533203125
00787.png,7.2891,0.6992484331130981,0.22087561596623081,0.8743626133848146,5.91610860824585,97.12841796875,0.6882928113512571,0.5391946802542245,7.414735794067383,1.4722333210629905,20.27112579345703,9.298095703125,44.480106353759766,0.693347692489624,1.4624956846237183,0.6426774263381958,0.04360685497522354,13.604452133178711,0.3728491443265662,0.22958177597556745,0.3885211646556854,0.4945685565471649,0.38684197070538323,3.975362468985907,25.29364013671875,44.803836822509766
00800.png,6.7986,0.6955329775810242,0.2421915964298346,0.8845850681724244,5.941700458526611,104.45718383789062,0.6795654053241785,0.5491858339433039,7.456099987030029,1.6224218948718878,21.538591384887695,10.017553329467773,45.25480270385742,0.7553536891937256,1.395738959312439,0.5782276391983032,0.043285273015499115,13.636598587036133,0.31791401444265405,0.2638574612824787,0.3973093628883362,0.5038039684295654,0.33285664295095435,4.056744386386973,25.22918701171875,45.86614227294922
00801.png,7.2071,0.6941460371017456,0.2784156276149989,0.8583910572262548,6.433446407318115,119.51570892333984,0.8012217576186118,0.4767876675099798,7.229648590087891,1.902014753431068,31.09883689880371,11.706245422363281,37.45323944091797,0.474891722202301,1.5709712505340576,0.9002663493156433,0.04513463377952576,13.454900741577148,0.40064835359409223,0.31009911277870816,0.35379984974861145,0.45275604724884033,0.6537049683066121,4.082175263242839,24.59881591796875,53.316856384277344
00805.png,7.502,0.6923125982284546,0.2819002265239406,0.8571557159937517,6.489991664886475,119.76546478271484,0.7989251327855622,0.4718285397299454,7.209018707275391,1.9308823052724566,31.2120418548584,11.741427421569824,37.22105026245117,0.4732068181037903,1.5848915576934814,0.8970824480056763,0.04501216113567352,13.466702461242676,0.39710907516579874,0.3118330394715677,0.35347670316696167,0.4513780474662781,0.653903150798513,4.051773154117039,25.08563232421875,56.46495056152344
00818.png,7.1921,0.6917016506195068,0.2960710288666549,0.8570761526735623,6.472548484802246,120.9747543334961,0.797787362751887,0.47322594981136834,7.228384494781494,2.028230049759097,31.428123474121094,11.86036205291748,37.8319206237793,0.48673540353775024,1.576697587966919,0.8905742764472961,0.04477463662624359,13.489679336547852,0.392889710401326,0.3165586296141849,0.3524908721446991,0.4511210322380066,0.6517975176336408,4.051366361111177,25.01727294921875,55.59273147583008
00825.png,7.4939,0.6600165367126465,0.33549235609494416,0.8580618875618793,6.269662380218506,57.34574508666992,0.8184843085390103,0.4073143949391076,7.009716987609863,2.2275712933420415,17.13080406188965,5.416602611541748,33.597740173339844,0.5349690914154053,1.7179640531539917,0.9536350965499878,0.01809702068567276,17.42392921447754,0.30981085440040546,0.31254434231966016,0.340986430644989,0.4110603332519531,0.5970804284852176,3.836995057577253,21.09588623046875,48.60114288330078
00826.png,7.494,0.6783243417739868,0.2884601056731375,0.8565701468867803,6.42598295211792,66.04890441894531,0.7888878762196716,0.40915331269961613,7.103240013122559,1.9513259279641186,20.086061477661133,6.276486396789551,35.426177978515625,0.5359181761741638,1.6707837581634521,0.9365224838256836,0.020073456689715385,16.973779678344727,0.2674835042783585,0.37371456664726527,0.3286929130554199,0.40009981393814087,0.6114076395092757,3.7017229875348057,20.76336669921875,50.53499984741211
00829.png,7.1167,0.681614339351654,0.2799992990560875,0.8552465523855248,6.51942253112793,65.92402648925781,0.7877063871473851,0.409248296478953,7.078390598297119,1.903694174779023,20.03850555419922,6.276839256286621,34.566043853759766,0.5314153432846069,1.6680498123168945,0.9659238457679749,0.019555430859327316,17.087326049804688,0.26338238880002524,0.381534691212742,0.3272608518600464,0.3972620964050293,0.6345838042691447,3.5709801086283885,19.94110107421875,48.597923278808594
00834.png,7.6738,0.6652641892433167,0.2920861071176157,0.8584500721809372,6.4586405754089355,63.433738708496094,0.78267318036863,0.39336565987506644,7.149320602416992,1.9873536460464223,18.98651123046875,6.071552276611328,36.18107223510742,0.5607669353485107,1.7063164710998535,1.0032219886779785,0.020890530198812485,16.800504684448242,0.2572989535030793,0.3829962620691951,0.31744295358657837,0.3703222870826721,0.6565131461338751,3.3776971947309553,18.29803466796875,50.596778869628906
00857.png,7.1279,0.6749674677848816,0.3710112817025771,0.8591437496994568,6.342288970947266,60.13663864135742,0.7670971001766899,0.37702477732675665,7.075583457946777,2.4890979076569035,18.306713104248047,5.755852699279785,33.932674407958984,0.43834805488586426,1.758524775505066,1.137607216835022,0.0269959457218647,15.687015533447266,0.21161284535724523,0.4714966945236358,0.2846430540084839,0.34594762325286865,0.714060446732903,3.4946379733855566,17.17205810546875,51.63623046875
00867.png,7.1759,0.7011401653289795,0.26237297955935707,0.8583906832907446,6.444642543792725,129.39517211914062,0.8086933906568305,0.4790934774863989,7.378681659698486,1.8134382483052658,30.846586227416992,12.58354377746582,41.179664611816406,0.5373150110244751,1.5311689376831055,0.7393776178359985,0.04519626870751381,13.448974609375,0.475733351136383,0.20062375038360802,0.38276368379592896,0.46791237592697144,0.5404556822919628,4.0258465460123185,30.37908935546875,63.532981872558594
00871.png,7.6972,0.6996474266052246,0.27249205371577284,0.8587061952432177,6.436776638031006,132.297607421875,0.8123745522388979,0.47896625796523146,7.432003974914551,1.8895713106199974,31.211095809936523,12.851566314697266,42.713077545166016,0.5604543685913086,1.5175745487213135,0.7427359819412231,0.04477299004793167,13.489838600158691,0.4812201495520079,0.19789214243529293,0.38566702604293823,0.47053253650665283,0.5451103668204573,3.9619228397854998,30.46990966796875,63.80945587158203
00878.png,7.1282,0.6970170736312866,0.28307543844613325,0.858693993922427,6.4554948806762695,131.34165954589844,0.8100833406004808,0.48090676928341175,7.468672752380371,1.9708001384547416,30.909381866455078,12.758594512939453,43.96570587158203,0.5774210691452026,1.5272905826568604,0.7371957898139954,0.04438278451561928,13.527854919433594,0.47681618660973507,0.19884703522595876,0.3879903256893158,0.4724147319793701,0.5403936607507914,4.145509832428597,29.63934326171875,62.64027404785156
00896.png,6.685,0.7208063006401062,0.2692345732099867,0.8672758195558407,5.781888008117676,71.32054138183594,0.8305211171541247,0.4788990500884272,7.248096466064453,1.7540661397631148,19.866426467895508,6.809488296508789,39.124141693115234,0.6362771987915039,1.4337050914764404,1.0074546337127686,0.05055425316095352,12.962423324584961,0.46525671132250895,0.17957731575348349,0.37429487705230713,0.4686298370361328,0.608182468569897,3.513536535401536,24.29705810546875,56.355323791503906
00910.png,7.1035,0.7193297147750854,0.27426798667951,0.8681680658764317,5.803221702575684,72.69105529785156,0.830716328156116,0.4769019093433845,7.267675399780273,1.7924693997589056,20.32064437866211,6.954400539398193,39.605804443359375,0.6447505950927734,1.4329171180725098,0.9909366369247437,0.050437141209840775,12.972496032714844,0.4701597620019355,0.17564553770317617,0.3764417767524719,0.47480517625808716,0.6002470537152144,3.517911453573891,23.92449951171875,58.27176284790039
00916.png,7.1046,0.7263438105583191,0.2635464224415063,0.8666420184696981,5.916264057159424,71.34234619140625,0.8206193742485566,0.48022636593650897,7.283205032348633,1.7393413692148485,20.947891235351562,6.837324142456055,40.14652633666992,0.6351053714752197,1.3989307880401611,0.9800819158554077,0.050100285559892654,13.001598358154297,0.42369472407575454,0.21429490977783328,0.37095290422439575,0.4686984121799469,0.5870069779009651,3.424831821338009,22.79315185546875,56.437076568603516
00922.png,7.0011,0.7170718908309937,0.2502257966960627,0.8654575355062628,6.002844333648682,67.92866516113281,0.8237370735500704,0.4812447170249852,7.20773983001709,1.652819178179433,19.31121063232422,6.516063690185547,38.1572151184082,0.6186373233795166,1.445704698562622,0.9956973791122437,0.04820166155695915,13.169380187988281,0.43596132561236745,0.19365714964602654,0.3736463785171509,0.4695897400379181,0.5955694396076154,3.550508000640952,22.92010498046875,59.64812088012695
00926.png,7.2752,0.6927096843719482,0.21685491756729505,0.8625475557895284,6.008627414703369,76.15935516357422,0.8107982746468201,0.4861827966772364,7.176675319671631,1.429653013510423,19.72504997253418,7.312572479248047,36.271697998046875,0.5790408849716187,1.4678492546081543,0.9515668153762817,0.045507583767175674,13.419161796569824,0.43236493007527743,0.20421346095939652,0.37651968002319336,0.46676331758499146,0.5937555099903417,3.4958183074237597,25.87615966796875,58.03179931640625
00950.png,7.3074,0.707452654838562,0.2576997208238772,0.8622942144033288,6.141750812530518,47.13482666015625,0.8236456232481653,0.5098085507422698,6.894896030426025,1.6797750045638136,12.614153861999512,4.525991439819336,32.912025451660156,0.5508338212966919,1.6190738677978516,1.0602967739105225,0.044112641364336014,13.55436897277832,0.3743954498095703,0.1852589245426849,0.38022592663764954,0.4493442475795746,0.6134948111353132,3.746592247832596,20.23944091796875,51.550201416015625
00958.png,7.3148,0.7086791396141052,0.2413421572779253,0.8632640429443696,6.333683967590332,60.79132080078125,0.8226770413581157,0.5126063219623271,7.088497161865234,1.6196735282385095,16.478397369384766,5.851718902587891,36.615596771240234,0.5603598952293396,1.560879111289978,0.9928412437438965,0.03980857878923416,14.00023365020752,0.40264216453569285,0.2021096276934902,0.3906516432762146,0.46732455492019653,0.609167472150893,3.640581953091551,24.47723388671875,63.330955505371094
00965.png,7.1761,0.7051860094070435,0.22552742748282378,0.8620016377886872,6.4186692237854,62.4106559753418,0.8164707770511566,0.49652180588106454,7.060364246368408,1.51994999828446,16.667930603027344,6.012779235839844,35.327972412109375,0.5482127666473389,1.5641969442367554,0.9770146012306213,0.0389556847512722,14.094291687011719,0.3958131073084315,0.20709132663255903,0.3875308632850647,0.4669119715690613,0.6039157514751624,3.637018732395545,24.99432373046875,61.06230545043945
00976.png,6.7295,0.6791189908981323,0.34258325123806865,0.8559135743001599,6.477138519287109,64.87808227539062,0.83858897318859,0.44124706551400505,6.9295783042907715,2.296464650213066,20.310293197631836,6.075310707092285,32.8148307800293,0.4976222515106201,1.6434099674224854,0.9224288463592529,0.022246327251195908,16.52741813659668,0.35196549352546114,0.2699349083227666,0.359811395406723,0.42562606930732727,0.6227217780668082,3.9024701399376474,28.96258544921875,47.15962219238281
00994.png,7.0738,0.6764302253723145,0.3435123590568821,0.8561159840324281,6.543199062347412,65.01396942138672,0.8394213678054655,0.4422932642596613,6.9484052658081055,2.3172727711575103,20.29560661315918,6.087089538574219,32.9088249206543,0.5061946511268616,1.6508708000183105,0.9343094825744629,0.022140149027109146,16.548194885253906,0.3574292978641125,0.2652918247558804,0.36057281494140625,0.43081143498420715,0.6361570901572725,3.7864891767844306,28.53338623046875,46.23332977294922
01017.png,7.6226,0.6391708254814148,0.3440362474536011,0.8652000474763788,6.16756534576416,68.27122497558594,0.8193909125997556,0.46777157209137493,7.055606365203857,2.2746316283826253,18.66812515258789,6.383174896240234,34.869773864746094,0.6724439859390259,1.4963881969451904,0.9360435009002686,0.012875651009380817,18.902307510375977,0.33275729327335085,0.2744442056253343,0.39059898257255554,0.46838343143463135,0.6154521716987342,3.8003829376223273,30.46697998046875,51.129878997802734
01034.png,7.175,0.7028263807296753,0.40877311936671984,0.8539379687438325,6.045201778411865,61.093727111816406,0.813866087744335,0.4131514848948762,6.97462272644043,2.6610844113203456,19.703413009643555,5.75593900680542,33.41276931762695,0.4628136456012726,1.6395820379257202,1.118463158607483,0.033491626381874084,14.75063705444336,0.2566187974563095,0.40090730226780974,0.3154555857181549,0.3914932608604431,0.7573968312152567,4.001719994346605,29.19110107421875,49.677581787109375
01043.png,7.395,0.7089431285858154,0.42774708015737517,0.8540778651387662,5.911689758300781,66.285888671875,0.8101304317265253,0.40057294837173135,7.018100738525391,2.7653480924212754,21.692035675048828,6.265429496765137,34.71980667114258,0.4659340977668762,1.6183279752731323,1.1090819835662842,0.035752736032009125,14.466907501220703,0.26816157994480905,0.3866097538731851,0.3146948218345642,0.39303308725357056,0.7544274974188265,4.038093389086363,29.62469482421875,50.4801139831543
01079.png,6.7095,0.6122267246246338,0.3820777312998349,0.9069576197878977,6.012895584106445,56.682090759277344,0.8263301371196691,0.4717650941150418,7.1268534660339355,2.51020958029463,16.120712280273438,5.369037628173828,37.041603088378906,0.8374028205871582,1.5659408569335938,1.0149286985397339,0.009657561779022217,20.15132713317871,0.35981098236697684,0.1940622340715518,0.4072704315185547,0.5004528760910034,0.6599423115334535,4.4153340234426635,31.27655029296875,44.59797668457031
01093.png,6.8071,0.6620587706565857,0.33035783160533394,0.8782236637897802,6.190114974975586,76.87067413330078,0.8241240031842333,0.499714742636861,7.128854751586914,2.200018997351968,21.248849868774414,7.158808708190918,36.23843765258789,0.7357784509658813,1.4104481935501099,0.8946949243545532,0.011448295786976814,19.4125919342041,0.3907278937614192,0.2145955993005128,0.39968615770339966,0.47820374369621277,0.6316338786849481,4.2472365442544895,35.24725341796875,53.8824577331543
01101.png,6.606,0.6578680276870728,0.3339085127515009,0.8569303917025992,6.3006720542907715,70.27101135253906,0.8389593812091072,0.49084006447020956,6.8984694480896,2.203659018540698,20.234230041503906,6.52254056930542,31.166349411010742,0.5954687595367432,1.540398359298706,0.9399653673171997,0.012589944526553154,18.99976348876953,0.3936184372213645,0.21460793474481846,0.3976224362850189,0.4681674838066101,0.6480304531561493,4.303482674816527,34.05877685546875,54.36341857910156
01115.png,7.2794,0.6616452932357788,0.37542311350914687,0.8550150602751567,6.041727066040039,57.413177490234375,0.8036952825536569,0.3767876458705143,6.917448043823242,2.432593967077638,18.930997848510742,5.45972204208374,31.120330810546875,0.42331618070602417,1.7355244159698486,1.046671748161316,0.02273598127067089,16.432863235473633,0.2768068855762548,0.3498017996959197,0.27881574630737305,0.3357887864112854,0.6973429201440166,3.797357617239884,19.70330810546875,47.53028106689453
01122.png,7.3213,0.6662578582763672,0.4076140628242651,0.8601541188254658,6.02337121963501,56.068206787109375,0.7901887307422966,0.3738707272654872,7.049324989318848,2.664314895557226,18.651050567626953,5.3499064445495605,34.351322174072266,0.41540029644966125,1.7546279430389404,1.0837482213974,0.025570709258317947,15.92257308959961,0.27142625833102,0.3485785941138842,0.26676851511001587,0.33414238691329956,0.6865024975997601,3.6241897906321414,17.22869873046875,45.18906021118164
01136.png,6.8954,0.6658087372779846,0.42325161005899986,0.8691756571943368,5.6223225593566895,52.74140167236328,0.765671786947484,0.36461077920544815,7.133371353149414,2.699441767918721,18.29133415222168,5.099212646484375,36.084041595458984,0.3614787459373474,1.7964797019958496,1.227635145187378,0.028714563697576523,15.418978691101074,0.2661901285738632,0.31267776470271097,0.2461763173341751,0.3172944188117981,0.732390949380235,3.362168546235568,10.25604248046875,42.234519958496094
01147.png,7.6864,0.6668713092803955,0.41509237083090683,0.87101727200853,5.741613388061523,50.83390426635742,0.7648060904710707,0.3530261025429633,7.086709022521973,2.6624770772469493,17.26825523376465,4.951484680175781,34.46620559692383,0.3404681980609894,1.8051252365112305,1.2724131345748901,0.02816234529018402,15.503312110900879,0.2521166361520239,0.33487387961692167,0.239217609167099,0.31067782640457153,0.7441811272284171,3.6211374565467436,8.48944091796875,46.20366668701172
01156.png,7.0001,0.6614786982536316,0.37844336901915276,0.8689930509849291,5.85779333114624,43.86016845703125,0.7778845206919793,0.35772615766031823,6.794538974761963,2.39410252559345,15.660017967224121,4.302659034729004,29.439462661743164,0.31668177247047424,1.777113914489746,1.3928548097610474,0.023194529116153717,16.346145629882812,0.2323897854983928,0.3547582651950748,0.2526158094406128,0.3167034387588501,0.7588131884511911,3.8226019637103583,6.69744873046875,45.45235824584961
01165.png,7.119,0.6713017225265503,0.32804074808379896,0.8623468545803222,6.534822463989258,46.36395263671875,0.8103575096430709,0.3709944644922154,6.887351989746094,2.201516215322041,16.747209548950195,4.490524768829346,30.52543830871582,0.3621060252189636,1.784265160560608,1.2800185680389404,0.028471432626247406,15.455907821655273,0.2638255735367546,0.3272138070996164,0.27148300409317017,0.3282836079597473,0.7411503136622597,3.977408327897484,11.91961669921875,51.42814636230469
01186.png,7.1876,0.6993474960327148,0.24806211257147695,0.855441465822198,6.873170375823975,82.25426483154297,0.8293518217687872,0.48958700695967317,7.103019714355469,1.7334862721018052,23.245378494262695,7.912125587463379,35.5433235168457,0.5087360143661499,1.6211957931518555,0.8455601930618286,0.03179081529378891,14.976984024047852,0.42819513436980355,0.20426457528820363,0.38447484374046326,0.4263874590396881,0.6064663681594866,3.578488304579704,25.69354248046875,52.51230239868164
01204.png,7.4127,0.7242684364318848,0.28383986441521436,0.8578514071086782,6.343493938446045,83.62320709228516,0.7742445928761412,0.42836696212834463,7.167478561401367,1.917481555044775,25.509904861450195,8.06527042388916,38.13154220581055,0.4531792402267456,1.5706918239593506,0.936141312122345,0.04029389098286629,13.947608947753906,0.3364251288708832,0.28575298337816585,0.3326027989387512,0.38773131370544434,0.6112620348242374,3.5745373492451455,22.23455810546875,46.77777099609375
01212.png,7.3761,0.7230416536331177,0.29134877647809077,0.8585521493412069,6.14122200012207,76.60670471191406,0.7705075158923458,0.4497719047724651,7.163650035858154,1.9381844124159464,23.887561798095703,7.450652122497559,37.589698791503906,0.4451156556606293,1.5861228704452515,0.9570609927177429,0.0427328422665596,13.6923828125,0.29886183766320956,0.32954756969287813,0.3324877917766571,0.3804289698600769,0.6112107681009832,3.5292500868886627,20.94451904296875,51.40249252319336
01223.png,7.3205,0.6979097127914429,0.24922544665709198,0.8562794744798488,6.86093807220459,78.33291625976562,0.8335182424343516,0.4634995826457789,7.037021160125732,1.731867152618614,23.21442413330078,7.5124945640563965,34.70365524291992,0.4785645604133606,1.629321575164795,0.8721036314964294,0.03531336411833763,14.520610809326172,0.4205558497465767,0.20299767182185796,0.3725619912147522,0.41377004981040955,0.613383699928782,3.6711996859383604,25.45281982421875,51.439674377441406
01227.png,7.1897,0.6600183248519897,0.5209555884186355,0.9188493936211194,6.5689897537231445,55.66368865966797,0.8958284162800847,0.47227662233530926,7.343008518218994,3.6237760745650185,17.442968368530273,5.359639644622803,44.25020980834961,0.8643392324447632,1.3445169925689697,0.9745527505874634,0.013409003615379333,18.72603416442871,0.5272099491105698,0.11260406414073529,0.44362592697143555,0.5545079112052917,0.6453930041585522,3.5276833764728743,18.08416748046875,50.811683654785156
01242.png,7.5894,0.63048255443573,0.42291040846674216,0.9096326637946888,6.390039920806885,42.95543670654297,0.8868653672035093,0.4523388389354738,7.174779891967773,2.8683593894443593,15.030372619628906,4.119699001312256,40.84916305541992,0.8425356149673462,1.501859188079834,1.0242975950241089,0.008898996748030186,20.506591796875,0.423512185164179,0.17443281346515757,0.42839139699935913,0.5069379806518555,0.6216226516403369,3.7763541428757765,11.25897216796875,52.60801315307617
01249.png,7.2189,0.6348062753677368,0.3854030064120714,0.903698945520661,6.519365310668945,35.31566619873047,0.895731615537602,0.4428281537850691,7.069366455078125,2.618576209431284,12.927155494689941,3.353860378265381,37.76848220825195,0.8266984224319458,1.6161448955535889,1.057861089706421,0.008775517344474792,20.56727409362793,0.4281877499504286,0.15049367384247125,0.4202592372894287,0.5170861482620239,0.6366511472036305,3.936290980561122,10.28680419921875,48.45511245727539
01267.png,7.402,0.5850908756256104,0.2782332349812,0.8632862350212434,5.876936912536621,46.6068229675293,0.7691149569149784,0.4220243064778936,6.5179853439331055,1.7243447771941636,13.848233222961426,4.452975273132324,25.95503807067871,0.5789754986763,1.7180109024047852,1.1470400094985962,0.01865472085773945,17.2921142578125,0.27470540795284476,0.2563084386165064,0.31283432245254517,0.3891153931617737,0.5601604461472403,3.8229884375901753,13.91131591796875,36.78414535522461
01270.png,7.3756,0.6694095134735107,0.35157894283976077,0.8930763791144971,6.496334552764893,49.77236557006836,0.8862640876731304,0.4839577975309859,7.364776611328125,2.436643785809135,16.34113121032715,4.73398494720459,43.692562103271484,0.7846538424491882,1.5229384899139404,1.0272256135940552,0.017344800755381584,17.608306884765625,0.5184918080063575,0.11269466309774134,0.4256676733493805,0.5140933394432068,0.6213912267495948,3.2623491032522915,9.48602294921875,55.57166290283203
01299.png,7.2111,0.6197770833969116,0.4734291160969601,0.8979520913860433,6.201037883758545,40.51107406616211,0.9073909359786836,0.47613643108762976,7.138060092926025,3.1575673582405255,16.22723388671875,3.8078341484069824,43.3629264831543,0.8078829050064087,1.5741279125213623,1.0975464582443237,0.011145638301968575,19.528949737548828,0.5376426207123561,0.07571636356617815,0.4220103621482849,0.5306125283241272,0.5947736633633419,3.8477407406874917,12.29510498046875,36.6672248840332
01301.png,1.4042,0.7177168130874634,0.2585265743166323,0.8681235258116335,6.365072727203369,182.89190673828125,0.8945688309789341,0.6312138960840903,7.502067565917969,1.7925170101947874,36.60251235961914,17.547395706176758,44.967567443847656,0.5829958915710449,1.338810920715332,0.6142268776893616,0.023604506626725197,16.270050048828125,0.658589783469524,0.07955989281415594,0.48701995611190796,0.5274820923805237,0.5008431111132118,6.71549858639313,27.88201904296875,59.264076232910156
01320.png,1.4177,0.7177665829658508,0.25837064380040914,0.8682518094784102,6.354663848876953,182.5520477294922,0.8951400784696273,0.6298259310397349,7.502606391906738,1.7901607504816859,36.524452209472656,17.51192283630371,44.95748519897461,0.5851963758468628,1.3393054008483887,0.61398845911026,0.023508228361606598,16.28780174255371,0.6581066261531816,0.0791835733453077,0.4875473976135254,0.5271639227867126,0.5007115596076085,6.539689958603005,28.03680419921875,59.487003326416016
01331.png,1.5711,0.7157686352729797,0.2596540634998473,0.8678310574409652,6.307822227478027,182.582763671875,0.8930244415000115,0.6194496659191444,7.496148586273193,1.7921332682239335,36.620704650878906,17.53070831298828,44.66255569458008,0.5727500915527344,1.3768558502197266,0.6192504167556763,0.024358592927455902,16.13347816467285,0.659198649368215,0.08116807282928563,0.4835222661495209,0.5213132500648499,0.5077683691650505,6.048480089717612,28.83123779296875,58.509376525878906
01345.png,6.9084,0.7085573077201843,0.37802264599741675,0.8625022094827772,6.104896545410156,79.06854248046875,0.7073802283016694,0.41782305614379966,7.181995391845703,2.5113799743764584,21.881723403930664,7.725766658782959,37.485408782958984,0.376687228679657,1.5930917263031006,0.9121793508529663,0.05772491544485092,12.386367797851562,0.20382779704510146,0.41987384264745736,0.28141486644744873,0.3863038718700409,0.5504899056170941,3.2170585684504296,22.46112060546875,50.84984588623047
01388.png,7.0114,0.7108969688415527,0.38160988720683586,0.8630436987869345,6.107687950134277,80.06805419921875,0.7040642775489122,0.4127175220908364,7.210879325866699,2.5412554481514746,22.203624725341797,7.828777313232422,38.078392028808594,0.370444118976593,1.5930802822113037,0.9101321697235107,0.057883162051439285,12.37447738647461,0.20355846815668363,0.4206594569914613,0.28036004304885864,0.3799457550048828,0.5484477632303217,3.181229377636464,22.77069091796875,52.40999984741211
01393.png,7.0698,0.811830997467041,0.1544178634745024,0.867886909627152,7.239463806152344,235.5777587890625,0.8097986802734491,0.5624223450178969,7.8523664474487305,1.165226901369536,49.48822784423828,22.484769821166992,63.22910690307617,0.505460262298584,1.3651797771453857,0.4765656590461731,0.062226083129644394,12.06027603149414,0.48939345719067623,0.177343582239206,0.4616697132587433,0.4888758361339569,0.37797586868864325,5.800055409805331,26.53094482421875,55.941650390625
01406.png,7.5561,0.8121957778930664,0.15395292249515688,0.8680220401842087,7.22015905380249,236.09127807617188,0.8104350380963092,0.5610933552555626,7.850690841674805,1.1601035409689047,49.52753829956055,22.532264709472656,63.11334991455078,0.5022082328796387,1.3596535921096802,0.4768814742565155,0.06215429678559303,12.065290451049805,0.49057947182859624,0.1776346420461319,0.4612376093864441,0.4871077537536621,0.3786044061121713,5.7791346947113045,26.54510498046875,55.43366622924805
01413.png,6.9699,0.8120728731155396,0.1555798986540591,0.8679842629488514,7.224910259246826,236.0963592529297,0.8099174287050662,0.5653254909385003,7.8510613441467285,1.1727619213937448,49.53257751464844,22.529232025146484,63.23539352416992,0.5052618384361267,1.360607385635376,0.4772005081176758,0.06224968656897545,12.058629035949707,0.4897312687215569,0.17782429766496394,0.4620131552219391,0.4905024766921997,0.3785935170756892,5.8633468040506695,26.66473388671875,54.22725296020508
01415.png,7.3756,0.8122040033340454,0.15640114119606519,0.8680907280348972,7.219059467315674,236.07901000976562,0.810153833562046,0.5631182624172224,7.84982967376709,1.1783986926024195,49.459259033203125,22.527175903320312,63.20310592651367,0.5052945017814636,1.3592084646224976,0.4776141345500946,0.0622224397957325,12.060529708862305,0.49055579851371933,0.17752285189985256,0.4623022675514221,0.4907923638820648,0.3790083931328931,5.928297658740834,26.79315185546875,55.362518310546875
01422.png,6.8249,0.8114442825317383,0.15197088711692622,0.8678028342252079,7.243198394775391,236.07359313964844,0.8078931765853061,0.5615406442929585,7.852628707885742,1.1470658645745075,49.51884841918945,22.52723503112793,63.27446365356445,0.5039887428283691,1.3710354566574097,0.47321996092796326,0.06267507374286652,12.029051780700684,0.48826432288479304,0.17775252670821695,0.46077993512153625,0.488994300365448,0.37474145784316576,5.855850731276071,26.62615966796875,56.886131286621094
01432.png,7.5783,0.833759069442749,0.1879638790984087,0.8657531288706966,7.088764667510986,208.5260467529297,0.786958114700534,0.5488738781419821,7.812357425689697,1.4004398079799412,46.33122253417969,19.91631317138672,62.704872131347656,0.5879493355751038,1.2481935024261475,0.517416775226593,0.05486518144607544,12.60703182220459,0.4496565588887042,0.21440911678423316,0.4450255334377289,0.49735820293426514,0.3756007332961954,4.458003363854469,26.74774169921875,55.57410430908203
01437.png,7.3223,0.7960176467895508,0.15891577619335026,0.863243428306134,6.916240692138672,177.5117645263672,0.7675028867669865,0.5510631328040243,7.729427337646484,1.1637168651259824,40.08098220825195,16.960296630859375,56.30058288574219,0.5759049654006958,1.3447107076644897,0.5421374440193176,0.05173616111278534,12.862058639526367,0.3916544291270992,0.26447905304470704,0.44123342633247375,0.4893459677696228,0.3638330334689656,4.324125465911353,27.69158935546875,53.99689865112305
01442.png,7.2719,0.7755257487297058,0.11271490523888734,0.8614973636588668,6.6124677658081055,143.61053466796875,0.7132035265531594,0.5500420420130672,7.476858139038086,0.794040624943424,31.873205184936523,13.74185562133789,45.4890022277832,0.49951159954071045,1.4527419805526733,0.5427347421646118,0.04593823105096817,13.378257751464844,0.2927881810248005,0.3709051011437228,0.416573703289032,0.46513819694519043,0.33102114674962757,4.192715295799342,30.41229248046875,51.938812255859375
01443.png,7.0074,0.7849215865135193,0.10999085121423219,0.863287595100988,6.492295265197754,139.7467498779297,0.7126235698534514,0.5769173570004273,7.43056058883667,0.765695408854377,31.058975219726562,13.379260063171387,43.64816665649414,0.4727326035499573,1.4727227687835693,0.553244948387146,0.04509344696998596,13.458866119384766,0.2897573885530905,0.3781980191968412,0.4149181842803955,0.46403902769088745,0.3356563608630387,4.212289744673017,30.25018310546875,52.82478332519531
01454.png,6.9181,0.5612450838088989,0.33570379752346535,0.8837214655314465,6.3431830406188965,88.41487884521484,0.7041777570558647,0.48921069146959556,7.370843887329102,2.301931617560907,25.34838104248047,8.486024856567383,53.98760223388672,0.7510037422180176,1.5730278491973877,0.7512602806091309,0.030644170939922333,15.13652229309082,0.23123428413284233,0.3983756415339733,0.3396325707435608,0.4204508066177368,0.3965311896946956,3.745682858593243,19.39959716796875,44.28276062011719
01462.png,7.1028,0.5579893589019775,0.33708570975168906,0.8826259897560182,6.334090709686279,87.2135238647461,0.7070718227431528,0.48838551982514106,7.359057903289795,2.3078885179993645,25.077096939086914,8.373794555664062,53.43513870239258,0.7454338073730469,1.583132266998291,0.7657032012939453,0.03047618456184864,15.160393714904785,0.23337866947394395,0.3993431355163845,0.3399566411972046,0.42356646060943604,0.40201368637810986,3.7564245011443402,19.26092529296875,41.07329559326172
01471.png,6.7982,0.5566868185997009,0.3358280811305861,0.8828501924230691,6.338341236114502,87.90869140625,0.7029667104532376,0.48676353454592525,7.348760604858398,2.2982628421121323,25.19525146484375,8.443258285522461,53.633872985839844,0.7461391091346741,1.5811939239501953,0.7680169939994812,0.030740993097424507,15.122821807861328,0.22814098107134462,0.41000872355744183,0.33626967668533325,0.4123417139053345,0.4070197324973749,3.7751389521707437,18.44696044921875,42.88642120361328
01482.png,7.4768,0.5601935386657715,0.33811685609230896,0.883649005363552,6.346330642700195,89.65312194824219,0.7016411549506703,0.4885828960188964,7.357942581176758,2.3168291736665516,25.838287353515625,8.603256225585938,54.401519775390625,0.7514071464538574,1.5586028099060059,0.7646373510360718,0.03117169626057148,15.062397003173828,0.2248257900456937,0.4183973219491087,0.3358394503593445,0.4130808413028717,0.4075410778386459,3.7979210683357487,19.35174560546875,44.906280517578125
01486.png,7.3969,0.5602746605873108,0.33501168042430945,0.8833226636970155,6.341719627380371,89.48519897460938,0.7017841982570836,0.48790537304870335,7.362761974334717,2.2955868053823743,25.702524185180664,8.58687686920166,54.37774658203125,0.7493166923522949,1.5679662227630615,0.7607860565185547,0.03137177228927612,15.034608840942383,0.22924710236767815,0.4066108717213815,0.33699387311935425,0.4165538549423218,0.40420692228508875,3.7844885691824506,20.41180419921875,45.58113479614258
01492.png,7.1306,0.5656826496124268,0.33155330454411436,0.881916244151122,6.387728214263916,93.00439453125,0.6968480763891428,0.4869300693167772,7.371112823486328,2.280900533947671,26.404144287109375,8.917398452758789,53.008750915527344,0.7470400929450989,1.5644400119781494,0.7563679218292236,0.030954796820878983,15.092720985412598,0.22772916224838896,0.4146663581054815,0.33540675044059753,0.4111599922180176,0.41090740556901967,3.8629690236485854,23.13885498046875,45.41340255737305
01494.png,2.6895,0.7191669940948486,0.19525857801350405,0.8622975903638926,6.822414398193359,192.4815673828125,0.8452167751373363,0.5773268148062414,7.70411491394043,1.4182182157994099,39.18206024169922,18.584941864013672,52.42561340332031,0.5542917251586914,1.462896704673767,0.5357741117477417,0.04183334484696388,13.784774780273438,0.5597926285995802,0.13331095886419722,0.4622120261192322,0.4666792154312134,0.43144573304688183,4.932692659138226,29.44647216796875,55.19097900390625
01505.png,2.6776,0.7199036478996277,0.20798555423226556,0.863668260707043,6.675811767578125,194.84442138671875,0.8438851399622753,0.5752487036864166,7.719164848327637,1.496977474463593,39.539371490478516,18.820735931396484,53.50080490112305,0.6127455234527588,1.4237258434295654,0.5215524435043335,0.040501341223716736,13.92530632019043,0.5397063469972969,0.14358235153152168,0.46771353483200073,0.48973548412323,0.40951178674573824,5.216721954759277,29.12518310546875,53.3753547668457
01511.png,2.6226,0.7186233401298523,0.2063194768364212,0.863736881971437,6.662796974182129,195.1859130859375,0.8416103811443737,0.5719848276028294,7.7170891761779785,1.4834291518576315,39.52790069580078,18.82721519470215,53.30912399291992,0.6097621917724609,1.4221242666244507,0.5194435119628906,0.04056025296449661,13.918994903564453,0.5277199209136435,0.1518133520861323,0.4686134457588196,0.48987287282943726,0.4071381982308705,5.417228514247304,28.42645263671875,53.87614059448242
01527.png,2.686,0.7211444973945618,0.21057278714823782,0.8640985969842426,6.685723304748535,195.69667053222656,0.8463337704714741,0.5748099645476707,7.721160888671875,1.5168527700020427,39.52984619140625,18.86740493774414,53.581825256347656,0.6132792830467224,1.418203592300415,0.5280033349990845,0.04050103574991226,13.925338745117188,0.541996701335141,0.14372214686747706,0.470378577709198,0.4903063178062439,0.41439852039647807,5.557427759532974,30.05877685546875,53.76599884033203
01531.png,7.3935,0.7244647741317749,0.2946432262395747,0.867745129066049,6.507481575012207,97.47434997558594,0.7622780734492061,0.484727002952815,7.481936454772949,2.0609490531253467,25.071622848510742,9.260737419128418,46.280357360839844,0.32720452547073364,1.511770248413086,1.0080926418304443,0.06940179318189621,11.586294174194336,0.32631913581109345,0.3623359106262122,0.2802433669567108,0.3686942458152771,0.6535933390194831,3.863873302555331,34.57635498046875,52.31534194946289
01547.png,7.1213,0.723585307598114,0.28859776243910584,0.8675048354778274,6.501613616943359,98.02022552490234,0.7591524889625957,0.4823999004605607,7.479254722595215,2.0174289129975502,25.176223754882812,9.315730094909668,45.9583854675293,0.32608485221862793,1.5147086381912231,0.9905581474304199,0.06893128156661987,11.615837097167969,0.3183806067088025,0.371341614705315,0.28009381890296936,0.36860156059265137,0.6444388396653276,3.946798746210366,35.13104248046875,52.453086853027344
01562.png,7.3775,0.7256859540939331,0.28810070964663476,0.8680012214126502,6.4949798583984375,98.58101654052734,0.7581282161239387,0.48192525090361094,7.484536170959473,2.0137596166064213,25.261947631835938,9.368483543395996,46.20468521118164,0.3248410224914551,1.5111684799194336,0.9771511554718018,0.06939982622861862,11.586417198181152,0.31290913270614024,0.37628693192538254,0.2800043821334839,0.36836087703704834,0.6368439711742823,4.003189043500682,35.12030029296875,51.52475357055664
01579.png,7.0222,0.7256121635437012,0.28702748104940384,0.8687556124767822,6.478172302246094,99.0167236328125,0.7573624862628263,0.48259607833096485,7.4908623695373535,2.0047536285207332,25.367420196533203,9.415369987487793,46.555397033691406,0.32523608207702637,1.500044584274292,0.9707835912704468,0.06972965598106384,11.565824508666992,0.306048598531814,0.3821491840439873,0.2803677022457123,0.36851024627685547,0.6332277987159787,3.8767708496537705,34.83856201171875,50.18596649169922
01584.png,6.8734,0.7120999693870544,0.306865425673082,0.8577648226838219,6.686085224151611,95.17522430419922,0.8234119268245792,0.42574567057823726,7.208216190338135,2.131845999699477,26.087162017822266,9.098435401916504,38.876129150390625,0.4530380368232727,1.636053204536438,0.7829858660697937,0.04993192479014397,13.016216278076172,0.4353284402857016,0.23769081555431115,0.348605751991272,0.41874921321868896,0.6015283555848371,3.7151322899271073,32.11346435546875,57.83286666870117
01587.png,7.1156,0.7080704569816589,0.3026553640883613,0.8569661460809607,6.6914238929748535,97.87693786621094,0.8184842558430958,0.43356658959846495,7.235715866088867,2.1075673281836096,26.069040298461914,9.372241020202637,39.29096603393555,0.46758049726486206,1.6302231550216675,0.7779458165168762,0.04715908318758011,13.2643461227417,0.43965255755615,0.23490950191326,0.34906744956970215,0.4151913821697235,0.6049492446567157,3.7249397903550974,32.59295654296875,57.02285385131836
01599.png,7.4912,0.7085923552513123,0.29718130825123046,0.8569887483810712,6.7137017250061035,98.85659790039062,0.8163965793689956,0.4347938228077031,7.290877342224121,2.080954988647772,25.962831497192383,9.48454475402832,40.2546272277832,0.4958619177341461,1.6029924154281616,0.8025217056274414,0.045275844633579254,13.44133472442627,0.44724312282312795,0.2233329229986405,0.3569120466709137,0.42747464776039124,0.6209188333656607,3.6310453810204457,31.88397216796875,60.592323303222656
01608.png,7.5968,0.7149245738983154,0.2935097950065124,0.8575008551233445,6.719954013824463,100.96409606933594,0.8204474270519043,0.43883692315417205,7.265149116516113,2.0523878082358724,26.670164108276367,9.681865692138672,40.20276641845703,0.4819656312465668,1.6118637323379517,0.777121901512146,0.04682222008705139,13.295479774475098,0.4547586888821568,0.2212331690095781,0.3575317859649658,0.4175460934638977,0.6042910849791683,3.7973876343627855,33.78631591796875,58.91132354736328
01640.png,7.2929,0.7012258768081665,0.32319799326756293,0.8563209940875465,6.642024517059326,100.77436828613281,0.8270886819894262,0.4606507044636001,7.268784999847412,2.2479788497878044,26.16075325012207,9.649510383605957,40.41619110107422,0.5136184692382812,1.593430995941162,0.7856191396713257,0.04418259114027023,13.547489166259766,0.47425479720395486,0.22318592677547264,0.3670866787433624,0.44473838806152344,0.6062665677362211,3.8939052139705534,33.52508544921875,63.57779312133789
01659.png,7.4187,0.7034375071525574,0.3275214942238807,0.856628803488291,6.627895355224609,101.27730560302734,0.8259581061718572,0.4471213156142745,7.265390396118164,2.275180885497731,26.317800521850586,9.704080581665039,40.812625885009766,0.5146554708480835,1.6017999649047852,0.7737814784049988,0.044935788959264755,13.474077224731445,0.4717000237457828,0.22488668800870418,0.36608028411865234,0.44196921586990356,0.598493285553665,3.841717254515243,34.52557373046875,64.69474792480469
01670.png,7.2994,0.7104591727256775,0.23044022515554996,0.8600575688586996,6.876764297485352,115.84103393554688,0.8382354566234442,0.4888059096324394,7.390685081481934,1.6439013778854754,28.52086067199707,11.11469841003418,42.858856201171875,0.5222803354263306,1.5834567546844482,0.7173219919204712,0.04167303442955017,13.8014497756958,0.5287648307140904,0.17184820364733394,0.4029677212238312,0.45633837580680847,0.5714389705588306,3.7991087191073203,33.05096435546875,62.38911819458008
01673.png,7.4074,0.7114264965057373,0.26403432507994606,0.8599932951349791,6.695680141448975,113.89952087402344,0.841536530861563,0.48495762639038076,7.325807571411133,1.8510819342301144,28.222612380981445,10.925008773803711,42.05451202392578,0.5489609241485596,1.528067946434021,0.7185667753219604,0.041182421147823334,13.852882385253906,0.5229412147414114,0.17094956481000584,0.40779629349708557,0.45895886421203613,0.5675590028018,3.850102385557361,32.60809326171875,63.141639709472656
01707.png,7.0938,0.7113189697265625,0.24661306413234124,0.8598105190991441,6.690759181976318,116.42195892333984,0.8447345280533052,0.49427119617021253,7.3570661544799805,1.7321931212054018,28.613872528076172,11.184022903442383,42.50072479248047,0.5682142972946167,1.4856688976287842,0.7252787351608276,0.03839939087629318,14.156756401062012,0.5365084363677244,0.16673647802222127,0.4130863547325134,0.45953813195228577,0.5777795330738756,3.901277967589345,32.12811279296875,63.13365173339844
01710.png,7.0069,0.7276017665863037,0.39855887082947916,0.8590692030645861,6.294129848480225,103.04632568359375,0.7592677673563222,0.42809955034760316,7.5016255378723145,2.7492177151474184,27.524948120117188,9.528429985046387,49.397621154785156,0.44884440302848816,1.561650276184082,0.6230359077453613,0.06245571747422218,12.044278144836426,0.28499678054774114,0.34488062211649867,0.33138179779052734,0.4515264630317688,0.38588922275185095,3.47550013243892,26.87078857421875,52.6124267578125
01724.png,7.1062,0.7264323234558105,0.40163984252220647,0.8592201579527055,6.293707370758057,102.907958984375,0.7592636239198616,0.4311548650312565,7.500197887420654,2.770098255502658,27.512901306152344,9.517972946166992,49.60108947753906,0.45361682772636414,1.5581638813018799,0.6277986764907837,0.0622846856713295,12.056188583374023,0.2842691535110095,0.34816784428756625,0.3318847715854645,0.4532829821109772,0.3881824252126791,3.4374986756201302,27.40740966796875,53.04941940307617
01729.png,7.3699,0.7263706922531128,0.40945591052579544,0.8591473144597797,6.279290199279785,102.97804260253906,0.7593734205789557,0.4299228412129156,7.504668235778809,2.821969317943088,27.526945114135742,9.517909049987793,49.855953216552734,0.4584411382675171,1.5521214008331299,0.623715341091156,0.062302909791469574,12.05491828918457,0.2821570758240466,0.34775188265759455,0.3315783143043518,0.45314595103263855,0.3868015524878444,3.435370046252206,26.87908935546875,53.99819564819336
01741.png,6.9234,0.7264416217803955,0.4121379600006395,0.8592378726352445,6.280154705047607,103.16250610351562,0.7593170113056207,0.43186969197592073,7.50282621383667,2.8402524856260545,27.586956024169922,9.534086227416992,49.95429229736328,0.4594361484050751,1.5524773597717285,0.6241859197616577,0.06236622482538223,12.050505638122559,0.2836235050103655,0.3472939541379864,0.3318135440349579,0.4531729221343994,0.3869870662530389,3.3989729339127255,26.68084716796875,53.21766662597656
01760.png,7.5984,0.7197367548942566,0.3571056596779534,0.8618839125498908,6.409173488616943,89.14300537109375,0.7774732643237081,0.4085927943661054,7.304241180419922,2.4485756165581325,24.8464298248291,8.341139793395996,44.691219329833984,0.39706525206565857,1.6718175411224365,0.7007665634155273,0.061338651925325394,12.122658729553223,0.30824964783820924,0.32674342542517876,0.3277532756328583,0.4263116717338562,0.4508514894143342,3.2385955467409264,24.21502685546875,46.89060974121094
01773.png,7.2038,0.7209495306015015,0.3661468895139612,0.8618785826714649,6.352115631103516,89.1333236694336,0.7771796301463865,0.40449346717488766,7.317208290100098,2.5024969223579934,24.821683883666992,8.32370662689209,44.88240432739258,0.39824411273002625,1.6639606952667236,0.7047116756439209,0.06220792606472969,12.061543464660645,0.3078423540823414,0.3285642357060404,0.3262992799282074,0.4275118112564087,0.4541722191552022,3.465627303655616,25.11932373046875,47.13521194458008
01779.png,7.3725,0.7223461866378784,0.3679022159972865,0.8618884826259228,6.33901309967041,88.9411849975586,0.7775098422384963,0.40398185337499265,7.323488712310791,2.513239093155308,24.79233169555664,8.305591583251953,44.926918029785156,0.397699236869812,1.6623554229736328,0.7061247229576111,0.06250172108411789,12.041081428527832,0.30644161511039386,0.3291354496323216,0.32579103112220764,0.42701607942581177,0.4554296047901611,3.383365442657405,24.93719482421875,46.347572326660156
01783.png,7.1194,0.7227215766906738,0.3680298667435421,0.8619607169064102,6.333688735961914,88.96372985839844,0.7776042868648269,0.40416913671707105,7.324933052062988,2.5133972567036302,24.74703025817871,8.306597709655762,44.89643096923828,0.3981037139892578,1.6616719961166382,0.7053573727607727,0.06247878074645996,12.042675018310547,0.3080131360877516,0.3281181765477669,0.3258596658706665,0.42736801505088806,0.4542469000371468,3.401675114117905,25.35076904296875,46.67352294921875
01789.png,7.303,0.722298800945282,0.3688790355428759,0.8619555231154798,6.322319030761719,88.82347869873047,0.7777169828956702,0.4047428374867016,7.328673362731934,2.5177894562930803,24.700916290283203,8.289644241333008,44.90040969848633,0.3971754312515259,1.6611887216567993,0.7058265209197998,0.06280185282230377,12.02027416229248,0.30823186867003793,0.3282308492496722,0.32519328594207764,0.4269425570964813,0.4546993112372995,3.4318426773244464,24.65545654296875,46.89948654174805
01803.png,1.3809,0.6979944109916687,0.43170554368607894,0.8794907136055397,5.080770492553711,96.6297378540039,0.7522204989036314,0.4462539005897213,7.265143871307373,2.6649080583059686,21.26410484313965,8.904898643493652,42.3216552734375,0.3310215175151825,1.4242299795150757,0.7583340406417847,0.03481443226337433,14.582406997680664,0.3282705119646795,0.3077364491761972,0.31812572479248047,0.34661442041397095,0.4970128726110159,4.633989136191248,34.77069091796875,57.80069351196289
01806.png,1.2929,0.6936700344085693,0.42656882298830057,0.878693142060833,5.133885383605957,98.70213317871094,0.7486270510297759,0.44619159217285076,7.233064651489258,2.637685305201968,21.842361450195312,9.092479705810547,41.28582000732422,0.3306877315044403,1.4592857360839844,0.7171541452407837,0.03385229781270027,14.704118728637695,0.3201441183865623,0.31136929103392613,0.3212276101112366,0.34747153520584106,0.4694093212533751,4.602099392934462,36.26580810546875,56.90079116821289
01807.png,1.2156,0.6959737539291382,0.43587547020124484,0.881288490070094,5.08855676651001,97.11872863769531,0.7475491704772916,0.4436495346511364,7.240538597106934,2.6869830677635633,21.446285247802734,8.947543144226074,41.90644836425781,0.3205545246601105,1.4387189149856567,0.7218427658081055,0.03492310643196106,14.56887149810791,0.3184613014742484,0.3214870033219029,0.31774353981018066,0.3476226329803467,0.47385927554330465,4.505408079319733,35.22625732421875,55.966026306152344
01811.png,1.3868,0.6908938884735107,0.4067352055157958,0.8737648151644251,5.223556041717529,102.56507110595703,0.7517426083473236,0.4583676292624321,7.218583106994629,2.5303356369798014,22.39896011352539,9.480463981628418,40.32060623168945,0.35788798332214355,1.4691946506500244,0.676870584487915,0.030858805403113365,15.106208801269531,0.3400627611011543,0.2944799622047834,0.3318157196044922,0.3523467183113098,0.4612050380399411,4.604400504573879,35.66717529296875,56.08283996582031
01828.png,1.6031,0.6971186995506287,0.40681428142696757,0.87539985496944,5.1199798583984375,103.16072845458984,0.7478622359299155,0.45934116903573885,7.2731852531433105,2.520865906307616,22.323486328125,9.549973487854004,42.23849105834961,0.35458052158355713,1.3647069931030273,0.7197895050048828,0.030752312391996384,15.121222496032715,0.3353051765301505,0.30743755315931043,0.32992663979530334,0.35402625799179077,0.48795822429266883,4.7134988275686345,36.46502685546875,56.09067916870117
01845.png,7.0194,0.7076510190963745,0.3111478541106354,0.8718791103632964,5.63034200668335,79.30519104003906,0.664614867333299,0.36485946339442027,6.909160614013672,1.950825464030057,21.49868392944336,7.822956085205078,33.21005630493164,0.2915087342262268,1.6037324666976929,0.9746044874191284,0.055399179458618164,12.564966201782227,0.1910909346674972,0.43110377757041646,0.24069002270698547,0.26804888248443604,0.5046464474720402,3.965291660177733,24.31707763671875,60.24419021606445
01856.png,7.4035,0.7107453346252441,0.31060552777844713,0.8702694365270973,5.6026387214660645,85.47096252441406,0.6570956220260348,0.36752438991078906,6.963492393493652,1.951560652542101,23.046340942382812,8.401457786560059,34.57697677612305,0.2962172329425812,1.5575634241104126,0.9146131873130798,0.05559738352894783,12.549456596374512,0.18576282133960714,0.44519806905874193,0.24324578046798706,0.269169420003891,0.48019652533091306,3.9548815103981054,23.42694091796875,57.77186584472656
01861.png,7.5778,0.7119595408439636,0.30395898687343015,0.8697307412692754,5.694539546966553,88.38664245605469,0.651651383208049,0.3695954840292864,6.986493110656738,1.9272626288020138,23.505752563476562,8.666438102722168,35.20725631713867,0.2957833409309387,1.5608088970184326,0.8988701701164246,0.05517222359776497,12.582794189453125,0.18533541791645972,0.44295583910275205,0.24514338374137878,0.2669948935508728,0.46899218922703123,3.76203449483761,25.50408935546875,57.18687438964844
01867.png,7.2066,0.7103248834609985,0.34636361209502686,0.8704058376026,5.811551094055176,68.97480010986328,0.7511732029369798,0.3899182556967866,6.991264343261719,2.21722122462044,21.646474838256836,6.726108074188232,36.163753509521484,0.35951924324035645,1.634313702583313,0.9397583603858948,0.05346505343914032,12.71929931640625,0.2309067223303193,0.4401482607498853,0.2675471007823944,0.19267861545085907,0.5287198452889837,4.202756403351535,17.02508544921875,47.922706604003906
01899.png,7.1119,0.7065855860710144,0.34911423819283915,0.8717149637537733,5.833495616912842,69.02394104003906,0.7511361051365402,0.3913264712117309,7.016944885253906,2.2431420906518813,21.51554298400879,6.743311882019043,36.412986755371094,0.3531378507614136,1.6454774141311646,0.9262654781341553,0.053335051983594894,12.729872703552246,0.23813962983605694,0.42547771168042897,0.2683800458908081,0.19623002409934998,0.5232630263302066,4.212673793675741,17.26483154296875,49.10399627685547
01911.png,6.903,0.7075858116149902,0.3469060564524351,0.8717230717283052,5.84396505355835,68.9873275756836,0.7509423031901302,0.3910376080745529,7.013362884521484,2.230148743250936,21.4946346282959,6.741724014282227,36.333778381347656,0.3529423475265503,1.6448509693145752,0.9258642792701721,0.05321551114320755,12.739618301391602,0.23915315018492553,0.42302964625646217,0.2685767412185669,0.19487421214580536,0.524647902955561,4.063847802841246,16.95233154296875,49.553043365478516
01912.png,1.268,0.6916474103927612,0.41597959025323844,0.8606185268755562,5.056345462799072,107.57664489746094,0.7167899973305121,0.40391415143109827,7.277192115783691,2.565257440290708,25.8245906829834,10.114042282104492,39.72496795654297,0.6504237651824951,1.4885826110839844,0.7629050016403198,0.028843428939580917,15.399532318115234,0.28280534639733373,0.4475893222104589,0.35879358649253845,0.40043067932128906,0.43203303071397714,4.185087571185619,22.93621826171875,61.23336410522461
01913.png,1.2157,0.6887316703796387,0.4167111028974511,0.8701380336624356,4.952958583831787,106.35017395019531,0.7195063123318284,0.4001220945707011,7.271579742431641,2.547058098005879,25.38808822631836,10.003890991210938,39.4675407409668,0.7044985294342041,1.4274864196777344,0.7906206250190735,0.02722475491464138,15.650360107421875,0.27985076178311513,0.4660866196436111,0.36214926838874817,0.41699057817459106,0.4471900199748934,4.419782672934894,24.67401123046875,61.876983642578125
01919.png,1.0867,0.6898382306098938,0.41620996099376695,0.8723168823860319,4.935122013092041,105.87894439697266,0.7194170823503011,0.40094171052352834,7.2560319900512695,2.5370475533403525,25.203903198242188,9.972017288208008,39.012229919433594,0.7147066593170166,1.4136595726013184,0.7936193346977234,0.026765696704387665,15.724214553833008,0.27788570569497145,0.477813179962214,0.36220046877861023,0.4118715822696686,0.4475590882755816,4.521845908394112,24.26727294921875,61.11770248413086
01929.png,1.1056,0.6851375699043274,0.4151601338170238,0.8752009072524426,4.9114603996276855,105.92130279541016,0.7192553689941397,0.40335295001239624,7.252283573150635,2.5249584497485813,25.157573699951172,9.987167358398438,38.810997009277344,0.7270613312721252,1.3851686716079712,0.7910320162773132,0.02618367038667202,15.819694519042969,0.27523716932001974,0.47233166433592516,0.36296069622039795,0.4012530446052551,0.4447654468931478,4.788913339682715,22.70721435546875,64.24237823486328
01937.png,7.0894,0.7184249758720398,0.21981826302866136,0.8631332438069047,6.485666275024414,142.14422607421875,0.8188231755741289,0.4712167143779751,7.220991134643555,1.5064908139194717,34.126121520996094,13.900224685668945,38.15123748779297,0.4235064387321472,1.5480623245239258,0.68086838722229,0.04172077775001526,13.796476364135742,0.4728929113756774,0.22266547769531303,0.38112276792526245,0.40955132246017456,0.560660052866019,3.874372879780811,32.04852294921875,63.996498107910156
01947.png,7.523,0.7194023132324219,0.22114787033672909,0.8635245989754168,6.4428300857543945,144.2963409423828,0.8134262425606101,0.47181235479981687,7.237720489501953,1.5127163679222733,34.435672760009766,14.090208053588867,38.688926696777344,0.418559730052948,1.5474013090133667,0.6940929293632507,0.04257975146174431,13.707969665527344,0.47164817589429814,0.22782846153572647,0.37750527262687683,0.4054301977157593,0.5702105020381759,3.9064021019740114,31.65203857421875,62.839027404785156
01954.png,7.1885,0.7199103832244873,0.22002756510896107,0.8634103498110666,6.44197940826416,144.24681091308594,0.8110551894140612,0.4689284130177983,7.237307548522949,1.5049142253898768,34.41594314575195,14.084623336791992,38.68649673461914,0.41991448402404785,1.5471352338790894,0.6875671744346619,0.04255606606602669,13.7103853225708,0.465664622121819,0.2327677634556218,0.37654438614845276,0.4038233160972595,0.565497914674739,3.7890494830781583,30.19989013671875,62.00030517578125
01963.png,7.5251,0.7195439338684082,0.22202075459177514,0.863514171794398,6.425026893615723,144.01686096191406,0.8133615473938397,0.4695138612317951,7.2289581298828125,1.5157381074017646,34.47922897338867,14.058385848999023,38.567264556884766,0.41817110776901245,1.5431973934173584,0.6896231770515442,0.04240527004003525,13.725800514221191,0.4691632273602058,0.23037468140129277,0.37706542015075684,0.40475642681121826,0.5668050596551599,3.758933069590616,30.65936279296875,62.28251266479492
01977.png,7.179,0.7364019751548767,0.24785208585254892,0.8640961586405872,6.393216133117676,160.98037719726562,0.7926051569895491,0.4606882540977887,7.370601177215576,1.7056999692593884,39.865966796875,15.725756645202637,42.91886901855469,0.398230642080307,1.5052502155303955,0.6698285937309265,0.05128183960914612,12.900362968444824,0.43356814168740476,0.28329805872978336,0.3427180051803589,0.3840620219707489,0.5577018034175687,3.928193889492281,36.57293701171875,65.84025573730469
01981.png,7.5999,0.7402481436729431,0.25444827246886104,0.8645033640606631,6.454096794128418,165.10751342773438,0.7957755852071209,0.4670466711089832,7.376399040222168,1.7595776947109147,41.140071868896484,16.108097076416016,43.5229606628418,0.39377981424331665,1.505588412284851,0.6677104830741882,0.05156232416629791,12.87667465209961,0.44328313792548174,0.27529035802852597,0.3453517556190491,0.3878951370716095,0.5543591897347587,3.922366598830012,35.93426513671875,65.4068374633789
01985.png,7.1129,0.7162799835205078,0.31170419769228574,0.8644521730709569,6.0207929611206055,112.26275634765625,0.7773159584028868,0.3971799158872683,7.124334812164307,2.0487015088212335,31.022335052490234,10.886637687683105,37.39414978027344,0.3429727554321289,1.6101197004318237,0.782400369644165,0.05670584738254547,12.46372127532959,0.3330117763736389,0.3820020862940671,0.2864804267883301,0.3747978210449219,0.5831988764440412,3.9357197432358304,31.20281982421875,56.67362976074219
01994.png,7.2816,0.7559465169906616,0.3858505789202927,0.8665066442301386,7.132879734039307,96.99539184570312,0.7662791581936054,0.4168237671575463,7.568633079528809,2.8363007990420748,29.489606857299805,9.140995025634766,51.15604782104492,0.3462603688240051,1.6892938613891602,0.6716872453689575,0.08414176106452942,10.749884605407715,0.363912185707669,0.27886310055914404,0.28647977113723755,0.43766817450523376,0.4356258230832709,3.8869692075567097,25.01141357421875,56.43231201171875
01996.png,7.3134,0.7550584077835083,0.4009695664751651,0.8668356159127117,7.175119876861572,90.56392669677734,0.7661474285475937,0.4217891880090995,7.585268497467041,2.9592404950537663,28.267658233642578,8.557183265686035,51.285736083984375,0.35250476002693176,1.6893972158432007,0.7258351445198059,0.08270715177059174,10.824569702148438,0.35662460705441684,0.2821553778325058,0.2854922413825989,0.4398033022880554,0.4691563742257314,3.7313821881679843,22.19305419921875,61.029762268066406
02002.png,7.2038,0.7575201988220215,0.36091234058400357,0.8669646942431478,7.178576469421387,80.49259948730469,0.7789159905768237,0.42692490161138075,7.562778472900391,2.660175168263601,25.719446182250977,7.582320213317871,51.16073226928711,0.3590829372406006,1.6823673248291016,0.8657160997390747,0.0851682722568512,10.697222709655762,0.3852521021829975,0.2476164486605696,0.2813025712966919,0.4379922151565552,0.5562362709224513,3.923201488399799,21.82684326171875,53.461273193359375
02011.png,7.3758,0.7478808164596558,0.3723890060735291,0.8651036637418764,7.142560958862305,74.48774719238281,0.7832716882492505,0.41015620415056336,7.486310958862305,2.7238223824635774,24.412710189819336,7.044152736663818,49.75240707397461,0.37017494440078735,1.6808536052703857,0.8107659220695496,0.08419684320688248,10.747042655944824,0.36492692122226855,0.2624829537859709,0.27711132168769836,0.4339908957481384,0.5136009195563376,3.6237059290130063,20.65252685546875,52.96868133544922
02033.png,7.115,0.729902446269989,0.3610327449425125,0.8628506822641843,7.064656734466553,83.07112884521484,0.7712292082455844,0.4256665502207415,7.497134208679199,2.628648171476902,25.4927921295166,7.8953070640563965,50.23997497558594,0.3865729570388794,1.70780611038208,0.8430159091949463,0.07918776571750641,11.013420104980469,0.383229541586403,0.25283128517262543,0.2805362343788147,0.44101452827453613,0.5467266195575412,3.816086766683274,23.01141357421875,55.77648162841797
02045.png,6.6807,0.7541162371635437,0.31287200803562193,0.8602904832294657,7.277924537658691,116.32939147949219,0.8146177169363297,0.44265468817609066,7.594039440155029,2.3265165479509538,33.57931900024414,10.795879364013672,56.84714889526367,0.5162410736083984,1.6327242851257324,0.6098501682281494,0.07379099726676941,11.319966316223145,0.4635284547269836,0.17510366489948143,0.32976213097572327,0.4755295217037201,0.42557776792728813,3.883163493723052,28.85858154296875,61.210899353027344
02073.png,7.2241,0.7549881935119629,0.30159639678272004,0.8602354203494118,7.2662482261657715,120.1415023803711,0.8138110181020288,0.44669345228191926,7.61161470413208,2.243560472751641,34.35957336425781,11.164626121520996,57.55043029785156,0.5233927369117737,1.615342140197754,0.5926190614700317,0.07333257794380188,11.347030639648438,0.46285880235888627,0.1731936389923208,0.33708277344703674,0.47823160886764526,0.4149900969076288,3.5801133963403737,28.76336669921875,60.95381164550781
02083.png,7.6767,0.7564906477928162,0.30087532827260716,0.860387058148666,7.299624443054199,121.0095443725586,0.8147773290652551,0.4534212408941324,7.619968414306641,2.2444742794800874,34.32683563232422,11.231178283691406,57.83533477783203,0.5239464640617371,1.6151968240737915,0.6026269197463989,0.07199364900588989,11.427059173583984,0.47019871782990774,0.1680020420695304,0.34226417541503906,0.4809548258781433,0.4244350847578282,3.4062023601659326,28.47039794921875,60.605560302734375
02090.png,7.4235,0.7571308612823486,0.3000185607900256,0.8600792482982053,7.286464214324951,122.51141357421875,0.8147220921123006,0.4480454524899744,7.608188629150391,2.2343415802858893,34.74440002441406,11.37481689453125,57.43510437011719,0.5179777145385742,1.6151080131530762,0.5842969417572021,0.07346825301647186,11.33900260925293,0.4626487728162615,0.17289280313583683,0.3391094207763672,0.47817522287368774,0.4114633439960588,3.6207306335193294,30.04559326171875,61.91614532470703
02102.png,7.0914,0.7428474426269531,0.3949963843932322,0.8738124961164477,6.937684535980225,67.42832946777344,0.7894031747618995,0.40548363651069175,7.7246222496032715,2.8957865307016917,21.623641967773438,6.3484015464782715,58.57563018798828,0.3663884401321411,1.6508042812347412,0.8215053081512451,0.08627284318208694,10.64125919342041,0.35117656321984675,0.25317757969611754,0.28974947333335876,0.4224746823310852,0.5079200211542996,3.861007686995827,21.03192138671875,50.801536560058594
02119.png,6.7939,0.7770885229110718,0.35273865506640373,0.8740390308982542,7.096259593963623,77.67619323730469,0.7897121915876024,0.4033744614249162,7.646038055419922,2.600095523396602,25.46485137939453,7.275479793548584,54.650917053222656,0.33037126064300537,1.686647891998291,0.7380918264389038,0.09894043952226639,10.04626178741455,0.35968563997991687,0.24632959660437953,0.28169959783554077,0.4123072326183319,0.46802546070738454,3.747378160398612,23.32440185546875,57.473594665527344
02120.png,7.0904,0.8007384538650513,0.30689466098742263,0.879486957752408,7.0641398429870605,76.9621810913086,0.7909162176389,0.4259059621058821,7.806645393371582,2.2818879771842955,22.132936477661133,7.076414108276367,61.312950134277344,0.3270096182823181,1.7057929039001465,0.6685603857040405,0.10091593861579895,9.960402488708496,0.3591401162911414,0.23039885592782308,0.3079829216003418,0.3989242911338806,0.4231967258442278,3.3459891616039377,32.08026123046875,49.67662048339844
02142.png,7.0202,0.7357114553451538,0.2833937399721144,0.8655736276947056,7.12119722366333,101.70500946044922,0.7383008759726547,0.46171272412888387,7.512142658233643,2.073503679625592,28.144821166992188,9.447824478149414,47.72026824951172,0.36964231729507446,1.722446322441101,0.6617118120193481,0.07051926106214523,11.516922950744629,0.3608587918131585,0.2827891971013732,0.3037911057472229,0.40374162793159485,0.44387183700954713,3.459448410444721,34.48699951171875,59.93573760986328
02163.png,7.7767,0.6983289122581482,0.45522973447768394,0.8614310947003764,6.845447063446045,85.43260192871094,0.8408875811226821,0.4343477736600265,7.390439033508301,3.240307816926924,25.35019302368164,8.22646713256836,46.27424240112305,0.5144779682159424,1.71824312210083,0.8303362131118774,0.06046724319458008,12.184797286987305,0.5129310320238637,0.14268318923284953,0.3612496554851532,0.49068713188171387,0.5861527617066309,3.430349548587735,20.88787841796875,63.71952438354492
02180.png,7.5166,0.701097846031189,0.42281417558296247,0.8615539382473553,6.851002216339111,103.36656188964844,0.848055565554672,0.4482124537422867,7.46346378326416,3.026187232651962,29.28318977355957,9.920654296875,50.92418670654297,0.5607866644859314,1.6569311618804932,0.7147330045700073,0.0608910396695137,12.15446662902832,0.5509548778367538,0.12336125841111995,0.38191351294517517,0.49794572591781616,0.5246377965277893,3.7147200406136838,25.54901123046875,59.154571533203125
02195.png,7.3806,0.7009696960449219,0.5089703099473069,0.8682104641248319,6.609631061553955,95.34440612792969,0.8318734887571791,0.42746194544250493,7.465720176696777,3.581977151324617,30.464340209960938,8.889833450317383,55.79071044921875,0.6550669074058533,1.594139575958252,0.6335257291793823,0.06391090154647827,11.944250106811523,0.4709356746491326,0.1439142494234468,0.3727455139160156,0.5155230164527893,0.43575904106313745,3.5185426708656773,27.48162841796875,59.81216049194336
02213.png,7.5123,0.7128750085830688,0.5017496254452717,0.8658115668755405,6.865408897399902,104.18603515625,0.8423513338004642,0.4417462350653981,7.512029647827148,3.6069464020974156,32.059837341308594,9.774728775024414,57.802345275878906,0.6350343823432922,1.5849655866622925,0.5968393087387085,0.06655954569578171,11.767897605895996,0.49910500554501863,0.13000454768786537,0.3738844394683838,0.5183519721031189,0.42904968653908876,3.649774350902725,26.85174560546875,58.399681091308594
02233.png,7.3906,0.7254440188407898,0.5551690770707448,0.8639223044075265,6.549308776855469,73.91851043701172,0.8227485447788088,0.40619586034330224,7.512173175811768,3.9032602824535143,24.70937156677246,6.989550590515137,50.05874252319336,0.46499907970428467,1.6833730936050415,0.7700754404067993,0.07782018184661865,11.089077949523926,0.43547662066147014,0.17847291258358264,0.335010290145874,0.47040486335754395,0.518778024147835,3.272814145408742,19.06170654296875,50.68743896484375
02236.png,7.3005,0.7286157608032227,0.5297391738463837,0.8633804221267869,6.548665523529053,81.35631561279297,0.8185774602112234,0.39935481510310417,7.390157699584961,3.691980174491455,26.613269805908203,7.74765682220459,46.96743392944336,0.45119336247444153,1.6776762008666992,0.7470920085906982,0.07600588351488113,11.1915283203125,0.4323930724166317,0.1804550562069855,0.3354032635688782,0.4672142267227173,0.5057188070345462,3.3433298016215223,19.18524169921875,55.05455017089844
02249.png,7.1996,0.7056981325149536,0.4882104427524028,0.8619030387615817,6.802123546600342,87.38883972167969,0.8265800833882095,0.4243319761574055,7.5138139724731445,3.4946044415177955,26.982807159423828,8.345649719238281,48.633209228515625,0.46312928199768066,1.7261518239974976,0.7498282790184021,0.06822977215051651,11.660261154174805,0.47268931959658544,0.1610806589941572,0.348176509141922,0.4779198169708252,0.5331657978463842,3.3749283472107785,22.51043701171875,56.85655212402344
02278.png,7.424,0.7087917327880859,0.5211837500490576,0.8615581539952782,6.629449367523193,86.12698364257812,0.8382260652152828,0.42224224269463423,7.484316825866699,3.677942306430621,26.3165283203125,8.115989685058594,49.64860534667969,0.5441438555717468,1.664735198020935,0.7028380632400513,0.06586834788322449,11.813231468200684,0.48662296985198567,0.14589342462098198,0.3619581460952759,0.5002971291542053,0.48875079357697154,3.5982535495120858,23.17108154296875,55.888702392578125
02296.png,7.2849,0.7197186350822449,0.46946805394498303,0.8626576042892182,6.8357062339782715,93.06787109375,0.823042242719149,0.427937704556195,7.531205177307129,3.3724114681007933,27.773035049438477,8.680849075317383,50.389007568359375,0.47829678654670715,1.6788016557693481,0.6592221260070801,0.06919699907302856,11.599126815795898,0.4617063552540685,0.16095158086921652,0.3595910668373108,0.49390730261802673,0.4615498500318493,3.593379993407542,27.48016357421875,51.9382209777832
02310.png,7.2886,0.7002266645431519,0.6211837963393032,0.8649803367090207,6.6721978187561035,76.30391693115234,0.8200593285757742,0.43364971354079174,7.624812602996826,4.4405469639721655,24.933042526245117,7.13144063949585,58.78391647338867,0.5586410760879517,1.672945499420166,0.7056206464767456,0.06944428384304047,11.583635330200195,0.4459891682137377,0.145069729511178,0.3390052020549774,0.48140043020248413,0.48313426649719016,3.5472271168096263,24.10760498046875,52.107749938964844
02317.png,6.9952,0.716210126876831,0.5620372354884021,0.863024212714028,6.677690029144287,85.60050964355469,0.825345717772457,0.42203085600074364,7.647368431091309,4.025618354726156,27.56834602355957,8.025201797485352,58.63648986816406,0.5477644205093384,1.6437448263168335,0.6667946577072144,0.07467514276504517,11.26823902130127,0.45007333782180037,0.15863370477653574,0.3397476077079773,0.48657068610191345,0.4650844854160974,3.631501100080926,22.50311279296875,51.25934600830078
02322.png,7.4267,0.7361986041069031,0.4708339551695499,0.8651540633215259,6.843779563903809,95.8900146484375,0.8104893493780773,0.4151859874010998,7.491726398468018,3.3748301622971635,31.222158432006836,8.98198127746582,49.60000991821289,0.3956190049648285,1.6961205005645752,0.6404972076416016,0.0746767595410347,11.268146514892578,0.4148172738280872,0.20984323140350658,0.3322714567184448,0.4641359746456146,0.44849581653036186,4.030848597179839,25.58953857421875,54.28362274169922
02337.png,7.3981,0.7381836175918579,0.6129427278474404,0.8682224033734647,6.399864196777344,72.51133728027344,0.7945286107822895,0.4063794589564234,7.635072231292725,4.301317366003211,25.81089973449707,6.898826599121094,52.51123809814453,0.3844306766986847,1.70073664188385,0.8225189447402954,0.09054049104452133,10.431571006774902,0.4096074435064756,0.18467266334977797,0.296582967042923,0.42565569281578064,0.5325160187438005,3.904997825854645,18.20428466796875,49.84307861328125
02352.png,7.3852,0.7227393984794617,0.5958844430953623,0.8706528921014811,6.759523868560791,63.23080062866211,0.7939721116721676,0.41309949561133485,7.6109418869018555,4.281579546594621,21.627058029174805,6.0291595458984375,51.85774230957031,0.3737242519855499,1.7325801849365234,0.8742473125457764,0.0797051340341568,10.985136985778809,0.3881405067951683,0.20091809803299993,0.31152379512786865,0.43619614839553833,0.5615294953593032,3.3717496621119736,18.24041748046875,51.06043243408203
02369.png,7.2952,0.7218184471130371,0.506991042137994,0.8634055121619351,6.8307204246521,79.3302001953125,0.8120555101489175,0.41875084454536826,7.507578372955322,3.6347038641668767,26.073474884033203,7.51517391204834,47.1763916015625,0.4003680646419525,1.729090690612793,0.7555892467498779,0.07454162836074829,11.27601146697998,0.395631805922466,0.22141784543163556,0.32829782366752625,0.454903244972229,0.5154842428389177,3.4175914926126687,22.78826904296875,55.2880859375
02394.png,7.3035,0.7351838946342468,0.6490103161356245,0.8783326752628747,6.622714996337891,54.73347091674805,0.7867485170798899,0.3921103619300408,7.579207420349121,4.6086087706717755,20.842111587524414,5.201972007751465,51.33045196533203,0.3154601454734802,1.7408051490783691,0.9543477892875671,0.08785305917263031,10.562431335449219,0.3689216926772725,0.19658689299165283,0.29001590609550476,0.4242907762527466,0.610734148365805,3.3916937438060715,17.31024169921875,51.613487243652344
02405.png,7.2156,0.7295357584953308,0.5483829473203203,0.8610518944170235,6.99970817565918,62.87525177001953,0.8290743074898235,0.4272617998433788,7.247859477996826,3.9065715684169273,21.30335235595703,5.996293067932129,41.807395935058594,0.40837356448173523,1.7550042867660522,0.914360761642456,0.06924033164978027,11.59640884399414,0.39248375940337127,0.2298552607188533,0.29856622219085693,0.45136842131614685,0.5850456410022651,3.7827177305355812,16.41473388671875,59.60342788696289
02440.png,7.2055,0.721594512462616,0.4480273107735478,0.8596191825459051,6.905807018280029,78.5598373413086,0.8392890567298968,0.4088317622116467,7.2553791999816895,3.1723072995870183,25.277862548828125,7.4662981033325195,43.553428649902344,0.5138593912124634,1.7177047729492188,0.7636866569519043,0.06577466428279877,11.819414138793945,0.41770368247722667,0.20737497051741152,0.30869680643081665,0.48915624618530273,0.5136753731983689,3.5458343784905084,22.06707763671875,55.40658187866211
02450.png,7.3938,0.7094845771789551,0.5114064381857172,0.8620748409758041,6.926190376281738,79.23686981201172,0.8382848437770157,0.42744346817841833,7.46027946472168,3.678676252207131,24.779218673706055,7.540439128875732,48.796836853027344,0.5048988461494446,1.7077897787094116,0.7292951345443726,0.06515888124704361,11.860264778137207,0.4498944354148094,0.17380952514555978,0.3549416661262512,0.4945042133331299,0.5061157718827877,3.4307061261021605,19.79901123046875,55.469017028808594
02455.png,7.3898,0.7151626348495483,0.48343445896061726,0.8591931996396461,6.9347662925720215,92.94084930419922,0.8258526106141966,0.43030480794334025,7.3532867431640625,3.4536775614746595,29.497121810913086,8.651752471923828,48.42060089111328,0.5369831919670105,1.6679065227508545,0.6328537464141846,0.05905885249376297,12.287149429321289,0.4454899114089034,0.1573828851664915,0.36838650703430176,0.4726845920085907,0.42637764459987915,3.640237278769936,23.89324951171875,62.682071685791016
02464.png,7.4846,0.711094856262207,0.5089786514444181,0.8624222968221728,6.721416473388672,84.33122253417969,0.8211622542986033,0.4166800184440924,7.347823143005371,3.580480552896134,28.098426818847656,7.883716583251953,50.55012893676758,0.5871543884277344,1.636279582977295,0.6557680368423462,0.060998279601335526,12.146824836730957,0.42180305982874355,0.16457289209634368,0.3605945408344269,0.5015500783920288,0.44198378509669134,3.7598198213868175,22.52313232421875,59.16299057006836
02473.png,7.6128,0.7170606851577759,0.5101601944798705,0.861538489405686,6.6905999183654785,92.65177917480469,0.8229981569534466,0.4186424126177314,7.418495178222656,3.5989586732149146,29.772680282592773,8.602095603942871,53.024192810058594,0.575761616230011,1.617196798324585,0.6478212475776672,0.06686075776815414,11.748286247253418,0.4346932997044723,0.16335786798331156,0.3610819876194,0.49834930896759033,0.45852206984832433,3.696172018305418,24.01629638671875,55.27131652832031
02478.png,8.0889,0.7161199450492859,0.47924270230122834,0.8600278306721469,6.893869876861572,92.68760681152344,0.8248281562552165,0.4223007564613681,7.359046936035156,3.415311959299828,28.5060977935791,8.699058532714844,47.968746185302734,0.5443367958068848,1.6410109996795654,0.7262331247329712,0.06184207648038864,12.087159156799316,0.4416427267565181,0.1825969950235017,0.36553314328193665,0.500173032283783,0.4848318601676517,3.721696353626181,26.77557373046875,57.28579330444336
02486.png,7.3247,0.7024258375167847,0.5078290217113051,0.8602417642215239,6.681277275085449,76.27825927734375,0.8394358955018371,0.4059802303722922,7.231008052825928,3.5325403288648403,24.528057098388672,7.204959869384766,43.478302001953125,0.5305784344673157,1.6614521741867065,0.7853911519050598,0.060297295451164246,12.197022438049316,0.42317135803320455,0.18510288316337797,0.3621695637702942,0.5081387758255005,0.5350413349927847,3.7234019230738684,22.66961669921875,56.25360870361328
02495.png,7.2979,0.7074532508850098,0.5220834324920801,0.8601614289423207,6.765515327453613,75.92176055908203,0.8387002673419733,0.41140787465147444,7.218863487243652,3.650515706813035,25.205432891845703,7.170760154724121,43.595882415771484,0.5182971358299255,1.6706607341766357,0.7592835426330566,0.0608866885304451,12.154777526855469,0.43108737412489057,0.16566911570428,0.3590403199195862,0.5088618993759155,0.5090668931079428,3.7753001363633456,21.85662841796875,55.108741760253906
02522.png,7.2985,0.6884012222290039,0.5456632667157404,0.8635849889687264,6.665713787078857,79.06147003173828,0.8262046751634055,0.4233122622578218,7.476297378540039,3.858397964657442,25.199718475341797,7.401847839355469,51.52745056152344,0.5759006142616272,1.7057878971099854,0.7309541702270508,0.0594349205493927,12.259583473205566,0.47010929891082015,0.14486830491724936,0.35691940784454346,0.50400710105896,0.5144215692436015,3.647091577300435,24.38397216796875,59.041595458984375
02527.png,7.3789,0.6919331550598145,0.3485453754253206,0.8795708053306276,7.135929584503174,98.29195404052734,0.8674557303514799,0.5535651896490588,7.4946746826171875,2.549721029828275,26.11838150024414,8.948787689208984,64.07657623291016,0.6784780025482178,1.5899029970169067,0.6101735234260559,0.04965077340602875,13.040740966796875,0.5699993894490081,0.06900297326922017,0.4445016086101532,0.478863388299942,0.4389640847367026,3.5692709164276186,34.92694091796875,62.95476531982422
02530.png,7.2105,0.6402509212493896,0.4340844541570818,0.907604056864323,6.425047874450684,81.42129516601562,0.8162125936478161,0.517904803490351,7.626302719116211,3.0497444212046307,21.402299880981445,7.6025590896606445,79.09749603271484,0.8210233449935913,1.3663522005081177,0.7102301120758057,0.0403735525906086,13.939031600952148,0.4934941623465761,0.14055977387350915,0.39725545048713684,0.4803265333175659,0.49951961424413527,3.229638169521129,31.42742919921875,61.53862380981445
02533.png,7.187,0.667197585105896,0.24442272704450183,0.8691007822484177,6.021877765655518,76.1550064086914,0.8238401930186683,0.4595717986790218,7.117760181427002,1.6058175399169645,20.3664608001709,7.413041591644287,35.02103042602539,0.6723865866661072,1.4762003421783447,0.9031566977500916,0.026540450751781464,15.760917663574219,0.4548440752425715,0.20203773030149497,0.39674699306488037,0.44178420305252075,0.6967140408150402,3.6588563445266793,23.90252685546875,59.453277587890625
02544.png,7.3972,0.6057260632514954,0.4502397040586781,0.8928017303627905,6.223968029022217,30.460296630859375,0.91951689526128,0.49602562062214056,6.808777809143066,2.933937923747548,13.505717277526855,2.907405376434326,38.81153869628906,0.7730923891067505,1.6752281188964844,1.0207030773162842,0.009848200716078281,20.06643295288086,0.4611337562001336,0.09754220648044191,0.4319642186164856,0.5069024562835693,0.5933070715033967,3.7360083070269203,9.99822998046875,50.087913513183594
02556.png,7.3009,0.6868500709533691,0.6040528614581927,0.8656821377428392,6.367865562438965,66.64004516601562,0.8235087442602365,0.40155570665778023,7.311873435974121,4.131653984515998,22.266088485717773,6.269673824310303,46.603485107421875,0.6215260028839111,1.6497762203216553,0.7889904379844666,0.059980057179927826,12.219932556152344,0.42814498930031775,0.15483963057817232,0.34236592054367065,0.4839502274990082,0.5272205057565105,3.8260376670983995,18.65301513671875,59.92445373535156
02572.png,6.8272,0.703281581401825,0.6654582865366926,0.8621338306684966,6.331735610961914,58.20225143432617,0.8337600981797421,0.3918635321357316,7.472519397735596,4.5930905137883915,20.2016544342041,5.537093162536621,49.39706802368164,0.5673420429229736,1.6388969421386719,0.8444900512695312,0.06843098998069763,11.647472381591797,0.3932113307464427,0.17630975407596394,0.331413596868515,0.4925392270088196,0.5382092681796324,3.882537616422388,19.59930419921875,51.642826080322266
02606.png,7.1771,0.7169089317321777,0.644449372875688,0.867054696261768,6.226370811462402,66.06692504882812,0.8003698825638965,0.39672088611305334,7.643017768859863,4.469070830088489,22.40241813659668,6.252749443054199,54.382164001464844,0.4243236184120178,1.7161202430725098,0.8357990980148315,0.08533834666013718,10.688557624816895,0.3991475011785162,0.19278635557596116,0.31474804878234863,0.4438295364379883,0.5692021616278132,3.5957396831255624,22.06219482421875,50.261959075927734
02611.png,7.1967,0.6903443336486816,0.6162795418395439,0.862052999071409,6.39036226272583,62.669036865234375,0.8104450854922428,0.39278705791284985,7.443643569946289,4.262818374818982,20.90435218811035,5.923436641693115,51.2744140625,0.535321056842804,1.7348616123199463,0.7844264507293701,0.06956182420253754,11.576290130615234,0.3990651042484899,0.16643995190978753,0.33684003353118896,0.4872978925704956,0.5261531054129905,3.5612072187692285,17.77459716796875,49.0878791809082
02624.png,6.3975,0.8266153335571289,0.39427716433121895,0.8761274883378407,7.023684024810791,98.15959167480469,0.8056065857838484,0.3826056015277155,7.64463996887207,2.891699783662121,31.278411865234375,9.256807327270508,55.09653091430664,0.31484904885292053,1.6791737079620361,0.6502233743667603,0.1220308393239975,9.13530445098877,0.3785294816802075,0.26683738479356933,0.2900165319442749,0.3205794394016266,0.44949081649010547,3.5390002390410347,19.44842529296875,59.42165756225586
02641.png,2.4075,0.6757256388664246,0.33289202920072486,0.8739727132871454,6.4006428718566895,86.4901123046875,0.8812015499844651,0.5198133805696097,6.96606969833374,2.2248421273757124,26.165267944335938,7.852280616760254,45.67131805419922,0.6695773601531982,1.4782562255859375,0.8082712888717651,0.02069992758333683,16.840312957763672,0.6208630568890039,0.07364772156081785,0.427684485912323,0.4932454824447632,0.5578577734707562,3.192320355818383,28.59686279296875,58.76280212402344
02651.png,2.3097,0.6796631217002869,0.379795154109719,0.8759044256081333,5.707292556762695,55.817325592041016,0.9146700499241059,0.5762879884634742,6.782454490661621,2.371779489559387,14.631857872009277,5.357844829559326,29.78797721862793,0.6852866411209106,1.5804212093353271,0.8166949152946472,0.013741214759647846,18.619749069213867,0.5871561637266219,0.06999147933841182,0.4531105160713196,0.49745815992355347,0.6217929617017444,3.0911777072089355,19.84051513671875,58.374473571777344
02658.png,2.385,0.7062811851501465,0.3269253303565798,0.8679925113725566,6.2261128425598145,59.960601806640625,0.888037468437973,0.5333954400156194,7.006071090698242,2.162974118471567,16.604869842529297,5.675358295440674,34.44114685058594,0.5809311866760254,1.6715692281723022,0.7368883490562439,0.03065601922571659,15.134841918945312,0.5166069343407419,0.09136592807565068,0.4435703158378601,0.4899230897426605,0.5186498233408721,2.9135345055228847,21.22381591796875,56.789031982421875
02667.png,2.1059,0.9043824672698975,0.3631391307874207,0.8975267703102613,6.861119747161865,97.4422836303711,0.6784464340657488,0.41185038795069095,7.58602237701416,2.6231680448326813,26.19887351989746,8.763493537902832,53.56063461303711,0.22075782716274261,1.7002263069152832,0.6668314933776855,0.11932346224784851,9.232742309570312,0.25293505063159477,0.42084128879269206,0.2423047125339508,0.19212165474891663,0.42214353390706333,3.4384754842038663,21.84930419921875,49.444026947021484
02709.png,7.4184,0.7847024202346802,0.3067562648289596,0.8673470629394003,7.117465496063232,131.18121337890625,0.7608137008691955,0.4256045111955675,7.615962028503418,2.25979147847157,38.377479553222656,12.571609497070312,54.055335998535156,0.3570876121520996,1.6259658336639404,0.5518988370895386,0.0868861973285675,10.610493659973145,0.3952488433494052,0.2551166930394597,0.30254852771759033,0.40639299154281616,0.39286590459206505,3.2182028330043138,30.75213623046875,60.909854888916016
02720.png,7.0766,0.7504121661186218,0.24580067837917438,0.8592780613879749,7.127945423126221,113.19758605957031,0.7923317946174758,0.413506995249829,7.48063850402832,1.7954045559516292,29.627681732177734,10.563684463500977,48.54599380493164,0.42965102195739746,1.6588232517242432,0.6148679256439209,0.07180757075548172,11.438298225402832,0.37113570993391143,0.27336465024783285,0.34377437829971313,0.41758760809898376,0.44429786016293915,3.1986447481608518,34.63006591796875,61.27081298828125
02731.png,6.718,0.7400450110435486,0.24984734167917003,0.8597893458445179,7.089793682098389,109.3634262084961,0.7943841376460108,0.40541352427420413,7.365357398986816,1.8057951692189942,28.77132797241211,10.229293823242188,44.864967346191406,0.3955875039100647,1.6810585260391235,0.6441020965576172,0.07027241587638855,11.53215217590332,0.3631092393440664,0.2962502707664468,0.33889469504356384,0.41374194622039795,0.46528603457079304,3.4034573909558627,34.48162841796875,59.6594352722168
02739.png,6.8898,0.7680424451828003,0.1937863102203618,0.8655619828173855,7.267472743988037,140.91664123535156,0.7913432605627589,0.48416178529451065,7.637298583984375,1.4441738834505102,35.724700927734375,13.246849060058594,51.14096450805664,0.39055272936820984,1.60129976272583,0.5910738706588745,0.0644981637597084,11.904526710510254,0.4439947391731336,0.23796840658915308,0.37115034461021423,0.4153975546360016,0.44750808652346097,3.14559546182339,31.42010498046875,64.7666015625
02754.png,7.6098,0.7261464595794678,0.27633200352687737,0.8791356497863974,6.611433029174805,153.94313049316406,0.8619374461011731,0.5650440605808309,7.711463928222656,1.97894242659682,35.53824234008789,14.661550521850586,53.91727066040039,0.719241738319397,1.2689968347549438,0.6851442456245422,0.03947249427437782,14.037055015563965,0.6078616660691282,0.11209375349836496,0.45197683572769165,0.4824749827384949,0.5447080379123095,4.279754585564961,27.16131591796875,67.74723815917969
02757.png,6.9891,0.6318793296813965,0.24948977325884691,0.8609894405181282,6.484434604644775,38.877498626708984,0.8952286723775049,0.4836668667801849,6.631140232086182,1.63610552218268,12.994691848754883,3.6479973793029785,26.11087417602539,0.6121425628662109,1.6430928707122803,1.0963857173919678,0.008159883320331573,20.883159637451172,0.45284565433702617,0.13385997686780804,0.3876136839389801,0.43853944540023804,0.7248061162235468,4.256469687335859,23.21453857421875,52.11787796020508
02762.png,7.2888,0.7238327860832214,0.19499426103071255,0.861161251003892,6.276343822479248,60.916175842285156,0.8584491290707655,0.5486066697227823,6.758466720581055,1.2708602733753587,18.34462547302246,5.6763916015625,27.825307846069336,0.5019892454147339,1.4974217414855957,1.0558619499206543,0.012818279676139355,18.921703338623047,0.49161131359362875,0.15293134123782665,0.37601110339164734,0.4621458649635315,0.7650143409644767,3.9610448978847272,29.12664794921875,56.57929229736328
02778.png,6.9208,0.6671197414398193,0.18981992582368276,0.8583909030454543,6.655121326446533,55.088897705078125,0.8608920098094797,0.5142591219844235,6.729931831359863,1.2703784053196472,17.181760787963867,5.159322261810303,27.292383193969727,0.5076650381088257,1.6640956401824951,1.0217386484146118,0.012557733803987503,19.010887145996094,0.49237705940133436,0.14215768602202694,0.3725854754447937,0.45250487327575684,0.7341150403995641,3.927027331450926,27.07684326171875,55.298484802246094
02786.png,7.1933,0.7867134809494019,0.2143718469915869,0.8642932648379049,7.23171854019165,171.84420776367188,0.7896850445975776,0.4889143245977703,7.564331531524658,1.5859321401384072,42.60691452026367,16.6593017578125,50.94919204711914,0.38422486186027527,1.6046221256256104,0.6188598275184631,0.07133761793375015,11.466813087463379,0.46091018157609964,0.2447185785207709,0.3701212406158447,0.4174739718437195,0.5023274614183144,3.283309125489613,30.77752685546875,59.942440032958984
02816.png,7.2963,0.7770468592643738,0.21872270671744642,0.8699862190070187,7.189116954803467,152.6836395263672,0.7872974389565575,0.46904256144495415,7.616673469543457,1.619185381000273,37.93913269042969,14.603218078613281,50.38510513305664,0.34815746545791626,1.655693531036377,0.6508412957191467,0.07590167224407196,11.19748592376709,0.43620477412766673,0.2505994671388637,0.36650896072387695,0.40926608443260193,0.5143162855154446,3.240927428334143,28.41326904296875,59.81809616088867
02821.png,7.1188,0.7568941116333008,0.22576724818976454,0.874606352774483,7.208119869232178,139.06808471679688,0.8045808161553538,0.4770683621450689,7.588245391845703,1.6702715156426393,35.3766975402832,13.314643859863281,48.69828414916992,0.3336130678653717,1.6932318210601807,0.7105741500854492,0.07062436640262604,11.510454177856445,0.47668805471431497,0.21529223711126427,0.3709784746170044,0.4343443214893341,0.5636243546380312,3.4004063405207114,25.85614013671875,62.351383209228516
02846.png,7.5679,0.7387158274650574,0.288416349523567,0.8614166169372551,6.908779144287109,153.40353393554688,0.8437939796965105,0.49388810328340976,7.495328903198242,2.077195594636823,38.11183547973633,14.762629508972168,49.29746627807617,0.4864348769187927,1.5789306163787842,0.6561703085899353,0.05817068740725517,12.352957725524902,0.5513984557708644,0.15415755000056117,0.39337095618247986,0.46594101190567017,0.5389634714882094,3.6945393991215245,37.06121826171875,67.09483337402344
02860.png,6.9257,0.7636688947677612,0.20268971295352117,0.8611049182702769,7.136319160461426,179.90122985839844,0.8222503502460757,0.5347252402491847,7.590249538421631,1.492465791533034,41.85294723510742,17.357587814331055,52.156314849853516,0.5144534111022949,1.4469581842422485,0.6070154905319214,0.05365142226219177,12.704187393188477,0.5247086960530514,0.1758768124152488,0.41949471831321716,0.45974984765052795,0.49767899756533024,3.9491262577619572,25.99871826171875,64.17704010009766
02869.png,7.0983,0.7731146812438965,0.1726202268767945,0.8686006520694513,7.311949729919434,156.48321533203125,0.7864510715161593,0.5050948500246613,7.582389831542969,1.2855353559023914,37.14513397216797,14.744193077087402,49.70207595825195,0.38566747307777405,1.5700836181640625,0.6232532858848572,0.06396632641553879,11.940486907958984,0.4751664518161889,0.21378100931642743,0.38493287563323975,0.43107151985168457,0.5011941297256344,4.224543970591928,30.13104248046875,65.88704681396484
02896.png,3.0832,0.7527294754981995,0.15687933590189432,0.8614195999318204,6.661016464233398,150.26956176757812,0.7708130621330122,0.5157673044057991,7.514856338500977,1.1119536008699313,36.63497543334961,14.160465240478516,46.70334243774414,0.502432644367218,1.4426078796386719,0.5780709385871887,0.04193296283483505,13.774444580078125,0.37455348713520514,0.2849709407761781,0.39688655734062195,0.4303243160247803,0.42481848289667706,3.867130660048052,29.16668701171875,60.07300567626953
02956.png,7.3077,0.7222658395767212,0.3785095997398068,0.8640488245545986,6.9429931640625,125.609130859375,0.8123461413668478,0.45056929537608537,7.5074663162231445,2.734825857087472,34.39000701904297,11.668682098388672,60.28371810913086,0.6336474418640137,1.5772318840026855,0.5215575098991394,0.06218451261520386,12.063178062438965,0.45138432355022795,0.15144270980374222,0.3856760859489441,0.4851123094558716,0.37352721908693715,3.3708530025127317,31.47869873046875,64.98726654052734
03019.png,6.8894,0.73431795835495,0.25392300270953133,0.8605534271713604,7.019628047943115,114.43709564208984,0.8109671175194176,0.4492806483495933,7.205366134643555,1.8060313345531238,30.869070053100586,10.840139389038086,44.73435592651367,0.4413827657699585,1.6443397998809814,0.6373668313026428,0.05294954031705856,12.761378288269043,0.4189278702276934,0.23311108543497625,0.37189286947250366,0.4376090466976166,0.4889285432292502,3.3484337557632067,29.02606201171875,67.89868927001953
03045.png,6.8082,0.7784969210624695,0.27372686256658246,0.8696659175022297,7.1006693840026855,134.7317352294922,0.8217888556698233,0.46830909240935825,7.601120948791504,2.0121423754770955,34.59354019165039,12.900053024291992,51.58884811401367,0.3876311480998993,1.6350548267364502,0.6099704504013062,0.07729046046733856,11.118741035461426,0.4583487763017514,0.22934245811336781,0.38014736771583557,0.4165654182434082,0.4902394617123776,3.2465025921642825,33.38543701171875,68.69329071044922
03100.png,7.5861,0.7355246543884277,0.3701414738799991,0.8595078798510253,6.986356258392334,97.30428314208984,0.8159107473862195,0.41807525601491374,7.357004165649414,2.6545430190038424,30.493431091308594,9.291549682617188,46.17316818237305,0.42468369007110596,1.654616117477417,0.683283805847168,0.06765402853488922,11.697063446044922,0.43528362999656045,0.20557657079584346,0.31765735149383545,0.4364180564880371,0.4881913449235527,3.6218121802240293,19.85076904296875,56.82394790649414
03109.png,7.0235,0.7132002115249634,0.3892156829555277,0.8571305219990721,6.907672882080078,95.08101654052734,0.7952767396984093,0.4061169489818416,7.26299524307251,2.757730482267675,28.3203067779541,9.175613403320312,44.56432342529297,0.45977938175201416,1.7045438289642334,0.7007681727409363,0.06298021972179413,12.007959365844727,0.3766275846289567,0.2567788270728302,0.31349891424179077,0.4392942786216736,0.5121285974141285,3.2919435517379982,28.87908935546875,64.85800170898438
03143.png,6.8993,0.7191585302352905,0.36843624011586995,0.8614664173774679,6.987001419067383,100.95150756835938,0.7878876156689942,0.40452881322776035,7.187142372131348,2.6111408166845056,29.908742904663086,9.770102500915527,41.579036712646484,0.38193804025650024,1.7347478866577148,0.6637390851974487,0.06465914845466614,11.89370059967041,0.35847401219975256,0.2854323443325548,0.31917157769203186,0.4419005811214447,0.4824649321847844,3.466034475715182,29.69549560546875,61.155517578125
03173.png,7.3775,0.7261489629745483,0.38315150969710626,0.8571055935652334,6.83400297164917,108.5602035522461,0.8080410833128564,0.42489097759833055,7.340293884277344,2.7154588646616666,32.009986877441406,10.372110366821289,48.001590728759766,0.484668105840683,1.6382348537445068,0.6466023921966553,0.06655172258615494,11.768407821655273,0.43321400164997004,0.21800018798367693,0.3402145504951477,0.4503334164619446,0.478436495537576,3.406922055635355,26.40545654296875,62.63287353515625
03219.png,7.1986,0.759333610534668,0.31351399039117217,0.8635647613924627,7.140861511230469,93.98128509521484,0.8013726966514142,0.4187253662118243,7.550632953643799,2.3030001953051134,29.64499855041504,8.953628540039062,51.37395095825195,0.3955806791782379,1.6539324522018433,0.695652961730957,0.08269695192575455,10.825104713439941,0.4145015120120062,0.22562179976618185,0.30451351404190063,0.41326239705085754,0.4923632978867632,3.524613734985314,22.74530029296875,60.11479949951172
03260.png,7.2105,0.7329999208450317,0.3954816217608005,0.8598661821984575,6.798689842224121,103.42816162109375,0.7805297960250185,0.41231707572653975,7.403034687042236,2.8082678602441185,30.404159545898438,9.802726745605469,48.76111602783203,0.46187761425971985,1.690406084060669,0.5842639207839966,0.07003641873598099,11.546762466430664,0.393888840356055,0.21618739582103932,0.34760284423828125,0.44948241114616394,0.41397330292867307,3.3154677511575383,24.98114013671875,58.701141357421875
03281.png,6.9,0.7538857460021973,0.314059842490531,0.8601696282240981,7.049490451812744,139.86485290527344,0.7998895897712748,0.4494661573066963,7.575225830078125,2.296523724532996,39.45411682128906,13.203231811523438,54.5130729675293,0.45863911509513855,1.6254487037658691,0.5054147243499756,0.07058489322662354,11.512882232666016,0.45011576990285673,0.20043571554955877,0.3606041669845581,0.4400691092014313,0.374989336181543,3.6958696199263965,31.56756591796875,62.349666595458984
03289.png,7.4898,0.7073984146118164,0.39843916192161943,0.8672857878873719,6.839838981628418,132.01162719726562,0.8177628028908984,0.4661575474447944,7.597633361816406,2.876234323819343,35.13506317138672,12.398096084594727,60.55538558959961,0.6614861488342285,1.552652359008789,0.5223952531814575,0.05992467701435089,12.223941802978516,0.4819239858785027,0.14382230021481546,0.396937757730484,0.501528799533844,0.37668349909710647,3.6550717527945857,26.94207763671875,66.9905014038086
03354.png,7.4249,0.7134573459625244,0.3430719552137731,0.8667928819406968,7.068897247314453,146.00408935546875,0.8262339739719506,0.4905418363047921,7.662602424621582,2.526988479378163,36.54405212402344,13.851552963256836,61.050262451171875,0.6535283923149109,1.5429511070251465,0.5645782947540283,0.055397938936948776,12.565064430236816,0.4828911037123443,0.15678943896676684,0.4068726897239685,0.5086344480514526,0.42111512008932467,3.189752570524385,28.09930419921875,60.68887710571289
03375.png,6.999,0.7504374980926514,0.3109607664054031,0.8600619617930592,6.922115802764893,160.07041931152344,0.8126922141962369,0.4796501934469375,7.600889205932617,2.258048214377906,40.599525451660156,15.282012939453125,57.62411880493164,0.5737480521202087,1.5325874090194702,0.5431594252586365,0.06171291321516037,12.09623908996582,0.4840403383917787,0.18108708241959606,0.3769259750843048,0.46434223651885986,0.41309502016698924,3.4397293464906884,34.40545654296875,61.59703826904297
03381.png,7.1765,0.7474164962768555,0.43932030966881813,0.8600854481163396,6.655275344848633,125.5699462890625,0.8077304666933254,0.43117925568672116,7.610134601593018,3.1335502133238293,34.673397064208984,11.649035453796387,55.87665557861328,0.5517396926879883,1.533992052078247,0.5428216457366943,0.07091768831014633,11.492454528808594,0.4496468683841817,0.18495117837164995,0.3622431755065918,0.460471510887146,0.39500550343193386,3.179013601363596,34.46258544921875,62.864036560058594
03409.png,7.5121,0.7288191318511963,0.4196982967165332,0.8606080430860948,6.7831244468688965,102.18892669677734,0.8308271317094176,0.4193416951507888,7.455811977386475,2.9880363272368147,31.267717361450195,9.558353424072266,51.441123962402344,0.49061155319213867,1.6780388355255127,0.6040516495704651,0.07161666452884674,11.449859619140625,0.4557619265580469,0.15898207457756522,0.35703369975090027,0.49089527130126953,0.42155425064980784,3.349123712145968,26.52264404296875,60.47910690307617
03417.png,8.7116,0.7552000880241394,0.34504727975113936,0.856966008910987,7.125021934509277,155.25347900390625,0.7973508497916957,0.4756372178814106,7.62833309173584,2.5453086919650882,40.90835952758789,14.842504501342773,58.0862922668457,0.5277988910675049,1.6103532314300537,0.523536741733551,0.06593559682369232,11.808799743652344,0.4569811808095408,0.19143708687965288,0.3523167669773102,0.4518793821334839,0.38950817619180106,2.928772616692529,30.85174560546875,64.68338012695312
03433.png,8.1765,0.7241306304931641,0.3426385543115203,0.8609812697654672,6.95004940032959,93.84367370605469,0.8398051247625464,0.42549694706692,7.296781539916992,2.440763040508095,29.294540405273438,8.763083457946777,45.02103805541992,0.5054256916046143,1.6554476022720337,0.6520636081695557,0.05612257868051529,12.508623123168945,0.4907863613751271,0.15447318616944536,0.3442305326461792,0.4424818754196167,0.46148922573598317,3.312039907354579,26.25506591796875,62.009517669677734
03438.png,9.9923,0.7388834953308105,0.36045191688736106,0.8595609321451408,6.801535129547119,117.34654235839844,0.8234985100792095,0.4403942692352404,7.4878339767456055,2.5753219112092136,33.77920150756836,10.909465789794922,50.6393928527832,0.4924277663230896,1.6500530242919922,0.6258058547973633,0.06456422805786133,11.900080680847168,0.5006764264247751,0.1688622843994763,0.34170445799827576,0.44306397438049316,0.4511422303884934,3.2248037642706286,36.80633544921875,64.2452621459961
03462.png,7.2217,0.7501696348190308,0.34362807620898883,0.8616634330178279,6.820005893707275,138.0911407470703,0.8480223757317509,0.47439137726384645,7.580039024353027,2.474136347575282,38.834228515625,12.881786346435547,56.25541687011719,0.5458334684371948,1.5885121822357178,0.5840548872947693,0.06276880204677582,12.022561073303223,0.5684791263065614,0.12386364442975482,0.3623352646827698,0.4628946781158447,0.4608745229129318,3.3111507226393466,40.13348388671875,65.4624252319336
03473.png,7.3035,0.7412621378898621,0.19642867932734664,0.8618800876178682,6.840677738189697,148.28021240234375,0.8094841871059479,0.5304064750177694,7.574584007263184,1.4157890163865545,36.61610412597656,13.940507888793945,50.668643951416016,0.5997838973999023,1.3428046703338623,0.6122610569000244,0.034094277769327164,14.673186302185059,0.5049155751418475,0.16632280531247154,0.4115588665008545,0.44945067167282104,0.4710108182886679,3.6012674832435247,31.67889404296875,60.84069061279297
03575.png,7.4743,0.750896692276001,0.3470093256360885,0.8571975228513343,6.741305828094482,131.7683868408203,0.8210085606655231,0.421040318107403,7.388801097869873,2.4516458954420504,39.06135177612305,12.411924362182617,54.36186599731445,0.49649712443351746,1.6291406154632568,0.5072275400161743,0.07330299913883209,11.348782539367676,0.487621194573773,0.17037898813007324,0.31984078884124756,0.4412558674812317,0.37776803547836757,3.607463216899135,28.30926513671875,63.95045471191406
03589.png,7.3051,0.7266592979431152,0.35012901344088765,0.8614758343094646,6.749331474304199,93.1259994506836,0.8036301016664658,0.3971564417559259,7.509370803833008,2.496199022779985,28.75798797607422,8.645676612854004,51.91508483886719,0.43666642904281616,1.7087610960006714,0.6231014728546143,0.08227767795324326,10.847179412841797,0.41569439653862267,0.2032442168480124,0.3270081877708435,0.44995588064193726,0.44025799381857267,3.4729063817647274,25.28240966796875,55.91770935058594
03600.png,6.9192,0.7710523009300232,0.2777626573878943,0.8699742749621678,6.822357654571533,137.1256866455078,0.8039515163943414,0.4332988236956363,7.485321998596191,1.9870745777483858,36.57805633544922,12.686549186706543,49.21207046508789,0.34116142988204956,1.654592514038086,0.5070195198059082,0.08163101971149445,10.881447792053223,0.4608873125179456,0.21191247194386542,0.3393927216529846,0.4074676036834717,0.3690295326667497,3.766363317827902,47.65887451171875,59.301509857177734
03640.png,6.9988,0.7658635377883911,0.34598095785410715,0.8589761603677943,6.7923479080200195,151.9745330810547,0.8177746528610236,0.4752434287622949,7.658628463745117,2.4998875834590013,40.05411148071289,14.091822624206543,56.51811599731445,0.5299050807952881,1.4894214868545532,0.5682799816131592,0.06250987201929092,12.040514945983887,0.5223773095259971,0.1598547392494867,0.3656005859375,0.44563132524490356,0.43969039935296034,3.932453934506596,43.73846435546875,65.85204315185547
03708.png,7.6778,0.7840539813041687,0.2535295908070004,0.8609105306209435,7.1624040603637695,139.68325805664062,0.7824432990920195,0.430863461247192,7.497867584228516,1.858411126002805,36.880592346191406,13.175975799560547,52.8612174987793,0.4345984160900116,1.615411639213562,0.5315669178962708,0.07499457895755768,11.249702453613281,0.38861949128500806,0.27725709091749223,0.3430175483226776,0.4241150915622711,0.38904448305731115,3.560556968220559,36.78680419921875,64.7666015625
03719.png,7.0295,0.7662502527236938,0.24978649290981172,0.8620941134055223,7.1015801429748535,131.82327270507812,0.7920006529124428,0.42801075010513356,7.504853248596191,1.8242495354893293,35.65616226196289,12.457793235778809,50.9175910949707,0.405429482460022,1.6518179178237915,0.5325959324836731,0.07557637244462967,11.216139793395996,0.39739898777042254,0.26691167850301684,0.3342909812927246,0.4203816056251526,0.395604070590979,3.603081096010804,36.63153076171875,60.33538818359375
03769.png,7.0957,0.7761025428771973,0.2679051097170871,0.8606616708961515,6.761276721954346,140.5254669189453,0.8100428274769051,0.4822953497523319,7.628053665161133,1.9274924541308351,38.73833465576172,13.214296340942383,55.91317367553711,0.5733180046081543,1.4628115892410278,0.6172746419906616,0.04952326789498329,13.051908493041992,0.4843579763044121,0.19531258393463113,0.388062983751297,0.4513830244541168,0.4527783205657501,3.58069523480177,32.40740966796875,59.15479278564453
03813.png,7.5898,0.7342356443405151,0.24663876142293692,0.8687288240530054,6.375979423522949,128.42962646484375,0.8376239848051703,0.48106529387451724,7.648997783660889,1.7295559692598257,32.44020080566406,12.288106918334961,53.24555587768555,0.6584096550941467,1.4301040172576904,0.7496620416641235,0.04954088479280472,13.050363540649414,0.5752400632074571,0.13299368013860832,0.41846463084220886,0.4672468900680542,0.5979659276220778,4.705055031082113,24.50994873046875,69.80744171142578
03836.png,6.9988,0.7574335336685181,0.3155633260300342,0.860301559293298,6.592373371124268,105.8487777709961,0.8240681050661423,0.4252307369834734,7.373014450073242,2.2034878450624262,31.00824546813965,9.949827194213867,49.3939208984375,0.5049430131912231,1.6109353303909302,0.6959754228591919,0.05799180641770363,12.366333961486816,0.4465960127221867,0.2381543634712968,0.35714858770370483,0.4282093048095703,0.5061562101225887,3.361723501264604,29.79949951171875,63.05216979980469
03878.png,7.1126,0.5979983806610107,0.2501222234107818,0.8670968101750645,6.077480316162109,84.71589660644531,0.7755686336777138,0.46574101020005504,7.104518890380859,1.6485601160711223,25.517993927001953,7.955573558807373,45.57769775390625,0.6573014259338379,1.5087652206420898,0.7763133645057678,0.02773153968155384,15.570260047912598,0.3374846495774955,0.2785465728892274,0.33361321687698364,0.3909953236579895,0.4755343469870519,3.277643661455472,23.32928466796875,52.47106170654297
03989.png,7.4697,0.6179685592651367,0.28534527081547995,0.8651125857703275,5.726910591125488,83.58979797363281,0.785246562480318,0.4895557434059642,6.982959747314453,1.8133559362195566,22.43137550354004,7.770567893981934,39.95691680908203,0.5916695594787598,1.4726920127868652,0.8156110048294067,0.026966720819473267,15.691718101501465,0.3625492381927435,0.21776522093352013,0.3719150722026825,0.4421534836292267,0.4844879332764339,3.33640814040306,27.11492919921875,36.89692306518555
04006.png,7.3971,0.6611453890800476,0.21019735431344727,0.8643589809326107,6.5547871589660645,90.13790130615234,0.7587500337094758,0.4856049209410571,6.926870346069336,1.416908143046042,25.941280364990234,8.5008544921875,43.67570114135742,0.5872275233268738,1.5445936918258667,0.7229559421539307,0.027033988386392593,15.680898666381836,0.3030299150656824,0.3571608906460247,0.35340720415115356,0.386514812707901,0.45367836138698553,3.6017844273735555,25.74774169921875,55.26544189453125
04018.png,7.8018,0.6327690482139587,0.18746861048393415,0.8642710757005727,6.149548053741455,68.03966522216797,0.6674349763469439,0.4380773154478666,6.8985915184021,1.223061712569221,18.183582305908203,6.540021896362305,31.704322814941406,0.4161418080329895,1.7092334032058716,0.9008656740188599,0.03557354956865311,14.488729476928711,0.2535275631276379,0.33500303368644474,0.29024797677993774,0.3545970916748047,0.44831005678915353,3.2869408652758256,11.62811279296875,43.936187744140625
04026.png,6.8045,0.6342514753341675,0.14645269932458352,0.85943282160929,6.047692775726318,84.03071594238281,0.6021419625394494,0.4188290509146407,6.962843894958496,0.9527168100529426,21.393451690673828,8.150744438171387,33.92588806152344,0.4238532781600952,1.6016693115234375,0.9165000319480896,0.035833392292261124,14.457120895385742,0.21088029830422003,0.4079785377553004,0.26065152883529663,0.32523900270462036,0.48325727629767307,3.4641995299749766,10.89569091796875,45.958824157714844
04053.png,6.8955,0.6563117504119873,0.2715707478813361,0.8641005915610044,6.471241474151611,68.40020751953125,0.840087006445641,0.47117604554287623,7.075421333312988,1.8394437900363432,20.355764389038086,6.3633527755737305,40.9265251159668,0.5705664157867432,1.6226110458374023,0.8272533416748047,0.02182750590145588,16.60995864868164,0.40424057080562403,0.23807299617295327,0.3823070526123047,0.4228403866291046,0.49831773255861805,3.3753390367365106,19.94989013671875,54.739044189453125
04092.png,6.9093,0.6609302759170532,0.25780136382140934,0.8648767933764192,6.4469475746154785,75.53450775146484,0.8268524317188459,0.4831756625473931,7.123809814453125,1.7492848112979242,22.37128257751465,7.010112762451172,43.25395202636719,0.5853922963142395,1.5725722312927246,0.7748204469680786,0.024139199405908585,16.172771453857422,0.3856338081602255,0.2582098677781717,0.3797653913497925,0.435388445854187,0.4659009762158033,3.581018492379098,24.68621826171875,56.563865661621094
04160.png,7.3059,0.7486705780029297,0.28134577781449593,0.8582997300244813,6.599519729614258,105.4991683959961,0.8519820324974923,0.45259610833161024,7.174160957336426,1.9375885364397405,30.39751625061035,9.99973201751709,42.836830139160156,0.4877482056617737,1.5758041143417358,0.6812158823013306,0.04994727671146393,13.014883041381836,0.4970632087593813,0.20229438319806337,0.37632426619529724,0.4150565266609192,0.5409512299008375,3.8123370942856427,31.70672607421875,64.48338317871094
