image_name,time_s,CE,NMI,QNCIE,TE,EI,Qy,Qcb,EN,MI,SF,AG,SD,CC,SCD,VIF,MSE,PSNR,Qabf,Nabf,SSIM,MS_SSIM,VIFF,NIQE,BRISQUE,MUSIQ
00004N.png,2.5675,0.30995607376098633,0.2725460218954209,0.8727855341194395,5.333582878112793,31.101062774658203,0.8260144927146249,0.47203632370120346,5.650508880615234,1.496840311926018,9.096053123474121,2.9132702350616455,28.042903900146484,0.6738231182098389,1.4798504114151,0.683688759803772,0.007916276343166828,21.014789581298828,0.3882529972091035,0.08346195544870608,0.38759076595306396,0.43358707427978516,0.4239775257140868,4.014065242382648,33.07049560546875,25.849876403808594
00008N.png,1.6816,0.35172590613365173,0.33893662452104784,0.8840720419272476,5.480754852294922,36.36510467529297,0.8087970134924201,0.4707528042628544,6.025671482086182,1.9499807670199871,10.88137149810791,3.3689420223236084,43.81755828857422,0.7121340036392212,1.3836209774017334,0.7441797256469727,0.01786835491657257,17.479154586791992,0.43220254671778224,0.07423529790771304,0.3869183361530304,0.4857969582080841,0.4763946857359957,3.7632708930867906,32.30584716796875,27.116647720336914
00012N.png,1.738,0.32815343141555786,0.2795590227251261,0.8723606132329143,5.298670768737793,32.898677825927734,0.8510217326967396,0.4792210354195672,5.894257545471191,1.5645472579674742,8.645454406738281,3.057446002960205,31.44773292541504,0.6131049990653992,1.6621053218841553,0.8114488124847412,0.011081783100962639,19.553905487060547,0.4241634226391121,0.06528605329918384,0.4022553563117981,0.44418036937713623,0.5197066001703944,4.014723039797231,32.88104248046875,29.09687042236328
00016N.png,1.6689,0.33402374386787415,0.2679310199301931,0.8649619666188433,5.2475433349609375,41.934654235839844,0.8454338505670155,0.49117320419985167,5.981442928314209,1.5043018248599154,10.893917083740234,3.8767359256744385,30.596115112304688,0.6081163883209229,1.598681926727295,0.7421368956565857,0.010578677989542484,19.755685806274414,0.43230404015195073,0.0870287936572449,0.417879581451416,0.4547441005706787,0.48502972894121116,3.8095315347045378,34.50213623046875,25.18618392944336
00020N.png,1.6581,0.20513780415058136,0.29380942404411836,0.8897486276524044,4.732246398925781,19.507776260375977,0.9129448347420306,0.5561961076600844,4.470613956451416,1.351948940493937,7.643896579742432,1.8485394716262817,20.653608322143555,0.7273579835891724,1.2235418558120728,0.8210937976837158,0.0028339370619505644,25.476097106933594,0.45551737724051156,0.050658082679931875,0.48466652631759644,0.5473886132240295,0.4620503567873251,4.215937194559876,27.56317138671875,28.192359924316406
00024N.png,1.6739,0.2652896046638489,0.2236766575269387,0.8723964712187036,5.214389801025391,27.602519989013672,0.8734172253067355,0.5024899952230285,5.151219844818115,1.1592765068346065,8.663533210754395,2.580230474472046,25.162128448486328,0.6498554348945618,1.5436744689941406,0.7828719019889832,0.005802225321531296,22.36405372619629,0.43752684777154505,0.06337534998157376,0.44130727648735046,0.5061175227165222,0.46523034849951944,3.9131549343974608,31.49725341796875,24.727218627929688
00028N.png,1.6742,0.2633306682109833,0.3692389912494194,0.8671909237076811,4.822598457336426,23.781719207763672,0.8614134549387272,0.5100597956243781,5.31608772277832,1.8718059346907001,8.139117240905762,2.213320732116699,23.43438720703125,0.6359289884567261,1.6867252588272095,0.8436896800994873,0.006093920674175024,22.151033401489258,0.451764475453685,0.05307390468319221,0.42130959033966064,0.48499414324760437,0.4945079757076282,4.255942170170577,28.39959716796875,22.775672912597656
00032N.png,1.6795,0.25056788325309753,0.2946256740537013,0.8780174314424427,5.219661235809326,28.145483016967773,0.889263810121483,0.5299712832464256,5.070716857910156,1.5159102108171822,9.45712661743164,2.6066431999206543,32.697872161865234,0.6410737037658691,1.601346731185913,0.7965570092201233,0.00884948018938303,20.53082275390625,0.5063597639800459,0.04181032629336708,0.4440287947654724,0.4855761229991913,0.47464082810983704,4.236022926524301,30.66180419921875,20.74877166748047
00036N.png,1.6816,0.20480017364025116,0.33896977839404646,0.8776026509521606,4.694713115692139,23.77309226989746,0.9009821083746511,0.5405243780553076,4.5466508865356445,1.5662777193287702,8.962384223937988,2.221139669418335,26.340322494506836,0.6858441829681396,1.5649617910385132,0.7578007578849792,0.005644396413117647,22.48382568359375,0.4994904775609702,0.048895212433926014,0.4617321193218231,0.5047749280929565,0.44120423169829504,4.399499152872212,29.37127685546875,22.776838302612305
00040N.png,1.6558,0.21565969288349152,0.3142240909879949,0.8730426671512297,4.845184803009033,18.689186096191406,0.90215385042706,0.5351006091335104,4.5831780433654785,1.4813153046062144,6.768125534057617,1.7618376016616821,19.964887619018555,0.6588708758354187,1.5878849029541016,0.7713526487350464,0.003508463501930237,24.548831939697266,0.45931484881637613,0.0507918299030435,0.4649088382720947,0.512257993221283,0.4397703417166801,4.737494071792011,28.81805419921875,19.534439086914062
00047N.png,1.6739,0.3165319859981537,0.21883663000500364,0.8766376284135685,5.488681316375732,32.85674285888672,0.8565576893271227,0.490299242390297,5.529461860656738,1.2055906521017477,10.033308982849121,3.025254011154175,35.538169860839844,0.6101853847503662,1.4680378437042236,0.7483837604522705,0.011663626879453659,19.331663131713867,0.4797470178574748,0.03846288762257217,0.4152764081954956,0.45399171113967896,0.47973246283821336,4.077078313021138,31.78045654296875,26.01685905456543
00051N.png,1.6873,0.3536594808101654,0.24858720335121004,0.8778475328509487,5.577129364013672,40.80479431152344,0.8441167712634445,0.5248015233684101,5.746936798095703,1.407513629157572,12.35280704498291,3.7444889545440674,41.839351654052734,0.6225225925445557,1.4610061645507812,0.7867317199707031,0.014028115198016167,18.530006408691406,0.4819474298264064,0.05731420802965506,0.4261387586593628,0.47815027832984924,0.448161475096759,3.747875402502584,34.05731201171875,27.043479919433594
00055D.png,1.6907,0.5215688943862915,0.35508171876270506,0.8756668419438263,5.3952507972717285,107.26634979248047,0.7741083126968905,0.4407119319066354,7.07816743850708,2.2145479451311143,30.746971130371094,10.121920585632324,65.66059875488281,0.6103187799453735,1.4781215190887451,0.6197311878204346,0.05347633361816406,12.7183837890625,0.5905702427834593,0.08119541104960679,0.3459440767765045,0.431424081325531,0.493723434689147,3.147724018244129,33.99822998046875,43.524253845214844
00081D.png,1.6958,0.5778511762619019,0.31781005387349354,0.8726033669922022,5.558233261108398,80.55467224121094,0.7651792381217319,0.43153202465444646,7.4101481437683105,2.0607469400070624,22.148406982421875,7.345483779907227,59.377017974853516,0.579666256904602,1.5872249603271484,0.6386105418205261,0.06428618729114532,11.918822288513184,0.5182398508870851,0.08114955600652521,0.3227899968624115,0.4343058466911316,0.4629053474573276,3.563318469845969,37.71795654296875,44.45222473144531
00085D.png,1.6826,0.5649620890617371,0.29558155426917015,0.8785646654409094,5.328596591949463,79.81803894042969,0.7351325536408068,0.45031600635519853,7.259604454040527,1.8604254695225855,19.032840728759766,7.260221481323242,46.937110900878906,0.7003790736198425,1.275087833404541,0.6961715817451477,0.046059831976890564,13.366776466369629,0.5006799718069488,0.1040609823643829,0.3355865776538849,0.466677188873291,0.50262151393253,3.921840558163364,40.40740966796875,43.06138610839844
00091D.png,1.7047,0.5264554023742676,0.33140101836071134,0.8577066366616013,5.050868988037109,72.26142120361328,0.6902283632244219,0.37317839940107095,6.975273132324219,1.9927439495219978,19.87479591369629,6.707967758178711,49.5315055847168,0.5156906843185425,1.5611467361450195,0.7007272839546204,0.059244394302368164,12.273526191711426,0.4339784262141117,0.15623153987705518,0.3051684498786926,0.4037744104862213,0.5210882350255606,3.662812761779154,40.53436279296875,36.033538818359375
00095D.png,1.7137,0.6398475170135498,0.31150044926838244,0.8693478508737533,5.681551933288574,113.79692840576172,0.757899011863354,0.42528695253897997,7.592259407043457,2.067404935800642,28.127246856689453,10.509871482849121,65.4007568359375,0.5070332884788513,1.470022201538086,0.6364023685455322,0.08474832773208618,10.71868896484375,0.5186400376331248,0.12847904900168378,0.3425231873989105,0.46067771315574646,0.47722493839562197,3.242972669358618,38.25994873046875,41.60433578491211
00099D.png,1.6941,0.6676791310310364,0.2729638688918818,0.871896831150158,6.157942771911621,169.97853088378906,0.805652808531147,0.4941057566506062,7.781853675842285,1.9025353835428387,39.76511001586914,15.987149238586426,66.43160247802734,0.629772961139679,1.1938011646270752,0.5864869952201843,0.06473808735609055,11.888402938842773,0.5601530561547279,0.11244684397184569,0.41849485039711,0.5322303771972656,0.45776677224349066,3.177515259428495,30.72821044921875,50.14628982543945
00103D.png,1.6965,0.6097311973571777,0.3487027786646414,0.868529378969287,6.3408050537109375,117.78363800048828,0.8064422105030248,0.4771813505199971,7.587774276733398,2.428473520055947,29.782705307006836,10.958510398864746,58.88954544067383,0.5862953662872314,1.5268532037734985,0.5715962052345276,0.05143747851252556,12.887203216552734,0.4826885861846028,0.14618924071785397,0.39856210350990295,0.5162504315376282,0.4269015255869085,3.2617272493713987,35.88787841796875,43.147422790527344
00107D.png,1.7048,0.5136873126029968,0.2752394363331338,0.8698392906279224,6.030563831329346,86.50804901123047,0.8107314358734579,0.47990079791019413,7.075908660888672,1.8037141467491686,23.26763916015625,8.052581787109375,48.23128128051758,0.6188580393791199,1.4614992141723633,0.6388834714889526,0.027351077646017075,15.630255699157715,0.46870146412651914,0.12691592166480364,0.41357558965682983,0.5109763741493225,0.4366510462110001,2.975613701415957,31.61102294921875,43.78791046142578
00111D.png,1.7285,0.568549633026123,0.397728776594953,0.8973097957586799,6.278704643249512,91.62667846679688,0.8096253117058555,0.4683051395196812,7.353335857391357,2.71093485164087,26.482769012451172,8.502195358276367,75.80583953857422,0.8053690791130066,1.5953980684280396,0.5974750518798828,0.03611965849995613,14.422564506530762,0.43543494831946633,0.1292719835567296,0.4201177954673767,0.5407997369766235,0.3764772189336415,3.0838473225143703,33.16278076171875,46.92207717895508
00115D.png,1.7077,0.5316060781478882,0.3593745808767011,0.8698215997884269,5.995098114013672,80.60885620117188,0.8099268025901685,0.4649254625555788,7.134384632110596,2.3592077154311166,22.775053024291992,7.451699256896973,53.51008224487305,0.5897992849349976,1.6630221605300903,0.6284321546554565,0.03673277795314789,14.349461555480957,0.41906713822971864,0.1444062559608287,0.4045931398868561,0.5019436478614807,0.4064139673703646,3.242276313680204,35.68719482421875,49.76277160644531
00119D.png,1.709,0.46606841683387756,0.3532835677303516,0.8682974963916363,5.874571323394775,64.75582122802734,0.8381141634807605,0.48899279113471367,6.867381572723389,2.250767858540856,18.892375946044922,5.919195175170898,45.114501953125,0.5925543904304504,1.6910004615783691,0.7149679660797119,0.024510925635695457,16.106403350830078,0.45743203576149705,0.12326081751333562,0.43659037351608276,0.5296427011489868,0.4383498687710178,3.1058881295557574,33.59686279296875,41.70016860961914
00123D.png,1.71,0.528732180595398,0.29973601517749876,0.8718749351317743,5.578929901123047,97.1059341430664,0.7783723904161558,0.4781041424355677,7.357390403747559,1.9387460381789179,24.30533218383789,8.940234184265137,55.70823669433594,0.6282902956008911,1.5425249338150024,0.668243408203125,0.04888775572180748,13.107999801635742,0.49887579313501873,0.09990879311128492,0.3936273157596588,0.4960528612136841,0.48194777563116314,2.992963911111474,34.30682373046875,54.40760803222656
00127D.png,1.7034,0.4553075134754181,0.2701950182001012,0.8635300888549164,5.490276336669922,63.52269744873047,0.7768069171862235,0.4380369531213995,6.510979175567627,1.621344695735722,18.89411735534668,5.8987507820129395,32.32333755493164,0.4524141550064087,1.585902214050293,0.6621837615966797,0.02312490902841091,16.35919952392578,0.4961748622971696,0.09019571340279271,0.3590461313724518,0.42959898710250854,0.5010342679835117,3.3222696616819647,34.82733154296875,43.999061584472656
00131D.png,1.7105,0.47925516963005066,0.2521444814057595,0.8631366924857986,6.069308757781982,71.4945068359375,0.7780973909417047,0.4552263708521357,6.7360076904296875,1.6143995175051113,20.77162742614746,6.606356143951416,39.29914093017578,0.5645752549171448,1.6170521974563599,0.6435326933860779,0.025777548551559448,15.88758373260498,0.48448278886683194,0.09382277736899182,0.36520305275917053,0.4521152079105377,0.45507862461739784,3.1580659615733624,34.40057373046875,45.76004409790039
00135D.png,1.6954,0.4939592480659485,0.28346029417976615,0.8626532398301874,5.135132312774658,64.0649185180664,0.7329540529438885,0.44507499425351477,6.840716361999512,1.6973439827746475,16.826587677001953,5.993653774261475,36.50246810913086,0.4559062123298645,1.7134592533111572,0.706540048122406,0.036728229373693466,14.350000381469727,0.42381948305263306,0.1391402173157004,0.3526546359062195,0.44448122382164,0.49537632064078957,3.3794612038940524,34.26531982421875,46.89604949951172
00139D.png,1.6838,0.562229335308075,0.24707771142223534,0.8591158177640056,5.654900074005127,85.6511001586914,0.7383822551426729,0.46151763307336036,7.190749168395996,1.5869413895754416,21.768217086791992,7.8637471199035645,44.13231658935547,0.5253974199295044,1.5339219570159912,0.5836490392684937,0.04702015221118927,13.277159690856934,0.49642647930349953,0.10104634431042063,0.3434252142906189,0.4110870659351349,0.44964278512684625,3.3708854253566365,37.35565185546875,55.48082733154297
00143D.png,1.6932,0.5970718264579773,0.19673972004756476,0.8585266127920586,6.074776649475098,89.44834899902344,0.7252144706701351,0.4538954449055738,7.115240097045898,1.2975037770580649,22.940731048583984,8.182548522949219,39.31460189819336,0.4261517822742462,1.650254487991333,0.5558368563652039,0.0483880341053009,13.152620315551758,0.47686108864311677,0.11429431440461925,0.32862672209739685,0.3993602395057678,0.4128841785744417,3.517624748095022,36.52606201171875,55.96192932128906
00147D.png,1.6859,0.447372704744339,0.19730067822670946,0.8601683132676982,5.569087982177734,70.35548400878906,0.7444409678316841,0.44634553985711006,6.504385471343994,1.1910557760872376,19.379474639892578,6.584647178649902,33.98295974731445,0.4824276566505432,1.5456215143203735,0.6389749646186829,0.023507757112383842,16.287887573242188,0.49879404188157517,0.09717973046838012,0.3574811816215515,0.42074573040008545,0.491117294405948,3.6008830416405155,41.31170654296875,53.794334411621094
00151D.png,1.6964,0.5074559450149536,0.219521945669374,0.8579037900687198,5.376836776733398,78.08699798583984,0.7284005526981422,0.43584069423989646,6.896317481994629,1.347117486443711,19.800491333007812,7.304445266723633,35.250732421875,0.44557785987854004,1.6105527877807617,0.6543354988098145,0.03679756820201874,14.34181022644043,0.48242571195032485,0.11999887238851166,0.34039735794067383,0.4070984721183777,0.5208101192656285,3.7990628673530478,40.18231201171875,52.67666244506836
00158D.png,1.6873,0.6318367719650269,0.20279198059139417,0.8541378727532065,5.553630352020264,59.308685302734375,0.7126097889998537,0.4585428915038563,6.963068008422852,1.2691468497084166,14.256492614746094,5.4055585861206055,35.52091598510742,0.473555326461792,1.549127459526062,0.6101514101028442,0.039356477558612823,14.049837112426758,0.4057967546397584,0.1182167172356162,0.3257961869239807,0.35886937379837036,0.4580970154735854,3.551719947281408,43.81072998046875,30.73351287841797
00162D.png,1.7006,0.6573479175567627,0.3782473103373681,0.8830013437827453,4.737606048583984,102.6491928100586,0.7353979087062754,0.3932216217094172,7.581822395324707,2.3299020959348713,24.729663848876953,9.555668830871582,63.9881591796875,0.7116554975509644,1.1820614337921143,0.8381461501121521,0.07583893835544586,11.201077461242676,0.5525444708742027,0.149138070401992,0.3276037275791168,0.4350760877132416,0.6171783147250168,3.6780604642170838,40.64471435546875,40.155189514160156
00169D.png,1.7144,0.5682756304740906,0.3214408481370719,0.8866750368615307,5.8022894859313965,68.68229675292969,0.8190786035782227,0.45728798859794695,7.131495952606201,2.07872934424727,17.998641967773438,6.282435417175293,56.249916076660156,0.7209137082099915,1.3664954900741577,0.7401344776153564,0.030228672549128532,15.195809364318848,0.473518695873442,0.14109074268188235,0.3658517599105835,0.4624198079109192,0.5291329111396965,3.6858749270559223,34.31121826171875,40.96403503417969
00174D.png,1.7467,0.5840027928352356,0.259429386478696,0.8771141257964961,5.818197727203369,71.02205657958984,0.79747511462094,0.4577916713975208,7.117837429046631,1.6779985353281237,19.043306350708008,6.524566650390625,51.4259147644043,0.682709813117981,1.3301160335540771,0.7218034863471985,0.03263026475906372,14.863795280456543,0.4788180306752249,0.13504559368045566,0.3598828911781311,0.450884073972702,0.5353491917318485,3.43550630009421,33.18328857421875,35.992591857910156
00178D.png,1.7127,0.5684370398521423,0.2871950281700446,0.8843245315541255,5.942460060119629,73.30282592773438,0.8052586952557951,0.47620058516504804,7.066267013549805,1.868026006572146,21.672561645507812,6.793562412261963,54.09016036987305,0.7220537662506104,1.2686083316802979,0.7050434350967407,0.030497387051582336,15.157374382019043,0.4880505592240271,0.12913407234595878,0.37708935141563416,0.46166089177131653,0.5174300686682515,3.398424951910348,31.28094482421875,36.998374938964844
00182D.png,1.7134,0.6264212131500244,0.31898487071073933,0.8814125678885832,5.853024005889893,77.5595703125,0.8021919089013464,0.46222436694848157,7.289252281188965,2.096099644774874,23.091629028320312,7.148371696472168,57.8820915222168,0.7107133865356445,1.2627220153808594,0.7126832008361816,0.042203448712825775,13.74652099609375,0.5019262210077285,0.11899764486762947,0.3585999608039856,0.4516013562679291,0.5318288486961618,3.5580771311676793,31.53240966796875,39.174522399902344
00186D.png,1.7324,0.6979379057884216,0.29303160038727155,0.8704222187394062,6.047885894775391,87.60968017578125,0.7862562239826132,0.4718419941094077,7.512340545654297,1.9867926812237897,24.41742515563965,8.079227447509766,58.46622848510742,0.6075498461723328,1.3656628131866455,0.6476861238479614,0.05516894906759262,12.583051681518555,0.5087908415709255,0.12679616081366282,0.3528905212879181,0.4371046721935272,0.4537557317800007,3.3735025474898537,30.65252685546875,49.896759033203125
00191D.png,1.7272,0.6922215223312378,0.2851186311348757,0.8769219865845688,6.278684139251709,93.693115234375,0.7884637604826942,0.4690889693608857,7.438287734985352,1.9554874348979183,24.104724884033203,8.583817481994629,62.3456916809082,0.6642301678657532,1.3138283491134644,0.6466431021690369,0.04558798298239708,13.411498069763184,0.47333950089320687,0.1447024777842556,0.3720168173313141,0.4715675413608551,0.47004866192020944,3.8760106746589806,37.67987060546875,42.900489807128906
00196D.png,1.7234,0.6228914260864258,0.24174059505802922,0.8648883633260648,6.484295845031738,92.94020080566406,0.7718363471767777,0.514130354435279,7.366836071014404,1.6741949225899528,24.27845573425293,8.682905197143555,47.02748489379883,0.528913140296936,1.4712233543395996,0.5708765387535095,0.026553459465503693,15.758790016174316,0.3811028254942609,0.19655931466672277,0.4096693992614746,0.4677753448486328,0.3678211005635043,3.200504132732483,30.83319091796875,46.26356506347656
00200D.png,1.694,0.4264621436595917,0.33260689837847807,0.8795133036752374,5.578958511352539,42.87922668457031,0.8489780759476121,0.49273039527615237,6.204252243041992,1.959594540318415,13.60123062133789,3.95892596244812,40.199100494384766,0.6347739100456238,1.6241657733917236,0.8340506553649902,0.013357629999518394,18.742706298828125,0.40934838854200556,0.11687111727612631,0.3887403607368469,0.4481295347213745,0.4342241577516371,3.666008396209886,38.28094482421875,31.986745834350586
00204D.png,1.7005,0.46070876717567444,0.3303590305795789,0.8721349311978903,5.696758270263672,54.11088943481445,0.8428991771767543,0.48446799697664095,6.592928886413574,2.0300106519795964,15.9219331741333,5.015445232391357,37.593013763427734,0.578904390335083,1.5598647594451904,0.7482153177261353,0.016235660761594772,17.895301818847656,0.45999476555099944,0.10902701572915495,0.38583892583847046,0.4481775760650635,0.5250951084434126,3.6901219057102015,38.85760498046875,43.186668395996094
00209D.png,1.6917,0.492618203163147,0.3331851461285598,0.8723238126302635,5.923721790313721,57.31117248535156,0.8439471266700691,0.4735143346119515,6.755417823791504,2.1122566741886395,16.372011184692383,5.2757110595703125,40.04816818237305,0.599960207939148,1.5703699588775635,0.7053520679473877,0.018647629767656326,17.293764114379883,0.47459502287861355,0.09563259880207947,0.39223140478134155,0.45778802037239075,0.4926070735589777,3.7467038205040435,36.90643310546875,37.79376220703125
00213D.png,1.7051,0.4492216110229492,0.29333127721702695,0.8662388599596809,5.491711139678955,54.64262390136719,0.8386559972572246,0.48304651379228025,6.500456809997559,1.7588443277305004,15.522168159484863,5.08013916015625,30.66800880432129,0.539884626865387,1.4424374103546143,0.752354085445404,0.0118342824280262,19.26858139038086,0.4619147521259044,0.11029223062974391,0.3843769431114197,0.4250475764274597,0.5483144074808965,3.802666716089046,39.85125732421875,44.587806701660156
00218D.png,1.6998,0.4565167725086212,0.30254751910009675,0.8681745946472679,5.582990646362305,53.27503204345703,0.8397786282461467,0.4917556308948486,6.5853424072265625,1.8407550795741514,14.289077758789062,4.933765888214111,32.35163879394531,0.5680209398269653,1.5599775314331055,0.7142015099525452,0.014437099918723106,18.405200958251953,0.44943148354965484,0.11318996594616344,0.3908945322036743,0.4592645466327667,0.508417013754578,3.844159830784796,37.76190185546875,45.55572509765625
00225D.png,1.7071,0.4905298948287964,0.2854992982210837,0.8643848337446963,5.55595588684082,60.47206497192383,0.8317770253369107,0.47936943873841287,6.626903057098389,1.739104119094229,15.957598686218262,5.6343231201171875,30.064687728881836,0.5385884642601013,1.4631716012954712,0.6891618967056274,0.014586734585464,18.36042022705078,0.4459880269924908,0.12484788236559113,0.40132176876068115,0.45465943217277527,0.4995661547071662,3.65412658122769,37.13153076171875,42.88800811767578
00229D.png,1.7026,0.46513450145721436,0.2711644787112432,0.8634157436689649,5.267428398132324,52.33405685424805,0.8135873245818696,0.46921257944814626,6.55433464050293,1.6028260420696512,13.327898979187012,4.8417534828186035,27.923370361328125,0.48184236884117126,1.4610693454742432,0.75310218334198,0.013153422623872757,18.809612274169922,0.39899441452892603,0.16168345757056118,0.37512192130088806,0.43100258708000183,0.5310629781250604,4.1660140969925274,37.25799560546875,36.40923309326172
00233D.png,1.6937,0.4891248643398285,0.2684961775714479,0.8641442962741779,5.500125408172607,62.11213684082031,0.8162023438811782,0.47768667301506973,6.738847255706787,1.6430636101541687,15.819770812988281,5.768527984619141,32.1566162109375,0.5577813982963562,1.414655327796936,0.7121751308441162,0.015009541064500809,18.236326217651367,0.4202067313941508,0.15134946053225054,0.3937417268753052,0.47640126943588257,0.49201574423898037,3.9383936304133558,34.41278076171875,31.43647003173828
00237D.png,1.7106,0.630848228931427,0.31310153972365856,0.8671337363634933,5.3441853523254395,85.67613983154297,0.8176089256503086,0.4636584479015549,7.316443920135498,1.9820369329878211,21.817304611206055,7.807095527648926,50.5156364440918,0.5501652359962463,1.4533809423446655,0.6834313273429871,0.047625020146369934,13.221647262573242,0.5568656012756091,0.09063793763409525,0.3709224760532379,0.4583286941051483,0.5228134325433543,3.86881908649266,40.79510498046875,32.84187316894531
00241D.png,1.6896,0.6450945138931274,0.2656685706294758,0.8656406506712938,4.959193706512451,104.15504455566406,0.8076464897308031,0.47728779361440504,7.428418159484863,1.64550446351093,24.125097274780273,9.592856407165527,48.963253021240234,0.5509147644042969,1.1932916641235352,0.6681615114212036,0.049825649708509445,13.025470733642578,0.5647425298388841,0.1070927742348704,0.38811954855918884,0.4485296905040741,0.5435464597270202,3.690017352652004,34.07733154296875,42.35340118408203
00245D.png,1.689,0.6194135546684265,0.28804897718248634,0.8618112210066169,5.05742073059082,109.060791015625,0.8025299463803202,0.455153221866244,7.397283554077148,1.7937877649076537,28.863813400268555,10.19384479522705,51.0366096496582,0.5206286907196045,1.292670488357544,0.6912932395935059,0.04992514103651047,13.016806602478027,0.5825023708095521,0.09529743212552114,0.375632643699646,0.4453720450401306,0.5444766618828573,3.5137556647162973,33.87664794921875,48.599525451660156
00258D.png,1.6827,0.5944340229034424,0.33316193086567936,0.8771886759620358,5.534041881561279,88.70951080322266,0.8172269480566886,0.4579187658581314,7.51793098449707,2.174216389227322,22.511756896972656,8.222294807434082,61.00700759887695,0.648804247379303,1.489508867263794,0.75750732421875,0.05384226515889168,12.68876838684082,0.55771034008492,0.10443128677779606,0.38041049242019653,0.44799619913101196,0.5886032176766133,3.2348604712358475,31.54656982421875,43.917999267578125
00262D.png,1.6774,0.5690795183181763,0.3203946985925312,0.8704165070175571,5.3950347900390625,90.69841003417969,0.821289158718912,0.4624980302497538,7.457427501678467,2.058936374654534,23.260297775268555,8.44559383392334,57.360618591308594,0.5608574151992798,1.581703543663025,0.7633172273635864,0.0503489151597023,12.980098724365234,0.5570602179073855,0.11503553969917765,0.3834531903266907,0.44686195254325867,0.5912141551041262,3.160737413279074,31.31121826171875,46.775508880615234
00266D.png,1.6732,0.5171775817871094,0.2909189164416599,0.8604124687207626,5.413337707519531,66.9728775024414,0.8265444629528499,0.48471069623586927,6.815300464630127,1.7787765099545805,18.740930557250977,6.240589141845703,34.356361389160156,0.461607962846756,1.5958456993103027,0.7168775796890259,0.02159750461578369,16.655963897705078,0.4507524192811789,0.15618013910365244,0.3799232244491577,0.42459189891815186,0.5302008428449869,3.3327182805330593,23.21990966796875,42.23143768310547
00270D.png,1.7022,0.6248773336410522,0.2779692739591074,0.8605540362353422,5.4888529777526855,91.54866790771484,0.7931986505850609,0.44369980223967675,7.302989482879639,1.7778745676478458,25.085506439208984,8.443015098571777,48.2737922668457,0.48573964834213257,1.522698998451233,0.68603515625,0.05154655501246452,12.87800407409668,0.4700013293258145,0.16239606052647645,0.34903985261917114,0.3895960748195648,0.5350664355768665,3.448658735770273,35.83612060546875,46.926971435546875
00275D.png,1.687,0.6968529224395752,0.320702949842014,0.8794239666947364,5.5020856857299805,99.31564331054688,0.7872177671920645,0.46091027673607654,7.380018711090088,2.065670392101449,25.089277267456055,9.193278312683105,58.0810432434082,0.6813433170318604,1.2077293395996094,0.6692273616790771,0.058299385011196136,12.343360900878906,0.5075144383736406,0.1373263143354886,0.35578206181526184,0.4395623505115509,0.5197392258871372,3.427981448478926,38.25799560546875,48.98522186279297
00279D.png,1.6931,0.5949255228042603,0.35930012035517245,0.8715587438997392,5.57532262802124,81.46408081054688,0.806962723884843,0.44639629505755923,7.2752251625061035,2.3086084000861735,21.420495986938477,7.481202125549316,55.20646667480469,0.5477911233901978,1.4921951293945312,0.6892589330673218,0.04605142027139664,13.367570877075195,0.5089513855146974,0.12250199510477408,0.3389330208301544,0.4095870852470398,0.5440768794289079,3.7863051650905084,39.78192138671875,43.48657989501953
00283D.png,1.6766,0.57746821641922,0.36979036901492673,0.8723529108766437,5.481716156005859,84.26663970947266,0.8041147066250326,0.44705753281506194,7.306387901306152,2.364465674393921,22.261953353881836,7.755389213562012,56.81440734863281,0.5764949917793274,1.5273172855377197,0.6920186877250671,0.04583315551280975,13.388202667236328,0.5045956860750107,0.12042589822190629,0.3423982560634613,0.43607965111732483,0.5282670479411187,3.555388343025291,43.07928466796875,39.92405700683594
00287D.png,1.6941,0.5704496502876282,0.3643565291919336,0.8732170795871388,5.647827625274658,87.18834686279297,0.8127747632568094,0.4618151681455923,7.250118255615234,2.3497320605561107,23.640003204345703,8.041613578796387,56.80927658081055,0.603389322757721,1.4827793836593628,0.6621512770652771,0.038835182785987854,14.107747077941895,0.5060456813305573,0.12181424905911066,0.3471400737762451,0.44345301389694214,0.4992293061486835,3.469335031432595,37.45428466796875,44.68546676635742
00291D.png,1.693,0.5518075823783875,0.3663000307630657,0.8726203551977738,5.553941249847412,70.66332244873047,0.8117910033652711,0.46272930606956286,7.160508155822754,2.3286584957143344,19.113677978515625,6.481984615325928,51.635353088378906,0.5396091938018799,1.6107792854309082,0.6777927279472351,0.03613558039069176,14.42065143585205,0.47463353808575953,0.12001580587624146,0.35367658734321594,0.4346504807472229,0.5066187481802367,3.5325626189542025,40.16082763671875,43.341732025146484
00298D.png,1.7243,0.5491040945053101,0.3623417669889169,0.8711359787775422,5.665063381195068,72.30085754394531,0.811758420130854,0.4657116754160714,7.152030944824219,2.3220912067721713,20.078121185302734,6.6336750984191895,54.47385025024414,0.533222496509552,1.6066372394561768,0.7000905871391296,0.03882916644215584,14.108419418334961,0.4862947157359404,0.11594542338756289,0.35679295659065247,0.43086838722229004,0.5247098656886933,3.5998423204229835,38.51971435546875,45.33823776245117
00303D.png,1.6861,0.5740286707878113,0.30080244879538665,0.8685843997206204,5.815947532653809,70.89740753173828,0.8091417226186493,0.4673635880520258,7.141409397125244,1.9488079527894495,18.692249298095703,6.43373966217041,50.27279281616211,0.5428107976913452,1.5598516464233398,0.7069491744041443,0.0366886630654335,14.354681968688965,0.49320206426039903,0.1029021305058458,0.36404889822006226,0.43472492694854736,0.4974089588987491,3.880914414871315,40.54949951171875,40.53507614135742
00307D.png,1.6949,0.6281834244728088,0.3290174478293987,0.8702253164008273,6.2350358963012695,79.11882781982422,0.8019458001828571,0.4592645239116888,7.489733695983887,2.257850412532166,21.38188934326172,7.2210774421691895,55.63077163696289,0.46369266510009766,1.6947619915008545,0.6825557351112366,0.057819824665784836,12.379232406616211,0.5364140849843806,0.09947166510796866,0.3372146785259247,0.4159267246723175,0.48362863861709726,3.876048175562782,32.72869873046875,57.26141357421875
00311D.png,1.6746,0.6239972114562988,0.3313974834912815,0.8688628358944691,5.519675254821777,78.81343078613281,0.8093119475962268,0.4615300778089503,7.295780181884766,2.123511032730697,20.5850830078125,7.197647571563721,52.226810455322266,0.5330583453178406,1.4307340383529663,0.7401412725448608,0.049670539796352386,13.039011001586914,0.514259764334193,0.12246792512918535,0.36027219891548157,0.4273872673511505,0.5569461590724654,3.8127494265227004,40.47235107421875,48.17413330078125
00315D.png,1.692,0.606240451335907,0.3177263284943213,0.8688501144788638,5.67727518081665,80.7103042602539,0.8024784410926085,0.45540454179048767,7.341399192810059,2.0681935338324546,21.06296157836914,7.428335189819336,50.87112808227539,0.5249417424201965,1.5228397846221924,0.6686018109321594,0.04187517613172531,13.780433654785156,0.4859927923784476,0.13593787308811092,0.3490287959575653,0.427836149930954,0.5094853027283123,3.54414639736291,37.90740966796875,47.8962516784668
00319D.png,1.6921,0.5849393010139465,0.3278072294836173,0.8694680883716263,5.867717742919922,70.96318054199219,0.801997261676435,0.4609463850846551,7.158196926116943,2.135000426324204,19.31379508972168,6.498356819152832,50.247005462646484,0.5216935873031616,1.5760159492492676,0.6766534447669983,0.03664935380220413,14.359336853027344,0.45396797446559906,0.14616190290342335,0.3452845513820648,0.423829048871994,0.4831266050622594,3.621384178281466,37.27752685546875,45.341033935546875
00323D.png,1.6899,0.6047593355178833,0.30775633871611835,0.8668025096899055,5.483151912689209,72.64287567138672,0.801278924446663,0.4644604685123158,7.126264572143555,1.940319490900027,19.84586524963379,6.667742729187012,49.182838439941406,0.5760473012924194,1.4593496322631836,0.750784158706665,0.038772303611040115,14.114784240722656,0.4756645272393895,0.14057573653476124,0.36819988489151,0.4586247503757477,0.5419072409775916,3.6284403205130933,35.75360107421875,49.306453704833984
00327D.png,1.6806,0.6614916324615479,0.33139787763627115,0.8734357964129897,5.236837863922119,87.5267562866211,0.8176134448793189,0.4594579116533137,7.3924784660339355,2.0926703427060485,22.960905075073242,8.037839889526367,54.90073776245117,0.6484237313270569,1.337976336479187,0.7476510405540466,0.05019443854689598,12.993444442749023,0.5336377121567206,0.12392046542492623,0.38700518012046814,0.4726563096046448,0.5711659589346924,3.3863670026084285,35.88885498046875,44.8400764465332
00332D.png,1.6909,0.6294360160827637,0.3082415714768883,0.8699344776160787,6.038488388061523,90.35281372070312,0.8064799020038023,0.4724396093294876,7.462555885314941,2.0807973345169852,22.9840087890625,8.167125701904297,55.387821197509766,0.5936938524246216,1.364313006401062,0.6654723882675171,0.04345988482236862,13.61911392211914,0.4821357132659468,0.14771041812603078,0.3866436183452606,0.4612017273902893,0.48556751282957217,3.566634893317856,38.79022216796875,46.099639892578125
00337D.png,1.6962,0.6037997603416443,0.3481330291387409,0.8718198130542923,5.966705799102783,70.58384704589844,0.8088882637074513,0.48158392670885264,7.33022403717041,2.314556726892418,17.852863311767578,6.434169769287109,49.812015533447266,0.6002055406570435,1.5473237037658691,0.64388507604599,0.03402571380138397,14.681928634643555,0.41616858383211386,0.17447793259322933,0.3773738145828247,0.41283655166625977,0.4477112141884999,3.442093157883693,35.34442138671875,49.23109817504883
00341D.png,1.687,0.6207612156867981,0.3424627173468044,0.8723906818567845,5.783517837524414,69.44861602783203,0.7957470439620348,0.4620395351248986,7.348397731781006,2.248602036798431,18.345468521118164,6.315573215484619,54.10502624511719,0.5809832811355591,1.5037785768508911,0.6659396886825562,0.042534925043582916,13.712543487548828,0.4393198839408943,0.15708404851597024,0.3518720269203186,0.434854120016098,0.4617128465294804,3.7878569296331723,34.21697998046875,41.12920379638672
00345D.png,1.6856,0.6015042662620544,0.325578067860432,0.8725402968870364,5.7662353515625,74.74754333496094,0.7927720124313269,0.46014754802709396,7.324058532714844,2.130962365416817,19.875953674316406,6.835544586181641,56.628143310546875,0.610828161239624,1.5034737586975098,0.6632077693939209,0.041780102998018265,13.790306091308594,0.4288540621236862,0.17178227089834044,0.35972821712493896,0.4339025318622589,0.4729263527985793,3.6934422718420636,34.28533935546875,38.08269500732422
00349D.png,1.6984,0.5107847452163696,0.2836900644309994,0.8802948576210583,5.539368629455566,63.99486541748047,0.8124921272354435,0.47179552012001563,6.749094009399414,1.7430626610615558,17.35500717163086,5.861361026763916,49.81340026855469,0.6736154556274414,1.3768831491470337,0.7669568061828613,0.02264416590332985,16.450437545776367,0.4350120425291553,0.15991825059855933,0.3940688669681549,0.4527680277824402,0.539497561971518,3.75525782396935,38.35272216796875,38.18693161010742
00353D.png,1.6828,0.5368857979774475,0.33091017654244953,0.8797749086161061,5.562820911407471,67.59480285644531,0.8025890355777642,0.4606098726907782,7.065648078918457,2.0894505929053864,17.904817581176758,6.204646110534668,51.146358489990234,0.6672700047492981,1.422889232635498,0.7233192324638367,0.028017885982990265,15.525646209716797,0.44576592826572387,0.1564689249844223,0.36674055457115173,0.4363788068294525,0.5346798724792087,3.71753919770195,35.65155029296875,42.97414779663086
00357D.png,1.7022,0.6539643406867981,0.287336826352563,0.8752931135528276,6.617791652679443,89.00702667236328,0.7703933653304493,0.5027930808540054,7.343466758728027,2.0057970406687335,21.976884841918945,8.237222671508789,53.085845947265625,0.6839174032211304,1.4413363933563232,0.5543087124824524,0.026512132957577705,15.76555347442627,0.33962246071684554,0.22740169001486438,0.4059255123138428,0.4650864601135254,0.3478454106105224,3.3533862185076555,32.80731201171875,46.517677307128906
00361D.png,1.6789,0.6204545497894287,0.3522062302719561,0.8742905841894734,5.515048027038574,73.30081176757812,0.8213357205698616,0.45922791880067976,7.016191482543945,2.2067969205481504,19.025230407714844,6.7405924797058105,47.43547439575195,0.6451288461685181,1.3744474649429321,0.7175138592720032,0.03237220644950867,14.898277282714844,0.4498833921307663,0.16967564838538096,0.3462490439414978,0.4285595417022705,0.5161236995935385,3.648515484838617,38.64617919921875,41.39860534667969
00367D.png,1.6861,0.6349667906761169,0.3434265247402656,0.8716480106753799,5.2646918296813965,78.94195556640625,0.8185748764527937,0.44900752649515524,6.994248867034912,2.1050290335407755,20.1391658782959,7.256211280822754,47.44395446777344,0.6247128248214722,1.3424264192581177,0.7300916910171509,0.040826216340065,13.890609741210938,0.5021208566353115,0.13985139262730947,0.3416908085346222,0.4211169183254242,0.5617970580950137,3.7430348362611143,38.84295654296875,39.80432891845703
00371D.png,1.683,0.6444095373153687,0.3258860986959902,0.8698847973415195,5.346373081207275,90.04972076416016,0.8140030394842669,0.46630903180403693,7.25703239440918,2.0536432163141516,22.19314193725586,8.25179672241211,50.92021942138672,0.6028843522071838,1.290755033493042,0.6935376524925232,0.044536009430885315,13.512887954711914,0.5078447372657363,0.1411862504612182,0.3603439927101135,0.4458405673503876,0.5334736099896501,3.8270724390189677,39.88299560546875,44.22559356689453
00375D.png,1.6876,0.6509444117546082,0.2779683983068878,0.8654935389846283,5.424716472625732,88.00274658203125,0.7848780598110315,0.47253555520092866,7.310328006744385,1.7699752043125692,20.57105827331543,8.054640769958496,49.34455871582031,0.5791971683502197,1.3610758781433105,0.6955729126930237,0.0472273975610733,13.258060455322266,0.4726646327581921,0.15113352055955784,0.365787535905838,0.45399829745292664,0.5266569445466807,3.9828551809180595,42.61102294921875,43.78276443481445
00379D.png,1.68,0.6315479874610901,0.30850370889267675,0.8741253424817022,5.4645867347717285,89.2792739868164,0.8051081643487534,0.4739090638617618,7.418972015380859,1.9873183835027657,22.14267921447754,8.216075897216797,53.42462158203125,0.6746035218238831,1.4362752437591553,0.787834882736206,0.046791158616542816,13.298360824584961,0.49358624468548556,0.1544271751684505,0.39238935708999634,0.48891687393188477,0.6057951283024448,3.172397425747328,38.64178466796875,40.12671661376953
00383D.png,1.6915,0.6461284756660461,0.2873583152105531,0.8760062985430552,5.508586883544922,94.98684692382812,0.7956067111192234,0.4739786152477544,7.37382173538208,1.850938887963034,22.798049926757812,8.717677116394043,52.52432632446289,0.6739969253540039,1.2122533321380615,0.6941381692886353,0.040920183062553406,13.880624771118164,0.5110398384931089,0.13237014949405188,0.37870267033576965,0.4530690014362335,0.5384788102287141,3.6469179047317284,39.93572998046875,38.84682083129883
00388D.png,1.6849,0.6053869724273682,0.3079726613923641,0.8771329783571568,5.285252571105957,87.35438537597656,0.8133207782697338,0.48659950372610206,7.122467517852783,1.9106250184639393,21.958879470825195,8.101912498474121,47.66563034057617,0.659752607345581,1.065535068511963,0.6637532114982605,0.03758736327290535,14.249582290649414,0.525388260222514,0.11806863352784068,0.365226686000824,0.42140600085258484,0.5384024512650069,3.6357244488042104,35.65399169921875,41.37862014770508
00392D.png,1.6912,0.6596096158027649,0.29021177265991227,0.8712335685911847,5.4971771240234375,89.3226547241211,0.8018684603243713,0.4635013252215161,7.24715518951416,1.8492828722467287,22.51040267944336,8.29521656036377,51.6751594543457,0.5989640951156616,1.247939109802246,0.6119660139083862,0.04326733574271202,13.638399124145508,0.5160249829602399,0.12085113863686525,0.35739731788635254,0.40317490696907043,0.5037924145818741,3.3492293886067794,33.75994873046875,46.27085876464844
00396D.png,1.7081,0.6503918766975403,0.2992166691494695,0.8739379473848542,5.480940818786621,91.5262451171875,0.803894273451831,0.4662229059723678,7.296404838562012,1.9116028666648877,23.329160690307617,8.530510902404785,51.33260726928711,0.6414014101028442,1.2018343210220337,0.6274850964546204,0.043724820017814636,13.592720031738281,0.535584022636099,0.10944181032470952,0.36456775665283203,0.41414713859558105,0.5220304277710688,3.056532276234805,34.45281982421875,48.54174041748047
00400D.png,1.6864,0.5843737125396729,0.25950266960022683,0.8683610403929167,5.6918044090271,81.26302337646484,0.8064490081266725,0.47796677223696504,7.168950080871582,1.6687048337965056,20.679128646850586,7.480090618133545,46.59912109375,0.5430805087089539,1.3006463050842285,0.6710715889930725,0.031420137733221054,15.027918815612793,0.5069850970379448,0.11097366030894212,0.36813434958457947,0.3949737548828125,0.5427341759698145,3.9495150992217942,38.68475341796875,39.161231994628906
00404D.png,1.7075,0.5605028867721558,0.23453502586799985,0.8662075379956062,5.686130046844482,81.94993591308594,0.7984348306520993,0.4666479332175366,7.0572052001953125,1.49438364297332,21.366567611694336,7.595311164855957,44.20845413208008,0.5425953269004822,1.3686392307281494,0.7052995562553406,0.028128158301115036,15.508586883544922,0.5117692111328981,0.10838503228111776,0.3706454038619995,0.415604829788208,0.5544811743013076,3.8422268056839832,38.10272216796875,47.33562469482422
00408D.png,1.6834,0.6164196729660034,0.2556685171712241,0.8608444197072994,5.316672325134277,95.6611328125,0.8102062138575206,0.483670726544675,7.293910503387451,1.6120692516014667,23.037988662719727,8.784361839294434,44.291786193847656,0.5360321402549744,1.3301182985305786,0.702889621257782,0.03628649190068245,14.40255069732666,0.4612639604409517,0.17412962379123795,0.4064229130744934,0.466528981924057,0.5545490442643937,4.097422976515389,44.26629638671875,47.04939651489258
00412D.png,1.6955,0.6446631550788879,0.2862549450936956,0.8676996291594007,5.560080528259277,89.40235900878906,0.8093062295096827,0.47664930417926377,7.209329605102539,1.8276587476941657,23.328514099121094,8.120254516601562,51.26005935668945,0.493181437253952,1.3173620700836182,0.660313606262207,0.04914353787899017,13.085335731506348,0.5313965105088774,0.10415940530463833,0.3666002154350281,0.41972026228904724,0.533043681165197,3.820192527810951,39.81903076171875,53.940528869628906
00416D.png,1.6847,0.6714156270027161,0.27132251830624615,0.8650003248836413,6.1485276222229,91.79779815673828,0.777287874385771,0.4992835928081847,7.289907455444336,1.823080027736495,23.42657470703125,8.437294960021973,49.40553665161133,0.5471266508102417,1.4293580055236816,0.6063531637191772,0.034506939351558685,14.620935440063477,0.4002322604002465,0.17825334593552136,0.3933468461036682,0.43972718715667725,0.40377326890280063,3.8091981581505814,38.20086669921875,40.37962341308594
00420D.png,1.695,0.6140711903572083,0.2896942188146027,0.8678907698104579,5.4884033203125,82.6669692993164,0.8038749669767657,0.48211600627213863,7.317538261413574,1.854908885868376,20.78825569152832,7.6297688484191895,47.31614685058594,0.4494090974330902,1.5213758945465088,0.6385147571563721,0.0439349003136158,13.571903228759766,0.5105212133477006,0.11238160361289072,0.36932864785194397,0.4139302968978882,0.5118967672758414,3.2393042767681988,33.08221435546875,52.78385925292969
00427D.png,1.6899,0.7048773169517517,0.2703398579212939,0.8683246679524534,6.325064659118652,91.23403930664062,0.7747842667779511,0.5136445615419445,7.492743015289307,1.8677570502390566,21.68491554260254,8.3607816696167,51.85667419433594,0.556015133857727,1.3925254344940186,0.5681806802749634,0.03244481980800629,14.888545989990234,0.3728870519008448,0.21804629793846067,0.4093940258026123,0.43439456820487976,0.3738226898383892,3.7292934201353223,35.22381591796875,40.900054931640625
00431D.png,1.6963,0.59336256980896,0.3326736250939018,0.8793565799788129,5.530073642730713,78.75924682617188,0.8220639021387162,0.47888517795492064,7.447070121765137,2.15858287279009,19.652090072631836,7.179068565368652,50.88941955566406,0.6806435585021973,1.4421299695968628,0.6856566071510315,0.03660198673605919,14.364953994750977,0.4686956234932343,0.14752682756820606,0.3899427652359009,0.47841715812683105,0.5151666007052141,3.5807537959077482,40.01824951171875,33.91305923461914
00435D.png,1.7005,0.5696538686752319,0.3045531857466802,0.8699701679652412,5.364743232727051,88.60582733154297,0.7975616566801281,0.48724553485811095,7.448273658752441,1.9511281450720404,21.48517608642578,8.25696086883545,51.309532165527344,0.6261835098266602,1.563727855682373,0.7148911952972412,0.04456016421318054,13.51053237915039,0.47743405474317346,0.16494629937599442,0.38699406385421753,0.44876742362976074,0.5608764570590207,3.5024574496225767,36.35418701171875,50.14039611816406
00440D.png,1.6873,0.6070798635482788,0.24286459671962748,0.8560925428461217,5.933794021606445,86.635009765625,0.760405874796283,0.4796693780916556,7.187930107116699,1.593405575552186,19.940568923950195,7.889649391174316,43.205047607421875,0.5459228157997131,1.5118041038513184,0.6486063003540039,0.043726205825805664,13.592582702636719,0.41671331105733794,0.1915787784579101,0.37428832054138184,0.4581678509712219,0.4697762241197222,4.372482933288579,40.56463623046875,47.63154602050781
00444D.png,1.6783,0.6429391503334045,0.3182023750267893,0.8819957439096491,6.032892227172852,80.86341857910156,0.80316922642353,0.4881956933982115,7.54375696182251,2.160066913235804,17.956615447998047,7.269002437591553,54.378353118896484,0.7022895216941833,1.0934771299362183,0.6395845413208008,0.034194882959127426,14.660388946533203,0.4051742377339579,0.20702240802050906,0.39798060059547424,0.4686269760131836,0.47129162093252847,4.162129285101,37.41424560546875,35.002418518066406
00448D.png,1.6741,0.6306883096694946,0.31021776396786854,0.8745374155170558,5.560507774353027,95.41236877441406,0.8089959317678608,0.47373189389679154,7.4737701416015625,2.021738085140953,23.263172149658203,8.625104904174805,53.6663818359375,0.635897159576416,1.1584011316299438,0.6385278105735779,0.042252469807863235,13.741479873657227,0.5215298387513452,0.12861690583013546,0.3696676194667816,0.43517005443573,0.5117392606419531,3.961277380139806,41.74334716796875,48.2890739440918
00453D.png,1.6926,0.6833833456039429,0.37934220695235427,0.8773667889613992,5.86283016204834,102.11480712890625,0.7991251680719248,0.4647218345063121,7.6274800300598145,2.558729038421232,27.02787208557129,9.422616004943848,65.71575164794922,0.6564767956733704,1.3554742336273193,0.6879540085792542,0.05744128301739693,12.407759666442871,0.49346276006534834,0.1378122481903822,0.3696081340312958,0.48984992504119873,0.5018712681551846,2.8257478665372573,33.94696044921875,46.539215087890625
00457D.png,1.7676,0.7140218019485474,0.3522010027835105,0.8744951976188347,5.987556457519531,98.77706146240234,0.8050633826431319,0.46527444473993546,7.5973005294799805,2.3923066235681407,25.058143615722656,9.089964866638184,63.43732452392578,0.6328939199447632,1.3759816884994507,0.6474387645721436,0.06440172344446182,11.911026000976562,0.4912836974827176,0.1398134468006859,0.36804109811782837,0.44110286235809326,0.4784468183943075,3.5939968423951347,37.59246826171875,46.23047637939453
00462D.png,1.6947,0.6555176973342896,0.3635238915759767,0.8759034145436464,6.004109859466553,97.62908172607422,0.8095668262184641,0.4761604404764279,7.557214736938477,2.4649395188021472,24.85765838623047,8.93879508972168,61.41164016723633,0.6525033116340637,1.4201856851577759,0.695856511592865,0.050574593245983124,12.960676193237305,0.48815044332136714,0.1418026995437507,0.37982556223869324,0.48306703567504883,0.49619614596437095,3.384934505470223,39.37030029296875,45.509395599365234
00466D.png,1.7086,0.6539275050163269,0.33175441121296306,0.8740630878451452,5.974532604217529,87.25521850585938,0.807583471632705,0.4779872440808896,7.5242509841918945,2.2391467349561847,22.341434478759766,7.8904948234558105,60.21001434326172,0.6366112232208252,1.4101159572601318,0.701454758644104,0.05280067026615143,12.77360725402832,0.5036531086472104,0.11850571383952284,0.362130343914032,0.429464727640152,0.5038704460428378,3.8643268829170516,35.99432373046875,42.779788970947266
00481D.png,1.7157,0.6205400824546814,0.23785949939112733,0.8629143496518625,5.966761589050293,93.29020690917969,0.7277710493200905,0.46129458152744995,7.459803104400635,1.596822372704997,23.27863121032715,8.531936645507812,55.97114181518555,0.539650022983551,1.448361873626709,0.6509618163108826,0.05568346381187439,12.542738914489746,0.44008354330716626,0.14689489841183523,0.37438279390335083,0.4592699408531189,0.446968947217042,2.840230684509685,31.27215576171875,48.41534423828125
00486D.png,1.6838,0.6384152173995972,0.2607730815437505,0.8678383705808908,5.570237636566162,81.66036987304688,0.7026521843376432,0.44007381907958376,7.461503982543945,1.6991685201361655,19.103557586669922,7.419055938720703,48.239017486572266,0.6476648449897766,1.2355289459228516,0.6630406379699707,0.05814975127577782,12.354521751403809,0.4021901898989996,0.166516174586481,0.3330345153808594,0.45208436250686646,0.46377525464790764,3.7739122353353074,38.32830810546875,41.61913299560547
00491D.png,1.6757,0.572867751121521,0.24882532381157285,0.8614914179452418,5.904144287109375,86.04190826416016,0.749231154617425,0.44821075699262825,7.342401504516602,1.6480426838048992,19.744890213012695,7.979599952697754,45.46437072753906,0.5875686407089233,1.4876744747161865,0.6800456643104553,0.045389533042907715,13.430442810058594,0.4269398270743394,0.17549506943382018,0.3748849630355835,0.4855770468711853,0.499588247777279,3.7418678626204147,33.65789794921875,46.826534271240234
00496D.png,1.6728,0.5755637884140015,0.2555656215159278,0.8625275985655179,5.902953624725342,69.79006958007812,0.7526894388918324,0.4595686410717603,7.2990803718566895,1.6869976870878407,15.436806678771973,6.314035415649414,44.9736328125,0.5973713994026184,1.5251789093017578,0.718134343624115,0.05534766614437103,12.569007873535156,0.3996482804244396,0.1694038340516227,0.3614034652709961,0.47201061248779297,0.504011743327906,3.890925881919159,46.29608154296875,28.428733825683594
00500D.png,1.6759,0.6369763016700745,0.2391045947318837,0.858679663380645,5.760644435882568,98.510986328125,0.7436682780611877,0.45825671143360214,7.472200393676758,1.5820213917608665,23.130006790161133,9.140340805053711,49.61871337890625,0.5241572260856628,1.5270113945007324,0.6344675421714783,0.06273405998945236,12.0249662399292,0.47314527981898763,0.13454581063625626,0.36407023668289185,0.459004282951355,0.4592967174487986,3.0143156685330044,32.32635498046875,53.09584045410156
00504D.png,1.6826,0.6952275633811951,0.23784065339298552,0.8707737337469648,6.513437271118164,125.8355484008789,0.7551508005735768,0.5146142144427119,7.667164325714111,1.6863662103467334,28.480438232421875,11.80266284942627,54.95677947998047,0.6460864543914795,1.2830872535705566,0.5971256494522095,0.04255371168255806,13.710626602172852,0.45978544690339573,0.16421434197125254,0.42561423778533936,0.4862861633300781,0.3939040882830498,3.0489137194281763,25.44647216796875,48.15082550048828
00508D.png,1.685,0.625943124294281,0.31496194249780357,0.8657167794257699,5.037579536437988,91.4072265625,0.7360850872214669,0.44323574931136706,7.410478591918945,1.9603380440882265,22.035415649414062,8.62586784362793,48.17064666748047,0.6111957430839539,1.4791524410247803,0.7543366551399231,0.06887312233448029,11.619502067565918,0.4361924132482161,0.1819210298613211,0.35467463731765747,0.4415801465511322,0.561080084898759,2.952877732987239,29.67108154296875,49.934837341308594
00512D.png,1.6759,0.6094407439231873,0.33255985338213945,0.8658657180404226,5.424688339233398,69.51245880126953,0.7402752383678365,0.43516006150669373,7.382204055786133,2.1295354005175824,16.640926361083984,6.381404399871826,51.78032302856445,0.5885627269744873,1.5483334064483643,0.7658548951148987,0.06672991067171097,11.756793975830078,0.3945629677400257,0.18039976713513345,0.3427485227584839,0.45320484042167664,0.5353813073642915,4.034530619960357,32.48651123046875,30.877044677734375
00516D.png,1.6956,0.6022942066192627,0.3148345983869126,0.8657083409155313,5.5571722984313965,86.01402282714844,0.7336162528175988,0.4426656029805223,7.484889030456543,2.053051861938531,21.791568756103516,7.997768878936768,51.49117660522461,0.5984084606170654,1.5803945064544678,0.6953591704368591,0.05789860337972641,12.373318672180176,0.4136972445797919,0.16692903085346053,0.35929039120674133,0.4850732684135437,0.4794734760033986,3.1375513114863613,31.84490966796875,42.11549758911133
00521D.png,1.6791,0.5775495767593384,0.30049228992839183,0.8622174816321756,5.527729511260986,76.14456939697266,0.7298023696352351,0.4439899331354916,7.303409576416016,1.9278347269731153,19.988319396972656,7.047471046447754,47.832725524902344,0.5935784578323364,1.5402650833129883,0.7408381700515747,0.04895571246743202,13.101964950561523,0.39834317959730914,0.190642118248925,0.36137837171554565,0.47312304377555847,0.512767592870158,2.8973400060381174,31.25750732421875,36.697208404541016
00526D.png,1.6922,0.5753700137138367,0.30263526385328465,0.864632919220345,6.238009452819824,82.38057708740234,0.767508233482639,0.47013142201082914,7.230930805206299,2.03809370029461,21.886104583740234,7.698326110839844,49.12689971923828,0.5830836296081543,1.5880978107452393,0.7096624374389648,0.04304543510079384,13.660728454589844,0.45645911174150444,0.1621929575720333,0.40003901720046997,0.4910801649093628,0.45652942776370914,2.3042184771403575,26.15252685546875,34.23032760620117
00533D.png,1.6785,0.610327959060669,0.31739770219451746,0.8595997569918961,5.496023654937744,79.51107025146484,0.7140991487846494,0.42647697715704047,7.174778461456299,2.010847579784297,21.505596160888672,7.338016033172607,49.546661376953125,0.5277632474899292,1.4609591960906982,0.7549129128456116,0.05979590862989426,12.233285903930664,0.4478618944662519,0.15760984587435903,0.3417603075504303,0.45562925934791565,0.504241231897386,2.504716108342267,33.59442138671875,44.106082916259766
00537D.png,1.693,0.5557403564453125,0.29638701784598315,0.8616741553566547,5.586695671081543,68.69322967529297,0.7268488643484584,0.4254418878047023,6.987144470214844,1.8633668439214794,18.473596572875977,6.334056377410889,44.631309509277344,0.48366910219192505,1.6496076583862305,0.6528155207633972,0.04582340270280838,13.389127731323242,0.433058947293538,0.1358027598788203,0.35097041726112366,0.4264655113220215,0.4507084414413838,3.0963724181113896,33.74530029296875,42.000999450683594
00546D.png,1.6897,0.5360380411148071,0.3200391102259599,0.8613615586825617,5.565234184265137,57.272682189941406,0.7292308097733838,0.4326214115519535,6.775048732757568,1.974692477845588,16.674386978149414,5.28419303894043,41.92808532714844,0.5073029398918152,1.610327959060669,0.6788474917411804,0.04018368571996689,13.959503173828125,0.4150067139071419,0.14064342231924723,0.3554058074951172,0.440756618976593,0.4501583481706253,2.8962738541190283,29.00311279296875,50.83601379394531
00551D.png,1.6853,0.6181716918945312,0.2776686907728002,0.8584189310132699,5.424809455871582,77.8863296508789,0.6917865900708011,0.4337789613419483,7.157190322875977,1.7468189596150552,20.744159698486328,7.262897491455078,40.92094421386719,0.537177562713623,1.459817886352539,0.6962772011756897,0.05491061508655548,12.603436470031738,0.37756408283534293,0.18717959257482739,0.3459618091583252,0.41797906160354614,0.4846727905258146,2.799395215712458,33.61444091796875,47.51020050048828
00555D.png,1.7101,0.5587643384933472,0.3452987955954293,0.8796690067801635,6.3034820556640625,74.18527221679688,0.7868570890183518,0.49394029098294123,7.361502647399902,2.3592578133811006,18.006101608276367,6.931459903717041,53.20586395263672,0.7156945466995239,1.6261427402496338,0.7748703360557556,0.031150108203291893,15.065404891967773,0.46720495177973076,0.1517665380387391,0.42607709765434265,0.5055408477783203,0.46559337553454894,2.9592909710059168,21.47479248046875,35.57829284667969
00559D.png,1.7052,0.47507092356681824,0.3011575847197576,0.8618115470058574,5.510222434997559,54.696109771728516,0.7691569584252788,0.47162648404849644,6.753820896148682,1.8467103609536188,14.124921798706055,5.094381809234619,35.22917938232422,0.6042928695678711,1.7141872644424438,0.7674760818481445,0.02771289087831974,15.573182106018066,0.4013825373679254,0.15885785544805095,0.3898889422416687,0.45542681217193604,0.4941308888511519,2.8832928600174355,27.14178466796875,30.712932586669922
00563D.png,1.6909,0.6020212173461914,0.31054652926302334,0.8673639070865823,5.716471195220947,84.45986938476562,0.7421805250993977,0.4299887302499921,7.483015060424805,2.0495331090795883,20.935489654541016,7.813984394073486,50.39434051513672,0.622445821762085,1.6075819730758667,0.7020906209945679,0.06122540310025215,12.130683898925781,0.4162154078593322,0.16333393109726477,0.34958887100219727,0.46972984075546265,0.5034071837458457,2.9648280786573142,31.23651123046875,40.00282669067383
00567D.png,1.7016,0.5831109285354614,0.24197998232700588,0.8589353605442821,6.157358169555664,81.58000183105469,0.7609188766873854,0.46043277395517174,7.228670597076416,1.6195799895928165,19.866130828857422,7.506103515625,43.0052604675293,0.5037621259689331,1.771721601486206,0.7312732934951782,0.04867912083864212,13.12657356262207,0.44071635775858203,0.15297530935425746,0.3726913332939148,0.47132566571235657,0.47785308009454175,3.237405039983071,36.64227294921875,51.139625549316406
00571D.png,1.685,0.5395604372024536,0.24847369456622473,0.8582588085865284,5.989394187927246,81.95313262939453,0.7739453946610244,0.47809925030945105,7.257967472076416,1.6458150329890362,19.92072868347168,7.599069118499756,42.14350891113281,0.5011101365089417,1.6774863004684448,0.6735822558403015,0.03698066622018814,14.320253372192383,0.4330381708214251,0.1623508563877629,0.39734259247779846,0.4755007028579712,0.460867741752727,3.05797869116906,29.57440185546875,50.51557540893555
00581D.png,1.6853,0.502450168132782,0.3810509496904565,0.8676756086727258,5.135215759277344,56.123687744140625,0.7484744183098684,0.4500453148181157,7.162578105926514,2.343050018541181,14.156720161437988,5.212502956390381,49.127262115478516,0.6342062950134277,1.6842825412750244,0.821361243724823,0.04680301994085312,13.297262191772461,0.3405205995040884,0.18205958962203825,0.36333152651786804,0.45986199378967285,0.5436326526241528,3.3544647872506315,32.33367919921875,39.289039611816406
00587D.png,1.6847,0.5892903208732605,0.32555691416590576,0.8706545060558978,5.79069185256958,51.10724639892578,0.7358769921158386,0.4701063277101319,7.368630886077881,2.1420599421315476,11.189164161682129,4.688441276550293,42.83796691894531,0.5477526783943176,1.7557039260864258,0.7526332139968872,0.04405444487929344,13.560103416442871,0.35388614267404056,0.19270969926926837,0.3785797953605652,0.47518181800842285,0.44249067748469945,3.448603566837258,30.76678466796875,40.28278350830078
00591D.png,1.6635,0.5696050524711609,0.25320506460202735,0.8528969203115656,5.529849052429199,89.39556121826172,0.7218102367041762,0.4614923936917501,7.0180583000183105,1.5886015200448274,22.908281326293945,8.338644027709961,39.46788787841797,0.5123409628868103,1.5319297313690186,0.650835394859314,0.03627001494169235,14.404523849487305,0.4463587574905041,0.14687896048880317,0.3728558123111725,0.45829546451568604,0.4512036396171529,3.0315852450413585,32.70233154296875,46.8439826965332
00596D.png,1.6866,0.5827101469039917,0.26645807312216324,0.8591447997054232,5.377626895904541,87.28535461425781,0.7426819493778233,0.4663044529354509,7.137616157531738,1.6673987765554088,22.980195999145508,8.143857955932617,41.989986419677734,0.4915441572666168,1.6598854064941406,0.6847399473190308,0.0491480678319931,13.084936141967773,0.4398595615586008,0.14735605753402042,0.3701498508453369,0.4549567699432373,0.4784241592914317,3.3609075720743586,33.99920654296875,47.155517578125
00600D.png,1.6869,0.5776541233062744,0.24682303724537838,0.8577459369479807,5.524306297302246,69.41498565673828,0.7286794358278178,0.4496146090194441,7.103928565979004,1.5584742174147674,18.03028106689453,6.375894546508789,37.484928131103516,0.4852520525455475,1.6595485210418701,0.6600723266601562,0.0480935275554657,13.179134368896484,0.4120429319047878,0.14389532919419828,0.341683030128479,0.4237319231033325,0.47737657068174266,2.9962812021316654,31.24822998046875,42.641075134277344
00606D.png,1.6955,0.5916897058486938,0.2841099185031288,0.8680724249570235,5.202709674835205,94.73482513427734,0.7125635844800783,0.4481808133780026,7.288511753082275,1.7744450659424391,23.552080154418945,8.835895538330078,51.62935256958008,0.621137261390686,1.28899347782135,0.6544369459152222,0.053111761808395386,12.748092651367188,0.4591616068336089,0.14725954453033055,0.34314417839050293,0.4294091761112213,0.478745581081221,3.243326161751905,33.08953857421875,44.95375061035156
00613D.png,1.6982,0.5374283194541931,0.25413656015258096,0.8641487309847165,5.653285503387451,81.9157943725586,0.7503233258410704,0.45129423521525064,7.165712356567383,1.628892597004734,19.157718658447266,7.565874099731445,46.795475006103516,0.5558763742446899,1.5139659643173218,0.6793566346168518,0.03902340307831764,14.086748123168945,0.46367070446743697,0.13489742500229898,0.3807181715965271,0.470038503408432,0.4912771269644326,3.31050530860788,32.96600341796875,45.67405700683594
00621D.png,1.694,0.5801997780799866,0.21302927224066265,0.859162342235085,5.4973955154418945,92.9957046508789,0.7183186720478943,0.4361625689092453,7.363422393798828,1.3698693251532639,20.771427154541016,8.552172660827637,46.398399353027344,0.5703060626983643,1.3815033435821533,0.6010908484458923,0.04970575496554375,13.035934448242188,0.39656090076302714,0.1906132902138862,0.35241222381591797,0.43211689591407776,0.4774315125356895,3.4572706385042733,32.67742919921875,37.712432861328125
00626D.png,1.7189,0.5376776456832886,0.3320878497043767,0.8632306224451661,5.396824359893799,82.69440460205078,0.7559049204621964,0.43941046702616426,7.071103096008301,2.070229742393744,21.588850021362305,7.711160659790039,48.262168884277344,0.5187809467315674,1.4953975677490234,0.6983441114425659,0.04428911209106445,13.537031173706055,0.4964814397372275,0.11158523517294493,0.3841400444507599,0.47161710262298584,0.5315895636291743,3.3432982697363216,35.33514404296875,45.240882873535156
00630D.png,1.6979,0.4549279808998108,0.30653276287496234,0.8681366621750819,6.051999092102051,64.27889251708984,0.8322374659949888,0.4919492125607308,6.850613594055176,1.977542284643496,16.394929885864258,6.0805463790893555,37.5553092956543,0.5766293406486511,1.7105534076690674,0.7250663042068481,0.01862950809299946,17.297985076904297,0.4579417531452851,0.11891900583960804,0.45737987756729126,0.5290592908859253,0.43878558773349763,2.3631197468822234,22.88104248046875,37.396728515625
00634D.png,1.696,0.5113557577133179,0.39145544186552506,0.8689002551029096,6.275575160980225,64.94113159179688,0.7930780134477837,0.4729367027342222,6.96708869934082,2.59196336629331,16.906253814697266,6.1169538497924805,45.67011642456055,0.6141854524612427,1.7880942821502686,0.6537370681762695,0.03357037156820297,14.740438461303711,0.4643206654000757,0.09851325991419152,0.4305446445941925,0.4801819324493408,0.4002636516004469,2.5795286740629995,23.78436279296875,40.00654602050781
00638D.png,1.6835,0.4644538462162018,0.3043366947157187,0.8617730146100391,5.762859344482422,56.247493743896484,0.7687982082779204,0.4462992229365581,6.746477127075195,1.9035307249336153,15.106047630310059,5.19867467880249,37.967018127441406,0.5496724247932434,1.6992629766464233,0.7273514866828918,0.028611978515982628,15.434521675109863,0.4302948488566852,0.123977585552236,0.392153799533844,0.4720137119293213,0.499174524197985,3.048188140516599,29.23162841796875,36.335205078125
00642D.png,1.6798,0.5057596564292908,0.36965413745732933,0.9192729888246891,5.812251567840576,63.10973358154297,0.7299325942941045,0.48158550920991455,7.358172416687012,2.434257641279805,14.347055435180664,5.928757667541504,50.63645553588867,0.8463355302810669,1.5589969158172607,0.7456168532371521,0.036258991807699203,14.405842781066895,0.3739676727314991,0.20520019890757946,0.393709659576416,0.5015437602996826,0.4821833683922481,2.9298630893652486,27.82098388671875,36.059600830078125
00646D.png,1.6985,0.6066538095474243,0.29775022278581664,0.8706617184702456,5.554492950439453,103.73030853271484,0.7351836536641334,0.4337516875179343,7.423928260803223,1.932169347983784,25.239727020263672,9.624167442321777,54.206172943115234,0.6216335296630859,1.365885615348816,0.6121846437454224,0.056290969252586365,12.495613098144531,0.47642984270358557,0.14671250694362228,0.35900336503982544,0.4732147753238678,0.47493863479625303,3.3432006709854503,33.41766357421875,46.131248474121094
00650D.png,1.7017,0.5390576720237732,0.27958194223694943,0.8609763020543829,5.6800127029418945,77.91268920898438,0.7317065092297882,0.4599421969369689,6.958074569702148,1.7666956156758449,20.176538467407227,7.215594291687012,40.175025939941406,0.6391052603721619,1.4252294301986694,0.6680794358253479,0.030570173636078835,15.147022247314453,0.40753511660128705,0.1625697820308382,0.3802469074726105,0.48810309171676636,0.441143683174266,3.0508848483096744,31.01580810546875,43.4771728515625
00655D.png,1.6721,0.5099841952323914,0.26647815885203713,0.8642940388371385,5.557643413543701,70.87611389160156,0.7830927537344481,0.4615700030455198,6.93101167678833,1.663981704852814,17.945405960083008,6.515346527099609,36.57565689086914,0.5888308882713318,1.2926379442214966,0.6874212026596069,0.022628776729106903,16.45339012145996,0.42047106806222495,0.15052456615240412,0.3946605324745178,0.4637714624404907,0.48310611781287155,3.400298572610856,35.83123779296875,43.101234436035156
00659D.png,1.6933,0.6237719655036926,0.28085373232169597,0.8674417596292294,5.605770111083984,69.16831970214844,0.7573529863408688,0.4641304154073773,7.148406028747559,1.791034131608523,18.65924072265625,6.446042060852051,40.503265380859375,0.626812219619751,1.4301687479019165,0.7425758838653564,0.037506699562072754,14.2589111328125,0.4704923788744675,0.11392590727639698,0.38897445797920227,0.4811057150363922,0.45864106055310916,2.8499738655524376,27.69989013671875,35.01200485229492
00671D.png,1.694,0.5851912498474121,0.2457881512864139,0.8688883944965549,5.646468639373779,102.17234802246094,0.7595996990347418,0.4628167110763028,7.372645378112793,1.5999764521492814,24.417701721191406,9.498892784118652,47.924346923828125,0.6562162041664124,1.3342337608337402,0.6550860404968262,0.044216860085725784,13.544121742248535,0.4990710957777451,0.12906087084376267,0.3860835134983063,0.4990556836128235,0.4923304531842528,3.2518323471486066,31.46014404296875,52.52605438232422
00676D.png,1.7012,0.5919854044914246,0.2502288706767345,0.8692665926435896,5.903745651245117,105.46297454833984,0.7559654155067499,0.4655944261335182,7.428974151611328,1.6681204039428579,25.386823654174805,9.81389331817627,52.18975830078125,0.6695353984832764,1.4088046550750732,0.6391355991363525,0.04459924250841141,13.506726264953613,0.4900548441271885,0.12783113088952958,0.38672763109207153,0.5110593438148499,0.4686629650951721,3.327430740883777,32.21258544921875,50.692283630371094
00681N.png,1.6871,0.28695130348205566,0.24843209234801147,0.8720455542314802,5.45657205581665,30.1789493560791,0.8627992565983666,0.5155337425594134,5.1730122566223145,1.3203694516195696,11.261472702026367,2.7748422622680664,31.764156341552734,0.6704375743865967,1.653646469116211,0.824612557888031,0.010049070231616497,19.978740692138672,0.48828722986222167,0.04223531181021499,0.4346061944961548,0.5005158185958862,0.44538813359420854,3.650774510242571,28.86883544921875,25.334062576293945
00686N.png,1.6719,0.26850625872612,0.2344227730432594,0.873426772232488,5.1901774406433105,32.596405029296875,0.8670571571979522,0.5183284577156855,5.196855545043945,1.2174829827199005,12.075421333312988,3.028078556060791,31.30582618713379,0.6233236193656921,1.4988586902618408,0.8370038866996765,0.008903222158551216,20.50452995300293,0.5121253586395091,0.03415263219176766,0.43727850914001465,0.5115889310836792,0.49632309894643695,3.757370081123609,32.22772216796875,36.4349365234375
00690N.png,1.6955,0.34209075570106506,0.23334430010882218,0.8909507049626588,5.627986907958984,35.76697540283203,0.8720802023555663,0.5326445233444825,5.420426368713379,1.289046355813264,12.629842758178711,3.3069136142730713,45.69993209838867,0.733371376991272,1.4318403005599976,0.7872571349143982,0.013654053211212158,18.647384643554688,0.4731649941715636,0.05851084895817109,0.4506211280822754,0.5118588209152222,0.43153151623468505,4.358288966262623,35.52362060546875,33.56147003173828
00695N.png,1.6813,0.3503280282020569,0.2979610583793812,0.877315450347749,5.542333126068115,42.71186828613281,0.8497890270780469,0.5309022719266074,6.127191066741943,1.7385374027633187,13.38824462890625,3.9621517658233643,36.257083892822266,0.6842359304428101,1.6157010793685913,0.7658290863037109,0.01119969878345728,19.507938385009766,0.4447001949857193,0.08914765051974013,0.4553132653236389,0.5298852920532227,0.45236807320838235,3.3759585670687597,32.10711669921875,32.075965881347656
00702N.png,1.6884,0.4307163655757904,0.37967031692228465,0.8841124336337474,5.356185436248779,38.81060791015625,0.8430011735551796,0.4926806052497021,6.557436943054199,2.2616315998042946,11.25967025756836,3.541156530380249,40.52062225341797,0.7249504923820496,1.6900825500488281,0.790310263633728,0.01913459599018097,17.181808471679688,0.4462316904701529,0.08641214491055808,0.4258507490158081,0.5288310050964355,0.5041938336104588,3.774756269065521,36.86541748046875,32.293785095214844
00706N.png,1.6603,0.2661813795566559,0.2125482471179817,0.8682931437366952,5.173493385314941,25.234830856323242,0.8574225349731062,0.49110136363862705,5.217747211456299,1.104323835573096,7.739012241363525,2.3738656044006348,23.363555908203125,0.6304551362991333,1.5572731494903564,0.8443105220794678,0.005559313111007214,22.549789428710938,0.41555911272796253,0.05743953273994351,0.4213305115699768,0.46896663308143616,0.49411036534012776,3.9956556916987167,32.89715576171875,26.24005126953125
00710N.png,1.6894,0.26274988055229187,0.23574688807843286,0.8791952993725747,5.514983177185059,25.744199752807617,0.8760771488387072,0.513889609114086,5.119165420532227,1.253488068525792,8.196294784545898,2.409764528274536,28.054288864135742,0.7183656692504883,1.6011790037155151,0.7992621660232544,0.00619976781308651,22.07624626159668,0.4285655044927791,0.05722541558723936,0.44994866847991943,0.5125629305839539,0.44947090220823493,3.937997857723614,29.19451904296875,25.231651306152344
00714N.png,1.7036,0.29619351029396057,0.2945258407676525,0.8809065707810584,5.381908416748047,28.635169982910156,0.8817829259600592,0.5058965990815303,5.6824798583984375,1.6293795206578903,8.537616729736328,2.6539580821990967,33.387088775634766,0.6984869241714478,1.567348837852478,0.7536944150924683,0.0091324457898736,20.39413070678711,0.43388178779222625,0.053481707637499785,0.4384866952896118,0.5108703970909119,0.4536149312241805,4.076353800930103,32.34344482421875,19.630285263061523
00718N.png,1.6666,0.20009291172027588,0.23298746446813853,0.8666444178826308,4.7811079025268555,18.707866668701172,0.9114134694613641,0.5382232871323223,4.435117721557617,1.0736366253193008,6.346053123474121,1.781378984451294,16.07967758178711,0.6421854496002197,1.6010611057281494,0.8885642290115356,0.002623089822009206,25.811866760253906,0.46728654394176766,0.0360831153226176,0.47266221046447754,0.5059261322021484,0.49850271151019715,4.252446449630824,29.52264404296875,24.82864761352539
00722N.png,1.6784,0.26325786113739014,0.2909622210203317,0.8637480453181123,4.651505470275879,27.758743286132812,0.8631580771060524,0.5001057079253932,5.326408863067627,1.4516034616188698,8.66992473602295,2.6346383094787598,21.63372039794922,0.540519118309021,1.562283992767334,0.8952637314796448,0.005821653176099062,22.349536895751953,0.4603485350895311,0.07123851087717746,0.4302949011325836,0.4602855145931244,0.5494077796876216,3.8798996394870144,30.88739013671875,27.352256774902344
00726N.png,1.6771,0.22474050521850586,0.27517476506040234,0.8745593093587775,4.888125896453857,23.20566177368164,0.9025059072696681,0.5422197200060245,4.782805919647217,1.330603276994836,8.449222564697266,2.182492256164551,22.652523040771484,0.6477748155593872,1.5755637884140015,0.8567185997962952,0.004403330385684967,23.56218719482422,0.47414084529715544,0.04513307080240946,0.4695975184440613,0.5152344703674316,0.4871205703951394,4.084696209312091,33.35516357421875,24.08187484741211
00730N.png,1.6875,0.2131277620792389,0.31958195101304676,0.8765182757026615,4.816394329071045,22.20423698425293,0.9042789177238016,0.5224551182306213,4.746921062469482,1.5281373570564334,8.663622856140137,2.103224277496338,20.416156768798828,0.696133017539978,1.4512286186218262,0.7816969156265259,0.0032978940289467573,24.81763458251953,0.46868194987526,0.05178891881799194,0.47382408380508423,0.514221727848053,0.4589150143607152,4.057521473419777,27.29119873046875,21.336292266845703
00734N.png,1.6752,0.2582263946533203,0.2608904357198527,0.8840278559899414,5.112130641937256,30.981765747070312,0.8810248102694437,0.5057010996010121,5.319736003875732,1.3607918531841836,9.923192024230957,2.904322862625122,29.7966365814209,0.7077123522758484,1.3130724430084229,0.8495091199874878,0.006909124553203583,21.605770111083984,0.46756223474878267,0.06165776850198449,0.46547043323516846,0.5416064262390137,0.5230709999859726,3.8535261117954906,29.53631591796875,28.945228576660156
00738N.png,1.6813,0.2534654438495636,0.303052342666452,0.8769932131491736,5.114494800567627,30.25643539428711,0.8962270755213204,0.5248934442248754,5.276270389556885,1.5744785692722605,9.903552055358887,2.823198080062866,28.295583724975586,0.6712929010391235,1.554724931716919,0.831233561038971,0.006611317861825228,21.797121047973633,0.4899113763443817,0.05317174533899494,0.48292648792266846,0.5626779198646545,0.494000746966124,3.9042964946150756,30.63299560546875,23.91210174560547
00742N.png,1.7111,0.3272820711135864,0.25455132313415846,0.8758195949420843,5.4235734939575195,36.68471908569336,0.8532072676052268,0.49860254126726755,5.9565863609313965,1.4484221671884185,10.157963752746582,3.4120700359344482,33.677677154541016,0.6554917097091675,1.5353925228118896,0.7523208856582642,0.010732600465416908,19.692951202392578,0.4206923797913235,0.0927409730597545,0.443206250667572,0.5085520148277283,0.4471212569330959,3.7011224555278472,32.07049560546875,30.491554260253906
00746N.png,1.7087,0.24246664345264435,0.33251879673048446,0.8860110849383704,4.86926794052124,27.77011489868164,0.9092204049884879,0.5396809459829227,5.080663681030273,1.6542758120555447,10.278249740600586,2.5976600646972656,29.160913467407227,0.7126632332801819,1.3247320652008057,0.8805557489395142,0.00595459109172225,22.251482009887695,0.5079984717076995,0.03549045465917734,0.4864049553871155,0.5347354412078857,0.514915215005654,3.8676035873202235,27.40057373046875,25.751728057861328
00750N.png,1.7047,0.2857408821582794,0.29552223975467223,0.8753539948077032,5.229024410247803,39.2136344909668,0.8625382751811197,0.5027715631530915,5.519953727722168,1.5882865461951319,13.191092491149902,3.6270859241485596,30.241167068481445,0.6569109559059143,1.4327274560928345,0.7994315028190613,0.008371503092348576,20.77196502685547,0.532264923235299,0.053973256437658136,0.43910765647888184,0.5140678882598877,0.510858286378549,3.8877574130769053,34.08172607421875,28.054302215576172
00754N.png,2.3135,0.29137393832206726,0.28953478957031137,0.8846253518720957,5.327028751373291,39.016197204589844,0.8570947304949664,0.49703561125524026,5.500174522399902,1.5674312808406814,13.065997123718262,3.615037441253662,36.00678253173828,0.7099435329437256,1.4977973699569702,0.7813301086425781,0.011118912138044834,19.539377212524414,0.508031933923885,0.06690233558947178,0.436639666557312,0.5127476453781128,0.4874081776311532,3.7682221153187596,31.97186279296875,27.713794708251953
00758N.png,1.6919,0.2644028663635254,0.24319408047288144,0.8727350012975865,5.234797954559326,29.95185661315918,0.8615357205777779,0.49822689085093214,5.225020885467529,1.2718875321290213,10.750048637390137,2.810389518737793,24.25023078918457,0.6744965314865112,1.4444293975830078,0.7630077004432678,0.005321789532899857,22.739425659179688,0.46335580685888034,0.05858771892874424,0.4336903989315033,0.495930016040802,0.46081748363598374,3.9965103993030535,31.44158935546875,28.435775756835938
00762N.png,1.694,0.24856685101985931,0.2563310473087242,0.8800469388804052,5.09086799621582,26.278249740600586,0.8918778728929199,0.5201384005660223,4.925485610961914,1.2837560186877468,9.809270858764648,2.477351427078247,23.71727752685547,0.7058257460594177,1.419334888458252,0.7697582840919495,0.004248249344527721,23.7179012298584,0.466399418043023,0.047547021499345386,0.4750412106513977,0.5338484048843384,0.4628244121430367,4.0196783606497,28.66131591796875,26.65206527709961
00766N.png,1.7912,0.35226166248321533,0.37154227553680275,0.8878132412652053,5.809279441833496,38.83942794799805,0.8460456860203949,0.5160761361062137,6.145803928375244,2.2209161817842915,12.16259479522705,3.6547482013702393,28.589906692504883,0.7617352604866028,1.3791871070861816,0.7480500936508179,0.005226480308920145,22.817907333374023,0.429089103679415,0.09827123772966344,0.46254098415374756,0.5397826433181763,0.3979444653807898,3.1690128710300813,25.40057373046875,32.68524169921875
00770N.png,1.6999,0.29340216517448425,0.32611216091916173,0.8805078586539467,5.579770088195801,35.05984878540039,0.8342957779901777,0.5255870006623616,5.5380473136901855,1.8128337567719726,11.464244842529297,3.296820878982544,28.68052101135254,0.7317282557487488,1.5201570987701416,0.7924718856811523,0.006269344128668308,22.02777862548828,0.49302945866637043,0.06015615442070484,0.43492090702056885,0.5387964248657227,0.4328403249453633,3.4804708996143163,25.59881591796875,27.585636138916016
00774N.png,1.7083,0.20805664360523224,0.3150970462972379,0.8766570688151626,4.767905235290527,21.870065689086914,0.9034378913070784,0.5355033515206301,4.518277168273926,1.4630300931050897,9.279297828674316,2.076174020767212,20.507179260253906,0.6851203441619873,1.3828315734863281,0.8305866122245789,0.00323393102735281,24.902694702148438,0.5061167612742656,0.041972308719702915,0.471208781003952,0.5220991373062134,0.48273215116596463,4.227652369804153,24.74822998046875,29.72197723388672
00778N.png,1.6978,0.29064229130744934,0.24814860610948156,0.8797487856588184,5.500026226043701,34.5711784362793,0.8202926968905979,0.5208769858757002,5.365170955657959,1.3480963559789192,10.844535827636719,3.269573926925659,25.21674346923828,0.7204869985580444,1.4048058986663818,0.8267349600791931,0.005454201716929674,22.6326904296875,0.5130904410398056,0.050868554258973506,0.4295089840888977,0.5221987366676331,0.4590254800541351,3.8265020826293226,25.65643310546875,22.7110652923584
00782N.png,1.6963,0.30157724022865295,0.27774103599148664,0.8739978954963434,5.653131484985352,35.92673110961914,0.8466144985660387,0.5309467738976946,5.600368499755859,1.5627846240231733,10.990568161010742,3.382286548614502,25.629491806030273,0.6994528770446777,1.547081470489502,0.7847863435745239,0.006333292927592993,21.98370361328125,0.5040491638004849,0.046711280202934885,0.4529610276222229,0.5419630408287048,0.43988890773701156,3.6729183073296547,26.30145263671875,22.35220718383789
00786N.png,1.7235,0.2642776668071747,0.378199196356066,0.8812167982123603,5.182425498962402,29.6372013092041,0.876825055453019,0.5497025561057215,5.372638702392578,1.995965430601398,9.02011489868164,2.825035333633423,18.88482093811035,0.7394339442253113,1.4456353187561035,0.8260774612426758,0.002746438607573509,25.612300872802734,0.4836177807715699,0.04040423375191012,0.46488523483276367,0.5376700758934021,0.4596444497561745,3.5454941603210366,23.91815185546875,23.883501052856445
00790N.png,1.7061,0.2719608545303345,0.33139399495086624,0.8784874339513563,5.203247547149658,33.61284255981445,0.837650218486485,0.5366519871537453,5.310216426849365,1.7420556460444239,10.409883499145508,3.190699815750122,23.20322036743164,0.729813814163208,1.4944138526916504,0.7918809056282043,0.004893006756901741,23.10424041748047,0.5185106563799834,0.041911143828209534,0.4289001524448395,0.5147215723991394,0.4511126519167266,3.6292710335839886,27.35174560546875,19.559314727783203
00794N.png,1.6799,0.24597015976905823,0.34890386533515844,0.882959879649065,4.9516754150390625,29.992076873779297,0.8664834231448578,0.5553922899000799,5.15711784362793,1.7635047511383988,9.500310897827148,2.8526687622070312,22.041444778442383,0.7284559607505798,1.428515911102295,0.8542847037315369,0.003804227104410529,24.19733428955078,0.5200382526894286,0.037585583727577615,0.4513664245605469,0.5336226224899292,0.48100619041642984,3.6789283355968996,28.42401123046875,17.81078338623047
00798N.png,1.7953,0.2069544494152069,0.32690738395749075,0.8763595418637032,4.610628128051758,23.494340896606445,0.9065335967856334,0.5525136410997176,4.628623008728027,1.510195803465212,8.9769868850708,2.2234299182891846,22.83349609375,0.6832439303398132,1.505104660987854,0.8302022218704224,0.004269350320100784,23.696382522583008,0.5175067266847715,0.03361053744210427,0.4688599705696106,0.5119567513465881,0.48504249234397,4.031774220702203,27.31951904296875,20.904056549072266
00802N.png,1.6934,0.23051132261753082,0.3516620086058184,0.8684597770514466,4.537703514099121,17.92687225341797,0.898029118526712,0.5432735660877611,4.6446051597595215,1.6145409791810028,6.748193740844727,1.7201703786849976,18.136219024658203,0.6325943470001221,1.541227102279663,0.8510931730270386,0.003061237744987011,25.14103126525879,0.45783694557073384,0.03510554106728752,0.45920807123184204,0.4815024435520172,0.4729947686057711,4.099414386678154,26.76531982421875,20.85087776184082
00806N.png,1.6864,0.24331386387348175,0.348450560975741,0.8810363815455343,4.867443084716797,26.26249122619629,0.8514779195120687,0.5496093245287021,5.021515846252441,1.7229130539945032,8.537440299987793,2.483508825302124,24.552316665649414,0.7149734497070312,1.4832923412322998,0.8747508525848389,0.005140573251992464,22.88988494873047,0.5265348497840217,0.03814431167090745,0.4362660348415375,0.5265565514564514,0.4732751608562426,3.8345426819914894,23.03778076171875,24.01233673095703
00810N.png,1.7009,0.25419241189956665,0.269707108886189,0.8821878499924555,5.258729457855225,26.22035789489746,0.8844413508669391,0.5186041174140427,5.1658172607421875,1.4057921974726106,8.46422004699707,2.468782663345337,26.538677215576172,0.7348998785018921,1.5688648223876953,0.8333398103713989,0.005230636335909367,22.814455032348633,0.4497835876903963,0.06755941160567487,0.4548606872558594,0.49137094616889954,0.4776883253457591,3.9725698366981352,26.94647216796875,23.150959014892578
00815N.png,1.68,0.22399114072322845,0.32576913901377813,0.8795177989970742,4.591347694396973,27.681137084960938,0.9045452379635595,0.5357206195167683,4.917337417602539,1.5488243263859243,9.571052551269531,2.5990917682647705,23.57771110534668,0.680178701877594,1.319003701210022,0.8260884284973145,0.004328778013586998,23.636348724365234,0.49359597215264633,0.054767183754220634,0.4849727153778076,0.5283994674682617,0.5125489626494844,3.9451819473231517,30.97918701171875,25.3680419921875
00819N.png,1.6849,0.294359415769577,0.30521372139074,0.8693042585471803,4.610623836517334,39.922447204589844,0.8482115755709485,0.4928727902810228,5.717683792114258,1.5761763210987887,12.350345611572266,3.740936040878296,30.052255630493164,0.6070480346679688,1.4782387018203735,0.777641773223877,0.010043932124972343,19.9809627532959,0.5063312093560487,0.054940770528315724,0.4249730706214905,0.47968950867652893,0.5199257045292031,3.5514580243720477,32.59686279296875,35.610130310058594
00823N.png,1.6887,0.30235356092453003,0.3438438499265155,0.8701863486960003,4.559134483337402,34.9541015625,0.8416946105254242,0.4928892668903276,5.786161422729492,1.778589675502598,11.035314559936523,3.248260498046875,29.197589874267578,0.6394996047019958,1.5389076471328735,0.8283165693283081,0.009875811636447906,20.054271697998047,0.47947167852809025,0.056061835156365536,0.42528438568115234,0.48970890045166016,0.5383245580373597,3.8155576283213213,32.67254638671875,34.16668701171875
00828N.png,1.6973,0.3326985239982605,0.3357009978686813,0.8927335752843646,5.414723873138428,40.5789794921875,0.8635122832408153,0.5094728460723269,6.0270304679870605,1.9205102750623588,11.822813987731934,3.7440755367279053,53.73752212524414,0.75449538230896,1.5968754291534424,0.7252014875411987,0.02014077454805374,16.959239959716797,0.48487721651830784,0.056276390962030284,0.449709415435791,0.5184427499771118,0.4515979470139501,3.543044443911038,28.50701904296875,23.307937622070312
00832N.png,1.669,0.3478807806968689,0.31686504341723387,0.8716839387404478,4.815055847167969,43.198482513427734,0.8239052477811031,0.47521623991683937,6.189144611358643,1.743429016439471,12.321843147277832,3.9998772144317627,38.14973831176758,0.622330904006958,1.5755729675292969,0.7806168794631958,0.018080351874232292,17.427932739257812,0.46617556653331177,0.07563346126484524,0.4114440679550171,0.4788185954093933,0.5437377016194616,3.796911039994731,34.76483154296875,28.091760635375977
00838N.png,1.6779,0.371717244386673,0.24046501108171256,0.8861704036712394,5.640392303466797,40.608314514160156,0.7854673589805631,0.45711284743669406,6.031857490539551,1.4033881944626714,11.764488220214844,3.7868540287017822,44.537410736083984,0.7406021356582642,1.5094587802886963,0.7376369833946228,0.01824282854795456,17.38907814025879,0.40650517168316025,0.08586445727444321,0.36458271741867065,0.45765918493270874,0.4589330666628913,3.635815695463425,34.48748779296875,24.911190032958984
00842N.png,1.6806,0.2536413073539734,0.28438176361725476,0.8841106524830968,4.910910606384277,23.134666442871094,0.909778003149247,0.5594216991803844,4.692131519317627,1.3654702447246923,9.020171165466309,2.17354154586792,26.70269203186035,0.6776113510131836,1.5381677150726318,0.8809569478034973,0.0052740625105798244,22.778549194335938,0.5125372194893442,0.02724326976991533,0.4769337773323059,0.54622483253479,0.4821054688684166,4.4707593689016285,28.78826904296875,34.86095428466797
00846N.png,1.6889,0.2626461386680603,0.35340088500294,0.8733539391773701,4.838825702667236,28.811355590820312,0.8724729458155416,0.5163914836155477,5.360065460205078,1.8021550857405728,9.603950500488281,2.7169597148895264,26.239330291748047,0.6434130072593689,1.591278314590454,0.8210010528564453,0.00720627699047327,21.42289161682129,0.46576819545482623,0.067092110632842,0.45364826917648315,0.4876755177974701,0.4910002475374023,3.986196665183112,32.80194091796875,22.981672286987305
00850N.png,1.683,0.25412383675575256,0.29119990000886087,0.8818369615392143,4.99475622177124,33.75778579711914,0.8918959992214567,0.5250478636758409,5.0653157234191895,1.4647514535707327,12.261566162109375,3.155106782913208,35.03876876831055,0.6793418526649475,1.490281581878662,0.8004262447357178,0.009559781290590763,20.195520401000977,0.5348483021079291,0.03924079291349389,0.45916715264320374,0.5196177363395691,0.4748680836129015,3.8906430767860956,30.33612060546875,32.96044921875
00854N.png,1.6699,0.2973056733608246,0.20354156130517867,0.879847457493798,4.870197772979736,26.059814453125,0.8239058640711086,0.538365437018333,4.84332275390625,0.9885562656724183,8.41694164276123,2.5442047119140625,21.23468017578125,0.6921135783195496,1.554170846939087,0.8255051374435425,0.004611975979059935,23.361129760742188,0.48498912870023203,0.042370582888987166,0.42324548959732056,0.479144811630249,0.4212184425275227,3.6161925854649715,19.40057373046875,20.61426544189453
00858N.png,1.6505,0.2634080946445465,0.21212117781866738,0.8721644257142694,5.110450744628906,28.639570236206055,0.8528036086361965,0.5325066562514604,5.064976692199707,1.0792156559570127,8.693421363830566,2.8047115802764893,19.584280014038086,0.6739133596420288,1.6037826538085938,0.7863146066665649,0.0038213441148400307,24.177839279174805,0.4744490174516041,0.04480971606526558,0.44003936648368835,0.4791131317615509,0.43187821468776727,2.9835698093165823,17.93865966796875,21.68803596496582
00862N.png,1.6682,0.2622345983982086,0.18103245013737698,0.8727692459385648,4.891139507293701,31.506025314331055,0.8239251539934603,0.5332994047259111,4.9645514488220215,0.8921033173502213,9.74405574798584,3.066169500350952,22.0115909576416,0.6729106903076172,1.6291496753692627,0.7883800268173218,0.005531054921448231,22.571922302246094,0.5237352667741242,0.03372316833338127,0.41345807909965515,0.4674316942691803,0.4381617346723024,3.4688920554034888,20.88299560546875,22.241605758666992
00866N.png,1.6675,0.2807687819004059,0.1754462471435296,0.8673915907895623,5.0463972091674805,31.392677307128906,0.8194998748890534,0.5141289363073529,5.2046122550964355,0.8992538007318291,8.855063438415527,3.076129674911499,18.01702308654785,0.6292358040809631,1.5848634243011475,0.7623246312141418,0.004297240637242794,23.668106079101562,0.4848710699264255,0.03520564313775098,0.41205281019210815,0.47477445006370544,0.42645769070513706,3.1473279763566087,19.72576904296875,20.580047607421875
00870N.png,1.6692,0.23842565715312958,0.22966430978249586,0.870306751097004,4.637406349182129,25.63591194152832,0.8543981331497171,0.5488142811493472,4.858316898345947,1.0904185673330833,7.481488227844238,2.5526254177093506,14.574748039245605,0.6529151201248169,1.5565054416656494,0.7735177278518677,0.0023318626917898655,26.322973251342773,0.48933312051352934,0.03444974683152689,0.4376147389411926,0.46602028608322144,0.4377791828660288,3.15003396882648,17.88836669921875,20.809141159057617
00874N.png,1.6636,0.2669023871421814,0.2469169500971337,0.8717891833937946,4.9836225509643555,34.77803039550781,0.8059393519364972,0.5413415664914616,5.186323642730713,1.2555704277178208,9.913707733154297,3.4374940395355225,20.478858947753906,0.673262357711792,1.621548056602478,0.7665584087371826,0.005259167402982712,22.790830612182617,0.544642830437432,0.028663856308359884,0.40924930572509766,0.487296462059021,0.4507403470059704,2.8453355191094505,16.61346435546875,22.070463180541992
00878N.png,1.6807,0.24587565660476685,0.2736157269923839,0.8773713137396854,4.987850666046143,35.03276824951172,0.8844646626669673,0.5605547318327228,5.279569625854492,1.404668934282153,10.441790580749512,3.4213156700134277,23.28746795654297,0.6975744962692261,1.500274896621704,0.7553614377975464,0.004237807355821133,23.728588104248047,0.5052184127472598,0.05654678693273822,0.47131818532943726,0.5083072185516357,0.4590888821027898,2.9579178324911184,21.38104248046875,18.333494186401367
00882N.png,1.7342,0.2561820447444916,0.2850330691952498,0.880366001615524,5.137190818786621,34.430442810058594,0.877779015988892,0.5456242393101489,5.428355693817139,1.5057703576950665,9.600743293762207,3.333944082260132,23.970142364501953,0.7292050719261169,1.4647197723388672,0.7305386066436768,0.0041183470748364925,23.85276985168457,0.4495476572179617,0.07738329915499335,0.4720190167427063,0.49450981616973877,0.4409360589135902,3.0651678353370047,23.75994873046875,20.82675552368164
00886N.png,1.6676,0.26019230484962463,0.304542583708913,0.8696388700913316,5.230990409851074,32.76408767700195,0.8815116396651305,0.548689639722823,5.519620895385742,1.6370150780880195,9.530420303344727,3.150916337966919,23.79139518737793,0.6324194073677063,1.6234240531921387,0.7453407049179077,0.005428317468613386,22.653348922729492,0.44631778284354606,0.07725285660379308,0.45488327741622925,0.47989198565483093,0.4488574056100154,2.78729951780886,23.45526123046875,23.771080017089844
00890N.png,1.6953,0.37988656759262085,0.3534208156068537,0.8681271336471077,5.634346961975098,41.92127227783203,0.7905676458392192,0.48244566031709796,6.649548530578613,2.1706988396798508,11.306374549865723,3.9796462059020996,40.405181884765625,0.6451517939567566,1.7500656843185425,0.6527019739151001,0.02116973325610161,16.74284553527832,0.39844163239955277,0.09449969014978263,0.3903651237487793,0.46781694889068604,0.38313001796644197,2.686019483286817,21.18621826171875,21.5076904296875
00894N.png,1.6959,0.28749531507492065,0.2954033900100116,0.8658485267229228,5.248668193817139,40.319766998291016,0.8385560979245608,0.5378016298118472,5.732541561126709,1.6219488803741502,11.37920093536377,3.879481315612793,26.721847534179688,0.6507002115249634,1.7536464929580688,0.6968556642532349,0.008339379914104939,20.78866195678711,0.4438184016665917,0.0883721170442179,0.4555736184120178,0.4975459575653076,0.4037387112204491,2.7537433196179726,24.69940185546875,37.56396484375
00898N.png,1.6594,0.24673432111740112,0.32421538729265176,0.885054303028074,5.140118598937988,32.99378967285156,0.8903874804875068,0.5445993663693227,5.375166893005371,1.7046146259493593,9.836051940917969,3.208547830581665,25.678573608398438,0.7336492538452148,1.4101710319519043,0.8272914886474609,0.004520742688328028,23.44790267944336,0.45533713261378006,0.08579291138220098,0.4810039699077606,0.5181162357330322,0.48676105792707514,3.15448491581371,25.36737060546875,21.54351234436035
00902N.png,1.6825,0.3556181490421295,0.3090241690026497,0.8854476733452489,5.838596820831299,49.02518081665039,0.8419766843557307,0.5089724543176746,6.38257360458374,1.8883241732014966,13.700932502746582,4.6852946281433105,42.753273010253906,0.7367494702339172,1.5603914260864258,0.6713114976882935,0.013696583919227123,18.633878707885742,0.39410198280814185,0.10856473900694895,0.46503323316574097,0.5359734892845154,0.3900479185361528,2.843828364169584,23.77215576171875,24.683696746826172
00906N.png,1.7034,0.3794608414173126,0.28148029557096643,0.8841322116578179,5.771205425262451,54.66645812988281,0.8363724978137542,0.5255258623445626,6.390050888061523,1.7115821814162153,14.614768981933594,5.162614822387695,42.34662628173828,0.7149398326873779,1.4420483112335205,0.6865179538726807,0.012738402932882309,18.948850631713867,0.4226051808786601,0.09525511099048892,0.4574618935585022,0.516622006893158,0.403430154296574,2.646410159957452,24.81854248046875,32.36769485473633
00910N.png,1.6973,0.4328691065311432,0.2971666003857008,0.8769628245873823,5.797357082366943,57.326011657714844,0.8268189211874938,0.5191941148972207,6.70775842666626,1.8580567529278014,14.957818031311035,5.362140655517578,59.23185729980469,0.6189746856689453,1.5813941955566406,0.6768107414245605,0.03200798109173775,14.947418212890625,0.4538596845330824,0.08179402955857812,0.4320215582847595,0.4987884759902954,0.4146971779983514,2.579416433152522,21.38983154296875,26.14581871032715
00914N.png,1.6935,0.3945239782333374,0.2508766204040838,0.8725223852917561,6.0060882568359375,54.381282806396484,0.786533850763836,0.49707243827246794,6.450422763824463,1.5625282158855214,14.976661682128906,5.126222133636475,39.60511779785156,0.679566502571106,1.4919638633728027,0.6510469913482666,0.01328519731760025,18.766321182250977,0.4197456285314878,0.1041192516509118,0.415855348110199,0.472806453704834,0.40303356730649476,2.681309001799067,25.11151123046875,30.953195571899414
00918N.png,1.7081,0.4170043468475342,0.28337347071800334,0.8831587255791135,6.013564586639404,57.261627197265625,0.7775095746957373,0.4722436719136977,6.7473602294921875,1.8080589039933326,15.12460708618164,5.426974296569824,46.55400085449219,0.735302746295929,1.4817109107971191,0.6086781620979309,0.017678750678896904,17.525484085083008,0.3909142719610919,0.11576080805763217,0.40761369466781616,0.48987483978271484,0.3737311449867128,2.598294844722888,21.43865966796875,24.688156127929688
00922N.png,1.6961,0.39071202278137207,0.29080914559685395,0.8798348714856924,5.917221546173096,52.033390045166016,0.8275309899493295,0.5135429364966703,6.555408477783203,1.8135828361146356,14.05952262878418,4.932392597198486,39.2290153503418,0.7212934494018555,1.4918885231018066,0.6520237922668457,0.012327320873737335,19.091312408447266,0.41763698659792603,0.1064046825961506,0.4431845545768738,0.4672149121761322,0.40552929737664134,2.769055116452275,26.75653076171875,26.90410614013672
00927N.png,1.7077,0.4135669469833374,0.279899625384268,0.87743894970036,6.028450012207031,57.12369918823242,0.8170325656972213,0.5205138175507988,6.616923809051514,1.7697230172147176,14.746699333190918,5.445235252380371,39.303321838378906,0.6962450742721558,1.5470502376556396,0.622155487537384,0.012260244227945805,19.115009307861328,0.4022512360506922,0.11480001715466695,0.4512179493904114,0.49816203117370605,0.3584398610960942,2.7524124086685084,24.13153076171875,25.936853408813477
00931N.png,1.6993,0.47689759731292725,0.28698015697694995,0.8802440941916579,6.117903709411621,62.224727630615234,0.7883192548540403,0.4953625276313223,6.9860382080078125,1.8802910042904681,15.4898681640625,5.8545379638671875,48.11774826049805,0.7251705527305603,1.5964765548706055,0.6336038112640381,0.02197149768471718,16.581403732299805,0.377279144445646,0.1397532451584326,0.42779186367988586,0.49796557426452637,0.3786633986149325,2.8383700388679185,26.29022216796875,29.640384674072266
00935N.png,1.7034,0.3794156610965729,0.2713558948231982,0.8766571693810405,5.893394470214844,52.15528106689453,0.8061998834848775,0.5091288729425141,6.467979907989502,1.67717089170279,14.511289596557617,4.8876824378967285,41.33815002441406,0.6816303133964539,1.619999647140503,0.6545040607452393,0.014051772654056549,18.522689819335938,0.43965933976515353,0.09220719443184087,0.4144565463066101,0.46182841062545776,0.3910518818486863,3.1419991745541904,27.48455810546875,35.089515686035156
00939N.png,1.7589,0.3937338590621948,0.2986837557125108,0.8784463190680648,5.83461856842041,54.49374008178711,0.8255456170880866,0.5085399566073172,6.571816444396973,1.8528058862131882,15.197872161865234,5.142890453338623,39.32559585571289,0.7119488716125488,1.4950382709503174,0.6829706430435181,0.012364673428237438,19.078174591064453,0.4393987923111715,0.09736210688271825,0.4499380588531494,0.5015032887458801,0.40885242436205554,2.800994324826564,25.26727294921875,34.514854431152344
00943N.png,1.6977,0.3735036253929138,0.34602081199992124,0.8782012682114269,5.76775598526001,56.159149169921875,0.8076403469227594,0.5114909434702225,6.40016508102417,2.1051833658159556,16.582202911376953,5.272847652435303,42.67790222167969,0.7100260257720947,1.5804738998413086,0.679479718208313,0.01436406560242176,18.42722511291504,0.47236207666679264,0.08744138655915107,0.41976243257522583,0.4926084578037262,0.4039631618609163,2.809425260241523,24.36395263671875,38.76472473144531
00947N.png,1.7315,0.40933719277381897,0.32393263113158804,0.8963039505545118,6.149594306945801,60.94691467285156,0.8033006763936903,0.4981823505423759,6.713232040405273,2.0833504102808362,17.37380027770996,5.753114223480225,54.00566482543945,0.7784793376922607,1.3836760520935059,0.6559747457504272,0.01860867440700531,17.302846908569336,0.4354323522830954,0.10785243697643528,0.42225372791290283,0.506062388420105,0.404105163916141,2.608562998685571,22.44940185546875,23.613788604736328
00951N.png,1.6804,0.2805665135383606,0.32292920482098386,0.8923894995483469,5.221533298492432,35.189422607421875,0.8441810967029165,0.5487644968344969,5.376014232635498,1.7111347656187306,12.204535484313965,3.359633207321167,29.634023666381836,0.7757076025009155,1.3724455833435059,0.7634228467941284,0.005715665407478809,22.429332733154297,0.4641366445307619,0.0770356650956644,0.4403013586997986,0.506441593170166,0.4108363830467334,3.3324110040872195,22.20819091796875,24.809616088867188
00955N.png,1.7046,0.31125694513320923,0.2549543694284259,0.8887413297832276,5.2515153884887695,35.543888092041016,0.808638264070881,0.5332052682496343,5.322918891906738,1.3480037303965666,11.587024688720703,3.384746551513672,29.802431106567383,0.766921877861023,1.4881541728973389,0.7616925239562988,0.007414551451802254,21.299152374267578,0.46177295540515206,0.06392913685044266,0.4081812798976898,0.49452805519104004,0.395168270566125,3.5653828839637955,23.21502685546875,25.90711784362793
00959N.png,1.7084,0.3098624348640442,0.25036966444024245,0.8873612658121731,5.111361503601074,42.9665412902832,0.7940210630732606,0.5284441137674242,5.487695693969727,1.3268458944761399,13.239484786987305,4.10019063949585,35.03132629394531,0.7691872715950012,1.586393117904663,0.758697509765625,0.010792674496769905,19.668710708618164,0.5118991183525741,0.05441576844528387,0.4004336893558502,0.5028260350227356,0.42229610011139895,2.9683029047952334,20.95135498046875,28.124961853027344
00964N.png,1.6874,0.16097953915596008,0.458515988320168,0.8763265258061156,4.165770530700684,20.840557098388672,0.8729429057323883,0.47832432204913805,3.672093152999878,1.7969016135880187,10.356688499450684,1.9159910678863525,29.129545211791992,0.6140466332435608,1.530045509338379,0.8558458685874939,0.007511171046644449,21.242923736572266,0.6039829120428671,0.014192926191153608,0.3187709152698517,0.45707449316978455,0.5075502074065609,5.4003078033231775,53.07537841796875,23.63333511352539
00968N.png,1.7022,0.25391754508018494,0.32056131099198903,0.8995383214688375,4.986001491546631,29.397533416748047,0.8884619808238908,0.5421564691667083,5.011282444000244,1.6023770638106019,10.078956604003906,2.763077735900879,30.171836853027344,0.7813525199890137,1.2814263105392456,0.8301276564598083,0.005383071023970842,22.689701080322266,0.4788372644269156,0.060208879724769675,0.4787832200527191,0.5277858972549438,0.4759867878962853,3.885921419940995,29.97625732421875,33.36042404174805
00972N.png,1.6925,0.31286054849624634,0.2281027568539173,0.8807409376486454,5.377963542938232,30.951738357543945,0.8580236195523754,0.5301770422685504,5.305092811584473,1.218421436265519,9.5060453414917,2.932055711746216,25.73993682861328,0.6983036398887634,1.4524219036102295,0.7622420787811279,0.004858281463384628,23.135175704956055,0.43892549395423847,0.06649759508684969,0.45083314180374146,0.4887638986110687,0.42694393220405197,3.7976297054123345,28.41912841796875,26.318374633789062
00976N.png,1.7801,0.34146034717559814,0.27156282587580044,0.8745470246912007,5.400675296783447,36.23344802856445,0.8552703165622219,0.5024725026340305,5.927338123321533,1.5381387451388324,10.628326416015625,3.3536198139190674,32.75015640258789,0.6364299654960632,1.6236073970794678,0.7549335956573486,0.010244538076221943,19.895078659057617,0.4058013867187389,0.08681898819611907,0.45811617374420166,0.4948837161064148,0.4516061777740949,3.579915570533548,30.67108154296875,28.972713470458984
00980N.png,1.6839,0.27054449915885925,0.1816544278606693,0.8604117613111392,5.480257987976074,21.80331039428711,0.877764179604896,0.510382558892071,4.81373405456543,0.9349778881253297,6.7926788330078125,2.092890739440918,16.027069091796875,0.5865451693534851,1.5883996486663818,0.890110969543457,0.002932273782789707,25.327957153320312,0.4062897834162943,0.04651048467451589,0.4702341556549072,0.4812561869621277,0.4340296980032473,3.773805188218282,26.65985107421875,26.039714813232422
00984N.png,1.6947,0.292093962430954,0.2920049141002711,0.8854165774599467,5.197807788848877,32.21110916137695,0.8802609057190963,0.5398844958952108,5.341695308685303,1.5387987946276134,11.639771461486816,3.009554147720337,31.973569869995117,0.7031242847442627,1.3154783248901367,0.8620508909225464,0.0072581954300403595,21.391714096069336,0.5162831588122441,0.04630919058051388,0.465030312538147,0.5275840163230896,0.4611771343008504,3.645759385703072,26.24871826171875,21.25366973876953
00988N.png,1.6941,0.25430166721343994,0.2550414124554393,0.8934693816156682,4.925891876220703,29.977493286132812,0.882641914054083,0.543906518262593,4.937911033630371,1.2578438677748398,10.921852111816406,2.83542799949646,26.425844192504883,0.7506017684936523,1.2851736545562744,0.837888240814209,0.004411132074892521,23.554500579833984,0.4879678037067233,0.05758026409053103,0.46617478132247925,0.5117965936660767,0.45816361597758715,3.652703199893447,25.41815185546875,18.33685874938965
00992N.png,1.7245,0.23247189819812775,0.24885994442885911,0.8799210836312447,4.883764743804932,25.49986457824707,0.898338627713251,0.5443794766487656,4.7301225662231445,1.1962603144252668,8.669109344482422,2.420039653778076,21.91873550415039,0.6913800835609436,1.4257638454437256,0.8567098379135132,0.0036238913889974356,24.408248901367188,0.5004936285478796,0.04718010476504751,0.4711330533027649,0.4994211196899414,0.4783889352054051,4.110687527809518,25.63153076171875,21.35991668701172
00996N.png,1.6973,0.2547527551651001,0.2197745732757353,0.8732260540228536,5.0862298011779785,28.1038875579834,0.8839108435845248,0.52182184777411,5.006928443908691,1.1091138165981551,8.945538520812988,2.667410135269165,21.865440368652344,0.6547422409057617,1.4980554580688477,0.7978129386901855,0.004008240532130003,23.970462799072266,0.45811619748095517,0.06228661797353838,0.46589332818984985,0.48335886001586914,0.46194749724423073,3.494860322540264,23.88494873046875,26.19483184814453
01000N.png,1.6664,0.24509961903095245,0.21765256379153872,0.8695281125853762,5.158513069152832,24.74852180480957,0.8850422744240112,0.5272553092640756,4.852237224578857,1.0894367015384958,8.273763656616211,2.3676609992980957,20.957826614379883,0.6407801508903503,1.6532222032546997,0.7838391065597534,0.004192144609987736,23.775636672973633,0.461830693909068,0.04243507782055933,0.46430525183677673,0.502088189125061,0.4467078785487195,3.5959515093902117,23.60858154296875,24.339099884033203
01004N.png,1.6712,0.2655484676361084,0.24956900551841235,0.8923605818134723,5.345790863037109,26.627260208129883,0.8937049772711961,0.5137340492696161,5.152687072753906,1.3100519843074228,8.007879257202148,2.5414280891418457,26.30388641357422,0.7694807052612305,1.4910645484924316,0.8262876272201538,0.004547866992652416,23.421920776367188,0.41040678392904345,0.062154278530575376,0.47750455141067505,0.5253189206123352,0.46781206545881004,3.3190060687651686,23.38543701171875,16.81971549987793
01008N.png,1.6804,0.2799062728881836,0.2581900983445199,0.8806133439114922,5.268825054168701,29.644577026367188,0.8598511203660375,0.5231707093810707,5.301762580871582,1.364615179799431,9.88766098022461,2.805905818939209,33.38559341430664,0.7269266843795776,1.7740646600723267,0.8255772590637207,0.011735469102859497,19.304996490478516,0.4457880883946225,0.06467845848852516,0.4373399019241333,0.48930424451828003,0.4599401263432864,3.1884581215990755,27.14910888671875,21.356990814208984
01012N.png,1.6692,0.25440940260887146,0.27173048656985554,0.8816681735496034,5.157166957855225,28.229633331298828,0.8944552314425788,0.5459900026977661,5.033837795257568,1.3846083378382517,9.183661460876465,2.6984057426452637,27.7677059173584,0.7388096451759338,1.6533622741699219,0.8416621685028076,0.00657016783952713,21.824235916137695,0.4997075929368325,0.042037159821477,0.47684887051582336,0.54612797498703,0.47159525363348054,3.697204164396279,23.35662841796875,23.125507354736328
01016N.png,1.681,0.29675185680389404,0.27107966923941856,0.888879962412815,5.537477493286133,33.21170425415039,0.874796495444111,0.5157407918037562,5.552433967590332,1.5031297979541716,10.22522258758545,3.1359503269195557,34.752777099609375,0.7666178941726685,1.6125493049621582,0.7965405583381653,0.007991315796971321,20.973817825317383,0.48338740974225397,0.055147665320017705,0.45659130811691284,0.49966517090797424,0.4464336664520286,3.392700906551406,24.10614013671875,24.012014389038086
01020N.png,1.7684,0.3530004024505615,0.2753346692214045,0.8677532177699494,5.6922101974487305,43.244842529296875,0.8448335721800919,0.49792598118325715,6.224410533905029,1.6405345688640125,12.102242469787598,4.015354156494141,33.39996337890625,0.5381360054016113,1.6556077003479004,0.7933933734893799,0.013176459819078445,18.802011489868164,0.47710759036753014,0.07816174051832346,0.4330591857433319,0.4607505798339844,0.4879876741068376,3.824717756993625,33.25604248046875,26.907602310180664
01024N.png,1.6702,0.31030693650245667,0.27147750215741995,0.866057816085557,5.3331685066223145,30.667701721191406,0.8355635262323593,0.5073803281343522,5.621829032897949,1.487022693360414,8.362360954284668,2.868328809738159,22.866304397583008,0.4888453483581543,1.8220388889312744,0.8161150217056274,0.007700605317950249,21.134754180908203,0.4744191564820513,0.05382378028065351,0.41081276535987854,0.4261825680732727,0.46246316672134574,3.552150346361533,26.28143310546875,34.49501037597656
01028N.png,1.6626,0.27300751209259033,0.22909974551935303,0.8761590355384168,4.9842071533203125,27.284622192382812,0.8370412609365951,0.5206164487969208,5.035505294799805,1.1477610060955126,8.139700889587402,2.5861551761627197,20.472736358642578,0.691777229309082,1.5265722274780273,0.8314070701599121,0.0045493775978684425,23.420482635498047,0.48849092008029865,0.043558770252232315,0.4184843897819519,0.4566705822944641,0.4351048818927935,3.6367035888882637,25.11444091796875,20.860092163085938
01033N.png,1.6652,0.2932165861129761,0.21191493192538235,0.8753595164518729,5.137454986572266,32.811851501464844,0.8378313538466241,0.5221560370183492,5.212155342102051,1.0966223730688185,10.305533409118652,3.0855822563171387,27.654163360595703,0.6610667705535889,1.5244463682174683,0.8536077737808228,0.0074982959777116776,21.25037384033203,0.5130771483696612,0.04401205827185293,0.4247070252895355,0.48303163051605225,0.462509861734761,3.6977077086196766,26.47381591796875,29.510009765625
01037N.png,1.692,0.332821786403656,0.2791726984635652,0.8745812778660407,5.464308261871338,37.2714729309082,0.8495656675369749,0.5125095742944294,5.850203990936279,1.5793565423428397,10.224353790283203,3.512071132659912,28.34853172302246,0.7027519941329956,1.5951591730117798,0.8156981468200684,0.007036801893264055,21.526248931884766,0.423505628391879,0.08938965145653062,0.44898486137390137,0.5148912072181702,0.44340639048361696,3.480395711853228,25.83221435546875,23.710668563842773
01041N.png,1.6819,0.36038604378700256,0.2619688940764226,0.8716927930479634,5.5125412940979,44.895965576171875,0.8283933395120782,0.5023890861959343,6.183710098266602,1.5320320156014073,11.815011024475098,4.211550235748291,30.77630043029785,0.6511756181716919,1.5345845222473145,0.7756471037864685,0.008276410400867462,20.82158088684082,0.43864306094597794,0.0996261489073064,0.4423285126686096,0.4887048006057739,0.45178923564928464,3.1810383297479805,29.67645263671875,30.521800994873047
01045N.png,1.6827,0.3409811854362488,0.22330155030714682,0.8775482531397393,5.472325801849365,46.42013168334961,0.856327767693495,0.5217218673677962,5.9668684005737305,1.2771991052506504,12.774900436401367,4.33880615234375,31.321537017822266,0.6812902688980103,1.3752294778823853,0.7527409195899963,0.007520054467022419,21.237791061401367,0.4533205615374562,0.08330436861787528,0.47239208221435547,0.5420150756835938,0.4460528733326447,3.10687738791286,29.15057373046875,28.233936309814453
01049N.png,2.4089,0.3542732894420624,0.21368306351459912,0.8696916787882316,5.481199741363525,42.95140075683594,0.8595867164566261,0.5036240561564131,5.872374534606934,1.2130372154146638,12.179720878601074,4.035224914550781,28.790685653686523,0.6214723587036133,1.5042572021484375,0.8026406764984131,0.007876934483647346,21.03643035888672,0.46603758193159217,0.0700766294893454,0.4650607705116272,0.5058408975601196,0.4634598545018529,3.0108344378869227,26.36151123046875,30.571035385131836
01053N.png,1.6808,0.3680499196052551,0.250082294338008,0.8724277061823411,5.607389450073242,42.87249755859375,0.8510377870224072,0.5119071068595059,6.042355537414551,1.456702049637924,12.601938247680664,3.9984848499298096,32.66340255737305,0.6145977973937988,1.479949712753296,0.802233099937439,0.009832371026277542,20.07341766357422,0.4555234435873462,0.07306826374429315,0.4527837634086609,0.5205687284469604,0.46148127129613636,3.169027190980273,29.48065185546875,28.10312271118164
01057N.png,1.6772,0.4038732945919037,0.2600200303072915,0.88518954335501,5.66193962097168,44.67131805419922,0.8589882203642494,0.503222165952094,6.047002792358398,1.5222845338664044,12.887415885925293,4.195563316345215,37.391807556152344,0.6999735236167908,1.3572190999984741,0.7912514209747314,0.009972445666790009,20.011981964111328,0.44287808291965103,0.08835444306293007,0.45750296115875244,0.5203032493591309,0.45062526921335283,2.955372423774554,26.70770263671875,28.076698303222656
01061N.png,1.699,0.44357213377952576,0.3235181405172864,0.8795074344980601,5.829480171203613,52.893131256103516,0.8298314789621399,0.5121460198492003,6.638940811157227,2.0168861011063406,15.010581970214844,4.8817009925842285,47.512638092041016,0.6664320826530457,1.5316154956817627,0.7748677730560303,0.01903507672250271,17.20445442199707,0.44942296466300635,0.09163374345275371,0.44653308391571045,0.5274641513824463,0.4441392495899127,3.2154601413290913,29.55877685546875,26.943342208862305
01066N.png,1.7004,0.3098970353603363,0.22599338189959742,0.8705283944038278,5.374609470367432,29.95339012145996,0.8783733794379556,0.5226930149489675,5.446974277496338,1.2228072874831053,9.715988159179688,2.7656686305999756,23.523677825927734,0.5854179859161377,1.3877438306808472,0.8707406520843506,0.004902558866888285,23.09577178955078,0.47153832995079425,0.04918607123068,0.4423527121543884,0.5169100761413574,0.5199831602091459,4.45757580322923,37.46112060546875,27.183490753173828
01070N.png,1.7069,0.4042525589466095,0.25443104979064884,0.8680697759414855,5.613038063049316,40.544559478759766,0.8454648758501127,0.5129347626614162,6.275146007537842,1.5123663619690682,11.251660346984863,3.76399302482605,28.57689094543457,0.5213801860809326,1.5022904872894287,0.8476096391677856,0.008259960450232029,20.830219268798828,0.45140634741778435,0.07359945838673933,0.4420151114463806,0.5142961740493774,0.48118337386716303,3.632411316917902,33.82244873046875,27.185562133789062
01074N.png,1.7287,0.38018813729286194,0.2613446929322457,0.8673508400922957,5.515460014343262,37.57771682739258,0.8453352180587049,0.5015603001419185,6.095496654510498,1.5172356980751065,11.139480590820312,3.4789788722991943,28.98662757873535,0.5071048736572266,1.5840427875518799,0.9331674575805664,0.009297610260546207,20.316287994384766,0.48807607728268176,0.05996227759324181,0.4094194769859314,0.49266520142555237,0.5659152044925555,3.8953738749694833,36.14227294921875,30.14190673828125
01078N.png,1.6797,0.3559441566467285,0.27969532421151777,0.8710469847737993,5.557170391082764,32.60808181762695,0.847981484900729,0.4934935669773711,5.950096607208252,1.60926960902,9.744683265686035,3.0188608169555664,32.347511291503906,0.5098658800125122,1.5717381238937378,0.9018615484237671,0.010970796458423138,19.597618103027344,0.47506778242731257,0.05851071934099188,0.40353184938430786,0.48059314489364624,0.5525951664949015,4.15556528309576,37.54119873046875,30.768356323242188
01082N.png,1.6791,0.3813095688819885,0.20841970515420113,0.8596203173444804,5.743852138519287,26.72379493713379,0.8223265890176047,0.5080071931994942,5.693365097045898,1.1918742127675959,6.725515365600586,2.497016668319702,17.376659393310547,0.459170937538147,1.6838058233261108,0.9590876698493958,0.0059480080381035805,22.25628662109375,0.40623305351714395,0.07049969892034752,0.39342495799064636,0.4994887113571167,0.4971773844555793,4.144878820939262,38.29608154296875,33.59531021118164
01086N.png,1.6874,0.35541993379592896,0.22882344353714446,0.8652692767431478,5.790719985961914,41.21162033081055,0.8298667288629209,0.5203850572254161,6.011307239532471,1.350294455383704,11.541106224060059,3.8134498596191406,30.165592193603516,0.5577167272567749,1.672355055809021,0.8225008249282837,0.01053265668451786,19.774620056152344,0.49985148832664095,0.0617074951960933,0.4091053605079651,0.4654120206832886,0.47473000341393073,4.065197018569216,33.91619873046875,30.70651626586914
01090N.png,1.8422,0.4001151919364929,0.19790167574775022,0.8654252412527728,5.969218730926514,42.513648986816406,0.7724892452731063,0.5081538033159312,6.086987495422363,1.1929752839354215,11.165369987487793,3.944734811782837,26.166854858398438,0.60263991355896,1.5919026136398315,0.7664543390274048,0.012406869791448116,19.063379287719727,0.44956821329807073,0.075168768969494,0.388416588306427,0.49021539092063904,0.3984138190715796,3.6987639393551306,35.08123779296875,31.622783660888672
01094N.png,1.7999,0.4089515209197998,0.2705043835300285,0.8754113004363739,5.683992862701416,55.298736572265625,0.8442698660251553,0.5208922107298258,6.472039699554443,1.6441351047066988,15.886609077453613,5.078999996185303,45.79783248901367,0.6184283494949341,1.4404029846191406,0.7393096089363098,0.01760862022638321,17.542747497558594,0.4845977350619147,0.08984905403966956,0.43016913533210754,0.494881272315979,0.4578529438023536,4.008811956821456,35.23944091796875,32.97391891479492
01098N.png,1.6878,0.38245874643325806,0.2909211103750189,0.8692192383245245,5.523353576660156,53.67346954345703,0.854310512217858,0.5205610727517035,6.502996921539307,1.7493649338435358,14.698873519897461,4.926804542541504,38.87832260131836,0.5710727572441101,1.5831594467163086,0.7869573831558228,0.016589459031820297,17.801677703857422,0.5055178575849333,0.08760349968049941,0.4365367889404297,0.5001876354217529,0.5195872030315093,3.9501125097756016,38.22186279296875,30.77516746520996
01102N.png,1.7047,0.3492102324962616,0.3035992373188501,0.8803140948131922,5.662140369415283,41.0252799987793,0.846985720117512,0.5314477600397273,5.994967460632324,1.7695501653117258,12.956361770629883,3.7814388275146484,32.90257263183594,0.7059305906295776,1.4466567039489746,0.7884423732757568,0.00825916975736618,20.83063507080078,0.4934460808589433,0.062297435941757365,0.43371152877807617,0.5172097086906433,0.4277263167782576,4.029824633389662,33.17645263671875,37.02604675292969
01106N.png,1.7247,0.2981192171573639,0.24339233870831717,0.8756931061561772,5.290066719055176,31.71616554260254,0.8813692605648917,0.5301689073222582,5.157121181488037,1.2713872963203556,12.006715774536133,2.9414021968841553,29.17393684387207,0.6373370885848999,1.3098806142807007,0.8548370599746704,0.006939067039638758,21.586990356445312,0.5603556139167128,0.030277572195469667,0.434121310710907,0.5065998435020447,0.5347138902049827,4.19735433206393,30.79315185546875,32.133201599121094
01110N.png,1.6823,0.36685457825660706,0.2676221942853112,0.875013461591843,5.644652843475342,40.05696105957031,0.850314489308902,0.5035567521204828,5.936807632446289,1.5497328178271097,12.829051971435547,3.6941113471984863,42.8065299987793,0.6076427698135376,1.5044230222702026,0.823390007019043,0.01714913919568062,17.657577514648438,0.526107722562839,0.05311020187225078,0.4109099209308624,0.48541831970214844,0.5233546490307165,3.946656420897765,34.00799560546875,25.212444305419922
01114N.png,1.6848,0.39533284306526184,0.2550136828104123,0.8692857589540877,5.832088470458984,51.8226318359375,0.8290496049961574,0.5078673313032017,6.341567039489746,1.5522289599785815,16.004676818847656,4.784163951873779,44.015628814697266,0.5472850799560547,1.5789399147033691,0.8042427897453308,0.021061914041638374,16.76502227783203,0.5444117497973036,0.05874546161529973,0.4035626947879791,0.49152541160583496,0.5097734843503336,3.903374673605305,34.33514404296875,29.793682098388672
01118N.png,1.6695,0.4072364866733551,0.21834718124433153,0.8786401053884165,5.673531532287598,31.813926696777344,0.8569176033181404,0.5266114941207841,5.418401718139648,1.2109501858224192,11.147970199584961,2.937373638153076,35.32579040527344,0.633107602596283,1.464647650718689,0.8647198677062988,0.009821120649576187,20.07839012145996,0.5202715610210206,0.03593103757999708,0.41472262144088745,0.5095187425613403,0.4972542718880559,4.037641563728506,35.43133544921875,33.799869537353516
01122N.png,2.3753,0.3076781928539276,0.2871950423148951,0.88665962083945,5.368880748748779,29.12436866760254,0.8784976214419408,0.5235212649097423,5.322810173034668,1.5353055399473146,10.909635543823242,2.7026572227478027,41.46087646484375,0.6836066842079163,1.4919278621673584,0.8285419940948486,0.012881895527243614,18.900203704833984,0.5103322890534387,0.037086197863592935,0.43152928352355957,0.5381523370742798,0.4834524057287229,4.236284011682434,36.27410888671875,38.69928741455078
01126N.png,1.7114,0.4768986701965332,0.3324929716830353,0.9059849622522389,5.678885459899902,46.57260513305664,0.8734228249294061,0.525881476767905,6.090914726257324,1.956694126353879,15.413448333740234,4.261268138885498,59.25927734375,0.786723256111145,1.3365532159805298,0.7955923676490784,0.024997906759381294,16.020963668823242,0.4870407557451518,0.08636241987622306,0.4551764726638794,0.5368707776069641,0.48231138654193406,3.8418020875548766,35.44500732421875,31.077068328857422
01130N.png,1.6749,0.34329473972320557,0.2570382763549461,0.8792632597513149,5.277914524078369,36.60968780517578,0.8628450595151911,0.484998446438426,5.7481303215026855,1.417062481263768,11.858449935913086,3.379547357559204,34.76032638549805,0.664797306060791,1.423217535018921,0.8254991769790649,0.011233191937208176,19.494970321655273,0.5152633861417085,0.051847476813380984,0.4127086400985718,0.5045429468154907,0.5311057105322127,4.1262198383256825,36.88153076171875,30.258441925048828
01135N.png,1.6944,0.3392585217952728,0.2820748365894162,0.8651334170919747,5.127401351928711,27.2745418548584,0.8600929051242234,0.5005536560750782,5.556693077087402,1.50686222448455,8.210756301879883,2.531501054763794,22.114519119262695,0.43847811222076416,1.7009103298187256,0.8336093425750732,0.0071671949699521065,21.446510314941406,0.49808637410848844,0.04304918243383079,0.41266682744026184,0.4523242115974426,0.5566996193089099,4.356252462478944,36.65350341796875,24.982025146484375
01139N.png,1.6718,0.2514182925224304,0.31361048095312194,0.8669328368645598,4.863042831420898,29.488548278808594,0.8779259144193051,0.5266160237577991,5.27308464050293,1.589403643539777,9.8291654586792,2.727417230606079,26.16571617126465,0.5885070562362671,1.4842901229858398,0.8658075332641602,0.00685868039727211,21.63759422302246,0.5321598959004418,0.03904960087747503,0.44007110595703125,0.5177583694458008,0.543228393325583,4.510329368916513,35.44110107421875,31.783187866210938
01144N.png,1.6716,0.2948685586452484,0.2942734489914139,0.8703364353531929,5.523913860321045,33.27341079711914,0.8497139819427023,0.49296580863196354,5.764878273010254,1.661001341546779,11.32029914855957,3.0554888248443604,32.62845230102539,0.5897890329360962,1.6142239570617676,0.8505409955978394,0.011386580765247345,19.436067581176758,0.5540738117172034,0.03118532202025193,0.38270801305770874,0.4899485111236572,0.5376699140241461,4.117191014636239,35.28143310546875,31.511783599853516
01148N.png,1.7029,0.3515652120113373,0.2073886385837921,0.8666381436107926,5.833378314971924,37.857032775878906,0.8164339107706209,0.47886153136954557,6.066751956939697,1.2339797595853277,10.351058006286621,3.4930999279022217,31.719438552856445,0.5339154005050659,1.610429048538208,0.7731143236160278,0.012976969592273235,18.868268966674805,0.46566702984101677,0.06657627605717592,0.38336238265037537,0.4400123357772827,0.5013491425622157,3.8928462633283965,38.17498779296875,26.163999557495117
01152N.png,1.7063,0.35805705189704895,0.22271491599877938,0.868274708575211,5.561600208282471,46.76953125,0.8111949933466942,0.4727559901556771,6.184741973876953,1.308046893882766,13.096787452697754,4.335362911224365,38.383567810058594,0.5755566954612732,1.5080437660217285,0.7648297548294067,0.01777604967355728,17.50164794921875,0.48589839060152407,0.08088183659323667,0.3826293647289276,0.46769392490386963,0.514040512446216,4.049398728455355,35.99334716796875,27.647016525268555
01158N.png,1.7073,0.427608847618103,0.23847383654717128,0.8694404306095274,5.875056266784668,57.7591667175293,0.7963768212419353,0.48678107446462454,6.735838890075684,1.503688860842491,14.366179466247559,5.322661399841309,39.23640823364258,0.6155795454978943,1.472281575202942,0.6935453414916992,0.018695857375860214,17.282546997070312,0.4197500530570895,0.13498142618387257,0.39660289883613586,0.48236286640167236,0.47492120730925313,4.094566000808739,39.80242919921875,35.24198913574219
01162N.png,1.6922,0.3786731958389282,0.3290796325595918,0.8712994824350049,5.534486770629883,50.99162292480469,0.8322914198257813,0.4781184240920715,6.476902008056641,1.9763578995776463,14.752875328063965,4.656493663787842,44.87670135498047,0.5265945196151733,1.6169328689575195,0.7034889459609985,0.023361576721072197,16.314977645874023,0.5323435691140338,0.05599456385176061,0.3795262277126312,0.46223941445350647,0.4981005034948337,4.177135511449153,40.03387451171875,34.24656677246094
01166N.png,1.6721,0.30808913707733154,0.23546962601271262,0.8665717401287556,5.457238674163818,34.3486213684082,0.8773732550532595,0.5180601036022476,5.522953033447266,1.2927551976912675,11.471184730529785,3.1718246936798096,27.83143424987793,0.5570625066757202,1.5157686471939087,0.8184875845909119,0.008233506232500076,20.844152450561523,0.5238392771404938,0.03233600813018606,0.42102837562561035,0.47928059101104736,0.5173186483555171,4.06830778168344,38.19891357421875,29.976505279541016
01170N.png,1.6777,0.2703469395637512,0.27123902937803457,0.8711361563308327,5.2305588722229,28.511972427368164,0.892342036454664,0.5181881034982786,5.225221157073975,1.4180128016674214,9.88329792022705,2.64959454536438,26.32830238342285,0.5944269299507141,1.5047560930252075,0.7673249840736389,0.006442646961659193,21.90935516357422,0.48996659648475516,0.041507599082365926,0.4227982759475708,0.4643733501434326,0.4808193874730787,4.238939480015536,33.92498779296875,25.946083068847656
01174N.png,1.6636,0.42277219891548157,0.2873401489554831,0.8724626934840038,5.806939601898193,36.982704162597656,0.8646029613559628,0.5254935609378991,6.120731830596924,1.713654721832409,10.182645797729492,3.397771120071411,33.15550994873047,0.5516378879547119,1.6500866413116455,0.7653452157974243,0.010498261079192162,19.78882598876953,0.4564262045305352,0.06957416855919474,0.42612573504447937,0.4703695774078369,0.45456741258310523,3.6483603657228922,37.42840576171875,25.456130981445312
01178N.png,1.7225,0.37658411264419556,0.33812079075841917,0.8648883994806225,5.099926471710205,47.543609619140625,0.8145842854928551,0.4875547208240007,6.403481483459473,1.9447769453307249,13.421317100524902,4.396233081817627,43.85920715332031,0.5806419849395752,1.6368358135223389,0.6936300992965698,0.029453255236148834,15.308667182922363,0.49962718344355284,0.08166354889611019,0.38879555463790894,0.46010151505470276,0.5088931508583074,4.00895295371403,29.77166748046875,34.37222671508789
01182N.png,1.6756,0.24763116240501404,0.2777278334089994,0.8697210377057006,5.26093864440918,27.80923843383789,0.863367725397186,0.4987550166704145,5.2481770515441895,1.4593421730863074,9.514080047607422,2.5860204696655273,26.751060485839844,0.5735670924186707,1.5078742504119873,0.842313289642334,0.007288346532732248,21.373708724975586,0.5137427657200351,0.03604037197138152,0.3920515179634094,0.4763337969779968,0.5236724781520621,4.055120414489,31.75750732421875,28.413415908813477
01186N.png,1.6719,0.3465099632740021,0.23327223226563612,0.8615945394682692,5.440598964691162,31.017364501953125,0.8367837571643656,0.49662129110545117,5.525293350219727,1.2790233894261416,8.422723770141602,2.896303415298462,20.191143035888672,0.43217265605926514,1.7062621116638184,0.8259997963905334,0.007078373339027166,21.50066566467285,0.4771511263809829,0.06247457362657074,0.39863884449005127,0.4510955810546875,0.5366903386954363,4.113499442095066,35.84686279296875,28.09209632873535
01190N.png,1.6681,0.2791338562965393,0.2503219198103108,0.8599844037785265,5.179943084716797,29.1816349029541,0.8412812618461791,0.5001791689812514,5.371335506439209,1.320612811957199,8.641743659973145,2.719794273376465,23.02466583251953,0.4955475330352783,1.6295270919799805,0.8793613910675049,0.007595517206937075,21.194427490234375,0.4996627003904564,0.05432615646432178,0.3999510407447815,0.47379717230796814,0.5510395125641677,4.486204689537581,33.03826904296875,27.067405700683594
01194N.png,1.7041,0.37545883655548096,0.2109658105280153,0.8671168087054723,5.607217788696289,28.883411407470703,0.8318505479172755,0.513271895410153,5.521910667419434,1.1739366725224283,7.502786159515381,2.666171073913574,24.133289337158203,0.5238540172576904,1.7674601078033447,0.899737536907196,0.007102061063051224,21.48615837097168,0.430696620005229,0.08167842236713892,0.4137515723705292,0.51887446641922,0.4916907805357922,3.9008865736997214,36.61785888671875,25.007152557373047
01198N.png,1.7175,0.25824084877967834,0.22531184008672783,0.8685856346568428,5.0268449783325195,23.463777542114258,0.869020278406664,0.5382294478131887,4.787423133850098,1.1056395092559512,8.020398139953613,2.1850271224975586,19.9906005859375,0.5341663956642151,1.5254817008972168,0.8814371824264526,0.003965114708989859,24.017444610595703,0.5205069118576191,0.030168666200426582,0.4222027063369751,0.48480963706970215,0.4881400402393738,4.182991514471232,35.17791748046875,22.995586395263672
01202N.png,1.6633,0.2813258469104767,0.21816281221478243,0.8685653184276214,5.148044109344482,25.42597770690918,0.8686973269222029,0.5348489081807046,4.973718166351318,1.1041000578681839,8.133306503295898,2.3778016567230225,20.43692970275879,0.543798565864563,1.5131710767745972,0.8632679581642151,0.004117200151085854,23.853981018066406,0.4862551801085189,0.04299653801469829,0.4288164973258972,0.49199602007865906,0.4782482093941581,3.9485878289471863,34.22283935546875,24.93194580078125
01206N.png,1.7319,0.27320098876953125,0.2956499584880833,0.8699682037951961,4.913435459136963,25.867347717285156,0.8862027893121517,0.5283729363621918,4.956787109375,1.4590707971928651,9.90475082397461,2.4162755012512207,25.042560577392578,0.5603368282318115,1.4883859157562256,0.8974034190177917,0.005917136091738939,22.278884887695312,0.5592861208035208,0.017170427725048693,0.4241083264350891,0.48818016052246094,0.5264699117655228,4.125258770904005,32.46307373046875,26.034360885620117
01210N.png,1.7469,0.29282277822494507,0.2991169325806873,0.8751878764818608,4.9446120262146,34.20166778564453,0.8849844796137671,0.5346339632614061,5.164320945739746,1.5118820333172422,13.201959609985352,3.174863338470459,34.0445556640625,0.5776146054267883,1.5770283937454224,0.8687766790390015,0.01046628039330244,19.80207633972168,0.6001153910941229,0.023952096959254942,0.4356033504009247,0.5187900066375732,0.5178289576112394,4.212855425899817,30.29559326171875,25.977252960205078
01214N.png,1.6768,0.28603658080101013,0.2916425347799393,0.8768140376357403,5.3979105949401855,36.362388610839844,0.8697701008859887,0.5393564003935682,5.425974369049072,1.578358150056122,13.600464820861816,3.356463670730591,37.30817794799805,0.6094965934753418,1.5113639831542969,0.7980258464813232,0.011368148028850555,19.443103790283203,0.519710134279793,0.05868232234601559,0.4382047653198242,0.5220207571983337,0.4494179901017106,3.847398979485482,32.87908935546875,28.310312271118164
01218N.png,1.6656,0.2838165760040283,0.2747697704769472,0.86485828862064,4.858510971069336,19.15159034729004,0.898978765114238,0.5255822333406015,4.648491382598877,1.3061234497811416,6.895780086517334,1.808892011642456,16.79075050354004,0.5995520949363708,1.4434282779693604,0.8878803253173828,0.002669940236955881,25.7349853515625,0.4710251598646857,0.037835417603199986,0.4603017568588257,0.5219374895095825,0.5246496049640146,4.414578978809378,32.02752685546875,23.406455993652344
01222N.png,1.668,0.39547932147979736,0.19283393954982075,0.8511019502879095,5.270462512969971,19.492137908935547,0.8725398018491944,0.5205528383943371,4.900056838989258,0.9806128760612136,5.093407154083252,1.8421618938446045,10.372231483459473,0.49943289160728455,1.719313144683838,0.8930262327194214,0.001993733225390315,27.003328323364258,0.38704316756385115,0.08140357981539668,0.44497519731521606,0.5181044340133667,0.49864035943148216,4.283146990074479,36.16912841796875,18.723876953125
01226N.png,1.6598,0.2944004237651825,0.2750491896289503,0.8675234732865337,4.825156211853027,27.14109992980957,0.875616049701963,0.5159019000449394,5.307406902313232,1.3934818009549765,8.266120910644531,2.5274291038513184,23.385814666748047,0.577273428440094,1.5610853433609009,0.8304352760314941,0.005934367887675762,22.266254425048828,0.4970625315018027,0.042592130474044615,0.4239005446434021,0.5105233192443848,0.5419281634653194,4.054012813067661,34.68572998046875,32.08206558227539
01230N.png,1.6758,0.34912633895874023,0.3453509691392884,0.8633117976943915,4.630656719207764,33.91447830200195,0.827097946993972,0.4960935243736608,6.085139751434326,1.8503617545188646,9.588507652282715,3.1387288570404053,28.980012893676758,0.5120177865028381,1.7076687812805176,0.8855960369110107,0.014776824973523617,18.30419158935547,0.4819290777330351,0.061569747530924875,0.40253329277038574,0.4776287376880646,0.5918827491539651,4.095014205334374,35.20037841796875,32.869022369384766
01234N.png,1.6852,0.27329328656196594,0.272825687861426,0.8664634210921047,4.954967021942139,29.14971351623535,0.8591108754443821,0.4830539620498054,5.519909858703613,1.4289126517423654,9.35551929473877,2.717813491821289,25.492937088012695,0.5740893483161926,1.5215251445770264,0.8975156545639038,0.007416001055389643,21.298301696777344,0.507958534634071,0.05385942247798807,0.4013291001319885,0.4937856197357178,0.5826334591836203,4.3350782481382595,33.95135498046875,34.094566345214844
01238N.png,1.6715,0.260831356048584,0.2696994677640847,0.8753852451197071,5.181577682495117,19.89525032043457,0.8811551599891522,0.5057987106852735,4.758756637573242,1.3404563915745467,7.5759124755859375,1.8613473176956177,22.369243621826172,0.6833041310310364,1.4825451374053955,0.9299989342689514,0.004121449310332537,23.849502563476562,0.4895757855131926,0.04688617979880597,0.4156678020954132,0.5166906118392944,0.5304944488007837,4.611604953309022,34.20233154296875,22.28795623779297
01242N.png,1.6687,0.2598530054092407,0.35127444021747,0.8657944974736165,4.740570545196533,23.741228103637695,0.8564818877252165,0.5038039830748947,5.3634538650512695,1.774649070815654,8.299253463745117,2.1862435340881348,24.25535774230957,0.569272518157959,1.722367525100708,0.8806976079940796,0.007634810637682676,21.17201805114746,0.4569092940235676,0.06888018774521168,0.4052433967590332,0.5093777179718018,0.522640026183315,4.075760698767598,33.55828857421875,29.254301071166992
01246N.png,1.6808,0.26528218388557434,0.3403281132517082,0.883124957951994,4.9803547859191895,26.75603485107422,0.8946950889566366,0.5369077339408261,4.955862045288086,1.6907933726862119,9.847956657409668,2.4951975345611572,25.319660186767578,0.69693922996521,1.258055567741394,0.8414435982704163,0.004714581649750471,23.26556968688965,0.5301677463542747,0.054161875152008376,0.4448986053466797,0.5302046537399292,0.518173823579089,4.302202185031891,33.28778076171875,29.7853946685791
01250N.png,1.662,0.3472011089324951,0.40059451273310565,0.8616288017491707,5.208896160125732,31.439931869506836,0.846001686564889,0.49920084365699374,6.012322425842285,2.247586653971428,9.971590995788574,2.890613555908203,27.82573699951172,0.5648547410964966,1.6560195684432983,0.8456058502197266,0.010629367083311081,19.734926223754883,0.4845739112716163,0.06436234061497274,0.3864169120788574,0.4771472215652466,0.5274788324568825,4.046383047971855,34.79022216796875,25.46087074279785
01254N.png,1.7002,0.23987829685211182,0.4052802209983669,0.8777272292981418,4.951443195343018,25.03420066833496,0.903009821732181,0.5371537872053689,5.170119285583496,2.051042353014136,9.218133926391602,2.31775164604187,27.53383445739746,0.6540971994400024,1.5418710708618164,0.913864254951477,0.0060936869122087955,22.151199340820312,0.5335283006823717,0.03344820110592739,0.43115323781967163,0.522135853767395,0.5281872520136494,3.9046690537403754,33.33026123046875,25.94481658935547
01258N.png,1.6668,0.24257558584213257,0.38956034736555695,0.876216582143148,4.970099925994873,24.77631378173828,0.9026568690469242,0.5261397024655391,5.209974765777588,1.9828838803225377,8.81447696685791,2.309654951095581,24.96590232849121,0.6626565456390381,1.5714290142059326,0.9127556085586548,0.005216199904680252,22.826459884643555,0.5138879201643808,0.046364665463483154,0.4419206976890564,0.5326812267303467,0.5307640577918711,3.5931912212251773,31.74334716796875,26.73440933227539
01262N.png,1.674,0.263558566570282,0.3121392352731467,0.8693149603790763,5.409968852996826,30.27819061279297,0.8855542295895934,0.5296892936959505,5.529007911682129,1.7072476996008241,9.335341453552246,2.8107128143310547,23.811853408813477,0.6405872106552124,1.5431879758834839,0.8327240943908691,0.005200650542974472,22.83942413330078,0.4790141538421211,0.05416539492505709,0.4438402056694031,0.5252426862716675,0.4985253171583627,3.4761873995231007,36.09149169921875,29.01544189453125
01266N.png,1.677,0.29875943064689636,0.308614849862095,0.8746079288443485,5.314579963684082,29.226484298706055,0.8928941993461903,0.5209563259150017,5.430823802947998,1.658101431291275,10.096199989318848,2.7214560508728027,26.73188018798828,0.6468535661697388,1.3661129474639893,0.9360116720199585,0.006097413133829832,22.148544311523438,0.5186567833570915,0.0372027528741245,0.4469822943210602,0.5351969599723816,0.5457117646668529,3.3560233664972983,31.83758544921875,27.262855529785156
01270N.png,1.751,0.307133287191391,0.35520812938615415,0.8725193113083631,5.228740692138672,24.834964752197266,0.8885787306571077,0.5430654154271861,5.472536563873291,1.900596895173548,8.510087013244629,2.3315088748931885,23.432601928710938,0.6557877659797668,1.6125516891479492,0.902961254119873,0.005120570305734873,22.906816482543945,0.47214569228845976,0.05200190800862715,0.46099233627319336,0.5680722594261169,0.5078800546973176,3.693210903454649,29.96990966796875,33.509368896484375
01274N.png,1.7066,0.25976765155792236,0.3501878518002646,0.8826120000686538,5.217449188232422,32.75489044189453,0.8975562266761453,0.5561611101019693,5.416293621063232,1.8619102052211467,10.953131675720215,3.019239902496338,30.18333625793457,0.6865959167480469,1.3148128986358643,0.8874463438987732,0.006589571945369244,21.81142807006836,0.5455664333261472,0.04508047538466367,0.4510938227176666,0.5237200856208801,0.5318529471225741,3.797636639750861,35.63299560546875,36.40839385986328
01278N.png,1.6877,0.3549225330352783,0.2771384512307487,0.8749018753540752,5.8997883796691895,42.50116729736328,0.8600233535871188,0.5216391265729873,6.185921669006348,1.6747124927846038,12.799893379211426,3.9317355155944824,35.59801483154297,0.6464037895202637,1.5088422298431396,0.7140392661094666,0.010730575770139694,19.693769454956055,0.4542232963929151,0.08380152477292963,0.4468866288661957,0.5229991674423218,0.42664847845379883,3.131537911549613,30.02410888671875,30.32771110534668
01282N.png,1.6864,0.32580870389938354,0.3057045039615252,0.871908284603533,5.497540473937988,38.61582946777344,0.8503697395957355,0.5005356446294738,5.967562675476074,1.7524725509525645,11.480520248413086,3.537912607192993,30.691844940185547,0.6385402679443359,1.5780253410339355,0.7367988228797913,0.009782705456018448,20.095409393310547,0.4863727516577094,0.08043394375601554,0.4190405607223511,0.48211944103240967,0.46858502001715957,3.7785631488545137,35.81561279296875,33.353965759277344
01286N.png,1.6843,0.38469764590263367,0.3328695149444448,0.8682418528416826,5.363213539123535,39.55750274658203,0.8362751441968964,0.49621803979476653,6.303322792053223,1.9417232791175092,11.754216194152832,3.6394548416137695,33.14958190917969,0.5962382555007935,1.6573786735534668,0.7795498371124268,0.01506553590297699,18.22015380859375,0.46449463664338697,0.08713210313085977,0.4114869236946106,0.485379159450531,0.4987685846058008,3.4364597794291383,32.45037841796875,32.265296936035156
01290N.png,1.7051,0.3181610107421875,0.24930285277917374,0.8729103062957225,5.457519054412842,39.18671798706055,0.8451236729643962,0.4965677916279784,5.815402507781982,1.4051903992196895,11.376934051513672,3.62496018409729,35.10361099243164,0.631162166595459,1.5510530471801758,0.7388607263565063,0.012216901406645775,19.130390167236328,0.503847905275529,0.058706295955120676,0.41552668809890747,0.48916664719581604,0.47570292872723047,3.8628877107306283,34.60369873046875,28.52329444885254
01294N.png,1.7187,0.3656386435031891,0.30040447353844085,0.8654605535761378,5.436652660369873,35.984718322753906,0.8430322716939292,0.5039985780817979,6.329530239105225,1.767312599078176,10.324319839477539,3.305107593536377,32.531219482421875,0.5557088851928711,1.7190401554107666,0.7740008234977722,0.015220915898680687,18.17559242248535,0.4313326996541451,0.06950034592893642,0.42827537655830383,0.5168508291244507,0.46733244949434377,3.704959518539672,35.36248779296875,29.142791748046875
01298N.png,1.6896,0.2798283100128174,0.25168654405260144,0.8631846324589929,5.231888771057129,26.445255279541016,0.8796068555051764,0.5233909440927963,5.154080390930176,1.3070090209019476,9.66504192352295,2.4684855937957764,22.661270141601562,0.5666828155517578,1.5783239603042603,0.8609035015106201,0.00545034883543849,22.635757446289062,0.48676647910058735,0.045030217191498065,0.45096227526664734,0.530975341796875,0.5015960579334853,3.8388843561597596,31.39617919921875,27.320449829101562
01302N.png,1.6819,0.3029334843158722,0.2233130793130057,0.8681975909679192,5.526193141937256,32.672122955322266,0.8532602992469582,0.5103308333451458,5.591917514801025,1.2414138697488895,10.368552207946777,3.067892551422119,27.484560012817383,0.597773551940918,1.5940090417861938,0.8129539489746094,0.007440805900841951,21.283802032470703,0.4714021644370788,0.0555303485400167,0.4416133463382721,0.4928698241710663,0.4660674864934358,3.698747864082691,34.10662841796875,33.22576904296875
01306N.png,1.6961,0.3045087158679962,0.281739840149374,0.8705062031563611,5.205999374389648,29.05801773071289,0.8712844047395163,0.5172857675415693,5.556884288787842,1.5161718269177218,9.324026107788086,2.697366952896118,28.689489364624023,0.5912752151489258,1.5992724895477295,0.8294402360916138,0.008183241821825504,20.870746612548828,0.4789032130616936,0.05661177338284561,0.4430214762687683,0.5012181997299194,0.5224124860491836,4.250751778579725,35.41229248046875,29.916059494018555
01310N.png,1.7329,0.34901362657546997,0.2716119397712081,0.8857659968116487,5.380047798156738,28.722185134887695,0.884635825552582,0.5304462024829038,5.333054542541504,1.4549081834576327,9.771978378295898,2.6654305458068848,30.91213035583496,0.7161685228347778,1.474647045135498,0.807543933391571,0.006837704684585333,21.650896072387695,0.4563042189277869,0.06969673554705957,0.45867449045181274,0.5181267261505127,0.47806677855301055,4.24070174041706,35.18182373046875,32.92967224121094
01315N.png,1.6889,0.27926555275917053,0.3411249579204021,0.8737046957082379,5.008037090301514,31.744388580322266,0.8787807082727246,0.5198807197080705,5.559535026550293,1.802437530716114,10.901142120361328,2.9365999698638916,33.42354965209961,0.6120988130569458,1.6269508600234985,0.7818630933761597,0.010792946442961693,19.66860008239746,0.49120957677905974,0.06252432484192744,0.4517780542373657,0.5040975213050842,0.4906177769193552,4.056378605564148,27.47967529296875,26.88205337524414
01319N.png,1.838,0.2966228425502777,0.3270304928254839,0.8796567453928101,5.026167869567871,24.981868743896484,0.8714826378242421,0.4973824102658675,5.695823669433594,1.7532149066070204,7.315080642700195,2.3300716876983643,28.680503845214844,0.6537013053894043,1.772899866104126,0.879530131816864,0.009477685205638409,20.23297882080078,0.45302977870731626,0.060120676567624425,0.42667901515960693,0.5113470554351807,0.5406188563502924,4.034374396163963,32.74725341796875,26.75223159790039
01323N.png,1.7003,0.3738694489002228,0.3325132802558373,0.8857768149688765,5.848074436187744,38.06223678588867,0.8633932074720906,0.5238971059630739,6.360426902770996,2.0297504407697957,11.206761360168457,3.5133302211761475,39.51522445678711,0.7064281702041626,1.5193507671356201,0.7750494480133057,0.011701025068759918,19.31776237487793,0.4248792837693039,0.09699968105881016,0.45931750535964966,0.5692954063415527,0.4461602771526816,3.652143621250967,33.82830810546875,29.738248825073242
01327N.png,1.7009,0.40552932024002075,0.24297339847442373,0.8782830696404434,5.731289863586426,45.60356903076172,0.8497282108288365,0.518533633521771,6.290818691253662,1.460530721205803,11.709814071655273,4.2076263427734375,33.87727355957031,0.6542564630508423,1.3621940612792969,0.7338412404060364,0.008939300663769245,20.48696517944336,0.4158498086387609,0.1104319542417609,0.45632678270339966,0.5309253931045532,0.4226194365121752,3.7667129073043086,36.93182373046875,30.44109535217285
01331N.png,1.6847,0.384555459022522,0.3246971256154047,0.8756846833176668,5.244475841522217,35.686614990234375,0.8475033056423867,0.4711468440961816,6.194990158081055,1.8571869010282072,10.445433616638184,3.272740602493286,36.399600982666016,0.6376758217811584,1.5655107498168945,0.8399311304092407,0.015484251081943512,18.101099014282227,0.46814772458797543,0.06782693109175583,0.40479937195777893,0.49343955516815186,0.527635699796173,4.58671003262186,38.93182373046875,37.681884765625
01335N.png,1.6993,0.3423343896865845,0.22035340211710566,0.8701178518159948,5.422142505645752,42.56269836425781,0.8656494150887002,0.529341576565544,5.73800802230835,1.2295926652392595,12.010079383850098,3.932765483856201,28.47264289855957,0.5934512615203857,1.3732575178146362,0.8001071214675903,0.007707818876951933,21.130685806274414,0.5232959601374134,0.05782957908428415,0.44805434346199036,0.5007955431938171,0.5436238145118465,3.942315619739771,39.29266357421875,29.992422103881836
01340N.png,1.7206,0.30887436866760254,0.19535485976441205,0.8703251300597075,5.448394298553467,37.21126937866211,0.8648108165180581,0.529868322932908,5.436777114868164,1.0632391473273142,11.730406761169434,3.432248592376709,27.86361312866211,0.5968313217163086,1.3966209888458252,0.8238824605941772,0.0072520822286605835,21.395374298095703,0.5363105153128418,0.04125074463909552,0.44075191020965576,0.49789145588874817,0.5336113022386633,3.7237719418381277,35.48309326171875,28.327672958374023
01344N.png,1.7373,0.30051326751708984,0.21234733931496394,0.8700322232922149,5.437567710876465,33.850486755371094,0.861106040246732,0.5142249055301601,5.44490909576416,1.155436555864343,11.712434768676758,3.126993179321289,29.565853118896484,0.5871573686599731,1.4841303825378418,0.804137110710144,0.008908926509320736,20.501747131347656,0.5219472883889598,0.03393052238231329,0.4263913035392761,0.4855276048183441,0.5212976256477928,3.536511342710438,37.78143310546875,33.01441192626953
01348N.png,1.6849,0.31992775201797485,0.23911088454335225,0.8774619606263612,5.474211692810059,40.11130142211914,0.860402440552172,0.5090276085181377,5.7288713455200195,1.3393939942522426,12.839354515075684,3.7039315700531006,36.762184143066406,0.6516520977020264,1.4419209957122803,0.7797319889068604,0.012053031474351883,19.189037322998047,0.5244559162510807,0.043913309019717905,0.4303246736526489,0.49122685194015503,0.4980079256167846,3.8064643389457347,36.28631591796875,33.702880859375
01352N.png,1.6921,0.31986114382743835,0.2683728523097952,0.8703756519896431,5.44103479385376,43.78831481933594,0.8619389202212582,0.5257884322800923,5.938121795654297,1.526933106974301,12.782258987426758,4.016828536987305,37.89198303222656,0.5670570731163025,1.592081069946289,0.7524154186248779,0.014546758495271206,18.372339248657227,0.5120079685178629,0.04939402744816132,0.43920305371284485,0.4629576802253723,0.477844783347764,3.7916437732724746,33.87322998046875,33.488929748535156
01356N.png,1.6848,0.25843334197998047,0.2777065176366988,0.8743192652681162,5.052547931671143,30.10665512084961,0.8853463598925783,0.538669072712463,5.127477169036865,1.413534683238428,11.07225227355957,2.790576219558716,29.67945671081543,0.599452555179596,1.491374135017395,0.8490063548088074,0.007678529713302851,21.147220611572266,0.5318979078723963,0.030423354204310138,0.4466572701931,0.5094436407089233,0.5078070100477187,3.8857149868297354,29.93084716796875,29.242084503173828
01360N.png,1.6907,0.22713236510753632,0.3056462497083827,0.8780349918963926,4.891812324523926,22.808490753173828,0.9054446936502628,0.5551012646852258,4.715074062347412,1.4681599036814692,8.977622985839844,2.1439383029937744,20.677156448364258,0.6773627996444702,1.3654582500457764,0.8722819089889526,0.003243660321459174,24.8896484375,0.5083288796956741,0.03877795346752792,0.4624076783657074,0.5501954555511475,0.498380783774351,4.1748709270320985,30.32635498046875,25.8172607421875
01364N.png,1.6989,0.3014619052410126,0.2305133377854372,0.8661535409549552,5.580960273742676,28.348562240600586,0.8664915406153959,0.5175711924686714,5.2155303955078125,1.2443716464194008,8.784478187561035,2.6503219604492188,23.05084228515625,0.5716500282287598,1.5360748767852783,0.8367218375205994,0.005386548116803169,22.686893463134766,0.4809565482534677,0.05727400644666863,0.42855405807495117,0.48593389987945557,0.4771184501142942,3.41847887862422,30.17254638671875,28.42983055114746
01368N.png,1.6722,0.31176114082336426,0.24114378014448207,0.8610607229746904,5.740583896636963,28.941295623779297,0.8230691885447272,0.49738856619925004,5.616555690765381,1.3693561676061492,8.07436752319336,2.7005558013916016,22.833097457885742,0.49118876457214355,1.6812825202941895,0.8857399225234985,0.007383367046713829,21.317455291748047,0.4364548481221448,0.06179772291841902,0.40644538402557373,0.502210259437561,0.49026745569879415,3.6362635276031394,31.88250732421875,24.075593948364258
01372N.png,1.666,0.2910493314266205,0.2639857353738651,0.869641864054873,5.161441326141357,21.91626739501953,0.8813037569726506,0.5305982958539583,4.864539623260498,1.323362883429688,7.733994007110596,2.0489373207092285,23.93284797668457,0.5129585862159729,1.7001570463180542,0.8826419115066528,0.005936832167208195,22.26445198059082,0.490549823994199,0.0265465277312102,0.4386986494064331,0.49975520372390747,0.5038142698577098,3.7320786416472287,29.48699951171875,25.897930145263672
01376N.png,1.6883,0.3407078981399536,0.22407992263709506,0.8621510453621704,5.819405555725098,33.240116119384766,0.8313819215763232,0.5129245553937544,5.839817047119141,1.30630296317797,9.348282814025879,3.100482225418091,24.658842086791992,0.5565612316131592,1.7319841384887695,0.7590122818946838,0.008061203174293041,20.936002731323242,0.4479891607993518,0.06699427688850818,0.4263261556625366,0.48702192306518555,0.42060058207949125,3.6279665932289764,34.96746826171875,31.413345336914062
01380D.png,1.6983,0.5989552140235901,0.28166370561412823,0.8717969074424304,5.828707218170166,106.38273620605469,0.7824214935574507,0.4538520002707835,7.249969482421875,1.8418993340978016,28.190093994140625,9.962106704711914,57.62083053588867,0.6026120185852051,1.3486615419387817,0.636899471282959,0.047553420066833496,13.228182792663574,0.5520647126865013,0.0953583545094691,0.35609865188598633,0.4339465796947479,0.5125201043581321,3.3968976002625637,38.56756591796875,53.48136520385742
01384D.png,1.694,0.6745463013648987,0.3364826849945745,0.8788802717442964,5.67169713973999,112.98704528808594,0.7826470703516376,0.4579003894200444,7.477027893066406,2.2121654491159344,31.12851333618164,10.596660614013672,67.97120666503906,0.6588440537452698,1.215706467628479,0.6530673503875732,0.06756073981523514,11.703056335449219,0.5496537881504037,0.1041072167196704,0.3563457131385803,0.4394511580467224,0.5126555693814955,3.2678672335846466,37.52410888671875,49.281280517578125
01388D.png,1.6905,0.6191650629043579,0.27057190106473455,0.8752333271134072,5.664515495300293,106.69876861572266,0.7770959962607495,0.47350401306679035,7.395326137542725,1.7668180312301907,28.24964714050293,9.950540542602539,58.10346221923828,0.6463110446929932,1.2298730611801147,0.6333181262016296,0.05089755728840828,12.93303108215332,0.5563627426894381,0.08773083237144592,0.3591216206550598,0.4350603520870209,0.5082189746269594,3.1983550429867753,35.02996826171875,47.452728271484375
01392D.png,1.7106,0.601752519607544,0.2801593151740494,0.8670129865674026,5.26486873626709,96.26849365234375,0.766561355148278,0.45457041297046186,7.226428031921387,1.749781689179784,24.114892959594727,8.959476470947266,50.72150421142578,0.5797156095504761,1.3198153972625732,0.696560263633728,0.05690906569361687,12.448185920715332,0.5275407795721798,0.1112470948764315,0.33979418873786926,0.41367557644844055,0.5612276252061101,3.506619928542197,40.46112060546875,46.89401626586914
01396D.png,3.4151,0.5232768654823303,0.32555220988979205,0.8719834021030428,5.4596052169799805,81.63578033447266,0.8041418675961025,0.4681492887473432,7.183987617492676,2.0580807484980976,21.13302993774414,7.535969257354736,55.491329193115234,0.5850355625152588,1.563323736190796,0.732405424118042,0.044131677597761154,13.552495002746582,0.5389989414832062,0.0931558521222824,0.36265867948532104,0.42496222257614136,0.5619746681464947,4.006689163835373,39.05780029296875,39.463233947753906
01401D.png,1.6877,0.5349341630935669,0.24350776159895604,0.8662285972990986,5.526987075805664,105.14537048339844,0.7912182704109961,0.4725360323662804,7.165726184844971,1.545391536602855,25.99077796936035,9.804031372070312,48.212005615234375,0.5703123807907104,1.3768541812896729,0.6501811742782593,0.036206766963005066,14.412102699279785,0.5611249911059369,0.10450727203152364,0.37315261363983154,0.4254409670829773,0.5578510938973048,3.8178807464463986,42.93817138671875,55.58399963378906
01405D.png,1.6899,0.46555203199386597,0.3177741096080867,0.8763722681045042,5.859751224517822,67.89344787597656,0.804736547827189,0.4848913726915059,6.82583475112915,2.015581255723415,20.828676223754883,6.211872100830078,55.87903594970703,0.6269189119338989,1.6597166061401367,0.6785146594047546,0.03262375295162201,14.864662170410156,0.5140998505417553,0.08159062247259917,0.34933722019195557,0.45044082403182983,0.4898703194804406,3.4345099414957145,39.12664794921875,52.3153076171875
01409D.png,1.6855,0.4067339301109314,0.24810352814741052,0.8669996865377454,5.558164596557617,54.54718017578125,0.7970806804672288,0.4900687184295905,6.252248764038086,1.4651072561774416,16.12126922607422,5.040740013122559,30.73920440673828,0.6136086583137512,1.4640398025512695,0.706481397151947,0.011628272011876106,19.344846725463867,0.5084436975043451,0.08654626090458241,0.3335510492324829,0.3977504372596741,0.5143625817887209,3.727740800074653,42.57830810546875,46.5506706237793
01413D.png,2.795,0.5597498416900635,0.22480947368343476,0.8577563177873064,5.480413913726807,88.22685241699219,0.7608847145847064,0.45396224298355986,7.001430988311768,1.4030225731159387,22.64415168762207,8.22321891784668,37.92900848388672,0.46218737959861755,1.4662995338439941,0.6473056077957153,0.04151322692632675,13.818135261535645,0.5321201111544069,0.10503687596604225,0.3377828001976013,0.4252627491950989,0.5256602022391645,3.456422590400696,34.41668701171875,48.28407287597656
01417D.png,1.7139,0.6393567323684692,0.224222534760327,0.8604818252653652,5.883433818817139,95.56676483154297,0.7650057628369021,0.4703539271428732,7.268059730529785,1.474434766583915,23.462491989135742,8.882823944091797,45.08585739135742,0.5011751651763916,1.4454543590545654,0.610306441783905,0.05424177646636963,12.656661033630371,0.5002326260901505,0.14000473848277295,0.33589163422584534,0.41010361909866333,0.4833163549948531,3.5464324917583965,35.80340576171875,54.89686584472656
01423D.png,1.7341,0.6269839406013489,0.2873143014402973,0.8707082949654628,5.47183895111084,80.38570404052734,0.7413583636383271,0.463120544696486,7.378536701202393,1.8460536611174128,20.63055992126465,7.323930263519287,53.15067672729492,0.5624242424964905,1.376659870147705,0.7334066033363342,0.06134412810206413,12.122269630432129,0.46025455998704645,0.13520647666920718,0.3377157151699066,0.38557109236717224,0.5543330215453246,4.217306277539323,38.71160888671875,42.11262893676758
01427D.png,1.726,0.6634229421615601,0.24930158608121103,0.8654153024534604,5.662978649139404,96.79209899902344,0.727965382206104,0.45699157361773896,7.3360795974731445,1.6203474078945899,25.40254020690918,8.97418212890625,54.1112174987793,0.6343339085578918,1.1931618452072144,0.6956580281257629,0.06183542311191559,12.087627410888672,0.49556942959631467,0.13268572178903773,0.33375412225723267,0.44648855924606323,0.525394162843495,3.4552651035665227,36.65155029296875,45.67584228515625
01431D.png,1.7164,0.6054989099502563,0.22699660714055692,0.8670946007971627,6.079214096069336,87.3775634765625,0.7618631993721289,0.469869489775867,7.2224531173706055,1.5097208370513435,22.875215530395508,8.05407428741455,51.960689544677734,0.62779700756073,1.3591740131378174,0.7070209980010986,0.03959645703434944,14.023436546325684,0.5076517668530661,0.11138062254784513,0.3440934419631958,0.43365728855133057,0.5332634675389114,3.4794261921519234,38.37030029296875,54.05474853515625
01435D.png,1.7151,0.5780689716339111,0.25785752309643106,0.8773167978139585,5.941634178161621,80.42272186279297,0.7831370092058886,0.4820571642264032,7.159079551696777,1.6890634908744246,21.592153549194336,7.409218788146973,53.52627182006836,0.6937062740325928,1.3750478029251099,0.8085852861404419,0.033587876707315445,14.738174438476562,0.4455537011768266,0.15870051747923072,0.40072691440582275,0.5112666487693787,0.5235294011330677,3.209549276219884,34.98797607421875,47.5706901550293
01441D.png,1.7063,0.613396167755127,0.24276891196066536,0.8598646210087322,4.977365970611572,105.16454315185547,0.7247473377399476,0.44170397043316145,7.316192626953125,1.4922511930558446,25.722475051879883,9.80126667022705,50.993587493896484,0.5570870041847229,1.2662601470947266,0.6759122610092163,0.06061053276062012,12.174519538879395,0.5086519169182662,0.13126293926401117,0.33445584774017334,0.42134156823158264,0.5477578120176679,3.685693043201527,37.92645263671875,46.19341278076172
01445D.png,1.7234,0.6021183729171753,0.26030729497360017,0.8554916670407692,4.795812129974365,94.64209747314453,0.7309824436223873,0.4267280869474081,7.237311363220215,1.5661595683189145,23.215274810791016,8.848665237426758,45.268470764160156,0.5007253885269165,1.3605048656463623,0.7551440000534058,0.0575949065387249,12.396160125732422,0.5378121857014581,0.1207681536524479,0.3322865068912506,0.4092705249786377,0.6072957954469592,3.6194548906872455,36.98846435546875,47.5096435546875
01449D.png,1.7584,0.6160634160041809,0.2525582495084248,0.8602603573258842,4.655252933502197,129.61859130859375,0.7500143019512717,0.42798874338108694,7.402145862579346,1.5226024654927848,30.386690139770508,12.202759742736816,51.28367614746094,0.519054651260376,1.2212936878204346,0.6863306760787964,0.05641636997461319,12.48594856262207,0.6045276570337949,0.09586758434959397,0.35965481400489807,0.4364594519138336,0.5648582274701727,3.4856259651698607,38.78631591796875,43.145660400390625
01453D.png,1.7395,0.5806829333305359,0.2751987798710759,0.8713805307319248,5.501886367797852,117.32967376708984,0.7767113791189947,0.4767538477497176,7.476068019866943,1.7857636269131536,28.85849952697754,11.062810897827148,55.433982849121094,0.6061708927154541,1.2805078029632568,0.6365790367126465,0.05198519304394722,12.841203689575195,0.5930474811210882,0.07844862650129879,0.38050535321235657,0.45216330885887146,0.5183570726564554,3.155841385667713,36.10955810546875,45.91728973388672
01458D.png,1.7217,0.6127277612686157,0.23804606058569444,0.8634207491550785,5.328732490539551,146.40728759765625,0.7808300777538805,0.46045193009777413,7.568691730499268,1.5350948483907167,34.37874221801758,13.867454528808594,53.93414306640625,0.5161554217338562,1.3767026662826538,0.6256421804428101,0.06777879595756531,11.689062118530273,0.6033393693257222,0.08946135023122218,0.379814088344574,0.4410225450992584,0.5434396786034128,3.429074213804872,33.19110107421875,45.33021926879883
01462D.png,1.7182,0.46071845293045044,0.25630774786670735,0.8579077417857044,5.289582252502441,72.98279571533203,0.7471276909887627,0.4503351043281823,6.685186386108398,1.5346176651167802,19.767915725708008,6.847379684448242,40.19345474243164,0.5764589905738831,1.5453903675079346,0.7498528361320496,0.02769565023481846,15.575884819030762,0.46745839989678867,0.12249571969676373,0.36572349071502686,0.46082809567451477,0.5567877914114924,3.6827161697279567,39.56072998046875,43.682071685791016
01466D.png,1.7436,0.5665526390075684,0.2593387573617529,0.8656752809878036,5.8365631103515625,99.44070434570312,0.738070756978824,0.4419321690255761,7.230337142944336,1.6943816663625366,25.82652473449707,9.284743309020996,53.64949417114258,0.5857498049736023,1.4733977317810059,0.6895549297332764,0.05098359286785126,12.925695419311523,0.542000854690544,0.1054024469088979,0.357965350151062,0.4415298402309418,0.5553475643263822,3.727688093504244,39.14715576171875,47.484764099121094
01470D.png,1.7637,0.563435971736908,0.23906944312304357,0.8592744892980658,5.563541889190674,102.98928833007812,0.7532643070274897,0.4454171170131277,7.171472549438477,1.5222808320321892,25.1890926361084,9.681105613708496,44.734046936035156,0.5358636379241943,1.5514843463897705,0.6324019432067871,0.046608973294496536,13.315305709838867,0.5323779157210451,0.11885155450706468,0.37020260095596313,0.425617516040802,0.5344144525518196,3.095898705268334,38.22772216796875,53.107452392578125
01474D.png,1.7016,0.5900037884712219,0.21907968536569603,0.8492405279077754,5.523364543914795,83.81198120117188,0.6826908279189486,0.43706907907865533,6.942836761474609,1.3655496981144761,21.695114135742188,7.759580135345459,39.3472900390625,0.4762939214706421,1.4376163482666016,0.6973057985305786,0.05607656389474869,12.512187004089355,0.46300082131256165,0.13888947941458885,0.29992741346359253,0.3904699683189392,0.5635504512111209,3.8989931308940884,38.33856201171875,41.1213264465332
01478D.png,1.7124,0.6158084869384766,0.25050704797946616,0.8521060800494278,5.489042282104492,92.40734100341797,0.6901140484860152,0.4330178391284579,7.250634670257568,1.5956940101062695,23.626487731933594,8.569290161132812,44.50639343261719,0.5022985935211182,1.4686771631240845,0.6790425777435303,0.06703931093215942,11.736703872680664,0.46469338417229833,0.13793691764132673,0.3135410249233246,0.40741652250289917,0.5470329056810889,3.6479417216632686,37.22381591796875,45.1065559387207
01482D.png,1.7602,0.6131100654602051,0.200536109936198,0.8539813467341271,5.6872878074646,107.03968048095703,0.7009592482464078,0.4563088476645022,7.277865886688232,1.2999944542777655,26.050525665283203,9.940829277038574,46.955848693847656,0.5160025358200073,1.4271092414855957,0.6097092032432556,0.057117581367492676,12.432302474975586,0.5050722953228682,0.12159536379460617,0.3334543704986572,0.40408948063850403,0.5215141401127825,3.742174054628556,38.17742919921875,46.28508758544922
01486D.png,1.706,0.6227452754974365,0.15621090333362186,0.8485464915796681,5.146165370941162,99.46475219726562,0.6823438678075718,0.43986327629947525,6.976212978363037,0.9468266177602711,22.940549850463867,9.19876480102539,35.10371398925781,0.41536635160446167,1.3883028030395508,0.6372804045677185,0.05326254293322563,12.735780715942383,0.47309841455938373,0.14025379320538503,0.31928735971450806,0.4003863036632538,0.5205052413528899,4.210733554245035,38.01873779296875,46.84526824951172
01493D.png,1.6917,0.562749445438385,0.20809623345781417,0.8475405804052893,5.084169864654541,85.94956970214844,0.7259240588840608,0.44515453062443494,6.994207382202148,1.2567360736066622,20.30854606628418,7.994560718536377,35.06245422363281,0.43024569749832153,1.5309267044067383,0.7238335013389587,0.04801246523857117,13.186460494995117,0.46521554644454177,0.15331570888248455,0.3456268310546875,0.43278342485427856,0.560099616080346,3.6714160773765494,39.08221435546875,50.6166877746582
01498D.png,1.7038,0.5052780508995056,0.22488666887222308,0.8542602309100742,5.297253131866455,91.58541107177734,0.7321034390808869,0.4441011886066512,6.841469764709473,1.3649226450044143,25.098337173461914,8.606088638305664,43.491939544677734,0.5436218976974487,1.3750723600387573,0.7010666131973267,0.03487193584442139,14.575239181518555,0.5369309860293864,0.09850737799876119,0.3503035008907318,0.4276006519794464,0.5784411898984861,3.654475620313366,40.37957763671875,47.01893615722656
01502D.png,1.7208,0.5005224347114563,0.33326615058580994,0.8746008502264702,6.01512336730957,83.32283020019531,0.797332126650923,0.46601313627828334,7.144294738769531,2.1928005316139227,23.852874755859375,7.786071300506592,58.560935974121094,0.6216722726821899,1.6220093965530396,0.6114380955696106,0.041994236409664154,13.768102645874023,0.5122790426931625,0.09596361999454145,0.37763845920562744,0.4292522966861725,0.46457503208364725,3.3107652169535453,36.08709716796875,40.0732536315918
01506D.png,1.7064,0.5214866399765015,0.2407791386037424,0.8538135077454843,5.822436332702637,63.61872482299805,0.7573536901937502,0.4279262013477925,6.739212512969971,1.5122958979507182,15.834877014160156,5.883059024810791,31.269981384277344,0.4204311966896057,1.683976173400879,0.5891774296760559,0.036617763340473175,14.363082885742188,0.4577700482826545,0.11989852283982888,0.33155131340026855,0.333133727312088,0.4794214258499151,3.928453066924572,41.36541748046875,53.1236457824707
01510D.png,1.7048,0.5494779348373413,0.23050278964343995,0.8480723845747329,5.265705108642578,74.02437591552734,0.6909712961203093,0.3996558828662079,6.870601654052734,1.3987305626514388,17.36339569091797,6.911715507507324,32.098419189453125,0.37229079008102417,1.5380094051361084,0.6733816266059875,0.049586422741413116,13.046371459960938,0.4557914871360808,0.1520579149092236,0.29987478256225586,0.3735434412956238,0.5626300483150083,3.808198646722022,40.30487060546875,43.6104736328125
01514D.png,1.7265,0.5775936841964722,0.21259265135929764,0.8538339114458198,5.512918472290039,113.67677307128906,0.7429633247592237,0.4511484679682538,7.159397125244141,1.3470246043155516,26.555992126464844,10.684453010559082,41.31584930419922,0.4160909950733185,1.5108472108840942,0.659851610660553,0.04855598509311676,13.137571334838867,0.5229599506232746,0.12894776744461414,0.36360087990760803,0.42359110713005066,0.5620018975345812,4.017207106396116,38.09002685546875,44.111083984375
01520D.png,1.694,0.5632365942001343,0.2863391025468701,0.867488292343016,4.937498092651367,87.59425354003906,0.7209597195468058,0.44983961452735877,7.290820598602295,1.7507281684582665,21.51897430419922,8.188740730285645,49.043514251708984,0.6392383575439453,1.3423116207122803,0.6296571493148804,0.059956833720207214,12.221613883972168,0.46369219803655226,0.14594622359875814,0.3189433217048645,0.416448175907135,0.4980373425595158,3.4503704328416953,37.71844482421875,45.24139404296875
01527D.png,1.7089,0.6030957102775574,0.36033117573110707,0.8713178624275137,4.456254482269287,91.6168212890625,0.7441686412596367,0.4122347943366575,7.576620578765869,2.1679167941350848,22.063011169433594,8.383044242858887,62.066558837890625,0.4518372714519501,1.6470487117767334,0.7656587362289429,0.10029736906290054,9.987105369567871,0.5309188523802395,0.0962100286418483,0.30584096908569336,0.4198616147041321,0.5456940425274182,3.5628037607843375,41.98748779296875,41.7595329284668
01531D.png,1.7581,0.5712891817092896,0.28511731056845246,0.8736494772667605,4.872631072998047,98.3456039428711,0.7170314436042787,0.4440575919749093,7.348416805267334,1.7422214966600595,22.785930633544922,9.121535301208496,55.423484802246094,0.6410019397735596,1.2772022485733032,0.6553853750228882,0.05912928655743599,12.281972885131836,0.542248740721048,0.09594903149318972,0.3357940912246704,0.42729148268699646,0.5106194297720561,3.9968748872156743,41.36932373046875,37.78631591796875
01535D.png,1.7479,0.5301948189735413,0.26710189378093785,0.8697892084893535,5.023487567901611,87.34558868408203,0.7309921684238524,0.4369123597464537,7.180135726928711,1.629810314314195,20.473464965820312,8.16431713104248,48.9128303527832,0.6169520020484924,1.4081190824508667,0.623906672000885,0.04632052034139633,13.342266082763672,0.5447046112174175,0.08545497370543288,0.34420061111450195,0.4173680245876312,0.51468904373662,3.907495783578619,38.62127685546875,42.910091400146484
01539D.png,1.7085,0.5573054552078247,0.22776744979644598,0.8572942932567025,5.422871112823486,87.8067855834961,0.7171755930977951,0.45396568449612235,7.126105308532715,1.4291284406236322,20.971635818481445,8.158512115478516,41.27842712402344,0.48372775316238403,1.4709272384643555,0.6472072601318359,0.04605148732662201,13.367563247680664,0.45555101926787045,0.14689882137247262,0.3360040783882141,0.42387065291404724,0.4972912185153006,3.937038522450231,38.63348388671875,46.65507125854492
01543D.png,1.6963,0.5707693696022034,0.25567601654577005,0.8642398482144523,4.9944167137146,88.29768371582031,0.6907734213537683,0.429565071903282,7.268715858459473,1.5676990826201607,20.066442489624023,8.149995803833008,45.78847885131836,0.5874813795089722,1.3268769979476929,0.6331451535224915,0.0545104555785656,12.635201454162598,0.4886059740563903,0.12296770768085313,0.3127891421318054,0.4083840548992157,0.5014243881589168,4.459080747815852,40.98944091796875,44.05582046508789
01547D.png,1.7472,0.6516969203948975,0.26826305297093306,0.8658878851650439,5.165525436401367,92.64234924316406,0.6893505792839248,0.44346681886443173,7.351230144500732,1.6788965182466296,21.07005500793457,8.458019256591797,48.30372619628906,0.6201053261756897,1.1213046312332153,0.6365693211555481,0.07319676876068115,11.355081558227539,0.46650146545473914,0.14290509905320634,0.30222126841545105,0.39123204350471497,0.5066375553263599,4.127705391619888,40.39276123046875,47.05096435546875
01551D.png,1.695,0.6179382801055908,0.23398926275668494,0.8590390760634345,4.696102619171143,103.09324645996094,0.6957607042522707,0.43351949710195187,7.299990177154541,1.4034826721668967,24.57402229309082,9.421600341796875,45.1281623840332,0.5927643775939941,1.127276062965393,0.6999011039733887,0.06846839189529419,11.645098686218262,0.5285158277635887,0.10396479195238749,0.31184452772140503,0.4233587086200714,0.5395101859003832,4.0476333586377296,48.26629638671875,52.0401611328125
01555D.png,1.7082,0.6032177805900574,0.24447559634531107,0.8638956667048012,5.377918243408203,112.46350860595703,0.7419924950232173,0.4589865709970053,7.265354633331299,1.5454904052701135,29.265121459960938,10.545646667480469,51.92176818847656,0.5415197610855103,1.2820546627044678,0.6207336187362671,0.05663919821381569,12.468829154968262,0.5674849618131379,0.09392856100269655,0.3288111090660095,0.40636205673217773,0.50274907648998,3.7031997406049406,36.76971435546875,52.512447357177734
01559D.png,1.7439,0.6380293965339661,0.25316371301046453,0.8660593087722451,6.253792762756348,97.20114135742188,0.7166335048436048,0.43207392014091833,7.333274841308594,1.719880779753792,26.255855560302734,9.04849624633789,58.14614486694336,0.40708187222480774,1.5417823791503906,0.6628932356834412,0.07053330540657043,11.516057014465332,0.5298109608283469,0.10014062745520785,0.2973819673061371,0.39222192764282227,0.4641352242383756,3.212597677185951,35.61785888671875,43.39923095703125
01566D.png,1.6888,0.586109459400177,0.22793396693800938,0.8667972566597892,5.8420233726501465,128.56178283691406,0.7617675226256738,0.4639643691521167,7.330221176147461,1.5012051672297808,30.534944534301758,12.083687782287598,53.632110595703125,0.5943896174430847,1.2365883588790894,0.6222630739212036,0.0426577553153038,13.700019836425781,0.5450550339845965,0.12231488419266329,0.3640850782394409,0.4453032612800598,0.5122469907773757,3.4568915770001896,40.71990966796875,52.311832427978516
01570D.png,1.6868,0.5947309732437134,0.25204390427545287,0.87527925571677,5.83560848236084,114.25283813476562,0.7291004814997045,0.4585776341879601,7.268268585205078,1.651380789287721,28.418973922729492,10.567075729370117,55.69992446899414,0.6817805767059326,1.1672998666763306,0.5907281041145325,0.04920698702335358,13.079732894897461,0.5289658620229356,0.12218756871937625,0.3319065570831299,0.426371693611145,0.48879709467402715,3.543133382096351,38.96649169921875,44.957786560058594
01574D.png,1.6702,0.42630863189697266,0.20131763395792412,0.8593958198247524,5.172001838684082,65.2904281616211,0.7368076573847683,0.46146930131746344,6.330824851989746,1.1578646479309853,18.291181564331055,6.055333614349365,33.06156539916992,0.5160652995109558,1.5201128721237183,0.6811498999595642,0.01691245473921299,17.71793556213379,0.5022668704900829,0.10206435500848184,0.35838884115219116,0.46012091636657715,0.48265829168274205,3.7871754513768,39.78631591796875,53.726295471191406
01578D.png,1.6993,0.5840360522270203,0.2542592063956917,0.8545576250302864,4.968489170074463,87.02294158935547,0.6712896094642863,0.40345056853204286,7.065157890319824,1.5298374230204583,22.712390899658203,7.999409198760986,44.480255126953125,0.4581841230392456,1.368638277053833,0.6568812727928162,0.05973569303750992,12.237661361694336,0.5342182049798573,0.09682331696993961,0.2733202278614044,0.36608320474624634,0.534708367580366,3.908354840180451,40.50262451171875,46.41189956665039
01583D.png,1.7003,0.6223433613777161,0.2479267861824129,0.8621466379554094,5.661275863647461,100.99388122558594,0.7071460536429328,0.43216800854518495,7.449753284454346,1.6252922469755369,24.337799072265625,9.405521392822266,54.584781646728516,0.5680121183395386,1.426074743270874,0.6070556640625,0.06635519862174988,11.78125,0.45092322282766656,0.15098306570616501,0.3184116780757904,0.3933282792568207,0.5067755317419468,3.435194884645933,41.11248779296875,45.24108123779297
01587D.png,1.6852,0.6004413366317749,0.23205498955188206,0.860959831206445,5.599616527557373,99.73342895507812,0.7062488825105839,0.4434431673885282,7.302852153778076,1.4970453758012088,25.2130069732666,9.338634490966797,54.03458786010742,0.5554168224334717,1.3858404159545898,0.6388216614723206,0.06143566220998764,12.115795135498047,0.49362443414224305,0.1312945202656918,0.3223440945148468,0.4158652424812317,0.5153075192302922,3.414046798492763,36.24383544921875,41.244632720947266
01591D.png,1.6842,0.6276335716247559,0.2619327475856083,0.8714271285161764,5.76096248626709,105.06433868408203,0.7169246916489962,0.451553693960973,7.392624855041504,1.7226823104196978,28.017398834228516,9.865982055664062,63.03759002685547,0.6298654079437256,1.2965071201324463,0.5832425355911255,0.06068785861134529,12.168981552124023,0.5239984820686089,0.10691594642244212,0.3299502730369568,0.4048505425453186,0.4803788781256767,3.173905836939107,33.68963623046875,46.1170539855957
01595D.png,1.7002,0.5848696231842041,0.24880126805473035,0.8677557295526326,5.822879314422607,92.9880599975586,0.7111550867654398,0.43817778215612285,7.184802532196045,1.6181684683314401,26.31707763671875,8.73573112487793,61.389461517333984,0.5937039852142334,1.3852176666259766,0.63266921043396,0.05570463836193085,12.541086196899414,0.45289309754513446,0.14989022956534223,0.326312392950058,0.4199351668357849,0.4786632599536634,3.5140485550189737,36.93865966796875,36.59021759033203
01599D.png,1.7016,0.4372667074203491,0.24878244355631043,0.8705541572644815,5.77074670791626,67.6756591796875,0.7877804846379645,0.4718185263782335,6.559109687805176,1.5337305409045232,19.85974884033203,6.291306495666504,49.84918975830078,0.5340496897697449,1.6751983165740967,0.6851946711540222,0.02957587130367756,15.290623664855957,0.4748044608013278,0.11055015461135742,0.3635825514793396,0.43149474263191223,0.47991847327046844,3.4181787628819804,37.41912841796875,43.338951110839844
01603D.png,1.6887,0.5639256834983826,0.23812422085515425,0.8650602722741244,5.763625144958496,77.57483673095703,0.706335266450552,0.476261941468207,7.057703971862793,1.5265387815948195,18.94607925415039,7.0608229637146,49.52569580078125,0.6408400535583496,1.4236702919006348,0.7364924550056458,0.045341093093156815,13.435081481933594,0.4259475692168679,0.1482667752100286,0.3352704644203186,0.4650232791900635,0.5061472502508928,3.8452518299348117,39.74481201171875,42.53668212890625
