image_name,time_s,CE,NMI,QNCIE,TE,EI,Qy,Qcb,EN,MI,SF,AG,SD,CC,SCD,VIF,MSE,PSNR,Qabf,Nabf,SSIM,MS_SSIM,VIFF,NIQE,BRISQUE,MUSIQ
00004N.png,3.3163,0.30930423736572266,0.4467217189215617,0.8774500268831437,5.241305351257324,16.10321807861328,0.8923836137776087,0.47428965830903663,5.742789268493652,2.4534244618373275,5.677657604217529,1.4549038410186768,23.564990997314453,0.5620753765106201,1.675479769706726,0.5449342727661133,0.00690433569252491,21.608781814575195,0.3945271227810735,0.007527014666675097,0.1865357756614685,0.41065284609794617,0.4442216986881935,5.911657561157693,37.30145263671875,31.260133743286133
00008N.png,2.2513,0.39039260149002075,0.5593254817754262,0.8881563893077908,4.9041008949279785,25.925148010253906,0.9125651366872279,0.4502884310386649,6.602324962615967,3.2179288193109947,8.966002464294434,2.3240339756011963,46.02594757080078,0.627143144607544,1.0553964376449585,0.6732465624809265,0.022975225001573563,16.38740348815918,0.49819931098797576,0.02184792369888408,0.24954566359519958,0.4317055344581604,0.5621313879515522,5.171542316956434,36.32196044921875,33.15721130371094
00012N.png,2.222,0.3746243417263031,0.5319552476119569,0.8816468836368465,5.623307704925537,14.731318473815918,0.7766109244861342,0.5090224753877397,5.569624900817871,2.9770783854507066,4.839651584625244,1.3205280303955078,27.966930389404297,0.5281140804290771,1.8728907108306885,0.5432361364364624,0.010543067008256912,19.77033042907715,0.41068270694692044,0.0015041656827193982,0.14952650666236877,0.38413867354393005,0.4660628258356423,6.878419886637373,46.01678466796875,28.549665451049805
00016N.png,2.3088,0.32594573497772217,0.4913246356828729,0.8793087975768507,5.496129035949707,19.546064376831055,0.8875083457983882,0.4429491849268929,5.732856750488281,2.758547876423359,5.707810401916504,1.7451642751693726,26.316465377807617,0.5417286157608032,1.8629831075668335,0.5485619902610779,0.009110450744628906,20.404603958129883,0.40593916822171566,0.002235149501038598,0.16135001182556152,0.39240360260009766,0.457873540161136,6.08966385972653,43.93231201171875,23.336849212646484
00020N.png,2.1986,0.22305156290531158,0.34554869651711795,0.8847674081947554,4.894681930541992,10.697063446044922,0.8255922829913435,0.49434923282121307,4.308182239532471,1.5900245394280796,5.099164962768555,1.0044360160827637,14.613457679748535,0.6039817333221436,1.6608703136444092,0.4109496474266052,0.002288619987666607,26.404264450073242,0.3157394140135935,0.00425664243938928,0.0648345947265625,0.28223633766174316,0.31782093232806735,6.767726230469657,39.31024169921875,24.194866180419922
00024N.png,2.3996,0.27062058448791504,0.4713870679059546,0.8763044644572743,5.243711948394775,13.057024002075195,0.8829237672377036,0.4312222179535715,5.121899127960205,2.4431156987546103,4.716607093811035,1.1890738010406494,17.7198543548584,0.5586549639701843,1.7642781734466553,0.46803659200668335,0.004904306028038263,23.09422492980957,0.3369183552495619,0.0025673413093241443,0.15119822323322296,0.3447366952896118,0.3656542871680051,6.27935514743791,36.99969482421875,21.506675720214844
00028N.png,2.2872,0.26569223403930664,0.5925898880068223,0.876717454243088,4.747367858886719,11.982854843139648,0.8843861222921459,0.44409686661207703,5.391321182250977,3.0040523766342933,4.59279203414917,1.0815902948379517,18.514259338378906,0.5377320051193237,1.839125633239746,0.4769962728023529,0.005475366488099098,22.615869522094727,0.3300140716867806,0.0021189640277088934,0.12332971394062042,0.31683939695358276,0.356792337790113,5.7188697685362815,36.12615966796875,21.02391242980957
00032N.png,2.1944,0.26204338669776917,0.4829468261270592,0.880498520308786,4.8419976234436035,18.426982879638672,0.8754486486796801,0.45347085324478414,5.44838285446167,2.4848616039969382,6.893568515777588,1.6835625171661377,29.569602966308594,0.5583971738815308,1.7597206830978394,0.5688964128494263,0.008360520005226135,20.777666091918945,0.44937733894934434,0.00747905389913613,0.10879954695701599,0.32683104276657104,0.4519325930946141,5.628528443833926,35.26776123046875,22.183565139770508
00036N.png,2.3011,0.21690724790096283,0.4592565174117089,0.8759168510586774,4.711528778076172,12.662955284118652,0.8693677103623357,0.40330321166054917,4.529836177825928,2.122086677126373,5.076951026916504,1.1714670658111572,17.720394134521484,0.5997533798217773,1.7533642053604126,0.487454891204834,0.004866401664912701,23.127920150756836,0.3378063274754581,0.003152783689298061,0.06209962069988251,0.281798392534256,0.34183564693276186,5.916169277982776,33.91278076171875,20.525226593017578
00040N.png,2.3092,0.22361987829208374,0.43785105819106945,0.8691543341606979,4.443484783172607,12.703673362731934,0.8043931981576968,0.362725327406895,4.984879493713379,2.0641175907204303,4.765703201293945,1.161385178565979,16.211149215698242,0.5326323509216309,1.5794270038604736,0.47580236196517944,0.004160761833190918,23.808271408081055,0.3403169467482854,0.011523429517535504,0.031862735748291016,0.28880536556243896,0.37107254571813797,6.012096458429349,31.52117919921875,17.641845703125
00047N.png,2.2795,0.33870530128479004,0.5407308709451124,0.8802864759863693,4.8194966316223145,24.49491310119629,0.8891214002060743,0.4115680166236021,6.198646068572998,2.9789349401850984,8.632216453552246,2.178887367248535,36.22171401977539,0.5059847831726074,1.2708362340927124,0.5946458578109741,0.016454948112368584,17.8370361328125,0.4985930949386108,0.013057691914040707,0.1938852071762085,0.4012570381164551,0.5138475851807824,5.452200062872658,34.67742919921875,34.63794708251953
00051N.png,2.2985,0.35979169607162476,0.43588738248456355,0.8797240171860157,5.416961193084717,26.904695510864258,0.849096865104542,0.4798564765267807,5.907105445861816,2.4680169508084067,9.249472618103027,2.433647632598877,39.676692962646484,0.5239739418029785,1.4957315921783447,0.4977179169654846,0.014031440019607544,18.52897834777832,0.4135993977142295,0.01574686075618384,0.07470394670963287,0.32080283761024475,0.36882205589154665,4.333077377714408,29.59881591796875,30.634445190429688
00055D.png,2.2293,0.6147312521934509,0.560128809044715,0.8827561245481629,5.472470283508301,68.70293426513672,0.9133456721789026,0.4253465843783256,7.000946998596191,3.493370786310942,20.30182456970215,6.2877678871154785,63.72344970703125,0.5463728308677673,1.6848247051239014,0.6072976589202881,0.07821355015039444,11.067180633544922,0.6669035769213725,0.015228016974700916,0.3536275327205658,0.452106237411499,0.5512201971238351,3.565001201529151,22.54998779296875,46.12013244628906
00081D.png,2.1989,0.5420105457305908,0.6172656074325439,0.8824244478096357,5.633497714996338,44.26368713378906,0.9244348381545449,0.4586042266287938,7.334883689880371,4.002479456469791,12.377988815307617,3.877200126647949,52.320735931396484,0.5033116936683655,1.8961968421936035,0.6764312982559204,0.0652802363038063,11.85218334197998,0.6093059265804631,0.0031677700231756596,0.3721015751361847,0.45855939388275146,0.5761993321373969,4.528525698210072,34.50701904296875,40.70189666748047
00085D.png,2.374,0.5304834246635437,0.5638602607365145,0.8844546828427202,5.691097736358643,39.048152923583984,0.855649280570633,0.48560343147205254,6.897103309631348,3.549003566611507,9.589068412780762,3.4288599491119385,32.717750549316406,0.608391523361206,1.7912700176239014,0.6738393306732178,0.04003008455038071,13.97613525390625,0.5756820100553748,0.0027008118368591163,0.3632274568080902,0.45361652970314026,0.5721389652681181,4.641264893591038,39.55975341796875,36.948646545410156
00091D.png,2.2176,0.9086924195289612,0.7365220226636162,0.8842849645658104,4.768675804138184,43.587039947509766,0.9477900280497047,0.4460179374445731,7.2574663162231445,4.428772764829336,12.426897048950195,3.785074234008789,64.37983703613281,0.38995498418807983,0.7791100144386292,0.6834443211555481,0.11348647624254227,9.45055866241455,0.6001537614144726,0.03005705402077225,0.3815842270851135,0.4583616852760315,0.6061374671273473,3.636170615422741,37.29754638671875,41.33838653564453
00095D.png,2.2091,0.6104300022125244,0.5391417142825873,0.8840292816740584,5.851021766662598,60.99589157104492,0.9138360221075988,0.48756757313330373,7.422791481018066,3.578242804534458,15.381307601928711,5.4647722244262695,59.92498779296875,0.415240079164505,1.810180425643921,0.6375028491020203,0.08542491495609283,10.684155464172363,0.6294408562867628,0.008375144939585114,0.41683679819107056,0.46506235003471375,0.5494273045171844,4.123373878616679,34.27655029296875,43.382423400878906
00099D.png,2.285,0.5717126727104187,0.4233241265415468,0.8814946650068995,6.670187473297119,88.15458679199219,0.8993011352629009,0.5677806075551858,7.269608974456787,2.950533829705005,20.71367835998535,8.143729209899902,46.053897857666016,0.5692558884620667,1.8531708717346191,0.5847915410995483,0.04827559366822243,13.162723541259766,0.6116187569800455,0.0040347095142977156,0.4008644223213196,0.45714426040649414,0.49707917113652955,3.692912219201634,31.97674560546875,48.55036163330078
00103D.png,2.2874,0.5747888088226318,0.49897875736997555,0.8808149911120737,6.76262092590332,63.941650390625,0.9207019129837843,0.5064471279956769,7.165958404541016,3.475041707392851,16.186235427856445,5.78487491607666,51.671600341796875,0.4957091212272644,1.8153958320617676,0.6002267003059387,0.052089445292949677,12.832503318786621,0.5622978685164669,0.010551532216667022,0.497842013835907,0.4675947427749634,0.4831884141844739,4.081679653659456,29.60662841796875,47.76496505737305
00107D.png,2.2994,0.4847485423088074,0.4171604129823207,0.8793679781808071,6.459580898284912,44.68020248413086,0.8708199088045191,0.5068119197400401,6.646892547607422,2.7337584627561515,12.597780227661133,4.0513715744018555,39.457489013671875,0.5270353555679321,1.7861437797546387,0.5531060695648193,0.02288220077753067,16.40502166748047,0.518752713189926,0.0060684582853333,0.26243841648101807,0.42302340269088745,0.4449069981577657,3.6405751093070102,26.06707763671875,44.695518493652344
00111D.png,2.298,0.4961704611778259,0.5152776787184753,0.9043645934029805,6.667598724365234,46.657005310058594,0.8728723904471952,0.4901765128943426,6.964441299438477,3.512152752610879,13.659643173217773,4.231327056884766,60.47257995605469,0.8055424690246582,1.8897196054458618,0.5341272950172424,0.028388813138008118,15.468526840209961,0.4822029398165853,0.0063952931842249,0.2677859663963318,0.40373459458351135,0.3890042212223985,4.039309328915308,27.75018310546875,49.672447204589844
00115D.png,2.2265,0.4984901547431946,0.5000916615674829,0.8801452312124928,6.558245658874512,39.197357177734375,0.8783635338817497,0.48935471830560234,6.571236610412598,3.282981516151139,11.647040367126465,3.4956328868865967,47.31202697753906,0.517797589302063,1.8877438306808472,0.5405315160751343,0.033549290150403976,14.74316692352295,0.46733373604063666,0.006473624056855561,0.24644172191619873,0.40663424134254456,0.4115466647159167,4.099223677559041,32.89862060546875,50.15261459350586
00119D.png,2.3711,0.47755035758018494,0.4312671957255182,0.8771415010740231,6.379602909088135,38.7413444519043,0.8639365364465535,0.4570390607848535,6.3623504638671875,2.747601165879674,12.35882568359375,3.380936622619629,50.52869415283203,0.5019844770431519,1.4551092386245728,0.5373765826225281,0.03364381566643715,14.730948448181152,0.489931360806197,0.022681821714509977,0.1983749270439148,0.38274750113487244,0.4059860960008089,4.2024303931208795,31.40838623046875,43.44114685058594
00123D.png,2.228,0.5000641345977783,0.5065251451564976,0.8816996558630922,5.865330696105957,53.739501953125,0.866971225305902,0.5287581978076912,7.070990085601807,3.276295035245006,13.856383323669434,4.825258255004883,49.17949295043945,0.5698090195655823,1.8530476093292236,0.6576480269432068,0.04562275856733322,13.408184051513672,0.5693057452261234,0.00594089440828848,0.3257787227630615,0.448840469121933,0.5520240600148586,3.7427003635642833,35.08709716796875,53.295562744140625
00127D.png,2.2888,0.47465893626213074,0.6105695467732122,0.8915516257203112,5.125170707702637,42.970436096191406,0.9400266391141119,0.4889863458690659,6.876083850860596,3.663811800206391,13.543721199035645,3.804064989089966,41.64845275878906,0.2859700322151184,0.7106326818466187,0.6561665534973145,0.03857699781656265,14.13671588897705,0.5993539142944663,0.02164405628752837,0.3262195289134979,0.45471900701522827,0.5955115566130634,3.617598360062101,31.82489013671875,42.7803840637207
00131D.png,2.1949,0.4848633408546448,0.522641912409055,0.8757346200927935,5.924930095672607,43.647274017333984,0.9210504459259985,0.44179339237878296,6.8803863525390625,3.346307032051719,13.314543724060059,3.8510918617248535,39.07896423339844,0.4591837227344513,1.5260910987854004,0.6013811826705933,0.037629351019859314,14.244731903076172,0.5445116036266933,0.013719900086539807,0.3290552496910095,0.43200716376304626,0.5015035189146472,3.5459630504074715,30.65985107421875,50.88432312011719
00135D.png,2.2873,0.5223491787910461,0.5347938297441683,0.8920247694803811,5.3718438148498535,35.170204162597656,0.9258988973305589,0.4251200095897247,6.604006767272949,3.202314777693717,10.492697715759277,3.1376724243164062,49.86336898803711,0.31627047061920166,1.441392421722412,0.5774394869804382,0.05389266461133957,12.684703826904297,0.5126902261574964,0.013549501696760306,0.3080669939517975,0.44068068265914917,0.498247903488076,3.334501278736349,27.94598388671875,48.262725830078125
00139D.png,2.3004,0.6406524777412415,0.5608875037299993,0.8839107690032622,5.470915794372559,56.87522888183594,0.9363066975504283,0.43680148174019623,7.374734401702881,3.6024924686293787,15.009047508239746,4.968535900115967,52.605472564697266,0.40547215938568115,1.0492624044418335,0.6570647358894348,0.09222912788391113,10.351319313049316,0.6219589419194731,0.019462218126538852,0.36828550696372986,0.46708935499191284,0.5925268526916789,3.830087569178342,32.75115966796875,49.696693420410156
00143D.png,2.1977,0.652454674243927,0.5355373914924015,0.8899408363870516,5.830387115478516,59.97725296020508,0.9403831958329008,0.4617973973586097,7.359630107879639,3.531883587357049,15.655313491821289,5.233931541442871,46.93262481689453,0.3231297731399536,1.3039979934692383,0.6658865809440613,0.08673609793186188,10.618001937866211,0.5968866587091869,0.026059065175546955,0.3923179507255554,0.4546070694923401,0.5662804885466837,3.6996772762375354,33.88153076171875,58.113956451416016
00147D.png,2.2142,0.5119320750236511,0.5735822199845415,0.8874169681118014,5.0334553718566895,50.63947677612305,0.9407776424493184,0.47100054548141396,7.040017127990723,3.462575102699496,14.71680736541748,4.560849189758301,44.773841857910156,0.34018751978874207,0.4808262586593628,0.6874868273735046,0.045888181775808334,13.382991790771484,0.613219797692917,0.029725686395088095,0.34424370527267456,0.454923540353775,0.6303066961562309,4.1217106487754505,32.83905029296875,48.90571594238281
00151D.png,2.1888,0.5885829329490662,0.5695271645183785,0.8896271223576068,4.9579596519470215,53.19218063354492,0.9542350614455692,0.4655173185733776,7.315194129943848,3.49495810083123,14.033037185668945,4.751516819000244,53.1357307434082,0.33244457840919495,0.3526269793510437,0.702024519443512,0.07581136375665665,11.202657699584961,0.6215489546570686,0.027317751673415634,0.3947446048259735,0.472097784280777,0.6482270531068266,4.026197813843981,34.85467529296875,44.77976989746094
00158D.png,2.2023,0.6305519342422485,0.3878986356863081,0.8776163312845535,4.971360206604004,58.64982604980469,0.7623540287755177,0.472617688345206,7.545339107513428,2.427612423586943,13.573623657226562,5.310293197631836,51.80730056762695,0.5010461807250977,0.9052232503890991,0.49597612023353577,0.06422089040279388,11.923236846923828,0.3821542653193549,0.1088915029624098,0.2258087396621704,0.40194958448410034,0.42149638470005196,3.4127393216922344,19.12518310546875,23.162063598632812
00162D.png,2.2969,0.5781031847000122,0.6786313234301604,0.8930906122538371,4.8290205001831055,47.86827087402344,0.8598675139543636,0.577490571132363,7.490407466888428,4.180187141097512,11.630792617797852,4.337327003479004,50.91350173950195,0.6846949458122253,1.8942230939865112,0.7168973088264465,0.06475748866796494,11.887100219726562,0.6603089731392038,0.0059298108591950855,0.36607223749160767,0.4431780278682709,0.578932173819476,4.188939921093248,32.87078857421875,40.70024108886719
00169D.png,2.3221,0.507500410079956,0.5718924395994884,0.8918858904717251,5.845303535461426,36.47014236450195,0.8652862754469575,0.5389902616179009,7.088481903076172,3.6983774863662386,10.005804061889648,3.2270891666412354,50.283878326416016,0.6856611371040344,1.7428280115127563,0.6694789528846741,0.025229167193174362,15.980972290039062,0.5651394793713633,0.012001011587002066,0.3011857569217682,0.43707510828971863,0.5450239375208431,4.562053829615517,28.38201904296875,43.962013244628906
00174D.png,2.2716,0.5343776345252991,0.5479381159805715,0.8843463790975612,5.763879299163818,36.952308654785156,0.8536576409046555,0.5535741841650702,7.172155380249023,3.5440832996818337,10.255426406860352,3.273961305618286,44.38037109375,0.6166037917137146,1.678625464439392,0.6881031394004822,0.02780991420149803,15.558003425598145,0.6013906881166736,0.00846930777475686,0.3318115472793579,0.44844892621040344,0.5763388551928263,4.481044987050525,26.67791748046875,41.08477783203125
00178D.png,2.1226,0.5134223699569702,0.5563628007338972,0.8907714835456515,5.8258137702941895,39.88727569580078,0.93991784775521,0.5574212921699256,7.1829118728637695,3.6187958666362423,12.027396202087402,3.546733856201172,47.05925369262695,0.6688300371170044,1.6568119525909424,0.6604499816894531,0.028652381151914597,15.42839241027832,0.6009689753542461,0.009072101961274972,0.3368871808052063,0.4567936658859253,0.5577661500993272,4.236842715797931,19.83221435546875,40.10032653808594
00182D.png,2.1784,0.5466594099998474,0.5999657308362651,0.8889711145799857,5.849456787109375,40.991641998291016,0.944016930283934,0.5372733176088372,7.292819499969482,3.9424689719011603,12.382572174072266,3.610100269317627,48.351749420166016,0.6491101980209351,1.727506160736084,0.6718482375144958,0.03995953127741814,13.983795166015625,0.6332491027801848,0.0061840882487318284,0.35341575741767883,0.4535079896450043,0.5750725436993764,4.539892395736214,21.88055419921875,44.3309326171875
00186D.png,2.3163,0.6103962063789368,0.5425507442944691,0.8808077556061114,6.035739421844482,47.7227897644043,0.9282711154087747,0.5205181870493859,7.524486541748047,3.6785652009277072,13.119275093078613,4.216180324554443,49.503501892089844,0.5155686736106873,1.7599079608917236,0.662334144115448,0.05399729683995247,12.676280975341797,0.6129204874905239,0.007861840865981939,0.3591216206550598,0.4498019814491272,0.532029904821946,3.885617980064478,22.08514404296875,52.67347717285156
00191D.png,2.1985,0.5686059594154358,0.5109759438402639,0.8834179323978162,6.350731372833252,47.89445877075195,0.8842709806078658,0.555719682669135,7.366240978240967,3.5045308464674285,12.705676078796387,4.236155986785889,50.41984939575195,0.6120198965072632,1.8008525371551514,0.6356500387191772,0.035363055765628815,14.514503479003906,0.569070041064166,0.009365719308085194,0.35909995436668396,0.4487058222293854,0.5060312462414692,4.188834629467481,32.31951904296875,44.339874267578125
00196D.png,2.2117,0.6370901465415955,0.42349001219853294,0.879635548352844,6.9185333251953125,40.55513000488281,0.7470994892183512,0.5194246251258245,6.9326019287109375,2.9329158721568724,11.190345764160156,3.7074191570281982,35.005245208740234,0.49801182746887207,1.9233319759368896,0.5217829942703247,0.02662639319896698,15.746877670288086,0.4229617369562374,0.008690290917158979,0.26596879959106445,0.412581205368042,0.3700280092780924,3.7819546762058773,20.27459716796875,41.44959259033203
00200D.png,2.1933,0.5007996559143066,0.4618924294453436,0.8841153946613082,5.760812759399414,26.962257385253906,0.8560200206613716,0.49246187444570394,6.022397518157959,2.7212961828757773,9.235579490661621,2.3944716453552246,45.79385757446289,0.598170280456543,1.2142094373703003,0.47085756063461304,0.01741524413228035,17.59070587158203,0.45075389502384733,0.02140417558478591,0.04658026993274689,0.31563130021095276,0.37123480861122665,4.22579919933005,25.61004638671875,27.94071388244629
00204D.png,2.3777,0.48892468214035034,0.548174380983548,0.8809424075655737,5.624939441680908,31.975261688232422,0.9135721919151024,0.4547048274475056,6.66474723815918,3.3684559207800007,10.429424285888672,2.82281494140625,39.48628616333008,0.5159808993339539,1.4921040534973145,0.5843196511268616,0.025516504421830177,15.931788444519043,0.5130683167790069,0.01667758581545956,0.2610870599746704,0.4250834584236145,0.4917444006065083,4.054363283411256,28.04412841796875,43.240203857421875
00209D.png,2.2041,0.4867265820503235,0.5481425618029088,0.8795304284540953,5.782672882080078,35.268341064453125,0.9156960920863441,0.5389813501244201,6.896467685699463,3.4749982045367283,10.843840599060059,3.1375393867492676,41.02355194091797,0.5510040521621704,1.546079397201538,0.6037721633911133,0.020014716312289238,16.98650550842285,0.5257935208515131,0.01683711895326213,0.27994757890701294,0.42702218890190125,0.49088901365562587,4.34007314062894,30.85174560546875,35.050872802734375
00213D.png,2.2236,0.46453970670700073,0.5245993127249244,0.8784391561342402,5.2376484870910645,35.137908935546875,0.9296287308914559,0.5310782635150503,6.754519462585449,3.1455511129653004,11.13134479522705,3.1483442783355713,34.59445571899414,0.47914400696754456,0.9118226766586304,0.6147412061691284,0.01757986843585968,17.549842834472656,0.5329625641504024,0.027544997043080804,0.2762298882007599,0.4309713840484619,0.5329659011108997,4.007133636031477,31.18084716796875,41.57379913330078
00218D.png,2.2887,0.502351701259613,0.526857084736478,0.8782512999247571,5.347655296325684,35.30831527709961,0.91735515327912,0.5482317128225778,6.820677757263184,3.2054959757162678,10.210432052612305,3.1588730812072754,38.274436950683594,0.5228650569915771,1.0242246389389038,0.6264357566833496,0.018995113670825958,17.213581085205078,0.5224666783323171,0.030933021490709988,0.29135453701019287,0.4281562864780426,0.530077552594701,4.311266339246695,30.79266357421875,39.15616989135742
00225D.png,2.2098,0.48155447840690613,0.5317320419654262,0.878188496555861,5.701887130737305,29.442846298217773,0.852693946767404,0.5530876825514079,6.48097562789917,3.2390180648372873,8.122278213500977,2.6585628986358643,25.67129898071289,0.46757635474205017,1.7555599212646484,0.5681003928184509,0.013002155348658562,18.859848022460938,0.49243175975355274,0.005999034911551773,0.25221341848373413,0.4246545135974884,0.49080218724196367,4.4332522499915665,29.78582763671875,39.539886474609375
00229D.png,2.2014,0.46968546509742737,0.5632627360484191,0.8815711071014004,5.037917137145996,30.376874923706055,0.8713571975394,0.530942236511825,6.783846855163574,3.3293895504181954,8.38434886932373,2.7267403602600098,32.26705551147461,0.3898729681968689,0.8561040163040161,0.6423426866531372,0.015385125763714314,18.128990173339844,0.5074078219876208,0.026337915683792113,0.2593134045600891,0.43387705087661743,0.5559061381072877,4.738558559217564,29.13446044921875,32.61820983886719
00233D.png,2.2715,0.4810222089290619,0.5087897024111175,0.877300407963011,5.590566158294678,33.48277282714844,0.9126458656198532,0.5349682336530146,6.648407459259033,3.1135409554589284,9.067914009094238,3.0005006790161133,30.043357849121094,0.48453620076179504,1.4635181427001953,0.5991716384887695,0.01483956165611744,18.285791397094727,0.49836280816618383,0.015800093523190256,0.27212515473365784,0.4317861497402191,0.4864521267939427,4.745002316763253,29.50311279296875,25.919527053833008
00237D.png,2.1967,0.5701027512550354,0.6002582687487978,0.8797641682904754,5.650094985961914,44.80238342285156,0.8651278409640145,0.5603409035386113,7.010534286499023,3.7998345809525507,11.91541862487793,3.9644663333892822,40.93165588378906,0.4763299822807312,1.8574188947677612,0.6541450619697571,0.03976356238126755,14.005147933959961,0.6140946123929214,0.0046900992002587944,0.3474307954311371,0.45009368658065796,0.5566985241554456,4.139482258346831,33.05242919921875,36.673828125
00241D.png,2.3011,0.602253258228302,0.5791378622601248,0.880212013702118,5.084239482879639,60.39530563354492,0.9153193793843416,0.6318183154316395,7.303373336791992,3.5870781970153054,14.060871124267578,5.405554294586182,41.1568489074707,0.5153365135192871,1.6978873014450073,0.718873143196106,0.04448844492435455,13.517528533935547,0.6835462422634458,0.0099019834640591,0.4165615737438202,0.4790346026420593,0.6444207502859329,4.029332888110968,30.28192138671875,39.4017219543457
00245D.png,2.2053,0.5834070444107056,0.622403920068534,0.8815761376946971,5.054774761199951,62.598060607910156,0.9383511267183857,0.622889897211121,7.399930953979492,3.875939944553913,16.81661605834961,5.69111442565918,46.46601104736328,0.43697845935821533,1.618795394897461,0.6937648057937622,0.05121395364403725,12.906116485595703,0.7049740457770591,0.007338777114573019,0.4079180955886841,0.4757556617259979,0.6202066854341179,3.837478560229031,25.88446044921875,44.02410125732422
00258D.png,2.1968,0.5399906635284424,0.628047205664305,0.885738427378891,5.677961826324463,44.648399353027344,0.9043214418618476,0.606688845623766,7.3740129470825195,4.098639133875972,11.624560356140137,3.9849021434783936,53.73429870605469,0.5851082801818848,1.896728277206421,0.6959725618362427,0.04797368496656418,13.189970016479492,0.6452912925607028,0.003949805218217085,0.35282576084136963,0.4453156888484955,0.6125841389370317,3.7843739073233706,25.82733154296875,38.898468017578125
00262D.png,2.2116,0.5809677839279175,0.5975475790375916,0.8832534147631361,5.276342868804932,54.780860900878906,0.9316695917201393,0.590118241086826,7.576119899749756,3.8399900231555595,14.752153396606445,4.9566731452941895,67.17132568359375,0.5080386400222778,1.276508092880249,0.718161404132843,0.06421566754579544,11.923589706420898,0.6840483460236799,0.015668731373368834,0.3572687804698944,0.44956985116004944,0.644278005066236,3.5902354118132607,25.68670654296875,41.21220779418945
00266D.png,2.2149,0.5452802777290344,0.5250795991836159,0.887008337074144,5.401483535766602,41.952186584472656,0.9422386475494909,0.5262436899879528,6.827155113220215,3.210514009567625,12.266611099243164,3.7235424518585205,45.99024963378906,0.36270296573638916,0.7215653657913208,0.6652384400367737,0.04064995050430298,13.909399032592773,0.5636548581055294,0.03446783019321807,0.2875407338142395,0.42999568581581116,0.5856634108623007,4.148649098561346,16.76385498046875,35.341163635253906
00270D.png,2.1713,0.6233038306236267,0.5591447743127747,0.8839457880614797,5.427704334259033,53.067466735839844,0.948546348197086,0.526387938183458,7.364137649536133,3.5762559642837317,15.075758934020996,4.721701145172119,55.36869812011719,0.4170301556587219,1.2393510341644287,0.6821494102478027,0.06939081102609634,11.586979866027832,0.6270779069288211,0.020822128231734592,0.3581509590148926,0.45963144302368164,0.6073983785357822,4.157842382210956,30.41375732421875,45.065711975097656
00275D.png,2.1974,0.5798181295394897,0.5620128389811057,0.8871668116011133,5.86171817779541,44.263084411621094,0.8657041384191178,0.5429520714423882,7.020387649536133,3.6199644625534404,11.260390281677246,3.963937997817993,40.88663864135742,0.6277456879615784,1.879969596862793,0.6261010766029358,0.04424021393060684,13.541828155517578,0.5739111399671253,0.0028831700810739093,0.340070903301239,0.43769434094429016,0.5382960589425414,3.8572478895146185,32.82049560546875,49.29030990600586
00279D.png,2.2047,0.5513269901275635,0.6415679804243718,0.8827985726716684,5.907462120056152,35.96723556518555,0.828020349201485,0.5296205906162494,6.943089485168457,4.122261989141313,9.989887237548828,3.206418037414551,43.787899017333984,0.47186604142189026,1.927509069442749,0.6377464532852173,0.03715100511908531,14.300294876098633,0.5695696355269596,0.002429866552499646,0.27454665303230286,0.4310746192932129,0.5583915833194644,4.3815474026717185,32.99041748046875,48.2667236328125
00283D.png,2.2275,0.5290780067443848,0.6403783692221757,0.8826470068611171,5.809535503387451,39.008365631103516,0.8661597525583588,0.5574352494733392,6.97857141494751,4.094624412971317,10.867345809936523,3.5031633377075195,46.862918853759766,0.5043439269065857,1.929179310798645,0.6484472155570984,0.03761502355337143,14.246387481689453,0.5735422159965088,0.003130267887866165,0.2918132245540619,0.4351675510406494,0.5582058541864886,4.321205191749639,34.29071044921875,42.78497314453125
00287D.png,2.2837,0.5544095039367676,0.567232015097381,0.881444582468742,5.788051605224609,50.69160079956055,0.9456762221171255,0.5264095810543936,7.109894752502441,3.6580742894991634,14.488335609436035,4.535218238830566,53.455745697021484,0.5378484129905701,1.7192230224609375,0.6270244121551514,0.04348564147949219,13.616541862487793,0.5831232631107948,0.017667944639113857,0.3415314555168152,0.4392711818218231,0.5241861285863552,3.897097992798001,29.27264404296875,48.225440979003906
00291D.png,2.2852,0.5477150082588196,0.575280224369112,0.8819658718903471,5.65933084487915,41.593177795410156,0.9295080564177383,0.5375685479860298,7.055118560791016,3.6571964766230014,12.005898475646973,3.69836688041687,54.368919372558594,0.47502845525741577,1.6099910736083984,0.642698347568512,0.040933094918727875,13.879253387451172,0.5565821239589938,0.018184911612686313,0.31325846910476685,0.4371512830257416,0.5366323177258889,4.013849785643163,31.83856201171875,44.52618408203125
00298D.png,2.2133,0.5562887191772461,0.5994998071930154,0.8819619696992238,5.7693562507629395,41.04058074951172,0.9308058367014008,0.5107974409120901,7.047739028930664,3.8419342112086508,12.077424049377441,3.608987808227539,54.466529846191406,0.4633066952228546,1.7614514827728271,0.6477163434028625,0.04879723861813545,13.116046905517578,0.5727509599252711,0.012224850276020102,0.31344133615493774,0.42789480090141296,0.5456251829804935,4.444244440496528,32.27508544921875,42.888248443603516
00303D.png,2.3918,0.5510846376419067,0.5636730231271286,0.8797202594434572,5.7863311767578125,41.82448196411133,0.8906897812250558,0.5260150815755389,7.171025276184082,3.6518667804803684,11.50840950012207,3.6507065296173096,48.95091247558594,0.47713279724121094,1.6607170104980469,0.687708854675293,0.03693995997309685,14.32503604888916,0.5764294428296342,0.013678438941215981,0.3157872259616852,0.4308859407901764,0.5440618882304806,4.322415074697597,36.46600341796875,40.06680679321289
00307D.png,2.2349,0.6301657557487488,0.5821913080278583,0.885282004692556,6.184401512145996,48.54602813720703,0.9245956839960434,0.532654047201794,7.540369033813477,3.9952315406839247,13.719934463500977,4.251894474029541,57.54343795776367,0.40447998046875,1.739283561706543,0.7156438827514648,0.06694687157869339,11.742697715759277,0.6367135531785661,0.011568967634934969,0.3407006859779358,0.43309286236763,0.566096876933808,4.43370787942956,25.26531982421875,52.026973724365234
00311D.png,2.2861,0.5735247135162354,0.6128891031788953,0.8830047353231868,5.711519718170166,38.626747131347656,0.8728264445939691,0.5217813907456459,7.103939056396484,3.92723794619595,10.5154447555542,3.397054433822632,43.460693359375,0.44385626912117004,1.8904285430908203,0.6689453721046448,0.04235225170850754,13.73123550415039,0.608553919545497,0.0033270582495851073,0.30650079250335693,0.446952223777771,0.5867652484968303,4.771746790372393,31.94451904296875,47.93445587158203
00315D.png,2.2006,0.5503761768341064,0.5765890217893499,0.8822977201722131,5.962818622589111,38.03195571899414,0.891530584975402,0.5423865375753849,7.055859565734863,3.753222756812951,10.285801887512207,3.377589702606201,42.418888092041016,0.4600658714771271,1.913169503211975,0.6416191458702087,0.03520601615309715,14.533830642700195,0.5753874641064133,0.003794001545316517,0.2902980446815491,0.43547454476356506,0.5551653187330736,4.235381040938241,31.58319091796875,45.67913818359375
00319D.png,2.1993,0.5398469567298889,0.5468200825676779,0.8820027118395699,6.258121013641357,32.393348693847656,0.896576063024328,0.5165727938398106,6.767796516418457,3.561425753921558,9.267196655273438,2.8438541889190674,41.485076904296875,0.4548182189464569,1.9168546199798584,0.6052964329719543,0.030832350254058838,15.109933853149414,0.5292210581216111,0.004660607738051712,0.27176037430763245,0.4170370101928711,0.4923668696528065,4.446049691328681,29.31219482421875,46.496341705322266
00323D.png,2.3862,0.5502775311470032,0.5652292825161779,0.8813645129524215,5.849476337432861,32.920204162597656,0.8385404627269778,0.5090623224195152,6.759943962097168,3.5636159380789323,9.343585968017578,2.9184939861297607,39.83837890625,0.4991125762462616,1.9008052349090576,0.6191332936286926,0.031923625618219376,14.958877563476562,0.5487028974105899,0.003361872594483678,0.2686198949813843,0.42833420634269714,0.5286265868813957,4.659264835298612,28.80389404296875,48.06074142456055
00327D.png,2.1879,0.5624433755874634,0.5880934641322546,0.885870864563866,5.6259589195251465,40.03726577758789,0.872487335951917,0.5614966436248261,7.003360748291016,3.713619893726607,10.493612289428711,3.556020975112915,41.557228088378906,0.5916889309883118,1.923398494720459,0.6459874510765076,0.03922571241855621,14.064291954040527,0.5956808892772971,0.0021545768980426516,0.31780606508255005,0.4396101236343384,0.5649527975918457,4.18280635846265,32.78631591796875,43.20745849609375
00332D.png,2.2188,0.5873044729232788,0.5609700342720676,0.8818108597756142,6.130048751831055,50.188636779785156,0.9011721055846517,0.5640449554176027,7.370995998382568,3.786851158539271,12.697964668273926,4.349491119384766,50.18973159790039,0.5414358377456665,1.7153301239013672,0.6693105101585388,0.03827787563204765,14.17052173614502,0.5894191261724673,0.015007785154784837,0.3429700434207916,0.4559839069843292,0.5413248559981299,3.9839131134863135,39.13250732421875,44.39833450317383
00337D.png,2.2064,0.5747645497322083,0.5688859133370042,0.8821692462299492,6.231277942657471,37.04179000854492,0.8905743510138344,0.5161924315841485,7.065651893615723,3.782228652093078,9.492364883422852,3.2375307083129883,48.539249420166016,0.5427970886230469,1.772752046585083,0.6274048686027527,0.03176269307732582,14.980827331542969,0.5097688673859528,0.015316882515529076,0.2896449565887451,0.43887391686439514,0.49101513473687336,4.065731214451246,31.66424560546875,45.05997848510742
00341D.png,2.1996,0.5884059071540833,0.5990713818527923,0.8817395129540603,5.84972620010376,38.796382904052734,0.891843763601154,0.498049617395154,7.28218936920166,3.933488409652746,10.289268493652344,3.3594651222229004,52.49228286743164,0.5187262892723083,1.7012511491775513,0.6867347359657288,0.04147350415587425,13.82229232788086,0.5629208071954814,0.017394113759223007,0.30848419666290283,0.44140973687171936,0.5420574906341035,4.389082870006178,30.03631591796875,39.39598846435547
00345D.png,2.2833,0.5680829286575317,0.5584343255560373,0.880926104087537,5.825615882873535,41.60025405883789,0.9098956901076228,0.519941508043333,7.264678001403809,3.655045129842609,10.82023811340332,3.6360201835632324,54.34886169433594,0.5529868602752686,1.6763635873794556,0.6249657273292542,0.041874051094055176,13.780550956726074,0.537138378737745,0.02307068536529716,0.30680447816848755,0.4306829273700714,0.49452925446836155,4.13469587665278,30.02703857421875,39.05213928222656
00349D.png,2.3008,0.4894089996814728,0.5711662791547654,0.8868278241473339,5.539101600646973,34.475616455078125,0.9120878898916737,0.558059011575745,6.749361991882324,3.5093883758283066,10.22229290008545,3.0605063438415527,48.30972671508789,0.6200693249702454,1.5520944595336914,0.6235246658325195,0.021456873044371605,16.684337615966797,0.5228258243188376,0.017126672685211775,0.27325335144996643,0.43928223848342896,0.5138909379418267,4.047804541555352,29.08221435546875,40.03030776977539
00353D.png,2.2253,0.5117695331573486,0.596647595364609,0.8859741727132489,5.562766075134277,36.53683853149414,0.9195099905928957,0.5598306221618449,7.065703392028809,3.767383901323541,10.106154441833496,3.239553451538086,48.51936721801758,0.6173961758613586,1.6959285736083984,0.640655517578125,0.02684909850358963,15.710704803466797,0.5480318495579599,0.01693176942944816,0.3046388328075409,0.44804176688194275,0.5408162395382048,4.355412290048415,28.28778076171875,43.77647399902344
00357D.png,2.3005,0.6845409870147705,0.48522102846071175,0.8870647828820805,6.928095817565918,38.90747833251953,0.7106175586137602,0.48523465547081757,7.033161640167236,3.3871568615522634,9.999567031860352,3.4999911785125732,43.416587829589844,0.6856241822242737,1.8769853115081787,0.5032183527946472,0.0279066301882267,15.542926788330078,0.3818944138692559,0.014494093500259063,0.2795949876308441,0.4418768286705017,0.33416581289041675,3.478081413291747,21.81121826171875,46.43854904174805
00361D.png,2.3075,0.5621126294136047,0.624899685368086,0.8828973089771229,5.670058727264404,37.38090133666992,0.9412510883817391,0.48848412567958266,6.861181259155273,3.9153955347609397,10.162618637084961,3.295448064804077,42.88953399658203,0.5800248980522156,1.6817471981048584,0.6176250576972961,0.03283340483903885,14.836840629577637,0.5506026886901938,0.013447209314094034,0.3179680407047272,0.4347436726093292,0.5132679094948528,4.497180321774844,27.81854248046875,40.91545104980469
00367D.png,2.1244,0.5750271677970886,0.6526203114254666,0.8821705476288102,5.289381980895996,43.0103645324707,0.9190888055166678,0.5067755720392848,6.969559669494629,4.000228882926347,11.332140922546387,3.8147616386413574,44.708221435546875,0.5323265194892883,1.5212230682373047,0.6619516611099243,0.04044504091143608,13.93134880065918,0.6095455924411513,0.01362567893773669,0.3457995653152466,0.4562184810638428,0.5804688443540454,4.132885821713243,28.91815185546875,38.577484130859375
00371D.png,2.2162,0.5703755021095276,0.6195150283730874,0.880745396568357,5.511054992675781,47.3567008972168,0.9176572054232874,0.555584019403677,7.092350959777832,3.9040107587096475,11.898399353027344,4.210570335388184,43.423919677734375,0.5220826864242554,1.704737901687622,0.6729932427406311,0.039864592254161835,13.994126319885254,0.617983047754519,0.009793722825477793,0.37496304512023926,0.4639118015766144,0.5816241137177498,4.109145174001418,31.10125732421875,41.083194732666016
00375D.png,2.255,0.5762355327606201,0.5636979743159055,0.8794102423615938,5.71331787109375,42.913936614990234,0.8959188462645499,0.5470794658722293,7.021727561950684,3.5893700267281545,10.395572662353516,3.7930428981781006,38.960548400878906,0.5141648650169373,1.8280856609344482,0.6483340263366699,0.040373094379901886,13.939080238342285,0.5759701263516479,0.007070278684698111,0.36525052785873413,0.45463070273399353,0.5487089983775201,4.419504525147403,35.80242919921875,44.87609100341797
00379D.png,2.2996,0.593795895576477,0.5689947956077871,0.8881113044957057,5.488679885864258,51.12925338745117,0.9454518841332351,0.5856418945451206,7.394879341125488,3.665349183280423,12.901106834411621,4.516955852508545,56.991519927978516,0.6276759505271912,1.4525706768035889,0.7026776671409607,0.05728697404265404,12.419442176818848,0.6249336440197606,0.019152382508491356,0.37988370656967163,0.46425577998161316,0.6032690063394008,3.643122071115668,34.35272216796875,40.54325866699219
00383D.png,2.2011,0.5496541857719421,0.5524593239034272,0.8876556426627514,5.8087568283081055,43.97156524658203,0.8612256349475269,0.6143311758473264,7.0736517906188965,3.558513509105742,10.819727897644043,3.904756784439087,37.16175842285156,0.650922954082489,1.8965868949890137,0.6795356869697571,0.02977234311401844,15.261870384216309,0.5893500366511144,0.003049530887765312,0.3628796339035034,0.4529132544994354,0.5820708949475029,4.064850818679201,34.57049560546875,42.933589935302734
00388D.png,2.207,0.5462245941162109,0.5683320203107507,0.885558956725791,5.526493072509766,44.685386657714844,0.8609480744812432,0.5784817817372637,6.881229400634766,3.5258628863048784,11.496284484863281,4.019326210021973,35.21879196166992,0.6155319809913635,1.7933374643325806,0.6728968024253845,0.02817993238568306,15.500601768493652,0.6295993387281018,0.00564735538076214,0.353188157081604,0.4618571698665619,0.6049685516485709,4.018961943060753,31.83612060546875,36.243751525878906
00392D.png,2.2033,0.609770655632019,0.5732646318712176,0.8814841325102671,5.411075592041016,55.2137451171875,0.9507313232222665,0.592099230759334,7.333255767822266,3.6529478293307953,14.160929679870605,4.94674015045166,48.256370544433594,0.5421352386474609,1.4042775630950928,0.688444972038269,0.04815945774316788,13.173184394836426,0.6395587383706685,0.021002465831115473,0.40972936153411865,0.47331175208091736,0.6169845713080816,3.7463970723085978,27.51483154296875,44.783355712890625
00396D.png,2.2316,0.5910449028015137,0.5777373266173106,0.8829289920838576,5.522825717926025,51.53697967529297,0.9400718494218717,0.5930964659594684,7.254520893096924,3.6909853080052493,13.44307804107666,4.631960868835449,42.75075912475586,0.5849893093109131,1.6903049945831299,0.6725255846977234,0.04147138074040413,13.822515487670898,0.6490419157238612,0.009932125758891044,0.404876172542572,0.475605845451355,0.6113847157209891,3.660792743420358,28.70428466796875,40.17884063720703
00400D.png,2.2812,0.6293018460273743,0.5740459085413165,0.8816257659121537,5.480711936950684,54.22686004638672,0.9514641309680963,0.5859312206890771,7.380042552947998,3.6913423044152154,14.761134147644043,4.81507682800293,49.643245697021484,0.4575359523296356,0.708718478679657,0.6934763193130493,0.04726914316415787,13.254222869873047,0.6235355864529656,0.025199528745698047,0.37504640221595764,0.4716874361038208,0.6240583996981065,4.171128666930073,32.15496826171875,38.5039176940918
00404D.png,2.2907,0.6053191423416138,0.5640290221592076,0.8803037266582233,5.376304626464844,54.55058288574219,0.9505203589844905,0.597814595681888,7.367031574249268,3.593816069721459,15.477168083190918,4.873005390167236,47.994834899902344,0.4614579379558563,0.8433566689491272,0.7133769989013672,0.045801274478435516,13.391223907470703,0.6309065662571558,0.02251071971628329,0.3856726288795471,0.46508562564849854,0.6270002337104568,3.7381809218240534,31.64031982421875,47.333900451660156
00408D.png,2.3079,0.5755710005760193,0.5725576077083098,0.8821982509363844,5.699126720428467,41.773834228515625,0.8933439102413598,0.6069982956177232,6.911458492279053,3.610153195119116,10.210506439208984,3.6955621242523193,34.9408073425293,0.47744670510292053,1.9085932970046997,0.6302130222320557,0.02808680571615696,15.514976501464844,0.556616146377604,0.0030550084446852,0.3632228374481201,0.45396915078163147,0.5515721800276289,4.110610122623521,35.90545654296875,42.84217834472656
00412D.png,2.2763,0.6557064056396484,0.5985590293845277,0.8852455419216837,5.436225891113281,58.719200134277344,0.9597595214678658,0.5678747814355745,7.333184719085693,3.821634053196499,15.78597640991211,5.1293134689331055,52.407470703125,0.3880597651004791,1.01796293258667,0.688923180103302,0.0681162178516388,11.667495727539062,0.653111128109199,0.021434836142053427,0.39039403200149536,0.4733966588973999,0.6216727696046376,4.066434050885061,34.61785888671875,49.8828239440918
00416D.png,2.2162,0.6129094362258911,0.4811371304858705,0.8802768078915606,6.677615642547607,40.3773307800293,0.8768545246410592,0.5288826899473584,6.760820388793945,3.2328739194480836,10.842836380004883,3.5625832080841064,35.155311584472656,0.5055456161499023,1.9384524822235107,0.53080815076828,0.025013625621795654,16.018234252929688,0.4633815795496681,0.005593666439877667,0.33854877948760986,0.4215763509273529,0.39257963722772665,4.323289413881785,33.16326904296875,40.19398880004883
00420D.png,2.31,0.6199434399604797,0.5979869163607743,0.8877103525376357,5.503607273101807,50.33447265625,0.9524476560390188,0.5695499982337915,7.302333831787109,3.828903625793437,13.374245643615723,4.450349807739258,51.688507080078125,0.3659432530403137,1.4089605808258057,0.672942578792572,0.06271768361330032,12.026100158691406,0.6298691802898748,0.015124482671223183,0.3825939893722534,0.4719248414039612,0.6046629822034407,3.7587229850647392,30.60028076171875,45.37318420410156
00427D.png,2.3753,0.6566174626350403,0.4170699089469638,0.8806147847148234,6.830997467041016,38.10025405883789,0.8451432048314883,0.5531740717137978,6.986810684204102,2.881503559512282,9.672435760498047,3.377207040786743,35.979896545410156,0.557924211025238,1.961857557296753,0.5042979121208191,0.02440495789051056,16.125219345092773,0.4140218958274162,0.007131159841564742,0.3892619013786316,0.4067893624305725,0.34600202587471607,4.025061810814281,22.60809326171875,42.549713134765625
00431D.png,2.2088,0.5616897940635681,0.596011284057876,0.889139737874745,5.790703773498535,38.48545837402344,0.8818401886664845,0.5712028389492284,7.186439514160156,3.8672730649861897,10.083224296569824,3.3757708072662354,43.674537658691406,0.6574424505233765,1.9121615886688232,0.6373779773712158,0.02939118817448616,15.317829132080078,0.5442963307053051,0.007302709637304889,0.3320436477661133,0.44908127188682556,0.5273332303126739,4.466760558613804,29.59930419921875,31.690162658691406
00435D.png,2.2156,0.546314001083374,0.5965930105551988,0.8841321443236957,5.631858825683594,38.74321746826172,0.7685571696155546,0.5110050212984922,7.181159019470215,3.8220891079948185,9.821359634399414,3.520740270614624,45.94662857055664,0.568458080291748,1.922884464263916,0.5992385745048523,0.037876080721616745,14.216350555419922,0.5416289504632343,0.003836905930262482,0.2858920395374298,0.4318166673183441,0.538864062671133,4.185730301925436,26.17547607421875,50.89970397949219
00440D.png,2.2829,0.5991012454032898,0.5633084620939758,0.883107134041317,5.9232964515686035,44.236724853515625,0.9307040094959548,0.488989673069888,7.198428630828857,3.695799455251475,10.624387741088867,3.859858512878418,46.22696304321289,0.4240715503692627,1.5493601560592651,0.6316895484924316,0.04952157288789749,13.052057266235352,0.5489652996496956,0.014737712412186488,0.3775424361228943,0.4680580198764801,0.5229686295356508,4.659442936077337,30.74920654296875,41.16762161254883
00444D.png,2.3833,0.5988986492156982,0.5620068776882949,0.8915963965487204,6.2048773765563965,42.26957702636719,0.9326138744180759,0.6080582459974412,7.371771335601807,3.8150955391305406,9.29301643371582,3.634287118911743,44.01927947998047,0.6863189935684204,1.7649037837982178,0.6908565759658813,0.02642109990119934,15.780491828918457,0.5442186516998856,0.016773565569205617,0.40962329506874084,0.4733358919620514,0.5638442729877546,4.816264266959382,34.56561279296875,34.992042541503906
00448D.png,2.3994,0.6650905609130859,0.6083485724215921,0.8854620282785286,5.46090030670166,61.59767150878906,0.957399403743835,0.6076173602627647,7.573378086090088,3.9647035752383726,15.021334648132324,5.361738681793213,51.87214279174805,0.5954490900039673,1.127363681793213,0.7315364480018616,0.06588215380907059,11.812322616577148,0.664674905950967,0.02117966714924154,0.4121682345867157,0.4799274802207947,0.6490489277584569,4.131791771588206,36.80389404296875,44.028011322021484
00453D.png,2.2067,0.5842058658599854,0.5835237061740366,0.884503191184076,6.102039813995361,52.546409606933594,0.9175029764293091,0.5513340801819876,7.388269901275635,3.935968695891038,14.054137229919434,4.708950519561768,55.73202896118164,0.6174577474594116,1.8128461837768555,0.6320642828941345,0.04856328293681145,13.136919975280762,0.5914155538867931,0.008405408057463938,0.3609200119972229,0.4397446811199188,0.5127652716596978,3.654267401515477,29.64862060546875,44.08407974243164
00457D.png,2.3109,0.6182261109352112,0.5806639371035843,0.8811219569874078,6.071811676025391,52.432926177978516,0.9108203279809662,0.5369979467557309,7.513045787811279,3.944128982659148,13.39673900604248,4.676800727844238,53.083274841308594,0.5819804668426514,1.7845170497894287,0.6593281030654907,0.05537911131978035,12.56654167175293,0.5932645441247156,0.010128279804893179,0.38158127665519714,0.44408339262008667,0.5299309423810552,3.8777168439853122,29.39617919921875,46.936546325683594
00462D.png,2.1848,0.5870063304901123,0.579957366588672,0.8823833088177334,6.206346035003662,50.80046081542969,0.9044561919932594,0.5528941809705615,7.354979038238525,3.932505855192362,13.24083423614502,4.514079570770264,51.49943542480469,0.6182299852371216,1.8131041526794434,0.656121015548706,0.04121287912130356,13.84967041015625,0.5792326466576714,0.011019506630397073,0.3835701048374176,0.4349731206893921,0.5058555285360652,4.091217883915434,35.97528076171875,37.41962814331055
00466D.png,2.4025,0.6016535758972168,0.5962589829259033,0.8825346447216227,5.947970867156982,48.41859436035156,0.9295400063379142,0.5590393322097135,7.550812721252441,4.024396691291571,12.743518829345703,4.209079742431641,54.21309280395508,0.6231045722961426,1.7218760251998901,0.7015335559844971,0.04909595102071762,13.089543342590332,0.6163828919354274,0.009728841068726755,0.35595422983169556,0.4364808201789856,0.5607565471440236,4.412030970192796,32.40643310546875,42.992034912109375
00481D.png,2.2983,0.5706956386566162,0.5261241321125082,0.8819158984803563,6.150474548339844,43.362144470214844,0.8964817754787006,0.5010293521817244,7.276091575622559,3.532029568412483,11.446821212768555,3.7863380908966064,45.6884765625,0.4403237998485565,1.8680419921875,0.5838413834571838,0.0497848205268383,13.029030799865723,0.5144068613304028,0.0045091230883723445,0.3239491879940033,0.44326815009117126,0.47071722139738903,4.186597415831046,32.81463623046875,46.370452880859375
00486D.png,2.4026,0.6658347845077515,0.46347490030966615,0.8803603567281701,5.665619850158691,51.07377243041992,0.9430184494304227,0.45469210127628046,7.366121292114258,3.0199511230890135,12.784807205200195,4.396743297576904,46.26396179199219,0.5273888111114502,0.8895445466041565,0.6429386138916016,0.08409707993268967,10.752191543579102,0.5490798146591949,0.03431164373229776,0.38057026267051697,0.46580928564071655,0.5302007234906541,4.599518740619042,38.90155029296875,44.31007385253906
00491D.png,2.1398,0.5513182282447815,0.49904209664898913,0.8810881552429822,6.101118564605713,41.02829360961914,0.884493430374611,0.4879740441865046,7.145429611206055,3.305301340292166,9.787620544433594,3.6628496646881104,41.193763732910156,0.49169132113456726,1.7668392658233643,0.5966348648071289,0.04393300786614418,13.572090148925781,0.5186965470566536,0.008080308885995148,0.34598469734191895,0.44753846526145935,0.5001256261724364,4.1053439721883755,25.76922607421875,44.411537170410156
00496D.png,2.2757,0.6231611371040344,0.526491894612358,0.8818381189481158,5.720162391662598,42.22605514526367,0.9404170653365678,0.44419667256525924,7.481872081756592,3.475391577369054,9.44639778137207,3.5856211185455322,52.722198486328125,0.49552035331726074,0.9941356778144836,0.6589064002037048,0.08074824512004852,10.928669929504395,0.524703025474343,0.03203364984466429,0.36114513874053955,0.45754802227020264,0.5482786512153626,4.872293258405043,44.23358154296875,27.393638610839844
00500D.png,2.1922,0.6025764346122742,0.48759521553872337,0.8804069894744662,6.020020484924316,48.70238494873047,0.9060289081225129,0.49769901592683596,7.212826728820801,3.2261448692255073,11.862954139709473,4.339905738830566,43.43930435180664,0.4629967212677002,1.8592886924743652,0.6130987405776978,0.062227342277765274,12.060188293457031,0.5480439404045291,0.0058441404471910215,0.3388184905052185,0.4449657201766968,0.5211394316053556,3.686631710200229,31.22821044921875,43.12120819091797
00504D.png,2.1995,0.6232306361198425,0.385762213850762,0.8827009187707435,6.985652446746826,60.41215133666992,0.824070440841936,0.5296587086953857,7.194949150085449,2.735177327282189,14.406935691833496,5.532044887542725,41.27982711791992,0.630922794342041,1.8492364883422852,0.5212191939353943,0.028792716562747955,15.407173156738281,0.43897646751415736,0.013387238232295795,0.3407535254955292,0.46264466643333435,0.36003693310432133,3.238960281844298,17.87615966796875,44.58739471435547
00508D.png,2.1994,0.6893094778060913,0.5709666616370278,0.8845623542255836,5.162498474121094,50.349754333496094,0.9469220043306594,0.4521548858870163,7.285560607910156,3.5537235382681853,12.879927635192871,4.493524551391602,54.69280242919922,0.5629074573516846,1.354407548904419,0.6149627566337585,0.10934485495090485,9.612015724182129,0.5697358147493383,0.018051695101023953,0.36502355337142944,0.4607413709163666,0.5442502242854682,3.4700988984799115,25.06024169921875,48.31480407714844
00512D.png,2.208,0.6061152815818787,0.6194173445574925,0.8816204548860095,5.424959182739258,36.55792236328125,0.9060558360627476,0.4533347792381426,7.38193416595459,3.9664173216183514,9.1806640625,3.1599156856536865,54.56492614746094,0.518940806388855,1.6694458723068237,0.6405997276306152,0.07644917815923691,11.166272163391113,0.5195739368202459,0.014975358850524326,0.31967228651046753,0.4463247060775757,0.5440742325876786,4.443055495514274,28.84051513671875,34.37492752075195
00516D.png,2.407,0.6052563786506653,0.5409800027785595,0.880646624589764,5.715145587921143,46.206321716308594,0.9238077471368438,0.4581958519130774,7.326915740966797,3.527757138721773,12.447417259216309,4.114434719085693,54.06095886230469,0.5384120941162109,1.6587584018707275,0.5746248960494995,0.07116689532995224,11.47722053527832,0.5134245729729947,0.0186707947352942,0.33482271432876587,0.4387323260307312,0.4726506668380782,3.582683859612044,28.51385498046875,43.50077438354492
00521D.png,2.2752,0.5492908954620361,0.5476629957381207,0.8818191610728184,5.77186393737793,35.25102996826172,0.8983027844379293,0.48433366117473214,7.059277534484863,3.5135801391565806,9.697185516357422,3.0813825130462646,46.948081970214844,0.523317277431488,1.837644338607788,0.588955819606781,0.049462251365184784,13.05726146697998,0.5028994833600713,0.007963581809480154,0.3041420876979828,0.4399532377719879,0.4882033322338859,4.000723132084765,27.59588623046875,40.63572311401367
00526D.png,2.2224,0.5453231930732727,0.5434559345267401,0.8808618540851344,6.416182994842529,40.46710968017578,0.8671752905558381,0.4567418329494685,7.052757263183594,3.659897734467693,10.850512504577637,3.654019832611084,46.599456787109375,0.521833598613739,1.8349376916885376,0.556414783000946,0.04109029471874237,13.862608909606934,0.46904071152496596,0.009564517064619799,0.20954787731170654,0.40689754486083984,0.42232383388841205,3.1792615320468456,20.59979248046875,37.26837921142578
00533D.png,2.2704,0.5715609788894653,0.5809041653390048,0.8819195145435309,5.819650173187256,36.5907096862793,0.8901627391481377,0.40683920423548975,6.851151466369629,3.6802715548415588,10.16012954711914,3.2111332416534424,42.09682846069336,0.45124682784080505,1.8712103366851807,0.5990456342697144,0.05625785142183304,12.498167991638184,0.532129188671538,0.004723452729658328,0.09300840646028519,0.3684190809726715,0.48754399273081145,4.046255983705492,34.14569091796875,49.297607421875
00537D.png,2.2034,0.8945990204811096,0.543531585928461,0.8836711039070964,5.498567581176758,44.620540618896484,0.9346789452772438,0.4412307906040182,7.0752716064453125,3.417149452778837,12.503752708435059,3.8964858055114746,56.200130462646484,0.4132876992225647,1.2277333736419678,0.6561241745948792,0.08088598400354385,10.92126750946045,0.5484958639105705,0.03207210882173775,0.3155454099178314,0.44581663608551025,0.5489495646111271,4.037065894289663,30.19744873046875,37.46422576904297
00546D.png,2.1972,0.5688436031341553,0.621376733804622,0.882837850461501,5.366078853607178,33.257102966308594,0.9510790652125326,0.4089697342738846,6.974203586578369,3.833993793089597,9.949804306030273,2.8572592735290527,47.44318389892578,0.4353233277797699,1.6277554035186768,0.6344633102416992,0.06088295951485634,12.15504264831543,0.5217117740907303,0.016365928825114444,0.2932490110397339,0.4475741684436798,0.5204353832788768,4.661238851000453,27.61297607421875,44.30242156982422
00551D.png,2.2238,0.5921096205711365,0.5630631550322862,0.8806438023386268,5.672823429107666,32.51254653930664,0.8910422280994239,0.41974816927402253,6.909177303314209,3.542240905640547,9.154067993164062,2.8735034465789795,33.47667694091797,0.47431087493896484,1.8823533058166504,0.5476998686790466,0.054135970771312714,12.665140151977539,0.4558631808706179,0.003419655579470829,0.25771471858024597,0.4339579641819,0.45597821830617663,4.326162866405609,27.03240966796875,44.966983795166016
00555D.png,2.1989,0.533818781375885,0.504289428465084,0.8871081021251555,6.637092590332031,35.08808517456055,0.8304578150850821,0.44562643240141664,7.027892112731934,3.4455630586841455,8.800515174865723,3.151174306869507,48.85716247558594,0.6620968580245972,1.8391464948654175,0.5093046426773071,0.028940381482243538,15.384956359863281,0.3365943668202263,0.016737006491071318,0.18337176740169525,0.3549046814441681,0.3036449658925458,4.076328550261981,11.30682373046875,40.79611587524414
00559D.png,2.1979,0.4687111973762512,0.5739559645231767,0.8817236075607517,5.582599639892578,25.254438400268555,0.8805623753440146,0.4465122263392277,6.681446075439453,3.5195209425072154,6.880197525024414,2.211540699005127,39.84107208251953,0.5444774031639099,1.8886897563934326,0.5520551204681396,0.02852310985326767,15.448030471801758,0.4149077296678469,0.005340890383489619,0.20768854022026062,0.40863895416259766,0.4376975787809587,4.533039141185473,20.02655029296875,30.189334869384766
00563D.png,2.1772,0.5786357522010803,0.5534781333126272,0.8824346418536743,5.993460655212402,39.78567123413086,0.9150772543244029,0.4456967384105206,7.206026077270508,3.6528238202109087,10.161432266235352,3.492025136947632,46.496543884277344,0.5700956583023071,1.901090145111084,0.5756638050079346,0.06441476941108704,11.910143852233887,0.49842522712579007,0.006713913750041692,0.3159027397632599,0.4300556480884552,0.49689747359223396,4.751914200391687,27.77362060546875,34.74297332763672
00567D.png,2.1503,0.5845215320587158,0.4762888687256948,0.8831309848422437,6.282957553863525,39.903778076171875,0.854189233703506,0.46267198219517186,7.103072643280029,3.1878170815447877,10.310032844543457,3.502295732498169,49.10028076171875,0.4255791902542114,1.8483061790466309,0.5595976114273071,0.05352235212922096,12.714649200439453,0.48470300024239205,0.011019787901377823,0.26781898736953735,0.3931843936443329,0.4371735290728066,3.6800224624119373,33.74334716796875,47.80336380004883
00571D.png,2.3484,0.5921140909194946,0.48526504127928527,0.8833660464721298,5.82382345199585,50.69751739501953,0.8961297239322557,0.48613647561470896,7.4235382080078125,3.2142497068583253,12.893205642700195,4.4808197021484375,58.994964599609375,0.41202622652053833,0.9849404096603394,0.5977839231491089,0.06762263923883438,11.699079513549805,0.49061592977483975,0.037462284635386,0.2929978668689728,0.4316343665122986,0.47937652408481973,3.493571071330697,23.31365966796875,50.26783752441406
00581D.png,2.1243,0.5060968399047852,0.5737465029271992,0.8822108517742734,5.600009918212891,25.738893508911133,0.8927542057164298,0.4347841525858677,6.697784423828125,3.527918656057821,7.306720733642578,2.2337682247161865,53.919925689697266,0.5659593939781189,1.8200953006744385,0.5438448786735535,0.05315735191106796,12.744367599487305,0.43582439098021747,0.012473214429977087,0.2754209041595459,0.40299245715141296,0.4511750532213831,4.747284225385742,28.26239013671875,47.77117156982422
00587D.png,2.3783,0.6586593985557556,0.5392322430614227,0.8823840041774945,5.449674606323242,37.08317947387695,0.8294126838613138,0.45381653057269755,7.709646224975586,3.5479749841190173,8.420884132385254,3.2554256916046143,63.622257232666016,0.4782123267650604,0.49749600887298584,0.5320131182670593,0.08076118677854538,10.927972793579102,0.3437975623873416,0.0748553614328577,0.1786588579416275,0.39007025957107544,0.387012690876554,3.794489396183881,8.98846435546875,38.994171142578125
00591D.png,2.198,0.5596041679382324,0.5220315644448379,0.8810720214831335,5.605609893798828,49.97165298461914,0.9341619817551199,0.4631674019330677,6.94229793548584,3.2752114895169786,13.851156234741211,4.482973098754883,44.23466110229492,0.4480808675289154,1.5375807285308838,0.5799252986907959,0.04981593042612076,13.026317596435547,0.5349542265250696,0.017753692390949507,0.31285232305526733,0.4448927342891693,0.4881314858962461,4.074559017764391,24.48553466796875,47.66035842895508
00596D.png,2.1167,0.6104768514633179,0.5422542685676377,0.8852300561607683,5.433504581451416,48.401611328125,0.9351519657606226,0.44477388898298276,7.081738471984863,3.3932321636848997,13.988737106323242,4.320219993591309,55.36083221435547,0.4058763086795807,1.4727301597595215,0.5938729643821716,0.0783548578619957,11.059341430664062,0.5381639648117174,0.014344480167779823,0.3307874798774719,0.4584774672985077,0.5024324592208652,3.4293710441781404,23.01287841796875,48.802669525146484
00600D.png,2.3816,0.6580087542533875,0.5633791961571513,0.8851569345695977,5.15126895904541,45.17394256591797,0.9450105386135941,0.456949205548987,7.47696590423584,3.557252846564335,12.556669235229492,3.917983055114746,57.4527587890625,0.40489035844802856,0.4170709252357483,0.6723629236221313,0.09374446421861649,10.28054428100586,0.5272497193778279,0.03055080891865171,0.32000547647476196,0.46285516023635864,0.5901043590193659,4.121331810942175,28.57489013671875,41.3370361328125
00606D.png,2.1991,0.6295554637908936,0.5652431434207602,0.8821799099291496,5.283505916595459,51.46442413330078,0.9404672135967247,0.4131360490130345,7.20771598815918,3.5302988089439644,13.828853607177734,4.563654899597168,46.619224548339844,0.549476683139801,1.623485803604126,0.6087623238563538,0.08370432257652283,10.77252197265625,0.5695534845620084,0.014783238184675645,0.3488234281539917,0.4572136104106903,0.5216810613547509,3.862411598730149,26.19549560546875,46.43209457397461
00613D.png,2.3053,0.5766453146934509,0.5491346349447747,0.8802920193460205,5.413994312286377,51.94118118286133,0.937362482253066,0.505772487118698,7.405003070831299,3.5196877658350427,12.615518569946289,4.626433372497559,50.4997673034668,0.46729040145874023,1.2221466302871704,0.6748700141906738,0.05444278195500374,12.640596389770508,0.554154738368009,0.029687940778178525,0.3588632643222809,0.4557269513607025,0.5597547467337115,4.159680085481011,30.21942138671875,45.64143371582031
00621D.png,2.2081,0.5593885183334351,0.525556778569133,0.8797346155333233,5.673895359039307,43.93802261352539,0.9170109404830336,0.5158253631833698,7.186923503875732,3.379554847161515,10.149658203125,3.8606348037719727,38.47321319580078,0.5179688930511475,1.822238564491272,0.6397114992141724,0.049286846071481705,13.0726900100708,0.5338525675474903,0.008920820232782511,0.3624011278152466,0.4613250494003296,0.5691434525525635,4.122455092921919,31.73748779296875,38.041263580322266
00626D.png,2.3158,0.5901452898979187,0.5961095897110389,0.8830086384729714,5.318377494812012,49.530887603759766,0.9422068414816837,0.46386197701206267,7.149549961090088,3.716136568816056,13.755050659179688,4.422636032104492,52.22734069824219,0.47733137011528015,1.6230766773223877,0.6368062496185303,0.06894926726818085,11.614704132080078,0.5888775280082508,0.013641194280840893,0.3531128466129303,0.4588426351547241,0.5671696052049382,3.9808829666642285,25.97039794921875,41.35295104980469
00630D.png,2.1692,0.6668221950531006,0.37645866229291025,0.8794097372436777,6.297180652618408,40.70476150512695,0.8460713913564927,0.4921286606493332,6.605431079864502,2.428656943950326,11.260113716125488,3.7138583660125732,48.68328094482422,0.42610692977905273,0.7952208518981934,0.5361884832382202,0.030176494270563126,15.203312873840332,0.40523124253055987,0.03311741574500158,0.16064049303531647,0.3984248638153076,0.3782406239664347,3.303315992478289,9.63543701171875,34.70722579956055
00634D.png,2.2298,0.5096410512924194,0.5684470974530387,0.8775652144190947,6.562525749206543,32.66317367553711,0.8487815429732541,0.42615388597449766,6.680138111114502,3.763887009086945,9.096776962280273,2.936020612716675,46.947025299072266,0.503369152545929,1.798551082611084,0.46833112835884094,0.03735339269042015,14.276700019836426,0.3452893241389251,0.011340135454118059,0.19534197449684143,0.3813909888267517,0.3141964123454367,3.5012033226084043,10.16033935546875,40.58905029296875
00638D.png,2.1696,0.45986735820770264,0.5823313780911599,0.8813860669207779,5.712692737579346,29.411352157592773,0.8977576623552294,0.4799522323673542,6.796648025512695,3.6423004177162888,8.599676132202148,2.574105978012085,43.138919830322266,0.47020360827445984,1.801250696182251,0.5829426050186157,0.03181060403585434,14.974281311035156,0.47678097777028866,0.00725407916682968,0.27192574739456177,0.4314870536327362,0.48508946359678784,3.9879203489050696,26.39569091796875,39.78473663330078
00642D.png,2.3285,0.5088110566139221,0.5549943000227446,0.9252283407258786,5.897768020629883,34.90284729003906,0.8068259401039468,0.4736609867071886,7.272658348083496,3.6547653030207297,8.235589027404785,3.1549274921417236,54.681060791015625,0.8381370306015015,1.5868654251098633,0.510412871837616,0.039427123963832855,14.042048454284668,0.3778920664085418,0.04183954208673472,0.19262659549713135,0.41133958101272583,0.40081274015562074,3.8280840175569733,13.09100341796875,35.17251205444336
00646D.png,2.2858,0.5796475410461426,0.5621793939883065,0.8831681042423128,5.679403781890869,57.50248336791992,0.9410259683701406,0.5319487096286858,7.299018859863281,3.648110765356739,14.531871795654297,5.178682804107666,48.36016845703125,0.5349887609481812,1.7451722621917725,0.6581133008003235,0.060864705592393875,12.156344413757324,0.6036131914141445,0.012408121749730707,0.6543846130371094,0.5265691876411438,0.5753640833603827,3.727700955878337,30.37274169921875,46.122493743896484
00650D.png,2.1993,0.5161330699920654,0.48755914287140345,0.880008914680656,5.962602615356445,39.2882080078125,0.9023731337727291,0.4660169981086781,6.6754865646362305,3.0809164325912004,10.627861976623535,3.5060741901397705,35.08601760864258,0.5860686302185059,1.7123463153839111,0.5755664110183716,0.029559854418039322,15.292977333068848,0.4896576165612249,0.011991220634821928,0.2985539138317108,0.4377865195274353,0.4602899351961804,3.818089006257059,29.05389404296875,40.57788848876953
00655D.png,2.3147,0.5044302344322205,0.4587496550991097,0.8802082007380934,5.568717956542969,42.867027282714844,0.9367640603546127,0.5272376922129267,6.919938087463379,2.864591366440317,11.342300415039062,3.8164284229278564,36.252132415771484,0.5126258730888367,1.0372015237808228,0.6375693082809448,0.026904797181487083,15.701704025268555,0.52278572336044,0.02482362461721554,0.3053181767463684,0.4592132270336151,0.5328180634021822,4.172049764869769,32.13055419921875,38.768821716308594
00659D.png,2.2858,0.6109517812728882,0.49480775555919887,0.8828121856509418,5.549233913421631,45.33885192871094,0.8871919751536333,0.4618571232016596,7.20494270324707,3.155441700792636,12.207345962524414,4.054719924926758,43.342430114746094,0.5760263204574585,1.3095355033874512,0.5876027941703796,0.04799491912126541,13.188047409057617,0.49410724282373614,0.02818170067966055,0.21089309453964233,0.40358230471611023,0.4426005859745967,3.562947198586234,14.04217529296875,38.4183464050293
00671D.png,2.2136,0.5569601655006409,0.4920379969885152,0.8839398971291648,5.839905738830566,54.614715576171875,0.9336806677144711,0.5208617998783144,7.179208278656006,3.2029583388132963,13.616959571838379,4.90470027923584,41.027626037597656,0.5847315788269043,1.7434754371643066,0.626110315322876,0.04672260582447052,13.304729461669922,0.591795315770761,0.00741029339816891,0.3757934868335724,0.4575958847999573,0.5439254852806914,4.0218964248522235,23.91912841796875,52.32529830932617
00676D.png,2.2759,0.5395362973213196,0.47782324887875754,0.8821246292242586,6.259309768676758,50.02105712890625,0.8870362060317957,0.5171186683229437,7.073410511016846,3.185350710240929,12.378896713256836,4.50411319732666,38.59700012207031,0.6210765838623047,1.8475749492645264,0.5886944532394409,0.038630563765764236,14.13068962097168,0.5301695780966128,0.0039521442936705335,0.34804925322532654,0.4343954920768738,0.493738524183026,3.5929093109478716,24.64373779296875,52.42709732055664
00681N.png,2.2237,0.36182764172554016,0.4767309539221383,0.8728219676211779,5.398355484008789,16.417192459106445,0.7943850098136293,0.44175793772288485,5.231230735778809,2.533734600272494,6.991506576538086,1.4794921875,22.456344604492188,0.6144774556159973,1.792893648147583,0.4808703064918518,0.009836220182478428,20.07171630859375,0.36806924345624853,0.0037739249903397556,0.10629260540008545,0.2831117510795593,0.2916728100549971,5.3711116593302295,33.96502685546875,25.999683380126953
00686N.png,2.2896,0.26823270320892334,0.5045100169121081,0.8796184597818493,5.007887840270996,17.959617614746094,0.8768632874626455,0.4195052922058601,5.379150867462158,2.620190659074206,7.605123996734619,1.6354223489761353,24.2188663482666,0.4949459135532379,1.8099727630615234,0.48695728182792664,0.007087717764079571,21.494937896728516,0.4336033399426617,0.0014474114539443422,0.13539904356002808,0.34986478090286255,0.40649197920338964,5.6302869515546945,37.65447998046875,33.496089935302734
00690N.png,2.2798,0.32456135749816895,0.42081456829549285,0.8873664261564653,5.366575717926025,23.631507873535156,0.832907021558521,0.4263388804320332,5.681837558746338,2.3246742495165336,9.407240867614746,2.1460812091827393,42.0528678894043,0.639172375202179,1.4727882146835327,0.45632869005203247,0.013756194151937962,18.615018844604492,0.38906528274899055,0.017116265875065227,0.05172014236450195,0.2964145541191101,0.3125177184056709,5.216817458248675,36.32928466796875,38.54999923706055
00695N.png,2.2304,0.3533387780189514,0.44783151049230624,0.8814482823979972,5.775364398956299,21.285436630249023,0.8318928508135146,0.47251543215783576,5.894161224365234,2.6129986091522923,7.541576862335205,1.9319665431976318,29.728851318359375,0.5765343308448792,1.8022470474243164,0.4762570559978485,0.0100485198199749,19.978979110717773,0.35125913117904267,0.0037408999767993695,0.12104668468236923,0.3424842655658722,0.3382341042477616,4.7599186205481505,30.39178466796875,36.48668670654297
00702N.png,2.1845,0.4183712601661682,0.5736871704076172,0.8868734835136955,5.198535919189453,24.556209564208984,0.8728326423901733,0.46419933942723357,6.715086936950684,3.4173570468026853,7.646343231201172,2.1798856258392334,43.37055587768555,0.6414017677307129,1.7254085540771484,0.5741056799888611,0.021734891459345818,16.62842559814453,0.46773018548227463,0.01710527424198267,0.21521440148353577,0.39798596501350403,0.4764359717872255,4.5922686345784145,34.98406982421875,32.7306022644043
00706N.png,2.1847,0.29240402579307556,0.49057846376545267,0.8766973099286901,5.191032886505127,11.185724258422852,0.7907636525470876,0.4638065769179281,5.2002081871032715,2.5488683068475364,4.2623419761657715,1.0331318378448486,17.602392196655273,0.5293694138526917,1.8015495538711548,0.4476086497306824,0.004903709050267935,23.09475326538086,0.31293024096177374,0.001361907643032957,0.12801343202590942,0.3320733606815338,0.34996115534519684,5.868351372477852,38.18524169921875,19.4365291595459
00710N.png,2.1272,0.26790422201156616,0.46772846266208373,0.8786153604100211,5.3914618492126465,12.91120433807373,0.8689507722378902,0.42326879450993576,5.242687225341797,2.486955615981554,4.786237716674805,1.1757221221923828,20.106191635131836,0.6493852138519287,1.7314889430999756,0.44006824493408203,0.005692066624760628,22.447301864624023,0.31233098370347584,0.004885852319503728,0.13160324096679688,0.31388306617736816,0.322713426806979,5.780879917540033,38.04071044921875,22.17205810546875
00714N.png,2.47,0.3384232223033905,0.47666111034867203,0.8838041165866541,5.594640731811523,14.261211395263672,0.7120983481155962,0.4763292774465861,5.46975040435791,2.636990525082229,4.872610569000244,1.299554467201233,24.56988525390625,0.6474710702896118,1.8367974758148193,0.511294960975647,0.007944931276142597,20.999099731445312,0.3441311631872323,0.005094141817436834,0.1411173939704895,0.34445542097091675,0.39758812249277486,5.990265033020359,40.25262451171875,17.282238006591797
00718N.png,2.2987,0.23209717869758606,0.4499608457317458,0.8708233328088888,4.733426094055176,9.156427383422852,0.8357633077304212,0.46012816832464926,4.4828033447265625,2.0734782664812172,3.7082765102386475,0.8680316209793091,10.958989143371582,0.524927020072937,1.689185380935669,0.4218295216560364,0.002674210350960493,25.728046417236328,0.2628880239849544,0.0020837255312267313,0.07143676280975342,0.29438284039497375,0.3004877969704414,6.14741029654067,37.77459716796875,22.07790756225586
00722N.png,2.2295,0.3199748694896698,0.5897337820915978,0.8800094470391742,4.582300186157227,14.785056114196777,0.7179640606072647,0.4773343233518844,5.395618915557861,2.9421675312889928,5.406215190887451,1.3799504041671753,20.776620864868164,0.44257739186286926,1.7860081195831299,0.5906269550323486,0.0053550065495073795,22.712400436401367,0.4360343400453188,0.005151206610397958,0.1401001363992691,0.35905659198760986,0.4931632665645201,5.112157832306958,36.60223388671875,25.14849281311035
00726N.png,2.1988,0.24818629026412964,0.41204896103274585,0.8754833123335188,4.930129051208496,12.011513710021973,0.855265476675996,0.4534262766807102,4.740804672241211,1.9924563130348822,5.216087341308594,1.1178220510482788,17.241647720336914,0.5344887375831604,1.727858304977417,0.4435345232486725,0.0040313201025128365,23.945526123046875,0.3210047394687377,0.002452186733324695,0.08111028373241425,0.2928887903690338,0.3339002159255837,6.018594314504836,37.23455810546875,26.086048126220703
00730N.png,2.274,0.2207600176334381,0.40003519906270224,0.8729559066183572,5.070472717285156,11.052791595458984,0.8496980998554406,0.46215896749493046,4.492844581604004,1.9128387253642671,5.029914379119873,1.0360459089279175,12.549761772155762,0.5725204944610596,1.6235963106155396,0.42875421047210693,0.0029566967859864235,25.29193115234375,0.320467629551382,0.0017571184539593352,0.09708745777606964,0.33072999119758606,0.33033869367935653,6.462817503060756,36.67694091796875,17.643863677978516
00734N.png,2.3993,0.25229519605636597,0.41812315419136514,0.8845348936487578,5.281956195831299,15.199883460998535,0.8827187679144279,0.3946558061659883,5.149910926818848,2.1809100831211,5.562676906585693,1.3933018445968628,20.484106063842773,0.6552603244781494,1.7880975008010864,0.4813370108604431,0.004880491644144058,23.115365982055664,0.377557800809125,0.002354344157147474,0.17524844408035278,0.3595390021800995,0.4089591695828597,6.310817624829643,33.27362060546875,22.615177154541016
00738N.png,2.1985,0.2872180640697479,0.3275505494323573,0.8776537818791574,5.7059149742126465,14.609588623046875,0.7130801656740424,0.5015287328803761,4.684850692749023,1.7017565873173872,5.694830417633057,1.3597323894500732,21.00739288330078,0.5724171996116638,1.7888894081115723,0.46885332465171814,0.006100241094827652,22.146530151367188,0.348697157439596,0.002080443605665279,0.11599145084619522,0.3251773715019226,0.3685726148648702,6.106566224977068,36.44598388671875,26.21215057373047
00742N.png,2.2235,0.38742637634277344,0.42624376439745415,0.8818572296842822,5.965308666229248,15.073914527893066,0.6368731707457223,0.48599766904892056,5.414853572845459,2.425369113692355,5.1115288734436035,1.3921387195587158,26.586132049560547,0.5394126772880554,1.8302106857299805,0.5019398927688599,0.010148229077458382,19.936098098754883,0.34128787501262264,0.0011677191512653373,0.10552125424146652,0.3503519296646118,0.39354223656406245,5.7435175519807835,39.79217529296875,27.243473052978516
00746N.png,2.2822,0.25204285979270935,0.3996114191319892,0.8823094163958255,5.206900596618652,14.568330764770508,0.8530828482166258,0.46834399679258887,4.743031978607178,1.9880605589555689,6.375462532043457,1.34632408618927,19.196758270263672,0.6314483880996704,1.7815871238708496,0.4626482427120209,0.004144095815718174,23.825702667236328,0.3807781466537352,0.002549144357424475,0.10616058111190796,0.3301742970943451,0.3725172698334825,5.907833567859946,37.05926513671875,22.741853713989258
00750N.png,2.2143,0.28176194429397583,0.43011947506739207,0.8794887760098641,5.188146591186523,23.853946685791016,0.8767759815633979,0.41010381909395094,5.560835838317871,2.311680420645061,8.87753963470459,2.160445213317871,24.73682975769043,0.5716857314109802,1.736002802848816,0.549798846244812,0.008070116862654686,20.931201934814453,0.5196283261770019,0.0065824599367537194,0.19763846695423126,0.38894107937812805,0.46648780166106885,6.0338935682040065,33.74090576171875,27.7283935546875
00754N.png,2.4765,0.28197231888771057,0.432852923913007,0.8864489650691224,5.328132152557373,20.74003028869629,0.8819770822248795,0.407265380635024,5.499073505401611,2.343301176178132,7.53158712387085,1.8826862573623657,28.25457191467285,0.6280406713485718,1.8563388586044312,0.4998544752597809,0.009031898342072964,20.442209243774414,0.4692614247445743,0.0038913796337447155,0.14212076365947723,0.3547614812850952,0.42644705433619895,5.829141200682894,31.26434326171875,26.307754516601562
00758N.png,2.2417,0.26597586274147034,0.4526551288951671,0.8735636929655133,5.024232387542725,18.116952896118164,0.8934439901323679,0.4125489532197086,5.435588836669922,2.3673537352411724,7.44954776763916,1.6648736000061035,18.93992805480957,0.5484284162521362,1.5985114574432373,0.5051555037498474,0.004937672056257725,23.064777374267578,0.4233349461057459,0.009057800439667491,0.16938775777816772,0.37859076261520386,0.41201803507291,5.536057223477195,31.19403076171875,24.230371475219727
00762N.png,2.2044,0.2565375864505768,0.4087845914190493,0.8763709329354107,5.130438804626465,14.845560073852539,0.8824924690772635,0.4606793466026517,4.885915279388428,2.047273184777236,6.331858158111572,1.3701105117797852,17.143604278564453,0.5969885587692261,1.6537189483642578,0.4623240828514099,0.003465020563453436,24.602943420410156,0.3816954892963785,0.006244339727966249,0.132618710398674,0.35707107186317444,0.3802639384565854,5.647085191477029,35.94500732421875,24.42655372619629
00766N.png,2.2268,0.3626011908054352,0.35007125135866707,0.8743829790833175,6.0041890144348145,27.015586853027344,0.8097296202340181,0.4649552421703507,5.950894355773926,2.092571850125646,9.243718147277832,2.499462842941284,25.31391143798828,0.594905436038971,1.0486364364624023,0.47352421283721924,0.006392811890691519,21.94308090209961,0.3679665925945564,0.032986102331073054,0.03395441174507141,0.3288854658603668,0.319763239923869,3.7713613001493216,14.20086669921875,33.30345916748047
00770N.png,2.1773,0.3006759583950043,0.3530659974931288,0.8664760241444724,5.620092391967773,24.21746063232422,0.7879933066585327,0.42131143596352194,5.497724533081055,1.9626681716496037,8.403658866882324,2.2561511993408203,23.308624267578125,0.5989181995391846,1.3314268589019775,0.46088001132011414,0.007336725946515799,21.34497833251953,0.3393306884247992,0.022414075862194537,-0.027766868472099304,0.23705793917179108,0.2806159420423655,3.831295991918643,14.75213623046875,36.727813720703125
00774N.png,2.2016,0.21498434245586395,0.43385907440260046,0.8745231703357487,4.379676342010498,16.115474700927734,0.836497354053272,0.40296766760904035,4.90650749206543,2.014455195555696,7.478122711181641,1.4953595399856567,16.857385635375977,0.5627541542053223,1.45745050907135,0.5244266390800476,0.003678093198686838,24.343774795532227,0.4142938466568044,0.01520355601392892,0.04448048770427704,0.332372784614563,0.40249212230436165,5.97189721336339,28.79022216796875,28.620546340942383
00778N.png,2.2902,0.5345029830932617,0.2857433418583449,0.8685208831494469,6.45742654800415,14.826698303222656,0.6307140433079274,0.40364244235934016,4.407773494720459,1.5523341595339097,6.257821083068848,1.4091399908065796,15.496197700500488,0.5718241333961487,1.4305734634399414,0.38983726501464844,0.007976565510034561,20.981842041015625,0.22657062066338668,0.005403159523406765,0.04315609484910965,0.24782533943653107,0.20695840026422593,4.458592105988201,27.76629638671875,23.350996017456055
00782N.png,2.3223,0.38481202721595764,0.21300321418381993,0.854680555886673,6.520671367645264,17.066696166992188,0.7222840636592351,0.43173128161370095,4.732831001281738,1.1985198615165817,6.2209792137146,1.6111267805099487,15.195072174072266,0.5318163633346558,1.4424445629119873,0.3586006462574005,0.008926630020141602,20.49312400817871,0.23648274451920495,0.004258409956589398,0.040674299001693726,0.2478000372648239,0.21201695386488156,4.643997130169567,18.12078857421875,19.273357391357422
00786N.png,2.2074,0.2812192440032959,0.21697228176954478,0.8549931773845019,6.0260844230651855,15.77918529510498,0.7927149766935258,0.43990005389168774,4.528982639312744,1.1450822158886673,5.571554660797119,1.5014599561691284,11.552092552185059,0.45680689811706543,1.167410135269165,0.3240334987640381,0.0037501726765185595,24.25948715209961,0.24445217290713656,0.004530157780307723,-0.05544058233499527,0.21652619540691376,0.229925547794418,4.383706251744886,15.44256591796875,20.712596893310547
00790N.png,2.1983,0.39810749888420105,0.27293199081848707,0.8581613722184998,6.1936163902282715,15.08663272857666,0.6997619337288234,0.42745922078194404,4.319850444793701,1.434735459409831,5.7826361656188965,1.4446659088134766,13.532204627990723,0.5576804280281067,1.3668442964553833,0.3221876621246338,0.007258889265358448,21.391298294067383,0.20508948097545412,0.00316429945120063,0.0010619387030601501,0.20014232397079468,0.19257061654332883,4.342429139288313,20.55291748046875,20.954620361328125
00794N.png,2.1986,0.28229793906211853,0.2676436593515788,0.865311393573161,5.6819353103637695,14.886943817138672,0.7971270412523179,0.44214463298750684,4.426857948303223,1.3527819888873402,5.485641002655029,1.417181372642517,13.755828857421875,0.551609456539154,1.3893282413482666,0.3787969946861267,0.004452575463801622,23.51388931274414,0.2464189887477057,0.0026004169209061434,-0.019717954099178314,0.2226000726222992,0.2524635757942857,4.549951901059193,21.08709716796875,19.73036766052246
00798N.png,2.1789,0.22857607901096344,0.41114472809815444,0.8772285692430526,4.815498352050781,12.528495788574219,0.8393272122809038,0.4789603867658978,4.423752784729004,1.8993423625800334,5.421804428100586,1.1740012168884277,15.531270980834961,0.6112744212150574,1.7448581457138062,0.45885664224624634,0.0036694910377264023,24.35394287109375,0.34007968988666637,0.003260230024939291,0.062324538826942444,0.29696935415267944,0.33040764181878235,5.716161695724496,31.87762451171875,22.977294921875
00802N.png,2.222,0.24671031534671783,0.4406945163568344,0.8690586411746781,3.9525814056396484,15.656670570373535,0.7717450938226933,0.40184757968703066,5.229727745056152,2.023304589481576,6.283573627471924,1.460759162902832,18.862577438354492,0.5276269912719727,1.2575970888137817,0.4973194897174835,0.004927733913064003,23.073528289794922,0.3726788316177058,0.019832854083754257,-0.013049423694610596,0.27547064423561096,0.4250081314083284,5.2385324616732065,26.30242919921875,28.04566192626953
00806N.png,2.2009,0.2850301265716553,0.3351610652436238,0.8639804915388972,4.993751049041748,17.44283103942871,0.7854726353420602,0.39647029376482096,4.895208835601807,1.6572031707509431,6.510665416717529,1.6481705904006958,20.210599899291992,0.5229764580726624,1.1109461784362793,0.41820815205574036,0.006463770288974047,21.8951416015625,0.2954966135867544,0.01506182154948192,-0.05531935393810272,0.20021970570087433,0.2687497640614539,4.400777122419948,15.18133544921875,26.877344131469727
00810N.png,2.2721,0.2685268223285675,0.4539533577752337,0.8802477383001284,4.836634635925293,17.11049461364746,0.8349006097320177,0.3969903793393039,5.5879130363464355,2.366137440768046,6.193893909454346,1.5714949369430542,23.9445743560791,0.6459453105926514,1.3907538652420044,0.5729556083679199,0.007098689675331116,21.488218307495117,0.3909358033044244,0.016414072955895313,0.13761436939239502,0.34017717838287354,0.41678433569717815,4.72948518495111,29.69744873046875,28.887128829956055
00815N.png,2.2976,0.2205098569393158,0.41539393194641916,0.8793986355791045,4.663235187530518,16.147001266479492,0.8916518864963318,0.46636832899493935,4.8454508781433105,1.974933011700971,6.373676776885986,1.5005693435668945,17.724023818969727,0.5792073011398315,1.7080188989639282,0.5202782154083252,0.0033266881946474314,24.77988052368164,0.415343232329281,0.004774312044266075,0.15070989727973938,0.38126882910728455,0.4451217044377,5.782064553678518,33.94842529296875,27.006820678710938
00819N.png,2.3006,0.28485020995140076,0.5668896819024408,0.8792910601777622,4.613101482391357,21.574478149414062,0.8980918778501475,0.4712878063762543,5.715210437774658,2.927516132690359,7.311593532562256,1.964280605316162,24.196882247924805,0.5411679744720459,1.8577923774719238,0.5708428621292114,0.008280935697257519,20.81920623779297,0.4874258685485253,0.002565399759290876,0.22864392399787903,0.4031812250614166,0.5041064897240287,4.722762333260182,33.13348388671875,31.600013732910156
00823N.png,2.303,0.2994876801967621,0.6073963464112198,0.8784846131622688,4.447021484375,19.478635787963867,0.8989071862576665,0.43954598954614654,5.898276329040527,3.1418589307206535,6.8353400230407715,1.753405213356018,24.007427215576172,0.5540974140167236,1.8314309120178223,0.5712708830833435,0.009127975441515446,20.39625358581543,0.43952531771876796,0.004573748621219818,0.24116024374961853,0.4077499210834503,0.4774170694526447,5.656887753494431,33.75115966796875,34.322601318359375
00828N.png,2.3987,0.3258633017539978,0.5274312428659771,0.8925774213242113,5.5630106925964355,22.096254348754883,0.8738193076716689,0.4520224162980604,5.878743648529053,3.0173789406168456,7.017121315002441,1.9986072778701782,40.19916534423828,0.7095584869384766,1.9016048908233643,0.5560833215713501,0.015688622370362282,18.044151306152344,0.42889009137232187,0.0035849714616255665,0.20500972867012024,0.37102386355400085,0.4198584554578352,5.498912328757471,34.71990966796875,25.146955490112305
00832N.png,2.2966,0.3372649848461151,0.6230414789823583,0.884027747264677,4.826671123504639,20.40536117553711,0.8014327429427798,0.5393918295384633,6.1775312423706055,3.4280480459086444,6.508976459503174,1.8433719873428345,31.84532928466797,0.5785432457923889,1.936939001083374,0.6125347018241882,0.014637506566941738,18.34532928466797,0.48083358601340476,0.0011795512903012614,0.22485223412513733,0.41108328104019165,0.5382086263955247,5.408143630086693,35.59002685546875,29.541793823242188
00838N.png,2.2284,0.43920278549194336,0.5474019834431035,0.8916779970043895,5.795625686645508,16.986591339111328,0.6411682829377112,0.4297583147942067,5.876623153686523,3.1947162613543547,5.968106269836426,1.5541609525680542,36.05010986328125,0.6936984062194824,1.894597053527832,0.5427111387252808,0.015491694211959839,18.099010467529297,0.3717012133421967,0.0033586955884936055,0.13227930665016174,0.3653183877468109,0.4186743115683946,5.402798009887874,39.32147216796875,30.582700729370117
00842N.png,2.2931,0.26419171690940857,0.4061010886188178,0.8821790719780007,4.300743103027344,20.023160934448242,0.7170253248882893,0.39106654067838476,5.3022990226745605,1.9499103803492126,7.680902004241943,1.83282470703125,26.531370162963867,0.5260665416717529,1.2879879474639893,0.4379039406776428,0.00805617030709982,20.938716888427734,0.43819594566828957,0.01173531732708031,-0.04307493567466736,0.23565465211868286,0.40348955435847095,5.3016783135019026,29.18426513671875,42.07876205444336
00846N.png,2.1776,0.2745964825153351,0.5637395480675902,0.8819013029865497,4.308046817779541,20.382959365844727,0.8294013372597555,0.37443533025203163,5.890844345092773,2.874769522930448,7.336531162261963,1.8589059114456177,28.672237396240234,0.5447120666503906,1.4872615337371826,0.5861313939094543,0.011513455770909786,19.387943267822266,0.45320395588791335,0.018960424560254957,0.1605430245399475,0.3746170997619629,0.5115122905949009,4.910463932122788,31.01092529296875,28.05748748779297
00850N.png,2.2217,0.28051838278770447,0.4857293731049906,0.8823789109860839,4.53033971786499,24.97928810119629,0.6984160314695885,0.3032280019445948,5.529732704162598,2.443245362638814,9.683599472045898,2.2624053955078125,32.98052215576172,0.5889065265655518,1.5599020719528198,0.5387638807296753,0.016761943697929382,17.756757736206055,0.4854099668726381,0.011555323840979131,0.11161909252405167,0.35114240646362305,0.43276023838210465,4.910013736482219,29.04803466796875,34.57624435424805
00854N.png,2.1779,0.29722586274147034,0.24912928925776912,0.8693967821573215,4.919922351837158,19.331260681152344,0.7035028380450231,0.45641034024128263,4.793598651885986,1.2099657597154234,6.034904479980469,1.8892017602920532,17.182416915893555,0.5962696075439453,1.526003122329712,0.2916756272315979,0.004619318526238203,23.354223251342773,0.2676104575387399,0.014201291477832926,-0.13409405946731567,0.12098431587219238,0.2208261526515265,4.87627705878981,13.14715576171875,21.560806274414062
00858N.png,2.2223,0.2862725257873535,0.33048917289485436,0.8615742553127311,5.245089530944824,15.350444793701172,0.8294287305120751,0.46127661689719657,4.930338382720947,1.6814402653247136,5.356493949890137,1.4839544296264648,14.00275993347168,0.5326340198516846,1.55549955368042,0.3773808479309082,0.004308088216930628,23.657154083251953,0.24194650990203212,0.004305776115210104,-0.03670823574066162,0.2461555153131485,0.25684510143041644,5.370220422247492,20.23846435546875,20.354167938232422
00862N.png,2.3026,0.269755095243454,0.3362709728088513,0.8596719599548774,4.762635707855225,21.199350357055664,0.7124737429345943,0.4469239428034613,5.093055248260498,1.657097664776206,7.161575794219971,2.0396625995635986,17.495223999023438,0.5583149194717407,1.5082852840423584,0.39785200357437134,0.006091786548495293,22.15255355834961,0.2838476764117079,0.011779956836284976,-0.1147669330239296,0.1928567886352539,0.2642363970522597,5.046896429993869,20.76776123046875,26.657569885253906
00866N.png,2.2037,0.42330658435821533,0.30158549172391036,0.8596922319988777,5.501597881317139,16.554107666015625,0.7546216064255031,0.436832508249796,4.749414920806885,1.5457834185329613,5.8410820960998535,1.6308079957962036,13.132858276367188,0.45637860894203186,1.4546091556549072,0.3864986300468445,0.006189374718815088,22.083532333374023,0.21924452858929,0.0063057967943782435,-0.02897576242685318,0.2330983430147171,0.22968436588898558,4.424123903253576,20.60565185546875,22.93219757080078
00870N.png,2.1673,0.2723953425884247,0.29146245193663184,0.8624618413693831,4.80108642578125,15.213330268859863,0.8008470412218656,0.46740995991294143,4.694640636444092,1.383828726253192,4.939828872680664,1.5104455947875977,10.856854438781738,0.41005411744117737,1.2986550331115723,0.37156519293785095,0.002947058994323015,25.30611228942871,0.22311834299279032,0.005945030826437725,-0.0869203433394432,0.22889965772628784,0.2549901489678527,5.4643284105142,20.19061279296875,23.506790161132812
00874N.png,2.224,0.31274929642677307,0.22737190339472768,0.8563417196722165,5.554831027984619,18.620710372924805,0.7709257127239368,0.44542412409043514,4.615116596221924,1.1561840444085707,5.966105937957764,1.8560280799865723,13.823761940002441,0.47580671310424805,1.401777744293213,0.33992671966552734,0.0068647777661681175,21.63373565673828,0.1820620515225616,0.004286146416751851,-0.053923703730106354,0.19397582113742828,0.19560062678079881,4.806211326464492,10.75262451171875,21.71900177001953
00878N.png,2.2058,0.29256105422973633,0.28658528931537397,0.8723380211594153,5.6657633781433105,15.770801544189453,0.771669816197503,0.4914469334861941,4.60166072845459,1.4712511497366307,5.650661468505859,1.5316400527954102,14.7829008102417,0.5757085680961609,1.6543036699295044,0.39302581548690796,0.004541362170130014,23.428138732910156,0.2235401087610258,0.0028854809511292398,0.02053581178188324,0.2834453582763672,0.24687444939213832,5.721938405741127,24.99920654296875,22.788284301757812
00882N.png,2.271,0.2724989652633667,0.333573869693853,0.8740402538318952,5.593777179718018,15.869584083557129,0.8189272704237057,0.47999312009966194,4.9717698097229,1.7622013000273,5.137790679931641,1.5089536905288696,15.580937385559082,0.6271214485168457,1.5989853143692017,0.4203028082847595,0.003858903655782342,24.135360717773438,0.2484261160342728,0.003790283454830026,0.04157356917858124,0.32221272587776184,0.28941225991603464,5.775000838810115,28.50360107421875,25.03797149658203
00886N.png,2.2006,0.26802268624305725,0.3350232217034055,0.8749320577067895,5.53980016708374,17.687498092651367,0.8238185763953818,0.4386001677034445,5.210811614990234,1.800858384922309,5.624522686004639,1.6607096195220947,20.885847091674805,0.481727659702301,1.5671337842941284,0.48968377709388733,0.005828323774039745,22.344562530517578,0.2988040376338533,0.006425009972823035,0.061441704630851746,0.33252936601638794,0.35496030283391045,5.620454755651819,27.03729248046875,22.045207977294922
00890N.png,2.2995,0.3857656419277191,0.5062343308151172,0.8757748198531797,5.911405086517334,19.846420288085938,0.8012385161583566,0.4191247701087975,6.372491836547852,3.1092743437298846,5.8683600425720215,1.8085498809814453,33.93010330200195,0.5662784576416016,1.858870029449463,0.5099533796310425,0.021279865875840187,16.720312118530273,0.2891642809798137,0.00615492083672892,0.16293160617351532,0.3743666410446167,0.3375127421270073,5.207131831935259,29.34051513671875,18.62215232849121
00894N.png,2.3215,0.34223994612693787,0.36659699088994724,0.8658676955134919,5.738374710083008,17.825925827026367,0.7273969923576469,0.4702058421055431,5.242836952209473,2.012846158950074,6.022275447845459,1.6961766481399536,17.293243408203125,0.6227563619613647,1.8172850608825684,0.40900498628616333,0.009444324299693108,20.248291015625,0.22482465943858893,0.005148784252608837,0.059075407683849335,0.2986007034778595,0.24041947061419336,4.5247643499591765,24.06512451171875,22.195384979248047
00898N.png,2.1918,0.24633947014808655,0.32851333153054424,0.8799342297236572,5.544688701629639,15.67725658416748,0.8216325852274109,0.42509924038925573,4.970599174499512,1.7272117601279824,5.190832138061523,1.4897706508636475,17.88964080810547,0.6352042555809021,1.6579186916351318,0.43606120347976685,0.003588365623727441,24.451034545898438,0.27203356171268794,0.0039457152662857615,0.03387974202632904,0.3070386052131653,0.31371673194086164,5.8970616124331805,28.30096435546875,19.669719696044922
00902N.png,2.2013,0.3764779269695282,0.38090759360969256,0.8857519263916578,6.315945625305176,21.75178337097168,0.7172642698154394,0.4719350901287548,5.905224800109863,2.3275752802462097,6.974250793457031,2.045858144760132,32.414981842041016,0.6791243553161621,1.80924391746521,0.4186411499977112,0.01221683993935585,19.130413055419922,0.27452524468706224,0.006039266747263241,0.0791144073009491,0.3269612789154053,0.28511841660267623,4.690749084056882,23.85125732421875,21.653091430664062
00906N.png,2.2852,0.41735556721687317,0.3364309016907723,0.8842899421531758,6.4761857986450195,25.71072769165039,0.6939826217030033,0.49913099680362816,5.685070991516113,2.0457173936231676,7.8694305419921875,2.4086971282958984,29.468610763549805,0.6745048761367798,1.8130525350570679,0.4390951991081238,0.011523987166583538,19.38397216796875,0.2984490955354505,0.00491074380740815,0.08338706940412521,0.32059404253959656,0.30787159465172736,4.591202213406757,25.49627685546875,25.623350143432617
00910N.png,2.2144,0.48525482416152954,0.3839433130339012,0.8809870846695237,6.429165840148926,29.1893367767334,0.6618701022639368,0.4724563180517254,6.0759501457214355,2.400634743602364,8.541498184204102,2.6785993576049805,46.18328094482422,0.6019551753997803,1.9168274402618408,0.5014568567276001,0.02609918639063835,15.833730697631836,0.3530609736156192,0.005907932531431723,0.12224620580673218,0.34763655066490173,0.3637001019729865,4.462499719285163,23.77069091796875,28.440425872802734
00914N.png,2.291,0.5634121894836426,0.3936983078024201,0.8743838964135425,6.878721714019775,23.85087776184082,0.5096206014060696,0.4152559743286941,5.577788352966309,2.4520607520016267,7.891103267669678,2.207364559173584,28.7230281829834,0.5760865211486816,1.6844756603240967,0.46561673283576965,0.01563211902976036,18.05982208251953,0.32608247448737687,0.004762127692565981,0.12329912930727005,0.34792187809944153,0.3382499135901589,4.232657427263715,23.46014404296875,28.74209976196289
00918N.png,2.3204,0.5235217213630676,0.4222252090473431,0.8848703719395985,6.707087516784668,26.061145782470703,0.5516292592226295,0.42485908951202406,6.053836345672607,2.693999712726086,7.8980712890625,2.413529396057129,36.34269714355469,0.6698555946350098,1.720884084701538,0.49746769666671753,0.018101152032613754,17.42293930053711,0.33866793436323855,0.007946417334177691,0.12594345211982727,0.36195817589759827,0.361797004977969,4.392549970177519,24.24578857421875,34.264320373535156
00922N.png,2.1921,0.4305919110774994,0.3816851922990075,0.8791825866372044,6.354989051818848,27.6547794342041,0.6665882043380632,0.4921239439484826,6.117640972137451,2.380316176549032,8.42954158782959,2.5581514835357666,31.496896743774414,0.6639460921287537,1.6526802778244019,0.5103439092636108,0.012532748281955719,19.01953887939453,0.36580885177502176,0.013880182409601675,0.1079891100525856,0.3736670911312103,0.3819448710932647,4.219121664699306,23.29608154296875,30.520715713500977
00927N.png,2.1954,0.425506055355072,0.31802885903397254,0.8765759965165943,6.619194030761719,28.995990753173828,0.7729067631292327,0.5151852142321033,6.026181221008301,2.0108029483721843,8.143770217895508,2.7294812202453613,30.202199935913086,0.6388123035430908,1.7360745668411255,0.4407043159008026,0.012437045574188232,19.052827835083008,0.2958639177452827,0.012112138798448833,0.07548680901527405,0.33141130208969116,0.29174163776247836,3.840721070488842,15.76287841796875,28.025981903076172
00931N.png,2.1885,0.46780601143836975,0.45977563732039944,0.8856597312529324,6.478535175323486,27.19654655456543,0.7164806756677117,0.4956510429253026,6.625406742095947,3.012445194651214,7.5763936042785645,2.5103719234466553,37.78623962402344,0.6734318733215332,1.872098684310913,0.4937751293182373,0.01982288807630539,17.028329849243164,0.3179500412860634,0.006873754790583801,0.12412423640489578,0.37160104513168335,0.3390796148096433,4.568298673421814,25.00897216796875,31.791385650634766
00935N.png,2.2234,0.45056724548339844,0.3934430818623582,0.878100251329397,6.426422595977783,26.974178314208984,0.7417753219775224,0.48261645942510506,5.934950828552246,2.4317558491637854,8.436397552490234,2.4968323707580566,33.537384033203125,0.6046031713485718,1.7851718664169312,0.5287619829177856,0.01444768812507391,18.402015686035156,0.3482999880096155,0.007555809701482879,0.11578869074583054,0.34903985261917114,0.3622960465090196,4.53568090912962,27.56072998046875,29.293710708618164
00939N.png,2.1848,0.4137968122959137,0.4037966602376807,0.8785702300029106,6.2968316078186035,26.725479125976562,0.7558347008209509,0.49536249926206005,6.109602928161621,2.504846060800567,8.544986724853516,2.48927903175354,27.233261108398438,0.6521718502044678,1.7641966342926025,0.49507007002830505,0.011251820251345634,19.487773895263672,0.34396536724017185,0.006346475780020473,0.1119077056646347,0.37518545985221863,0.34586176759300347,4.503651968753302,23.28143310546875,32.991546630859375
00943N.png,2.2813,0.41496333479881287,0.44155623496354174,0.8784674728782862,6.197186470031738,29.942142486572266,0.7876258319268054,0.4890553168369605,5.970734596252441,2.6864188762084673,9.782219886779785,2.7698023319244385,31.621423721313477,0.6585375666618347,1.7834832668304443,0.4999251663684845,0.013438733294606209,18.71641731262207,0.3822968236892083,0.007630713043048096,0.10346505045890808,0.33498620986938477,0.34425706714525167,4.213245696528767,21.00213623046875,41.14171600341797
00947N.png,2.2051,0.4390239715576172,0.430902295501035,0.8978970327723319,6.724878311157227,28.320850372314453,0.6750238685853625,0.4739023390317004,6.137947082519531,2.771318440464132,9.050955772399902,2.636279821395874,39.11681365966797,0.7530055046081543,1.8041660785675049,0.48485398292541504,0.015029821544885635,18.2304630279541,0.3513939599900449,0.007334992754082846,0.1311289519071579,0.3614967167377472,0.3375334503079356,4.273363210482904,21.86151123046875,27.288166046142578
00951N.png,2.2174,0.28066644072532654,0.3103909196789395,0.8834506251496902,5.77915620803833,20.293598175048828,0.7958972118731307,0.45531423297503215,4.818391799926758,1.6446969975646262,7.467618942260742,1.9297351837158203,19.085508346557617,0.6944760084152222,1.5274534225463867,0.3885999619960785,0.005035032518208027,22.979976654052734,0.2809845087972615,0.009229382475857263,-0.02385963499546051,0.24540117383003235,0.25549527726758897,4.920262843178519,21.69744873046875,19.599613189697266
00955N.png,2.2793,0.3671320676803589,0.2713724938845577,0.8845480895358144,5.781944274902344,20.872655868530273,0.7826783212196747,0.46748586001537434,4.792489528656006,1.4348102168380308,7.43259334564209,1.9933429956436157,21.270761489868164,0.7277243733406067,1.6504325866699219,0.3866059184074402,0.008535361848771572,20.687780380249023,0.26124493727150194,0.011977235140084072,-0.0014309436082839966,0.21006664633750916,0.23688579235151894,4.7912366483498285,22.11932373046875,22.65424346923828
00959N.png,2.242,0.32739192247390747,0.2848913537597979,0.8847525532880612,5.6123127937316895,24.346406936645508,0.7892190636788724,0.4789116895768348,4.986743927001953,1.5097952220092505,8.243063926696777,2.319777727127075,24.10523223876953,0.7424513101577759,1.7319501638412476,0.403180867433548,0.011295832693576813,19.4708194732666,0.26116709851292297,0.00931157703678314,-0.01636793464422226,0.19164519011974335,0.23560260180923734,4.836038384569013,23.73309326171875,23.84685707092285
00964N.png,2.1637,0.19560791552066803,0.596425792364115,0.881149642742004,3.368242025375366,20.069467544555664,0.6633103069613596,0.2718927891033791,4.4696221351623535,2.3373633547893684,9.500802993774414,1.809187412261963,31.042150497436523,0.5396268963813782,1.2353975772857666,0.6876152157783508,0.013415961526334286,18.723783493041992,0.6455792422708335,0.005558418996429088,0.2190115600824356,0.39651432633399963,0.587345567915791,6.419076520285073,39.81658935546875,27.801544189453125
00968N.png,2.2914,0.2667774558067322,0.3513634027710086,0.8942599516090824,5.228752613067627,16.46861457824707,0.8479602012273285,0.4940837972112905,4.768531322479248,1.756346253764793,6.515782356262207,1.5356507301330566,21.97915267944336,0.6878283023834229,1.672154188156128,0.44369199872016907,0.004192621912807226,23.775142669677734,0.34260947197685193,0.006890355541546102,0.0446038693189621,0.2944405674934387,0.3235672696696661,5.315613469557715,32.67938232421875,27.083818435668945
00972N.png,2.4111,0.3217637240886688,0.34323595632447523,0.8782880668031046,5.332125663757324,20.269651412963867,0.8253535532173112,0.4914268858892132,5.350929260253906,1.8334107515880032,6.6483893394470215,1.9142314195632935,21.37956428527832,0.588858962059021,1.5503342151641846,0.4134747087955475,0.004587983712553978,23.38378143310547,0.3368737010167535,0.01530985302387657,-0.014589965343475342,0.27906718850135803,0.32495006866286336,5.014152222766991,25.13250732421875,24.00577735900879
00976N.png,2.2926,0.34255701303482056,0.46283488066467704,0.8814700841903781,5.563836097717285,17.397907257080078,0.8208215708278426,0.5198380353501063,5.764180660247803,2.621508522958285,5.867929935455322,1.5645757913589478,27.71391487121582,0.5312160849571228,1.8518856763839722,0.4990672171115875,0.009211799129843712,20.356555938720703,0.36965839784612786,0.0022190818251206115,0.1408330351114273,0.37320056557655334,0.39698725077483515,5.439511948356195,32.67010498046875,23.54987144470215
00980N.png,2.2232,0.33582839369773865,0.5005019500196976,0.8772287839360353,5.299403667449951,9.56558895111084,0.8044279110272371,0.4451952965137429,4.994595527648926,2.5760905569059656,3.8767311573028564,0.9066029191017151,11.828055381774902,0.39305633306503296,1.6087145805358887,0.32391899824142456,0.0033956465777009726,24.690776824951172,0.21822843496281602,0.0010015195978947476,0.03373235464096069,0.2660725712776184,0.21152724963173186,5.806434840652395,33.92352294921875,23.232881546020508
00984N.png,2.2131,0.29595857858657837,0.2928060506653204,0.8778275203731348,5.747203826904297,16.411540985107422,0.8383858688511313,0.4504992009235889,4.792303562164307,1.5430206002243736,6.661323547363281,1.5251706838607788,20.43396759033203,0.592272162437439,1.6756393909454346,0.40445345640182495,0.005920966621488333,22.27607536315918,0.34985545670691776,0.0014955986366605605,0.01957361400127411,0.2482599914073944,0.29040750853514574,5.896372240274116,31.23309326171875,24.44416046142578
00988N.png,2.2866,0.25471746921539307,0.33897560860956394,0.8882204620211136,5.034497261047363,17.09789276123047,0.8473649273325842,0.4603831683373767,4.829307556152344,1.671800616651936,7.050282955169678,1.5986008644104004,20.072509765625,0.6513169407844543,1.6047475337982178,0.4166022539138794,0.0035110758617520332,24.545597076416016,0.3399412625300652,0.006425743607704496,-0.024446815252304077,0.2671063542366028,0.30547126606677094,5.774407034003474,24.17840576171875,22.4979248046875
00992N.png,2.273,0.25427737832069397,0.368543899592125,0.8731978674872767,4.8510637283325195,14.392552375793457,0.8419473210527276,0.46002559747053645,4.7628254890441895,1.7715765476738703,5.777172565460205,1.3544423580169678,16.34787368774414,0.5327325463294983,1.5203931331634521,0.4518643617630005,0.003340055700391531,24.762462615966797,0.30291025503897356,0.006019488542636172,-0.0004076659679412842,0.27409374713897705,0.31054718426548483,5.62432380509585,28.69696044921875,19.838666915893555
00996N.png,2.121,0.262077271938324,0.43182628076789503,0.8728313720406351,4.675961494445801,18.093250274658203,0.8142329151885682,0.40068023603304265,5.417196750640869,2.1792534378805026,6.831075668334961,1.6640751361846924,19.574220657348633,0.5175349116325378,1.3933807611465454,0.5143495798110962,0.005498320795595646,22.597698211669922,0.35753441524402374,0.016998147351434883,0.03149616718292236,0.33715125918388367,0.3862860489780256,5.573272736722828,26.94256591796875,25.587255477905273
01000N.png,2.3075,0.25335779786109924,0.44088770765302887,0.8735190180387846,4.844799041748047,14.068533897399902,0.8544165326581421,0.4241768601099525,5.165952205657959,2.206816412392092,5.55396032333374,1.3177800178527832,19.376489639282227,0.48944738507270813,1.5761542320251465,0.46734535694122314,0.0047457218170166016,23.23697853088379,0.29581716815066394,0.007381678749666336,0.043384045362472534,0.3167288303375244,0.3298747732895544,5.908923233400817,31.00018310546875,23.42266845703125
01004N.png,2.1984,0.3044600784778595,0.4368085688313312,0.8938495787525236,5.545841217041016,11.56429386138916,0.7309614501058336,0.49611104728170463,4.952637672424316,2.292920674068851,4.570995330810547,1.0868734121322632,19.209735870361328,0.7623112797737122,1.7317947149276733,0.41907402873039246,0.004633376374840736,23.34102439880371,0.2567872772822516,0.003412829706716158,0.07689977437257767,0.3205575942993164,0.28946032555727075,5.683281094809563,33.59979248046875,19.11285400390625
01008N.png,2.2701,0.29062700271606445,0.414044846770132,0.872195712120504,5.3207621574401855,14.723773002624512,0.8390501889222571,0.41682016037645375,5.249825477600098,2.188356124588168,5.681332588195801,1.3597350120544434,21.533031463623047,0.7006728053092957,1.8316242694854736,0.46533817052841187,0.012142699211835861,19.15684700012207,0.3125811825812978,0.005924685861396279,0.05721183121204376,0.26953256130218506,0.32719078774736365,5.029573941702019,32.68963623046875,22.44426155090332
01012N.png,2.2015,0.2577333152294159,0.3511749660461788,0.8722516768752411,5.379587173461914,14.16283893585205,0.8240034572849937,0.39593210905099474,4.811419486999512,1.789419332977948,5.35999870300293,1.322662591934204,16.54435157775879,0.6867709159851074,1.7275900840759277,0.4045570492744446,0.006406312808394432,21.933917999267578,0.2644321437242028,0.004762354329660776,0.025904089212417603,0.26612788438796997,0.2672609241541974,6.202969830697189,24.35223388671875,24.394289016723633
01016N.png,2.2279,0.35715654492378235,0.3910806587492792,0.8839098782685199,5.764855861663818,17.48887825012207,0.7774906170456439,0.46672719728771656,5.325057506561279,2.168532200216024,6.503701210021973,1.621767520904541,26.644622802734375,0.7190074324607849,1.730360984802246,0.5081409215927124,0.008270940743386745,20.82444953918457,0.3526732277094525,0.006464784210757237,0.06792284548282623,0.29796555638313293,0.33398587404578023,5.131190683292252,27.45672607421875,24.443050384521484
01020N.png,2.2843,0.43618205189704895,0.49721977058908073,0.8817367140106662,5.909180641174316,20.321496963500977,0.7161756832308563,0.47490772756878397,6.007441520690918,2.962599022784479,6.760047912597656,1.8563621044158936,29.63484001159668,0.416252076625824,1.8318495750427246,0.5574498176574707,0.012960323132574558,18.87384033203125,0.3964362126452733,0.0017251128642952244,0.1481730341911316,0.36146479845046997,0.40885592543404536,5.185295518785424,30.21356201171875,25.663442611694336
01024N.png,2.195,0.5041719675064087,0.501526063764143,0.8839293182012721,5.739742279052734,14.704483032226562,0.6756179470486461,0.4487356277915213,5.215260028839111,2.7471176513792717,4.93986177444458,1.3479135036468506,25.267173767089844,0.3647550344467163,1.8133351802825928,0.5611310005187988,0.009781446307897568,20.09596824645996,0.3368373491192687,0.002304182133251501,0.0771087035536766,0.27348658442497253,0.37772808601463626,4.845004857914646,33.12811279296875,27.992990493774414
01028N.png,2.1907,0.7658332586288452,0.22468242923836296,0.8725010459750993,7.093744993209839,8.242164611816406,0.33932355877288245,0.3311638741854067,2.925968885421753,1.1256308052634783,4.0740556716918945,0.7743338942527771,13.19300365447998,0.5871817469596863,1.6445621252059937,0.3277166187763214,0.008459039963781834,20.726791381835938,0.15888126121787335,0.001700363776335397,0.02368556335568428,0.1891215592622757,0.1499698368969379,5.769418813495412,48.79315185546875,24.30274200439453
01033N.png,2.3005,0.5132639408111572,0.30375828341358224,0.8739791774327537,6.0287394523620605,14.62600326538086,0.6157072398656557,0.4072870885927193,4.3208723068237305,1.571895508116457,5.820525646209717,1.3789706230163574,19.318538665771484,0.5634408593177795,1.7097822427749634,0.4642385244369507,0.009683637879788876,20.139616012573242,0.2669308662807815,0.0026900418539787772,0.047062285244464874,0.23542974889278412,0.2660570343475377,5.100000353852165,31.42059326171875,30.229877471923828
01037N.png,2.3994,0.33900144696235657,0.37367812081256563,0.872315890236508,5.803905487060547,18.503158569335938,0.8408841878917186,0.4986911989218082,5.5106072425842285,2.113999642815097,5.742943286895752,1.7183626890182495,20.457759857177734,0.6612175107002258,1.7318668365478516,0.42402389645576477,0.0068331691436469555,21.653778076171875,0.30608735373085905,0.006528915132979795,0.038850605487823486,0.29201850295066833,0.3014873215578293,4.453266822212564,25.91912841796875,23.183025360107422
01041N.png,2.2005,0.42315101623535156,0.42966797523226186,0.8748774768154991,5.955245018005371,20.168134689331055,0.7453107393952512,0.5035204750336618,5.741006851196289,2.512760518592051,6.327441215515137,1.8692257404327393,21.789291381835938,0.5642621517181396,1.7807528972625732,0.47961845993995667,0.008630191907286644,20.63979721069336,0.3207191098907289,0.0028691265362459275,0.0858212560415268,0.3296792209148407,0.32749430948960767,4.864899541214429,28.64031982421875,22.191396713256836
01045N.png,2.1571,0.35789063572883606,0.353032791809817,0.8759946271040936,6.021835803985596,21.394922256469727,0.7950610522907294,0.5028804593034772,5.417360782623291,2.0192119813026057,7.019443988800049,1.9816796779632568,20.149877548217773,0.581705629825592,1.7480906248092651,0.4301184415817261,0.006611434742808342,21.79704475402832,0.32695400926220736,0.0027932930724457947,0.08868907392024994,0.3350130319595337,0.317024979321936,5.030472142421323,28.46893310546875,24.702669143676758
01049N.png,2.2832,0.3953351378440857,0.41682561011911373,0.8722075674090686,5.827317714691162,19.931175231933594,0.7497496940064712,0.50090844092912,5.5262603759765625,2.366237965218348,6.813233852386475,1.8601963520050049,19.95763397216797,0.5437524318695068,1.8004754781723022,0.4650898575782776,0.007687120698392391,21.142364501953125,0.3290514557337735,0.0034307435491546037,0.07553698122501373,0.3233790099620819,0.33162442935576947,4.684199579672648,27.48651123046875,29.526363372802734
01053N.png,2.3709,0.3797304332256317,0.46943533576408597,0.8777446559068771,5.469445705413818,25.63443374633789,0.8518856325189051,0.4919613053590816,6.180299758911133,2.734409557422561,8.941864967346191,2.3525290489196777,30.035308837890625,0.4922618269920349,1.5381972789764404,0.5134641528129578,0.009625377133488655,20.165822982788086,0.4159078873511621,0.011866246416761697,0.12431363761425018,0.3662506937980652,0.38874948716361113,4.781293646119003,27.23797607421875,33.117652893066406
01057N.png,2.2011,0.3920609951019287,0.41185412213224565,0.884851996436231,5.736238956451416,28.159746170043945,0.8473775586699704,0.5099853949001767,5.972702980041504,2.4111956282371896,9.185567855834961,2.6058943271636963,34.09798049926758,0.6184239983558655,1.4751043319702148,0.49876129627227783,0.009298432618379593,20.315902709960938,0.4041155074561626,0.02244190532528997,0.03664150834083557,0.3443661034107208,0.3688979815065545,4.359487701062882,22.53729248046875,33.90190887451172
01061N.png,2.1923,0.42593538761138916,0.5152840845932901,0.8817685984710558,5.738257884979248,33.52174377441406,0.8849179022487693,0.4873881656403427,6.730162620544434,3.2123988678835147,10.420683860778809,3.044426918029785,46.586883544921875,0.567213237285614,1.527955174446106,0.527367353439331,0.020619044080376625,16.857315063476562,0.41623822525503285,0.020855164382017618,0.12832409143447876,0.3788434565067291,0.3663140711113556,4.237122292629461,27.66229248046875,34.84752655029297
01066N.png,2.12,0.3725043535232544,0.40697964105515033,0.8760669512851711,5.575503826141357,14.753546714782715,0.7796247789930313,0.4805175645815865,5.2460832595825195,2.202089577829282,5.964825630187988,1.3550270795822144,16.655811309814453,0.43274444341659546,1.6853084564208984,0.44541609287261963,0.004962338134646416,23.043136596679688,0.3706981670366116,0.002236867640274438,0.1250927895307541,0.3358457088470459,0.36320190807011093,5.9136798611538115,35.44451904296875,24.985774993896484
01070N.png,2.1001,0.44979360699653625,0.42963710420913576,0.8789600961345542,5.972431182861328,19.98956871032715,0.7587709165538926,0.4959397284662823,5.915757179260254,2.5538105698747824,6.800375461578369,1.8472341299057007,23.296918869018555,0.4086371660232544,1.7501869201660156,0.465602308511734,0.009265650995075703,20.331241607666016,0.34974720445852636,0.003870042913058253,0.099183090031147,0.34606969356536865,0.3406420661097072,4.832497389756668,29.38006591796875,23.806007385253906
01074N.png,2.2803,0.6400933265686035,0.5131400021151815,0.8810766097909968,6.303630352020264,15.763786315917969,0.5825444329074744,0.4472335890968767,5.307330131530762,2.9790324822908545,6.030663967132568,1.438482403755188,22.186983108520508,0.40566110610961914,1.8701132535934448,0.5042279958724976,0.010619310662150383,19.739036560058594,0.36710252562123247,0.0012677634381727167,0.13425716757774353,0.3329799473285675,0.3787893342789102,4.78523403818724,30.69989013671875,29.90422821044922
01078N.png,2.1167,0.39283692836761475,0.5901559726419233,0.8834941564170585,4.941285133361816,23.00612449645996,0.8982315976449099,0.4724530410026188,6.565982341766357,3.395552192485228,8.012137413024902,2.084625244140625,36.82133865356445,0.3867304027080536,0.9826804399490356,0.6123613715171814,0.01566006988286972,18.05206298828125,0.47694650551904894,0.018265480032669378,0.20292818546295166,0.37451061606407166,0.5012696443796395,5.202001290353117,32.76531982421875,32.30828094482422
01082N.png,2.276,0.41179534792900085,0.36565623125595764,0.8717157026109058,5.471160411834717,20.129968643188477,0.816366939930061,0.47606866203143655,5.96605920791626,2.0910509994691626,5.423154354095459,1.8599423170089722,19.484657287597656,0.30582156777381897,1.2194125652313232,0.5539681315422058,0.007854661904275417,21.048725128173828,0.33979497254493096,0.03147466262541916,0.14688771963119507,0.28620442748069763,0.34033776501762636,4.174658382439659,28.55047607421875,34.30077362060547
01086N.png,2.1264,0.42261210083961487,0.4188436102938139,0.8765323758548541,5.944284915924072,22.32821273803711,0.7869529130685705,0.4739065096766437,5.857743263244629,2.471609534015352,7.378055095672607,2.038057565689087,28.52400016784668,0.4488348662853241,1.697981357574463,0.5291844010353088,0.011999656446278095,19.20831298828125,0.3939152134026334,0.0066291314443132805,0.13724443316459656,0.33222925662994385,0.3559193117312268,4.66815246453221,26.15985107421875,27.071300506591797
01090N.png,2.2725,0.40846961736679077,0.2617295956251865,0.8625850407106536,6.354584693908691,24.823881149291992,0.7957247347695671,0.48834996630994515,5.7016215324401855,1.5777377198828972,7.502754211425781,2.290311098098755,20.42243194580078,0.5652921199798584,1.7067099809646606,0.4566907286643982,0.013158874586224556,18.80781364440918,0.3319349316264322,0.012610545055909887,0.10650591552257538,0.2525387108325958,0.2736984857473334,4.049279175457693,27.38153076171875,31.398744583129883
01094N.png,2.2233,0.5566747188568115,0.39967789220964456,0.8807768819169628,6.474447250366211,25.320833206176758,0.5934123307802253,0.44293889303691053,5.681585788726807,2.4292562086488694,8.467080116271973,2.3167667388916016,34.471534729003906,0.5388132929801941,1.8638324737548828,0.5135258436203003,0.015509258955717087,18.09408950805664,0.4167461730667629,0.002902864362336878,0.14036661386489868,0.3489401340484619,0.38410518574202496,5.411980003797404,33.88543701171875,26.32535743713379
01098N.png,2.1878,0.397027850151062,0.466292040108963,0.8802966211908769,5.386962413787842,34.167808532714844,0.879689135378118,0.5171810848330974,6.639388084411621,2.803904270973895,10.273422241210938,3.091784954071045,42.3828239440918,0.45444560050964355,1.3558839559555054,0.6241814494132996,0.01967078447341919,17.061784744262695,0.5285510020667821,0.015161464739260631,0.23014050722122192,0.3972465991973877,0.5246779193556409,4.580524769843544,33.05926513671875,28.904407501220703
01102N.png,2.184,0.3634292185306549,0.2851611929244972,0.8744548541862819,6.389248847961426,20.833173751831055,0.8114842117731299,0.497138646840902,5.267858982086182,1.6620826868220284,7.3150105476379395,1.9098446369171143,21.785316467285156,0.6134828329086304,1.6842100620269775,0.43579885363578796,0.00835835188627243,20.778793334960938,0.34533591881600667,0.003596568580545718,0.0703067034482956,0.27771860361099243,0.30184113321740785,5.02839447557932,27.85272216796875,27.42676544189453
01106N.png,2.1339,0.31209099292755127,0.42616758996392023,0.8791990119508731,4.545499801635742,26.202314376831055,0.809285036503812,0.4264975140068022,5.901688098907471,2.226134408581018,10.782628059387207,2.392869234085083,28.5267391204834,0.5098052620887756,1.1437610387802124,0.5387026071548462,0.010233469307422638,19.89977264404297,0.5394714979827799,0.014868151307468486,0.0911773294210434,0.34611207246780396,0.486140119949449,4.962210382761328,26.45623779296875,35.690818786621094
01110N.png,2.2008,0.36422014236450195,0.4980802206712736,0.8821307014079641,5.311098098754883,23.711688995361328,0.8661349652657802,0.48004562926102723,6.270362854003906,2.884257286456334,8.550196647644043,2.159168243408203,38.95865249633789,0.492938369512558,1.7788746356964111,0.5882038474082947,0.01522870548069477,18.173370361328125,0.5361278880621436,0.004532597741842825,0.18535904586315155,0.3703628480434418,0.5085792076652738,5.348129291984161,30.90643310546875,31.13107681274414
01114N.png,2.2194,0.46197062730789185,0.5510189680879912,0.8826564478134584,5.250934600830078,37.56601333618164,0.8849035957667787,0.4700612212059809,6.922719955444336,3.3539674825980406,13.085851669311523,3.413532018661499,52.467464447021484,0.41551679372787476,0.8263028264045715,0.6421666145324707,0.03423387184739113,14.655441284179688,0.5803285244050513,0.0169491594860584,0.23046115040779114,0.39045608043670654,0.5395410373376344,4.797948747342683,22.34002685546875,35.54145812988281
01118N.png,2.1887,0.38541218638420105,0.34178514615720157,0.8791807125722686,5.286792278289795,26.16526222229004,0.8242561878043291,0.4774830814624764,5.805140495300293,1.8955352841824276,8.96921443939209,2.403076648712158,33.54389572143555,0.5838838815689087,1.5613715648651123,0.5621603727340698,0.009968005120754242,20.013916015625,0.47526996752195616,0.018640292323021595,0.13562998175621033,0.29335272312164307,0.401658039449454,4.195242387113061,24.30438232421875,38.16400146484375
01122N.png,2.2087,0.3020722568035126,0.40489589461153247,0.8842071423033386,5.033450126647949,20.540903091430664,0.8038638051265458,0.38603473448183345,5.658242225646973,2.1645182489515733,8.336075782775879,1.859297275543213,36.42274856567383,0.5879420042037964,1.7029190063476562,0.5179721713066101,0.013598458841443062,18.66510581970215,0.4855545821691542,0.007262750046639512,0.11567755043506622,0.32576027512550354,0.4360489707987153,5.570111771946526,34.59637451171875,40.41288757324219
01126N.png,2.1136,0.419730007648468,0.39946741185846857,0.9076704836148967,5.715641021728516,29.70879554748535,0.8384453478071079,0.5102518739293025,6.054160118103027,2.350833265728042,9.291166305541992,2.6971049308776855,47.519168853759766,0.779739499092102,1.9001600742340088,0.49505624175071716,0.017301853746175766,17.61907386779785,0.4693449645328459,0.013693062550931865,0.1089337095618248,0.3147498071193695,0.3783912867893918,4.474020356099515,29.86248779296875,33.71699905395508
01130N.png,2.0864,0.3332076966762543,0.4049074129626427,0.88125197703721,5.03208589553833,25.003250122070312,0.8956428303249501,0.45007259614010797,5.993958473205566,2.232271050956628,8.7377347946167,2.2718896865844727,32.752784729003906,0.5661739706993103,1.5168697834014893,0.5732157826423645,0.012971692718565464,18.870033264160156,0.5349963378352854,0.012587826065563695,0.2269102931022644,0.38144806027412415,0.5068455889991826,4.988625910721053,35.49139404296875,30.197322845458984
01135N.png,2.1127,0.35881638526916504,0.5755951177419576,0.8878818727592342,4.205395221710205,22.54241180419922,0.8940159699006347,0.4963378207252106,6.47869873046875,3.074866762346417,7.294652938842773,2.0581774711608887,32.96513748168945,0.3179471492767334,0.6821123361587524,0.6118990182876587,0.013377130031585693,18.736371994018555,0.501311342308941,0.020127718207582954,0.17910519242286682,0.3751871883869171,0.5777794174445411,4.698661826429031,32.08221435546875,24.08682632446289
01139N.png,2.174,0.26763150095939636,0.49638627099988425,0.8766838722123615,4.369082450866699,22.346363067626953,0.7944523843574598,0.3837881018101232,5.767045021057129,2.515726340945447,8.195381164550781,2.0102481842041016,27.202909469604492,0.49391791224479675,1.3222841024398804,0.6014291048049927,0.011276539415121078,19.478242874145508,0.5154066439009691,0.011782889692512353,0.13279268145561218,0.36050671339035034,0.5201292267380975,5.348351117578061,34.92156982421875,31.490266799926758
01144N.png,2.3947,0.37306737899780273,0.525668180408939,0.8809668379187003,5.552072525024414,18.85740852355957,0.7423948719797828,0.46158488340507314,5.736721038818359,2.9670891337980603,7.249899864196777,1.714704990386963,29.141263961791992,0.47570714354515076,1.8365130424499512,0.6231971979141235,0.010268055833876133,19.88511848449707,0.517379456052382,0.0016904453401687144,0.21037036180496216,0.37755030393600464,0.5242158477697481,5.613909525553959,44.24920654296875,31.314292907714844
01148N.png,2.0991,0.43480342626571655,0.5280322379601132,0.8832232909965179,5.849608898162842,19.307926177978516,0.7364877247592438,0.4567026142085024,6.050520896911621,3.1418360161907426,6.026294231414795,1.7368762493133545,29.363222122192383,0.40101778507232666,1.7820026874542236,0.5745283961296082,0.01264944951981306,18.979284286499023,0.4583312451482379,0.002273749968864777,0.20012280344963074,0.3911360204219818,0.4847047999555402,5.341328312903537,39.75799560546875,26.137609481811523
01152N.png,2.3047,0.46060776710510254,0.5231340363900459,0.8814675722536095,5.863585948944092,21.48370361328125,0.6005609086484882,0.44848837386440904,5.882756233215332,3.072465300833752,7.098815441131592,1.9742045402526855,33.21571731567383,0.48538336157798767,1.8670191764831543,0.5770082473754883,0.016011305153369904,17.955734252929688,0.4802263457655275,0.0018449139321832732,0.17309799790382385,0.38260746002197266,0.5040786673284258,5.430134464162582,36.58612060546875,31.620161056518555
01158N.png,2.1252,0.496579647064209,0.42917402942938454,0.8789120889580043,6.346551895141602,25.483909606933594,0.6259542545594708,0.45213499461989665,6.264344692230225,2.7061425972748197,7.361417293548584,2.3083508014678955,31.78862190246582,0.5079123377799988,1.7497930526733398,0.5426421761512756,0.018360186368227005,17.361228942871094,0.4343870227351855,0.003903111678535546,0.17057618498802185,0.40053972601890564,0.45371518721126586,5.130667229799334,37.97869873046875,32.078948974609375
01162N.png,2.3717,0.3911038935184479,0.4693697205566739,0.8825751711393023,5.911218166351318,26.3734073638916,0.7629547009265791,0.47704897502248245,6.1001715660095215,2.8188999356462805,9.0516996383667,2.3682854175567627,39.597686767578125,0.4231015145778656,1.8422192335128784,0.5774717926979065,0.02095213159918785,16.787717819213867,0.5221004837828047,0.001457320898416728,0.20880992710590363,0.4014444053173065,0.5197581287713738,5.603305354883041,39.48846435546875,31.844058990478516
01166N.png,2.2289,0.3293944001197815,0.4457955372202764,0.8776015174238087,4.8018975257873535,28.133975982666016,0.8603171041898797,0.44583784217764355,6.178293704986572,2.447468523256454,10.46060848236084,2.5453202724456787,31.876604080200195,0.4250865876674652,0.9208395481109619,0.5902093648910522,0.013277450576424599,18.76885414123535,0.5176389659542917,0.01570192440926205,0.16689209640026093,0.3768417239189148,0.5140172165767964,4.876797581720729,36.42498779296875,31.70026397705078
01170N.png,2.5761,0.2924315631389618,0.43189970853787846,0.8794101591067323,4.575765132904053,23.680042266845703,0.8145547579809401,0.407496287469489,5.880014419555664,2.2579321167292754,8.64237117767334,2.1497929096221924,29.318866729736328,0.42950439453125,0.9244110584259033,0.5474430322647095,0.011299196630716324,19.469524383544922,0.48984451146536895,0.01879372588562508,0.11681972444057465,0.36569738388061523,0.5047140328728763,5.154873214200757,36.55438232421875,28.42170524597168
01174N.png,2.2967,0.43486014008522034,0.32146509611958174,0.8750594105778672,6.018998622894287,25.174724578857422,0.8113135675620682,0.4833059209141999,5.908672332763672,1.9171709274605302,6.929705619812012,2.2864153385162354,30.15762710571289,0.4809472858905792,1.742466926574707,0.49130821228027344,0.010045927949249744,19.980098724365234,0.4045654548959706,0.01559709272106079,0.14284110069274902,0.28748390078544617,0.3599354734269179,4.3523626277852,26.29803466796875,26.001224517822266
01178N.png,2.1282,0.40528103709220886,0.5975888909439416,0.8827378470274759,4.700294017791748,34.54569625854492,0.9315847274208295,0.49032995787128664,6.803114414215088,3.4371654440021935,10.209964752197266,3.083620309829712,58.70085144042969,0.5083171725273132,0.9573330283164978,0.7278761863708496,0.0434008464217186,13.625019073486328,0.6404595756410869,0.01884621097755565,0.3210662007331848,0.4421599209308624,0.6666221372960293,4.992260639010763,30.07049560546875,35.19189453125
01182N.png,2.2043,0.262677937746048,0.4597892131870648,0.880792818365736,5.2503252029418945,14.899980545043945,0.8011226322615211,0.44578494977114796,5.258794784545898,2.415997638039803,5.887391567230225,1.3663597106933594,21.37819480895996,0.44085609912872314,1.8144687414169312,0.5330557823181152,0.0059781866148114204,22.23430633544922,0.45484875336196967,0.000609430968105987,0.16084547340869904,0.34867390990257263,0.46291052215005,5.734619736816127,39.97821044921875,22.92565155029297
01186N.png,2.2214,0.38210153579711914,0.47351710254636803,0.8857158028423623,4.835416793823242,21.831729888916016,0.8371335527585922,0.45692746971549736,6.1304779052734375,2.596277506190434,5.888537406921387,1.9903446435928345,25.4885311126709,0.2995520830154419,1.4630975723266602,0.5532928705215454,0.008782287128269672,20.56392478942871,0.4643989595089543,0.02019484157974155,0.13625085353851318,0.3341612219810486,0.4955096702881643,4.48685922723778,30.23309326171875,28.560916900634766
01190N.png,2.2774,0.3074069917201996,0.5938856131022542,0.8824080715494966,4.202269554138184,23.733097076416016,0.8469133976799605,0.3887526654405252,6.3490095138549805,3.133137322109926,7.500147342681885,2.136772394180298,31.57023811340332,0.3908269703388214,0.812910795211792,0.6659945249557495,0.017033590003848076,17.68693733215332,0.5257463282506796,0.01997651866314858,0.15670564770698547,0.3483724296092987,0.5789471024353696,4.837124942723725,30.22625732421875,31.283443450927734
01194N.png,2.2138,0.3982035219669342,0.4336719487335502,0.8792256104686093,5.149699687957764,20.755422592163086,0.8394608350075472,0.46691418052453926,5.979429244995117,2.413203367827103,5.584906101226807,1.9041130542755127,28.301259994506836,0.41490137577056885,1.6406173706054688,0.4543447494506836,0.008651116862893105,20.629276275634766,0.35752912747029,0.023449034406844017,0.08468921482563019,0.27968263626098633,0.32557595711775367,4.227708954659634,28.02655029296875,26.931922912597656
01198N.png,2.1836,0.2864404320716858,0.447829858575978,0.8800004041589845,4.0843505859375,20.94775390625,0.7765246974734298,0.4149586882941399,5.729918003082275,2.197569310496581,7.45598030090332,1.9191412925720215,22.723079681396484,0.32096630334854126,0.7494398355484009,0.5013211965560913,0.007015781011432409,21.53923988342285,0.47026269097907447,0.014143082574885162,0.0028193145990371704,0.2677863836288452,0.441368703164087,4.775355365576899,31.97137451171875,30.74099349975586
01202N.png,2.2064,0.34333476424217224,0.4021377543378164,0.8777072286935683,4.481646537780762,21.04302215576172,0.7937064504661472,0.4370663540742719,5.640115261077881,2.03517874255418,7.284358024597168,1.9592382907867432,22.45935821533203,0.3499019742012024,0.8313313722610474,0.4912465214729309,0.006014685612171888,22.207870483398438,0.42438588194744437,0.017808938170602254,0.027875512838363647,0.2706931531429291,0.41812601679195965,4.369708202935894,31.49920654296875,29.404136657714844
01206N.png,2.14,0.2902814447879791,0.462875541709065,0.875927627913399,3.975858688354492,24.245710372924805,0.7513045552678247,0.4045075647738919,5.894362926483154,2.28435068652224,9.191313743591309,2.2108442783355713,27.591861724853516,0.4307934045791626,1.0590382814407349,0.5635845065116882,0.011490106582641602,19.396760940551758,0.543435257265362,0.008949773168370074,0.056107550859451294,0.30094707012176514,0.5446971337951302,4.6115986172875925,29.45916748046875,34.88384246826172
01210N.png,2.2777,0.32533249258995056,0.410309956783782,0.8805858055131467,4.171839237213135,29.96421241760254,0.795746546847599,0.4364451059841812,5.937094211578369,2.0739055004358082,11.576009750366211,2.7676470279693604,38.405155181884766,0.4709640145301819,1.1253012418746948,0.5433793663978577,0.015709638595581055,18.038339614868164,0.5851464059579548,0.008369316268336889,0.07798805832862854,0.3042590022087097,0.5131021224188329,4.270605496611575,24.90447998046875,34.643890380859375
01214N.png,2.1805,0.3406657576560974,0.3992816610929956,0.8813861124793528,5.078225612640381,27.074851989746094,0.8044113946023729,0.4316364229129528,5.745659828186035,2.160896950198312,11.052530288696289,2.458902359008789,40.09020233154297,0.48646092414855957,0.9531158208847046,0.5101226568222046,0.01539589837193489,18.12594985961914,0.4921379118476944,0.01815483328752584,0.06589710712432861,0.2952837646007538,0.3960077957174823,4.37699150718629,28.15838623046875,33.116607666015625
01218N.png,2.2147,0.28680694103240967,0.356070910989798,0.8686940133808542,3.9605250358581543,20.289775848388672,0.7640671107496353,0.45617347869663494,5.546477794647217,1.6925900029738816,6.587113857269287,1.8876912593841553,18.03260612487793,0.4298003613948822,1.0373377799987793,0.4651447534561157,0.005006320308893919,23.00481605529785,0.39861630248403845,0.03248352331484343,0.00026229023933410645,0.2585601806640625,0.48793038181100373,4.502682351893402,27.47918701171875,26.01508140563965
01222N.png,2.1818,0.4291643798351288,0.3104649227102389,0.8632456504425066,4.124472618103027,27.22081184387207,0.7695044591085712,0.4564542653561701,6.0460405349731445,1.5787983250549775,6.558490753173828,2.584944009780884,21.28101921081543,0.3706068694591522,0.6715084314346313,0.47746747732162476,0.006120450794696808,22.132165908813477,0.24968661368142064,0.16008173100973244,0.09731213748455048,0.20710089802742004,0.3656275188716653,3.7000793907215797,20.65545654296875,22.291719436645508
01226N.png,2.229,0.29681530594825745,0.44845837034098196,0.8754589118393646,4.355556488037109,19.693265914916992,0.8824718688577058,0.477634909642028,5.777007579803467,2.2720247909078353,6.436992645263672,1.7943329811096191,24.57143211364746,0.5004956126213074,1.4888949394226074,0.5750890374183655,0.0069319214671850204,21.591463088989258,0.4989969452845017,0.010708965182130915,0.19978681206703186,0.38469383120536804,0.5297752940031155,4.952424021871135,34.65008544921875,28.03357696533203
01230N.png,2.205,0.36521390080451965,0.6332954894138138,0.8831663479931754,4.190779209136963,22.563949584960938,0.9032973645702805,0.4973934313794048,6.525017261505127,3.393144533056173,7.267033576965332,2.0037615299224854,39.07310104370117,0.4157010316848755,1.4154376983642578,0.6730507016181946,0.020460095256567,16.89092445373535,0.5509099333974283,0.007161376116841094,0.27457714080810547,0.4215013086795807,0.6145431062790214,5.184335518989548,34.53973388671875,29.004911422729492
01234N.png,2.1946,0.2958986461162567,0.5804193455772573,0.8802875529831197,4.2969794273376465,21.808794021606445,0.9144170305662711,0.47215895672501323,6.177896499633789,3.0399210305762008,7.8421783447265625,1.9766193628311157,28.885746002197266,0.4639669358730316,1.062057375907898,0.6998791098594666,0.010883370414376259,19.632366180419922,0.5669784058315647,0.012044598053781155,0.27793243527412415,0.41684240102767944,0.6140056341046513,5.354115137950813,35.39324951171875,32.74669647216797
01238N.png,2.3684,0.3149861693382263,0.5117483797221063,0.8756187455407998,4.618166446685791,13.832995414733887,0.8232214480612903,0.4349010059450683,5.322166919708252,2.543484390842263,5.693910598754883,1.26634681224823,21.112564086914062,0.5629191398620605,1.4310818910598755,0.48801320791244507,0.004155601374804974,23.813663482666016,0.450019239041341,0.019004847959573343,0.10936758667230606,0.2867659032344818,0.449156741092271,6.120156794570902,37.13836669921875,24.481050491333008
01242N.png,2.3014,0.2878965735435486,0.5832146304344629,0.88002124959432,3.923163890838623,18.945165634155273,0.8504076888252864,0.3871910657990983,6.18086051940918,2.9464179100131993,7.228052616119385,1.674925446510315,34.2779541015625,0.4816053509712219,0.97991943359375,0.6408320665359497,0.014681191183626652,18.332387924194336,0.4732990922604701,0.020599746872316284,0.13221651315689087,0.33439961075782776,0.5503360750496493,4.864676922450224,30.16082763671875,31.999473571777344
01246N.png,2.3337,0.3025374710559845,0.3883530412210668,0.8786004762291737,4.59763240814209,19.855998992919922,0.8206008075290353,0.4487431024311331,5.338585376739502,1.9293873259111933,7.285147666931152,1.8393213748931885,21.23104476928711,0.5667936205863953,1.399759292602539,0.49136999249458313,0.004250023514032364,23.716087341308594,0.48029216958467863,0.017839957707720715,0.05942106246948242,0.27274268865585327,0.4661413368088724,4.861899909622715,29.37762451171875,28.350231170654297
01250N.png,2.1924,0.3570115864276886,0.5526222449561242,0.8761785224340211,4.90751838684082,21.06765365600586,0.854000824710721,0.41283882255814547,6.313703536987305,3.1005576536157786,6.77020788192749,1.8792959451675415,30.212480545043945,0.4252585172653198,1.5368224382400513,0.6237670183181763,0.014000705443322659,18.538501739501953,0.497446712417202,0.009553055673841963,0.18171176314353943,0.3479860723018646,0.512290540004561,5.246244190419307,33.18914794921875,26.907901763916016
01254N.png,2.2712,0.24632428586483002,0.4287688538785068,0.8776240311385773,4.903716564178467,16.279747009277344,0.804649679380744,0.3781389565354659,5.217850685119629,2.169913638498757,6.478550434112549,1.473634958267212,23.197494506835938,0.5123782157897949,1.618278980255127,0.5315066576004028,0.006535263266414404,21.847370147705078,0.4432825049674782,0.0047194157612953985,0.055449455976486206,0.2896568477153778,0.4309417970861179,5.649653450494034,37.81756591796875,27.607376098632812
01258N.png,2.4,0.2575444281101227,0.42111104378954545,0.8765845305999317,4.753539562225342,17.889747619628906,0.7803155467078947,0.37826199673078076,5.426534175872803,2.143478683605661,6.9499664306640625,1.6219007968902588,24.5361328125,0.506582498550415,1.3725594282150269,0.5294696092605591,0.007514496333897114,21.24100112915039,0.4489113405457797,0.01297821996831882,0.0722644180059433,0.31383636593818665,0.43140258550844757,4.929986325048387,32.85760498046875,26.966033935546875
01262N.png,2.3013,0.27347975969314575,0.3796727664078242,0.8708093474608105,5.443102836608887,18.12146759033203,0.8149303392018254,0.3971017977464742,5.495878219604492,2.0766228138017198,6.281940937042236,1.6315504312515259,19.549365997314453,0.4696403741836548,1.436841607093811,0.5340642929077148,0.006293256767094135,22.01124382019043,0.39724520027549076,0.006460098999989325,0.11547203361988068,0.34516188502311707,0.4134684787659617,5.134476067431605,37.92352294921875,27.084136962890625
01266N.png,2.2963,0.3095672130584717,0.3320762228146372,0.8761032468819161,4.9573283195495605,24.047468185424805,0.8015264219329585,0.4366668144592319,5.788075923919678,1.7841528383770058,8.664068222045898,2.1966042518615723,25.72059440612793,0.48045840859413147,1.1542330980300903,0.5115019679069519,0.008219949901103973,20.851308822631836,0.4700623105244629,0.018718283540400275,0.06967373192310333,0.31692174077033997,0.4413149385357722,4.154279088269021,26.91229248046875,35.36516571044922
01270N.png,2.2285,0.31560102105140686,0.3489897085580239,0.8775963858916006,4.934689998626709,20.73595428466797,0.727367303497734,0.394628917351459,5.76658821105957,1.8673242576940758,7.118906497955322,1.8868355751037598,25.180038452148438,0.4942627251148224,1.3355318307876587,0.43869519233703613,0.009459531866014004,20.241302490234375,0.41104086379832766,0.023775922184624047,0.018043965101242065,0.2907247543334961,0.3796660027073345,4.195500707013297,25.21307373046875,38.07245635986328
01274N.png,2.4213,0.28343862295150757,0.36709075360273574,0.8792724707830466,4.9441752433776855,26.226900100708008,0.7192883101107362,0.38345549965449865,5.689568042755127,1.9517810708210828,9.509004592895508,2.3579187393188477,28.76068115234375,0.5299496650695801,0.998453676700592,0.5518031716346741,0.011425232514739037,19.421350479125977,0.48189980077128713,0.02013877161419306,0.04502801597118378,0.3121523857116699,0.45765953708821855,4.76470267780059,32.72528076171875,37.800941467285156
01278N.png,2.8755,0.3603106439113617,0.3583169077825109,0.879189406686876,5.888782978057861,28.179779052734375,0.8474378096218201,0.4576672214739662,6.196926116943359,2.1652636044346227,9.339264869689941,2.571568727493286,36.195621490478516,0.5012248158454895,1.083984375,0.5201907753944397,0.013324771076440811,18.753402709960938,0.4286238070696575,0.02443848515612284,0.12184624373912811,0.36969318985939026,0.39123758888926863,3.8545942506386925,25.54119873046875,32.529720306396484
01282N.png,2.2804,0.33875706791877747,0.4516651343268187,0.8787824740944705,5.058188438415527,27.940906524658203,0.8332983031129652,0.409757489492555,6.406914710998535,2.5892021212408167,8.78325366973877,2.474945306777954,32.654361724853516,0.5142711997032166,1.3695180416107178,0.5523192286491394,0.01499942597001791,18.239253997802734,0.4910720077308972,0.02532222846465197,0.169028639793396,0.3811940550804138,0.46576770715973853,4.34708177328894,29.95184326171875,41.367149353027344
01286N.png,2.2408,0.3902910649776459,0.5105373341101941,0.8801948234192358,5.1387529373168945,24.88334083557129,0.8787721120641704,0.43762720532099314,6.527784824371338,2.978110586864066,7.85206937789917,2.220660448074341,34.724849700927734,0.4691773056983948,1.7079148292541504,0.5565392374992371,0.01706811971962452,17.678144454956055,0.4765313250861895,0.012635532887221372,0.1807098090648651,0.3824549913406372,0.475504619607838,4.308855725271517,30.21209716796875,33.32243347167969
01290N.png,2.2518,0.320644348859787,0.48991738526469125,0.879454271408473,5.273653984069824,22.22178077697754,0.8726376168823076,0.4451172440832278,5.999268054962158,2.761409259903454,7.198156356811523,2.011173725128174,28.981264114379883,0.5397037267684937,1.8139170408248901,0.5373407006263733,0.01058102399110794,19.754724502563477,0.47016884100623857,0.0048768733136359665,0.20123279094696045,0.3874654173851013,0.4524411922243778,5.205343703040718,33.46600341796875,29.72861099243164
01294N.png,2.1279,0.4088401794433594,0.5045082793845065,0.88168309046866,5.72883939743042,17.2978515625,0.7423632296419619,0.4476753564564274,6.037345886230469,2.968077765264688,5.9113030433654785,1.517229676246643,31.801925659179688,0.4301460385322571,1.8274104595184326,0.504456639289856,0.01535741426050663,18.13681983947754,0.36771448431125436,0.0021478800120303962,0.16362032294273376,0.3599886894226074,0.38151592233299997,5.650463347553634,38.01629638671875,29.410415649414062
01298N.png,2.1726,0.2909928560256958,0.42014648087811224,0.8743883798137086,4.6375555992126465,20.431406021118164,0.8243958484899299,0.4168936024082731,5.748413562774658,2.1818220067145635,8.0178804397583,1.8658663034439087,23.979843139648438,0.42629939317703247,1.3531687259674072,0.46124839782714844,0.007341137155890465,21.342369079589844,0.4221125012501368,0.02011031384871712,0.05325585603713989,0.29243677854537964,0.40985599072173573,4.509266840685159,27.54071044921875,22.665225982666016
01302N.png,2.1973,0.31592243909835815,0.47696659269309577,0.8770475802435851,4.968528747558594,22.353172302246094,0.8116180235002228,0.41518496802948623,6.149582386016846,2.6514924490658522,8.269889831542969,2.0456550121307373,27.864566802978516,0.44233930110931396,1.3175363540649414,0.5274549722671509,0.010611300356686115,19.7423152923584,0.3845802581561611,0.019915323448859074,0.10755686461925507,0.3465416431427002,0.383370547871598,4.308828989158003,26.03289794921875,30.474836349487305
01306N.png,2.2151,0.3206455111503601,0.47063762867466724,0.8795209366303234,4.693979263305664,20.97844123840332,0.7751252377577118,0.3743625631902695,6.068904876708984,2.532717818344656,7.286992073059082,1.8824052810668945,30.565834045410156,0.4674968123435974,1.467563509941101,0.5450201034545898,0.014994318597018719,18.240732192993164,0.45688079364719336,0.013132717341663687,0.12720108032226562,0.36373215913772583,0.4854570499561852,4.642790070473487,31.12225341796875,32.225440979003906
01310N.png,2.1994,0.38517996668815613,0.36200895791168297,0.886846133932935,5.272003650665283,19.47910499572754,0.7868065814577586,0.482908787292405,5.441099166870117,1.9391260774262484,6.495386123657227,1.8001729249954224,27.166549682617188,0.6794959306716919,1.7208704948425293,0.43310219049453735,0.0058912732638418674,22.297908782958984,0.40270337395549344,0.015901198181874965,0.028357699513435364,0.29868319630622864,0.373538123296431,4.727077446801605,29.00799560546875,31.286298751831055
01315N.png,2.3008,0.2939384877681732,0.4906954631626823,0.8818103434921307,4.669799327850342,22.011558532714844,0.8924887399344144,0.47568253062762433,5.897772312164307,2.5927388143875465,8.300642967224121,1.9993400573730469,37.81380081176758,0.5388727188110352,1.3931787014007568,0.5796332955360413,0.013679918833076954,18.6391658782959,0.4952728123349918,0.01279683902959373,0.18856081366539001,0.3944222629070282,0.5015336883207374,4.630721845125108,26.59588623046875,32.4849853515625
01319N.png,2.2877,0.33551865816116333,0.5022237909358337,0.884981429248574,4.427334785461426,19.1261043548584,0.900964039686819,0.5004281069206357,6.294654846191406,2.692428553417077,6.04973030090332,1.748586893081665,40.90380859375,0.5711574554443359,0.71650230884552,0.6532412767410278,0.016563186421990395,17.808561325073242,0.49067371038923957,0.014496549513376856,0.19942986965179443,0.38663530349731445,0.5823711887292742,4.92048802007796,32.44110107421875,23.424636840820312
01323N.png,2.2028,0.3644208312034607,0.38986078877281183,0.8842684965123189,6.164010047912598,20.31720733642578,0.8344637181255292,0.4771925418945883,6.044496059417725,2.379815047512176,6.640231609344482,1.8419163227081299,32.61421203613281,0.5847449898719788,1.6801939010620117,0.4693637788295746,0.01052128616720438,19.779312133789062,0.3683368701042395,0.00828407888764009,0.12631165981292725,0.32059958577156067,0.3615413735863938,4.524556551130945,32.88690185546875,26.095088958740234
01327N.png,2.2233,0.41059139370918274,0.2851847192965832,0.8779932750947476,6.1016926765441895,27.646934509277344,0.8024390141926144,0.5072917016985741,5.920414924621582,1.7142660322749599,8.024406433105469,2.537031650543213,30.640796661376953,0.5196534395217896,1.2863177061080933,0.46482333540916443,0.009438162669539452,20.25112533569336,0.38093884897624997,0.02419087276852554,0.11627615988254547,0.3395509719848633,0.3409954771551351,4.2002394076637355,29.21453857421875,26.602489471435547
01331N.png,2.2688,0.43993261456489563,0.4808972589532922,0.8828758196611207,4.729264736175537,28.609577178955078,0.8644502674130485,0.4894548710387501,6.710201263427734,2.7506128622964674,8.705144882202148,2.5670418739318848,44.905513763427734,0.5587174296379089,0.7844480872154236,0.6168610453605652,0.022440345957875252,16.48970603942871,0.5122097400725399,0.026916794513085495,0.1904766708612442,0.37342485785484314,0.5536283456038151,4.608958227039379,36.70867919921875,35.22010803222656
01335N.png,2.2144,0.3393511176109314,0.38226637658608353,0.874807464940458,5.163205623626709,29.66718101501465,0.8471626247262752,0.46465865368943104,5.996946334838867,2.133082259233923,9.007078170776367,2.6975791454315186,25.450931549072266,0.4629138708114624,1.4505929946899414,0.5045965909957886,0.008759195916354656,20.575359344482422,0.49227898517228424,0.015225575686048596,0.17222008109092712,0.38474583625793457,0.45279155678697597,4.386244407933566,31.71551513671875,33.465877532958984
01340N.png,2.2081,0.30701711773872375,0.4510580891829217,0.8773504249949008,5.083512306213379,23.35108757019043,0.8635974202467469,0.41886210547019737,5.801661491394043,2.454930574628598,7.909402847290039,2.118745803833008,22.072004318237305,0.42807260155677795,1.6289491653442383,0.4758628308773041,0.006791622843593359,21.68026351928711,0.4556408077903781,0.005515252334995907,0.16049155592918396,0.3746457099914551,0.41915932846725373,4.284711694190854,28.96405029296875,26.785091400146484
01344N.png,2.2801,0.33291012048721313,0.5098216676853813,0.8807316173788804,4.641422748565674,26.886695861816406,0.8964291383787282,0.4631140827290097,6.241054534912109,2.774070980666634,10.265769004821777,2.418912410736084,33.41941833496094,0.4342074990272522,0.8310079574584961,0.604856014251709,0.013422515243291855,18.721660614013672,0.5329601005118499,0.012662825001935139,0.2363027036190033,0.4221534729003906,0.5455059068316909,4.133967356602127,34.13201904296875,34.78721237182617
01348N.png,2.2042,0.36331096291542053,0.49593867743123327,0.8804969173072149,4.872165679931641,31.354095458984375,0.81424466443336,0.40030892583175337,6.3309173583984375,2.778030315672895,10.913949012756348,2.80244517326355,37.877960205078125,0.5336944460868835,1.1185513734817505,0.6290380358695984,0.021746354177594185,16.626134872436523,0.5264949906673496,0.01608971365970639,0.21611769497394562,0.42292794585227966,0.5318958329548996,4.516694538634474,34.90643310546875,39.114501953125
01352N.png,2.2929,0.3692625164985657,0.46126690889944477,0.8783542087436873,4.894205570220947,35.192901611328125,0.8071843635137264,0.43385960167427795,6.484950065612793,2.6244223597445977,11.35842227935791,3.170271873474121,46.20759201049805,0.47063201665878296,0.8312217593193054,0.62237948179245,0.02626516856253147,15.806198120117188,0.5097577101541778,0.025261327823113272,0.1574798822402954,0.3833771347999573,0.523433650589568,4.566628739408525,33.98504638671875,35.237876892089844
01356N.png,2.2229,0.26286545395851135,0.39891503313539894,0.8763163235507947,4.802670478820801,20.397443771362305,0.7666546380489204,0.3545359617061492,5.377356052398682,2.0304897407549234,8.109896659851074,1.8582345247268677,24.53067398071289,0.5092630982398987,1.7148240804672241,0.5238068103790283,0.008949307724833488,20.482105255126953,0.4455086978832894,0.006393884141757055,0.07013095915317535,0.32250937819480896,0.42456491590849255,4.999349920743015,31.51629638671875,32.579524993896484
01360N.png,2.1778,0.255527526140213,0.42191641385185114,0.8694883313957846,4.34648323059082,18.567724227905273,0.6275138493010413,0.2982334670133116,5.260402202606201,2.0266591267302427,7.5136494636535645,1.6736668348312378,17.670007705688477,0.4867023229598999,1.1976852416992188,0.44795238971710205,0.00989634171128273,20.04525375366211,0.4194241987069485,0.016658599862906655,-0.0012803226709365845,0.27304065227508545,0.40323661356116014,5.460226220757824,31.94647216796875,32.576683044433594
01364N.png,2.2254,0.31341713666915894,0.4193561286084797,0.8721782540631535,4.836039066314697,22.98162841796875,0.7718039542657479,0.4100350693401261,5.960450649261475,2.2637947166351218,7.372435092926025,2.108286142349243,24.348064422607422,0.4200970232486725,1.0916943550109863,0.47940605878829956,0.008481604978442192,20.715219497680664,0.4098206162635053,0.027039559463601297,0.04013614356517792,0.30230531096458435,0.38406336148841164,3.8536546934174862,21.73211669921875,26.86590576171875
01368N.png,2.3715,0.3381367027759552,0.5695124455367966,0.8856391015052613,4.880408763885498,20.856069564819336,0.8419829957334811,0.40976696765880566,6.4767303466796875,3.2340265187723887,6.5950822830200195,1.877123236656189,29.289520263671875,0.32462120056152344,0.9010684490203857,0.570778489112854,0.013638353906571865,18.652381896972656,0.3901976252073251,0.02087320341992306,0.12091821432113647,0.34166061878204346,0.40509136634110116,4.372315630472739,28.85321044921875,26.484161376953125
01372N.png,2.1275,0.30059534311294556,0.438025287854072,0.880742490819149,4.565919399261475,17.073060989379883,0.8179115801237258,0.443668740121301,5.460063457489014,2.1958247370023294,5.93453311920166,1.5669734477996826,25.06597328186035,0.37186241149902344,1.5903997421264648,0.4761459231376648,0.0071076201274991035,21.482755661010742,0.415216892709198,0.00813484314638815,-0.008266031742095947,0.2727473974227905,0.42313462519332384,4.647784336599907,27.47576904296875,25.710567474365234
01376N.png,2.3016,0.38209059834480286,0.4473565540838519,0.8775311827548786,5.44653844833374,21.945802688598633,0.8404170298939299,0.4612991039821705,6.212682723999023,2.6079230362072625,7.078451633453369,2.0207834243774414,31.306482315063477,0.411521852016449,1.0745115280151367,0.5218320488929749,0.012381496839225292,19.072267532348633,0.3330120686866919,0.025226682047860213,0.11225610226392746,0.32071587443351746,0.32783031004245394,4.037027746431181,29.03582763671875,32.87073516845703
01380D.png,2.1971,0.5289760231971741,0.5158133422985208,0.8798070119377008,5.995398044586182,52.44220733642578,0.9156511269476824,0.5328173144242576,7.083278656005859,3.373087241137082,13.938041687011719,4.769830703735352,42.607398986816406,0.5215751528739929,1.8377611637115479,0.6219608783721924,0.041258737444877625,13.844841957092285,0.6224371124124101,0.002752464799799172,0.3719239830970764,0.44879186153411865,0.5525673462271724,3.601900866408824,32.62518310546875,49.605186462402344
01384D.png,2.2749,0.5470736026763916,0.5626829477962036,0.883728134987608,5.99020528793335,51.39743423461914,0.8750126697497462,0.5344760546878817,7.158520698547363,3.6992922115488263,13.886521339416504,4.685745716094971,44.854393005371094,0.5747619867324829,1.8618879318237305,0.6211744546890259,0.05026146396994591,12.987649917602539,0.6088457859618268,0.0018562217346167293,0.3436049222946167,0.4370449483394623,0.5515434054174873,3.908387951188167,30.09490966796875,46.49467086791992
01388D.png,2.1995,0.5379588007926941,0.5153412780936897,0.8813633588177601,5.8862152099609375,51.95224380493164,0.8990559064461069,0.5573816337967914,7.173626899719238,3.365147152347138,14.017814636230469,4.701218605041504,40.23479080200195,0.5400151610374451,1.8168494701385498,0.6517013311386108,0.04099006950855255,13.873214721679688,0.626418444936554,0.0020028669747282433,0.3795887231826782,0.45590800046920776,0.5763629233993386,4.080516866311567,30.49237060546875,45.60888671875
01392D.png,2.1002,0.561784565448761,0.6165355480100536,0.8811691542276144,5.4502716064453125,45.185333251953125,0.9079043716154492,0.5299836155567484,7.041025161743164,3.8506755057071995,11.614280700683594,4.0171003341674805,39.87247085571289,0.447296679019928,1.770101547241211,0.6722127199172974,0.05344555154442787,12.720885276794434,0.6415342872892431,0.002107552637774053,0.38714250922203064,0.4579920768737793,0.6139394027602431,4.053759760265775,35.30096435546875,47.112831115722656
01396D.png,2.1419,0.6535639762878418,0.608369326233893,0.8825962979749132,5.233343601226807,55.92717742919922,0.9500596911821212,0.5498248489025486,7.410249710083008,3.8459981540982113,15.522866249084473,5.009252548217773,67.00386047363281,0.5260931253433228,0.8034651279449463,0.7149011492729187,0.07173256576061249,11.44283676147461,0.6529642279672829,0.019065904453156157,0.3689310848712921,0.4630659222602844,0.6387940150392861,4.475196641618233,31.35369873046875,43.665138244628906
01401D.png,2.1737,0.5157330632209778,0.5334752443668775,0.8821591081626114,5.41298770904541,62.73862075805664,0.9580025902481578,0.5921087255584951,7.279726028442383,3.385633879668692,15.904221534729004,5.704118728637695,46.93992233276367,0.47576308250427246,1.527407169342041,0.6713762879371643,0.04362710565328598,13.602437019348145,0.6663641038366515,0.01308646200330772,0.40500035881996155,0.47942349314689636,0.6270217108165907,4.590763355352584,40.93280029296875,52.21453857421875
01405D.png,2.4228,0.4343370795249939,0.530982515790696,0.8811420013178702,6.290229320526123,34.45474624633789,0.9095539191200392,0.46789453853247703,6.395356178283691,3.3679219721975535,11.176285743713379,3.0253243446350098,47.37689971923828,0.5351905822753906,1.8523149490356445,0.6114420294761658,0.031353261321783066,15.037174224853516,0.5288357842307249,0.0034810872790358043,0.2911933958530426,0.4078293740749359,0.5136148336726617,5.064663572780886,32.37615966796875,52.787349700927734
01409D.png,2.2574,0.3896952271461487,0.4847862398226534,0.8783051256442955,5.903634071350098,26.753890991210938,0.9237191904259876,0.4780260863954616,5.906782150268555,2.8627720168378428,8.719263076782227,2.3641104698181152,24.472566604614258,0.45406025648117065,1.604419231414795,0.6198648810386658,0.010986823588609695,19.591278076171875,0.5463975331979513,0.003011649072028673,0.24424022436141968,0.4141409993171692,0.5374158922134226,4.671361670792394,37.70819091796875,37.843101501464844
01413D.png,2.2041,0.5932909846305847,0.5818033927175892,0.8900834681133916,5.167866230010986,56.62291717529297,0.9669746062327587,0.5173342099650212,7.313978672027588,3.631000418815372,15.23747730255127,5.0646653175354,46.63312530517578,0.31585901975631714,0.6319730281829834,0.7106996178627014,0.06927493959665298,11.59423828125,0.6709603205117916,0.018402058949288966,0.4183199405670166,0.481319785118103,0.6500569081705402,3.961178525132225,25.19842529296875,47.73725128173828
01417D.png,2.2966,0.5941269993782043,0.5437962959597265,0.8860520348520796,6.058725357055664,45.174198150634766,0.8503830206013228,0.49377885764893525,7.092770576477051,3.5758768205863785,11.322269439697266,4.050530910491943,38.02898025512695,0.3506852090358734,1.7873164415359497,0.6049458980560303,0.048982180655002594,13.099618911743164,0.5813886856994593,0.004594269129344824,0.3309255838394165,0.44538357853889465,0.5372178014197401,3.7456662232218747,27.58367919921875,52.42449951171875
01423D.png,2.2124,0.6825183033943176,0.6097318370460728,0.8813518631124502,5.327437877655029,50.315860748291016,0.9489020212438397,0.5084328353054202,7.522937774658203,3.917652843719104,13.539764404296875,4.362287521362305,55.061771392822266,0.45807886123657227,1.108896017074585,0.6981385946273804,0.09434037655591965,10.253024101257324,0.589925157459704,0.023329279034667267,0.3730517029762268,0.46838632225990295,0.6081884449806051,4.276353868618947,33.35272216796875,46.31778335571289
01427D.png,2.2916,0.6051355004310608,0.546649936646558,0.8800171594406934,5.753692150115967,49.24055862426758,0.9391184141369455,0.5001593194836914,7.245367050170898,3.5529770259161175,12.917821884155273,4.356791973114014,41.158409118652344,0.45853757858276367,1.5450503826141357,0.677871823310852,0.0621129535138607,12.068177223205566,0.6507082130002882,0.006673172676389245,0.411724328994751,0.46893903613090515,0.5917846945013259,3.8989978678815302,29.30438232421875,50.61809539794922
01431D.png,2.2945,0.5615837574005127,0.5172767177872745,0.8800070009290456,5.861522197723389,52.45900344848633,0.9238616571688223,0.535686444555433,7.440145492553711,3.440330889533575,14.209111213684082,4.636045455932617,49.850826263427734,0.4883645474910736,1.1843427419662476,0.7018728256225586,0.0439472571015358,13.57068157196045,0.6447303876976286,0.0155259970393789,0.37865710258483887,0.46401530504226685,0.6016690909530892,4.096458008062654,36.24920654296875,60.8362922668457
01435D.png,2.202,0.5783748030662537,0.5355666438116229,0.8868424581170318,5.77162504196167,47.26206970214844,0.7821952121392417,0.4899538755068752,7.329087734222412,3.5081623918882663,13.469210624694824,4.202055931091309,58.865020751953125,0.6053993701934814,0.5792065262794495,0.6290366053581238,0.03747973218560219,14.262036323547363,0.5470314414753152,0.02613918523095099,0.252678781747818,0.417303204536438,0.4909068449847274,3.705634623922056,30.29949951171875,43.28575897216797
01441D.png,2.2992,0.5799928307533264,0.5800635053791845,0.87921408478532,5.2482218742370605,52.85009765625,0.915069389819611,0.5436185970248105,7.0453386306762695,3.565532550932602,13.43527603149414,4.747992515563965,40.10697555541992,0.48224765062332153,1.7531704902648926,0.6826615929603577,0.05743904039263725,12.407928466796875,0.6565006728200049,0.00767562287819759,0.41382673382759094,0.47134271264076233,0.6086497917670199,3.974649032189737,32.95330810546875,46.88874053955078
01445D.png,2.2117,0.6137430667877197,0.6233256975715703,0.8834320323859036,4.730000019073486,51.69626235961914,0.958386665137241,0.5566859305895198,7.303123474121094,3.7502886944823572,12.985405921936035,4.608121871948242,47.48957443237305,0.39895039796829224,1.355019450187683,0.7115026712417603,0.07802235335111618,11.07780933380127,0.7087717371899106,0.008231228484018024,0.4291650950908661,0.4752768278121948,0.6443394593472024,3.707629612215733,31.63983154296875,39.74095153808594
01449D.png,2.2146,0.6006616353988647,0.5934005266698898,0.8815509216202426,4.611030578613281,77.54117584228516,0.9573121160048954,0.6381058346694145,7.446368217468262,3.5774444378311703,18.305973052978516,7.089010715484619,49.21925735473633,0.44011229276657104,1.320223331451416,0.7115480899810791,0.07131125777959824,11.468419075012207,0.7585166440856401,0.00762014279268377,0.4398424029350281,0.48326635360717773,0.6466657135539674,3.8349646927876218,36.88690185546875,42.17308807373047
01453D.png,2.2847,0.5437713861465454,0.5413560293473165,0.8822323202156034,5.67219352722168,63.04636764526367,0.9271844174722916,0.5796798769812918,7.305761337280273,3.5128568043486954,15.812325477600098,5.80614709854126,43.46767044067383,0.49729010462760925,1.8192301988601685,0.6690908670425415,0.05031396821141243,12.983113288879395,0.6679630208492003,0.002866853463411665,0.3988998830318451,0.46710601449012756,0.6152620839219398,4.268936996999956,32.95037841796875,45.057838439941406
01458D.png,2.2904,0.7661520838737488,0.5236304282300491,0.8836203984241187,5.156886100769043,97.32953643798828,0.9535738739422888,0.5632547981920647,7.740538597106934,3.3767514188591434,22.41112518310547,8.918822288513184,61.01436996459961,0.4234714210033417,0.759127676486969,0.6643214821815491,0.13165763020515442,8.805540084838867,0.7295691548276074,0.012988113530396854,0.43678706884384155,0.4826098382472992,0.6321674999941969,3.719026752682676,36.50555419921875,43.791893005371094
01462D.png,2.2075,0.5024767518043518,0.5464350650684281,0.8797444081985442,5.180032253265381,42.21322250366211,0.9188118277645968,0.45735594394768797,6.794735908508301,3.2717267061678683,12.34919261932373,3.783635377883911,47.43616485595703,0.4817376732826233,1.1574416160583496,0.6495851874351501,0.05031721293926239,12.982834815979004,0.6050498995844326,0.014035563092818639,0.3488646149635315,0.43621039390563965,0.5853585093177393,4.634775743930995,34.11297607421875,49.761199951171875
01466D.png,2.3153,0.5862598419189453,0.5902652162796636,0.8815835359976637,5.577633857727051,57.13771057128906,0.9450904142630376,0.5093472408432311,7.489266395568848,3.8564793435818263,15.387255668640137,5.149867534637451,53.36439514160156,0.4829641580581665,1.627578616142273,0.6656869649887085,0.07501889765262604,11.24829387664795,0.6721512853591181,0.008823001007171496,0.38826027512550354,0.4617581069469452,0.6199775221743629,3.8403509852530022,32.69451904296875,42.931888580322266
01470D.png,2.1696,0.5681210160255432,0.5689995491813991,0.8837908984053888,5.30207633972168,61.8556022644043,0.950725087246313,0.5293653549526401,7.432938098907471,3.6231192737919216,15.495213508605957,5.647306442260742,53.381038665771484,0.4298330247402191,1.3774230480194092,0.6743669509887695,0.07096109539270401,11.48979663848877,0.6749043216649557,0.013434641334756381,0.40613144636154175,0.47515469789505005,0.6388238127079617,3.509123266673272,33.71990966796875,49.246673583984375
01474D.png,2.4002,0.6034915447235107,0.6588747105558582,0.8896967790728518,5.196605205535889,46.96015167236328,0.9550181148835752,0.4382188133010381,7.269596099853516,4.106844322845172,12.721375465393066,4.109668731689453,47.492393493652344,0.32276636362075806,0.9849473834037781,0.6970958113670349,0.07745829224586487,11.109321594238281,0.648342846828915,0.013131696875792428,0.4087051451206207,0.4797018766403198,0.6386193403118365,3.905654223076523,34.01287841796875,46.992408752441406
01478D.png,2.1965,0.6066585183143616,0.6226170495473695,0.8861132604123343,5.444278717041016,46.69179916381836,0.9410483444985941,0.4371016082135636,7.2953996658325195,3.9659814147592876,12.642085075378418,4.097423553466797,46.09793472290039,0.36108100414276123,1.6424975395202637,0.6473276019096375,0.08057428896427155,10.938035011291504,0.6306218054020789,0.006442293139856849,0.4058802127838135,0.46703240275382996,0.5876002651167197,3.972301974696761,33.33709716796875,51.073848724365234
01482D.png,2.4059,0.6427793502807617,0.5488708556983399,0.8831954459962217,5.573516845703125,58.0101432800293,0.9396473155142546,0.4406016068971526,7.391636848449707,3.5581076582643796,14.44237995147705,5.114199161529541,44.47665786743164,0.38202497363090515,1.6252892017364502,0.6452359557151794,0.09427500516176224,10.256033897399902,0.6552102938512713,0.006841776347636773,0.4218713343143463,0.47366607189178467,0.599419538092698,3.902062500603609,36.17645263671875,43.388282775878906
01486D.png,2.2958,0.7269865870475769,0.5262988061453334,0.8914274089406888,4.879632949829102,68.50773620605469,0.9553002605002064,0.49065406337241524,7.242744445800781,3.190005997786203,16.21956443786621,6.025458335876465,43.571537017822266,0.2943451404571533,0.43443262577056885,0.7403901219367981,0.1204267293214798,9.192770957946777,0.665030932083839,0.03202644642482016,0.4476924240589142,0.4721429944038391,0.66673334729937,4.063561367207546,37.10662841796875,52.75438690185547
01493D.png,2.3262,0.606761634349823,0.6105016498719246,0.8898322913455126,4.766480922698975,51.48878860473633,0.9650226414266512,0.4975534317236275,7.311896800994873,3.68694537926833,12.297440528869629,4.553818702697754,51.583091735839844,0.34425556659698486,0.5518403053283691,0.7403922080993652,0.08759454637765884,10.57522964477539,0.6588559802231345,0.014556597979582947,0.42757976055145264,0.47669509053230286,0.6725851640179689,4.351573324270951,36.46990966796875,47.14348602294922
01498D.png,2.1748,0.5418540239334106,0.5537061814160361,0.8826588665784706,5.1158766746521,55.4090576171875,0.9301574553093236,0.48628521611542724,7.022846221923828,3.360653210275812,16.16819190979004,4.977179050445557,48.54490280151367,0.42993199825286865,1.047856092453003,0.686456561088562,0.06264343112707138,12.031244277954102,0.6819145218953846,0.010874345015361534,0.38854217529296875,0.4697226285934448,0.6414470319579618,3.7926450844964243,34.45477294921875,52.02469253540039
01502D.png,2.244,0.4964345395565033,0.5300149641454389,0.8810832320841675,6.045570373535156,48.03030776977539,0.8921511038517314,0.4155286418678098,7.113847732543945,3.487354155525624,14.083818435668945,4.321547985076904,54.746402740478516,0.5456153154373169,1.807537317276001,0.591529905796051,0.051606323570013046,12.872971534729004,0.5523736584500718,0.008155475621809466,0.3245394229888916,0.4285164177417755,0.5005634667355437,3.697767766585614,27.28045654296875,43.611778259277344
01506D.png,2.4808,0.5403133034706116,0.6589296541473122,0.892244780304188,5.434039115905762,37.303646087646484,0.9522792542668993,0.44194212407758815,7.127609729766846,4.138633516108015,9.94027328491211,3.2758026123046875,43.742557525634766,0.32491829991340637,1.3569868803024292,0.6680318713188171,0.054926589131355286,12.602174758911133,0.5756812381245966,0.013777906169849466,0.37391021847724915,0.4717696011066437,0.6062997915299075,4.357394482748024,34.20037841796875,52.98979187011719
01510D.png,2.3741,0.5519473552703857,0.7628354776617431,0.9031350499481412,5.0259318351745605,36.13878631591797,0.9398006653213425,0.4604058789714174,7.110376358032227,4.629016848476374,8.91219425201416,3.189816474914551,42.71060562133789,0.24579361081123352,1.6244279146194458,0.6638253331184387,0.060900457203388214,12.15379524230957,0.6148512569501403,0.006590803425587117,0.3834879994392395,0.4688493609428406,0.6262747683245574,4.128261812378459,31.20819091796875,42.91549301147461
01514D.png,2.428,0.5680465698242188,0.5769231866123359,0.8933730379723291,5.334799766540527,62.12813186645508,0.9407742479882253,0.5117708548099571,7.337516784667969,3.6554872531955063,14.862152099609375,5.638210773468018,49.69481658935547,0.3045143485069275,1.4635097980499268,0.6250107288360596,0.06597201526165009,11.806403160095215,0.6315973978861729,0.011682045963007225,0.38990089297294617,0.4697197675704956,0.5873548482956692,3.5626676017128767,37.93328857421875,44.038169860839844
01520D.png,2.0864,0.54422926902771,0.6418524374954998,0.8840231700101189,4.990684986114502,44.88480758666992,0.9127701662538168,0.48304826142909085,7.237634181976318,3.924399889229356,11.19895076751709,4.019603729248047,46.00188064575195,0.5602786540985107,1.6745882034301758,0.7033764123916626,0.06316863000392914,11.994985580444336,0.6388758098662103,0.007359455039791282,0.38975027203559875,0.4700842797756195,0.6358677953857846,3.955213489438923,30.73455810546875,44.821964263916016
01527D.png,2.2118,1.420791506767273,0.7491382721433381,0.8872630112223099,4.487048625946045,60.931739807128906,0.9590697983724572,0.4929265359722746,7.545827388763428,4.507157722374888,15.435086250305176,5.254080772399902,78.91067504882812,0.3925795257091522,0.8864078521728516,0.7479262948036194,0.1929665207862854,7.1451802253723145,0.7045546830720751,0.0088981937211619,0.3820357322692871,0.4634903371334076,0.6745790783692959,4.451703113690686,40.18377685546875,41.99470520019531
01531D.png,2.3734,0.7292653322219849,0.633651071790195,0.8837818609318335,4.601183891296387,66.40921783447266,0.9620925995995118,0.5318902123533065,7.619864463806152,3.871951922012535,15.42204475402832,5.9033026695251465,56.04440689086914,0.5592700242996216,1.071748971939087,0.7709141373634338,0.10666350275278091,9.719841003417969,0.6964293059911961,0.014265021830074604,0.44971486926078796,0.48527052998542786,0.6942023987882623,4.144136688998338,38.26580810546875,35.713356018066406
01535D.png,2.2132,0.5018200874328613,0.6458273892698034,0.8826098641905478,5.098241329193115,43.131675720214844,0.917436592456999,0.5527751701241954,7.105381965637207,3.9407288559391453,10.355999946594238,3.8678767681121826,39.03105545043945,0.5281504392623901,1.8785288333892822,0.6862830519676208,0.04533078894019127,13.436067581176758,0.6395633554723205,0.001724211174294759,0.3975725769996643,0.4601334035396576,0.63671763905533,4.04741939821167,35.88153076171875,35.539634704589844
01539D.png,2.1008,0.5727620124816895,0.6010474174084974,0.8886602985129204,5.476045608520508,44.158172607421875,0.9510706015753869,0.4652092272613404,7.072933197021484,3.7712761816911318,11.270493507385254,3.9088191986083984,42.92298889160156,0.33371710777282715,1.5281894207000732,0.6522661447525024,0.06283653527498245,12.017878532409668,0.5979502496910544,0.0075651591342866375,0.38746634125709534,0.4643080532550812,0.5879504337248934,4.344779175532578,33.98797607421875,39.5583610534668
01543D.png,2.1983,0.6065244674682617,0.6304984370299329,0.8813761297563175,4.721526622772217,56.04924774169922,0.9607470466068649,0.5193115703271618,7.541605472564697,3.865954400726226,13.19281005859375,4.9587082862854,49.69993591308594,0.49062490463256836,0.7560929656028748,0.7763462662696838,0.08108166605234146,10.910773277282715,0.678679196833464,0.018991242939143244,0.44588732719421387,0.4870333671569824,0.7012137083340179,4.342340226843964,37.70477294921875,43.84492492675781
01547D.png,2.1981,0.7142420411109924,0.5698409126329597,0.8815923648259016,5.037896156311035,57.58595275878906,0.9674096633812442,0.48685477400174443,7.478858947753906,3.566290301920999,13.34410572052002,4.984004020690918,45.326107025146484,0.47108352184295654,0.7680453658103943,0.7450108528137207,0.11920835077762604,9.236933708190918,0.6797593378775069,0.01831656157335524,0.4507884383201599,0.4845362603664398,0.6741097826601825,4.35216585773603,38.28094482421875,48.619964599609375
01551D.png,2.2859,0.6838210225105286,0.5616566517025118,0.8840639881698177,4.57571268081665,69.60415649414062,0.973609195571278,0.5542008393075141,7.420380115509033,3.368852780186952,17.214763641357422,6.127771377563477,48.279319763183594,0.5352782011032104,0.40204834938049316,0.8380659222602844,0.11247237026691437,9.489542007446289,0.7433986497415256,0.012682384467945415,0.45283249020576477,0.4865366518497467,0.7375104031025022,4.6800153751718,47.70526123046875,52.75568771362305
01555D.png,2.2043,0.7971896529197693,0.5472148456410447,0.8834362121916985,5.136868953704834,72.51129150390625,0.9477738472923481,0.47186537782666055,7.506404399871826,3.4593035305047994,19.404844284057617,6.566976547241211,52.037349700927734,0.3853423595428467,1.0333473682403564,0.6924132108688354,0.11436020582914352,9.417251586914062,0.7002825453114174,0.015002839081155853,0.42474615573883057,0.48277488350868225,0.6327588253097274,4.03548851362379,28.91326904296875,47.334449768066406
01559D.png,2.2928,0.6259766817092896,0.578447381716799,0.8938952877609035,5.990882396697998,54.92228698730469,0.8934219876155821,0.43835108998834227,7.596184730529785,3.929712209081501,15.201200485229492,4.953726768493652,59.836082458496094,0.29369401931762695,1.5642766952514648,0.6859666109085083,0.08236256241798401,10.842700958251953,0.6475340388228276,0.008858775110714789,0.3453684449195862,0.4267476499080658,0.5465715990946866,3.741248635440982,27.25506591796875,42.99715042114258
01566D.png,2.2155,0.5331894755363464,0.491342727000726,0.8804843217298803,5.867158889770508,71.7623062133789,0.9453506473295157,0.5767099087801945,7.3050856590271,3.2360523118297078,17.47858428955078,6.625894546508789,45.35086441040039,0.5028415322303772,1.6152534484863281,0.6571215987205505,0.0437149703502655,13.593698501586914,0.6618769134025301,0.010123674095615723,0.4120534062385559,0.47139716148376465,0.5935245910185375,3.958807313045454,37.45184326171875,55.89361572265625
01570D.png,2.101,0.5740081071853638,0.5269445546407504,0.8854908206474719,5.611567497253418,70.3945541381836,0.9596715358856974,0.5182027762185506,7.4923095703125,3.4525179930656176,17.758544921875,6.3711090087890625,49.21672439575195,0.5887160897254944,1.3451915979385376,0.669884979724884,0.06507670134305954,11.865744590759277,0.6538246908885422,0.01941671742392257,0.42604655027389526,0.4806091785430908,0.6091322273773084,3.6488164197748403,34.37420654296875,46.91205596923828
01574D.png,2.2812,0.4434749484062195,0.5851466044081212,0.8882914757221755,4.565243721008301,52.323875427246094,0.889854014227946,0.5506249762322897,6.9375834465026855,3.365430805940349,15.407124519348145,4.713017463684082,46.85757064819336,0.3243713974952698,0.18310701847076416,0.6519832015037537,0.03897473216056824,14.092168807983398,0.5890476219499038,0.03700469109413027,0.2682742774486542,0.435777485370636,0.5905672892557678,3.5797254350954906,32.08172607421875,54.57495880126953
01578D.png,2.3073,0.5531544089317322,0.6923106764852045,0.8956667720735688,5.237392902374268,40.427642822265625,0.9284647493981945,0.48612605786316243,6.796257972717285,4.165523822155773,11.282812118530273,3.530575752258301,39.2209358215332,0.27432721853256226,1.7944920063018799,0.6636320948600769,0.061198312789201736,12.13260555267334,0.6612392334591584,0.001856906099679092,0.37916696071624756,0.4578007161617279,0.6087942873881738,4.3592826868838666,35.11151123046875,51.02301788330078
01583D.png,2.2019,0.6053003072738647,0.5685371327538705,0.8811060023039247,5.623228549957275,50.34294509887695,0.9464900573875903,0.4943175070349159,7.487800598144531,3.727063978083848,12.761829376220703,4.467511177062988,50.16627883911133,0.47482484579086304,1.7296732664108276,0.6504256725311279,0.08009179681539536,10.964120864868164,0.6101345401366616,0.008201182388436739,0.46437543630599976,0.48158732056617737,0.6028937236682929,3.455233469521786,34.86346435546875,45.43169021606445
01587D.png,2.2085,0.5672595500946045,0.5703486807610093,0.8816956968612701,5.574117183685303,48.4459228515625,0.9303467857605957,0.48131666658807654,7.328351974487305,3.6794634615546187,12.863208770751953,4.352177619934082,47.15323257446289,0.42687463760375977,1.7316806316375732,0.638065755367279,0.06513723731040955,11.86170768737793,0.6346770499800476,0.005359298184641897,0.3949190676212311,0.46342751383781433,0.5879662432956063,3.474603664436249,29.07244873046875,51.9715576171875
01591D.png,2.1987,0.5555357336997986,0.5173547316435388,0.8792698333122282,5.921567916870117,50.71819305419922,0.9122953345582105,0.5141850747183522,7.23201847076416,3.402544556300537,13.523918151855469,4.581728935241699,44.82608413696289,0.5330528020858765,1.8018581867218018,0.6332401037216187,0.05306301265954971,12.752080917358398,0.6311247167981631,0.002400191555013692,0.37837788462638855,0.45962661504745483,0.5763196469687054,3.6607064704591,28.65301513671875,51.3441047668457
01595D.png,2.2075,0.5235053300857544,0.524745668848324,0.8818505720366645,5.97185754776001,41.41814422607422,0.8199643308596327,0.4634964510412341,7.035825729370117,3.4128720559296415,12.1222562789917,3.7529587745666504,48.46268081665039,0.46520817279815674,1.817103385925293,0.5812882781028748,0.04574165865778923,13.396882057189941,0.5665809886938316,0.003506018640064664,0.2723492383956909,0.43317511677742004,0.5190304960974506,3.786908533801434,30.17645263671875,41.69524383544922
01599D.png,2.2834,0.7021855115890503,0.4691715289504414,0.8826883971270892,5.779843807220459,41.13926696777344,0.8986466841643104,0.44409610950064693,6.550013065338135,2.892417537941295,13.242576599121094,3.658073902130127,58.14002990722656,0.4245619773864746,1.3364009857177734,0.5732625126838684,0.045319411903619766,13.43715763092041,0.5410484375193464,0.02191080892438274,0.25085318088531494,0.4270816743373871,0.4893806941871087,4.381873415504446,32.84344482421875,45.286346435546875
01603D.png,2.1488,0.5698356032371521,0.5987698117321586,0.881286806864044,5.566599369049072,45.925514221191406,0.9197671630521962,0.4796711014493131,7.2547287940979,3.8385231690200996,12.575955390930176,3.998711109161377,54.337974548339844,0.4790148437023163,0.6656755208969116,0.7005701661109924,0.06077522784471512,12.162734031677246,0.5809904804252985,0.028006523733427213,0.3616592288017273,0.46632274985313416,0.5745485086841973,4.816595354784317,39.29315185546875,45.64916229248047
