image_name,time_s,CE,NMI,QNCIE,TE,EI,Qy,Qcb,EN,MI,SF,AG,SD,CC,SCD,VIF,MSE,PSNR,Qabf,Nabf,SSIM,MS_SSIM,VIFF,NIQE,BRISQUE,MUSIQ
00004N.png,2.5535,0.515287458896637,0.4617985562145347,0.8743608033124903,4.395269393920898,26.3435115814209,0.6348960928221136,0.3886506882000364,6.588827133178711,2.536227423625304,7.800678730010986,2.196786403656006,33.94943618774414,0.6517379283905029,1.0907576084136963,0.8054183721542358,0.05262049287557602,12.788450241088867,0.41590897490849416,0.05396884146752305,0.2845304012298584,0.43677157163619995,0.5347057892340359,6.413282250147733,50.70916748046875,30.281522750854492
00008N.png,1.7042,0.6136133074760437,0.5089596628224109,0.8815094075542314,4.724565029144287,30.96978187561035,0.720053564308994,0.4195837818661417,6.781867027282715,2.9281626177021405,9.402233123779297,2.6275715827941895,44.958675384521484,0.6730798482894897,1.277345061302185,0.8001181483268738,0.05285761505365372,12.768924713134766,0.449703147461538,0.046409192737451185,0.31960421800613403,0.4743487536907196,0.5478560928959073,6.410362768900565,49.15106201171875,29.89059066772461
00012N.png,1.6918,0.5976478457450867,0.3940730897470093,0.8776860672718304,4.801294803619385,28.89162826538086,0.7251981575246734,0.4427155518438193,6.39163875579834,2.2054232626527206,7.926774501800537,2.421611785888672,39.32563400268555,0.5917149782180786,1.2031700611114502,0.8108609318733215,0.04551190510392189,13.418749809265137,0.452579788501346,0.045940360744797196,0.3176601231098175,0.44947385787963867,0.5571361527605039,6.8364180134883314,55.35858154296875,38.1436653137207
00016N.png,1.6877,0.6007600426673889,0.346289068484805,0.8714288400426551,4.8560991287231445,38.33922576904297,0.7053346966552309,0.46558193943182824,6.372893333435059,1.9442439990205465,10.082525253295898,3.2771623134613037,41.100425720214844,0.5662617683410645,1.0020906925201416,0.7694242000579834,0.04752298444509506,13.230962753295898,0.46250707183001794,0.06189098200117761,0.31767183542251587,0.45545250177383423,0.524545780763566,6.0491242445809785,52.59393310546875,29.42872428894043
00020N.png,1.6644,0.3775746822357178,0.348240665942721,0.880139467306977,3.7507739067077637,20.28519058227539,0.3781018541436387,0.34544263048565477,5.452094078063965,1.6024114981671556,6.630436897277832,1.6576364040374756,20.037370681762695,0.6935645341873169,1.2413299083709717,0.9491643905639648,0.05608982592821121,12.511159896850586,0.3858329181109172,0.04378777112110598,0.17615383863449097,0.46820950508117676,0.5323974851043618,6.1882837677576505,50.51727294921875,28.88442611694336
00024N.png,1.6969,0.4312346577644348,0.3601282154462453,0.8691785882812352,4.316445827484131,28.61478614807129,0.5486553442317024,0.4210748052013663,6.04917049407959,1.866480768404827,8.385126113891602,2.4049763679504395,28.84716796875,0.6580137014389038,1.348120927810669,0.9216173887252808,0.050294697284698486,12.984779357910156,0.44470311821993985,0.057505572676079364,0.24909506738185883,0.46921831369400024,0.5795116004793641,6.450339686551685,51.34881591796875,28.38176727294922
00028N.png,1.7001,0.46106162667274475,0.44994420835821025,0.872078914790865,4.033390522003174,25.20664405822754,0.5639016079864644,0.34558992452826887,6.1053009033203125,2.2809298569329552,8.135100364685059,2.1039083003997803,29.139955520629883,0.6520328521728516,1.4596821069717407,0.9927147030830383,0.048671409487724304,13.127260208129883,0.4503489919235401,0.04869905329332638,0.24728909134864807,0.46452194452285767,0.5998160791716771,6.320268413680431,45.31072998046875,26.32022476196289
00032N.png,1.7226,0.5004932880401611,0.3030252385064403,0.875222169827714,4.381235599517822,29.926010131835938,0.49860060590225946,0.343554353190578,5.909148216247559,1.559127712351021,9.348255157470703,2.541555881500244,35.15770721435547,0.6519275307655334,1.4396014213562012,0.9176138043403625,0.053914591670036316,12.682937622070312,0.47351769099658747,0.04264715916928341,0.22350963950157166,0.4618127644062042,0.5546592016500365,6.219516650341103,49.26483154296875,22.368301391601562
00036N.png,1.7029,0.41807106137275696,0.32381731740367,0.8705445890142218,3.820298671722412,26.00217628479004,0.38880865124614794,0.3454463330152593,5.421072959899902,1.4962627399560784,8.4359712600708,2.187809705734253,29.5751895904541,0.6902018785476685,1.4003543853759766,0.8926490545272827,0.05793413147330284,12.370655059814453,0.44645023849960674,0.043837449383818575,0.17877468466758728,0.45061349868774414,0.5273169682587708,5.97869362386592,47.02947998046875,23.81427574157715
00040N.png,1.7182,0.34213751554489136,0.3252058936849183,0.8714699409689965,3.910346031188965,21.109365463256836,0.403231330518659,0.4065328667990307,5.518026828765869,1.533085722195679,6.584410667419434,1.7403748035430908,24.324474334716797,0.6804440021514893,1.3399174213409424,0.9540972709655762,0.0559132918715477,12.524850845336914,0.42658865144305935,0.04536403025853273,0.18608446419239044,0.4563433527946472,0.5555350699536594,6.328624815614502,48.25457763671875,19.35376739501953
00047N.png,1.731,0.5549773573875427,0.34151211976703366,0.8726165940361039,4.9221625328063965,30.763086318969727,0.6968815803704735,0.4400067495739353,6.095987319946289,1.881420944753053,9.537250518798828,2.597768783569336,34.39533615112305,0.5962728261947632,1.4947305917739868,0.7827610373497009,0.042816825211048126,13.683855056762695,0.46974099517917367,0.03272658256042369,0.3045998513698578,0.46483534574508667,0.5213526058433526,6.221069537719342,49.63201904296875,32.035213470458984
00051N.png,1.7548,0.6395812630653381,0.3204377208541967,0.871673616716343,5.2215046882629395,36.32188415527344,0.7202854991606593,0.43101410577456517,6.102567672729492,1.8143349831296778,10.99492073059082,3.087975025177002,38.046573638916016,0.6211726665496826,1.5804542303085327,0.7615189552307129,0.04297066479921341,13.668279647827148,0.4573933670891746,0.04321568069454424,0.31370019912719727,0.47818490862846375,0.45562611669081093,5.292446873263211,46.71844482421875,39.05864715576172
00055D.png,1.738,1.289486289024353,0.41747982760235214,0.8776955386769819,5.766799449920654,82.97168731689453,0.9259547694446122,0.46509890553946653,6.7066240310668945,2.603707950868424,24.463550567626953,7.431126594543457,69.022705078125,0.5837676525115967,1.3405754566192627,0.6056135892868042,0.0690118744969368,11.610761642456055,0.6022077207982964,0.03772878686747197,0.3993619978427887,0.45519059896469116,0.5053712478606586,4.005083558844428,36.91131591796875,42.44540023803711
00081D.png,1.7106,1.090799331665039,0.42401660395276525,0.8766544399307358,5.653932094573975,68.63007354736328,0.9046703996596717,0.3984444514567855,7.314455032348633,2.749412450795738,19.383079528808594,5.971381664276123,68.86978912353516,0.5301597714424133,1.1733072996139526,0.68962562084198,0.08923475444316864,10.494659423828125,0.5956236598758141,0.04124371887680432,0.38384032249450684,0.45051881670951843,0.546353349324859,4.8571634992853285,47.65399169921875,33.74592590332031
00085D.png,1.7038,0.7060408592224121,0.4346738900064158,0.8786973978880566,5.218037128448486,65.79727935791016,0.8765681125644146,0.42153306899004267,7.370169639587402,2.735889179227927,15.959012031555176,5.736582279205322,53.223663330078125,0.6205956935882568,0.695326566696167,0.7527385354042053,0.06174812465906143,12.093762397766113,0.586302344492222,0.053116634467561714,0.4098447561264038,0.505874514579773,0.5905861167305656,5.585708278037932,46.02557373046875,37.30692672729492
00091D.png,1.7265,0.979895830154419,0.587067353214725,0.876505107866878,5.035231113433838,50.981536865234375,0.8881171834715105,0.3911582344960226,6.990916728973389,3.5300884766962124,14.660052299499512,4.423471450805664,64.65696716308594,0.4278011620044708,1.0235755443572998,0.7269266247749329,0.08330735564231873,10.793167114257812,0.5871545308549413,0.04771362487228556,0.3697057366371155,0.44123488664627075,0.590869375977666,4.702028999307219,45.71307373046875,35.48680877685547
00095D.png,1.7281,1.0670799016952515,0.3942244578026473,0.8765856975567823,6.2082953453063965,81.57671356201172,0.8062600467195524,0.3503451387735675,7.065521240234375,2.6164379274211544,20.939678192138672,7.2427239418029785,72.6209487915039,0.4279075860977173,1.1101940870285034,0.6244973540306091,0.09209274500608444,10.357747077941895,0.6032813374627688,0.040193654574747884,0.344906747341156,0.46919718384742737,0.5036058836058678,4.576109770437392,47.82000732421875,38.83433532714844
00099D.png,1.722,0.9495481848716736,0.2972855346098375,0.8713374721646702,6.818602561950684,127.48429870605469,0.8077457337149622,0.41732634644396044,7.121199131011963,2.0720553636155117,30.34568977355957,11.554974555969238,62.29762268066406,0.5638301968574524,1.1994667053222656,0.5536367297172546,0.058089982718229294,12.358987808227539,0.6021804378828146,0.05001539197633868,0.3909648060798645,0.5284770727157593,0.4501886197611264,4.1138874507153735,36.88250732421875,49.32099151611328
00103D.png,1.7017,1.278246521949768,0.36869316356859944,0.8728227792145324,6.97954797744751,86.86983489990234,0.8505902478787278,0.4166465642494169,6.949036121368408,2.5676927157873255,22.214197158813477,7.7285614013671875,66.2258071899414,0.506043553352356,1.122438669204712,0.5884288549423218,0.06007577106356621,12.213006019592285,0.5540279477945627,0.06068512843767218,0.3641611337661743,0.4999069571495056,0.4522866907655175,4.482111142238105,44.37518310546875,42.38816833496094
00107D.png,1.7192,0.867009699344635,0.32916959852400496,0.8698642996951167,6.019803047180176,67.8099365234375,0.8999605851611587,0.49753397709257907,7.08667516708374,2.1571322389240706,18.69740867614746,5.977619171142578,52.136680603027344,0.5475696921348572,1.1609690189361572,0.6502834558486938,0.04261069372296333,13.704813957214355,0.5289022146778839,0.06517147598755085,0.4337046146392822,0.5204050540924072,0.4637570618568648,4.453890672757341,40.80340576171875,43.04252624511719
00111D.png,1.7557,1.1881334781646729,0.4095459288097027,0.8961643867748255,7.321882724761963,65.03787231445312,0.8490581183620448,0.3965278353011161,6.310163497924805,2.791481021974265,20.12529182434082,5.781264781951904,75.66615295410156,0.784149169921875,1.4854222536087036,0.5716060400009155,0.03832585737109184,14.165081977844238,0.504651708021827,0.0487500305528692,0.39602941274642944,0.5583221912384033,0.3789187043551349,4.86091249903161,43.91717529296875,41.31381607055664
00115D.png,1.7327,1.1378709077835083,0.4116102532132763,0.8728116757729929,6.35615348815918,60.81846618652344,0.9105892753795068,0.4688999560434071,6.773334503173828,2.7021223447756473,17.96286392211914,5.322645664215088,61.1151123046875,0.5345481038093567,1.381807565689087,0.6607344150543213,0.04950010031461716,13.053940773010254,0.512037218850171,0.05653496547188227,0.4171980917453766,0.5173159837722778,0.4482741556314715,5.00731180499332,48.13787841796875,43.36869812011719
00119D.png,1.7126,0.9494285583496094,0.4024027974833483,0.8739044459581728,6.133383274078369,52.36829376220703,0.866824180369239,0.5242778769642974,6.608574867248535,2.5637062277794502,15.735308647155762,4.479580879211426,54.085323333740234,0.5584372282028198,1.3963325023651123,0.7163820266723633,0.04222952574491501,13.7438383102417,0.5272851445667759,0.054692987280297346,0.4180314540863037,0.5423793792724609,0.45719896571979024,4.881745860524775,48.29901123046875,35.89863967895508
00123D.png,1.7058,0.8555523753166199,0.43943497044774205,0.8802580960279441,5.801732540130615,77.74737548828125,0.8742917378416822,0.4641487018726909,7.134592533111572,2.8423438120651507,20.910785675048828,6.822198867797852,72.27686309814453,0.6031506061553955,0.798209011554718,0.6673228740692139,0.07807718217372894,11.074758529663086,0.551470587647147,0.049307377994574936,0.3989412188529968,0.4912104606628418,0.5199774283508077,4.248918391359174,39.88885498046875,46.838138580322266
00127D.png,1.7238,0.6613049507141113,0.5239778144555525,0.8802437056321909,4.9905171394348145,54.12063980102539,0.8940621098458038,0.4824138451450834,7.010744094848633,3.1442054550448706,15.794414520263672,4.635380744934082,47.367759704589844,0.33042627573013306,0.6482354402542114,0.7412261962890625,0.06794827431440353,11.678215026855469,0.5672956021314254,0.0497429109400823,0.41255760192871094,0.4644944667816162,0.5966248005108084,4.7261625062474435,42.61297607421875,38.7128791809082
00131D.png,1.76,0.7292230129241943,0.44616869375589036,0.8675338343787604,5.652338027954102,60.44989013671875,0.8993674344185997,0.4709008895105329,7.152984142303467,2.856673760653411,17.397663116455078,5.208309650421143,50.61545181274414,0.5218537449836731,1.151282787322998,0.7010042071342468,0.06291124224662781,12.012718200683594,0.5442188441579924,0.0477546639817684,0.41330888867378235,0.4723190367221832,0.5202583704353921,4.491773194790381,42.80975341796875,38.942935943603516
00135D.png,1.7053,0.8882830739021301,0.4800823172892887,0.8858744520279445,5.201052665710449,49.146392822265625,0.934860946876388,0.4092379899836462,6.774801254272461,2.87470537926807,13.87093734741211,4.270686149597168,59.257694244384766,0.3807782530784607,0.7503712177276611,0.758305549621582,0.07325556874275208,11.351593971252441,0.5305802012467388,0.060178705161034705,0.43094009160995483,0.4849437177181244,0.568584943546535,4.834113638087859,41.55780029296875,39.36353302001953
00139D.png,1.7167,0.7870457768440247,0.4358403316297141,0.8767649458030244,5.620115756988525,69.82432556152344,0.8852589923297349,0.3823583307972592,7.225539684295654,2.7993340942336236,18.731687545776367,6.08169412612915,59.452552795410156,0.44736701250076294,0.7561373114585876,0.6728987097740173,0.06927783787250519,11.594056129455566,0.5806326188129435,0.05044992845115658,0.3878697454929352,0.444147527217865,0.5588232917648951,4.4765163256049805,42.72528076171875,39.309207916259766
00143D.png,1.7414,0.7410682439804077,0.34901574114898837,0.8736673178390877,5.922746181488037,73.90995025634766,0.8833422858489943,0.39618816282938357,7.267275810241699,2.30176825647637,19.257728576660156,6.4359517097473145,49.568363189697266,0.41088202595710754,1.3959630727767944,0.6888529062271118,0.06488867849111557,11.878311157226562,0.5876425397833721,0.05190888898909223,0.39628031849861145,0.4257308542728424,0.5435050447945676,4.617057134182254,43.70916748046875,53.949668884277344
00147D.png,1.7023,0.6556611657142639,0.45973728312564094,0.875991187794943,4.89579439163208,62.3709602355957,0.872527575170628,0.49208317038077737,7.1776838302612305,2.775321156880448,16.813840866088867,5.4616498947143555,48.198707580566406,0.4022226333618164,0.7101689577102661,0.7283559441566467,0.06823201477527618,11.660118103027344,0.5585920834416088,0.0626295238575862,0.4055309593677521,0.43842992186546326,0.6020193217884132,5.03717356272495,43.84539794921875,46.97856140136719
00151D.png,1.7192,0.7019705176353455,0.4614189794076003,0.8812446398098933,4.854274272918701,66.03717803955078,0.9196422749703285,0.45012264968250676,7.418885231018066,2.831541848090078,16.355815887451172,5.794386386871338,59.080421447753906,0.39233464002609253,0.468330442905426,0.76762455701828,0.07759074866771698,11.101900100708008,0.5936876694710923,0.05964271325263043,0.43303775787353516,0.4515378475189209,0.653231420597434,4.953837419547143,42.79412841796875,44.20624542236328
00158D.png,1.7276,0.7479941844940186,0.436210415466341,0.8776718308792807,5.0565056800842285,49.794517517089844,0.917267945285095,0.4365453799896588,7.460198879241943,2.729965322024178,12.834633827209473,4.238799095153809,57.83439254760742,0.4180193841457367,0.44460684061050415,0.792824923992157,0.07010553777217865,11.542476654052734,0.5388036804249287,0.0677965814037509,0.4124370813369751,0.4542659521102905,0.6571566374528047,5.768609921668431,56.44354248046875,36.41051483154297
00162D.png,1.7396,1.059083104133606,0.4458488805662621,0.8792218520214259,5.1807966232299805,67.85954284667969,0.8375169404555471,0.38769557473432326,7.138636589050293,2.746309657496395,16.46739387512207,6.0556745529174805,61.890865325927734,0.6224456429481506,1.1736464500427246,0.7232612371444702,0.07629435509443283,11.17507553100586,0.6548499019196004,0.025228386079663396,0.3526657223701477,0.45643526315689087,0.5866703049454892,4.969564630747447,45.20428466796875,37.711151123046875
00169D.png,1.7298,0.8705249428749084,0.3801475266849615,0.8828047230129938,5.904325008392334,49.11018753051758,0.9210838887823813,0.5042480352232894,7.02946662902832,2.458380207253798,13.125149726867676,4.248292922973633,54.32927703857422,0.6790399551391602,1.3518052101135254,0.7405102849006653,0.038426969200372696,14.15363883972168,0.533636452058637,0.05411092461436549,0.40937936305999756,0.49034008383750916,0.5563788015108697,5.0089513586368115,40.76531982421875,41.449337005615234
00174D.png,1.705,0.8105083703994751,0.36392378154453836,0.8775455682218096,5.793149471282959,52.772682189941406,0.9218912946680644,0.49482156718559567,7.1428914070129395,2.3538720138512694,14.187190055847168,4.58078145980835,50.36632537841797,0.6323062181472778,1.2621362209320068,0.7513454556465149,0.03895561397075653,14.094300270080566,0.5750545393903124,0.04853759234287936,0.41642752289772034,0.4772132635116577,0.5840815251093564,5.034938131161031,40.94500732421875,39.87291717529297
00178D.png,1.749,0.8200278878211975,0.40501448859377603,0.8847792239385577,5.868813514709473,55.11192321777344,0.9235246856585404,0.5163265603883327,7.139918804168701,2.634368716451913,16.16472625732422,4.795485019683838,52.663211822509766,0.6699303984642029,1.2023576498031616,0.7238725423812866,0.03875624015927315,14.116583824157715,0.5602690183915349,0.04898166048427558,0.4226345121860504,0.48832327127456665,0.5599300216872197,4.746229220384918,37.13690185546875,42.037479400634766
00182D.png,1.7828,0.8719311952590942,0.45099478019830563,0.8848984722391032,5.8889851570129395,58.23879623413086,0.9084334083839776,0.44448349780765684,7.253296852111816,2.9635574767626878,17.6043758392334,5.07700777053833,57.23782730102539,0.6577328443527222,1.14350163936615,0.7226243019104004,0.045278485864400864,13.441081047058105,0.5990970156462712,0.0416720697552279,0.4061390459537506,0.4843580722808838,0.5766405161301944,5.202505363360477,37.42498779296875,40.78414535522461
00186D.png,1.7623,0.9594254493713379,0.3724078087765737,0.8727930965608766,6.273797035217285,65.01689910888672,0.8373814870839206,0.3982535646747298,7.286434650421143,2.5249737841585507,18.15814781188965,5.70836067199707,59.70942306518555,0.5363190174102783,1.1688941717147827,0.6905942559242249,0.05714476853609085,12.43023681640625,0.5978242304229773,0.0414862213961854,0.3614363670349121,0.4162788391113281,0.5148280410273225,4.587062025890376,39.28973388671875,53.712921142578125
00191D.png,1.7484,0.9254587292671204,0.3532020328276079,0.8763921621159954,6.481873035430908,67.83890533447266,0.8712033976696819,0.44016364065437946,7.235104560852051,2.4224377566124797,18.113815307617188,5.9267659187316895,59.27851867675781,0.637607216835022,1.3653749227523804,0.6765592694282532,0.0436619408428669,13.598970413208008,0.5772752915039359,0.05030018290891796,0.396253764629364,0.4928629398345947,0.5130067629169425,5.463325362512299,44.35955810546875,38.20204544067383
00196D.png,1.7361,0.7374355792999268,0.3242852253573974,0.8707614390854347,6.481917381286621,66.41907501220703,0.8807765858991813,0.5103341160496033,7.369219779968262,2.245864736263959,17.16875457763672,5.845422744750977,49.2166748046875,0.5159407258033752,1.377683162689209,0.6205853819847107,0.02959344908595085,15.288043975830078,0.5035993077521168,0.07012250907041498,0.42357009649276733,0.48702600598335266,0.4265296175350966,4.403079353939243,38.80975341796875,41.5338249206543
00200D.png,1.715,0.7210955023765564,0.4302564870976962,0.8702268790329217,5.192514419555664,30.5467586517334,0.6765823764925218,0.4117204663390714,6.590702056884766,2.5349091289556434,9.25939655303955,2.5174996852874756,37.99589538574219,0.5845583081245422,1.5696604251861572,0.7742618322372437,0.056253425776958466,12.49851131439209,0.4144265478907274,0.041784839629508456,0.30578869581222534,0.4855838119983673,0.4264879369944505,5.161685669894694,40.39276123046875,35.479095458984375
00204D.png,1.7183,0.7711343765258789,0.46020093423378666,0.863736034079884,5.162321090698242,41.97282791137695,0.7788757316520831,0.49561154847624744,7.1273722648620605,2.827871231207375,11.70099925994873,3.5518717765808105,43.041866302490234,0.504939079284668,1.1523544788360596,0.7562973499298096,0.07388533651828766,11.314416885375977,0.49307295626456304,0.04630307340792964,0.3548368811607361,0.47081881761550903,0.5425063866061073,4.890358507999982,42.23553466796875,41.47554016113281
00209D.png,1.748,0.7971271276473999,0.44210654248934433,0.8643181738536643,5.415346622467041,46.23915100097656,0.8062960525338425,0.5092434083890363,7.263798236846924,2.802773490734358,12.465424537658691,3.922405242919922,45.25883483886719,0.5366470217704773,1.2070773839950562,0.7363290786743164,0.07554828375577927,11.217755317687988,0.500491349094763,0.04288403018884546,0.3693428635597229,0.47173863649368286,0.5255176124838423,5.2767978203212,42.00897216796875,35.446693420410156
00213D.png,1.718,0.6447732448577881,0.4463150152317264,0.8653352724265105,4.807374000549316,42.71579360961914,0.7567680114557266,0.5425329971451773,7.184802055358887,2.676150461583669,11.326749801635742,3.6124374866485596,40.682411193847656,0.4890211820602417,0.7663191556930542,0.7760081887245178,0.07732593268156052,11.116748809814453,0.49851470077787063,0.046926167925959,0.3537214398384094,0.4523700773715973,0.5734040869592704,5.109280078085412,41.57293701171875,43.04132843017578
00218D.png,1.7896,0.7168945670127869,0.4469173764985417,0.8624289339727766,4.943373680114746,43.32046890258789,0.7845453371925182,0.5124165970091525,7.2249674797058105,2.719128001401552,10.812859535217285,3.6656367778778076,41.3204460144043,0.5246897339820862,1.035010814666748,0.7645261287689209,0.07968470454216003,10.986250877380371,0.5020307042283809,0.051700644227150955,0.36839500069618225,0.4736688733100891,0.562657793438739,5.418044767513188,42.48260498046875,42.55451583862305
00225D.png,1.7877,0.6961983442306519,0.43186767168933693,0.867838380292827,5.015422821044922,49.39196014404297,0.8240424966963595,0.5322305016538353,7.167442321777344,2.630699449765215,12.068845748901367,4.22965669631958,40.22087478637695,0.4790942966938019,0.73905348777771,0.7526845335960388,0.07675500214099884,11.148933410644531,0.5064346452856658,0.0584122630401178,0.398123562335968,0.46732664108276367,0.56249711181045,5.075864103929037,41.78192138671875,42.461910247802734
00229D.png,1.7656,0.6412907838821411,0.4568315670963387,0.8724668507112284,4.737583637237549,40.868431091308594,0.8234042531426652,0.5362783266372064,7.084186553955078,2.7002855833533665,9.936958312988281,3.446363925933838,39.62919998168945,0.40785130858421326,0.562563419342041,0.8307543396949768,0.07070142775774002,11.505719184875488,0.4937734006937902,0.06750890215140812,0.39545729756355286,0.4265974760055542,0.6094476175874269,5.958863027141549,41.91131591796875,37.181087493896484
00233D.png,1.735,0.6720105409622192,0.40293735725709184,0.8690418206689117,5.132129669189453,49.84763717651367,0.8463252481024355,0.5288326813840086,7.106848239898682,2.4657770358933426,12.318829536437988,4.2732977867126465,42.51543045043945,0.5182827115058899,0.7757350206375122,0.7605901956558228,0.06430834531784058,11.917325973510742,0.5022704922995088,0.06976094242885184,0.4084677994251251,0.49175283312797546,0.5346983056815876,5.805376551336807,39.57440185546875,33.89813232421875
00237D.png,1.7414,0.8929622769355774,0.44759306667563153,0.8700525165286896,5.382048606872559,69.64045715332031,0.8806589372653746,0.4416978373638523,7.278585910797119,2.8334130515083746,18.518661499023438,6.093924522399902,59.26351547241211,0.504695475101471,1.0386120080947876,0.7252230048179626,0.06264219433069229,12.031331062316895,0.6110557415087311,0.042970083723102154,0.40339693427085876,0.4805731177330017,0.5801134501479872,4.919583048373691,44.36346435546875,33.94368362426758
00241D.png,1.7166,0.814368486404419,0.3364382032686544,0.865049213535636,5.068244457244873,80.75945281982422,0.8274595972757692,0.42991973105213555,7.31937313079834,2.083839137849246,18.921361923217773,7.1734619140625,52.14466857910156,0.48030444979667664,0.9339461326599121,0.6743425130844116,0.05252094566822052,12.796674728393555,0.629322617555645,0.03930525967029135,0.39318928122520447,0.46457332372665405,0.5782736819148199,4.704081511841553,37.28631591796875,39.36145782470703
00245D.png,1.7256,0.8328874111175537,0.43109860976967324,0.8677457047975388,5.139688014984131,80.54090881347656,0.8464640821817365,0.4177926451350673,7.3150224685668945,2.684610857630764,21.38970375061035,7.191061496734619,56.44364929199219,0.42799586057662964,0.9462902545928955,0.6719303131103516,0.05679409205913544,12.456969261169434,0.6431906101590986,0.0289568482481102,0.3951314091682434,0.4702345132827759,0.5637706436278347,4.424984895101072,37.02655029296875,40.9019889831543
00258D.png,1.7456,1.0720115900039673,0.46667391830534233,0.8823987846387683,6.007607936859131,63.93583297729492,0.8447019132257343,0.39445669857478877,7.044371604919434,3.0455162718260365,17.05278968811035,5.6316142082214355,73.38470458984375,0.607467770576477,0.8170099854469299,0.67048579454422,0.06844334304332733,11.646688461303711,0.6028007935131788,0.03463818427545922,0.3624078631401062,0.4373551309108734,0.552309839282678,4.330731063333667,38.16082763671875,35.78357696533203
00262D.png,1.7167,0.9933179020881653,0.4740025759420212,0.8800566999940054,5.676504135131836,64.6229476928711,0.8718806195397475,0.40759391734152334,7.175963878631592,3.046058969059752,17.570405960083008,5.71447229385376,75.0268325805664,0.5355203747749329,0.6984744071960449,0.6669055223464966,0.07243555784225464,11.400481224060059,0.6088370870265699,0.03527213518125679,0.38757339119911194,0.4544224143028259,0.5510994953147768,4.2657550236653226,35.99578857421875,40.96600341796875
00266D.png,1.7122,0.6350148916244507,0.4565277301460299,0.8816824911125326,5.056062698364258,54.96746826171875,0.9272618889507469,0.5322026757559045,7.172581195831299,2.791364729592928,15.063135147094727,4.782037734985352,50.40361022949219,0.4229680895805359,0.6653075218200684,0.7819424867630005,0.04869223013520241,13.125404357910156,0.5519604129468919,0.07864857884486787,0.42181870341300964,0.4569894075393677,0.616283696628596,4.838896051971042,29.39422607421875,38.04972457885742
00270D.png,1.7346,0.7690357565879822,0.454951527331768,0.8793867154567772,5.402221202850342,69.88036346435547,0.8713670385197649,0.40204868357330736,7.389626502990723,2.9098422945648483,19.256488800048828,6.171794414520264,59.721309661865234,0.461920827627182,1.0886117219924927,0.7202197909355164,0.06342870742082596,11.977142333984375,0.6057781029410559,0.0574798243154435,0.38844960927963257,0.43843531608581543,0.6001053490396527,4.537672685305867,40.60662841796875,42.88521194458008
00275D.png,1.7286,0.9684991836547852,0.4224011242328521,0.8819539869093285,5.753257751464844,69.3011474609375,0.8314303522643407,0.3924518540334274,7.128851890563965,2.7207155292709455,18.042049407958984,6.137622356414795,59.388362884521484,0.6268500685691833,0.9428702592849731,0.6632119417190552,0.05812067538499832,12.356693267822266,0.5825238448494853,0.04373886732031602,0.37555909156799316,0.4616026282310486,0.5341505907364892,4.485900974523302,41.64031982421875,45.01433563232422
00279D.png,1.7196,1.1690291166305542,0.4762067515561702,0.8770641295785573,5.816434860229492,60.55537796020508,0.917204168067979,0.4300715959109662,7.034119129180908,3.0597677109976438,16.83746910095215,5.312302589416504,60.9085807800293,0.48585134744644165,1.1522188186645508,0.6844444274902344,0.057230524718761444,12.423723220825195,0.5940462797359086,0.047680557045312905,0.37603870034217834,0.44292882084846497,0.5676539461779724,4.338854281612569,45.76727294921875,44.5011100769043
00283D.png,1.7295,1.187106966972351,0.46744267857240335,0.8764910501370803,5.763301849365234,64.28234100341797,0.9192080479082442,0.4480342972954071,7.024808406829834,2.988861422149652,17.800617218017578,5.65625,63.30455017089844,0.5148624181747437,1.1834529638290405,0.6864784955978394,0.06024877727031708,12.200517654418945,0.5845981900514452,0.05048897632519777,0.3772033452987671,0.4599768817424774,0.5525910168588305,4.645446786943438,47.52459716796875,38.35784912109375
00287D.png,1.7461,1.1020054817199707,0.43679723401800447,0.8735189521722326,5.882415771484375,67.7892074584961,0.921226017826622,0.46148539410291073,7.015535354614258,2.816901530516219,19.174131393432617,5.958930969238281,60.042816162109375,0.5590430498123169,1.2853366136550903,0.6535848379135132,0.05312356352806091,12.747127532958984,0.5701821385344542,0.05829580792582799,0.3859526813030243,0.4780149459838867,0.510826925801454,4.70677419402973,45.07879638671875,43.914825439453125
00291D.png,1.7101,1.1003403663635254,0.45207302016847584,0.8725340828014145,5.701249599456787,54.9598503112793,0.9200099700852734,0.4976442160018716,7.013205528259277,2.873938276514897,15.309882164001465,4.761385917663574,56.0984992980957,0.5085065364837646,1.4108409881591797,0.6922852396965027,0.059781283140182495,12.234349250793457,0.5543636511146163,0.05103168238172166,0.37994715571403503,0.446117103099823,0.5340669449852127,4.715876935078725,46.61981201171875,40.04220199584961
00298D.png,1.7142,1.0909708738327026,0.4731521833219863,0.8754973666212603,5.90841007232666,54.8631591796875,0.9297061829839512,0.4796957011960215,6.908690452575684,3.0322270973267216,16.0700740814209,4.7628045082092285,60.77185821533203,0.500921905040741,1.3798857927322388,0.7039340734481812,0.054141566157341,12.664691925048828,0.5664744670114632,0.047673928555762794,0.38696014881134033,0.4583885669708252,0.5474367402120502,4.797694365020928,47.16229248046875,39.47697448730469
00303D.png,1.7293,0.8610207438468933,0.4170147016631388,0.8715994818309167,5.859234809875488,54.53426742553711,0.9131131567421312,0.45451757378393354,7.098127365112305,2.7017119384691277,15.338672637939453,4.7109880447387695,54.562232971191406,0.5280001163482666,1.4067461490631104,0.7270864248275757,0.04614906385540962,13.35837173461914,0.5712851186257231,0.0427345497669871,0.4044129550457001,0.46025097370147705,0.5298940847200572,5.619537871326769,49.66961669921875,41.91697692871094
00307D.png,1.7439,1.1097174882888794,0.4128570666250118,0.8758854255744449,6.402552604675293,63.50349044799805,0.8877763169246423,0.4227276086725513,7.322222709655762,2.833191687388716,17.675376892089844,5.513068199157715,62.12126159667969,0.4597790837287903,1.5757945775985718,0.7195487022399902,0.06798549741506577,11.675838470458984,0.6174994049671256,0.039017826191470525,0.35588040947914124,0.43911686539649963,0.529197994656178,5.131825231175001,40.88739013671875,52.81544494628906
00311D.png,1.7075,1.021026849746704,0.44729430335368386,0.8767720438084922,5.695851802825928,59.19550323486328,0.8749462839649611,0.4049484804079797,7.119609832763672,2.86614846329733,16.24457359313965,5.162152290344238,57.6512451171875,0.47770455479621887,1.106514811515808,0.7087950110435486,0.0564093142747879,12.486492156982422,0.5987763684591451,0.04309819904457716,0.3691333532333374,0.43769940733909607,0.5653789662071237,5.092898390846393,46.79852294921875,47.39958953857422
00315D.png,1.709,1.0123025178909302,0.42906481202803665,0.8765213884835151,5.8469014167785645,59.35627746582031,0.8887700928691393,0.40971028945047966,7.171778202056885,2.7929352724298493,16.178720474243164,5.201606750488281,58.46601486206055,0.49805906414985657,1.178480863571167,0.6756835579872131,0.05188947543501854,12.849207878112793,0.5771338944516848,0.051106563950428216,0.369795024394989,0.4534432590007782,0.53522365047644,4.918494836746969,45.66717529296875,42.06003189086914
00319D.png,1.7465,1.0009920597076416,0.41233364690052327,0.8755381491160739,6.132661819458008,52.10713195800781,0.914898929612495,0.43697055988641326,6.893258094787598,2.6855189048368047,14.883068084716797,4.520707130432129,55.017539978027344,0.5027015805244446,1.42030930519104,0.6808249950408936,0.045745059847831726,13.39655876159668,0.5540403240677909,0.05575627750254003,0.3823804259300232,0.46242645382881165,0.5016430028003188,5.454823703397124,44.36053466796875,43.842655181884766
00323D.png,1.7273,0.9049561619758606,0.42812065939479726,0.8776421838651788,5.632668972015381,53.87220764160156,0.8886564645100818,0.4070913213019076,6.976752758026123,2.6991835922734495,15.33259105682373,4.702125072479248,55.2652702331543,0.532595694065094,1.1325124502182007,0.7186338901519775,0.04563099890947342,13.407401084899902,0.565117722640624,0.05323768979753021,0.38567039370536804,0.48311847448349,0.5506152104276482,5.355874030494991,44.98504638671875,42.478126525878906
00327D.png,1.7329,1.0056437253952026,0.4360949951471195,0.8805909862377019,5.688458442687988,60.506900787353516,0.8153221857177269,0.37646131489699564,6.940863132476807,2.753798755309324,16.8388614654541,5.315362930297852,59.99289321899414,0.6141766905784607,1.0222700834274292,0.6612446308135986,0.052540022879838943,12.795097351074219,0.5740197963000812,0.040510665239136,0.343293696641922,0.4579226076602936,0.5301049003463695,4.840941863665278,46.58123779296875,36.734779357910156
00332D.png,1.7195,0.9819287061691284,0.39749643886202635,0.8748207443423388,6.192992210388184,70.93711853027344,0.8797517712614297,0.4374072061642388,7.308058261871338,2.6833159670875677,18.435340881347656,6.097962856292725,59.51332473754883,0.5426837801933289,1.0402488708496094,0.701435923576355,0.04962937906384468,13.042612075805664,0.5831586289295491,0.059699920711775524,0.39336660504341125,0.47248414158821106,0.5382519338891949,5.175450115899508,49.73748779296875,42.24163055419922
00337D.png,1.7101,0.930647075176239,0.4121629870268914,0.875525174767961,6.267457962036133,52.343013763427734,0.8930272173696506,0.4322443897169787,7.029477119445801,2.740258850357396,13.556493759155273,4.51936149597168,55.56226348876953,0.5394361019134521,1.188705325126648,0.6931870579719543,0.04197460785508156,13.770133972167969,0.523640501676892,0.07058440762160212,0.3918866515159607,0.450762003660202,0.5074198303979297,5.035379320536823,45.49139404296875,42.64902877807617
00341D.png,1.7196,1.0401759147644043,0.42874818428115613,0.8760663637389579,6.13908576965332,49.685752868652344,0.8836043011076635,0.4149558234587674,6.992835521697998,2.8151503553945414,13.54619026184082,4.262782573699951,57.48456573486328,0.552064061164856,1.340996265411377,0.7184293270111084,0.04722936451435089,13.257879257202148,0.5475074665548645,0.05458699177282802,0.38373544812202454,0.47339925169944763,0.5269982046936715,5.551362902016498,46.27410888671875,38.8443603515625
00345D.png,1.7328,1.0702372789382935,0.43784796506225837,0.8759135621950126,6.027573108673096,54.201541900634766,0.900727873385204,0.4324631711079154,7.062726974487305,2.8657874329605715,14.216678619384766,4.672267436981201,60.19644546508789,0.583823025226593,1.3497294187545776,0.6849019527435303,0.050575293600559235,12.960617065429688,0.5308435325711208,0.06539500403462764,0.387908935546875,0.4633083939552307,0.5087975860834301,5.404203081258413,46.36981201171875,36.271209716796875
00349D.png,1.7032,0.8709179759025574,0.4396345766190143,0.8806146808926477,5.599919319152832,43.74736404418945,0.9047372971287542,0.5539585140287618,6.688549041748047,2.7012247205527196,12.494603157043457,3.745572090148926,48.88777542114258,0.6369346380233765,1.3823966979980469,0.7497823238372803,0.035102635622024536,14.54660415649414,0.5085793374272762,0.051935814984951485,0.42587119340896606,0.4940062165260315,0.5473986344260013,4.766864348130533,46.53485107421875,36.888885498046875
00353D.png,1.6907,0.8909589648246765,0.48372282624751173,0.8785280567889544,5.583397388458252,48.92691421508789,0.9248453885477239,0.5249095785467446,7.045077323913574,3.0543483330289085,13.128307342529297,4.21296501159668,52.903045654296875,0.6226200461387634,1.258931040763855,0.7497832775115967,0.043822962790727615,13.582983016967773,0.5294796052526205,0.05934099413532164,0.4235653579235077,0.47517552971839905,0.5816796569359517,4.8497697019295,44.18817138671875,38.03453063964844
00357D.png,1.7137,0.7864363193511963,0.37327754834702653,0.876502001594483,6.765815258026123,58.89531326293945,0.8693179060537621,0.4800271873034071,7.19544792175293,2.605718909499842,14.592873573303223,5.130486965179443,53.483123779296875,0.6615768074989319,1.360073208808899,0.6011644601821899,0.02643767185509205,15.7777681350708,0.46688533425139134,0.07457425729836994,0.4248707890510559,0.4944273829460144,0.3948581394613251,4.757085035378361,41.40985107421875,40.6114501953125
00361D.png,1.6999,0.8141747117042542,0.4936696953549336,0.8726779310411061,5.575922966003418,51.36553192138672,0.9175105604433645,0.40876277711021786,6.955322742462158,3.0931558554089413,14.1104097366333,4.467801094055176,52.40123748779297,0.5480136275291443,0.8974382877349854,0.681147038936615,0.04374319314956665,13.590896606445312,0.5433178300534509,0.06474498445579811,0.413479745388031,0.5026419758796692,0.507025749921993,4.952461229625301,41.51141357421875,34.73816680908203
00367D.png,1.696,0.8544427752494812,0.5097955213027011,0.8735092838046914,5.313079357147217,57.855567932128906,0.894780610086586,0.3865872546642026,6.94586706161499,3.1247859329527774,15.361913681030273,5.05540132522583,53.7928352355957,0.5144878029823303,0.7736107110977173,0.6867083311080933,0.0519285574555397,12.845937728881836,0.58777842340584,0.05599154043183059,0.39438772201538086,0.47969967126846313,0.5564372855194822,4.387296999764876,40.27606201171875,36.1380615234375
00371D.png,1.6955,0.847709596157074,0.4451959844956265,0.8704540347051893,5.462272644042969,66.26534271240234,0.8828708590125887,0.4209989196828903,7.14113712310791,2.8055008088658706,16.587669372558594,5.821470260620117,53.97835922241211,0.5282191038131714,0.9945969581604004,0.6680724620819092,0.051059968769550323,12.919195175170898,0.5959171671579333,0.05232048293978183,0.40102773904800415,0.48908305168151855,0.5383793383838494,4.668606550828474,42.74969482421875,37.95088195800781
00375D.png,1.7017,0.856652557849884,0.39027838939626625,0.8698159818170798,5.56488037109375,63.07276153564453,0.848276857786315,0.42063519966167057,7.170169830322266,2.4851136899662443,15.108217239379883,5.541192054748535,52.48278045654297,0.5325189232826233,1.125779151916504,0.710692822933197,0.05093376711010933,12.929943084716797,0.572044264482258,0.053677720859851154,0.39386793971061707,0.493618905544281,0.5627048135992678,4.772013167010855,44.85711669921875,38.76554870605469
00379D.png,1.7039,0.9109324216842651,0.42833124725410143,0.8817243975371906,5.906801223754883,64.50348663330078,0.8376376545987319,0.4023760928603844,6.976762771606445,2.759223106108177,16.218595504760742,5.6587395668029785,61.098419189453125,0.6183322668075562,1.031224012374878,0.7179054021835327,0.05314376577734947,12.745476722717285,0.5784442295813913,0.052795178748492586,0.3636593222618103,0.4827098846435547,0.5759399104057179,4.444096884581956,47.62469482421875,34.106101989746094
00383D.png,1.7114,0.8317953944206238,0.3592639704312332,0.876932893476708,5.54537296295166,72.27391815185547,0.8770544941874937,0.45837874551201846,7.33704137802124,2.3140992228741677,17.499177932739258,6.338816165924072,54.15278625488281,0.614653468132019,0.9630143642425537,0.7093032598495483,0.04608112946152687,13.364768028259277,0.5936597396081174,0.05456254841624098,0.4086797833442688,0.48301273584365845,0.5751322414724023,4.741926559350763,45.34149169921875,38.03115463256836
00388D.png,1.69,0.7975944876670837,0.38264629920241483,0.8714510248187852,5.342766761779785,66.3447265625,0.9057581754234116,0.48216004515855887,7.0649590492248535,2.3738912057110877,16.821792602539062,5.844177722930908,47.73896026611328,0.5820644497871399,0.9224734902381897,0.6938581466674805,0.045666709542274475,13.404003143310547,0.6056420087631731,0.0469570854961341,0.42270955443382263,0.4731733202934265,0.581027645915367,4.574154249366115,40.23065185546875,35.28705596923828
00392D.png,1.6827,0.9118396043777466,0.391175507403717,0.8730259070312966,5.591254711151123,68.01569366455078,0.8963893492336765,0.45341537461508014,7.153082847595215,2.4926423875017445,17.388919830322266,6.002986907958984,52.62333679199219,0.5300620794296265,1.0296854972839355,0.6681467294692993,0.048413943499326706,13.150296211242676,0.6021445461751744,0.04814232310111061,0.4017845094203949,0.4465619623661041,0.5745574759708441,4.543106071165248,37.96405029296875,40.59079360961914
00396D.png,1.6825,0.884635865688324,0.40417617984804244,0.8746801837419803,5.526537895202637,69.97764587402344,0.8930911144739977,0.45169046459632667,7.250813007354736,2.5821567569460093,18.07159423828125,6.197429180145264,52.530853271484375,0.5910488367080688,0.9966527819633484,0.6704482436180115,0.04886660724878311,13.109878540039062,0.6139524865239303,0.04415093859430215,0.40804585814476013,0.455485999584198,0.5813500312704604,4.15302778056604,38.60369873046875,42.929466247558594
00400D.png,1.6812,0.8178575038909912,0.39101671672526317,0.8730024607468965,5.586175918579102,63.664329528808594,0.9244451503759886,0.504477855023221,7.27458381652832,2.5143921883342166,16.921419143676758,5.583710670471191,51.0212287902832,0.4574333429336548,0.8665454983711243,0.7077957391738892,0.04530585557222366,13.438457489013672,0.5885247569056532,0.04834058252628438,0.4206547141075134,0.4522883892059326,0.5948338422790788,5.259031045502531,46.35760498046875,43.15338134765625
00404D.png,1.6802,0.7752740383148193,0.3948575000678075,0.8722318198787873,5.492581367492676,65.27619934082031,0.9292420967460238,0.5220165060739541,7.250760078430176,2.515908177138405,17.655658721923828,5.736374378204346,49.865596771240234,0.4887734651565552,0.9652801156044006,0.7441001534461975,0.043765243142843246,13.588706016540527,0.5974290811153862,0.04736573258842428,0.4265982508659363,0.4490329325199127,0.6087508904349604,4.7509986839285645,43.98748779296875,43.053192138671875
00408D.png,1.6844,0.7155760526657104,0.3735478072379214,0.8679867338261772,5.4028730392456055,64.0053939819336,0.8254130760823883,0.4170124775482239,7.207715034484863,2.3553347150995325,15.511881828308105,5.640232086181641,48.7529182434082,0.4558650553226471,1.0154296159744263,0.6947435140609741,0.03781215846538544,14.223685264587402,0.5792384438462339,0.0470715010687204,0.40533408522605896,0.48848938941955566,0.5736719990363233,4.929046425561032,46.45233154296875,42.12803649902344
00412D.png,1.6772,0.9073874354362488,0.441575631808386,0.8785349878294807,5.551699161529541,68.86360168457031,0.8699527336368788,0.424791490405723,7.217717170715332,2.8193384256786036,18.939146041870117,6.002225399017334,55.58769607543945,0.4134680926799774,0.9215137958526611,0.6764565706253052,0.054424948990345,12.642020225524902,0.6104811122960985,0.04197148477708876,0.38552170991897583,0.4467358887195587,0.5716156674485556,4.899835797550125,44.90643310546875,44.537315368652344
00416D.png,1.7015,0.837256669998169,0.38911313553775084,0.8726345413499682,6.2579216957092285,63.51514434814453,0.8708295579076261,0.455973783968416,7.180519104003906,2.614542981383151,17.207561492919922,5.5564284324646,50.52144241333008,0.4926769733428955,1.2687654495239258,0.6253939867019653,0.035085223615169525,14.548757553100586,0.513398281948354,0.06058563630048879,0.4252685606479645,0.4819331467151642,0.43716279456738455,5.189624777536024,45.39910888671875,33.68339538574219
00420D.png,1.6806,0.8446959257125854,0.41279829556150827,0.8800076847025409,5.54067850112915,64.6165542602539,0.8821975730071264,0.44316681098412386,7.2652692794799805,2.643142930644375,16.693218231201172,5.673882961273193,57.45610427856445,0.3982909917831421,1.0095735788345337,0.6741027235984802,0.05674613639712334,12.460637092590332,0.5932595107515128,0.044686871146224307,0.3994967043399811,0.445902019739151,0.5678784259721952,4.283108162727262,40.73748779296875,43.24477767944336
00427D.png,1.6975,0.8013044595718384,0.33927646460601996,0.8730285077597195,6.608832836151123,59.31949234008789,0.8564340473719139,0.4738683484702487,7.208980560302734,2.344034703652783,14.814703941345215,5.188223361968994,50.169620513916016,0.5199642777442932,1.3790462017059326,0.5982258319854736,0.02966749295592308,15.277191162109375,0.48503188178174017,0.07051415360738537,0.42265862226486206,0.393716961145401,0.4111590353926813,4.522947773632779,40.48065185546875,41.40299606323242
00431D.png,1.6925,0.8178507685661316,0.455885651130855,0.8807891431635044,5.490304946899414,60.57455825805664,0.9003963635950243,0.4493457507178993,7.486845016479492,2.9580552356804812,15.825821876525879,5.237571716308594,61.20072937011719,0.5961253643035889,0.6645978093147278,0.7285385131835938,0.0542960949242115,12.652313232421875,0.555523683931299,0.06716546240649887,0.42169782519340515,0.4935174882411957,0.5816822999380337,5.142931384024631,42.39617919921875,32.01158905029297
00435D.png,1.6905,0.7869903445243835,0.4376697425183481,0.8747445245430778,5.5653181076049805,59.669677734375,0.8503023126307667,0.383802726648255,7.247704982757568,2.803942932924288,15.052968978881836,5.295600891113281,65.74132537841797,0.5451217293739319,0.9085644483566284,0.6569190621376038,0.05815146863460541,12.354393005371094,0.5660015860324521,0.05419311216877111,0.3765920400619507,0.45701006054878235,0.5486131664901683,4.673119481454165,38.52996826171875,42.66115951538086
00440D.png,1.7007,0.7842569947242737,0.4268946918111015,0.8762683423096688,6.131112098693848,57.19496154785156,0.8084936453640561,0.37618393683356965,6.990617752075195,2.8008050217821996,14.047380447387695,4.99415397644043,56.30833053588867,0.4248942732810974,0.7639603018760681,0.6630100011825562,0.0530424602329731,12.753763198852539,0.5379887439412537,0.05740800466894888,0.3840272128582001,0.4978089928627014,0.507277617665225,5.572104014348396,42.15008544921875,38.91226577758789
00444D.png,1.684,0.8018357753753662,0.4022793354287863,0.8850312787917611,6.084231853485107,62.37732696533203,0.8778919052824031,0.4552117596597835,7.492423057556152,2.730810171561581,13.646262168884277,5.380510330200195,56.376220703125,0.6764395236968994,0.8247455954551697,0.7316460609436035,0.0355977825820446,14.485770225524902,0.5306116002283046,0.09352098702086695,0.42681020498275757,0.4892612099647522,0.5748135127605216,6.049462684722923,49.23944091796875,36.69356155395508
00448D.png,1.6764,0.8628705143928528,0.4559922236376056,0.8803771863131794,5.52866268157959,79.12328338623047,0.9003339575991015,0.46654801409994534,7.505621433258057,2.9717732255711358,19.52778434753418,6.904864311218262,60.64861297607422,0.595038890838623,0.5746214389801025,0.7168487310409546,0.05505863204598427,12.591747283935547,0.6116835118677294,0.062461403506339976,0.4192270040512085,0.4641420543193817,0.6087208775438088,5.057477272030198,46.51580810546875,45.375362396240234
00453D.png,1.6848,1.1223385334014893,0.4445214178216725,0.8793042818815567,6.325069427490234,73.0243911743164,0.8518662214463717,0.4034724173844385,7.16524600982666,2.9983741306259404,19.98397445678711,6.44111967086792,68.12059783935547,0.6060054302215576,1.1062511205673218,0.6540325880050659,0.06071159616112709,12.16728401184082,0.5743459659319217,0.04429059511096639,0.37390729784965515,0.49814513325691223,0.49589105532850897,4.254780956882839,40.95037841796875,39.1671257019043
00457D.png,1.6922,0.9521832466125488,0.4378661324844058,0.8754639474988917,6.244142055511475,72.10062408447266,0.8400179702391366,0.4111580022561873,7.340721130371094,2.9741824716566416,19.004180908203125,6.373723983764648,63.737064361572266,0.5702532529830933,1.19856858253479,0.67806476354599,0.06278717517852783,12.021291732788086,0.5844574573101802,0.047143047945505015,0.3789443075656891,0.4589875638484955,0.5243599348639065,4.693279119866674,41.19451904296875,45.010093688964844
00462D.png,1.7826,1.156101107597351,0.4343227022140697,0.8766064104261378,6.400940418243408,72.28662872314453,0.8873293049327231,0.4452847753076102,7.1603899002075195,2.9450036638833836,19.30496597290039,6.329620361328125,63.08564758300781,0.596842348575592,1.194850206375122,0.6977719664573669,0.05476919561624527,12.614636421203613,0.5848484584061941,0.05361554529533413,0.3950761556625366,0.4894063472747803,0.5163788581651227,4.785356613498532,47.61737060546875,38.11933517456055
00466D.png,1.7373,1.144349217414856,0.45107381766117105,0.8771645815039495,6.407561302185059,65.95314025878906,0.876524763492857,0.42835369878201923,7.091228008270264,3.044482399939726,18.184024810791016,5.708063125610352,63.40351486206055,0.5961446762084961,1.1597073078155518,0.7315461039543152,0.05574256181716919,12.538131713867188,0.606244059834894,0.04141880264704343,0.3811308443546295,0.4546883702278137,0.5476426234794551,6.05126415520607,47.46893310546875,43.54711151123047
00481D.png,1.848,1.057277798652649,0.40452225183843205,0.8771422395062521,6.409420967102051,66.68655395507812,0.8414954542620331,0.40421958798450136,7.017149925231934,2.715679565651641,18.47183609008789,5.790484428405762,63.021690368652344,0.4842633008956909,1.1081569194793701,0.6513333320617676,0.06190001219511032,12.08309268951416,0.5395343190709878,0.05147446320897002,0.3834664225578308,0.48498228192329407,0.4810455225097783,4.734020054668517,46.07586669921875,48.593421936035156
00486D.png,1.7279,0.8225787878036499,0.3895707262877126,0.8738406014370617,5.999764919281006,55.961578369140625,0.8295581257528205,0.399129353265282,7.031981945037842,2.5383997096479742,14.498448371887207,4.844775199890137,47.98980712890625,0.5629302263259888,1.0101282596588135,0.700912594795227,0.057775042951107025,12.382597923278809,0.5226266806447437,0.05840876312763611,0.3778728246688843,0.48504868149757385,0.5242768235776327,6.087975771276862,51.40203857421875,41.78367233276367
00491D.png,1.7308,0.706037163734436,0.3980557681173711,0.8753308456845715,6.056328296661377,60.4524040222168,0.8452269342275865,0.40120587057451773,7.190223217010498,2.636439436079865,14.326896667480469,5.329822540283203,53.83270263671875,0.5489926338195801,1.0982834100723267,0.6704460382461548,0.05181726813316345,12.855254173278809,0.5326593431272254,0.06383718762963624,0.39100244641304016,0.5160329341888428,0.5121966375568979,4.795837374189524,39.58465576171875,38.582672119140625
00496D.png,1.723,0.7617021203041077,0.4198608085760562,0.8739295979208108,6.254400730133057,48.08932876586914,0.8282451660356415,0.39132466366800667,6.947638511657715,2.771516015202746,11.3140230178833,4.117366790771484,52.35954666137695,0.5366827845573425,1.2191975116729736,0.6758685111999512,0.059596795588731766,12.247771263122559,0.4980700561436901,0.06162102038179465,0.34921345114707947,0.48485809564590454,0.5019214075463818,5.881875754002527,59.99774169921875,27.43793487548828
00500D.png,1.7406,0.9534468650817871,0.3662611671225174,0.8720652884572213,6.2346086502075195,65.91574096679688,0.7611972375830715,0.3665973504584116,6.998241424560547,2.4233453230326365,17.494903564453125,5.856835842132568,57.888450622558594,0.5232007503509521,1.3145942687988281,0.5912057161331177,0.06537634879350662,11.845793724060059,0.5287920905339857,0.045609887723893516,0.3235868215560913,0.4733330309391022,0.45195125197343217,4.615231172438126,43.63787841796875,48.453060150146484
00504D.png,1.7394,0.9596692323684692,0.2863387813934817,0.8764958312557709,7.138229846954346,84.12606811523438,0.7423301358141603,0.4675136761649361,7.042377948760986,2.0302334305144,20.1810359954834,7.5471014976501465,54.391761779785156,0.6624286770820618,1.3316646814346313,0.5607547760009766,0.0364878885447979,14.37851333618164,0.5074540324850924,0.05220222752130548,0.3843521475791931,0.49443507194519043,0.3760317530417861,3.502196191343687,25.71600341796875,41.640098571777344
00508D.png,1.7408,0.8656317591667175,0.4549410388299452,0.8800411070334575,5.707455635070801,55.394752502441406,0.807952893052545,0.3868618665366516,6.7406086921691895,2.831574567906978,14.707330703735352,4.902050018310547,54.21230697631836,0.6206109523773193,1.3657774925231934,0.6235772371292114,0.07017527520656586,11.538158416748047,0.5137306665724297,0.04359897685315198,0.3460814356803894,0.44834011793136597,0.48969598914983703,4.448386217708488,35.81756591796875,47.42451477050781
00512D.png,1.7349,0.8755670189857483,0.4863888547195936,0.8780479794091528,5.86088228225708,44.747188568115234,0.8000925671250841,0.35364739126773165,6.94601583480835,3.1145740353462816,11.98258113861084,3.8738293647766113,60.522979736328125,0.5772632360458374,1.3020637035369873,0.6724826693534851,0.07092148065567017,11.492222785949707,0.5030492327707385,0.05359895610280685,0.3692408800125122,0.46517759561538696,0.5010739318695155,4.901321879298714,41.98553466796875,30.027706146240234
00516D.png,1.7386,0.8796722888946533,0.4362009213518046,0.877931734010448,6.1247639656066895,56.31795120239258,0.8219106155913389,0.37742626007936464,6.917303085327148,2.844487608252182,15.752666473388672,4.949464797973633,60.06137466430664,0.6026842594146729,1.392214059829712,0.6276293992996216,0.0631798654794693,11.994213104248047,0.5035583836539762,0.05068978277430333,0.35231342911720276,0.5104511380195618,0.45418252111181284,4.296063700301375,40.75897216796875,36.848915100097656
00521D.png,1.7254,0.9779970645904541,0.46880336178958515,0.8797532731034003,6.010202407836914,48.03151321411133,0.8502696340973935,0.3795511876264972,6.820941925048828,3.0076492185376065,13.90261173248291,4.143068313598633,59.0136833190918,0.5775772929191589,1.1899672746658325,0.6706420183181763,0.05707632377743721,12.435440063476562,0.49881181535462743,0.05089525288770884,0.35639768838882446,0.49716031551361084,0.49022353455993484,4.774001665782363,43.91278076171875,36.44603729248047
00526D.png,1.74,1.0155892372131348,0.4082159018143353,0.8776427878451967,6.714512348175049,55.40327072143555,0.8077316565567432,0.39878636887393,6.754432678222656,2.7491252911333515,15.281257629394531,4.882260799407959,59.08409881591797,0.5708290338516235,1.287555456161499,0.6677252054214478,0.04960738122463226,13.044537544250488,0.5140555561512531,0.05001429374762762,0.32419994473457336,0.48297736048698425,0.44575511238637977,3.661761205793585,33.11492919921875,37.22126770019531
00533D.png,1.7308,0.8885481953620911,0.4941246976857605,0.8774916049589899,5.849572658538818,53.62187957763672,0.831511737713566,0.34012203113241624,6.821235179901123,3.1304872265399215,15.810578346252441,4.675016403198242,56.31236267089844,0.4916991591453552,1.1884428262710571,0.6653559803962708,0.06411777436733246,11.930216789245605,0.533461390144831,0.04902623583354247,0.3202451765537262,0.4996955692768097,0.4758654606698724,4.441628636352036,49.83563232421875,47.498939514160156
00537D.png,1.7363,1.0178378820419312,0.45009987648923266,0.8771003683864069,5.726583480834961,51.396785736083984,0.8881841619045903,0.38802753382698,6.847261428833008,2.8297500760948253,14.813218116760254,4.45451545715332,56.18207550048828,0.4890153110027313,1.3916335105895996,0.6971943378448486,0.05861443281173706,12.319954872131348,0.5375355352348163,0.054729018238838884,0.3660799562931061,0.46012401580810547,0.522809746686475,5.4398688566827165,49.39373779296875,38.609893798828125
00546D.png,1.7534,0.9271038174629211,0.5200002731413065,0.878617167820337,5.392165184020996,43.090431213378906,0.9078842720865324,0.38860065377174413,6.948122978210449,3.2084848227605693,13.502579689025879,3.695105791091919,53.20330810546875,0.49906107783317566,1.2544219493865967,0.6863449215888977,0.05380202829837799,12.69201374053955,0.5108604378480712,0.05885073844917862,0.3692747950553894,0.46530693769454956,0.49916069288618864,5.162291495664223,44.37518310546875,44.991451263427734
00551D.png,1.7244,0.7380116581916809,0.4855560159642758,0.8739604484691677,5.455903053283691,51.29438400268555,0.8114664863881264,0.4100491907621295,7.126103401184082,3.0546420350127317,15.00008773803711,4.522647380828857,45.90840148925781,0.5122824907302856,1.2549909353256226,0.6632944941520691,0.057257041335105896,12.421711921691895,0.48828630797032774,0.05506667488034721,0.3662598133087158,0.4122803509235382,0.48683460569129483,4.663850092007806,40.27410888671875,46.379127502441406
00555D.png,1.7488,0.8377315402030945,0.4196485385748147,0.8876936083363602,6.821616172790527,52.7020149230957,0.7831465913201489,0.44562888619054264,6.843373775482178,2.8672532488836087,12.899008750915527,4.605831623077393,62.15994644165039,0.7224016189575195,1.428791880607605,0.6986203193664551,0.03686170279979706,14.334247589111328,0.5043690364712816,0.04660448972151491,0.34778910875320435,0.48443013429641724,0.4364801932841596,3.9656486324253786,18.17401123046875,41.5693473815918
00559D.png,1.738,0.5672785639762878,0.46977836556555613,0.8804239958013901,5.2981181144714355,40.11627960205078,0.9203472912794464,0.44188504813653334,6.965930938720703,2.880699736814078,10.729214668273926,3.4344897270202637,53.478939056396484,0.6156272292137146,1.2583909034729004,0.7698190808296204,0.04416116699576378,13.549593925476074,0.48440309102702306,0.05896095176424964,0.4078337252140045,0.4957702159881592,0.521049248800994,4.705081892311652,36.03387451171875,31.543203353881836
00563D.png,1.7307,0.8698375821113586,0.4365058872527924,0.8785986608566139,6.39431619644165,52.991111755371094,0.8029596188903975,0.3579655007393853,6.805175304412842,2.880834863477199,14.456297874450684,4.634469509124756,61.79838180541992,0.6000209450721741,1.2709490060806274,0.6115326881408691,0.06792623549699783,11.679625511169434,0.4841057915182612,0.0490687741921014,0.3160027861595154,0.4689422845840454,0.455936638792692,4.863543643035955,41.98260498046875,38.20199966430664
00567D.png,1.6945,0.8151174187660217,0.38095902026342743,0.8744103673661703,6.55790376663208,54.580265045166016,0.8218849722696153,0.3735590141428747,6.828130722045898,2.5497712667808248,14.67756462097168,4.721185207366943,58.234275817871094,0.4695088565349579,1.5136775970458984,0.6913208961486816,0.059520360082387924,12.25334358215332,0.518809971212878,0.04279547254084484,0.35378873348236084,0.480095237493515,0.47763221015740104,5.053972142655615,54.45916748046875,45.23755645751953
00571D.png,1.6938,0.6901203393936157,0.4118108240612679,0.8766566735423423,6.050052642822266,58.56413650512695,0.8717016921525448,0.4207850376343365,7.197314739227295,2.72771106080606,14.942960739135742,5.107818126678467,60.095027923583984,0.4816400408744812,1.1941825151443481,0.707853376865387,0.05156552791595459,12.876405715942383,0.5231599855953819,0.05876051745289613,0.4074278175830841,0.5060272216796875,0.5120458802265577,4.217388927864528,37.48309326171875,44.6666374206543
00581D.png,1.6955,0.6999915838241577,0.4853181867825736,0.8803637235509303,5.666812419891357,34.98001480102539,0.8843875945159502,0.39663975306344834,6.630987167358398,2.984180429055524,10.041316032409668,2.992546319961548,65.189453125,0.6188874244689941,1.2991816997528076,0.7394750714302063,0.06318922340869904,11.993570327758789,0.4734814741845027,0.05013797046726341,0.39285358786582947,0.4939568042755127,0.5218391638136365,5.483564694460137,40.72625732421875,31.369558334350586
00587D.png,1.6971,0.7674939036369324,0.48100389307299624,0.877225017997131,5.947674751281738,31.437705993652344,0.8139074666835573,0.385629294228965,7.211651802062988,3.1648511413151077,7.3434882164001465,2.624070644378662,58.49480056762695,0.5054365396499634,1.1443564891815186,0.7410414218902588,0.05463891848921776,12.624979019165039,0.411099440663655,0.047940577069954686,0.3499234616756439,0.4855438768863678,0.46845699206354763,4.24120324959175,38.16815185546875,40.73854064941406
00591D.png,1.6985,0.7471131682395935,0.4228056839277926,0.8753159330651347,5.520683288574219,66.23531341552734,0.8842313964662648,0.4098318601129892,7.027229309082031,2.6526710799682256,18.037797927856445,5.828935146331787,51.7987060546875,0.52303546667099,1.1490521430969238,0.6772869229316711,0.04813572019338608,13.175325393676758,0.5385032616170067,0.05882004880759469,0.4095653295516968,0.5015088319778442,0.498664939099174,4.597253344686038,39.54998779296875,44.056480407714844
00596D.png,1.6907,0.8450178503990173,0.4424712343238805,0.8805682102438162,5.861095428466797,59.096961975097656,0.8423850604260728,0.3769491725584514,6.654153823852539,2.768825827372666,17.081674575805664,5.1927995681762695,60.28369903564453,0.4556172490119934,1.0621154308319092,0.671648383140564,0.06315291672945023,11.996065139770508,0.5146826120647927,0.0466654485652501,0.3796970248222351,0.4835408329963684,0.5033500031361852,4.394882672538403,42.22772216796875,42.488922119140625
00600D.png,1.6795,0.7933204174041748,0.44591345452301145,0.8791094447971153,5.611852645874023,48.92912673950195,0.8401956063322863,0.3773039480154866,7.016387939453125,2.8155581822031817,14.068008422851562,4.222257614135742,56.09720230102539,0.44982755184173584,0.9111912846565247,0.6854619383811951,0.061655547469854355,12.100278854370117,0.501257976249058,0.04905411137031617,0.343950092792511,0.4484798014163971,0.5375169552214831,4.785132838382848,45.24481201171875,41.571224212646484
00606D.png,1.6868,0.8577905297279358,0.4243170744641742,0.8777540540473339,5.549644947052002,65.80018615722656,0.8606184141598797,0.3797763756025179,6.941581726074219,2.65012690561802,18.1231689453125,5.809219837188721,55.483642578125,0.606464147567749,1.0564279556274414,0.6498781442642212,0.05804607644677162,12.362271308898926,0.5487143100232612,0.053624371041786426,0.37657684087753296,0.4862540066242218,0.5045781337112798,4.452144196290433,38.97869873046875,47.316551208496094
00613D.png,1.6838,0.8552608489990234,0.36503423341173596,0.8734136086692786,5.6809401512146,64.19805145263672,0.8915963462616142,0.42936781313219335,7.138062477111816,2.33969311656962,15.664149284362793,5.629939079284668,52.79224395751953,0.5584114789962769,1.3425538539886475,0.6957916021347046,0.04860469326376915,13.133218765258789,0.5480135208420812,0.06300503126261925,0.41483721137046814,0.5031077265739441,0.5304531540876913,5.097942544927695,44.17010498046875,44.44908142089844
00621D.png,1.6785,0.797282874584198,0.38627753379456137,0.8753895938540103,5.555838584899902,67.09461212158203,0.8338671090910129,0.40483770683652487,7.304985523223877,2.4839297387414145,15.654711723327637,5.891411304473877,55.354331970214844,0.5753620862960815,0.9866857528686523,0.6892572045326233,0.0570170134305954,12.43995475769043,0.5456886071955016,0.06949168351126561,0.3678145408630371,0.4532344937324524,0.5804382256360033,5.2894680322202134,45.64666748046875,35.547542572021484
00626D.png,1.6714,1.0279783010482788,0.5214202283034052,0.8792239711229701,5.463312149047852,60.21284484863281,0.8811768861519438,0.4019841703610527,7.004620552062988,3.2505244196087766,17.282434463500977,5.302584648132324,59.73934555053711,0.532432496547699,0.9643138647079468,0.6844244003295898,0.05617444962263107,12.504613876342773,0.5636698102975676,0.04062143134499461,0.38817963004112244,0.49490734934806824,0.5490807480124024,4.552530538214492,42.63153076171875,38.94622039794922
00630D.png,1.6775,0.7392425537109375,0.3810648941047815,0.8754986083372217,5.939516067504883,50.258609771728516,0.8774074387544081,0.5470716463619112,6.963101387023926,2.4583732395117277,13.025404930114746,4.380526542663574,47.07394027709961,0.5693873167037964,1.4005119800567627,0.7516844868659973,0.034525174647569656,14.618640899658203,0.5135389753346016,0.05356466736450626,0.4186442494392395,0.5413577556610107,0.4778274939508945,3.7414589698116005,24.80780029296875,41.16471862792969
00634D.png,1.6912,1.0715421438217163,0.45872234655563987,0.8746236862364681,6.627242565155029,49.684818267822266,0.8419679536117409,0.45104568239465687,6.615426063537598,3.0373610644063334,13.689653396606445,4.325265407562256,59.61629104614258,0.6020744442939758,1.5016363859176636,0.6505147218704224,0.047653015702962875,13.219097137451172,0.5224517002981923,0.03278084678641802,0.3854745626449585,0.492901086807251,0.41967784827379234,3.7449577350763765,24.52947998046875,37.70191955566406
00638D.png,1.6897,0.7576912641525269,0.489898040316158,0.8775236520667412,5.459285259246826,45.05755615234375,0.9373480360643455,0.4762200408138521,7.050057411193848,3.0641588346671664,12.870447158813477,3.856574296951294,53.13251876831055,0.5618302822113037,1.2908453941345215,0.772804319858551,0.047371141612529755,13.244861602783203,0.5271457611795464,0.05440978224725996,0.42411673069000244,0.49891191720962524,0.5622545927392304,4.982468763572942,43.40252685546875,36.041748046875
00642D.png,1.6941,0.6222666501998901,0.4976821748554378,0.9282294486356231,6.088413715362549,39.28175735473633,0.7933914301746152,0.4192651475200096,7.082015514373779,3.2773517575207674,9.226524353027344,3.392406463623047,65.86429595947266,0.8740873336791992,0.7871170043945312,0.7081375122070312,0.04863361269235611,13.130635261535645,0.47008916066856304,0.051042269875800295,0.36393028497695923,0.5156484842300415,0.47470366419801563,3.755683229734542,24.27850341796875,33.829490661621094
00646D.png,1.7424,1.109683632850647,0.44035916233404304,0.8803507151799734,5.816228866577148,75.95240783691406,0.83381822722466,0.39986993461967113,7.162198066711426,2.8575913986056083,19.541248321533203,6.751052379608154,62.72588348388672,0.583224892616272,0.7764028906822205,0.6548365950584412,0.0649809017777443,11.872142791748047,0.5623307166910116,0.06032695563844461,0.3733043670654297,0.4963744878768921,0.5358202837871255,4.534875018115739,41.72576904296875,39.27356719970703
00650D.png,1.7075,0.6344208121299744,0.41417465485400934,0.877771852775127,5.7030534744262695,58.421695709228516,0.8955959716429277,0.43159337842280415,6.935039520263672,2.617195305963257,15.736348152160645,5.114365577697754,46.84342575073242,0.6511797904968262,1.1924941539764404,0.7073878645896912,0.03882282227277756,14.109129905700684,0.5139520908642836,0.06967725433817885,0.4212207794189453,0.5296444296836853,0.49791211616956027,4.628170851933116,41.88250732421875,38.15140914916992
00655D.png,1.6931,0.6133130788803101,0.3863091504380427,0.8764215298927028,5.485169887542725,55.681861877441406,0.9216465991201866,0.4872302096032125,7.003490447998047,2.412247823668954,14.809475898742676,4.863217353820801,42.78993225097656,0.5894274115562439,0.8390648365020752,0.7251613736152649,0.03185846656560898,14.967751502990723,0.5130259682861589,0.0700721516117105,0.43744465708732605,0.49892544746398926,0.5389224207965555,5.062647228688017,45.97625732421875,43.25501251220703
00659D.png,1.7104,0.7308498024940491,0.43407308994145527,0.8788407284660213,5.670765399932861,49.132137298583984,0.8390812003051714,0.40543479768892676,7.08341646194458,2.76813027646514,14.474288940429688,4.274715900421143,51.32563781738281,0.5906137824058533,0.7056947946548462,0.7033736705780029,0.04446328058838844,13.519984245300293,0.501879658983764,0.04200988294697383,0.3824015259742737,0.4896651804447174,0.45655931732545935,4.174041751751575,35.37957763671875,45.016937255859375
00671D.png,1.6955,0.7689666748046875,0.3859501134151876,0.879679272563505,5.791238784790039,79.13484191894531,0.8540231303171452,0.40739042182882945,7.227880477905273,2.5123712837119907,19.66824722290039,7.017019271850586,56.08711624145508,0.6146110892295837,0.7770879864692688,0.6720086932182312,0.05326984077692032,12.735186576843262,0.5695748903243195,0.060346461191378604,0.40243619680404663,0.5199238061904907,0.5357964731413674,4.419577590124722,35.87713623046875,50.76838684082031
00676D.png,1.72,0.79567950963974,0.3722037633355873,0.876969047433115,6.134732246398926,80.99524688720703,0.8471862802229506,0.41051255029948386,7.197994232177734,2.4812512255890518,20.19034767150879,7.193056583404541,57.46146774291992,0.6390679478645325,1.128221869468689,0.6528024673461914,0.05128174275159836,12.900372505187988,0.5565622035045208,0.058344240957531525,0.3978997766971588,0.5321060419082642,0.5036159350273096,4.446418666220325,37.36492919921875,48.10177230834961
00681N.png,1.6987,0.5868623852729797,0.39984403846919475,0.8744340057214472,4.342916488647461,30.557191848754883,0.5452819411711984,0.36033888404540704,6.286672115325928,2.1250952275013137,10.40980339050293,2.5509729385375977,38.50312805175781,0.6923102140426636,1.4973870515823364,0.928281307220459,0.05591524392366409,12.524698257446289,0.4801160966048441,0.030561993306784725,0.24727067351341248,0.4826415181159973,0.5176120068995081,5.821401428611575,48.37615966796875,26.35048484802246
00686N.png,1.6912,0.5937275886535645,0.34100935119373255,0.8737842920783953,4.466673851013184,31.697153091430664,0.580817016090655,0.37284002929293625,5.920366287231445,1.7710441551261287,11.275771141052246,2.6915807723999023,33.92146682739258,0.5968788862228394,1.3058298826217651,0.8813552856445312,0.04859626665711403,13.13397216796875,0.4737526414919057,0.029895039302846156,0.25891560316085815,0.4814686179161072,0.5361227009791516,5.760769078790282,50.41571044921875,37.51258850097656
00690N.png,1.6936,0.6452853679656982,0.29047576847228734,0.8853156951282016,5.130745887756348,31.863880157470703,0.6211879146085695,0.40809638573799,5.9176716804504395,1.6046534268316712,10.662269592285156,2.697247266769409,38.44166946411133,0.7376096248626709,1.672816276550293,0.8048291206359863,0.04387885332107544,13.577446937561035,0.44281209034825625,0.035916461051867514,0.2881511151790619,0.4987452030181885,0.46692771338816796,6.44506675087467,53.05926513671875,36.89063262939453
00695N.png,1.7114,0.5452868938446045,0.3918980662450345,0.8766432971544347,5.056713581085205,38.083656311035156,0.7198739492756905,0.4690917092899328,6.612816333770752,2.2866392338092094,11.185816764831543,3.2611920833587646,40.40372848510742,0.6537634134292603,1.4056096076965332,0.8184103965759277,0.04141182079911232,13.828758239746094,0.44875476571252026,0.049644293689372246,0.33992230892181396,0.5165891647338867,0.501210384537631,5.282721223889324,44.39617919921875,35.954795837402344
00702N.png,1.7001,0.5297936797142029,0.48770225008074564,0.885413335768314,4.97520112991333,34.47612762451172,0.8631936806797842,0.49984875937222323,6.938427925109863,2.905159478938266,9.77747917175293,2.9416496753692627,47.21110534667969,0.6521196365356445,1.4427602291107178,0.8532947301864624,0.03987392038106918,13.993110656738281,0.4920831874333711,0.051155187127379785,0.4004572331905365,0.530099630355835,0.5927469509962635,6.013228548281792,51.39178466796875,34.89551544189453
00706N.png,1.6891,0.4352303743362427,0.3843469526823558,0.8702818245668829,4.32717227935791,23.665212631225586,0.5998025797312889,0.3705509613742544,6.06407356262207,1.9969277880772616,6.872471332550049,1.9820555448532104,25.037569046020508,0.6361721754074097,1.4740054607391357,0.9280475378036499,0.043729059398174286,13.592300415039062,0.42337422340797903,0.04204830419599028,0.2694851756095886,0.4658977687358856,0.5658037717865576,6.3316172297952376,50.91131591796875,26.999134063720703
00710N.png,1.7025,0.4750068187713623,0.4008892117009084,0.8769194232629081,4.644847393035889,25.20914649963379,0.5601455763544002,0.3474865538979136,5.989307403564453,2.1315651195387755,7.800606727600098,2.103018045425415,31.087671279907227,0.7230061292648315,1.4719290733337402,0.8612358570098877,0.04483625292778015,13.483707427978516,0.416724298417398,0.04586522562692915,0.2546868324279785,0.4864485263824463,0.5067545456530981,6.477398396042214,51.55438232421875,28.427940368652344
00714N.png,1.7151,0.47406744956970215,0.35631280341415555,0.8826198377980761,4.832244873046875,28.718158721923828,0.6152992578261076,0.4029297191760955,6.232148170471191,1.9711981241375316,8.336077690124512,2.4297420978546143,37.20740509033203,0.7182897329330444,1.412319302558899,0.8291498422622681,0.04279446229338646,13.686123847961426,0.4461806861133,0.04398705965629554,0.27637672424316406,0.48055434226989746,0.517642144070261,6.402323902053092,52.08416748046875,19.674484252929688
00718N.png,1.6853,0.38193973898887634,0.3539536590839275,0.8673585357972506,3.635803699493408,21.619598388671875,0.40162678589951384,0.3133889486150083,5.580427169799805,1.6310646279866887,6.495217323303223,1.7841272354125977,21.019033432006836,0.6587928533554077,1.3136965036392212,1.0485725402832031,0.055352889001369476,12.568597793579102,0.4239890294392305,0.04407954244632877,0.18520960211753845,0.4505547285079956,0.5935948450037186,6.429328091689225,52.88446044921875,23.653564453125
00722N.png,1.6978,0.38805535435676575,0.39938157799578106,0.8731003590135167,3.87324857711792,26.122644424438477,0.5664409873863356,0.39256430440302126,6.104672431945801,1.9925050032009874,7.432954788208008,2.223677158355713,24.8112850189209,0.5171410441398621,1.3914453983306885,0.9475556015968323,0.045418478548526764,13.4276762008667,0.4682262119701469,0.040237969152215176,0.25754767656326294,0.4511139690876007,0.6063924215465466,5.557117363779302,48.47772216796875,31.754030227661133
00726N.png,1.6907,0.38065293431282043,0.3475191859453124,0.8716169751960787,3.981741428375244,24.44165802001953,0.43495644638108827,0.41461515586548814,5.689199447631836,1.6804235938419314,7.666223526000977,2.040452003479004,24.53597640991211,0.6747958660125732,1.465649127960205,0.969957709312439,0.05265820026397705,12.785340309143066,0.4351755427371924,0.039866308205422495,0.20313754677772522,0.4634840488433838,0.5612785295834161,6.021049687845221,50.76629638671875,22.27011489868164
00730N.png,1.7143,0.3601461946964264,0.3924850795112913,0.8767775273379962,3.8785171508789062,22.932165145874023,0.41639632277164,0.3656230861431847,5.684806823730469,1.8767364996278637,7.862060070037842,1.910605549812317,23.576095581054688,0.712709903717041,1.2778167724609375,0.8377271890640259,0.05213239789009094,12.828922271728516,0.41149571193183343,0.04836094171294793,0.19576305150985718,0.4552047848701477,0.4991119518926814,5.811245600832963,46.84100341796875,26.333911895751953
00734N.png,1.6806,0.40512558817863464,0.344955566331634,0.8781374905775208,4.338710784912109,30.53961944580078,0.5489962671871617,0.4326136704086551,6.093163013458252,1.7992714952520714,9.031281471252441,2.598574638366699,29.775691986083984,0.6648512482643127,1.208958387374878,0.8701470494270325,0.0464031845331192,13.33452320098877,0.45071704327546536,0.04803725163257493,0.26165008544921875,0.4906674027442932,0.5671203285117504,6.36408459868428,48.18572998046875,22.894615173339844
00738N.png,1.686,0.4744325876235962,0.3485338034695796,0.870001081204202,4.445193290710449,31.119600296020508,0.48462730242868063,0.3618403142113179,5.945578098297119,1.8107730149896337,9.296172142028809,2.6501636505126953,31.034143447875977,0.6521174907684326,1.3467687368392944,0.8732467889785767,0.04989611357450485,13.019332885742188,0.4460099495856524,0.05191773458396376,0.2358074188232422,0.5020299553871155,0.5294855997388204,5.858732498561383,48.62518310546875,25.79725456237793
00742N.png,1.6815,0.46531689167022705,0.3466742843742,0.8763549647287892,5.057349681854248,30.518272399902344,0.7036156360236614,0.48994723783566413,6.322817325592041,1.9726109143700281,8.711883544921875,2.605156421661377,37.249298095703125,0.61198490858078,1.2815738916397095,0.7846858501434326,0.03876915201544762,14.115137100219727,0.43374141838260055,0.05197013071842181,0.3371245265007019,0.5100022554397583,0.4976383288425803,5.995451990523322,49.82147216796875,25.544898986816406
00746N.png,1.6632,0.46191802620887756,0.3724262240231671,0.8779403045430981,4.14024019241333,27.844711303710938,0.45656478150561197,0.3495152308754073,5.809697151184082,1.852814638554305,9.344422340393066,2.353092670440674,27.730043411254883,0.69773930311203,1.386685848236084,0.9013296365737915,0.04887399077415466,13.109222412109375,0.44046017248215624,0.03434189063170665,0.22041088342666626,0.4767429828643799,0.535486218695038,6.183832904242361,49.58612060546875,26.640151977539062
00750N.png,1.6846,0.5140709280967712,0.4011515080100714,0.8782006119481284,4.41912841796875,38.523780822753906,0.5820311779546563,0.4068495884046519,6.329854965209961,2.1559918593172878,12.479388236999512,3.306654453277588,35.203433990478516,0.665274977684021,1.1138907670974731,0.8183560371398926,0.04952862858772278,13.051435470581055,0.5015246854297821,0.05245335435077795,0.27060413360595703,0.4816032648086548,0.553285926640585,5.842235758370874,48.01922607421875,28.87692642211914
00754N.png,1.6903,0.5638456344604492,0.44035664582904777,0.8829066713897298,4.534455299377441,34.211856842041016,0.5810394985401139,0.4054000976132376,6.292754650115967,2.3839234740076503,11.232134819030762,2.921353816986084,39.438148498535156,0.6818128228187561,1.248598575592041,0.7810719013214111,0.05223044008016586,12.82076358795166,0.4593684297406498,0.046841778553966595,0.2681127190589905,0.4809420108795166,0.5093827570283574,6.062457606300745,45.76483154296875,27.802814483642578
00758N.png,1.6996,0.42212340235710144,0.36015647534285883,0.8744555071998352,4.440348148345947,29.14822006225586,0.5693903270072342,0.39824749338682053,6.019476890563965,1.8835924365979615,9.635205268859863,2.470184564590454,26.375864028930664,0.6754564046859741,1.3146976232528687,0.8104152679443359,0.0450267419219017,13.46529483795166,0.4432076011659809,0.05213357848916649,0.25842130184173584,0.46197450160980225,0.5098784298425115,5.958649241335276,48.41229248046875,26.45536994934082
00762N.png,1.6795,0.4215676784515381,0.33581100546124404,0.8736620738739858,4.259798526763916,26.849483489990234,0.47414910869311505,0.3746059980594875,5.75656270980835,1.6818071939730395,8.839442253112793,2.2535619735717773,24.55116081237793,0.6850073337554932,1.3142682313919067,0.8152491450309753,0.04847101867198944,13.14517879486084,0.4218912990136764,0.045304870500658526,0.2233887016773224,0.46789681911468506,0.5094635393314619,6.461742354978396,49.91473388671875,27.404129028320312
00766N.png,1.6801,0.4775947034358978,0.4219627864464155,0.8923310292845177,5.505847930908203,32.26079177856445,0.7099200818303317,0.48922132146203356,6.4492411613464355,2.5223078024584193,9.709609985351562,2.745710849761963,29.78496742248535,0.7800021171569824,1.3609142303466797,0.7596567869186401,0.030876152217388153,15.103768348693848,0.43240982666711675,0.04572895162603043,0.3443494141101837,0.5314221978187561,0.429631245804708,4.134590222558156,31.91522216796875,33.538082122802734
00770N.png,1.6924,0.5241870284080505,0.3908449776990118,0.8803198110798779,4.9247870445251465,34.71556854248047,0.6249413952126179,0.40594459253413623,6.193036079406738,2.172678771746856,10.261248588562012,2.9801149368286133,30.759668350219727,0.7369517087936401,1.4453951120376587,0.8305002450942993,0.04463870823383331,13.502884864807129,0.48197218546673015,0.04266076669750552,0.293463796377182,0.5121298432350159,0.48649285604809367,4.231323817991762,27.20428466796875,36.31191635131836
00774N.png,1.6905,0.3687097430229187,0.3895711155458684,0.8756893421694485,3.6629810333251953,23.610088348388672,0.38403233625461264,0.3734450044098949,5.6232099533081055,1.808821352487307,8.271574020385742,1.9632866382598877,23.171972274780273,0.6996445655822754,1.2132179737091064,0.9252786636352539,0.056291770190000534,12.495551109313965,0.42272378241508957,0.04735549855989703,0.1756466031074524,0.43956053256988525,0.5308661768176568,5.737719911409966,46.36737060546875,30.73857879638672
00778N.png,1.7042,0.4662465453147888,0.33930313997650485,0.8781348797076569,4.760957717895508,34.17231369018555,0.621357205940334,0.4328353967185523,6.104246139526367,1.8433040336028466,9.538351058959961,2.947225570678711,25.570632934570312,0.7308448553085327,1.4382858276367188,0.8239315152168274,0.04459180682897568,13.507450103759766,0.4909995528826291,0.03561523384905714,0.29329240322113037,0.5009490251541138,0.4954115326742116,4.382914754090763,25.18182373046875,38.435333251953125
00782N.png,1.6906,0.4831610321998596,0.34470473730147155,0.8767145136040683,4.996742248535156,35.32130432128906,0.6262939634349827,0.4336135561727012,6.256763458251953,1.939573896092183,9.991012573242188,3.04008150100708,28.465435028076172,0.7081589102745056,1.4852190017700195,0.7891807556152344,0.04308207333087921,13.657035827636719,0.49308165902206896,0.033696073677773414,0.2974153161048889,0.5060415267944336,0.4786480668087804,4.088943892026981,26.84100341796875,39.35260772705078
00786N.png,1.6917,0.40105140209198,0.41455071872959637,0.8823901734755538,4.626365661621094,28.713054656982422,0.5434098884610404,0.4208413478357555,5.92870569229126,2.1878124326743205,7.793400287628174,2.4483566284179688,20.594879150390625,0.751728355884552,1.3723313808441162,0.8302807807922363,0.045000504702329636,13.467826843261719,0.46188995210537354,0.031191151464827746,0.2577846646308899,0.4994673430919647,0.5068053483887213,4.188472339827474,27.47576904296875,35.81616973876953
00790N.png,1.6942,0.4538167417049408,0.4225363216261059,0.8774783634632385,4.4777302742004395,33.84892654418945,0.5894274216546804,0.41090343869695983,6.035740375518799,2.2211681441503934,9.353096961975098,2.926254987716675,24.666927337646484,0.7247804403305054,1.434098482131958,0.8136144876480103,0.047244925051927567,13.256448745727539,0.4998583187408088,0.03343372543412599,0.27528175711631775,0.4929787516593933,0.5156374151613496,4.195482066990236,28.33367919921875,31.136390686035156
00794N.png,1.6869,0.42241692543029785,0.3897977104396267,0.8775011792726544,4.1616315841674805,30.5748348236084,0.5156442138052098,0.369660701255039,5.947167873382568,1.970199194218793,8.531232833862305,2.624784231185913,22.834087371826172,0.7313262820243835,1.4085291624069214,0.8542191982269287,0.05006401985883713,13.004742622375488,0.4836193246229163,0.03206212609964769,0.24195781350135803,0.49334344267845154,0.5105968631535,4.25197227272849,31.10662841796875,25.295719146728516
00798N.png,1.6948,0.3752641975879669,0.4048812247382672,0.8700073850394385,3.5371193885803223,25.828887939453125,0.386734038973492,0.33916308117459504,5.702138900756836,1.870407205549986,8.438849449157715,2.174952745437622,25.55829429626465,0.6899169683456421,1.3645517826080322,0.9068512320518494,0.05562986060976982,12.546920776367188,0.45297148992398256,0.037105030400327706,0.18035320937633514,0.4480546712875366,0.527201404820031,5.9499851047836,46.52117919921875,25.581371307373047
00802N.png,1.6904,0.3713218867778778,0.4480287838805445,0.8755131722865623,3.5591931343078613,19.404499053955078,0.41203550256644644,0.32559713873082713,5.623123645782471,2.0569774775943763,6.231865406036377,1.5897413492202759,21.340415954589844,0.6845636367797852,1.3832855224609375,0.9604365825653076,0.05275505781173706,12.777358055114746,0.39329372026239673,0.03822761782877372,0.18626298010349274,0.4467790126800537,0.5341125325596283,6.31547896711422,48.32000732421875,28.442794799804688
00806N.png,1.689,0.4555935263633728,0.4117062082828724,0.8791810702068451,3.985797882080078,28.302494049072266,0.5161043189668144,0.3415493402732964,5.903167247772217,2.0356804669071096,8.057100296020508,2.403059244155884,25.00583839416504,0.7316746711730957,1.5137228965759277,0.909903347492218,0.05111248791217804,12.914730072021484,0.488653760620483,0.03516856416477586,0.23893484473228455,0.492734432220459,0.5321495458370348,4.275972810068269,28.33514404296875,27.383106231689453
00810N.png,1.7225,0.4167273938655853,0.34328748477981347,0.8780574493387192,4.401652812957764,25.844703674316406,0.5184608665387154,0.40976273497316257,6.0229010581970215,1.7893145997760964,7.8633036613464355,2.1812219619750977,28.8460693359375,0.729659378528595,1.4438145160675049,0.9107866287231445,0.0474415197968483,13.238412857055664,0.43717312605581626,0.04767595895466703,0.240679532289505,0.46032196283340454,0.542458524798017,5.405495785156765,46.28778076171875,32.27474594116211
00815N.png,1.7069,0.40322598814964294,0.3657336171551931,0.874236170075509,3.711887836456299,28.768341064453125,0.42721411093184053,0.3724949338190201,5.796804428100586,1.738829911703581,8.680205345153809,2.4406707286834717,24.615266799926758,0.6596738696098328,1.192345380783081,0.8915239572525024,0.05152635648846626,12.879705429077148,0.45590347733949177,0.043833370001379164,0.20769277215003967,0.47160884737968445,0.5886943647025965,5.8012465205728745,49.63739013671875,27.504833221435547
00819N.png,1.6957,0.4577298164367676,0.4117103520249262,0.8725874826596365,3.939176082611084,38.54533767700195,0.6604907544696436,0.4407853448839092,6.389136791229248,2.126143297411476,11.041376113891602,3.33636212348938,32.192420959472656,0.6079733371734619,1.3666090965270996,0.8036235570907593,0.04343360662460327,13.62174129486084,0.5281843200210968,0.03781791458266041,0.3042691946029663,0.4699181318283081,0.5892507318301361,5.080727135804947,47.30535888671875,32.831600189208984
00823N.png,1.6877,0.4775342047214508,0.4339893715046219,0.8747906135789945,3.9479379653930664,34.0395393371582,0.6843615184796271,0.4504103843678875,6.397364616394043,2.244882424393939,10.209474563598633,2.9081428050994873,33.327510833740234,0.6370331048965454,1.3300786018371582,0.8607596755027771,0.0427422821521759,13.691423416137695,0.49192997892669577,0.042717955919374655,0.3142491579055786,0.4802965223789215,0.601037208202376,5.901148076573267,48.31121826171875,32.68417739868164
00828N.png,1.7094,0.9185162782669067,0.3680081100053532,0.889932582683515,5.234269618988037,38.49717712402344,0.7097142482103351,0.46491235855169827,6.20749044418335,2.105335882403393,11.540486335754395,3.3375489711761475,59.66474151611328,0.7513859272003174,1.3527319431304932,0.7222448587417603,0.04946354031562805,13.057147979736328,0.4855339183269891,0.04265784387064521,0.3108961582183838,0.48486512899398804,0.4829688848824916,6.382391390617817,51.14569091796875,24.649547576904297
00832N.png,1.6982,0.5724400877952576,0.4556464866172109,0.8796518675697252,4.294577598571777,36.91408157348633,0.7581274936307882,0.47682591519516687,6.709628582000732,2.5070209621107704,10.609490394592285,3.1777257919311523,45.20966339111328,0.6029521226882935,1.256455898284912,0.7827810645103455,0.04700348153710365,13.27869987487793,0.5022969858027305,0.03518718305345751,0.34514766931533813,0.47938457131385803,0.5875633182238081,5.684408045139408,48.11297607421875,28.19287109375
00838N.png,1.7065,0.7440927028656006,0.4083035386277598,0.8848637697548176,5.083462715148926,29.80130958557129,0.7875599994083851,0.4322439446811173,6.588792324066162,2.3829178444294215,9.543525695800781,2.555300235748291,47.596866607666016,0.693063497543335,1.3047341108322144,0.7320276498794556,0.04812285676598549,13.17648696899414,0.42136624395840866,0.03471246088531463,0.3391113877296448,0.4707772731781006,0.4796246040613655,5.764049757746527,50.96600341796875,30.2094783782959
00842N.png,1.6933,0.5183261036872864,0.33053601116775866,0.881853678502238,4.047355651855469,24.31838035583496,0.42542086132193513,0.3293769631140399,5.55569314956665,1.5870816831525492,8.604700088500977,2.0282113552093506,29.190580368041992,0.6861581802368164,1.2969526052474976,0.9836786985397339,0.05479748174548149,12.612394332885742,0.4344440039242193,0.03105963136035398,0.1988067328929901,0.48010367155075073,0.5461187868156803,6.103071322335599,50.43719482421875,38.451324462890625
00846N.png,1.6946,0.46581482887268066,0.45618573840530047,0.87887054622199,3.951829433441162,29.06308364868164,0.5441801853184488,0.3545576897670413,6.247068405151367,2.32630274398603,8.714578628540039,2.472858428955078,31.904144287109375,0.6419285535812378,1.2272489070892334,0.9435394406318665,0.05042841285467148,12.973247528076172,0.45331045352085136,0.05429709780883972,0.2546422481536865,0.4634324014186859,0.6115104792663282,5.828960283032059,48.25164794921875,24.516456604003906
00850N.png,1.7058,0.5911738276481628,0.3822037287246513,0.8766597027958914,4.084433078765869,33.69495391845703,0.475819329211674,0.3408900914955863,5.975645065307617,1.922505698637094,11.105480194091797,2.885185718536377,36.6739501953125,0.6788097620010376,1.3627161979675293,0.8406882286071777,0.05616360157728195,12.505450248718262,0.45976702196983915,0.03702709137061937,0.22022509574890137,0.4729214310646057,0.505143573232307,5.373276881369472,47.81414794921875,25.06998634338379
00854N.png,1.72,0.46019309759140015,0.3168858778707899,0.8771641914274698,3.9595723152160645,27.821758270263672,0.5629189955420207,0.3748374408184895,5.75395393371582,1.5390444981533307,7.163079261779785,2.3828539848327637,23.126201629638672,0.7198019623756409,1.469947338104248,0.8921833038330078,0.050595927983522415,12.958843231201172,0.45051348553605264,0.0298032124825354,0.26134058833122253,0.4913756549358368,0.52567990613638,4.680689850791832,27.02899169921875,24.139415740966797
00858N.png,1.7111,0.41095981001853943,0.2858346017184102,0.8697606419942634,4.4028449058532715,26.653581619262695,0.5509148937435319,0.44129790685395487,5.772589683532715,1.4542497847737224,7.44832181930542,2.269646167755127,21.453041076660156,0.6771667003631592,1.5039713382720947,0.7946358919143677,0.04903459548950195,13.094974517822266,0.414007789668995,0.03092960898086865,0.24988701939582825,0.4734112024307251,0.46088373802079396,4.954767105611453,30.56756591796875,29.555601119995117
00862N.png,1.7006,0.5001910328865051,0.26431737082849016,0.8705588350731023,4.157954692840576,32.723182678222656,0.5618504562427559,0.38778425686042695,5.697741985321045,1.3025200905718748,8.996797561645508,2.8307788372039795,24.533851623535156,0.6628513932228088,1.5236918926239014,0.8298293948173523,0.05169283598661423,12.865696907043457,0.4711307405865524,0.03063444960353807,0.2579534649848938,0.4676140248775482,0.5082827169979487,5.013433185122722,30.49871826171875,27.015819549560547
00866N.png,1.6934,0.4294542670249939,0.2665450495397715,0.867697228852867,4.392215251922607,31.707937240600586,0.6046777587937272,0.45503315333877675,5.858800888061523,1.3661828210483495,8.13140869140625,2.735490083694458,20.983640670776367,0.6431328058242798,1.4565702676773071,0.7986270189285278,0.04717664793133736,13.262728691101074,0.4541317299761877,0.030794170145221202,0.27819105982780457,0.47855842113494873,0.49723722834216383,4.733496947059947,28.29998779296875,32.91363525390625
00870N.png,1.6921,0.3540337383747101,0.298607215383373,0.8711229544793756,3.918302059173584,26.61581039428711,0.496716086073216,0.45207608520107917,5.577428340911865,1.417751205235266,6.576005935668945,2.284560203552246,17.567550659179688,0.679437518119812,1.3677091598510742,0.8223866820335388,0.05176740884780884,12.85943603515625,0.43033841470268214,0.03174366408860295,0.22750678658485413,0.4576096534729004,0.49195432741169615,4.6681084890431235,26.31170654296875,29.362417221069336
00874N.png,1.7079,0.47577181458473206,0.3481533961394327,0.8717127271905302,4.1485724449157715,38.41603469848633,0.5855416833643161,0.42499057305966315,6.021378993988037,1.7703568277926571,9.45798110961914,3.4037392139434814,24.596282958984375,0.678553581237793,1.449776530265808,0.7507911324501038,0.05022720992565155,12.990610122680664,0.5036571938143809,0.027458492657848863,0.27195078134536743,0.4677676856517792,0.47938031084960125,4.195535283334812,12.51190185546875,37.72099304199219
00878N.png,1.7022,0.41408947110176086,0.2824800668549951,0.8725625865480233,4.456169128417969,33.0362548828125,0.4972500365555137,0.392292683046868,5.811259746551514,1.450176051014063,9.014418601989746,2.8632519245147705,25.129905700683594,0.6966556906700134,1.3881444931030273,0.7096633911132812,0.048588480800390244,13.134666442871094,0.42470278017318724,0.04523765935272473,0.23190763592720032,0.46612802147865295,0.4278671804004855,4.589968995892022,30.58367919921875,32.45113754272461
00882N.png,1.6974,0.41483524441719055,0.3203594653449254,0.8766435799843578,4.588996887207031,31.124675750732422,0.5199461910947482,0.39840849058041766,5.976555824279785,1.6923923532289837,8.111655235290527,2.66702938079834,25.546783447265625,0.7157449126243591,1.3390105962753296,0.7280203700065613,0.04544404521584511,13.425230979919434,0.3945346416851785,0.05081920515635102,0.24040687084197998,0.459197998046875,0.4357674982724795,4.863797223530557,39.36492919921875,27.339557647705078
00886N.png,1.6991,0.3657063841819763,0.3386275205424345,0.8753285830593364,4.663516521453857,30.9547119140625,0.5235317438690485,0.4758199755537097,6.087101936340332,1.820232659198071,8.00086784362793,2.6304361820220947,30.666603088378906,0.6493830680847168,1.247975468635559,0.796770453453064,0.048168785870075226,13.172344207763672,0.4146525324809734,0.05165794175199535,0.23935991525650024,0.45133358240127563,0.4841129145159684,4.889094195226549,40.16961669921875,23.20582389831543
00890N.png,1.7134,0.5674219131469727,0.46313537167708585,0.8748263404205171,5.289156436920166,34.90818405151367,0.8332062783867157,0.4405046847640507,6.994745254516602,2.844561976882753,10.054296493530273,2.992549419403076,50.181007385253906,0.6646591424942017,1.5686960220336914,0.7008301615715027,0.04472911357879639,13.494098663330078,0.42203805569888897,0.05255190817261223,0.3631840646266937,0.48461759090423584,0.4243691850590485,5.458140962327283,45.16473388671875,19.30169677734375
00894N.png,1.7072,0.5769185423851013,0.36183855161369055,0.873794840085943,4.689322471618652,35.863426208496094,0.5840977205037301,0.37249478565078137,6.291893005371094,1.986719359064022,10.131321907043457,3.117231607437134,35.34299087524414,0.673272967338562,1.542348861694336,0.7101221084594727,0.047777194529771805,13.207793235778809,0.41656729186586505,0.0464838378171461,0.27170130610466003,0.4792759418487549,0.4082127832554425,5.174214524560456,37.27313232421875,39.51651382446289
00898N.png,1.6833,0.40217918157577515,0.347325814532733,0.8834331610569203,4.603240489959717,29.42074966430664,0.4878602892985231,0.4229066089021106,5.912053108215332,1.826121419980149,8.081759452819824,2.5227603912353516,27.763704299926758,0.7207496762275696,1.2216644287109375,0.8152599334716797,0.04839540272951126,13.151960372924805,0.38529028368711477,0.05606650651625085,0.22458556294441223,0.47152209281921387,0.476718638303087,5.335574872790088,42.44207763671875,30.415817260742188
00902N.png,1.7125,0.5696306228637695,0.3570080243081547,0.8844458086647565,5.581775188446045,35.94424819946289,0.7164206016408188,0.4326518149497215,6.639400959014893,2.1815344880749947,10.474550247192383,3.1367650032043457,44.58360290527344,0.7276492118835449,1.4683725833892822,0.6324960589408875,0.03879344090819359,14.112417221069336,0.37017238997594104,0.047115209776913934,0.33598393201828003,0.5303298234939575,0.37498490793613254,5.005745638498344,38.88006591796875,28.03506088256836
00906N.png,1.7091,0.581850528717041,0.3010334704941324,0.8797521051739033,5.6135969161987305,45.182945251464844,0.7447431684089726,0.50216342817778,6.547665119171143,1.8304781265860885,12.289773941040039,3.9646968841552734,41.96196365356445,0.7149695158004761,1.4457037448883057,0.6652275323867798,0.035366594791412354,14.514068603515625,0.4249862662269059,0.053670822109664125,0.3587319254875183,0.511334240436554,0.4137934215330452,4.62658479230665,35.61834716796875,33.02365493774414
00910N.png,1.7186,0.7547327876091003,0.3158714286829675,0.8754554365688397,5.890293598175049,48.29753875732422,0.8568141361509286,0.54003724615324,6.6148271560668945,1.9750101133827869,13.473173141479492,4.20944356918335,60.92736053466797,0.6511378884315491,1.5514914989471436,0.6808048486709595,0.04625639319419861,13.348282814025879,0.4619991164289462,0.04618997613196881,0.38677939772605896,0.5025802254676819,0.4397779790955728,4.460110280227397,35.14715576171875,29.429889678955078
00914N.png,1.712,0.6173862814903259,0.28372812143549214,0.871601324103034,5.947479248046875,44.7744026184082,0.795606705182867,0.4960733392929871,6.509037494659424,1.7671363504063429,12.306382179260254,3.9017302989959717,41.591121673583984,0.6552838683128357,1.3609707355499268,0.6459088921546936,0.03683517500758171,14.337373733520508,0.44233976852094564,0.0561407612828135,0.37414461374282837,0.4778251349925995,0.4216820198456279,4.5460328109597,36.30242919921875,39.104881286621094
00918N.png,1.7191,0.6344999074935913,0.32627082559263626,0.8807350517355207,6.025931358337402,43.727317810058594,0.8401669069850737,0.4803242677213297,6.73499870300293,2.081764640251283,12.002992630004883,3.8252296447753906,48.212608337402344,0.696057140827179,1.3070502281188965,0.6093949675559998,0.03694772347807884,14.32412338256836,0.41966360684469334,0.05789935863385508,0.3901231288909912,0.49766889214515686,0.39889517479158787,4.7041453821637065,36.83221435546875,31.499353408813477
00922N.png,1.708,0.5523072481155396,0.34538444272230107,0.8802559169702249,5.717346668243408,41.2730827331543,0.7965481155337264,0.49476671874608014,6.755289077758789,2.15393259347673,11.160874366760254,3.5732643604278564,40.772369384765625,0.7135193347930908,1.4093246459960938,0.6387772560119629,0.03308103233575821,14.804210662841797,0.4216326117961095,0.0565177377189407,0.3699115812778473,0.47188031673431396,0.4087204905933227,5.055206693589447,40.09295654296875,29.149372100830078
00927N.png,1.7145,0.5848557949066162,0.31925720443858757,0.8773673336351031,5.869315147399902,45.834774017333984,0.7998612556025689,0.5319191125607375,6.776065349578857,2.0185694151284466,11.551020622253418,4.019441604614258,40.89348220825195,0.7036701440811157,1.5047671794891357,0.6325924396514893,0.031045682728290558,15.079988479614258,0.43283942859636776,0.05466848445724395,0.38613104820251465,0.4995059370994568,0.3998350037811465,4.184910341530962,29.89862060546875,37.929561614990234
00931N.png,1.7429,0.6797052621841431,0.3789818246687292,0.8824197540385202,6.01258659362793,44.45631790161133,0.8829798560477904,0.5129042133017224,7.091361045837402,2.483084974308639,12.087423324584961,3.891368865966797,53.123756408691406,0.7115554809570312,1.4408173561096191,0.6440141201019287,0.035528600215911865,14.494218826293945,0.4214878319252675,0.05548575353834239,0.41560912132263184,0.5091205835342407,0.3989745255737525,4.664235252443603,37.95477294921875,32.99007797241211
00935N.png,1.7125,0.6165075898170471,0.3356237060435058,0.8745341951924168,5.616844654083252,47.03679656982422,0.7919758978169384,0.52044086252987,6.744535446166992,2.074391310748336,12.642459869384766,4.105565071105957,47.26342010498047,0.6564911603927612,1.3465036153793335,0.7421140670776367,0.04101281240582466,13.870803833007812,0.45944204523159327,0.05395095958009264,0.36932170391082764,0.4789477586746216,0.46859863282664044,5.403598802935097,41.23114013671875,34.93383026123047
00939N.png,1.7345,0.569266140460968,0.34367635272231745,0.8779274607498899,5.591341018676758,44.68195343017578,0.7943090244474367,0.5034741081470084,6.815099716186523,2.1319055927805106,12.87015438079834,3.9098010063171387,39.56040954589844,0.7019726037979126,1.4604620933532715,0.6882304549217224,0.03298158198595047,14.817285537719727,0.4388222044633011,0.05211734889643803,0.3777410089969635,0.5049247741699219,0.4179274431048076,5.182053415326135,39.47235107421875,34.857421875
00943N.png,1.718,0.6313639283180237,0.40782299773365505,0.8779159654044106,5.435837745666504,48.96847152709961,0.7740557120830018,0.5052827048591587,6.732089519500732,2.4811865681255156,14.324188232421875,4.269426345825195,45.58228302001953,0.7038809061050415,1.4709515571594238,0.688549280166626,0.0397876538336277,14.00251579284668,0.4789122582894214,0.048723624762659845,0.35880517959594727,0.5011094808578491,0.4206086381275561,5.115557910002136,37.64031982421875,38.6851806640625
00947N.png,1.729,0.7160921692848206,0.3698068814965113,0.8943717616869452,6.142954349517822,44.91626739501953,0.8014218142121066,0.48441105438051546,6.719877243041992,2.3783874924828616,13.584433555603027,3.9565048217773438,52.394344329833984,0.7639919519424438,1.395749807357788,0.6051603555679321,0.03599974140524864,14.437006950378418,0.41931798700891393,0.04847255646524908,0.36959755420684814,0.502575159072876,0.38306995816367984,4.649210038750969,35.57684326171875,29.9049072265625
00951N.png,1.7025,0.44797882437705994,0.3436648137134021,0.8866925381205247,4.712812423706055,34.41270446777344,0.5724867530801641,0.41821307458394924,5.884742736816406,1.821008449176583,9.923383712768555,2.9800992012023926,28.02497100830078,0.7719608545303345,1.4644378423690796,0.7354542016983032,0.044072285294532776,13.558344841003418,0.4350007420677171,0.041841900350391946,0.2673776149749756,0.4911726117134094,0.43899436308360995,4.569153167726213,31.59686279296875,30.833934783935547
00955N.png,1.713,0.48305603861808777,0.32557432607681636,0.8831285746221591,4.661350250244141,36.2146110534668,0.6452869831010413,0.46377500790144177,5.913089752197266,1.7213880548774174,9.882190704345703,3.1414995193481445,30.33608055114746,0.7505719065666199,1.4586691856384277,0.7575333118438721,0.044703539460897446,13.496581077575684,0.4521759432581691,0.03818019893199277,0.2974286675453186,0.50090092420578,0.46831752574049407,4.768163278694236,29.98553466796875,29.181194305419922
00959N.png,1.7099,0.5937730073928833,0.3346522402148376,0.8817756222480715,4.477046489715576,43.58491897583008,0.6544793365230106,0.424558609295159,6.122016906738281,1.7735053965065344,11.993559837341309,3.8073999881744385,37.80628204345703,0.7326134443283081,1.4482465982437134,0.7625913023948669,0.048519037663936615,13.140878677368164,0.47388300712046477,0.03578057746524686,0.3028450012207031,0.505546510219574,0.4736674854423743,4.649062743378134,29.14520263671875,29.56527328491211
00964N.png,1.6942,0.4189211130142212,0.5044517900638885,0.8730834547873423,2.6639325618743896,25.84303092956543,0.29846836419326406,0.2837279745442658,5.1739397048950195,1.9769217620176391,9.847538948059082,2.1663310527801514,34.197235107421875,0.6150517463684082,1.1393758058547974,0.964141309261322,0.06827232986688614,11.657552719116211,0.5190877178036499,0.026361942395555393,0.1249435693025589,0.4168030023574829,0.6035690498569732,6.332572655724058,54.00311279296875,32.47577667236328
00968N.png,1.6938,0.4591434895992279,0.3990235966194423,0.8911901393002287,4.244931697845459,28.671863555908203,0.4922190086589273,0.35929882090152315,5.752359390258789,1.9945833674176185,8.78928279876709,2.4257500171661377,29.119401931762695,0.7579299211502075,1.3088186979293823,0.8898131847381592,0.04967736452817917,13.03841495513916,0.4182566637354606,0.049111535253582465,0.233878493309021,0.4927123188972473,0.5186557289956429,5.65237791694815,44.31414794921875,29.725841522216797
00972N.png,1.7118,0.4531126022338867,0.31415222617188066,0.8739482204587239,4.7093000411987305,29.39859390258789,0.5810843197622397,0.4030669931126663,5.973763465881348,1.6780586604811987,8.217513084411621,2.5025217533111572,26.426673889160156,0.6750937104225159,1.3441812992095947,0.8564691543579102,0.04597911238670349,13.374394416809082,0.420477507771896,0.05280054900192476,0.27131879329681396,0.48080044984817505,0.5037626803340417,5.584970443438883,42.27117919921875,28.939842224121094
00976N.png,1.6889,0.5040571689605713,0.36550636747152887,0.8751215544731306,4.955410003662109,30.514415740966797,0.7288510713882835,0.48731881437041163,6.372609615325928,2.0702373514850407,9.079686164855957,2.56892991065979,37.476383209228516,0.592272937297821,1.3375074863433838,0.7794875502586365,0.03882959112524986,14.108372688293457,0.4226537333800995,0.051922212094199054,0.34720271825790405,0.4969285726547241,0.4905156538838543,5.950013401027484,46.48651123046875,27.01791000366211
00980N.png,1.6994,0.4248024523258209,0.3678812960087183,0.869011551783933,4.464991569519043,20.69463348388672,0.570997927631413,0.35682126850050294,5.829005241394043,1.8934901905438934,6.217491149902344,1.711531162261963,18.813461303710938,0.6168057322502136,1.453222393989563,0.9922683835029602,0.04459907487034798,13.506741523742676,0.38411554699427963,0.036264789841741245,0.26912564039230347,0.490871787071228,0.5150938163711035,6.00980763163399,42.47576904296875,22.08526611328125
00984N.png,1.6925,0.5391425490379333,0.335489931769953,0.8771991779582177,4.559010028839111,31.151334762573242,0.5651937693929288,0.35827562618243397,5.980499267578125,1.767954844896991,10.762507438659668,2.6610493659973145,30.295156478881836,0.7126802802085876,1.4328795671463013,0.8677326440811157,0.047820594161748886,13.203850746154785,0.465310474854067,0.040434018514503844,0.26303574442863464,0.5025502443313599,0.4844454979576536,5.346292349896268,41.70135498046875,28.026409149169922
00988N.png,1.6863,0.4669165015220642,0.3064904759960749,0.8845949441930758,4.219167709350586,27.371166229248047,0.5197098805375401,0.3337570385911424,5.644641876220703,1.5115865382466538,9.056979179382324,2.3070712089538574,23.75250816345215,0.7364931106567383,1.4518587589263916,0.838657557964325,0.048216842114925385,13.168011665344238,0.4300962135127483,0.040194830997391934,0.2437652349472046,0.4809926748275757,0.47417060476190337,5.222692413875197,36.43035888671875,24.678380966186523
00992N.png,1.6836,0.4059574604034424,0.303993527717085,0.8722526333508008,4.099221706390381,25.802026748657227,0.4688647765953058,0.38211546733902374,5.514673233032227,1.4612853582551661,7.995367527008057,2.174740791320801,22.082122802734375,0.6910330057144165,1.3975083827972412,0.8903218507766724,0.05102995038032532,12.921748161315918,0.43326748124102654,0.044541216936660445,0.2191697359085083,0.46011120080947876,0.5069749567695488,5.548351960163499,40.74139404296875,24.742385864257812
00996N.png,1.6938,0.376738041639328,0.3127334091824211,0.8685917311310957,4.260780334472656,27.222105026245117,0.5070597277244682,0.4776411090280763,5.8323869705200195,1.57823964740858,8.239302635192871,2.2911574840545654,24.265167236328125,0.6509107947349548,1.3223313093185425,0.8688815236091614,0.05049997568130493,12.96708869934082,0.4156691849655225,0.05566345268469527,0.23847024142742157,0.45640671253204346,0.5125461562000778,5.467315835444735,40.75506591796875,25.07540512084961
01000N.png,1.692,0.42125314474105835,0.3287663752333053,0.8695067239279131,4.2762932777404785,24.960731506347656,0.5103023193074002,0.3959781765682093,5.734464645385742,1.6456050375495899,7.847197532653809,2.1063590049743652,27.109779357910156,0.6261497735977173,1.2631535530090332,0.8917669057846069,0.05220337212085724,12.823014259338379,0.41702931991153924,0.042321552978275064,0.23582491278648376,0.4740098714828491,0.5142859462995911,5.580356135058791,41.75946044921875,31.830459594726562
01004N.png,1.7,0.41775044798851013,0.3407546473817672,0.8927434270991017,4.686992168426514,22.04964828491211,0.5690086106472209,0.404034262898164,5.811492919921875,1.7887089025224565,6.660675048828125,1.8378911018371582,27.974058151245117,0.784447431564331,1.4697859287261963,0.7787056565284729,0.040898993611335754,13.882874488830566,0.35478594849432515,0.040543398844870945,0.265592098236084,0.5023627877235413,0.44467014524667664,5.986997626356881,43.66229248046875,22.09066390991211
01008N.png,1.6875,0.6290841698646545,0.327370145485343,0.8810374303057459,4.697813034057617,24.81536865234375,0.5920272133663496,0.42074540983027187,5.872781276702881,1.7302533009857743,7.846987247467041,2.1006507873535156,40.014034271240234,0.7049264311790466,1.6651875972747803,0.8536965847015381,0.04961113631725311,13.044209480285645,0.4028585645995906,0.029581068511007648,0.26343393325805664,0.48301243782043457,0.49370563879492646,5.910399035407324,46.88006591796875,23.325218200683594
01012N.png,1.6975,0.5393648147583008,0.3414444603869401,0.8805361327039992,4.420348644256592,27.69527816772461,0.4951927869311208,0.36022895426746004,5.770661354064941,1.739837339300177,8.845991134643555,2.3410253524780273,32.70389175415039,0.7226645946502686,1.487980842590332,0.8532099723815918,0.05076772719621658,12.944124221801758,0.4450779030396397,0.03368056432576792,0.23473893105983734,0.5062304139137268,0.484883561588378,5.727100651323195,40.49725341796875,35.58441162109375
01016N.png,1.701,0.5478498339653015,0.33688211035548127,0.8826739495541718,4.9565606117248535,29.723005294799805,0.6192093242901479,0.4139320659906783,6.133357524871826,1.8680026425212102,9.406035423278809,2.5369725227355957,35.59925079345703,0.7503155469894409,1.534179449081421,0.7998002767562866,0.04325566440820694,13.639570236206055,0.4386835270388403,0.03901270523942615,0.2867722511291504,0.5035342574119568,0.4654475822714854,5.84840234697037,42.88494873046875,32.90753173828125
01020N.png,1.7074,0.5216114521026611,0.34791488230213174,0.8707540294624967,5.283609390258789,38.829647064208984,0.7717741394019295,0.48862035297391193,6.633017539978027,2.0729913637571435,11.230795860290527,3.3557841777801514,36.59893035888672,0.5447663068771362,1.5548956394195557,0.8266779184341431,0.03868139162659645,14.124979019165039,0.4909217866869127,0.049466120666849765,0.3567953109741211,0.463323175907135,0.5217225214459409,5.70631061732132,45.59686279296875,35.516448974609375
01024N.png,1.7077,0.4880589544773102,0.44262413157767355,0.8758521644339927,4.472867012023926,32.21501541137695,0.6919231589536938,0.47457821679224804,6.4821367263793945,2.4244813034388564,9.066145896911621,2.738788604736328,41.344329833984375,0.4822903573513031,0.9202192425727844,1.0453300476074219,0.05502799153327942,12.59416389465332,0.4893044408572827,0.06089531815747428,0.3135743737220764,0.45946359634399414,0.6280096039858976,5.712762354913003,39.16180419921875,36.597564697265625
01028N.png,1.7256,0.45401129126548767,0.34633548112352713,0.8691111480334313,4.197297096252441,28.485618591308594,0.6137428644957326,0.3700408334435706,5.822421073913574,1.7350973453060146,8.035888671875,2.416731119155884,23.102121353149414,0.6895792484283447,1.3662521839141846,0.8752084970474243,0.048229821026325226,13.166845321655273,0.4714032618306579,0.043616357188432965,0.27986273169517517,0.4703212380409241,0.5430732424740526,4.919797933184814,34.03729248046875,34.469886779785156
01033N.png,1.7177,0.4877220690250397,0.31986428692086794,0.8682928378103115,4.42496919631958,32.22380447387695,0.651135407029828,0.4146423015777229,5.924647808074951,1.6552412338109228,9.178133010864258,2.751274585723877,28.861032485961914,0.6759749054908752,1.4755127429962158,0.8869327306747437,0.04732918739318848,13.248710632324219,0.48783777571968884,0.034672151042710014,0.29591771960258484,0.478376567363739,0.5295269703417281,4.800657430262509,34.59588623046875,32.95716094970703
01037N.png,1.7043,0.49304017424583435,0.34196286559666295,0.8755292139418921,5.010745048522949,32.4257698059082,0.6745767572281246,0.44717616541857935,6.303773403167725,1.9345777434209985,9.258094787597656,2.7774133682250977,31.825000762939453,0.7140532732009888,1.5028595924377441,0.8259680867195129,0.03848186507821083,14.147439956665039,0.4254208364767376,0.05568102455918034,0.32751497626304626,0.5149611234664917,0.4803818387010635,5.269734643918106,42.19989013671875,27.89265251159668
01041N.png,1.6986,0.5007308125495911,0.3532335796148713,0.8705453617981759,5.122396945953369,39.1877555847168,0.7731373754142841,0.5018820955018873,6.573861122131348,2.0657611082543283,10.536494255065918,3.3948709964752197,32.93350601196289,0.6491739749908447,1.4223003387451172,0.8132867813110352,0.03338279575109482,14.764774322509766,0.457135863294315,0.05948367734757816,0.37314826250076294,0.4984279274940491,0.49109420306216633,5.113720332624729,43.20672607421875,30.18062400817871
01045N.png,1.6985,0.4794059991836548,0.26646598525010523,0.8722586495775926,5.267908096313477,40.42832946777344,0.6996518950769957,0.505149633402513,6.171292781829834,1.5240830951377191,11.15877628326416,3.497023582458496,30.34836769104004,0.6810275316238403,1.4207568168640137,0.7531917095184326,0.03468754142522812,14.598264694213867,0.4519566918765427,0.05264431869724441,0.3483801484107971,0.5344609022140503,0.4609107227959335,5.474346265243114,43.72430419921875,33.997291564941406
01049N.png,1.6949,0.528161346912384,0.2841043182005517,0.866717399231334,5.163443565368652,36.964141845703125,0.7227348391632767,0.4629505846456139,6.190136909484863,1.6128049896370626,10.980524063110352,3.186173677444458,30.209104537963867,0.6386049389839172,1.460319995880127,0.776220440864563,0.03554902970790863,14.491724014282227,0.45163581749793896,0.04705149034556434,0.3506506681442261,0.5143469572067261,0.4597154294208221,5.160237779529074,41.93621826171875,37.25263595581055
01053N.png,1.6886,0.5383392572402954,0.31365895655260156,0.8714563133860111,5.330222129821777,36.021575927734375,0.773762591783119,0.4731009540370562,6.319528579711914,1.8270291629679178,11.102401733398438,3.0909435749053955,32.56284713745117,0.6050693392753601,1.4717273712158203,0.7658615112304688,0.03459829464554787,14.609453201293945,0.4458715535007576,0.04449877977375147,0.359291136264801,0.5174831748008728,0.453652156519537,5.739100504153605,45.69207763671875,34.756134033203125
01057N.png,1.706,0.5516917705535889,0.2870838852894662,0.8807077871080734,5.665627956390381,33.8365592956543,0.7585901373449697,0.47537050296855393,6.043320178985596,1.6807295883396272,10.51684284210205,2.9175703525543213,33.32613754272461,0.6922435760498047,1.5612499713897705,0.6966713070869446,0.029952233657240868,15.235708236694336,0.4106035330692439,0.04695663346715436,0.367157906293869,0.5379136800765991,0.4051962325231748,5.165342338911194,40.78240966796875,35.82554626464844
01061N.png,1.7171,0.6704128384590149,0.354539336368371,0.8771234179646035,5.902113437652588,42.27407455444336,0.8762783213612984,0.5099355785531651,6.566312313079834,2.2102793329409156,12.877164840698242,3.6547176837921143,46.00693893432617,0.6427030563354492,1.5617985725402832,0.7247765064239502,0.03311748802661896,14.799427032470703,0.45203389900201,0.049220126487668305,0.4094155430793762,0.5309892296791077,0.4255051026560817,5.257629201395198,44.83660888671875,34.857032775878906
01066N.png,1.6933,0.45485615730285645,0.2790987663375805,0.868312614712661,4.903828144073486,28.582462310791016,0.6509269971572462,0.40847783656067266,5.917760848999023,1.5101504412937228,9.127445220947266,2.4109692573547363,23.32119369506836,0.5925581455230713,1.4072332382202148,0.877761960029602,0.0374235063791275,14.268556594848633,0.4628255087835021,0.04502475055229839,0.293321430683136,0.5051833987236023,0.5351936298194999,6.091609005038971,50.21307373046875,35.42528533935547
01070N.png,1.7144,0.5024601817131042,0.32049248298061556,0.8694735994189857,5.366030216217041,34.17526626586914,0.8097421319489809,0.5034302391342761,6.522160053253174,1.905042843326905,9.875009536743164,2.927053213119507,30.552305221557617,0.5222741961479187,1.3856760263442993,0.8121801614761353,0.028992243111133575,15.377182960510254,0.46721837809671735,0.04271243079980844,0.39218178391456604,0.521186351776123,0.4759637046435249,5.193876253364287,43.99871826171875,32.06610870361328
01074N.png,1.7107,0.49394136667251587,0.36797748910167355,0.8685033580007103,5.107536792755127,34.360816955566406,0.8297311411075561,0.506381974488258,6.503425598144531,2.1362920221909594,9.88965892791748,2.9318859577178955,30.553991317749023,0.4964238405227661,1.5020025968551636,0.9646113514900208,0.03266431763768196,14.859265327453613,0.5109423464036249,0.04096741032588658,0.36969131231307983,0.4983329772949219,0.5971374808693725,5.305953767875837,45.28924560546875,37.023193359375
01078N.png,1.6957,0.521119236946106,0.35782965221337665,0.8709007398142375,5.059879302978516,29.776477813720703,0.7803973733032157,0.4664560985605655,6.447393894195557,2.0588273548602647,8.826959609985352,2.5339629650115967,32.25902557373047,0.5035664439201355,1.5718541145324707,0.9415507912635803,0.03709568828344345,14.30676555633545,0.49271288394620455,0.04074932284146475,0.3413977324962616,0.48721107840538025,0.5854374534924139,5.936119326451984,48.38250732421875,36.5279541015625
01082N.png,1.6958,0.45033082365989685,0.29604455168502425,0.8641887706911641,5.184933185577393,26.719436645507812,0.7479697776418729,0.4380607133925887,6.252286911010742,1.692967882872047,6.46278715133667,2.2370500564575195,21.19333839416504,0.5294783115386963,1.5964686870574951,1.0435206890106201,0.03652298450469971,14.374337196350098,0.478512824981313,0.05034033126520565,0.31991833448410034,0.5051469802856445,0.5900700336528353,5.841756641649049,49.93280029296875,33.97114181518555
01086N.png,1.7185,0.5159687399864197,0.3285847009956776,0.8684764676733696,5.21358060836792,40.82019805908203,0.7594995943055607,0.508764915426451,6.588452339172363,1.9389888248332081,11.185690879821777,3.5223946571350098,36.618160247802734,0.5876754522323608,1.4650309085845947,0.8925994038581848,0.0417114719748497,13.797445297241211,0.5145650782572966,0.05374945664191991,0.34255677461624146,0.4746084213256836,0.5439064132199757,5.745933474183534,44.34149169921875,29.278026580810547
01090N.png,1.7055,0.5028269290924072,0.2962204674026003,0.868461184364295,5.3371195793151855,41.75456619262695,0.8069605429948369,0.5006943706300215,6.71909236907959,1.785652874700924,10.516495704650879,3.58724045753479,32.131553649902344,0.6423364877700806,1.534271478652954,0.8271975517272949,0.03743276372551918,14.267481803894043,0.5227572074352549,0.04862539215399074,0.3738114535808563,0.5137566328048706,0.5040598949589594,5.178470476308609,44.55731201171875,36.19532775878906
01094N.png,1.7166,0.6478865742683411,0.3133732455045952,0.8750962556141048,5.539281845092773,47.103206634521484,0.8109195320910519,0.5245248098668345,6.616755962371826,1.9046935472407256,13.972604751586914,4.101375579833984,46.93617248535156,0.604855477809906,1.3646681308746338,0.7411620616912842,0.03867573291063309,14.125614166259766,0.49681566444330244,0.053595869038602674,0.37607789039611816,0.5027735233306885,0.4758877817396456,6.15151589809395,46.73358154296875,34.166324615478516
01098N.png,1.7199,0.5426220893859863,0.35926041340190773,0.8739472851905281,5.137749671936035,49.23987579345703,0.8049986777756838,0.5296256623437117,6.888606071472168,2.160302387521055,13.140466690063477,4.295801162719727,43.21168899536133,0.5539538264274597,1.4135830402374268,0.8343580961227417,0.039105311036109924,14.077643394470215,0.5360181894212893,0.05276178938154345,0.37476664781570435,0.49694955348968506,0.558276651000306,5.519184640257,46.48992919921875,28.791484832763672
01102N.png,1.7344,0.5360737442970276,0.34206310487492103,0.8729345894381207,5.194920539855957,40.29073715209961,0.7162998290351086,0.4758834298049446,6.462192535400391,1.9937396059488606,11.947781562805176,3.4468746185302734,34.3813362121582,0.69878089427948,1.3631598949432373,0.8441450595855713,0.03906886279582977,14.081692695617676,0.4939536102003276,0.0467050189403982,0.3337618410587311,0.5136189460754395,0.49777203055728003,5.058995061539719,43.03826904296875,28.429792404174805
01106N.png,1.7078,0.5048670172691345,0.3588330160642927,0.869819627767454,4.322473049163818,32.88990783691406,0.5446185701217467,0.3808273385895291,6.124720573425293,1.8744046774257406,11.218256950378418,2.79831600189209,30.21610450744629,0.5838791131973267,1.1515798568725586,0.9461695551872253,0.05146223306655884,12.885113716125488,0.4922129568534965,0.04042032647119552,0.24465587735176086,0.4744068384170532,0.5867131425904117,5.786618084932007,46.83221435546875,34.30339813232422
01110N.png,1.7056,0.6703397035598755,0.3993852912139306,0.8747556360016422,5.011392116546631,35.252742767333984,0.7341445843872503,0.46138550170644466,6.57007360458374,2.312739772590815,11.52538776397705,3.026350975036621,45.061038970947266,0.5499576926231384,1.3523576259613037,0.859316349029541,0.04948442056775093,13.055315017700195,0.49401461876315916,0.03653983400994164,0.3236801326274872,0.483487069606781,0.5482560361239665,5.739476737841326,46.92108154296875,34.85415267944336
01114N.png,1.7232,0.6832709908485413,0.36549948654438724,0.8740163614396206,5.431044578552246,46.065738677978516,0.8174276842295769,0.5067111727212432,6.742615699768066,2.2247390085859937,14.426164627075195,4.023877143859863,48.773040771484375,0.5000973343849182,1.3832424879074097,0.8318493962287903,0.04891246557235718,13.105803489685059,0.5386072697714668,0.04218560578446329,0.3648865818977356,0.49420762062072754,0.5346304742039372,5.516314650985928,42.12078857421875,30.623252868652344
01118N.png,1.7532,0.555231511592865,0.33253827766852545,0.8697242731206781,4.878117084503174,32.5103759765625,0.6211289507346047,0.4329183837671209,6.2138214111328125,1.844252290507745,10.308463096618652,2.760960340499878,34.80421829223633,0.5982959270477295,1.3985991477966309,0.9790475368499756,0.04825696721673012,13.164400100708008,0.49383177487969526,0.03797811020251434,0.27297529578208923,0.49274516105651855,0.5753878355932127,6.4135803911868035,51.65252685546875,40.11372375488281
01122N.png,1.8248,0.5918096899986267,0.34595277328581375,0.8821348304947402,4.6523847579956055,28.35647201538086,0.5444682020573458,0.41155664662414876,6.039312362670898,1.8494163586691545,9.620516777038574,2.3960094451904297,36.41823196411133,0.6854977607727051,1.6742446422576904,0.9063352346420288,0.048885032534599304,13.10824203491211,0.4711383646016442,0.03015045064517977,0.23871666193008423,0.47949355840682983,0.5343870273200908,6.301429067727576,53.46600341796875,38.731414794921875
01126N.png,1.7878,0.7834421396255493,0.3673126865170897,0.9036333393411401,5.59119987487793,36.76189041137695,0.7208445876693294,0.47495380978017904,6.178606033325195,2.161605319370196,12.439417839050293,3.1519596576690674,50.984474182128906,0.7717199325561523,1.7167377471923828,0.7298884391784668,0.040837183594703674,13.88944149017334,0.4565918350193714,0.046019085529028295,0.3311370611190796,0.5229438543319702,0.4461627704792969,6.229387336323128,51.04168701171875,33.90837860107422
01130N.png,1.7331,0.5268548130989075,0.3374592082661952,0.8753004062217704,4.654629707336426,34.70649337768555,0.6634882473179159,0.4812817744687579,6.371422290802002,1.8604263527298563,10.312579154968262,2.9871318340301514,35.02046203613281,0.6264146566390991,1.3507540225982666,0.8184545636177063,0.04459725320339203,13.506918907165527,0.4839071214668342,0.044338431767621526,0.3026893436908722,0.48292210698127747,0.54863898379211,5.802639900909353,49.59393310546875,32.09830093383789
01135N.png,1.7253,0.463750422000885,0.44855246682279215,0.8802621374726843,4.209657669067383,28.625762939453125,0.6859368374583352,0.44700889382304715,6.474442005157471,2.3961966126686605,7.903007507324219,2.4317667484283447,33.629337310791016,0.4176669418811798,0.8996419310569763,0.984632134437561,0.04553700238466263,13.416356086730957,0.4871417099053946,0.050322371044617245,0.3029126524925232,0.45236945152282715,0.6633272190830825,5.7508897918560855,47.69451904296875,22.534374237060547
01139N.png,1.7247,0.44797688722610474,0.4229966888158474,0.8744737343904293,4.010683059692383,31.36753273010254,0.5079369013017618,0.38153714874460765,6.125450134277344,2.1437819181485374,9.54340934753418,2.6576285362243652,32.218788146972656,0.5829669237136841,1.0244276523590088,0.9319653511047363,0.052436694502830505,12.803647994995117,0.4892351510748058,0.04613517431557596,0.23541107773780823,0.473866730928421,0.5905081984997709,5.771664037703513,50.13397216796875,32.54060363769531
01144N.png,1.7238,0.532139778137207,0.3844674729905675,0.8730894544663648,4.787036895751953,34.11530685424805,0.651944482384834,0.45318199667836234,6.501761436462402,2.170093804273403,10.616061210632324,2.919679641723633,40.499481201171875,0.5299112796783447,1.0938129425048828,0.9590053558349609,0.053447820246219635,12.720699310302734,0.5087979992889393,0.031260465452878874,0.2813931703567505,0.4732484817504883,0.6108803536856623,5.537770547118087,49.49676513671875,31.709259033203125
01148N.png,1.7193,0.5168379545211792,0.3377065583328165,0.8728658365285021,5.384098529815674,35.21819305419922,0.8116602289792465,0.48567470622838776,6.5160369873046875,2.009382290696445,9.377182006835938,3.011657476425171,38.06233215332031,0.4788312315940857,1.2301025390625,0.8547333478927612,0.04163432493805885,13.805484771728516,0.5027045209010628,0.04452706412916469,0.3634556531906128,0.4428427517414093,0.5760084371095989,5.926076171909596,49.96990966796875,29.200145721435547
01152N.png,1.79,0.6020471453666687,0.3422892653293075,0.8733867156174278,5.236974716186523,38.09007263183594,0.7977725364389453,0.4604453107459389,6.509372234344482,2.010329700260707,11.143933296203613,3.3137824535369873,41.87956237792969,0.5039747357368469,1.2916220426559448,0.757710874080658,0.04418051615357399,13.54769229888916,0.5039999466628372,0.04023645583299388,0.3657749891281128,0.46994543075561523,0.5375190809869094,5.766774373611019,47.36346435546875,27.722156524658203
01158N.png,1.7429,0.590536892414093,0.34547821572692555,0.8763328251450999,5.713112831115723,44.20232009887695,0.8840240245488793,0.5158231884322095,6.897789001464844,2.1784014220342325,11.450833320617676,3.8414599895477295,41.782264709472656,0.5819879770278931,1.323722004890442,0.7165252566337585,0.03378121927380562,14.713247299194336,0.4903505009050319,0.05139362219021599,0.41719213128089905,0.4898001551628113,0.508819472661195,5.485480882508621,47.51141357421875,34.100013732910156
01162N.png,1.7217,0.7298983335494995,0.39069981047332425,0.8773125233183687,5.385499477386475,44.37541198730469,0.8049408516530029,0.5130913781524745,6.6258955001831055,2.3464310166707616,13.567249298095703,3.8348886966705322,52.596435546875,0.4825037121772766,1.229598045349121,0.7028524875640869,0.0510256327688694,12.922117233276367,0.5361949649374164,0.03213813839422601,0.35523515939712524,0.46018651127815247,0.5175053876512786,5.740398521088231,50.61346435546875,35.272544860839844
01166N.png,1.7244,0.4914426803588867,0.3487809340530198,0.8723487449970967,4.7147698402404785,34.82325744628906,0.6212846335597932,0.4329656458123084,6.26542854309082,1.9148472479771712,10.7680025100708,2.9697041511535645,33.48912811279297,0.551402747631073,1.1571460962295532,0.8588643074035645,0.04732814431190491,13.24880599975586,0.4766874314935738,0.04051570058169764,0.2764430046081543,0.4594937562942505,0.5468080710881524,5.972572099110412,51.89764404296875,30.13522720336914
01170N.png,1.7371,0.4575788378715515,0.32583756599118757,0.8725283527962312,4.452297687530518,29.214147567749023,0.5263318714003818,0.3893159057440559,6.003488540649414,1.7034489501718966,8.921758651733398,2.468566656112671,30.475406646728516,0.5703246593475342,1.1483856439590454,0.8304842710494995,0.05014923959970474,12.997358322143555,0.4372080640779203,0.04530858790083354,0.2319624125957489,0.438030481338501,0.5257086363270123,6.124207634368042,54.04168701171875,25.811607360839844
01174N.png,1.7308,0.5676019191741943,0.33457387062426736,0.8729809643741369,5.398104190826416,34.43135070800781,0.7161622362549878,0.4497736425645646,6.529572486877441,1.9953497458715663,9.235734939575195,2.9205222129821777,36.93868637084961,0.5577546954154968,1.4537792205810547,0.8085161447525024,0.0400867760181427,13.969988822937012,0.46022193901763403,0.05075886185067534,0.3217041492462158,0.4682581126689911,0.4996324076874099,5.299771588556022,50.77606201171875,31.121177673339844
01178N.png,1.7201,0.7125590443611145,0.49135821510191086,0.8802013332019767,4.791628360748291,42.34575271606445,0.8457460518381098,0.5009498736661179,6.711786270141602,2.8261560801559718,11.760756492614746,3.6765785217285156,58.69474792480469,0.5549379587173462,1.1100562810897827,0.7487800121307373,0.0575433112680912,12.40005111694336,0.5494846558385964,0.04275955318038964,0.380032479763031,0.46636098623275757,0.6002114209260686,6.042550020258844,45.57830810546875,38.00720977783203
01182N.png,1.7302,0.40551242232322693,0.3332570629123186,0.8712294185564773,4.509428024291992,28.630889892578125,0.5440051757761935,0.41126814814761364,5.999695777893066,1.751124762747903,8.7916259765625,2.4203250408172607,28.673847198486328,0.5259119868278503,1.3371230363845825,0.9168570041656494,0.049654968082904816,13.040372848510742,0.48427240331188104,0.03371647864041906,0.23802223801612854,0.45301496982574463,0.5796425859873044,6.076984242263738,50.21990966796875,28.925613403320312
01186N.png,1.7247,0.42246243357658386,0.4071066945157106,0.8806582609640624,4.44344425201416,32.64011764526367,0.6453749702513595,0.45883267293475116,6.522455215454102,2.2321515905271436,7.946828842163086,2.778872489929199,30.26721954345703,0.41243231296539307,1.1087291240692139,0.9932219982147217,0.04902932420372963,13.095440864562988,0.5047958907298672,0.05519557316184991,0.28661417961120605,0.4404836893081665,0.656312818786612,5.476729478960804,47.56365966796875,34.15156555175781
01190N.png,1.7286,0.42868947982788086,0.43980264063321167,0.8752586652115055,4.095264434814453,31.353500366210938,0.6269282657690446,0.3856226008394495,6.456020355224609,2.320248272276567,8.497943878173828,2.6735410690307617,32.04249572753906,0.49177315831184387,1.1237983703613281,1.0454521179199219,0.05033712089061737,12.981117248535156,0.5121624459559083,0.053028126531842856,0.2764122784137726,0.45878520607948303,0.6618930841187515,5.814621749472572,45.09100341796875,33.92926025390625
01194N.png,1.7329,0.47102320194244385,0.36198518007066427,0.876321122238115,4.827453136444092,28.62510108947754,0.6894924125564033,0.4971591758327573,6.301682472229004,2.0142964242926773,6.879481792449951,2.392759084701538,35.50568771362305,0.5115588307380676,1.1589847803115845,1.0157641172409058,0.04721355065703392,13.259333610534668,0.4657060581352474,0.05769440300507566,0.3091265559196472,0.5100879669189453,0.5915058424620192,5.729502944799241,51.16912841796875,28.20371437072754
01198N.png,1.7209,0.388612300157547,0.3323359365070085,0.871042834067753,3.910609722137451,27.705961227416992,0.48204132507412056,0.42909791966047317,5.903666973114014,1.6308230477647694,8.12281322479248,2.3200645446777344,24.544923782348633,0.5571331977844238,1.1663203239440918,1.1051344871520996,0.05527617037296295,12.574620246887207,0.5057632171668069,0.04154434690112662,0.21694037318229675,0.4463726878166199,0.6347050845501522,5.912204415632685,51.86346435546875,31.618593215942383
01202N.png,1.7322,0.4111015796661377,0.3289423734332788,0.8698157089729667,4.138383388519287,27.970834732055664,0.5147551667349443,0.4389404180706064,5.983386993408203,1.6647442790819138,7.807449817657471,2.356736660003662,23.282257080078125,0.5762020349502563,1.322252869606018,1.0512936115264893,0.05148252472281456,12.883401870727539,0.47390712023312864,0.04809511624705643,0.23444414138793945,0.46395713090896606,0.611444079264194,5.934616894443514,50.68133544921875,34.55803680419922
01206N.png,1.7165,0.48098263144493103,0.4206294523387685,0.8723041046450819,3.786191940307617,28.862035751342773,0.46199171778912523,0.3493181219732626,6.084036827087402,2.075860769557533,9.7404203414917,2.4380929470062256,29.71542739868164,0.5639349222183228,1.0993988513946533,1.0337309837341309,0.05775774270296097,12.383898735046387,0.4889644679753783,0.03215647106092252,0.20163699984550476,0.44865578413009644,0.6051049128126551,5.69710499198111,49.61248779296875,29.710546493530273
01210N.png,1.7211,0.6148462295532227,0.3808553782758684,0.8724920920025174,4.010952472686768,34.83142852783203,0.47349762916526406,0.3398524566592391,6.097987174987793,1.9250277767280934,12.417383193969727,2.986940622329712,36.5779914855957,0.5598940253257751,1.3773455619812012,0.9636943936347961,0.05767042934894562,12.39046859741211,0.5137262136174415,0.031016676088117513,0.21205376088619232,0.4595097005367279,0.5746156451383725,5.716295664824473,45.53778076171875,26.94605827331543
01214N.png,1.7579,0.6572930812835693,0.3525919595536183,0.8748408713620336,4.667985916137695,33.76499938964844,0.5371103829387951,0.3576718388858886,6.155904293060303,1.908214086212201,12.227885246276855,2.8725366592407227,36.70980453491211,0.6300243735313416,1.532608151435852,0.8659416437149048,0.05346997454762459,12.718900680541992,0.49225113612429283,0.04009317399991144,0.24046623706817627,0.48125171661376953,0.49282612829132527,5.709610688676659,47.69207763671875,28.615432739257812
01218N.png,1.7196,0.35365861654281616,0.37715068415999564,0.8728682200412873,3.817969799041748,21.62339973449707,0.4214043835188332,0.3923094803975447,5.6890411376953125,1.7927931148586822,6.4883928298950195,1.791853427886963,20.703712463378906,0.5956847667694092,1.0033166408538818,1.0335630178451538,0.05328700691461563,12.733785629272461,0.43305451112374765,0.04706511360297108,0.19311219453811646,0.46804019808769226,0.6117831142516785,5.9942604131055095,51.91229248046875,28.974674224853516
01222N.png,1.7259,0.3863348960876465,0.3072678421110126,0.8719137081002197,4.415911674499512,20.735212326049805,0.5216404556727968,0.5173904831875782,5.754603385925293,1.5625403032112821,4.294959545135498,1.7041147947311401,17.691726684570312,0.4938168525695801,1.1598291397094727,1.1369765996932983,0.0483459047973156,13.156404495239258,0.4093588637490069,0.05021990535934035,0.2388894259929657,0.4636256694793701,0.6624994259466161,5.516642690530692,50.95135498046875,20.634838104248047
01226N.png,1.7164,0.42944103479385376,0.38062280308763285,0.8727153803415904,3.860823631286621,30.02135467529297,0.529946040461224,0.4198512301915082,6.2717461585998535,1.928349433956157,7.932411193847656,2.543299913406372,29.92323875427246,0.5749170184135437,1.0461336374282837,0.9338048696517944,0.05054141581058502,12.963525772094727,0.5054869984543275,0.04363007709622026,0.2395731657743454,0.4636915624141693,0.651327373075299,6.069797627934031,52.16033935546875,26.95070457458496
01230N.png,1.74,0.4809834957122803,0.4946195899897092,0.8781880468430749,3.949018955230713,32.18526840209961,0.7412797343438602,0.463137319307197,6.766782760620117,2.6501306037558194,8.58119010925293,2.7363555431365967,40.96504211425781,0.4858855605125427,1.232981562614441,0.9430060386657715,0.04665835201740265,13.310707092285156,0.5256793999828743,0.032769813545669046,0.33765923976898193,0.48584872484207153,0.6721830591864643,5.6774754468526165,49.11541748046875,32.43656539916992
01234N.png,1.7421,0.43512293696403503,0.3948419324592442,0.8721306315070652,4.140494346618652,29.380613327026367,0.6111625230576516,0.4162967683640527,6.334387302398682,2.067967415942098,8.246793746948242,2.5009546279907227,28.1912841796875,0.5670092105865479,1.3667373657226562,0.9925808906555176,0.044869255274534225,13.480511665344238,0.5232140311960202,0.03398161819943378,0.2727173864841461,0.47461047768592834,0.659002997673156,6.096084322783943,50.29217529296875,26.057571411132812
01238N.png,1.7289,0.4385831952095032,0.4373866627108119,0.8751089331097969,4.0395002365112305,22.147579193115234,0.46671263700937726,0.30294466919683777,5.900839328765869,2.173892861119855,7.01589822769165,1.8305392265319824,24.51470184326172,0.6462548971176147,1.2576045989990234,1.1295721530914307,0.053061917424201965,12.75217056274414,0.4708798554667343,0.042005292973718786,0.19717353582382202,0.4693842828273773,0.659877671602351,6.370748188174219,52.49432373046875,23.900253295898438
01242N.png,1.7279,0.41237008571624756,0.43823765873385384,0.8768466003781636,3.8481979370117188,24.815160751342773,0.531547392424052,0.3330173208488043,6.255832672119141,2.213989874660351,7.4619951248168945,2.0470833778381348,35.92918395996094,0.5883544087409973,1.1067054271697998,1.0741629600524902,0.055408574640750885,12.564230918884277,0.4555531578968237,0.05404003595015136,0.2291470170021057,0.4632342457771301,0.6668431486786044,5.806367653223825,47.47625732421875,25.106531143188477
01246N.png,1.7408,0.41490674018859863,0.3860053686974445,0.8796359041847702,4.028645038604736,29.050867080688477,0.4255905421183169,0.304143644956046,5.907577991485596,1.9177237900773427,8.766844749450684,2.462740182876587,25.744016647338867,0.6753227710723877,1.175687551498413,0.997134804725647,0.05314864218235016,12.745079040527344,0.4950985433157321,0.04810867030729906,0.19369876384735107,0.462833434343338,0.6155065430891544,5.7548448019091225,49.31024169921875,31.403411865234375
01250N.png,1.7382,0.4669703245162964,0.453496296895492,0.8762566732913759,4.560457706451416,31.902332305908203,0.7028963585592918,0.42025721100840885,6.6607666015625,2.544398867507349,9.238241195678711,2.718343496322632,37.11794662475586,0.5706107020378113,1.289400339126587,0.9552556276321411,0.04454731568694115,13.511785507202148,0.5063762599907021,0.05043725754678053,0.3071289658546448,0.46947377920150757,0.6045533144789764,5.4766440844286635,46.12908935546875,27.563034057617188
01254N.png,1.7409,0.4502728283405304,0.4001715468862399,0.8785174643622206,4.155411720275879,27.06669044494629,0.43918906809810704,0.3469920529047561,5.966158866882324,2.025188372412991,8.878314018249512,2.2617359161376953,33.08567428588867,0.6673982739448547,1.1501094102859497,1.0104923248291016,0.05720400810241699,12.425736427307129,0.4679906481318155,0.040447605473550065,0.19152633845806122,0.4639432430267334,0.5811117748433307,5.94682217849369,52.18719482421875,33.239925384521484
01258N.png,1.7555,0.3733968734741211,0.3909937330709451,0.8786634101977016,4.136275291442871,26.47639274597168,0.4413759434151009,0.4399945644389422,6.0438079833984375,1.990179893453032,8.331465721130371,2.214923858642578,31.552865982055664,0.6693328022956848,1.0988001823425293,0.9849869012832642,0.056235264986753464,12.49991226196289,0.459234740712135,0.046986082225055695,0.19611257314682007,0.47235924005508423,0.5719284541979293,5.6020919960062665,50.63104248046875,32.06803512573242
01262N.png,1.7537,0.40055903792381287,0.3489973170543188,0.8767847117106227,4.547611236572266,32.62416076660156,0.5210866812069778,0.46548423398471805,6.391373634338379,1.908843232048195,9.044744491577148,2.7534382343292236,32.494056701660156,0.6707035899162292,1.102665901184082,0.9126119613647461,0.05313283950090408,12.746370315551758,0.47390023289334315,0.054440774607472174,0.2342747449874878,0.47895678877830505,0.5534248844910231,5.833803530404873,53.19647216796875,30.852312088012695
01266N.png,1.7472,0.466248482465744,0.37176772258158625,0.8777333820365206,4.5213303565979,29.187185287475586,0.5213324009700764,0.3900922946431679,6.2240800857543945,1.9974041858189189,9.227620124816895,2.457631826400757,30.45439910888672,0.641443133354187,1.0287095308303833,0.961661696434021,0.05007248371839523,13.004008293151855,0.4672704769287175,0.04174015253713053,0.23640337586402893,0.48999321460723877,0.558485265670658,5.861900854117854,49.62615966796875,34.28019332885742
01270N.png,1.735,0.45152801275253296,0.4142240943524313,0.8813304177797768,4.402743339538574,25.000926971435547,0.5151539008308232,0.37292142975981374,6.298541069030762,2.21637108641859,7.790475845336914,2.084547519683838,31.875205993652344,0.6552113890647888,0.981012761592865,1.0004225969314575,0.0504290908575058,12.973189353942871,0.42984100888045473,0.046678376763337234,0.23891502618789673,0.5150109529495239,0.5655108571269293,5.687474651741124,49.45526123046875,33.12242889404297
01274N.png,1.7485,0.45897743105888367,0.36221795918180305,0.8766730316981008,4.5111308097839355,34.640708923339844,0.5019272463743037,0.39506420589551866,6.12261962890625,1.9258729600352922,10.636909484863281,2.945580005645752,32.53092575073242,0.6670622229576111,1.109317660331726,0.9328124523162842,0.050854720175266266,12.936687469482422,0.4906411704098954,0.04900924985769456,0.22760054469108582,0.4852731227874756,0.5596261715638161,5.935875761539335,49.75018310546875,42.79280090332031
01278N.png,1.7501,0.5245580077171326,0.3170455128700384,0.8743357250726217,5.434667587280273,37.136043548583984,0.7031931594129246,0.42900995067332437,6.6510467529296875,1.9158658021895043,10.915803909301758,3.1895811557769775,36.70351028442383,0.629801869392395,1.4243385791778564,0.7435264587402344,0.0388699509203434,14.103860855102539,0.4548560286584822,0.053201331293543326,0.3276921808719635,0.5122218132019043,0.4590688512601331,4.953004995669319,43.01483154296875,33.609222412109375
01282N.png,1.7147,0.529883086681366,0.39400193181337834,0.8792773790154633,4.813847064971924,37.994449615478516,0.6712088852271326,0.42783350325920066,6.651262283325195,2.258643760813319,10.92276382446289,3.233752965927124,38.52750778198242,0.641474723815918,1.1270501613616943,0.8265438079833984,0.04642007499933243,13.332941055297852,0.49478307574016844,0.06886603860146594,0.3025401830673218,0.4678168296813965,0.5456486882766013,5.386694695679133,46.69744873046875,34.881771087646484
01286N.png,1.7048,0.5298454165458679,0.43939069018232224,0.8778791898869435,4.836584568023682,35.812828063964844,0.7839583742274591,0.4684287066125315,6.829957962036133,2.5630918226228,10.652301788330078,3.0522427558898926,42.1873664855957,0.5721734166145325,1.2735047340393066,0.8367202877998352,0.043625056743621826,13.602640151977539,0.493392957741486,0.05645344238120379,0.3532944321632385,0.48613786697387695,0.558451423994103,5.4237901940817554,44.76287841796875,29.35730743408203
01290N.png,1.7407,0.5664210915565491,0.36749785281511405,0.8753289076457652,4.700814247131348,38.34670639038086,0.6735973495391395,0.42990824193603716,6.572113990783691,2.071394084555731,10.905585289001465,3.300609588623047,40.56843566894531,0.6327785849571228,1.2785217761993408,0.7951421141624451,0.04822986572980881,13.166839599609375,0.502349731361269,0.047084075972072856,0.30463847517967224,0.4774661064147949,0.5307996645162882,5.49216003575016,47.77801513671875,26.866355895996094
01294N.png,1.7195,0.5052194595336914,0.4063292943682667,0.8762012951641105,4.99186897277832,31.962696075439453,0.8063920324797887,0.45681408698643633,6.774319648742676,2.3904799847119804,9.219478607177734,2.688617706298828,41.173866271972656,0.5373826622962952,1.4818928241729736,0.8128776550292969,0.04002536088228226,13.976648330688477,0.4610055929253885,0.044293253530262686,0.3679797947406769,0.5119695067405701,0.5021476583061142,5.78893853214254,47.95916748046875,28.242033004760742
01298N.png,1.7733,0.43075984716415405,0.38254056990857,0.8725385182409556,4.278148174285889,27.653587341308594,0.524782356861309,0.38771475031966673,6.107828140258789,1.986534391870304,8.839282035827637,2.318875551223755,28.477754592895508,0.5699681639671326,1.22072434425354,0.9840061664581299,0.05083584785461426,12.938299179077148,0.45100189252889034,0.04172775272921165,0.23876287043094635,0.4835824966430664,0.5803753112957285,5.844129902239252,47.95379638671875,25.117219924926758
01302N.png,1.7489,0.48207247257232666,0.32099611659125454,0.8687144553238079,4.745282173156738,31.878398895263672,0.6489230912824916,0.4312237086742378,6.372835159301758,1.7844410748256028,9.446192741394043,2.7410225868225098,30.20333480834961,0.6064299941062927,1.4670307636260986,0.9065389037132263,0.04421776160597801,13.54403305053711,0.4624067550020667,0.04315544706390721,0.3054737448692322,0.48360973596572876,0.5442089781547788,5.235368461815593,46.51580810546875,33.8251953125
01306N.png,1.7354,0.47975608706474304,0.3618068133103787,0.8726642446179098,4.458349704742432,29.0001277923584,0.5911637190299145,0.396436636197215,6.304540634155273,1.9470490820085562,8.358363151550293,2.463066577911377,32.60239791870117,0.5606390833854675,1.3561832904815674,0.9178866744041443,0.04665115103125572,13.311376571655273,0.4652514734143976,0.04183059476676614,0.27121031284332275,0.48181024193763733,0.5897597350526084,5.802230018214662,50.12762451171875,28.803009033203125
01310N.png,1.7371,0.4593592584133148,0.3658030870774736,0.8816914211064181,4.612998008728027,27.251155853271484,0.5707205559953585,0.41922040088744505,6.10011100769043,1.9594495933109108,8.293231964111328,2.29787278175354,31.182207107543945,0.677987277507782,1.3823473453521729,0.8996216058731079,0.04498942941427231,13.468894958496094,0.435261340563899,0.048916553396621786,0.2615891993045807,0.49527662992477417,0.5461197612448628,6.3544103625436685,49.51629638671875,37.55820083618164
01315N.png,1.7333,0.473234623670578,0.4129514259555875,0.8774001067575163,4.232903957366943,30.41730499267578,0.5653438712506879,0.4098610775770507,6.334672927856445,2.18195453373648,9.347763061523438,2.5806119441986084,40.28152084350586,0.6203820109367371,1.2555243968963623,0.8596398830413818,0.051787033677101135,12.857789993286133,0.4764251817493036,0.036807812748951126,0.2640927731990814,0.4760688841342926,0.5560827483861267,5.394718526381201,42.22137451171875,24.442893981933594
01319N.png,1.7339,0.5117992162704468,0.4182936792318066,0.8817951630997994,4.180218696594238,25.139007568359375,0.612232172102647,0.4203176756489286,6.541777610778809,2.2424780864702036,6.897964000701904,2.1210832595825195,39.41187286376953,0.6366773247718811,1.1170167922973633,0.9779667258262634,0.050968870520591736,12.926950454711914,0.4491353272033221,0.04933349504050815,0.2770318388938904,0.48092812299728394,0.6287514901823218,6.002157416023454,46.37713623046875,28.133378982543945
01323N.png,1.7465,0.5618653893470764,0.3630029869010104,0.885477418890293,5.586904048919678,33.00093078613281,0.7446357069477055,0.47626246637286557,6.621603012084961,2.2158678056292267,9.304886817932129,2.8116419315338135,38.95661544799805,0.7047567367553711,1.5457489490509033,0.8261069059371948,0.0340900793671608,14.673720359802246,0.44236206702612474,0.054707781164106746,0.353135347366333,0.5495796203613281,0.49493543123059475,5.414628461739219,48.42742919921875,30.19391441345215
01327N.png,1.7406,0.5417035818099976,0.2462214598641143,0.8733668587296028,5.620166778564453,37.765357971191406,0.7419002844506076,0.501065683769434,6.401947021484375,1.480055053802669,9.679420471191406,3.2509288787841797,31.18442153930664,0.6681411266326904,1.5076587200164795,0.7404174208641052,0.030240032821893692,15.194178581237793,0.45023230612396703,0.05778195716267826,0.3655695617198944,0.5279203057289124,0.44982977815381425,5.148934081451697,47.45770263671875,32.26636505126953
01331N.png,1.7515,0.6277943253517151,0.4451379297556776,0.8803424894048479,4.692229747772217,32.93684387207031,0.7839502646906955,0.47612950059445425,6.7472429275512695,2.5460783822036923,9.691057205200195,2.8139548301696777,43.4238395690918,0.6227177381515503,1.13957941532135,0.8909486532211304,0.04575793817639351,13.395336151123047,0.47824116195498545,0.05726120310912345,0.35070401430130005,0.4941565692424774,0.5944438319495603,6.014639768244686,49.70965576171875,32.97492218017578
01335N.png,1.7393,0.5020757913589478,0.3091136461051296,0.8722046713995701,4.770110130310059,42.642417907714844,0.6262925129085579,0.4595331537323699,6.3900465965271,1.7248831573484757,11.388208389282227,3.682945966720581,32.9981575012207,0.588580310344696,1.0261294841766357,0.8190898895263672,0.046129725873470306,13.360191345214844,0.5007933095159351,0.054540240332539014,0.291567325592041,0.4672609567642212,0.5699134882267775,5.796959808654102,51.11444091796875,33.298866271972656
01340N.png,1.731,0.4792734980583191,0.3415721861343279,0.8691934561229958,4.587884426116943,39.16312026977539,0.605303672370789,0.4439859562616183,6.297293663024902,1.8590421573036746,11.01960277557373,3.355405807495117,30.33101463317871,0.5537498593330383,1.146793246269226,0.8877468705177307,0.04780636355280876,13.205144882202148,0.5057711967543923,0.04247943500854355,0.2766244411468506,0.46668434143066406,0.5879945162277548,5.704798019512385,49.66082763671875,28.520172119140625
01344N.png,1.7344,0.5098071694374084,0.3807814526512676,0.8709351430145666,4.5479607582092285,34.499427795410156,0.6401738041193448,0.4577878455953159,6.3345232009887695,2.0719299408589187,10.998601913452148,2.931406259536743,33.39963150024414,0.5224544405937195,1.1441922187805176,0.8808349370956421,0.04850512742996216,13.14212417602539,0.49748136294768786,0.03626860997333234,0.28492456674575806,0.46156302094459534,0.6000904147215034,5.276641124594405,49.84686279296875,33.80813980102539
01348N.png,1.7201,0.5830014944076538,0.3520188582853406,0.8749028457116198,4.6996588706970215,39.81569290161133,0.6569037806579612,0.4592321503169142,6.503430366516113,1.9718547967875217,12.081921577453613,3.4342610836029053,38.43479537963867,0.6271116137504578,1.3038945198059082,0.8329841494560242,0.04818936809897423,13.170489311218262,0.4982372210914304,0.04118654000193932,0.2994885742664337,0.4821251928806305,0.5550229344419185,5.734576194431005,50.16180419921875,33.27873992919922
01352N.png,1.7362,0.5871890187263489,0.3656665113450837,0.8730134660928643,4.728411674499512,42.728904724121094,0.6424822972658378,0.4309213652863854,6.650750160217285,2.080494720233755,12.2063627243042,3.698871374130249,46.05634307861328,0.5698853731155396,1.206634283065796,0.8284128904342651,0.055285390466451645,12.573896408081055,0.5081359352215442,0.04177845015579526,0.2931790053844452,0.46390536427497864,0.5355591632999219,5.625219426610084,46.87030029296875,34.26177978515625
01356N.png,1.7342,0.5082635283470154,0.32557022909928013,0.8699697528814555,4.16286039352417,32.88768768310547,0.4916416074807537,0.35607981706087344,6.017169952392578,1.6571624410477916,10.523126602172852,2.793515205383301,31.48615837097168,0.6382488012313843,1.4042049646377563,0.9762537479400635,0.05303768813610077,12.754154205322266,0.49111115389001253,0.0343533892831338,0.2255004644393921,0.47045713663101196,0.5879009351919482,5.817355521311461,49.77069091796875,31.40761375427246
01360N.png,1.6926,0.4047456979751587,0.3435720522999193,0.8767905924896284,3.980591297149658,26.28901481628418,0.4093323790704874,0.32836959487523315,5.6263017654418945,1.650335025191902,8.698429107666016,2.2053589820861816,23.96620750427246,0.6902436017990112,1.1315598487854004,1.0019766092300415,0.05496227741241455,12.599352836608887,0.4524456292583115,0.0497895581426973,0.1857379972934723,0.4759940207004547,0.5765464803891207,6.150089269570253,50.39715576171875,28.921348571777344
01364N.png,1.7212,0.4056498408317566,0.30732803627322686,0.869169030075259,4.691611289978027,28.652109146118164,0.5573462674609282,0.43951426915941777,6.10488748550415,1.6590375991350417,8.219653129577637,2.4105818271636963,26.65961265563965,0.5865145921707153,1.3243598937988281,0.9183292388916016,0.05023060366511345,12.990314483642578,0.45626846539560906,0.050282500499020354,0.24707543849945068,0.46695929765701294,0.5348848370469725,5.622135951740712,47.16619873046875,32.906959533691406
01368N.png,1.7256,0.4164711833000183,0.3927712387391819,0.8715828708038471,4.957197666168213,28.702735900878906,0.7216980839670053,0.47554055315860905,6.399949073791504,2.2303860290468833,7.616083145141602,2.4149999618530273,28.964006423950195,0.5211672782897949,1.459869623184204,1.0084633827209473,0.04218514263629913,13.748406410217285,0.46661529668079804,0.0511998837468911,0.32075172662734985,0.49592334032058716,0.5824707722221594,5.693492187296478,46.61151123046875,28.17230987548828
01372N.png,1.724,0.4160778224468231,0.38028168996112516,0.8750355293411851,4.205308437347412,23.586055755615234,0.4923361979130234,0.4531469892124228,5.820681095123291,1.9063555575446127,7.520522117614746,1.9473026990890503,29.989782333374023,0.5171504020690918,1.3234987258911133,0.9884235858917236,0.05426117777824402,12.655109405517578,0.4448938135672017,0.03375388447670968,0.21312662959098816,0.4620603621006012,0.56338957906257,5.629007670707929,49.34588623046875,32.278594970703125
01376N.png,1.7319,0.49280762672424316,0.36130354276054744,0.8686705917634904,5.099277496337891,32.731571197509766,0.7366166784388338,0.44217871041406137,6.55994987487793,2.106265849079106,8.808257102966309,2.79217791557312,34.60593795776367,0.5639539957046509,1.352658987045288,0.8572845458984375,0.04421050101518631,13.544746398925781,0.47189677298931276,0.051274711198656925,0.3377975821495056,0.49220946431159973,0.5100795192123473,5.08683064180745,44.78533935546875,34.44361114501953
01380D.png,1.7692,1.0515896081924438,0.3739983019578073,0.8709852146639928,5.896499156951904,83.26224517822266,0.9058025548700753,0.445792443694255,7.182182312011719,2.4457081604739077,21.970632553100586,7.424562454223633,59.18026351928711,0.5300367474555969,1.1388448476791382,0.6302926540374756,0.06255584210157394,12.037321090698242,0.6037128784765882,0.038548102977112794,0.3991590738296509,0.43985846638679504,0.5248649358235915,4.064231017890575,42.85955810546875,43.177947998046875
01384D.png,1.7287,1.348276972770691,0.42382796454524635,0.8788125958742131,6.222990036010742,83.74356842041016,0.8634692643190757,0.39573992951294107,6.925741195678711,2.786406615696272,23.489418029785156,7.5042805671691895,68.59545135498047,0.5758565068244934,0.9661450386047363,0.6263899803161621,0.0731491893529892,11.357904434204102,0.6138809176418898,0.03323420254125051,0.3661653399467468,0.4439888298511505,0.5266722533108411,4.505330726384533,41.89520263671875,46.39087677001953
01388D.png,1.7298,0.9795565009117126,0.38185007006273197,0.8734913132734923,5.800290107727051,82.75060272216797,0.8922473639439924,0.4385456118339836,7.259557247161865,2.4934576959339676,22.651046752929688,7.364409446716309,59.247432708740234,0.5340460538864136,0.9241954684257507,0.6580482125282288,0.061196111142635345,12.132761001586914,0.6164315177530911,0.0348415657994918,0.4058871865272522,0.46849679946899414,0.5556673062036589,4.277263100106544,40.24334716796875,43.73647689819336
01392D.png,1.7226,1.0057621002197266,0.4547083665609486,0.8739436440748822,5.390292167663574,69.60869598388672,0.8615223431959836,0.39890268510482757,7.101010322570801,2.839956876789566,18.289804458618164,6.132596015930176,56.5277099609375,0.45817169547080994,0.7903299331665039,0.6878806948661804,0.06774944812059402,11.69094181060791,0.6132706404830847,0.034729918319892396,0.37913575768470764,0.4462549090385437,0.5952970862164714,4.621585004770363,45.75311279296875,43.18647766113281
01396D.png,1.781,1.0746294260025024,0.44502738391045876,0.8775054928453169,5.548124313354492,66.37744903564453,0.9274448009668035,0.46873077222033604,7.0954742431640625,2.8133806607875407,17.770965576171875,5.8276824951171875,68.88577270507812,0.5641834735870361,0.955137312412262,0.746401309967041,0.06969454884529114,11.568012237548828,0.614130177229244,0.0423102044517894,0.41196054220199585,0.4385145306587219,0.6085794546623927,5.173315576724559,45.11590576171875,38.475189208984375
01401D.png,1.8218,0.8594069480895996,0.395517460085443,0.8737462771723653,5.371275424957275,85.55182647705078,0.9187076897478023,0.4920435786759286,7.3214430809021,2.510102065663773,21.006275177001953,7.5954909324646,56.977691650390625,0.482028990983963,0.7722597122192383,0.6594356894493103,0.05830620974302292,12.342852592468262,0.6168089824092642,0.05032680645450597,0.41761767864227295,0.45585569739341736,0.5877399492274048,5.130960359908252,48.61053466796875,49.539024353027344
01405D.png,1.748,1.0228687524795532,0.4125433992423584,0.8747750520607804,6.075829982757568,55.85254669189453,0.8684157652998911,0.5351984939571439,6.6097612380981445,2.6166849895695794,16.824905395507812,4.789125442504883,56.9691276550293,0.5681992769241333,1.5683140754699707,0.7376852035522461,0.05509612709283829,12.588788986206055,0.5436308686986211,0.040022016629041327,0.34560853242874146,0.44978243112564087,0.5627264051390023,5.831066756845236,52.05780029296875,51.54595947265625
01409D.png,1.7193,0.5682486891746521,0.39731614152563377,0.8700965736583283,5.327742099761963,47.07086944580078,0.806696661358822,0.47470565032100737,6.482677459716797,2.346241370657852,13.498101234436035,4.005378723144531,35.86174392700195,0.5447250008583069,0.9883350133895874,0.7423059940338135,0.04730473458766937,13.250955581665039,0.5449850974418717,0.05411882864614627,0.31662699580192566,0.41635608673095703,0.5705979811305668,4.830148190884653,48.17889404296875,46.70769500732422
01413D.png,1.7162,0.7158976197242737,0.4531343765299388,0.8811013342910624,5.151663303375244,69.64937591552734,0.8789211624747214,0.3957397810096558,7.33018684387207,2.827984730846188,18.377735137939453,6.135805606842041,55.066837310791016,0.3550666272640228,0.4746105968952179,0.7124459147453308,0.0643344298005104,11.915565490722656,0.6239149444323941,0.04330837901533826,0.39944058656692505,0.45574480295181274,0.6110291765487483,4.535739180487638,34.32733154296875,45.795074462890625
01417D.png,1.7151,0.8846324682235718,0.41656390932880394,0.8776877321166288,5.804688930511475,68.73085021972656,0.8348784374945,0.37775827120968664,7.346810340881348,2.7392265058238543,17.368242263793945,6.0618109703063965,56.231998443603516,0.36309313774108887,0.7090946435928345,0.6319860219955444,0.06627833843231201,11.786284446716309,0.5778859019899376,0.04848678570793904,0.3655865788459778,0.44447267055511475,0.5277448262110075,4.40035428262677,39.61346435546875,49.08527374267578
01423D.png,1.7122,0.8069527745246887,0.44730068321736266,0.878714031453143,5.556596279144287,57.857398986816406,0.8326757640692679,0.4032715232043467,7.293785095214844,2.873999170018058,16.29052734375,5.025228500366211,61.805965423583984,0.49732449650764465,0.7357154488563538,0.7519515752792358,0.06998705863952637,11.549821853637695,0.5679913898115863,0.04533361965474889,0.37228497862815857,0.44441133737564087,0.6137726356273281,5.360376443973014,51.35076904296875,42.55010986328125
01427D.png,1.7163,0.8407255411148071,0.41208467310053776,0.8752898202764897,5.74120569229126,70.28582000732422,0.8305664335220723,0.38955634068253403,7.257857322692871,2.678363753666746,18.661216735839844,6.210982322692871,53.153072357177734,0.5251333713531494,0.8720818758010864,0.7429478764533997,0.06060938537120819,12.174601554870605,0.6148850353266743,0.04370609949919445,0.3812839984893799,0.4931579828262329,0.6022044181007837,4.522577961706554,41.92010498046875,45.841522216796875
01431D.png,1.7111,0.8096582293510437,0.36731998576925695,0.8718922654193798,5.904677391052246,70.35206604003906,0.9094616211122264,0.4637662034948153,7.396995544433594,2.4429908594971685,18.829410552978516,6.152528285980225,56.11434555053711,0.5459316968917847,1.0170050859451294,0.7544605731964111,0.05309596285223961,12.749385833740234,0.5980418792192718,0.051658895359528195,0.4041784703731537,0.4648158550262451,0.5997042143078719,4.715152121461156,47.73944091796875,52.64668273925781
01435D.png,1.6964,0.7248677015304565,0.39019308438147066,0.883214245831919,5.993210792541504,57.53384780883789,0.9135129071365176,0.49115195849334087,7.107507705688477,2.555911052375837,16.364107131958008,4.9774274826049805,55.48344421386719,0.6394238471984863,1.197383165359497,0.7793310880661011,0.038619447499513626,14.131940841674805,0.5448300159276735,0.052959573694144564,0.4475829601287842,0.5491704940795898,0.5249370409082389,4.791273626258799,42.23358154296875,46.12468338012695
01441D.png,1.7294,0.886650800704956,0.4150337448998034,0.8717055723985373,5.232704162597656,72.97274780273438,0.8188658936368205,0.3993553262412145,7.060859680175781,2.55112813244191,19.062204360961914,6.505875587463379,53.70518112182617,0.5206303000450134,1.028136134147644,0.6616346836090088,0.06230954825878143,12.054454803466797,0.6158537559312103,0.038568516917675856,0.37128132581710815,0.4650580585002899,0.5597413673659909,4.702014527205524,41.72674560546875,42.678138732910156
01445D.png,1.7011,0.8633430004119873,0.44779959328861074,0.8745389884452601,5.0150065422058105,66.23936462402344,0.8402278320233171,0.3899171368671006,7.018121719360352,2.694221911027899,16.821935653686523,5.865559101104736,54.4923095703125,0.4082452356815338,0.8472779989242554,0.7104547619819641,0.06574082374572754,11.821650505065918,0.6517368583841167,0.025979993191504,0.3694293200969696,0.44887226819992065,0.5999677570274423,4.446659932505819,41.85858154296875,38.06806945800781
01449D.png,1.7212,0.8312314748764038,0.38461122517579865,0.8711613427661784,4.81387186050415,99.72247314453125,0.8622148742252359,0.4268779433745018,7.243533134460449,2.318712617183138,23.349721908569336,8.986512184143066,54.93611526489258,0.44626396894454956,0.9400144219398499,0.6588184833526611,0.06396355479955673,11.940674781799316,0.6802423630951205,0.02660956625606246,0.39908668398857117,0.4653931260108948,0.5672592995313501,4.180814823215743,42.57635498046875,39.365028381347656
01453D.png,1.7459,0.863630473613739,0.34339525858652636,0.8699108045057599,5.692485809326172,94.31986236572266,0.8823365441813044,0.45074420443884705,7.285473823547363,2.228290266132488,23.132665634155273,8.52953815460205,56.73134994506836,0.49072620272636414,1.0795097351074219,0.6204817891120911,0.06072783097624779,12.166122436523438,0.623383170692598,0.036780611097096405,0.41439247131347656,0.46420836448669434,0.5369510591804159,4.425562909491949,40.98162841796875,39.22876739501953
01458D.png,1.7259,0.8503971695899963,0.37968904505033146,0.8750586017388255,5.485910415649414,114.59295654296875,0.8343713866456769,0.41926905700967926,7.411519527435303,2.4485122568845483,26.107322692871094,10.406514167785645,64.20606994628906,0.4383696913719177,0.8078354597091675,0.5917409062385559,0.08038432896137238,10.948286056518555,0.6544446658299793,0.03182535467265835,0.3857339322566986,0.45342931151390076,0.5382021837457648,4.065198384234175,38.20330810546875,42.471214294433594
01462D.png,1.742,0.6811710000038147,0.468661219845097,0.8768771674882209,4.950191974639893,56.099063873291016,0.9082467968243568,0.536723098787674,7.024581432342529,2.8060633863611972,15.157103538513184,4.910754680633545,55.037052154541016,0.5586531758308411,0.9304616451263428,0.7615556120872498,0.05841180682182312,12.334994316101074,0.5630338281364449,0.042629382538041806,0.43428874015808105,0.4939783811569214,0.5963255258393553,5.174159815346355,47.52069091796875,38.61210632324219
01466D.png,1.7328,0.8689056634902954,0.44961023897282065,0.8775456681841943,5.721152305603027,77.97213745117188,0.8792199456325824,0.4278046188040896,7.345754146575928,2.937514445099973,20.50446128845215,6.939360618591309,65.61756896972656,0.5408719778060913,0.8834901452064514,0.6664689183235168,0.06929903477430344,11.592727661132812,0.6113543232252527,0.040657691167290136,0.40689989924430847,0.4595462679862976,0.5734027465585227,4.561413968671973,41.02410888671875,41.05982971191406
01470D.png,1.7016,0.7614239454269409,0.4462775895919347,0.8779687942992658,5.3570356369018555,84.33601379394531,0.8884760957080661,0.41538695803661824,7.377985000610352,2.841684037602745,19.9278507232666,7.55433464050293,61.1533317565918,0.4565344452857971,0.7504035830497742,0.6616020798683167,0.06864827871322632,11.633703231811523,0.6213998990810361,0.05067844128389917,0.40644189715385437,0.45218026638031006,0.6008311624230779,4.545281641791304,41.96795654296875,47.309425354003906
01474D.png,1.6993,0.7384345531463623,0.5217414263024442,0.882609344911621,5.286880970001221,60.06234359741211,0.8636489409357031,0.34551762762745686,7.179325103759766,3.25207627531438,16.28605079650879,5.246129035949707,52.09992218017578,0.3647410273551941,0.7709950804710388,0.7445606589317322,0.06784256547689438,11.684976577758789,0.6132834286109163,0.04042127770808775,0.3860090374946594,0.45651912689208984,0.6428935231712933,4.463513961359887,43.54559326171875,42.64432144165039
01478D.png,1.8012,0.8261603116989136,0.4648243005304183,0.8786591627847559,5.6554694175720215,63.665836334228516,0.8284262779118925,0.3497241479095014,7.084212779998779,2.960864207577197,17.43048095703125,5.5887627601623535,55.35441970825195,0.42485180497169495,1.0581504106521606,0.6596463918685913,0.07444913685321808,11.281403541564941,0.5866894739315852,0.03930545762963227,0.3585450351238251,0.4507601261138916,0.5642922003193832,4.474877135878961,44.02459716796875,49.37007141113281
01482D.png,1.7123,0.8003037571907043,0.41668446808435305,0.8771548723824838,5.633652210235596,82.70413970947266,0.864342359149096,0.41429823895917645,7.331506729125977,2.701196796256202,20.449913024902344,7.319910526275635,55.53942108154297,0.4632018506526947,1.040956974029541,0.643713116645813,0.06863933801651001,11.634269714355469,0.6144566958835035,0.04579912550351961,0.39027106761932373,0.4494338929653168,0.5739219704204612,4.48171773860814,45.22674560546875,42.94236373901367
01486D.png,1.6985,0.6996341943740845,0.35532542189220295,0.876205768856319,5.037063121795654,74.29491424560547,0.8446490131800812,0.42038021484371924,7.085320472717285,2.1537009276229213,16.85981559753418,6.5435967445373535,40.33461380004883,0.4069378674030304,1.1555463075637817,0.7007235288619995,0.05866354703903198,12.316317558288574,0.6108440596985169,0.043485863595633105,0.39722299575805664,0.44941776990890503,0.5929566906804496,5.080971858901771,42.34295654296875,43.79646301269531
01493D.png,1.7195,0.6843580007553101,0.45932145984594575,0.8781646368008122,4.986569881439209,60.48042297363281,0.8445050414115296,0.3936461866733,7.0918121337890625,2.773937030854981,14.367984771728516,5.327306270599365,54.47679901123047,0.35129135847091675,0.7691161036491394,0.6959612965583801,0.0637194812297821,11.95727825164795,0.5882966939430838,0.037592825390155085,0.3819604814052582,0.47435954213142395,0.5872077774773564,4.963571964445044,45.63494873046875,44.9842529296875
01498D.png,1.7293,0.6842727065086365,0.4502880684049687,0.8763863187198377,5.000301837921143,70.9747085571289,0.9274918000823699,0.5191950874165223,7.138426780700684,2.732969385973025,19.51664161682129,6.275295257568359,53.10829544067383,0.4650806486606598,0.79230797290802,0.7132895588874817,0.0533127561211586,12.731689453125,0.6225955835117996,0.03538865838798398,0.43812888860702515,0.46918556094169617,0.6172494634305428,4.5574559354184165,44.93280029296875,48.60582733154297
01502D.png,1.7231,1.0381523370742798,0.39669355458204936,0.8692966277508849,5.9764556884765625,67.18930053710938,0.8985381003855585,0.4839705024576092,7.182969093322754,2.610135580365096,18.543306350708008,5.907500267028809,63.54917907714844,0.5551281571388245,1.353621482849121,0.6588174104690552,0.06821268796920776,11.661348342895508,0.5515609403145849,0.04305591065514821,0.3985289931297302,0.44010481238365173,0.5180969166646511,4.852765680751519,42.64129638671875,39.379798889160156
01506D.png,1.7267,0.6582326292991638,0.5153649710941856,0.8806732136643439,5.087681293487549,52.78563690185547,0.9219293054655974,0.4066428257437212,7.473973274230957,3.236926322823523,13.135769844055176,4.576706409454346,56.741172790527344,0.35105592012405396,0.6558570861816406,0.7385648488998413,0.08031578361988068,10.951991081237793,0.5779690747677019,0.05392733231714067,0.41511768102645874,0.44798600673675537,0.6390784650326127,5.241484258966382,44.96209716796875,50.73674011230469
01510D.png,1.6956,0.6625778079032898,0.5766882255542686,0.8940535513095574,4.778247833251953,52.223365783691406,0.8872559121131687,0.349330707374914,7.3580641746521,3.4994433145548633,12.444273948669434,4.577010154724121,55.458457946777344,0.26532799005508423,0.5813480019569397,0.7347808480262756,0.07316739857196808,11.356822967529297,0.6008156574614107,0.04989961409988473,0.39947184920310974,0.45253193378448486,0.653557603608448,4.685914581033639,42.39764404296875,39.72576141357422
01514D.png,1.7072,0.7356246113777161,0.4401080590571791,0.8847944619051656,5.333918571472168,85.61165618896484,0.8521347328698157,0.393733669624128,7.338403224945068,2.7886024296561587,20.388093948364258,7.675223350524902,62.809349060058594,0.323783278465271,0.5832391977310181,0.665528416633606,0.07089334726333618,11.493945121765137,0.6196104917488277,0.04875730966023109,0.40463805198669434,0.4499512314796448,0.589612609108074,4.8766303275514025,43.50653076171875,39.60298538208008
01520D.png,1.7016,0.7337440848350525,0.4301842357735167,0.8688473267170779,5.082193851470947,60.38125228881836,0.8536548485076151,0.39332888327221494,7.14613151550293,2.6302228808309867,15.031119346618652,5.3411102294921875,54.09737777709961,0.524547815322876,1.0145533084869385,0.6928171515464783,0.06961288303136826,11.573103904724121,0.591946392013699,0.037724816146050326,0.3699572682380676,0.4553185999393463,0.5941245378249399,4.516311708976462,40.53729248046875,42.502174377441406
01527D.png,1.6885,0.9624742865562439,0.48917385645158445,0.8796263717661236,5.349302768707275,64.63838958740234,0.8198854133067935,0.3550488961765125,6.683578968048096,2.94309316006726,16.47901153564453,5.6457037925720215,75.31938934326172,0.4402470588684082,1.290827751159668,0.6155280470848083,0.11381244659423828,9.438102722167969,0.5930705168588284,0.018274071047772397,0.2826983332633972,0.41319841146469116,0.5152125106150642,5.411739068414127,52.95428466796875,30.604251861572266
01531D.png,1.7031,0.8953030705451965,0.4043944109388064,0.8747096164610987,4.876824378967285,80.43128204345703,0.8806900227884026,0.4392370848949812,7.344229698181152,2.471069309899441,18.70099639892578,7.131256580352783,58.041526794433594,0.5749807953834534,1.054089903831482,0.6988258361816406,0.07190322875976562,11.432516098022461,0.6307502685019188,0.03911825662996768,0.4029255211353302,0.4594458043575287,0.5989555139510212,4.943422551477693,46.97918701171875,33.61421585083008
01535D.png,1.7001,0.7622925639152527,0.41488121479932244,0.872698961137678,4.795602321624756,72.64167785644531,0.9044272737230105,0.4651993975929663,7.408025741577148,2.53153458975361,17.00037384033203,6.441336631774902,55.8975715637207,0.5331271886825562,0.9706920981407166,0.683853805065155,0.06729096174240112,11.72043228149414,0.6200828236594975,0.03798745365863977,0.4261338710784912,0.4597751498222351,0.603025462143577,4.768362824481631,43.86151123046875,31.84991455078125
01539D.png,1.6924,0.7121138572692871,0.45210715091770637,0.8793158271774438,5.292633056640625,65.63837432861328,0.8790748732968574,0.3954314242152062,7.256349086761475,2.8367494484538796,16.53230857849121,5.802211284637451,54.39417266845703,0.3803991377353668,0.7166274785995483,0.719714343547821,0.06235289201140404,12.051434516906738,0.5803914271985331,0.05689493536367796,0.4115190804004669,0.4852985441684723,0.6003071969239899,5.026929623816746,43.85272216796875,33.23994064331055
01543D.png,1.6993,0.756019115447998,0.4226745720160719,0.872058826076036,4.900609493255615,68.94605255126953,0.8702378809349298,0.4113880566177393,7.362528324127197,2.5916648254641608,16.18155288696289,6.071282863616943,52.063350677490234,0.506197452545166,0.8722144961357117,0.718721330165863,0.06700953096151352,11.73863410949707,0.6144405355207404,0.04687413549508465,0.39948371052742004,0.4633064568042755,0.6198302651147725,5.4707956972773655,45.21209716796875,40.03126907348633
01547D.png,1.7071,0.798298180103302,0.3738858682871363,0.8701161816173097,5.281100273132324,69.03121948242188,0.8365787151779172,0.41759103964733857,7.235661029815674,2.3399259627336964,16.19043731689453,6.050062656402588,46.695926666259766,0.5246635675430298,0.9892280697822571,0.7255436182022095,0.07463256269693375,11.270715713500977,0.6069106441070768,0.04504572211480167,0.38671091198921204,0.4579431116580963,0.6205329540498044,5.347389464742292,44.42694091796875,43.18324279785156
01551D.png,1.6996,0.7565851807594299,0.37349488254694463,0.8688835138111596,4.904471397399902,77.29763793945312,0.8296906526076576,0.4049105386330243,7.0916266441345215,2.240246366957157,18.646841049194336,6.821539402008057,48.349853515625,0.5437241196632385,0.8761078715324402,0.7447541952133179,0.07149142026901245,11.457460403442383,0.6489322736358035,0.02841262090476553,0.35290956497192383,0.4494684934616089,0.6253191516877741,5.239943749887608,57.43280029296875,50.28004455566406
01555D.png,1.7088,0.9879036545753479,0.42154337207272796,0.8750769247922751,5.335278034210205,89.1616439819336,0.8864308287188819,0.3999600065832057,7.308000564575195,2.664851816225484,23.760295867919922,7.9900431632995605,59.87363815307617,0.42474713921546936,0.6758272647857666,0.6826471090316772,0.07537038624286652,11.227993965148926,0.6421110228024465,0.03822469993977168,0.4004009962081909,0.4615271985530853,0.5910230831260659,4.4789003378472,39.44989013671875,49.630279541015625
01559D.png,1.7219,1.1312134265899658,0.42549375048599336,0.8837027600166059,6.351978778839111,72.6195068359375,0.8486295445839612,0.34919759141742507,7.23509407043457,2.8906138034717745,20.333160400390625,6.441760063171387,64.99475860595703,0.36064115166664124,1.3687993288040161,0.7210686206817627,0.081443190574646,10.891451835632324,0.6177378797087586,0.03322783680049022,0.3595370650291443,0.4447714388370514,0.5274761906469472,4.242079043330675,40.75799560546875,36.3231086730957
01566D.png,1.7146,0.8499407172203064,0.3453198844659984,0.8733410467331948,5.804074764251709,104.49842834472656,0.8995230048350209,0.4681698756279851,7.368175983428955,2.2743253314611707,24.35041618347168,9.4202241897583,58.05949401855469,0.5444914698600769,0.8772879242897034,0.6614678502082825,0.057528503239154816,12.40117073059082,0.6157036841886515,0.05948493379625356,0.426668256521225,0.47158750891685486,0.564471140933301,4.318493379392645,47.48016357421875,48.20381164550781
01570D.png,1.7051,0.9125164747238159,0.43461836413938487,0.8821803444308667,5.711712837219238,91.00572967529297,0.8940240231406191,0.4271977181373486,7.392169952392578,2.8476007752484893,23.016460418701172,8.097016334533691,60.81970977783203,0.6134469509124756,0.6126413345336914,0.6476244926452637,0.06792795658111572,11.67951488494873,0.594370720644689,0.05809891755514481,0.4126935303211212,0.469989150762558,0.561760162278539,4.399193635557624,41.87713623046875,45.07827377319336
01574D.png,1.6926,0.6159152984619141,0.4334051717788339,0.8814007351927501,4.675359725952148,61.64912796020508,0.8046480552685283,0.5475515688041354,6.827473163604736,2.492700300352478,17.28341293334961,5.353700637817383,49.50433349609375,0.4070323407649994,0.40183353424072266,0.76377272605896,0.06351639330387115,11.97114086151123,0.5571033888963569,0.06707259709278658,0.3617827594280243,0.456777960062027,0.5778362640247883,5.623820212791839,47.25262451171875,49.809627532958984
01578D.png,1.6995,0.8404605388641357,0.513027423972864,0.885889964455419,5.1883931159973145,62.46114730834961,0.8606781944672143,0.34064301088386606,6.845258712768555,3.0868048530287915,18.066869735717773,5.4543986320495605,54.94224548339844,0.3020328879356384,0.7396368980407715,0.6709884405136108,0.07211146503686905,11.41995620727539,0.6247619710635816,0.03122791309792948,0.35738441348075867,0.4523151218891144,0.5733669602999343,4.842628828100339,45.88494873046875,42.229469299316406
01583D.png,1.731,0.9840130805969238,0.4648033965634153,0.8782272288501721,5.874041557312012,69.83242797851562,0.8328085494659363,0.3840754416257338,7.236992835998535,3.0470340395030835,17.81892204284668,6.187041759490967,65.06493377685547,0.5152020454406738,0.8238242268562317,0.6513422727584839,0.07865089178085327,11.042963027954102,0.5719620800435331,0.04673067462628849,0.35175079107284546,0.448451966047287,0.57984094978339,4.327093915173585,44.69256591796875,40.63642883300781
01587D.png,1.7048,1.068469524383545,0.4536892746031032,0.8781446417247999,5.762693881988525,71.01226043701172,0.8566760299035535,0.38199238338244257,7.139780044555664,2.926864153650653,18.75568389892578,6.312169551849365,62.180335998535156,0.48894545435905457,0.8824101686477661,0.6758584976196289,0.07220136374235153,11.414546966552734,0.5986619825867217,0.041065212312155534,0.3663347661495209,0.4551618993282318,0.5866547218697985,4.777864409875642,44.71795654296875,43.615264892578125
01591D.png,1.7287,1.185670018196106,0.41370184378991104,0.878494650601989,6.066564083099365,78.77021789550781,0.873503442637516,0.41704382470493795,7.087028503417969,2.7208390499243187,21.68345069885254,7.015130519866943,64.3963623046875,0.5761969089508057,1.053191065788269,0.6323657035827637,0.06826341152191162,11.658121109008789,0.6052498395584617,0.03888822612925269,0.3784795105457306,0.4543193280696869,0.5534503433990334,4.352263899660872,40.37420654296875,47.558265686035156
01595D.png,1.7106,1.267415165901184,0.41536680326834563,0.8795167953593324,6.146174907684326,63.19044494628906,0.891605660004413,0.4017040876590181,6.861513137817383,2.701487291827677,18.74618911743164,5.59431266784668,65.35175323486328,0.5274855494499207,1.1385811567306519,0.6528156399726868,0.0641958937048912,11.9249267578125,0.5685872315834286,0.04309145583327123,0.3794824182987213,0.442646324634552,0.5301668603426049,4.327247867096936,45.77557373046875,41.49951934814453
01599D.png,1.706,1.0221251249313354,0.34899678219450836,0.8745601437063151,5.942664623260498,51.536285400390625,0.8594434503304669,0.5014936088041008,6.387198448181152,2.1515466118812636,15.448978424072266,4.4607954025268555,57.39809799194336,0.5258604288101196,1.4668686389923096,0.6792962551116943,0.05639968812465668,12.487232208251953,0.5298482437086424,0.047756979560087905,0.3613935112953186,0.4495220184326172,0.4952072299035133,5.131472053722253,50.28289794921875,44.7979621887207
01603D.png,1.7049,0.8189643621444702,0.46559490333674364,0.8778972311129511,5.755504608154297,57.13251495361328,0.872287839477552,0.412710043982719,7.065828800201416,2.984781110900782,15.753451347351074,4.954412460327148,57.68330764770508,0.5227607488632202,0.7432464957237244,0.7932340502738953,0.057128481566905975,12.431473731994629,0.5601554118156667,0.05758144292858088,0.40967002511024475,0.5275903940200806,0.5918802305175886,5.561771279852596,47.05584716796875,46.09843063354492
