image_name,time_s,CE,NMI,QNCIE,TE,EI,Qy,Qcb,EN,MI,SF,AG,SD,CC,SCD,VIF,MSE,PSNR,Qabf,Nabf,SSIM,MS_SSIM,VIFF,NIQE,BRISQUE,MUSIQ
00007.jpg,3.2828,0.5914382934570312,0.46321059970192807,0.9124277395467408,4.621568918228149,55.631858825683594,0.801200955574507,0.2511414569043089,3.526575803756714,1.8871620209809796,25.24837875366211,4.9564528465271,77.55072021484375,0.6979063749313354,0.24843215942382812,0.5454151630401611,0.1299647092819214,8.861746788024902,0.4014683206506972,0.15570069520824298,-0.21772217750549316,0.0,0.3549865246404072,5.947157805870909,59.38592529296875,44.79815673828125
00010.jpg,3.2623,0.5094708204269409,0.6035779058733398,0.9267610189320818,3.649695634841919,76.23551940917969,0.7653396460431722,0.3052437737693086,4.46511697769165,2.448971900316929,29.577207565307617,6.9688496589660645,85.03933715820312,0.775136411190033,0.3132837414741516,0.6141573786735535,0.0984928086400032,10.06595516204834,0.40220409036608507,0.19205225781425425,-0.18442821502685547,0.0,0.40853534784098283,4.07583635347807,38.21697998046875,41.898983001708984
00019.jpg,3.2601,0.4797983169555664,0.6301995086577468,0.9290741842117325,3.5881402492523193,63.98773956298828,0.767890114201558,0.29709575534017546,4.3668975830078125,2.506642133126287,25.429874420166016,5.784029483795166,84.5085220336914,0.7992267608642578,0.3560713529586792,0.6918091773986816,0.09134574979543686,10.393117904663086,0.4173516735828848,0.16855825680386394,-0.1971786618232727,0.0,0.44324165738662386,4.03962277255619,40.31707763671875,42.42991638183594
00028.jpg,3.2562,0.5804572701454163,0.4851584928916046,0.9137705210122271,4.662498950958252,59.958518981933594,0.7948925187694532,0.2663203832147606,3.8857040405273438,2.0736255098287346,26.175254821777344,5.418432235717773,75.71772766113281,0.7066419124603271,0.29104936122894287,0.5548002123832703,0.12278781086206436,9.108448028564453,0.3917755729629652,0.16968143363515406,-0.20698010921478271,0.0,0.37409785777197346,4.809844032414037,44.21331787109375,41.257240295410156
00036.jpg,3.2863,0.5291019678115845,0.4261927729507018,0.9225852880414117,5.791029453277588,57.4791145324707,0.787034930844953,0.28983976798767924,3.7813870906829834,2.039855137280325,26.95436668395996,5.326598167419434,88.37582397460938,0.7750344276428223,0.4992745518684387,0.47797664999961853,0.08054489642381668,10.939620971679688,0.3630144720639654,0.16945602423667513,-0.19968324899673462,0.0,0.2885985408116971,4.403715030220466,53.44720458984375,41.46837615966797
00043.jpg,3.2915,0.5535882711410522,0.5367207006239709,0.9168998720719442,4.322720527648926,55.83779525756836,0.7797806196735877,0.2717654617668998,3.860328197479248,2.1960154664287144,25.45062828063965,5.000998020172119,84.52880096435547,0.7321509122848511,0.28584814071655273,0.6044339537620544,0.11634606868028641,9.342483520507812,0.4143491558796167,0.1440004592460507,-0.20837871730327606,0.0,0.3750437479736532,4.566829357904538,53.68231201171875,46.15886306762695
00044.jpg,3.2464,0.5549201965332031,0.40897329498685164,0.911678711092989,6.096921920776367,60.579227447509766,0.7854376809369003,0.24907708095232875,3.706814765930176,2.0047407064771994,27.3785400390625,5.589865207672119,69.53318786621094,0.7084966897964478,0.3503217101097107,0.36522912979125977,0.09464552998542786,10.238999366760254,0.3212937084294318,0.16918486995548443,-0.21194592118263245,0.0,0.25070786339829454,4.9632346451981,60.62078857421875,41.158504486083984
00054.jpg,3.2708,0.5317404866218567,0.6003682006866842,0.9211305977438471,3.6678292751312256,63.50524139404297,0.7713000105900705,0.2727051985541805,4.185386657714844,2.3574215301010266,26.66068458557129,5.7841267585754395,83.6678695678711,0.7508947253227234,0.30409473180770874,0.6605074405670166,0.10949870198965073,9.605910301208496,0.4153003012080383,0.16729847388264352,-0.20041164755821228,0.0,0.4226397106560261,4.288956672927391,39.33660888671875,40.77090835571289
00059.jpg,3.2614,0.6585785746574402,0.450312130174747,0.8968016682091787,4.728176593780518,47.905826568603516,0.8169950770034788,0.224775110644587,3.452193260192871,1.8418682294885311,23.66609001159668,4.252599239349365,55.67141342163086,0.6068000197410583,0.2416374683380127,0.5332673788070679,0.1591925173997879,7.980773448944092,0.41264514730742985,0.12762694808290287,-0.2163691371679306,0.0,0.3382007471028234,5.055519511597022,58.02947998046875,43.221717834472656
00091.jpg,3.2938,0.5212821364402771,0.48003448953673683,0.9260889689235129,5.395304203033447,71.6584243774414,0.7709786545668472,0.29427912830590386,4.092474937438965,2.2772393537080164,30.34370994567871,6.770071506500244,84.84983825683594,0.7777606248855591,0.39905470609664917,0.4504025876522064,0.08405045419931412,10.754599571228027,0.35225380968064673,0.19287920851219018,-0.19855208694934845,0.0,0.29232074131707814,4.43999911560196,47.24383544921875,39.20128631591797
00097.jpg,3.2989,0.5290618538856506,0.6193163601667666,0.9238849652047811,3.4851877689361572,83.22440338134766,0.7568424236110994,0.3100281312994836,4.661255359649658,2.5226240660501436,32.007286071777344,7.810939311981201,82.10015869140625,0.7536122798919678,0.29904401302337646,0.5639260411262512,0.10500887036323547,9.787739753723145,0.37649317817674255,0.2173654775165832,-0.18056514859199524,0.0,0.39064024960133814,4.191917345160798,38.93865966796875,42.39954376220703
00107.jpg,3.2742,0.5703260898590088,0.1870733040101317,0.8439030009737485,7.327520847320557,60.825199127197266,0.7728539300060542,0.23942889479994456,2.813567876815796,0.9485669307848887,32.22968673706055,5.710108280181885,39.69141387939453,0.42173463106155396,0.9345192909240723,0.16379916667938232,0.0660356655716896,11.802215576171875,0.2719250470092012,0.1196661020561553,-0.2073732167482376,0.0,0.09378551424594733,9.380738403446076,71.06903076171875,43.245853424072266
00118.jpg,3.2403,0.5723434686660767,0.21388332719499487,0.859733495140569,6.783354997634888,56.45073699951172,0.7826931861901621,0.2590668824911383,2.909705638885498,1.036595973847299,30.363035202026367,5.291950702667236,38.10051345825195,0.44449907541275024,0.7963103652000427,0.22144240140914917,0.05964357405900955,12.244363784790039,0.2789579827862392,0.1475955132813599,-0.19584211707115173,0.0,0.11531605821360089,8.42969516314103,66.09344482421875,43.304752349853516
00129.jpg,3.2294,0.5606822967529297,0.17392711699735225,0.8775528544178794,7.853565454483032,37.100833892822266,0.8026525382117605,0.18647955548276246,2.0240464210510254,0.8589955388378758,24.408618927001953,3.273043394088745,46.761627197265625,0.5400930643081665,0.5273103713989258,0.1799323856830597,0.06418506801128387,11.925660133361816,0.2704078183651481,0.0990493443386711,-0.2380843162536621,0.0,0.09701370060469386,10.816822852365128,82.33587646484375,43.79918670654297
00133.jpg,3.2227,0.5844693779945374,0.1640851028385671,0.8666826360547784,7.97113823890686,37.66712188720703,0.8357172281763735,0.17685196872928038,1.8072038888931274,0.802243126736017,23.875608444213867,3.2677717208862305,50.21560287475586,0.5296844840049744,0.6829931139945984,0.20846858620643616,0.07762134075164795,11.100189208984375,0.2860729336631129,0.12235339692689202,-0.24900180101394653,0.0,0.11115590014777672,13.37069135789926,84.03485107421875,52.8297119140625
00153.jpg,3.2408,0.5999341011047363,0.32063714867541476,0.8954636126981508,7.047424077987671,34.306556701660156,0.7979289599071993,0.2253006354295291,2.7627410888671875,1.5727574925208314,20.009546279907227,3.0282552242279053,59.47059631347656,0.5960415601730347,0.36306536197662354,0.27153652906417847,0.08075910806655884,10.928085327148438,0.3302718374747107,0.10296579843199315,-0.2309470772743225,0.0,0.13876561198187948,5.794856143934405,73.87615966796875,40.71201705932617
00154.jpg,3.2254,0.6096704602241516,0.2793406919840629,0.8920997342886544,7.293691158294678,30.144792556762695,0.8144453202735527,0.2092516561966534,2.477778673171997,1.364789612030437,18.6591796875,2.565702199935913,57.42689514160156,0.5684807300567627,0.3401004672050476,0.23340877890586853,0.0868455022573471,10.612526893615723,0.323029936940704,0.09067900317233937,-0.2363765835762024,0.0,0.11997842478388572,6.0238180399254135,76.65081787109375,41.17372131347656
00159.jpg,3.2431,0.563255250453949,0.17832967490016635,0.8597025610197875,7.630858659744263,39.29635238647461,0.817942535586883,0.19598963990383284,2.3225960731506348,0.8875014438443705,23.224393844604492,3.4513838291168213,38.26161575317383,0.44677817821502686,0.7168129086494446,0.16890335083007812,0.06274662911891937,12.024096488952637,0.289777446123812,0.12218118708527083,-0.23036862909793854,0.0,0.09380031203495287,7.41082348454373,74.95526123046875,39.12549591064453
00167.jpg,3.2758,0.5392689108848572,0.293179217849098,0.8804942060270057,6.8082945346832275,49.586891174316406,0.7823446747801824,0.25529670228888757,3.385263442993164,1.494275131956588,23.9973201751709,4.637137413024902,45.69842529296875,0.6051877737045288,0.7917153835296631,0.315082848072052,0.05875367671251297,12.309650421142578,0.33504485401533707,0.15026319204728486,-0.20729206502437592,0.0,0.16967068101241556,5.3303853759619155,64.25408935546875,37.26374435424805
00189.jpg,3.2657,0.5675265192985535,0.22731136938240187,0.8848803213105065,7.434566020965576,36.2769660949707,0.824520202595576,0.19869674157208264,2.4426960945129395,1.1226112221406348,20.947280883789062,3.2453863620758057,63.844608306884766,0.6328988075256348,0.6446589231491089,0.2712642252445221,0.087666817009449,10.571647644042969,0.30351501243854506,0.11869065140733975,-0.24403898417949677,0.0,0.15208388460376707,5.388353528423655,75.92132568359375,34.47348403930664
00201.jpg,3.3124,0.5874983668327332,0.21042585642956707,0.8696978934680947,7.43321418762207,44.02871322631836,0.8064706107462554,0.2266567668040874,2.6678268909454346,1.0627639698432292,24.897668838500977,3.94748854637146,48.02708435058594,0.5239395499229431,0.6544544100761414,0.25485795736312866,0.07485829293727875,11.257601737976074,0.3326388527659927,0.10647830647746305,-0.2181231826543808,0.0,0.13504674638182806,6.275586639066681,65.22015380859375,42.29201126098633
00208.jpg,3.2904,0.5713011622428894,0.11564947884788936,0.8686443625033646,8.369860529899597,24.341703414916992,0.8195364638607197,0.14907548134630783,1.3018162250518799,0.5592643116790894,18.082780838012695,1.9287912845611572,38.74230194091797,0.4769704341888428,0.4655534327030182,0.15210314095020294,0.07456271350383759,11.274782180786133,0.27184622486741955,0.06606644552225288,-0.2708255648612976,0.0,0.0822504755012852,15.338463140168278,90.31317138671875,45.138572692871094
00225.jpg,3.2851,0.6464661955833435,0.24116534281620705,0.88625500480141,7.2803239822387695,32.97394943237305,0.829055741524624,0.20067975205306907,2.279451608657837,1.1527476600818956,21.91077995300293,2.8825478553771973,64.22163391113281,0.5859403610229492,0.40451580286026,0.2312677949666977,0.12142204493284225,9.157024383544922,0.3407492599202511,0.07950440373073962,-0.24751506745815277,0.0,0.1296528179898317,10.866057339784675,90.24749755859375,43.783660888671875
00229.jpg,3.2757,0.6641764044761658,0.19677613348026032,0.8820354050968331,7.507721424102783,31.154909133911133,0.8464920347485156,0.18133115611585215,1.8771047592163086,0.923358560933818,20.609052658081055,2.6010491847991943,54.44728088378906,0.5333572030067444,0.33785098791122437,0.26620709896087646,0.12544947862625122,9.015313148498535,0.34258021688958384,0.0882821967514486,-0.25445348024368286,0.0,0.14326518666323212,10.774928181753967,80.93524169921875,45.16778564453125
00232.jpg,3.2708,0.4970618486404419,0.6015538863160654,0.9331725679078202,3.7747206687927246,66.08853149414062,0.7043072348097138,0.3252788453702544,5.008433818817139,2.6417813361743008,27.021392822265625,6.533174991607666,71.59369659423828,0.7992110252380371,0.3585963845252991,0.5958232879638672,0.07845860719680786,11.053594589233398,0.4170145762785101,0.16449886727946267,-0.19080208241939545,0.0,0.324800869247727,4.64299828292972,70.02923583984375,52.10182189941406
00242.jpg,3.3089,0.6013292074203491,0.4644730846977597,0.9078613704005392,5.229649066925049,56.5737419128418,0.7631415475787778,0.2888112767882858,4.227560997009277,2.196318432732607,25.79822540283203,5.330039024353027,60.98554229736328,0.6273078322410583,0.24056756496429443,0.3997524082660675,0.09307794272899628,10.311532020568848,0.354643629888418,0.15820741374061173,-0.18271106481552124,0.0,0.2130055513569923,4.618397726605469,56.57659912109375,41.36974334716797
00252.jpg,3.2609,0.5262758731842041,0.48771640915124204,0.9201193889614302,5.627540111541748,50.88972854614258,0.7406675972713248,0.279433770764912,4.046352386474609,2.3590671480338203,23.37903594970703,4.755869388580322,79.85182189941406,0.7597803473472595,0.38885432481765747,0.43766075372695923,0.07605661451816559,11.188631057739258,0.36784635942019495,0.11947497281488416,-0.21592295169830322,0.0,0.23412497638609,4.781198106715638,61.58538818359375,41.89433670043945
00283.jpg,3.2998,0.5600202083587646,0.34188238403163024,0.8986836417268205,6.321632623672485,63.43471908569336,0.7709290758469115,0.26249733619350923,3.7110419273376465,1.7150036062695202,28.984411239624023,6.092995643615723,62.470645904541016,0.6633399724960327,0.5171232223510742,0.33115354180336,0.06851012259721756,11.642452239990234,0.29131690633585905,0.17080634220031274,-0.1881091594696045,0.0,0.1956063474803826,5.003259094747263,60.17205810546875,35.09080505371094
00318.jpg,3.2945,0.5193763971328735,0.30417101256225615,0.8888882795532985,6.915768384933472,58.731285095214844,0.7565419950923101,0.276902126003504,3.523725748062134,1.5877013553680657,27.892122268676758,5.456961631774902,67.5311050415039,0.6957553625106812,0.9639874696731567,0.320896714925766,0.05700197443366051,12.44110107421875,0.29331635553671215,0.1256850132048401,-0.19434937834739685,0.0,0.17049304370912538,5.1048003184463635,58.03729248046875,35.251014709472656
00320.jpg,3.3342,0.5353795289993286,0.3483721751452745,0.8903654372409195,6.297033309936523,62.7906379699707,0.7617784868433112,0.29090388464784406,3.9344825744628906,1.782194192260425,28.31154441833496,5.915988445281982,60.97041702270508,0.6733512878417969,0.8304818868637085,0.3425297737121582,0.05969751626253128,12.240437507629395,0.31793240694613706,0.12025424562394527,-0.1695519983768463,0.0,0.18141761984869073,4.478814498198988,65.42840576171875,36.81102752685547
00321.jpg,3.2931,0.5304839611053467,0.3799653778163723,0.904458250318082,6.137869834899902,70.28594970703125,0.7589209173459482,0.29929227827905747,3.997587203979492,1.9255683041486655,30.74955177307129,6.663925647735596,62.59046936035156,0.7046753168106079,0.5951345562934875,0.3892233967781067,0.055773913860321045,12.535688400268555,0.32970421068016004,0.14362131514514656,-0.15956038236618042,0.0,0.2028789045706227,5.097293096831258,64.41278076171875,37.40119171142578
00334.jpg,3.3089,0.5002051591873169,0.5113486563860626,0.9291660642282293,5.621049404144287,56.896453857421875,0.7629540010589919,0.29797585772746454,4.007017135620117,2.461658800218135,26.662813186645508,5.266988277435303,85.82862091064453,0.7860760688781738,0.29828059673309326,0.4815402626991272,0.07306650280952454,11.362817764282227,0.36971667771138417,0.14620063540775174,-0.20689278841018677,0.0,0.2711927199314332,5.2193423935578345,66.18157958984375,39.684303283691406
00340.jpg,3.2549,0.6314027905464172,0.374747215467165,0.9006768869014998,5.844426155090332,51.21310806274414,0.7951629031876872,0.25591174963443825,3.4216487407684326,1.7362248658587616,25.69970703125,4.663315296173096,61.30878829956055,0.6183597445487976,0.24603480100631714,0.4265998899936676,0.126590296626091,8.975996017456055,0.34750241009326494,0.1386810567795239,-0.22036096453666687,0.0,0.2321007672758773,6.650542955737873,65.46112060546875,40.370582580566406
00345.jpg,3.2773,0.5772253274917603,0.4044167824071778,0.9101643138443216,5.624715328216553,61.903690338134766,0.7612107861224056,0.2847468293810515,4.012725830078125,1.9487790767511175,28.21409797668457,5.7806172370910645,71.12731170654297,0.6889348030090332,0.3066692352294922,0.4337460696697235,0.08594673871994019,10.657706260681152,0.33411355366232137,0.16769481151165977,-0.18513938784599304,0.0,0.2338940033564063,4.417055332098767,58.93109130859375,40.38316345214844
00360.jpg,3.306,0.5773940086364746,0.39516351865956056,0.9075365148429579,5.778076887130737,64.88350677490234,0.7686968828191589,0.2977848943398472,3.9001309871673584,1.9122447140645793,30.15296173095703,6.1330060958862305,71.4799575805664,0.6881970167160034,0.3210837244987488,0.425711452960968,0.08898908644914627,10.506631851196289,0.3506866555806283,0.14931963919678964,-0.1899007111787796,0.0,0.23754534781699602,6.199836862410439,69.20965576171875,44.41748809814453
00388.jpg,3.3076,0.4735313355922699,0.5171344195721443,0.9353362842975298,5.138530731201172,81.85073852539062,0.7316630475409921,0.35778317102406176,4.801258563995361,2.570113240279426,33.214866638183594,8.037498474121094,82.15624237060547,0.836694598197937,0.7403207421302795,0.48927968740463257,0.04263956844806671,13.701871871948242,0.3415786805409591,0.18387357098668766,-0.14713822305202484,0.0,0.25910606280481707,3.62778960862502,40.08465576171875,36.08348846435547
00401.jpg,3.3024,0.5234557390213013,0.47697611386286864,0.9231802408601767,5.5628838539123535,90.75442504882812,0.7655830469793725,0.3371587992090725,4.479360580444336,2.3949641597120017,36.23065185546875,8.583368301391602,77.864501953125,0.763991117477417,0.4653090238571167,0.4492252469062805,0.05884047597646713,12.303238868713379,0.368296874951339,0.16904022388362697,-0.14603886008262634,0.0,0.2506003230352091,5.41179119919033,55.98406982421875,39.784385681152344
00407.jpg,3.2946,0.5610227584838867,0.5044233609461595,0.9187277890022355,4.7821221351623535,53.115875244140625,0.7636730901197527,0.29389233047883395,4.209040641784668,2.2676855506886433,24.142578125,5.083028793334961,72.85478210449219,0.7174110412597656,0.23099124431610107,0.48870864510536194,0.10085868835449219,9.962865829467773,0.37521212699206496,0.15685461756690366,-0.209738090634346,0.0,0.2804668229559672,5.227622943359714,54.41522216796875,39.623016357421875
00410.jpg,3.3459,0.533643364906311,0.40950663951157423,0.9099098127133461,5.743493556976318,68.369873046875,0.7570164601350748,0.3179959021594197,4.279150009155273,2.0521771729537033,29.75233268737793,6.554641246795654,77.46707916259766,0.7356882691383362,0.6998273730278015,0.47037792205810547,0.06375933438539505,11.95456314086914,0.3486337068231169,0.17752678476726122,-0.16644078493118286,0.0,0.2558775443250253,4.498822466634693,47.26727294921875,34.42424011230469
00411.jpg,3.3499,0.5461932420730591,0.37435422193987167,0.9036870308347918,5.975371837615967,70.6594009399414,0.761590949079892,0.3044148802995031,4.127818584442139,1.8910929935420402,31.327951431274414,6.7914557456970215,73.68118286132812,0.7103302478790283,0.6750675439834595,0.41231250762939453,0.06904593110084534,11.608619689941406,0.32007692104936636,0.18701835975450753,-0.1729239821434021,0.0,0.22333589143779314,4.536566304604063,57.52996826171875,38.698787689208984
00421.jpg,3.3235,0.5303136110305786,0.4778795246928447,0.9198560802210997,5.0893988609313965,68.63542938232422,0.7298634476474046,0.3240426795374986,4.598073959350586,2.3147311148394945,28.62015151977539,6.803287029266357,71.3091812133789,0.7483364939689636,0.48473602533340454,0.43958303332328796,0.07354219257831573,11.334633827209473,0.3314441243592842,0.18951190874354837,-0.1825706660747528,0.0,0.24797045437550277,4.330179595109977,56.51141357421875,37.006378173828125
00424.jpg,3.2771,0.5518638491630554,0.46403636258376696,0.9137183611722542,5.467637062072754,65.91459655761719,0.750107453834762,0.3098670583538177,4.283185005187988,2.2623767193918116,27.956777572631836,6.315002918243408,64.64209747314453,0.7069000005722046,0.36166316270828247,0.44107744097709656,0.08009519428014755,10.963935852050781,0.3245316688183178,0.1792988203332763,-0.1810920089483261,0.0,0.23875484329679533,4.6344448202940365,52.42498779296875,34.843990325927734
00435.jpg,3.2955,0.5504456162452698,0.4272606519163355,0.9052664033715005,5.324648857116699,80.03240966796875,0.7438072012715907,0.31853041159602485,4.536941051483154,2.106742439974429,32.56578826904297,7.756886959075928,65.54341125488281,0.6902127265930176,0.5313553214073181,0.3864578306674957,0.06716462969779968,11.728595733642578,0.32687973196608716,0.1869763907644138,-0.15456488728523254,0.0,0.21186723441696864,4.355728820064242,51.97698974609375,39.89655303955078
00442.jpg,3.3139,0.5334195494651794,0.42211467215386095,0.900840594674729,5.428254127502441,71.60842895507812,0.741751719182856,0.33011125758502774,4.448977947235107,2.0846700895566297,28.743005752563477,6.817987442016602,55.19432830810547,0.6872355937957764,0.6871813535690308,0.38865524530410767,0.05542764067649841,12.562736511230469,0.31108584367031544,0.1723959179012267,-0.1483306884765625,0.0,0.19913576832031454,4.076298006459228,52.64202880859375,38.716514587402344
00445.jpg,3.3327,0.5277096033096313,0.4441605217841252,0.9070287118242859,5.273213863372803,72.93415069580078,0.7409528129684608,0.33575240615760216,4.593154430389404,2.19113381010353,28.961702346801758,6.997352123260498,57.854759216308594,0.7062904238700867,0.6247110366821289,0.39803433418273926,0.054044459015131,12.672490119934082,0.3161628981321616,0.17594298992518118,-0.14123791456222534,0.0,0.20624895697681345,4.043272790605602,50.40399169921875,36.06928253173828
00453.jpg,3.3043,0.5804876089096069,0.41575648671968163,0.896599143556138,5.567740440368652,63.93303680419922,0.7792724382339923,0.3029804265671419,4.182473182678223,2.02686484635026,27.847658157348633,5.998145580291748,61.26319122314453,0.6447619199752808,0.5020110011100769,0.4333275556564331,0.08112528920173645,10.908437728881836,0.3470826344157208,0.17402110164852794,-0.17503508925437927,0.0,0.255313935487619,4.679410216449453,45.19989013671875,37.74263000488281
00471.jpg,3.2941,0.4803200364112854,0.6076774123634019,0.9363687694182797,3.8259406089782715,75.05217742919922,0.7472691747746795,0.3403629276297114,4.822092056274414,2.6276182446683114,29.727642059326172,7.2905144691467285,83.09552001953125,0.8154056072235107,0.38956695795059204,0.5677765011787415,0.07718918472528458,11.124435424804688,0.38878748389881307,0.19350498566170582,-0.1814994513988495,0.0,0.3559097165996072,3.9363466633415185,45.53045654296875,35.776832580566406
00473.jpg,3.2958,0.42766305804252625,0.6683710800789724,0.9548895496444515,3.730102300643921,64.95055389404297,0.7506096786951424,0.3413369574501865,4.752711296081543,2.8348456611497515,27.37967300415039,6.408825397491455,91.46405029296875,0.8812088370323181,0.4513120949268341,0.594110369682312,0.05281732976436615,12.772235870361328,0.38118129204904955,0.18797935790869666,-0.1865944117307663,0.0,0.3524079658476264,4.370714796959532,55.59100341796875,38.17245101928711
00475.jpg,3.3015,0.46367648243904114,0.5641639449321437,0.9454793539221781,4.886281490325928,67.63372039794922,0.7536199911448762,0.3310515199404247,4.505209922790527,2.649180845429778,28.868165969848633,6.595792293548584,90.53221893310547,0.8525999784469604,0.5078748464584351,0.5023328065872192,0.05369334667921066,12.700796127319336,0.3523720738282265,0.19583789684069933,-0.18249113857746124,0.0,0.2988623632431668,4.112411270852925,58.09637451171875,36.92179489135742
00476.jpg,3.2763,0.5032007694244385,0.5090850921692375,0.9324815385466113,5.26856803894043,60.81249237060547,0.767553623657854,0.3137796179376523,4.2000346183776855,2.4101716258936214,27.59921646118164,5.918596267700195,89.2138900756836,0.8052143454551697,0.4059702754020691,0.4871359169483185,0.07081823796033859,11.49854850769043,0.363544480890819,0.1744097243437305,-0.1942332684993744,0.0,0.28757279368493616,4.3219116654798375,58.65692138671875,36.235626220703125
00489.jpg,3.2866,0.4365881085395813,0.6073565760837611,0.9478631623605326,4.059168338775635,69.86097717285156,0.744971427760901,0.3335030604959644,4.731978416442871,2.6696916435556295,28.055187225341797,6.608536243438721,89.52336120605469,0.8633588552474976,0.45631060004234314,0.6403942108154297,0.05844375491142273,12.332619667053223,0.38947137372902313,0.1839707009271932,-0.17761282622814178,0.0,0.38646063748760867,3.724911365541248,42.03680419921875,40.08621597290039
00509.jpg,3.2928,0.5811623930931091,0.37313207536015436,0.8964145364976894,5.691911220550537,63.28190994262695,0.7581076767359268,0.2978633664362124,4.062766075134277,1.8198984203080464,28.00993537902832,6.035282611846924,55.64051818847656,0.6225124597549438,0.4040873646736145,0.3683810234069824,0.0792694017291069,11.008944511413574,0.3158109386272889,0.15974700976899747,-0.17535057663917542,0.0,0.19508993402741906,5.022836143567074,58.91082763671875,38.209564208984375
00515.jpg,3.2795,0.5852566957473755,0.3919801569193911,0.8896213087925403,5.657349586486816,76.50090789794922,0.7753834610107447,0.31845781287001823,4.110769271850586,1.9144615670468816,32.22776794433594,7.1414475440979,56.29923629760742,0.6021428108215332,0.46829184889793396,0.3894474506378174,0.07875407487154007,11.037269592285156,0.38710897152155305,0.1296194150492094,-0.162107914686203,0.0,0.2063795215748694,5.29531385458856,61.73602294921875,43.07878112792969
00521.jpg,3.3286,0.5817667841911316,0.44142367136586214,0.9053044523447675,5.580197811126709,74.66399383544922,0.7773671924792055,0.32275812911810825,4.130918025970459,2.14336626923064,31.866830825805664,6.87601900100708,66.59956359863281,0.6504223346710205,0.3231319189071655,0.4303036332130432,0.08061729371547699,10.935717582702637,0.4016601343942683,0.12131449197091973,-0.15929359197616577,0.0,0.22510227269877248,5.58202130680869,57.66668701171875,39.78774642944336
00526.jpg,3.2701,0.5374480485916138,0.45866116040615035,0.913939778444695,5.4584574699401855,77.91372680664062,0.7539299201853183,0.315387337559258,4.453608512878418,2.273148212171879,32.66259765625,7.392021179199219,72.07367706298828,0.7309703230857849,0.48202580213546753,0.39501678943634033,0.06307533383369446,12.00140380859375,0.38265385970877575,0.13283458896390185,-0.16022148728370667,0.0,0.22015869074865044,5.243308719406195,61.26751708984375,37.45606231689453
00535.jpg,3.2954,0.5521045327186584,0.40306451207297156,0.9092870018998016,5.618540287017822,71.90300750732422,0.7662206561946652,0.3086413738474024,4.28459358215332,1.9958082722348127,30.552583694458008,6.862088680267334,77.53256225585938,0.722223699092865,0.5547914505004883,0.4719296097755432,0.07021253556013107,11.53585433959961,0.3631185189399341,0.18041719250281474,-0.1656876504421234,0.0,0.2637226209276112,5.007519268158549,54.28826904296875,34.70454406738281
00547.jpg,3.2987,0.5283954739570618,0.4553819052152001,0.9118738612046978,5.861346244812012,76.02808380126953,0.7594507204863294,0.32765469525684504,4.1880998611450195,2.288176450006442,33.96702194213867,7.1007399559021,75.43818664550781,0.7380675673484802,0.5274399518966675,0.37687453627586365,0.06361880153417587,11.96414566040039,0.31997304870517373,0.11053338989847021,-0.16776762902736664,0.0,0.20571587377938674,6.705080502820465,68.20037841796875,42.5909423828125
00589.jpg,3.2921,0.5433517694473267,0.46684094531113907,0.9238079756833504,5.3146748542785645,68.61743927001953,0.753892314885328,0.29566578729663034,4.391278266906738,2.2655767626951295,28.722393035888672,6.6098504066467285,76.90593719482422,0.7465551495552063,0.3230580687522888,0.48452791571617126,0.058655887842178345,12.316884994506836,0.32835175545417555,0.21381762045893674,-0.16383889317512512,0.0,0.2653139544492625,4.281331357688514,43.11297607421875,40.90442657470703
00591.jpg,3.2803,0.5521752238273621,0.4089062722693382,0.9150873564708686,5.872193813323975,71.6353530883789,0.7686158159704077,0.2940214232406354,4.023217678070068,2.0231553617294775,30.309717178344727,6.776108264923096,68.44661712646484,0.7075175046920776,0.32466739416122437,0.433387815952301,0.06785766780376434,11.684011459350586,0.330958553121673,0.1903781820339823,-0.17407545447349548,0.0,0.24309761333862578,5.650302566621243,46.59246826171875,39.820655822753906
00602.jpg,3.2683,0.4775908887386322,0.5595037673011297,0.9369061853198866,5.092252254486084,36.94895553588867,0.7717303882656885,0.2689606139789766,3.5722389221191406,2.4239177354186134,19.571025848388672,3.3665664196014404,93.94029998779297,0.8183180093765259,0.3184906840324402,0.5547563433647156,0.07813959568738937,11.0712890625,0.40981054347712825,0.08449272963670086,-0.23274193704128265,0.0,0.294088144273769,6.340010634159238,69.45086669921875,34.92001724243164
00607.jpg,3.2513,0.6286028623580933,0.2962508779226787,0.8839618402015652,6.106781005859375,50.39707946777344,0.7847941785095618,0.25126320653016854,3.2948920726776123,1.3926324405591517,26.043106079101562,4.80015230178833,38.934566497802734,0.5263774394989014,0.3367825150489807,0.2951931357383728,0.11090674251317978,9.550420761108398,0.33404138118359633,0.12638628077823305,-0.21859566867351532,0.0,0.1573352585347094,5.251429432833461,57.70867919921875,38.69812774658203
00627.jpg,3.2762,0.6386761665344238,0.26072929787035565,0.882825033941845,6.740708589553833,42.91035461425781,0.803225917403913,0.22815029566292996,2.8943867683410645,1.2560806695693945,23.613969802856445,3.9792444705963135,51.48494338989258,0.5266837477684021,0.34007394313812256,0.2911469340324402,0.10948128998279572,9.606600761413574,0.31563287936922074,0.1212140158013715,-0.21576087176799774,0.0,0.14698221604776165,6.380693869409349,77.77947998046875,42.075416564941406
00635.jpg,3.3071,0.48540470004081726,0.5184529070689874,0.9410686304470796,5.670618534088135,45.890281677246094,0.7571089170783643,0.29982920173070265,3.811600923538208,2.458051756948808,21.936573028564453,4.494500637054443,85.28748321533203,0.8329401016235352,0.4438258409500122,0.5049867630004883,0.05941104143857956,12.26132869720459,0.36584474852394555,0.12172460631682994,-0.2106950283050537,0.0,0.26041363749433294,4.615624969260309,71.12664794921875,38.42600631713867
00646.jpg,3.3054,0.5231065154075623,0.46239237456559107,0.9247596751227295,6.410924911499023,53.852134704589844,0.79611059783581,0.2611623255926637,3.4466590881347656,2.279044230282981,26.89946937561035,4.993661403656006,83.70455932617188,0.7677696943283081,0.35136741399765015,0.42216742038726807,0.06961231678724289,11.573139190673828,0.3395741570493538,0.15346111946044685,-0.21326005458831787,0.0,0.23381844730988308,5.23027172217539,70.13250732421875,36.90818786621094
00652.jpg,3.3039,0.5522275567054749,0.4109456467248262,0.9101871410061645,5.8868632316589355,66.4815902709961,0.7646696207137713,0.2944797006995046,4.039447784423828,2.0395948338392245,29.709436416625977,6.308440208435059,80.61714172363281,0.7315076589584351,0.5072811841964722,0.371060311794281,0.07554382085800171,11.218011856079102,0.33344162710032194,0.15437119116953474,-0.1862913817167282,0.0,0.21072972119315428,4.549118122255129,57.68377685546875,33.68906784057617
00654.jpg,3.2719,0.5173689723014832,0.5254421540241816,0.9248261477825642,4.699362754821777,82.0934829711914,0.7310900885879136,0.3270518982215978,4.942383766174316,2.533099759097853,31.037918090820312,8.007882118225098,74.49693298339844,0.7703117728233337,0.4564550518989563,0.39384210109710693,0.0578857846558094,12.37428092956543,0.34048981781734033,0.2078151256085645,-0.1567896008491516,0.0,0.22961328806831938,4.200066564021729,43.32391357421875,36.78950119018555
00660.jpg,3.271,0.5615314841270447,0.41420079998635545,0.9043447545799079,5.645321369171143,65.56674194335938,0.7640579798512898,0.28995243548460536,4.181705474853516,2.035188725449226,27.854196548461914,6.309762001037598,66.95146942138672,0.6836847066879272,0.45973387360572815,0.43030503392219543,0.0729127824306488,11.371963500976562,0.32939912473521193,0.1846474817118651,-0.17001987993717194,0.0,0.24056245126910486,4.733395329889874,54.29461669921875,43.65114212036133
00673.jpg,3.2692,0.5538603663444519,0.44165130881464426,0.9148459530108806,5.288345813751221,76.91166687011719,0.7526237734670918,0.3088000637154501,4.467014312744141,2.154241892853136,31.00306510925293,7.421757698059082,73.35953521728516,0.717641294002533,0.33281606435775757,0.43389636278152466,0.07368221133947372,11.326374053955078,0.3289619590151039,0.20727315187803352,-0.1697857677936554,0.0,0.2625641699202799,3.9076875317337096,47.19378662109375,37.08112716674805
00686.jpg,3.2795,0.6127488017082214,0.34599327395574253,0.8934251637446079,5.88628625869751,55.202877044677734,0.7732134940580231,0.28308492071857555,3.722026824951172,1.6622121677780708,24.954158782958984,5.174226760864258,53.13714599609375,0.5915168523788452,0.33970171213150024,0.39382612705230713,0.09390797466039658,10.27297592163086,0.32991202414630155,0.170415799523659,-0.18738329410552979,0.0,0.227634647118155,5.481046633942485,56.05047607421875,29.77886962890625
00712.jpg,3.2755,0.5633740425109863,0.3764052792596106,0.9048356461650884,5.8911824226379395,64.67819213867188,0.7572632756421278,0.28789393203555597,4.0670881271362305,1.8741798908508631,28.035531997680664,6.22418212890625,64.92451477050781,0.6780698299407959,0.3887409567832947,0.40590888261795044,0.0754612386226654,11.222761154174805,0.3127183168296508,0.19447408385414772,-0.18081268668174744,0.0,0.23042588212054688,5.742442588765144,51.59588623046875,41.748046875
00716.jpg,3.2976,0.5738316774368286,0.28045681164022157,0.8826879811802729,6.530785799026489,59.31390380859375,0.7849321388515857,0.2732361732325527,3.4920411109924316,1.405490208398505,27.49086570739746,5.522372245788574,52.69035339355469,0.5855789184570312,0.6098709106445312,0.31120964884757996,0.07022596895694733,11.535022735595703,0.3252307607649298,0.14082859048314567,-0.18753096461296082,0.0,0.17074275792032445,5.571776088269479,56.79315185546875,37.137481689453125
00723.jpg,3.2777,0.5524301528930664,0.4033450399513801,0.9141762448350019,6.154043674468994,61.16191101074219,0.7830070008037986,0.29287481532493964,3.831298589706421,2.013776454789622,27.681507110595703,5.729152202606201,75.2651596069336,0.726482093334198,0.4230225086212158,0.43210166692733765,0.07917850464582443,11.01392650604248,0.3430145987097372,0.17700176435283305,-0.19263803958892822,0.0,0.2523425026644329,5.165077989753904,59.47576904296875,31.370819091796875
00728.jpg,3.278,0.5511624217033386,0.3643774749809131,0.9053077533683814,6.0750892162323,65.94375610351562,0.7693890167082755,0.28831557899219634,3.9444422721862793,1.8254525229409424,29.02745819091797,6.278012752532959,60.57407760620117,0.679507851600647,0.4532988965511322,0.38643842935562134,0.06375686824321747,11.954730987548828,0.3207645221229245,0.1841417540260889,-0.17373868823051453,0.0,0.22333198767593493,5.291835696627799,54.91766357421875,43.39963150024414
00746.jpg,3.2932,0.6258761882781982,0.34432562660332205,0.8924249253284442,5.741349697113037,59.356876373291016,0.7651106181027427,0.2758560849286013,3.7745206356048584,1.6382853420688832,26.926218032836914,5.632909297943115,47.235748291015625,0.5556558966636658,0.2551906704902649,0.3337087035179138,0.0993388444185257,10.028809547424316,0.3082430441015774,0.17430704116632692,-0.18581977486610413,0.0,0.18356887051473725,5.032995018021057,53.34808349609375,33.145355224609375
00751.jpg,3.3249,0.5533180236816406,0.47144135270564547,0.9142939269385647,4.945678234100342,81.04019165039062,0.7407883612470594,0.3461211401930729,4.670051574707031,2.26663505451379,31.074321746826172,7.798576831817627,62.606285095214844,0.7048202753067017,0.3332248330116272,0.4916757643222809,0.07445277273654938,11.281190872192383,0.3502227718024625,0.2119273109827094,-0.1524019092321396,0.0,0.29567377972316794,4.441266206688349,43.19500732421875,41.393226623535156
00754.jpg,3.3351,0.5588001608848572,0.3371181540699364,0.8902206261503443,5.983278274536133,75.86028289794922,0.7659715681257929,0.3154870975856517,3.972080707550049,1.678072290374634,31.675092697143555,7.205582141876221,57.018795013427734,0.6325787305831909,0.6235774755477905,0.3580130338668823,0.06358993053436279,11.966115951538086,0.30275188412565385,0.17739169698389035,-0.16069850325584412,0.0,0.19459632606569663,5.950926197886959,53.03485107421875,37.55607604980469
00758.jpg,3.2826,0.5374518036842346,0.458516615275443,0.9205398453021826,5.622596740722656,68.15803527832031,0.7534103516065485,0.31976615156617927,4.248700141906738,2.263085206896206,28.967052459716797,6.652416706085205,72.99288177490234,0.7428171634674072,0.5124583840370178,0.38045787811279297,0.06498464941978455,11.871891975402832,0.32318927169433126,0.170553662294526,-0.1783674657344818,0.0,0.20651948778040163,4.249842679606232,49.73846435546875,40.467247009277344
00772.jpg,3.3304,0.5616886615753174,0.4228046974317331,0.8962627034976576,5.240130424499512,88.44474792480469,0.7501135796503392,0.34337435268550087,4.6656084060668945,2.094104290915041,34.579654693603516,8.474016189575195,60.040157318115234,0.6587475538253784,0.5761339664459229,0.43585723638534546,0.07823660969734192,11.065898895263672,0.33683076160879827,0.1946652689265366,-0.14686298370361328,0.0,0.2589123320017278,4.258207375828601,42.96673583984375,43.380393981933594
00804.jpg,3.2886,0.5145235657691956,0.5108774758243595,0.9285608304615725,5.188906192779541,79.23165893554688,0.7348552812027199,0.3500272859573211,4.688551902770996,2.5230948514555696,31.356637954711914,7.726543426513672,76.88243865966797,0.7810795307159424,0.5711554288864136,0.44842129945755005,0.055231641978025436,12.578121185302734,0.3370204658568372,0.19403678581957842,-0.15767830610275269,0.0,0.2430306669512255,3.539004970613889,44.97625732421875,39.62059783935547
00822.jpg,3.2942,0.5239524841308594,0.4377288429095461,0.9173397965270411,5.5972394943237305,72.56080627441406,0.7534349436104918,0.3095149611557945,4.271719932556152,2.1599722092030413,30.929237365722656,7.1004319190979,69.34120178222656,0.7507889270782471,0.6081895232200623,0.4372086822986603,0.07175575941801071,11.441431999206543,0.3224049084070946,0.17276401879350953,-0.1825936734676361,0.0,0.2654036565202766,4.283843660630259,52.58343505859375,37.72669219970703
00823.jpg,3.2877,0.5534026026725769,0.3753566062594757,0.902604959759825,6.031833171844482,75.34149169921875,0.767745481139369,0.3027726420979573,4.062816143035889,1.894553564615582,32.13857650756836,7.228674411773682,67.53070831298828,0.6958735585212708,0.5885595083236694,0.3627198338508606,0.0764559879899025,11.165885925292969,0.33122106954712355,0.16691546221300868,-0.18579155206680298,0.0,0.2098422212863932,5.290926671796049,55.15155029296875,34.83347702026367
00824.jpg,3.3453,0.5277720093727112,0.43613891306705294,0.9173991112596562,5.82431173324585,81.58019256591797,0.7748406553659943,0.3144969841914278,4.187369346618652,2.1832499549525375,33.490203857421875,7.700125217437744,74.7312240600586,0.7492430210113525,0.48955845832824707,0.4083935618400574,0.07401368767023087,11.306880950927734,0.3392526338573556,0.18298293328784596,-0.1748424768447876,0.0,0.2330359930416846,5.199583265363137,52.63543701171875,39.0277099609375
00829.jpg,3.2609,0.5673854351043701,0.4682243199422783,0.9125536728714618,5.259649753570557,63.7911262512207,0.7696051283187811,0.28558376835735105,4.032059669494629,2.1753107849887714,28.354646682739258,6.017821311950684,80.23518371582031,0.7208709120750427,0.3885801434516907,0.42929625511169434,0.10639950633049011,9.73060417175293,0.3326129636103264,0.17910332907839416,-0.19735747575759888,0.0,0.2625228155030017,5.263916940306554,57.77850341796875,39.326881408691406
00833.jpg,3.2889,0.5755617618560791,0.5902684011434624,0.9171119300358473,3.7948379516601562,74.01912689208984,0.7727369466325698,0.299659791725122,4.631154537200928,2.4868093727544203,29.90309715270996,7.023073673248291,71.44152069091797,0.6996339559555054,0.21765440702438354,0.5508724451065063,0.12054960429668427,9.188343048095703,0.37075660806889843,0.20820593294768877,-0.18373796343803406,0.0,0.36228010553599,4.238833325822895,45.44061279296875,37.00090408325195
00842.jpg,3.2944,0.5087735652923584,0.4824414516547506,0.9196598391872001,4.8649091720581055,108.84056091308594,0.7303037927987969,0.3774375928446655,4.987160682678223,2.3765324697290264,39.89155960083008,10.664377212524414,71.2679672241211,0.7700592875480652,0.6747366189956665,0.44346389174461365,0.05944996327161789,12.25848388671875,0.332954125607751,0.1955014072759889,-0.12413706630468369,0.0,0.23441055370409392,4.045261902364575,45.94891357421875,34.058982849121094
00846.jpg,3.3199,0.5271958708763123,0.41739212672369597,0.9078635448824394,5.964510917663574,76.9281005859375,0.748615184037746,0.3178946785591549,4.251537799835205,2.1320567840249094,32.14386749267578,7.52203369140625,71.58780670166016,0.7351152896881104,0.7260264158248901,0.3177972733974457,0.06358636915683746,11.966361045837402,0.29905131971315324,0.1639157585040274,-0.17627915740013123,0.0,0.17730002609811824,4.679791093592607,46.43865966796875,32.27892303466797
00854.jpg,3.2803,0.5323300361633301,0.3451088533685709,0.8923807933851133,6.055829048156738,84.38400268554688,0.7424580481198961,0.3299576313952634,4.194610595703125,1.7687650688948295,34.470726013183594,8.125051498413086,61.40735626220703,0.6790259480476379,0.8132368922233582,0.30574285984039307,0.059446461498737335,12.258740425109863,0.27062097901059945,0.16131048891094937,-0.15507161617279053,0.0,0.16343085072249924,4.442351141248763,42.99822998046875,33.41390609741211
00879.jpg,3.318,0.5443273782730103,0.3621045327162164,0.9033556342559428,6.447265625,69.69519805908203,0.759586356768524,0.30027321822923886,3.738434314727783,1.8441507937754817,30.733827590942383,6.488049030303955,65.44046783447266,0.6781939268112183,0.5303731560707092,0.28490570187568665,0.05867473781108856,12.315488815307617,0.29300644100331735,0.15188072834337282,-0.16916704177856445,0.0,0.15478239510167904,5.9773542947509934,54.08050537109375,35.257415771484375
00888.jpg,3.3267,0.4899147152900696,0.16505755206571918,0.8786539740950989,7.612759947776794,39.8138313293457,0.8424341846523143,0.1920110061826563,1.8112154006958008,0.7777522190222399,26.014801025390625,3.5636377334594727,35.68351745605469,0.5199967622756958,0.6026139855384827,0.17758530378341675,0.038060933351516724,14.195207595825195,0.2696222645271974,0.12389948566479156,-0.24068066477775574,0.0,0.08517822914703033,13.033765336663622,86.94891357421875,51.2762336730957
00889.jpg,3.3038,0.4990438222885132,0.1629086813990669,0.8756773777498406,7.65691077709198,41.69174575805664,0.8316187770513059,0.1836537284918159,1.8359589576721191,0.7732384505866641,27.024023056030273,3.7803120613098145,35.2560920715332,0.5105921030044556,0.6357523798942566,0.14951598644256592,0.038272883743047714,14.171089172363281,0.2565391867781044,0.1252052248898625,-0.24675032496452332,0.0,0.07442705254237168,13.071567675321791,83.50262451171875,44.01335525512695
00894.jpg,3.2794,0.5014563202857971,0.24146723370485215,0.8993846223919435,7.549461364746094,56.01857376098633,0.8347404329736533,0.2171619897131338,2.2216808795928955,1.1797097990913095,31.83438491821289,5.334144115447998,47.97407150268555,0.6413396596908569,0.6107756495475769,0.2263956367969513,0.0388687327504158,14.103996276855469,0.2946547327483982,0.1962606816135834,-0.23156754672527313,0.0,0.113275952499284,10.098563103417078,81.46356201171875,47.02827453613281
00917.jpg,3.2882,0.6089962720870972,0.27286433503371765,0.8875960605896032,7.044183254241943,54.28703689575195,0.8154026947817451,0.2374181060261026,2.8687496185302734,1.3524479343734264,27.1776180267334,4.9385786056518555,57.27095413208008,0.5851874947547913,0.4285963773727417,0.3016684949398041,0.09297266602516174,10.316447257995605,0.3228953201931151,0.15895025069985985,-0.2190859317779541,0.0,0.17962978284023692,5.815080592642676,61.12469482421875,38.73933410644531
00920.jpg,3.287,0.6429195404052734,0.343772494689442,0.9010400356836324,6.463085412979126,47.64027404785156,0.8220405807760067,0.23241930887673562,2.8733537197113037,1.604811787878086,25.645586013793945,4.23345947265625,71.6287612915039,0.6238350868225098,0.2324976921081543,0.3768596649169922,0.1194060817360878,9.229735374450684,0.3902259205986229,0.13626991195036356,-0.22914612293243408,0.0,0.23703011283902142,6.60174636048923,69.51043701171875,41.88351821899414
00932.jpg,3.2786,0.6682763695716858,0.2992686633820576,0.8914906753978717,6.519893407821655,46.97344207763672,0.8307065566604329,0.22805885452201446,2.857679843902588,1.4032123481290313,24.86138343811035,4.157309532165527,60.0404052734375,0.5560427308082581,0.2629537582397461,0.34747517108917236,0.12701787054538727,8.96135139465332,0.3611167110416822,0.14913435499553507,-0.2215912938117981,0.0,0.2150828225562511,6.592137999654528,61.60980224609375,36.76124954223633
00937.jpg,3.2761,0.6163990497589111,0.30822712954716364,0.8914583283973743,6.732327461242676,48.26177215576172,0.8099687391233084,0.24150096690017328,3.1717123985290527,1.5263525936683884,24.761940002441406,4.3898606300354,62.037620544433594,0.6060271263122559,0.41938653588294983,0.3336983919143677,0.1030973568558693,9.867525100708008,0.34249454065315427,0.14629846280044914,-0.21475066244602203,0.0,0.19678191401412204,5.870529034930659,61.17889404296875,36.246849060058594
00950.jpg,3.2983,0.5266256332397461,0.4509923368208118,0.9206037304784505,5.307402610778809,59.85515594482422,0.7897042755042648,0.2819600455572446,3.7770700454711914,2.048522147765845,27.26564598083496,5.535343647003174,88.43687438964844,0.7734943628311157,0.3805108070373535,0.466651052236557,0.09501159191131592,10.222234725952148,0.3753465477969758,0.15387995861789908,-0.20402076840400696,0.0,0.29611294578096947,4.660491341899967,52.25408935546875,39.958465576171875
00959.jpg,3.2903,0.5721552968025208,0.42005685331709564,0.9125111334545906,5.3003294467926025,61.30668640136719,0.7970130087780238,0.27056169272446917,3.703579902648926,1.8910846668927324,27.719707489013672,5.696502208709717,81.43254852294922,0.7214614748954773,0.32614028453826904,0.46661296486854553,0.11413905769586563,9.425657272338867,0.37478009013230396,0.1583563853653046,-0.20410342514514923,0.0,0.29573705359407537,4.869608849242489,54.64080810546875,43.11730194091797
00961.jpg,3.2489,0.5524219274520874,0.45345022743754965,0.9154543477790662,5.149677515029907,56.82218551635742,0.7922978802093956,0.2764441022478359,3.86286997795105,2.043379261009262,25.975439071655273,5.306693077087402,83.2256851196289,0.7392979860305786,0.3239148259162903,0.4694211483001709,0.10813157260417938,9.66047477722168,0.3802077338965406,0.1399505024321807,-0.20701952278614044,0.0,0.2889996776895759,4.930664460178317,63.35955810546875,40.00283432006836
00965.jpg,3.282,0.561222493648529,0.49541558070936026,0.9175316684731999,5.03362774848938,74.75808715820312,0.7964981403321549,0.30509860499813957,4.009446144104004,2.240048843460519,30.546112060546875,6.834283828735352,77.904541015625,0.7254279851913452,0.22836047410964966,0.5425465703010559,0.11073945462703705,9.556976318359375,0.36494532977762395,0.19248295725400352,-0.19291073083877563,0.0,0.354859670629434,4.637068650334104,41.90252685546875,41.2415771484375
00978.jpg,3.2902,0.5811655521392822,0.39504300298527245,0.9033746305436164,5.9209630489349365,70.16297912597656,0.7822117459244107,0.27973702272191303,3.8783681392669678,1.9355858076311288,29.65413475036621,6.588886260986328,70.69589233398438,0.6856250762939453,0.4001460075378418,0.40937530994415283,0.1032245010137558,9.862173080444336,0.3149755384600204,0.1867299344640287,-0.1933603137731552,0.0,0.2756851458653913,5.401970857720488,50.18328857421875,37.623435974121094
00987.jpg,3.2974,0.6109660267829895,0.36684231643056114,0.8979381964645595,6.13641881942749,63.88081741333008,0.7918022304876307,0.28417499915614913,3.6594481468200684,1.796776017006649,29.58935546875,5.955558776855469,61.567073822021484,0.6282920837402344,0.3238977789878845,0.37918639183044434,0.11037549376487732,9.571273803710938,0.35132679226362934,0.14497149026118883,-0.19337213039398193,0.0,0.2382470561646974,5.219966287836752,51.01629638671875,39.69942855834961
00994.jpg,3.2675,0.5962390899658203,0.37079091725919416,0.9051606955717405,6.1233367919921875,62.1778564453125,0.7788473618535015,0.2828411041469271,3.700845241546631,1.8213655397229198,28.459869384765625,5.764235019683838,72.7308120727539,0.6648375988006592,0.2849575877189636,0.3679780960083008,0.09232880920171738,10.346628189086914,0.328044393889092,0.1579314194067907,-0.1967315822839737,0.0,0.23152736098972745,6.011327837076627,54.87322998046875,40.275569915771484
00999.jpg,3.2546,0.6356101036071777,0.36297353664057014,0.8985596516401814,5.830210208892822,44.33909225463867,0.8364553913029604,0.2339982524876653,2.8024961948394775,1.5667284986044008,22.747982025146484,3.8566157817840576,72.41621398925781,0.6542872190475464,0.30028992891311646,0.43589159846305847,0.14267191290855408,8.456615447998047,0.35910600534310017,0.14071756654771797,-0.23639509081840515,0.0,0.2606865062551527,6.312090796673815,70.07440185546875,32.13097381591797
01021.jpg,3.257,0.5161495804786682,0.37158492144393873,0.9179862288822775,7.295785665512085,37.35941696166992,0.8194732967627927,0.21072040955629645,2.6930630207061768,1.8558596123724778,20.320388793945312,3.2673377990722656,81.24543762207031,0.7687839269638062,0.44063735008239746,0.32313671708106995,0.06854341179132462,11.640342712402344,0.3195778114576588,0.13879288045367277,-0.2462085783481598,0.0,0.18550192415495323,7.77655535892036,75.36151123046875,33.87644958496094
01036.jpg,3.203,0.6357671618461609,0.3127714494528491,0.8929848395735784,6.535492897033691,48.490360260009766,0.8154522451833468,0.24159680953825774,2.9906165599823,1.4897532515609964,26.042264938354492,4.4147796630859375,63.294254302978516,0.599408745765686,0.31439679861068726,0.33759552240371704,0.11569847166538239,9.366724014282227,0.3501197045705514,0.13434087366695763,-0.2214398980140686,0.0,0.19536045130672514,6.1322687759058505,66.56292724609375,42.3552360534668
01041.jpg,3.2458,0.6347740888595581,0.26743921144159905,0.8690168595842216,6.916818380355835,56.85811996459961,0.8214312141751547,0.2407596905746619,2.9657511711120605,1.321498302243321,28.75119972229004,5.192180156707764,60.291725158691406,0.5552771091461182,0.6995957493782043,0.30990856885910034,0.11449292302131653,9.412214279174805,0.32038880896479943,0.1618539753817259,-0.21290676295757294,0.0,0.18237021737965797,6.55314087163011,65.70086669921875,38.62446594238281
01050.jpg,3.2376,0.5323657989501953,0.27026358670518164,0.8868654148419648,7.050824880599976,65.13157653808594,0.8006851230494124,0.2607771462326596,3.1551175117492676,1.3791522386879809,30.8199462890625,6.131913661956787,59.7436637878418,0.6510698795318604,0.7950297594070435,0.25801336765289307,0.05217240750789642,12.825592041015625,0.3053238169679772,0.15934962005509165,-0.20575463771820068,0.0,0.14443294240801852,7.108640854818499,55.51458740234375,41.410865783691406
01053.jpg,3.2538,0.5037369132041931,0.3652711913911943,0.9199389152940027,7.005456209182739,62.29627990722656,0.7874391324576316,0.2720028635855587,3.3190202713012695,1.8856236442834486,28.70686149597168,5.769798755645752,78.80321502685547,0.7846653461456299,0.7447668313980103,0.37624591588974,0.04385494068264961,13.579814910888672,0.30932253356827843,0.19296078741997377,-0.19476495683193207,0.0,0.19471932340106016,5.222440972541485,57.91864013671875,40.76499938964844
01071.jpg,3.2718,0.5827767252922058,0.2782459777949811,0.8802662697157079,6.7083539962768555,71.11093139648438,0.7967150392435285,0.26735320471706836,3.382905960083008,1.403931477793436,32.178314208984375,6.756992340087891,53.1973876953125,0.5913844704627991,0.6243948340415955,0.26692935824394226,0.08170025795698166,10.877765655517578,0.29839276028619677,0.1754892018943487,-0.19728440046310425,0.0,0.16070435861945495,6.365037280911559,57.32391357421875,43.64574432373047
01085.jpg,3.2635,0.47838592529296875,0.4368052338124975,0.9358262372495199,6.714689254760742,47.3422966003418,0.7807577449685404,0.24189569630882457,3.2619435787200928,2.178930701511197,23.33200454711914,4.321570873260498,88.32640838623047,0.8350201845169067,0.629679262638092,0.3494987487792969,0.05013231188058853,12.998823165893555,0.3280498336419912,0.12726511033397006,-0.22561603784561157,0.0,0.21074924650796778,4.364117815657285,57.01287841796875,41.28485107421875
01105.jpg,3.2961,0.5226404666900635,0.39633022369995224,0.9127335842280959,6.025522708892822,60.95431900024414,0.7601521556126768,0.28360803920417654,4.1257171630859375,2.011628848816411,26.50714874267578,5.947393417358398,72.91490936279297,0.7473601698875427,0.6371167302131653,0.38304615020751953,0.059624288231134415,12.245767593383789,0.31830031522275,0.17736366041914936,-0.19010703265666962,0.0,0.22117637224153086,4.448557862914278,55.45843505859375,31.6715087890625
01114.jpg,3.2406,0.6542782783508301,0.1577509103171208,0.8624563384334741,7.5568742752075195,34.50027847290039,0.8405967974732209,0.19201645654024488,2.0003209114074707,0.7538310002106821,22.34765625,2.9703807830810547,35.462608337402344,0.39494505524635315,0.4267473816871643,0.22153034806251526,0.11319921165704727,9.461565971374512,0.32188281293893606,0.09727077325886559,-0.24667233228683472,0.0,0.12370927549104822,10.644829705672363,80.40643310546875,38.49678039550781
01122.jpg,3.2435,0.5471057891845703,0.3267840974739591,0.9087590251903226,7.012838363647461,45.75063705444336,0.8026683424615698,0.23456096234946563,3.0706186294555664,1.6475626503683385,23.659690856933594,4.278448104858398,74.20265197753906,0.7163429260253906,0.5929573774337769,0.37913066148757935,0.06670881062746048,11.758169174194336,0.3507677704136966,0.1527195080013309,-0.21994835138320923,0.0,0.2085701213047086,4.605368522221216,72.40814208984375,41.67101287841797
01123.jpg,3.2834,0.5625154972076416,0.3147467322728529,0.9032223152919602,7.122145891189575,43.00511169433594,0.8086984960408771,0.2428007847714502,2.9699172973632812,1.5882277915946386,24.351659774780273,3.933767080307007,77.73657989501953,0.7020478844642639,0.6250357031822205,0.3129180669784546,0.06876908987760544,11.626067161560059,0.3398870050166085,0.11701397995981948,-0.2247656285762787,0.0,0.17418162376634225,5.760517827876548,77.59344482421875,41.23872756958008
01125.jpg,3.275,0.4770624339580536,0.633262323584697,0.9329315194350745,3.5627241134643555,77.49834442138672,0.7523097892044023,0.30338724700184216,4.5009989738464355,2.5532373499255048,29.405418395996094,7.198829650878906,86.83740234375,0.8066782355308533,0.32081907987594604,0.5929628014564514,0.08613619208335876,10.648143768310547,0.3927770397608248,0.20382377489735268,-0.18767017126083374,0.0,0.3950843566836409,4.65952811547055,43.66473388671875,40.094093322753906
01128.jpg,3.2851,0.48401087522506714,0.58140237984754,0.9295531527404308,4.0287957191467285,70.19329833984375,0.7501611741620344,0.2865008630155322,4.455320358276367,2.4663532548713167,27.826705932617188,6.5996551513671875,84.23231506347656,0.7986420392990112,0.35424357652664185,0.5516223907470703,0.08787211775779724,10.561490058898926,0.37817649183774765,0.19890822605198555,-0.19451823830604553,0.0,0.3645663708637549,4.29343782698806,42.29119873046875,34.929115295410156
01130.jpg,3.2798,0.4792019724845886,0.6159898636119182,0.9291811863078918,3.793231248855591,74.74758911132812,0.7445390088081492,0.287507632915298,4.3220319747924805,2.499471456729342,29.390405654907227,6.872854709625244,88.32061767578125,0.7988870143890381,0.3468797206878662,0.5594297647476196,0.0893934965133667,10.486940383911133,0.38566549172269554,0.20724257330972498,-0.19586069881916046,0.0,0.3692961488481761,5.24304755817084,45.90447998046875,37.83887481689453
01134.jpg,3.2758,0.5212748050689697,0.5880152174546092,0.9220586940554906,3.9534788131713867,73.8934555053711,0.7557883931354208,0.28737934954902417,4.343389511108398,2.439353281741642,28.97620391845703,6.790591716766357,84.1255874633789,0.7596464157104492,0.3230937719345093,0.5579303503036499,0.10318067669868469,9.86401653289795,0.38249683151177827,0.20349773065643265,-0.19201168417930603,0.0,0.3693621377977938,5.954587525849166,46.47308349609375,43.70092010498047
01138.jpg,3.2668,0.47166621685028076,0.5926102392804727,0.931362534450617,4.1671576499938965,65.74085998535156,0.745211949471177,0.28535167432695485,4.053430080413818,2.4358132242296584,28.05072593688965,6.069277286529541,91.76895904541016,0.8079665303230286,0.3360688090324402,0.5416743755340576,0.08536980301141739,10.686958312988281,0.3913277367093073,0.1820130104734507,-0.20531781017780304,0.0,0.34475460258167384,6.662689603046067,58.19232177734375,40.43341827392578
01140.jpg,3.2557,0.5338857173919678,0.5225846245674023,0.9194779798727735,4.706151962280273,53.7514762878418,0.7603153694184355,0.24636675835289557,3.7358779907226562,2.2058470936153514,25.027830123901367,4.786182403564453,86.75131225585938,0.7422536015510559,0.23688185214996338,0.41848188638687134,0.11002564430236816,9.585062026977539,0.35268413453362096,0.15414547918389232,-0.21857091784477234,0.0,0.2660314405311542,5.685733009278624,56.29949951171875,38.17365264892578
01144.jpg,3.2565,0.48035573959350586,0.6580718105473117,0.9295188647842619,3.2518253326416016,77.64192199707031,0.7599830976647153,0.2905395502977444,4.553256988525391,2.568164364812805,29.24148178100586,7.2772908210754395,83.16480255126953,0.8004642724990845,0.33788561820983887,0.6148473024368286,0.09142632782459259,10.389288902282715,0.39611787245386526,0.1953038423766021,-0.1832989752292633,0.0,0.4198454853750757,4.009801954996733,32.46112060546875,43.71263122558594
01147.jpg,3.2823,0.5006176233291626,0.6619414974658,0.9284675071883575,3.395128011703491,68.21798706054688,0.760968305586218,0.2756202301538042,4.549105167388916,2.629320782143437,26.738651275634766,6.356106758117676,78.1043472290039,0.7816827297210693,0.2798154354095459,0.6934830546379089,0.09722298383712769,10.122310638427734,0.4090527725683913,0.16719414079268602,-0.18798187375068665,0.0,0.4478126011807951,4.671011635239456,36.90252685546875,35.99822998046875
01161.jpg,3.3239,0.47859424352645874,0.6572365962358653,0.933237978756196,3.2235491275787354,66.10800170898438,0.764050409615847,0.27524510816958503,4.540491580963135,2.5514178047962144,26.19002342224121,6.328978538513184,80.89002227783203,0.8085298538208008,0.3095080256462097,0.651552677154541,0.0883786752820015,10.53652572631836,0.4067981357949519,0.16985080670669142,-0.1895199716091156,0.0,0.44153356285190354,3.9456848897922154,38.42987060546875,40.498619079589844
01164.jpg,3.2516,0.5814117193222046,0.6070578630202169,0.9135300937042,3.5673136711120605,66.77644348144531,0.7756518916921946,0.2632998280607891,4.419971466064453,2.424383406045087,26.04422378540039,6.292154312133789,70.77228546142578,0.6965398788452148,0.26674193143844604,0.6050970554351807,0.12770020961761475,8.938084602355957,0.3905170377070597,0.18774939673132993,-0.1894805133342743,0.0,0.4240184265319878,4.015208927812976,41.55926513671875,39.188663482666016
01167.jpg,3.3027,0.4978282153606415,0.6682208777283567,0.9294185464822844,3.2949817180633545,72.49829864501953,0.765179661433679,0.28474133440126986,4.38139533996582,2.5647700274078957,28.25156021118164,6.873597145080566,83.29685974121094,0.785016655921936,0.2538735270500183,0.6537506580352783,0.096723772585392,10.144667625427246,0.39782808327722324,0.1841276679613393,-0.1914089173078537,0.0,0.4343780903406412,4.651491853773055,45.57147216796875,45.52753829956055
01170.jpg,3.2769,0.5246931314468384,0.49255337101691027,0.9213658262118392,4.779416084289551,62.632530212402344,0.77328106981221,0.2862548639692676,4.019281387329102,2.1669231001111546,26.468408584594727,5.765944957733154,87.74825286865234,0.7653069496154785,0.34194064140319824,0.48017269372940063,0.09814449399709702,10.081339836120605,0.374879955311355,0.17048469165813615,-0.19911065697669983,0.0,0.30631662948646887,4.877249406480569,55.59564208984375,44.221405029296875
01189.jpg,3.3081,0.5353193879127502,0.27636165063902074,0.8816507066183912,6.680899381637573,69.80721282958984,0.7736085573248949,0.262787969335715,3.2988901138305664,1.3790206477130509,34.11125183105469,6.738473892211914,50.76310348510742,0.5907732248306274,0.7385729551315308,0.21410249173641205,0.04895936697721481,13.101642608642578,0.2712772241057487,0.1625917721364887,-0.1884365975856781,0.0,0.11740743632931867,6.521334842199714,64.86688232421875,36.346656799316406
01194.jpg,3.2945,0.5224907994270325,0.26932312970576305,0.8764008365462843,6.778313159942627,85.1182861328125,0.7769008172239976,0.2750362002685108,3.4089531898498535,1.371838162187248,40.88446044921875,8.598160743713379,52.2376594543457,0.6013237237930298,0.8508219718933105,0.20862025022506714,0.04859235882759094,13.134319305419922,0.251732287489263,0.1834717086667294,-0.18166889250278473,0.0,0.1118940820920061,7.057805171887164,76.18377685546875,38.54944610595703
01201.jpg,3.2846,0.5371991395950317,0.26928217973519425,0.8690126424821445,6.964678525924683,78.35982513427734,0.7949792039995014,0.26641368155379497,3.259568214416504,1.376608708683527,37.642822265625,7.532868385314941,53.910945892333984,0.579548716545105,0.8972772359848022,0.2716323137283325,0.056582242250442505,12.473199844360352,0.295392063009968,0.16802104872838453,-0.1766781210899353,0.0,0.14151819422061834,7.127090279152432,81.15667724609375,49.71284103393555
01211.jpg,3.2827,0.5041664242744446,0.2778474889022384,0.8984314631237955,7.178500413894653,64.42973327636719,0.810828467870998,0.2323124761314381,2.739805221557617,1.377893305545066,34.669700622558594,6.3222527503967285,54.525814056396484,0.6612789630889893,0.691997766494751,0.24960079789161682,0.04149942845106125,13.819579124450684,0.29113888028708323,0.2101632417443552,-0.21214330196380615,0.0,0.12972843366825185,8.611203938059555,83.54754638671875,40.5848274230957
01214.jpg,3.3146,0.5399510860443115,0.32381949070378185,0.8996710795166925,6.590226411819458,76.281982421875,0.7794826944157536,0.2688986551499317,3.4998559951782227,1.6336886831792299,36.497840881347656,7.4578046798706055,61.15304183959961,0.6602034568786621,0.6535544991493225,0.29968899488449097,0.05055101215839386,12.962701797485352,0.27517434976223104,0.24461735641813767,-0.17558252811431885,0.0,0.1568111531357915,5.757715049277901,58.23211669921875,37.86500930786133
01226.jpg,3.2892,0.5487099885940552,0.33134758526049957,0.9012594533251506,6.520742177963257,77.40520477294922,0.7847875924259382,0.27296918306816864,3.472527503967285,1.6556290169064356,38.10363006591797,7.816451072692871,68.17056274414062,0.6875506639480591,0.6181634664535522,0.3299853801727295,0.05405666306614876,12.671507835388184,0.3104140716889917,0.20464664369627492,-0.18658976256847382,0.0,0.176775174364902,6.091600735322977,55.67987060546875,44.22789001464844
01230.jpg,3.3024,0.4942947030067444,0.241006426817331,0.8855932813422582,7.412441730499268,61.60999298095703,0.8085135730110418,0.23069618281942994,2.5784285068511963,1.2039364141495685,34.7313232421875,6.043155670166016,48.59812545776367,0.6144657135009766,0.7677496075630188,0.23331353068351746,0.040022145956754684,13.976995468139648,0.2923053332306074,0.17934004939585288,-0.2096502184867859,0.0,0.11647974824498386,7.149918549015996,67.90496826171875,44.874366760253906
01233.jpg,3.3512,0.5159561634063721,0.30542528123535717,0.8859231733387178,6.772417306900024,76.47885131835938,0.7743804143344956,0.2460803463745487,3.3614330291748047,1.5475726706674298,38.047306060791016,7.83145809173584,50.055545806884766,0.6173610687255859,0.6875395774841309,0.2195422351360321,0.051794879138469696,12.857131958007812,0.23995401949473205,0.1907186135940966,-0.19451914727687836,0.0,0.1105930679232099,6.009979792954455,84.81951904296875,39.441890716552734
01234.jpg,3.3281,0.5046141147613525,0.3103682214904385,0.8936506600255568,6.82640266418457,77.6712646484375,0.7852050582664121,0.26538985080600525,3.304882526397705,1.5722202277125383,37.749900817871094,7.731527328491211,51.911407470703125,0.6395103931427002,0.6483398079872131,0.27113205194473267,0.04587436839938164,13.384299278259277,0.259646174030511,0.19089675178176777,-0.17689433693885803,0.0,0.132870293067405,6.636132489836579,80.32196044921875,44.79804992675781
01236.jpg,3.315,0.5168898701667786,0.30480434047845695,0.892058049404086,6.8242082595825195,85.73485565185547,0.7986436042060169,0.26132294390860955,3.3013980388641357,1.5431701443950105,41.11531448364258,8.586769104003906,57.60023498535156,0.65894615650177,0.7703025341033936,0.31668898463249207,0.04645850881934166,13.329347610473633,0.27968492173704335,0.23652675609504278,-0.18056756258010864,0.0,0.1601577631427322,6.0302822972602135,75.50823974609375,41.069854736328125
01246.jpg,3.2856,0.5078281760215759,0.39648562417137145,0.9211355873415611,6.579854726791382,56.11772918701172,0.7772662324828955,0.2765377793801075,3.432236671447754,1.9848323609631358,26.648324966430664,5.19872522354126,82.58038330078125,0.787287712097168,0.5105183124542236,0.40408727526664734,0.0626070573925972,12.033767700195312,0.342464269081985,0.13085871542618419,-0.209457665681839,0.0,0.23614217660723485,4.646993183611309,61.78216552734375,41.19049072265625
01270.jpg,3.2904,0.532497763633728,0.24990662799355068,0.9006010712733056,7.6565563678741455,50.451995849609375,0.8140114746520946,0.22705965856459395,2.580563545227051,1.2791666680630573,26.639598846435547,4.500270843505859,64.42242431640625,0.6787403225898743,0.5502598285675049,0.268548846244812,0.05628352612257004,12.496187210083008,0.28706483383980863,0.1354757364224652,-0.21518057584762573,0.0,0.14096087854327233,8.105763900596727,66.91815185546875,49.88803482055664
01291.jpg,3.2906,0.4693182110786438,0.5139017893489487,0.9373963116887578,4.760437965393066,64.83757019042969,0.7547613924326038,0.30703091063502697,4.2597246170043945,2.3177484062418054,26.892980575561523,6.106947898864746,95.17759704589844,0.8388460278511047,0.5071006417274475,0.4485267400741577,0.06668349355459213,11.759817123413086,0.3686212081735127,0.16971350034019173,-0.18766963481903076,0.0,0.2787096955949667,4.2523180327867305,49.84246826171875,39.127037048339844
01292.jpg,3.2686,0.4730556607246399,0.5128603662707925,0.935723037624636,4.926025390625,69.29608154296875,0.7589516544485189,0.3137973970053678,4.307852268218994,2.367854365234754,28.791587829589844,6.516523838043213,92.72058868408203,0.8327802419662476,0.5281673669815063,0.46580231189727783,0.06640024483203888,11.778305053710938,0.35670922507188774,0.17722117942158494,-0.18211616575717926,0.0,0.2850141474803221,4.524387992734083,46.34637451171875,39.54720687866211
01294.jpg,3.2855,0.44776639342308044,0.5490177308281563,0.9443242999357749,4.758907318115234,64.63426971435547,0.7687426974456179,0.31948987295947934,4.3169660568237305,2.4914177949459884,27.081378936767578,6.080806255340576,95.05870819091797,0.8619952201843262,0.5107158422470093,0.47130486369132996,0.057726383209228516,12.386256217956543,0.35667681392350253,0.17723303279995117,-0.18738782405853271,0.0,0.2864452165648821,3.8947368155360826,46.61883544921875,39.05188751220703
01308.jpg,3.2623,0.42931967973709106,0.5493042970911852,0.9470410061434832,4.741930723190308,61.967628479003906,0.7791434592155317,0.31357714915422413,4.123967170715332,2.4350479097151974,26.679540634155273,5.67711067199707,97.98778533935547,0.872044026851654,0.5225052833557129,0.4611598253250122,0.055676527321338654,12.543278694152832,0.3624976762402739,0.16569890348477606,-0.19324222207069397,0.0,0.2850785560733995,4.282553220361879,49.59002685546875,39.363128662109375
01313.jpg,3.2697,0.5284554958343506,0.5034532679539666,0.9180300328955223,5.2119221687316895,54.39265823364258,0.7511637792127897,0.29955172576421074,4.337621688842773,2.4038836599390345,23.44508171081543,5.277792930603027,72.51994323730469,0.7498636245727539,0.4876740872859955,0.46854421496391296,0.08172000199556351,10.876716613769531,0.3506815669267619,0.16538025395452619,-0.20334360003471375,0.0,0.2678712498288541,4.427888171299375,55.22332763671875,27.32352066040039
01316.jpg,3.2728,0.4634574353694916,0.5691363645179214,0.9367017021539592,4.338437795639038,81.13220977783203,0.7545629110205055,0.33208857583958107,4.649089813232422,2.557574758087809,31.094263076782227,7.706326007843018,87.30648803710938,0.8313242197036743,0.4514717161655426,0.5675382018089294,0.06969907879829407,11.567729949951172,0.3625072838593032,0.1941541484238571,-0.17367415130138397,0.0,0.36301252352561664,4.1315504792319775,40.76727294921875,38.628997802734375
01318.jpg,3.2636,0.42698144912719727,0.5670593221100595,0.9478188253638717,4.39158296585083,60.137332916259766,0.7667336671405385,0.33074735758372675,4.25706148147583,2.452157571151285,25.41256332397461,5.592080116271973,97.6643295288086,0.8751088380813599,0.5700061321258545,0.5315431952476501,0.05577349662780762,12.535720825195312,0.37617158170229437,0.15437709395377472,-0.1879466027021408,0.0,0.31689182452479364,4.16955271475731,49.43524169921875,37.07056427001953
01321.jpg,3.2946,0.5505328178405762,0.43779498212435775,0.9166860284675526,5.9486260414123535,59.67768096923828,0.7767374713857089,0.29093160226449294,3.9054136276245117,2.1570326207202717,27.36880874633789,5.53755521774292,84.14092254638672,0.7396707534790039,0.4151362478733063,0.39627566933631897,0.08141107857227325,10.89316463470459,0.3384179622430135,0.1735717646476621,-0.19524303078651428,0.0,0.22786031240545163,5.280918292276525,55.50604248046875,39.30220413208008
01331.jpg,3.2522,0.6904062628746033,0.260601577412693,0.8911102664170503,6.569274663925171,35.6290283203125,0.8184734700831277,0.20135233391941076,2.5827183723449707,1.1925166479827904,20.70138168334961,3.1808104515075684,54.03962707519531,0.5498820543289185,0.22152960300445557,0.3015214204788208,0.13883145153522491,8.57512092590332,0.33434429994540427,0.10787850066793274,-0.24281033873558044,0.0,0.16849265161944119,6.842473971414396,77.07049560546875,36.272430419921875
01342.jpg,3.2981,0.5605974197387695,0.1417185965105476,0.8686581729888481,7.946422100067139,34.31400680541992,0.8361565618618392,0.1740287422136646,1.7917290925979614,0.6900411994071467,23.002939224243164,2.930741786956787,37.411590576171875,0.4601370692253113,0.5375738143920898,0.14061188697814941,0.06283898651599884,12.017708778381348,0.27974143914049726,0.1036661286069975,-0.24742475152015686,0.0,0.07496564411489434,9.416720622425524,78.45257568359375,40.714111328125
01344.jpg,3.309,0.5373150110244751,0.2129074537952642,0.8889745731605323,7.744463205337524,43.891605377197266,0.808357201779323,0.19634536120210844,2.3095107078552246,1.0702869451897081,24.920827865600586,3.9249300956726074,54.9764518737793,0.627470850944519,0.5595085024833679,0.19077584147453308,0.059725333005189896,12.238414764404297,0.27409747093639236,0.1167285395457197,-0.23709502816200256,0.0,0.10172124627973592,6.1062012549164,76.53387451171875,42.51434326171875
01376.jpg,3.2967,0.5852188467979431,0.25755849204139003,0.8848092444142959,7.046966075897217,59.28876495361328,0.7964299292480593,0.2522688697078103,3.0563981533050537,1.301108408453949,28.736207962036133,5.429622173309326,56.04380798339844,0.5982159376144409,0.49737176299095154,0.26447248458862305,0.08527372777462006,10.691848754882812,0.29369051790368295,0.14141892976552498,-0.19985635578632355,0.0,0.1530182447078743,6.372748809227052,65.47479248046875,37.82640838623047
01390.jpg,3.3437,0.6179687976837158,0.3288614630914153,0.8960468415607754,6.229502201080322,59.755985260009766,0.7909780512976624,0.2622156108330307,3.5471487045288086,1.6075879323512403,27.48193359375,5.581079483032227,61.978614807128906,0.6136380434036255,0.31163090467453003,0.36055248975753784,0.10723981261253357,9.696439743041992,0.32312756715079033,0.17551182223193476,-0.20233282446861267,0.0,0.22351885067854707,5.348911736682967,57.57830810546875,35.55889892578125
01396.jpg,3.3097,0.5987582802772522,0.33941344160265696,0.8951268674452004,6.24052357673645,66.89149475097656,0.7866479265113772,0.2791777650746268,3.7270374298095703,1.6915683722837471,28.946107864379883,6.235466957092285,60.1737174987793,0.6228376626968384,0.38804179430007935,0.353864848613739,0.0964173823595047,10.158445358276367,0.30953907059995595,0.17588021654274086,-0.1901453733444214,0.0,0.2157592854350704,4.697067626251547,56.46429443359375,37.371761322021484
01403.jpg,3.2698,0.4999402165412903,0.41003659945724674,0.9182424768400954,6.184561729431152,66.35591125488281,0.7781498366471887,0.28000910245003313,3.830498456954956,2.053278234435365,29.943838119506836,6.208170413970947,69.76085662841797,0.7744673490524292,0.6688601970672607,0.3758220374584198,0.062078315764665604,12.070600509643555,0.3105131243257731,0.1561327715374411,-0.19291754066944122,0.0,0.21664905454238334,4.211642116936235,55.02069091796875,37.09107208251953
01404.jpg,3.2404,0.5295093655586243,0.41218113047044225,0.9114021077122697,6.09427285194397,64.33447265625,0.7791320529853714,0.2693488437679206,3.828434944152832,2.044983988585483,29.294387817382812,6.023492813110352,67.45362854003906,0.7377827167510986,0.5282073616981506,0.3640272617340088,0.07845322787761688,11.0538911819458,0.31225270020091733,0.154901140347504,-0.2001698911190033,0.0,0.22047120000336445,4.8161405281599725,58.86395263671875,37.23616409301758
01420.jpg,3.2741,0.4998586177825928,0.4001084840216047,0.9277985379081086,6.467804431915283,54.24543380737305,0.7662633017354334,0.30482829212870616,3.547966957092285,2.003704843120074,26.557159423828125,5.025980472564697,89.696533203125,0.8095360398292542,0.5550255179405212,0.39900338649749756,0.05925493314862251,12.272754669189453,0.34815310613584644,0.10964789355475853,-0.20262053608894348,0.0,0.2223077734895026,5.452235842794998,60.76361083984375,39.544960021972656
01425.jpg,3.2501,0.5552046895027161,0.1295438506231431,0.869165981636251,7.973700404167175,30.40867805480957,0.826370496612483,0.1688508281029875,1.7237169742584229,0.6281227885428775,21.246244430541992,2.5720489025115967,31.995237350463867,0.41481247544288635,0.43276795744895935,0.138241708278656,0.062069300562143326,12.071231842041016,0.2652784406443754,0.08204926408286797,-0.24924692511558533,0.0,0.070458385282405,11.936023330450412,81.01092529296875,42.13420104980469
01443.jpg,3.2763,0.5136271119117737,0.29760441578730895,0.9083865940544201,7.464451313018799,40.28023147583008,0.7683426644928163,0.2292655750237529,2.8151068687438965,1.5296263930587628,21.63888931274414,3.658569812774658,74.76010131835938,0.7391466498374939,0.6667563915252686,0.321540892124176,0.0518813394010067,12.84988784790039,0.2809358911405816,0.11202974463245458,-0.22864001989364624,0.0,0.17218909422874196,6.288407284948588,77.74945068359375,35.38395690917969
01477.jpg,3.2776,0.6071456670761108,0.234979580004604,0.8817618833266017,7.384005546569824,37.88690185546875,0.8027749929852135,0.2153092475949255,2.680495023727417,1.1824803956437915,22.10009765625,3.497952699661255,61.278804779052734,0.5957139134407043,0.5838031768798828,0.2798084020614624,0.09632331132888794,10.162686347961426,0.32282105725998894,0.10212357403199358,-0.23825684189796448,0.0,0.15579009733591498,6.224531481327591,69.10711669921875,32.9518928527832
01480.jpg,3.3257,0.5161421298980713,0.3255853669397831,0.9117078740461194,7.1760780811309814,51.90241241455078,0.8012320232351945,0.2415943045121158,3.056352376937866,1.6657707798577261,25.38567352294922,4.804928302764893,65.03337860107422,0.7391655445098877,0.5895843505859375,0.3487234115600586,0.05843900144100189,12.33297348022461,0.31051894026718835,0.1736242853512503,-0.21732208132743835,0.0,0.1941591037452804,5.01398051361067,62.61297607421875,38.10639190673828
01481.jpg,3.2953,0.5061616897583008,0.33882561385142534,0.9148604565588374,7.216763019561768,51.60395050048828,0.7991179963642144,0.23624837970137041,3.0659360885620117,1.742027209812841,25.523595809936523,4.778923988342285,69.75434112548828,0.7612265348434448,0.6651354432106018,0.31772440671920776,0.0539659783244133,12.678800582885742,0.30797895924104357,0.16178208740389818,-0.225859135389328,0.0,0.18496495255512221,4.781574973191708,61.58099365234375,40.78446960449219
01490.jpg,3.2328,0.529782772064209,0.16351487216867852,0.8774484279753563,8.168668627738953,33.844139099121094,0.8516145803048238,0.17596737443403232,1.7151131629943848,0.8080756830487124,21.752300262451172,2.880981683731079,44.239967346191406,0.5649303793907166,0.58696448802948,0.19252237677574158,0.056550633162260056,12.475625038146973,0.28401382211757653,0.12911754650824486,-0.25384441018104553,0.0,0.10012334639058461,17.0771606409331,78.77435302734375,43.26222229003906
01495.jpg,3.2752,0.6281983256340027,0.36105869865831464,0.8774918826390503,6.127835512161255,50.532386779785156,0.7975405202468173,0.24211331505143383,3.587392568588257,1.7538904496535324,25.13393211364746,4.726263523101807,49.29555892944336,0.5664644837379456,0.5798897743225098,0.3782699704170227,0.1190037652850151,9.244393348693848,0.3470473123700616,0.13835482980002597,-0.20520401000976562,0.0,0.208313953882408,5.080677413811325,68.99383544921875,37.64763641357422
01497.jpg,3.3311,0.6234291195869446,0.3355369463826807,0.8970196701066421,6.397167444229126,51.572872161865234,0.7930789871643823,0.2492785041747086,3.400503396987915,1.6437464836291849,26.37527084350586,4.8311076164245605,58.7899284362793,0.6008604764938354,0.26714324951171875,0.37571489810943604,0.11113499850034714,9.541491508483887,0.34658972003843613,0.1378438592977652,-0.20926038920879364,0.0,0.21375104587921986,5.054605719035203,59.27972412109375,34.12947082519531
01513.jpg,3.3199,0.5752156972885132,0.2754477232657715,0.9022887948335353,7.496375322341919,37.799293518066406,0.8111036825507415,0.22471094286836102,2.5579259395599365,1.3847223212678426,22.42330551147461,3.3722169399261475,66.49108123779297,0.6610633730888367,0.3315136432647705,0.3215935230255127,0.08527681231498718,10.691691398620605,0.334032445370341,0.09890573089034273,-0.23504869639873505,0.0,0.1664667440275933,8.664307016444786,82.39715576171875,31.693527221679688
01520.jpg,3.2295,0.5670853853225708,0.5642844925772115,0.9152729903798361,3.6971726417541504,80.41390991210938,0.7788604926134437,0.28756561648122875,4.173784255981445,2.2207396866300497,32.261688232421875,7.3985395431518555,80.08484649658203,0.7176307439804077,0.26802778244018555,0.5778152346611023,0.12281572818756104,9.107460021972656,0.4017628618989686,0.18528218543627237,-0.18935412168502808,0.0,0.3774934128243784,4.152339113525041,39.39129638671875,36.83116912841797
01525.jpg,3.3261,0.5116274356842041,0.57032214956291,0.9264094765373108,4.192367792129517,71.10111999511719,0.7635751691148465,0.303654776986101,4.3225202560424805,2.4281251058582622,29.614578247070312,6.669469356536865,85.8189926147461,0.7822749614715576,0.34694904088974,0.528308093547821,0.09455406665802002,10.243197441101074,0.38174689833260006,0.18323674500359155,-0.19187133014202118,0.0,0.3427847373767706,5.180581533658939,51.82391357421875,39.795257568359375
01528.jpg,3.311,0.43961310386657715,0.528435952637211,0.9389665902880782,5.4875054359436035,54.7164306640625,0.7519159797714808,0.27454272585374717,4.183809280395508,2.555345025897206,26.403820037841797,5.20881462097168,90.1261215209961,0.8475704193115234,0.5715893507003784,0.328595906496048,0.056920647621154785,12.447301864624023,0.3010846548880256,0.11305841020214402,-0.21620172262191772,0.0,0.21216067435369892,4.894703458045988,57.70233154296875,40.04390335083008
01529.jpg,3.3034,0.5114235877990723,0.4031036999167586,0.9195403534280839,6.413177490234375,70.33512878417969,0.76122607973331,0.3055414655947586,3.8835887908935547,2.0753397277114303,31.69367027282715,6.587805271148682,78.9197006225586,0.7586061358451843,0.43274256587028503,0.3039836585521698,0.06740102916955948,11.713334083557129,0.29289380071775295,0.1287461536873478,-0.174672931432724,0.0,0.17737568649253238,6.187540196300412,61.87493896484375,36.58507537841797
01531.jpg,3.3236,0.5781145691871643,0.28486830099833305,0.8902440465700151,6.772140026092529,71.84748840332031,0.7966344291788269,0.2855825700349549,3.242124557495117,1.4263785527127233,34.89596939086914,6.675411224365234,60.93859100341797,0.619662880897522,0.49164465069770813,0.29184862971305847,0.07321411371231079,11.35405158996582,0.31263223839041254,0.13504753853301496,-0.18353845179080963,0.0,0.1789275875796965,6.305432584748889,55.34393310546875,42.66987991333008
01536.jpg,3.3168,0.5884168744087219,0.2854272671101758,0.8904518018374633,6.780031204223633,68.72702026367188,0.8008093932413632,0.28145019238643776,3.1469664573669434,1.4167231564155935,33.78108596801758,6.360464572906494,60.94220733642578,0.6130573153495789,0.4486265182495117,0.30249089002609253,0.07792899757623672,11.083009719848633,0.3183914136299532,0.13510592191956702,-0.1876012235879898,0.0,0.18818629237661738,6.143183275604901,57.83953857421875,42.87572479248047
01546.jpg,3.2956,0.5982105135917664,0.2413098434334485,0.8841669703887166,6.970813512802124,55.98198318481445,0.8127843082729264,0.25297761496485577,2.6996264457702637,1.166790601088235,28.81752586364746,5.09576940536499,46.724491119384766,0.5144193172454834,0.3275487422943115,0.2570018172264099,0.07410095632076263,11.301761627197266,0.29992022384395356,0.14714558428476648,-0.21164928376674652,0.0,0.16184528633950415,7.78869336647054,71.99554443359375,43.22883224487305
01585.jpg,3.3035,0.5568336248397827,0.1980721337255486,0.862159196614497,7.540356397628784,39.58824920654297,0.7986499468246125,0.2154560963046623,2.5508108139038086,0.9993931708414134,24.275259017944336,3.683961868286133,44.863136291503906,0.5124421119689941,0.8301103115081787,0.21923884749412537,0.06180183216929436,12.089986801147461,0.2859073130950642,0.09492239987574129,-0.2259664237499237,0.0,0.10972381636696933,7.253915247416761,61.53387451171875,34.39211654663086
01589.jpg,3.2933,0.5932745933532715,0.3994460332425183,0.9080207372543299,5.926519870758057,46.93548583984375,0.8146018612136985,0.23349871000355224,3.221027374267578,1.826983178570548,23.670808792114258,4.237333297729492,69.26030731201172,0.6925658583641052,0.28430622816085815,0.3705807030200958,0.12278684228658676,9.108481407165527,0.35155837102638204,0.1313697122085833,-0.22965270280838013,0.0,0.23555654244553417,4.265307482912125,55.01580810546875,40.86579132080078
01592.jpg,3.2916,0.6260327696800232,0.23590835768142948,0.8872863758821332,7.417270660400391,36.44044876098633,0.8548278493600855,0.20271967368944346,2.229339599609375,1.1378622398763376,22.097766876220703,3.1160390377044678,50.61660385131836,0.5683050751686096,0.31411224603652954,0.30252933502197266,0.12137845903635025,9.158584594726562,0.3461282537312584,0.11452768274722057,-0.24616104364395142,0.0,0.17509939421327378,10.407941494058024,73.07342529296875,42.514766693115234
01605.jpg,3.3199,0.5601978302001953,0.41797048921055363,0.9023345165796652,6.020926475524902,64.35098266601562,0.7832024975105338,0.2791141541464534,3.894003391265869,2.0720818308969777,28.519330978393555,6.02056884765625,63.476112365722656,0.6865396499633789,0.4961322247982025,0.3994225263595581,0.09179700165987015,10.37171459197998,0.33325545093726744,0.15136502557461967,-0.19876454770565033,0.0,0.236140848333015,4.438059223042144,55.68621826171875,33.32445526123047
01613.jpg,3.3107,0.5654868483543396,0.37108498977404897,0.9069893687564667,6.225130081176758,75.5610580444336,0.7914564380406621,0.29857471094423615,3.8149681091308594,1.8628716048065375,34.875308990478516,7.1606011390686035,75.01026916503906,0.7088508009910583,0.46151110529899597,0.3625893294811249,0.08661196380853653,10.624221801757812,0.34082768605265334,0.15615858764510962,-0.18199701607227325,0.0,0.2208155325203704,5.036763209721486,49.57733154296875,37.52587127685547
01626.jpg,3.281,0.5110226273536682,0.4638154863169594,0.923556254089668,5.575903415679932,77.23206329345703,0.7528000094371419,0.3080786251116397,4.333449840545654,2.298064439795322,31.269853591918945,7.313051700592041,80.81571197509766,0.7795674204826355,0.5197420120239258,0.43745213747024536,0.07161883264780045,11.449728012084961,0.32436274005374033,0.19487782496673225,-0.1764359325170517,0.0,0.2765839383276081,4.3138784859198385,45.11981201171875,35.08716583251953
01634.jpg,3.2825,0.5844367146492004,0.42901218027796834,0.9092399107518325,5.505740642547607,65.67063903808594,0.7747113356094222,0.2847809487958879,4.02813196182251,2.0450815866699097,27.894193649291992,6.183984756469727,66.06977844238281,0.6841675043106079,0.3416585326194763,0.48627030849456787,0.1089230552315712,9.628802299499512,0.35495728425928363,0.1825715198522058,-0.19644474983215332,0.0,0.30929337635128246,4.612028325564015,53.76824951171875,32.926849365234375
01639.jpg,3.2971,0.5486599206924438,0.4169007733048286,0.9125340388065714,6.150578737258911,68.00605773925781,0.7818277016174537,0.26531654741144944,3.8069911003112793,2.0756669245918857,29.752769470214844,6.372980117797852,73.57672119140625,0.7203984260559082,0.37354224920272827,0.377901554107666,0.08918256312608719,10.497200012207031,0.3136174050269304,0.16871520298229695,-0.19831767678260803,0.0,0.241241605798537,4.913448009075651,48.56317138671875,36.16334915161133
01645.jpg,3.2749,0.5260359048843384,0.3899741051164461,0.915403460113336,6.898664951324463,52.464900970458984,0.8019180177280479,0.2508493120504254,3.0758438110351562,1.9449072175260689,26.633691787719727,4.703673362731934,76.30876159667969,0.7467470765113831,0.41233307123184204,0.3528159260749817,0.07908929884433746,11.018823623657227,0.30965712829566133,0.12410758525063159,-0.21588709950447083,0.0,0.1996304201149885,5.5283420875050355,71.67547607421875,38.807857513427734
01647.jpg,3.3035,0.5342729091644287,0.37413348243666866,0.9105945687256142,6.727701187133789,57.152259826660156,0.7932749434822672,0.26005571387608506,3.3485097885131836,1.8849308618391767,27.169143676757812,5.236907958984375,71.42125701904297,0.7276912927627563,0.4531501233577728,0.34592530131340027,0.07551068812608719,11.219916343688965,0.30149466255389656,0.14085190844461312,-0.20869357883930206,0.0,0.19752631482089245,5.42193484582615,63.57147216796875,40.39277267456055
01648.jpg,3.2797,0.5355249047279358,0.3510488587205487,0.9058743666295934,6.739765882492065,61.633949279785156,0.7982704656409397,0.2735121603771934,3.432161808013916,1.7854282324890294,28.226425170898438,5.6582536697387695,68.8299560546875,0.7139385938644409,0.5082600116729736,0.371826171875,0.07422896474599838,11.294265747070312,0.30500738402330185,0.16198178842726668,-0.1954219937324524,0.0,0.20399964083498467,5.46186073999065,66.92083740234375,36.17266845703125
01655.jpg,3.3092,0.5425869226455688,0.34017759212752957,0.9167453134080527,7.246878147125244,39.97013854980469,0.8036461656856345,0.24294379063430643,2.7702040672302246,1.7037997333985544,23.492464065551758,3.621605396270752,80.15278625488281,0.7408370971679688,0.3196600675582886,0.3364627957344055,0.08006183803081512,10.965744018554688,0.33358437811439123,0.1080324143374457,-0.23168878257274628,0.0,0.18313872269661155,7.837466908907366,59.40032958984375,37.44751739501953
01670.jpg,3.2816,0.5289586186408997,0.6985082739558706,0.9236190249949617,2.986694812774658,74.22393798828125,0.7284885061696305,0.2812630310373467,4.481843948364258,2.608431018153059,30.11666488647461,6.937621593475342,84.93733978271484,0.7512072324752808,0.24402058124542236,0.6148293018341064,0.10966911911964417,9.599156379699707,0.3859147034286689,0.16938771658700433,-0.19035474956035614,0.0,0.36106878364346173,4.8494389469775685,38.03143310546875,45.19866943359375
01675.jpg,3.3286,0.586956799030304,0.6297484798511763,0.9145999135746071,3.4698565006256104,70.8669204711914,0.74219616889658,0.2684210233116657,4.374688148498535,2.4700566836566074,28.787118911743164,6.695658206939697,73.84546661376953,0.697345495223999,0.22586733102798462,0.5682844519615173,0.12962652742862701,8.873061180114746,0.36332229436722796,0.1776545971262616,-0.19202283024787903,0.0,0.36155073590033526,4.624224130002785,43.49725341796875,43.02198028564453
01680.jpg,3.2734,0.534325122833252,0.6601611613799984,0.9238602047067956,3.289078712463379,81.95413208007812,0.7404952056432899,0.3100412066285346,4.736045837402344,2.648950143999671,32.11738204956055,8.004876136779785,83.1590576171875,0.7494291067123413,0.2724079489707947,0.6091284155845642,0.10694663226604462,9.708329200744629,0.379915385952288,0.2044892391425279,-0.1786852329969406,0.0,0.40761869486668795,4.486811494962793,23.54168701171875,44.60923385620117
01681.jpg,3.2699,0.5360508561134338,0.6524961044116373,0.9227310144385639,3.4027152061462402,86.29109191894531,0.7458057506074758,0.3132277812792784,4.730061054229736,2.653314382308249,32.316375732421875,8.23559856414795,81.28813934326172,0.7445163130760193,0.26555538177490234,0.5945821404457092,0.10812866687774658,9.660592079162598,0.37385417103902724,0.21904570385877556,-0.17526870965957642,0.0,0.4067555445321135,3.959794981508267,37.61834716796875,44.170745849609375
01685.jpg,3.2785,0.5454623103141785,0.6775023734667213,0.9207303547024925,3.163353204727173,75.79393005371094,0.7378074150630587,0.289030203505348,4.433922290802002,2.5735985623229727,30.14405059814453,7.079947471618652,81.33013916015625,0.7360588312149048,0.2502405643463135,0.6028946042060852,0.11535783112049103,9.379528999328613,0.3819136085765815,0.1810401717894596,-0.18862749636173248,0.0,0.3698858009248178,4.28169586068662,45.44842529296875,41.37773132324219
01698.jpg,3.3143,0.5372969508171082,0.3385465950521167,0.8986954679736306,6.449059009552002,99.2674331665039,0.7683685819042949,0.29007468655788926,3.765167713165283,1.729002067071371,45.83692169189453,10.253597259521484,66.053955078125,0.689112663269043,0.7904713153839111,0.343749463558197,0.05461258441209793,12.627073287963867,0.25837991660893095,0.2684468888084512,-0.16747811436653137,0.0,0.18851170050208035,6.722376092660921,76.73797607421875,45.70978927612305
01714.jpg,3.2994,0.5051280856132507,0.20430195893939687,0.8605357249508471,7.533090114593506,55.45903015136719,0.779079815581711,0.22076543903921708,2.5489447116851807,1.0298935328408012,29.368349075317383,5.222123146057129,39.88152313232422,0.5463579297065735,0.9636842012405396,0.21442249417304993,0.04746644198894501,13.236133575439453,0.2242236162677571,0.15639866376352388,-0.2161773294210434,0.0,0.11026458316465768,6.732041043399964,79.02069091796875,39.13379669189453
01730.jpg,3.2925,0.4768848419189453,0.27378549678541775,0.8800392570247809,6.740312099456787,74.72248840332031,0.801910492192848,0.23364998005524454,3.0408754348754883,1.3389787718760227,39.485130310058594,7.583823204040527,39.707069396972656,0.573829174041748,0.6619033813476562,0.18692874908447266,0.05455867946147919,12.63136100769043,0.2617753434189723,0.12620691963812347,-0.18234756588935852,0.0,0.08491453030218259,10.29874333940381,92.34149169921875,56.7964973449707
01744.jpg,3.3162,0.5064408183097839,0.24319430482252383,0.894027689899834,7.316877365112305,60.96270751953125,0.7827445298096672,0.2421736513086729,2.790224075317383,1.2289991821544755,31.19074249267578,5.677605152130127,46.735103607177734,0.617959201335907,0.5973525047302246,0.2260945737361908,0.047441866248846054,13.238382339477539,0.24444916013232165,0.14056951361004716,-0.20220929384231567,0.0,0.11188623734537921,8.438046755088727,75.43621826171875,41.952754974365234
01747.jpg,3.336,0.5929293632507324,0.26163195678532414,0.8903174776664594,6.639934778213501,71.50456237792969,0.8109722484565055,0.26613358244859575,2.951345682144165,1.254697542172515,35.22175979614258,6.7609405517578125,54.364315032958984,0.5566457509994507,0.5540028214454651,0.2662653923034668,0.061755962669849396,12.09321117401123,0.29963499268752936,0.20118065405495625,-0.19415466487407684,0.0,0.1413878216798988,8.096851960857533,63.42596435546875,41.84893798828125
01748.jpg,3.304,0.5591025352478027,0.27720962943536115,0.897967315369892,6.7346274852752686,73.37701416015625,0.817107726224895,0.25935394727928945,2.8792309761047363,1.3325322503814094,36.24777603149414,6.987048625946045,58.33383560180664,0.6161785125732422,0.5824525356292725,0.27484259009361267,0.05154317989945412,12.878288269042969,0.30096867566100916,0.19486383872093951,-0.1972857415676117,0.0,0.15234597462606964,8.599820690095001,65.01824951171875,41.73462677001953
01754.jpg,3.3372,0.5301850438117981,0.2743881929175424,0.876776233910384,6.700225353240967,70.2430419921875,0.7780154862080675,0.25962450030280704,3.3660855293273926,1.3810434157161948,33.2669792175293,6.661323070526123,51.184139251708984,0.602920413017273,0.9035256505012512,0.2139197289943695,0.05354199558496475,12.713054656982422,0.25173658629764173,0.11997241362758229,-0.19632843136787415,0.0,0.11848070944330995,8.086439143675054,73.64447021484375,46.42791748046875
01772.jpg,3.3274,0.5359358191490173,0.3106807969065466,0.8898973519702225,6.325215578079224,79.22882843017578,0.7963792702646484,0.3181550516947611,3.5469207763671875,1.5335473977230105,35.76392364501953,7.541856288909912,57.913875579833984,0.6452248096466064,0.8033329248428345,0.35240042209625244,0.05408328399062157,12.669370651245117,0.2983472568243301,0.15674965695629434,-0.1715109497308731,0.0,0.19745623107437138,6.435639756604588,79.28436279296875,51.0010871887207
01776.jpg,3.3016,0.5275758504867554,0.2655126200585327,0.8849017835891833,6.797135829925537,67.78617858886719,0.8122579920888918,0.30468353793896946,3.0304625034332275,1.3046805444436096,32.27278137207031,6.142886638641357,56.91550064086914,0.6321197748184204,0.8129621744155884,0.3134159445762634,0.05152811110019684,12.879558563232422,0.298614863078519,0.11668976511957661,-0.1872403621673584,0.0,0.17638873164318894,8.584833901133635,78.68426513671875,49.61454772949219
01777.jpg,3.2968,0.538401186466217,0.2965602624138871,0.8873052320945041,6.623131275177002,71.15242004394531,0.8100169114600909,0.29902989634325056,3.254699230194092,1.4646914036729752,33.745147705078125,6.53642463684082,62.09550094604492,0.6421878337860107,0.7690862417221069,0.3200679123401642,0.055751487612724304,12.537435531616211,0.30545379039543236,0.12566725032335752,-0.17794561386108398,0.0,0.179205625916047,8.36245832054308,83.94696044921875,47.61119842529297
01791.jpg,3.2832,0.5131934881210327,0.37399842646431275,0.9050882059999426,6.194694519042969,64.37828826904297,0.7910333671562428,0.2809884059171119,3.6592695713043213,1.8426904155275912,29.8531436920166,5.896030426025391,59.20872116088867,0.6996506452560425,0.7153924107551575,0.3429635465145111,0.042985349893569946,13.666796684265137,0.2870647592378478,0.15566893697949052,-0.17728903889656067,0.0,0.18564710830867198,5.287122331550921,65.35174560546875,45.63029479980469
01797.jpg,3.2811,0.5304163694381714,0.3254991334646642,0.8898126127639376,6.209370136260986,75.62173461914062,0.7919794258364725,0.3181301989210737,3.736616611480713,1.6187110123494026,33.623878479003906,6.915470123291016,58.147926330566406,0.6542747616767883,0.8258542418479919,0.3626350164413452,0.053018972277641296,12.755687713623047,0.30729888679376943,0.13711739622178934,-0.16331207752227783,0.0,0.20200085853772987,6.191721090896972,64.11053466796875,45.55995559692383
01825.jpg,3.3251,0.539229691028595,0.3281745881033899,0.898644780683775,6.345306396484375,63.967376708984375,0.7998742206795612,0.2900761514943829,3.3980789184570312,1.5987716965573942,30.330537796020508,5.814389705657959,58.64146423339844,0.659135639667511,0.6855939626693726,0.3227021098136902,0.04779800772666931,13.205902099609375,0.32877188114076644,0.14132809253925538,-0.18438643217086792,0.0,0.17492433722716036,7.157495335756272,64.94012451171875,40.65757369995117
01828.jpg,3.2817,0.5244277715682983,0.328928475427718,0.8949792713493734,6.35991096496582,68.8641586303711,0.7898922300558093,0.2988512633509135,3.528881549835205,1.6263589337159994,31.47004508972168,6.264521598815918,59.60323715209961,0.6657023429870605,0.7649533748626709,0.3287546634674072,0.048095911741256714,13.178919792175293,0.3176277117001385,0.14449464610790813,-0.17473970353603363,0.0,0.18022097896161005,7.612854440243026,61.10955810546875,43.1109733581543
01833.jpg,3.3114,0.5027532577514648,0.5558067467337895,0.9230620682448132,4.830971717834473,84.119140625,0.7521158795562115,0.3496637241406066,4.897906303405762,2.703698422216304,33.58673095703125,7.740579605102539,74.29458618164062,0.7694491147994995,0.619713306427002,0.4923884868621826,0.044972553849220276,13.470523834228516,0.3959367131230867,0.13416202125081567,-0.133359894156456,0.0,0.27024344509622744,5.425970704422616,55.56805419921875,47.043113708496094
01859.jpg,3.3024,0.5340104103088379,0.5021571544459296,0.9187979691311033,5.121561050415039,76.84768676757812,0.7384004023212577,0.31882231308482595,4.666086196899414,2.4574779126717043,35.3150749206543,7.591665744781494,82.41443634033203,0.7591209411621094,0.5352781414985657,0.4362815022468567,0.054576799273490906,12.629919052124023,0.36347687589563327,0.15118130376487482,-0.16041299700737,0.0,0.25231358331368237,5.422515671209204,74.97430419921875,46.15509033203125
01870.jpg,3.3104,0.5809615254402161,0.22570567052682108,0.8660388163024701,6.777438163757324,58.297630310058594,0.800949517289327,0.24108733313024278,2.9528822898864746,1.0980984415664539,31.72805404663086,5.86522102355957,38.27080535888672,0.46185871958732605,0.7629233598709106,0.20164242386817932,0.059262409806251526,12.272207260131836,0.29665494141592863,0.12850728523929586,-0.2077559530735016,0.0,0.10842152626638438,8.528234353461375,44.18817138671875,40.606590270996094
01875.jpg,3.306,0.574731171131134,0.34260714061771097,0.8857906773073002,6.018485069274902,69.21945190429688,0.7871186470441213,0.30903843649608587,3.754042387008667,1.6740752004808934,32.387699127197266,6.680024147033691,51.28557205200195,0.5751140117645264,0.6524413228034973,0.3451891243457794,0.057016368955373764,12.440004348754883,0.3233535751657747,0.14859633401647368,-0.16996565461158752,0.0,0.19115191606034773,6.119582246657024,81.20281982421875,46.38846969604492
01877.jpg,3.2865,0.534688413143158,0.33512970422559735,0.8937836012670991,6.145227432250977,65.6316909790039,0.7745862709286172,0.295091808469837,3.736502170562744,1.6558366896063124,31.367780685424805,6.365805625915527,55.73460006713867,0.6468731164932251,0.7686917781829834,0.30976736545562744,0.05225937068462372,12.818359375,0.30230886227023657,0.12633610837085185,-0.1836910843849182,0.0,0.16460365315683126,6.745796145925442,82.23651123046875,42.50140380859375
01881.jpg,3.2876,0.5342187285423279,0.40813252659950333,0.903842584123411,5.499176502227783,79.46725463867188,0.7746932441505557,0.32132311182491907,4.3312788009643555,2.00607176304206,34.93278121948242,7.682831764221191,70.73475646972656,0.7110990285873413,0.7569305896759033,0.43219226598739624,0.054075803607702255,12.66996955871582,0.35262604987392593,0.1549675763812075,-0.15429306030273438,0.0,0.23620294219834242,5.572448409343086,79.04315185546875,47.961395263671875
01887.jpg,3.3268,0.5197435617446899,0.35026696666703994,0.8962617690076365,6.494524002075195,60.27371597290039,0.7883627337719543,0.2676752133930525,3.5874080657958984,1.7656903352646784,31.501787185668945,6.014415740966797,53.74676513671875,0.6702675819396973,0.7533050179481506,0.31418025493621826,0.04992564767599106,13.016763687133789,0.3283790152578786,0.13292209915332384,-0.20060449838638306,0.0,0.17644511576712835,7.253961800600306,40.46893310546875,41.878562927246094
01890.jpg,3.3111,0.5307684540748596,0.3371307901298362,0.9006017510377924,6.4442973136901855,60.38498306274414,0.7984929538341364,0.27055517192299133,3.3952889442443848,1.6586199904484449,29.394954681396484,5.602312088012695,54.31467819213867,0.6567418575286865,0.6875127553939819,0.30915987491607666,0.0472663938999176,13.254475593566895,0.31534301770192275,0.14869787451124986,-0.19121584296226501,0.0,0.16364759788762043,6.21233835490191,64.68865966796875,44.088680267333984
01892.jpg,3.3101,0.5389581918716431,0.3330828682799219,0.8840329480033413,5.872446060180664,76.36009979248047,0.7890420228652592,0.29161697209907794,3.778870105743408,1.6073502346830644,34.52486801147461,7.147515296936035,57.803558349609375,0.6338835954666138,0.7878621220588684,0.25322872400283813,0.05369158089160919,12.70093822479248,0.29280362099256385,0.1298479470927729,-0.1801111102104187,0.0,0.14463624705332045,5.321999973834537,57.80242919921875,45.783363342285156
01895.jpg,3.3249,0.4342843294143677,0.3755036304119193,0.9048923434849147,6.681597709655762,35.130836486816406,0.7915536187886084,0.1783648081386048,2.4698643684387207,1.718210500916971,19.996816635131836,3.0889525413513184,62.471317291259766,0.7663137912750244,0.8812626600265503,0.2742571234703064,0.043610528111457825,13.604087829589844,0.2516502083221251,0.13131054260999525,-0.25689154863357544,0.0,0.13025598053176848,5.539624555601006,87.82098388671875,44.47811508178711
01900.jpg,3.2687,0.5101281404495239,0.22153480911742,0.8842189741628106,7.466978549957275,40.31333541870117,0.8432000979852134,0.1723672508020687,1.8503749370574951,1.0320631537485676,25.26284408569336,3.7218198776245117,45.37232208251953,0.6056715250015259,0.7517529726028442,0.20543882250785828,0.039086904376745224,14.079687118530273,0.28537090326411724,0.15685709089036323,-0.2529175877571106,0.0,0.10899448653172794,7.7407215729175585,82.02264404296875,51.19308090209961
01912.jpg,3.271,0.5808486938476562,0.18175250844991994,0.8746972085899444,7.596319198608398,31.713396072387695,0.8382645925989798,0.19928437454657713,1.8144372701644897,0.8552175751005411,21.9230899810791,2.6582210063934326,46.866336822509766,0.5224577188491821,0.6418602466583252,0.26607242226600647,0.05440173298120499,12.64387321472168,0.313548964619846,0.07471131638347323,-0.24192684888839722,0.0,0.13709443772312987,12.017284864956551,78.13568115234375,45.96742630004883
01925.jpg,3.3049,0.5235274434089661,0.13860916214389932,0.862573276975253,7.77039635181427,32.87796401977539,0.8265589387448673,0.18292044687620693,1.5657832622528076,0.647042574035547,22.56230354309082,2.786710262298584,31.423824310302734,0.443934828042984,0.705386221408844,0.17330202460289001,0.0415562279522419,13.813639640808105,0.26069430706808716,0.09192782432855298,-0.25312530994415283,0.0,0.09523057720651197,17.760714683937714,85.13641357421875,43.660308837890625
01941.jpg,3.2853,0.5287018418312073,0.24963216574279548,0.8756250985418919,7.102358341217041,56.15017318725586,0.8164544757251913,0.23382618684031295,2.7533798217773438,1.2301591833568368,32.99727249145508,5.618854522705078,56.17998123168945,0.6112931966781616,0.8657130599021912,0.23379677534103394,0.051894910633563995,12.848752975463867,0.3097165979752111,0.12570082316416467,-0.22291454672813416,0.0,0.13314790635259788,6.691407151342447,66.27825927734375,41.71314239501953
01959.jpg,3.3188,0.5461835265159607,0.17668368056898387,0.8651667792844622,7.337789297103882,46.127559661865234,0.8436248265797719,0.2079586487564298,2.0505707263946533,0.8293882302846338,31.48305892944336,4.51583194732666,43.11042404174805,0.5004965662956238,0.7192732691764832,0.19920575618743896,0.054595254361629486,12.628451347351074,0.3231626814015014,0.11572101461573105,-0.2336750626564026,0.0,0.10881729561096364,10.640421006110191,63.34002685546875,41.383216857910156
01965.jpg,3.2688,0.564601719379425,0.16615620168261397,0.8643893399490596,7.521395802497864,34.67680358886719,0.8445571074544513,0.1978829919743936,1.7929353713989258,0.7738199711705507,23.552200317382812,3.041306257247925,42.13545608520508,0.47430455684661865,0.6574028134346008,0.20694799721240997,0.061081282794475555,12.140918731689453,0.30966663772642633,0.09334322181136276,-0.24756360054016113,0.0,0.11122006864764271,10.264819736630509,90.84246826171875,46.72850799560547
01977.jpg,3.3145,0.5729774832725525,0.179685092211076,0.8611453167228568,7.435966491699219,46.52184295654297,0.8162945827021363,0.2278488198622517,2.2852296829223633,0.8733803077051165,26.253808975219727,4.086197376251221,43.431190490722656,0.4763161540031433,0.7641863822937012,0.1964128315448761,0.05868201702833176,12.314949989318848,0.2793052856171677,0.1131791088451026,-0.22604113817214966,0.0,0.11255601926706135,8.812893733642385,76.03118896484375,39.916324615478516
01983.jpg,3.2635,0.52780681848526,0.14562741343155533,0.865870338510691,7.59208345413208,34.66849136352539,0.8572073670879015,0.18079503352928486,1.586032748222351,0.6682953196536472,24.317203521728516,3.0082364082336426,35.765350341796875,0.4693574011325836,0.6136077642440796,0.1672544777393341,0.050652287900447845,12.954010009765625,0.31229798135763304,0.10145470973227926,-0.25075945258140564,0.0,0.09111905247824365,12.676835590114276,83.82391357421875,46.9345703125
01984.jpg,3.282,0.5437487363815308,0.13526930481320654,0.8558415627569805,7.625717639923096,34.19412612915039,0.8495883099931397,0.17927624821625932,1.6425678730010986,0.6268597453569278,24.19706916809082,2.9812824726104736,32.72260284423828,0.40956586599349976,0.6971821784973145,0.15108901262283325,0.05458449572324753,12.629307746887207,0.3023299708963948,0.09138625257245772,-0.25174659490585327,0.0,0.0827468171302489,12.560688256527264,82.65081787109375,43.76499938964844
01989.jpg,3.2594,0.5668032765388489,0.3084018211054035,0.8877034889341835,6.537200927734375,68.05106353759766,0.7877571275091563,0.2780862630297969,3.535764694213867,1.5532662444918053,32.58323669433594,6.413180351257324,58.97722244262695,0.6118605732917786,0.6125693321228027,0.2958763837814331,0.06325884163379669,11.988788604736328,0.30569337797668233,0.13954412312149464,-0.17951235175132751,0.0,0.1608330257238005,5.337599925442915,55.71722412109375,39.47991943359375
01990.jpg,3.3021,0.5577035546302795,0.3149506040789458,0.8815875327396266,6.209708213806152,85.92029571533203,0.7827355019842465,0.2974348415926806,3.966414213180542,1.6024937086208642,37.3021125793457,8.391650199890137,65.96775817871094,0.6461591720581055,0.8693104386329651,0.28918805718421936,0.06406763941049576,11.933612823486328,0.3208306174409999,0.1574225621046477,-0.17633134126663208,0.0,0.17186863656488807,4.620720349680896,45.66815185546875,34.21735763549805
02025.jpg,3.2978,0.5613114237785339,0.46638642408037195,0.9130236528940073,5.201040744781494,81.48323822021484,0.7771227855088501,0.3066044097963924,4.172438621520996,2.185840490606287,31.39297103881836,7.61077356338501,75.80522918701172,0.7174974679946899,0.3022254705429077,0.4218135178089142,0.07867763936519623,11.041487693786621,0.33235093722604636,0.2327922022321947,-0.17581361532211304,0.0,0.28730014489912736,4.569874894269618,40.65106201171875,47.82790756225586
02038.jpg,3.2743,0.5114120841026306,0.4506814667418161,0.9170457870967512,5.633731842041016,69.15655517578125,0.7693412010478873,0.2937896211518012,4.280645370483398,2.2341211995275403,28.711488723754883,6.5757155418396,72.7557601928711,0.762904703617096,0.6196273565292358,0.4000054597854614,0.047123633325099945,13.267613410949707,0.3424523552529508,0.20252677374259279,-0.17458012700080872,0.0,0.23351030398451378,3.792882045840231,53.19232177734375,43.314491271972656
02042.jpg,3.3038,0.5311207175254822,0.38078433492896935,0.9000090539187178,5.944594860076904,77.38484954833984,0.7537830377695967,0.31139161499666224,4.277266025543213,1.9461692171258314,33.35982131958008,7.470922946929932,68.36248016357422,0.702850878238678,0.7566133737564087,0.31657105684280396,0.051081787794828415,12.917339324951172,0.30896699152283896,0.13931648464400528,-0.17118673026561737,0.0,0.18736706385738228,4.008490757308778,43.79803466796875,40.48715591430664
02046.jpg,3.2846,0.4780521094799042,0.490661284658209,0.931711417642368,5.56922721862793,70.11685180664062,0.7841847985312671,0.31044480045594325,4.023952484130859,2.353509886139814,31.469789505004883,6.665803909301758,95.00286102294922,0.8322560787200928,0.6959049105644226,0.5138388872146606,0.06083863228559494,12.158205032348633,0.34321278873128985,0.1842880849440656,-0.1838846504688263,0.0,0.29575492852815305,5.022840199183537,45.37127685546875,38.33051300048828
02061.jpg,3.3251,0.5067803263664246,0.44680042683738336,0.9254032169024149,6.346196889877319,56.48154067993164,0.7618697437015874,0.2760630818790335,3.743021249771118,2.2539415795389504,27.890138626098633,5.245074272155762,91.11534118652344,0.7976690530776978,0.5784144401550293,0.38859695196151733,0.05978187918663025,12.234304428100586,0.3228369165111127,0.15177225985735682,-0.1975657045841217,0.0,0.21576199118396147,5.044758995997617,58.55999755859375,33.79722595214844
02069.jpg,3.2902,0.5280213356018066,0.35377095808750625,0.8893109411666842,6.214223146438599,66.25994873046875,0.7624072858812196,0.28529938117250786,3.9439685344696045,1.7968431738897745,27.922008514404297,6.387814044952393,62.718441009521484,0.6833862066268921,0.8847179412841797,0.3125147223472595,0.05667562782764435,12.466035842895508,0.28068002536434894,0.1821470037468248,-0.18228067457675934,0.0,0.1797636303281204,5.337209631320805,51.57147216796875,33.70566177368164
02074.jpg,3.2865,0.5571101903915405,0.33224085262389963,0.8833130529207694,6.597378492355347,52.14210891723633,0.7931108563923693,0.23060406197291045,3.3260467052459717,1.6484898021761998,25.66075325012207,4.936037540435791,65.66126251220703,0.6481820344924927,0.8069456815719604,0.3444855213165283,0.06748747825622559,11.707768440246582,0.31148836247598477,0.1488405766339879,-0.209884911775589,0.0,0.18612940902737032,4.861565961119968,70.70941162109375,35.62044906616211
02086.jpg,3.2942,0.5498945713043213,0.261822293353815,0.894449065780153,7.460076808929443,50.10476303100586,0.7869284625157682,0.2263328812506791,2.6899423599243164,1.3287554407115252,26.4732608795166,4.541121482849121,62.84190368652344,0.6556052565574646,0.5441744923591614,0.3008407652378082,0.06272651255130768,12.025489807128906,0.27905261301320544,0.12298205915886899,-0.21940827369689941,0.0,0.16505926558174935,6.060048700094748,68.20965576171875,38.13048553466797
02089.jpg,3.3072,0.5521547794342041,0.28943092600777565,0.9014689910662732,7.3104963302612305,48.82063293457031,0.7970813087545155,0.22521661710357171,2.7917327880859375,1.4619541232783373,25.95165252685547,4.400091648101807,68.56761932373047,0.6850831508636475,0.5107702016830444,0.3007282316684723,0.06288222968578339,12.014720916748047,0.27923948893558626,0.1361777326243574,-0.22069990634918213,0.0,0.16569139290684698,5.00526558878236,69.94207763671875,46.09074020385742
02092.jpg,3.3059,0.5380666851997375,0.33189266110293747,0.8966989062345709,6.594090938568115,68.51568603515625,0.7704063768462354,0.2663804985068497,3.6203322410583496,1.6950521735614297,31.969892501831055,6.561192512512207,68.08365631103516,0.6914750337600708,0.7050521969795227,0.2909422814846039,0.05824843794107437,12.347156524658203,0.27940860476307383,0.15266727278347897,-0.1930457055568695,0.0,0.1639168830017425,5.091021896370097,49.62152099609375,44.14617156982422
02104.jpg,3.3168,0.5250260829925537,0.33588660959771127,0.9103013475328477,7.124239444732666,57.577232360839844,0.7499692815461838,0.2532288536439597,3.2343578338623047,1.739663269007898,30.260337829589844,5.442737579345703,80.0116958618164,0.755548357963562,0.759244978427887,0.3104642331600189,0.05196554213762283,12.842845916748047,0.29204909945112206,0.12774460980387808,-0.2063971757888794,0.0,0.1727599206960121,6.337522707074181,37.00994873046875,34.577213287353516
02144.jpg,3.3118,0.6048194766044617,0.25820059977972737,0.8814178483094498,6.770854949951172,48.940120697021484,0.7819347230046874,0.23292373927855545,3.015704870223999,1.2634525614025804,23.97443199157715,4.39853048324585,51.972084045410156,0.5538038015365601,0.4154598116874695,0.26415520906448364,0.09279555082321167,10.324728012084961,0.28071767145984633,0.12470367378071308,-0.20264554023742676,0.0,0.13622917944728158,5.458965836922653,62.81854248046875,37.794063568115234
02145.jpg,3.3249,0.6183586120605469,0.25059955267780953,0.8790830588877829,6.820719957351685,46.38901138305664,0.7904168711387982,0.22262687489562596,2.8743276596069336,1.2147919664606661,23.30146026611328,4.15543794631958,51.088504791259766,0.5373534560203552,0.4076477885246277,0.26473018527030945,0.09949245303869247,10.022098541259766,0.2915097904485766,0.12272946672173021,-0.20873242616653442,0.0,0.13569714233345379,5.740892919404024,64.87908935546875,36.699371337890625
02147.jpg,3.3309,0.6037909984588623,0.28706759316982455,0.8843317197639626,6.620361804962158,55.039276123046875,0.781736681031892,0.2492254016749875,3.2143383026123047,1.4116170933731969,26.319393157958984,4.989181041717529,58.14164352416992,0.5820099115371704,0.4475244879722595,0.27873632311820984,0.08963119983673096,10.475407600402832,0.29620738785715334,0.1348881266181517,-0.19543002545833588,0.0,0.14782524889622814,5.478000749654908,58.01751708984375,34.28268051147461
02154.jpg,3.3182,0.5232637524604797,0.25740345285084654,0.8807733247821119,6.9714860916137695,64.93875122070312,0.7988825331538308,0.26843727054052385,2.9003536701202393,1.2705275300783443,32.634971618652344,5.820619106292725,53.84207534790039,0.6122722625732422,0.8131195902824402,0.26135140657424927,0.05195675790309906,12.84358024597168,0.26636783814966863,0.11123857761653266,-0.18820112943649292,0.0,0.13699671059625193,8.284607070275406,71.64422607421875,46.849365234375
02166.jpg,3.4166,0.5255662798881531,0.29724797821181315,0.8819074563417718,6.685006380081177,70.62067413330078,0.809190379069716,0.2709274196396563,3.219611644744873,1.4720693325775,33.709197998046875,6.42747688293457,61.536434173583984,0.6488778591156006,0.8721278309822083,0.2708280086517334,0.05459999293088913,12.628074645996094,0.27812883055310833,0.1040515777849444,-0.18021231889724731,0.0,0.1497560943542369,7.3540382011358,70.55145263671875,47.49824523925781
02168.jpg,3.3254,0.5073885321617126,0.3465238377576266,0.8965731194446428,6.757198095321655,66.03141021728516,0.8097672615868639,0.2911218876729028,3.2076544761657715,1.726535889446847,32.55204772949219,6.007376670837402,65.09805297851562,0.7061052322387695,0.7911208868026733,0.38160037994384766,0.048949237912893295,13.102540969848633,0.3029558767056658,0.10953445359241717,-0.1753915548324585,0.0,0.19906333650295738,6.323265781362343,69.98211669921875,45.207115173339844
02171.jpg,3.3224,0.5201228260993958,0.31000489812822907,0.8952362358400086,6.725512504577637,60.38705062866211,0.8051880520429046,0.2775274176013585,3.110995292663574,1.5246884722259466,30.344646453857422,5.57746696472168,56.98302459716797,0.6644387245178223,0.6539320945739746,0.3681274950504303,0.04942580312490463,13.060463905334473,0.2887598410981933,0.13197554137771556,-0.18748152256011963,0.0,0.19014220118596895,6.485645539368961,74.89324951171875,43.60101318359375
02185.jpg,3.2588,0.5586468577384949,0.3245918501716129,0.8805596476006644,6.279840707778931,57.917701721191406,0.8112566302308502,0.26653875274682665,3.2734804153442383,1.5504709034427862,29.84770393371582,5.3347039222717285,56.06413269042969,0.5967856049537659,0.7641178369522095,0.2818410396575928,0.061351314187049866,12.121761322021484,0.35637965663748394,0.11879465332005969,-0.19408291578292847,0.0,0.15798873984701733,5.970184288309267,69.17523193359375,41.53361511230469
02201.jpg,3.2423,0.5409125089645386,0.39496308434053107,0.8873590944557003,5.675167560577393,65.03710174560547,0.7738114571858848,0.2971189880965939,4.018989086151123,1.9144241754298923,33.34220504760742,6.569468975067139,49.24645233154297,0.6193481087684631,0.7398516535758972,0.35575348138809204,0.05357232689857483,12.71059513092041,0.3940284214862886,0.10222059769350086,-0.15509033203125,0.0,0.1885822916381681,5.588135564164353,70.74383544921875,43.91328430175781
02224.jpg,3.317,0.5421603322029114,0.29109490257671394,0.8752983582062247,6.478429794311523,81.24311828613281,0.812790539270172,0.2832022955904533,3.47690486907959,1.4489789471516508,41.52205276489258,8.315505027770996,57.2467041015625,0.6106438636779785,0.8715345859527588,0.2531842589378357,0.056805506348609924,12.456096649169922,0.33666136129951385,0.11214309100560979,-0.1755896508693695,0.0,0.13860897375846165,8.566521792496435,33.03436279296875,47.709938049316406
02237.jpg,3.2799,0.5265371203422546,0.30481814318674705,0.8827183703195385,6.204376459121704,81.45606231689453,0.7998788687178936,0.30364249300480484,3.5743608474731445,1.4903737798260446,37.319923400878906,7.562826156616211,54.86474609375,0.618651807308197,0.7630468010902405,0.2708064019680023,0.051022641360759735,12.922370910644531,0.32120625154643717,0.10371612388003434,-0.1512453854084015,0.0,0.15098336450284824,5.902569532857753,69.36248779296875,51.05744934082031
02241.jpg,3.3248,0.5193358063697815,0.37735646212075763,0.8939579069605165,5.863558769226074,82.87820434570312,0.7790009387820821,0.3264209250733424,4.027228355407715,1.8661832163525451,36.86058807373047,7.79856538772583,56.48322296142578,0.6641539931297302,0.7204723954200745,0.30344682931900024,0.048351794481277466,13.155875205993652,0.330278941742531,0.11311133913717616,-0.14226067066192627,0.0,0.17141062732505352,5.967005378867402,71.17889404296875,47.937408447265625
02267.jpg,3.3168,0.5155401229858398,0.36815369419117455,0.9021069988434194,6.7990617752075195,70.57941436767578,0.8070059742409696,0.2729506438828336,3.1986498832702637,1.8403540393953648,35.62671661376953,6.328627586364746,75.79623413085938,0.7324440479278564,0.8111069202423096,0.28924012184143066,0.057234495878219604,12.423421859741211,0.296518871285986,0.119129243581483,-0.1849527657032013,0.0,0.1537614458838794,8.884840187722197,79.34246826171875,52.173545837402344
02268.jpg,3.2901,0.5128777027130127,0.36887980905332945,0.9035763799182064,6.76857852935791,72.78755950927734,0.8051059483894654,0.2845550179153613,3.2407615184783936,1.8461284877751671,36.13626480102539,6.537596702575684,76.2669906616211,0.736862063407898,0.8022816777229309,0.2962075173854828,0.05630558729171753,12.494485855102539,0.2999490237172851,0.11317653148935813,-0.17853982746601105,0.0,0.1584771097988332,9.582314019610973,76.27459716796875,49.377403259277344
02287.jpg,3.3459,0.5226418375968933,0.2727272177591935,0.8859701203035402,7.175584316253662,59.56440734863281,0.8026523735798493,0.25859284828626206,2.879535675048828,1.3711574555430577,31.48391342163086,5.345794200897217,58.29217529296875,0.6338146924972534,0.7905791997909546,0.2203456163406372,0.05076739937067032,12.9441499710083,0.3006295907259535,0.11579559795182165,-0.1999872922897339,0.0,0.1190821284883112,8.664561061371671,69.43450927734375,44.96014404296875
02288.jpg,3.2946,0.5149818062782288,0.25754910474155573,0.885195297779218,7.36928391456604,53.77018356323242,0.8103100793862282,0.2424201138615008,2.620840311050415,1.2864785812509272,29.636089324951172,4.784369468688965,56.43738555908203,0.6330820322036743,0.8041782379150391,0.21709376573562622,0.048817433416843414,13.114251136779785,0.3072525245993854,0.10849372028740932,-0.2071024477481842,0.0,0.1157552837434777,8.864292161395447,71.69305419921875,46.423255920410156
02291.jpg,3.2625,0.5208814740180969,0.2954796164748971,0.8915312704629806,6.987280368804932,57.138790130615234,0.8108090955722621,0.2605809554463785,2.8673224449157715,1.455922535915219,29.93460464477539,5.105877876281738,57.82656478881836,0.6420015096664429,0.72176194190979,0.24889913201332092,0.049991101026535034,13.011073112487793,0.32095352233553326,0.11243825297939818,-0.19772793352603912,0.0,0.13166921387931815,7.004221764836455,70.00677490234375,48.204776763916016
02297.jpg,3.3162,0.5198671221733093,0.3120331540126857,0.8946741842613997,6.712495803833008,75.35587310791016,0.8094317209767178,0.2959256179903393,3.25529146194458,1.55514574039326,34.83726119995117,6.794803142547607,63.05458450317383,0.6693778038024902,0.7296198010444641,0.2760663628578186,0.05091601610183716,12.931456565856934,0.34589622624906774,0.11340510109285476,-0.1720813810825348,0.0,0.15027103895306304,8.460403948037435,62.00115966796875,47.01929473876953
02307.jpg,3.3317,0.5182182192802429,0.3347828841950893,0.8967053624735053,6.388824701309204,68.97274780273438,0.8001419062420241,0.2851105713183085,3.496856689453125,1.6547845681374849,35.7770881652832,6.9348273277282715,59.3123893737793,0.6769881844520569,0.7203385829925537,0.2931785583496094,0.04683388024568558,13.294400215148926,0.3545090663056059,0.10758078369353619,-0.17420172691345215,0.0,0.15612480272606935,6.6213514528425,23.68719482421875,44.79914855957031
02331.jpg,3.2939,0.5104913711547852,0.22755225037281812,0.8898488521090004,7.503195285797119,49.831478118896484,0.826550903087406,0.22679237593706186,2.1666343212127686,1.1001999269694638,29.14993667602539,4.433929443359375,52.85844039916992,0.6196831464767456,0.5854192972183228,0.22956088185310364,0.047568291425704956,13.226824760437012,0.3104369033150877,0.10913157252273284,-0.22226232290267944,0.0,0.11645992630084864,13.656950778198302,68.79656982421875,46.87232208251953
02341.jpg,3.2627,0.48723387718200684,0.306773264002219,0.9040220873028066,7.117493152618408,62.47483825683594,0.815391549125955,0.24692954448709845,2.66499400138855,1.5005084234599062,32.667877197265625,5.728535175323486,59.83918762207031,0.7028135061264038,0.627893328666687,0.2474723607301712,0.04030141234397888,13.946799278259277,0.31064777534216165,0.13645549300601978,-0.2047659158706665,0.0,0.13164479679929542,12.33759865387686,77.38592529296875,48.2169075012207
02345.jpg,3.2404,0.4891964793205261,0.25065827066902296,0.8962580984437396,7.4919233322143555,48.96943664550781,0.820296639803775,0.21944025666691888,2.1360416412353516,1.2066690808099798,28.81709098815918,4.341574192047119,54.904502868652344,0.66624915599823,0.6348810791969299,0.21577103435993195,0.04176441207528114,13.791936874389648,0.2995374347816852,0.11278104340575028,-0.2274308204650879,0.0,0.10864118484112663,12.60569639505865,78.75750732421875,47.03428268432617
02362.jpg,3.2426,0.48093360662460327,0.31190718342990154,0.9066186582804105,7.302099227905273,58.20707702636719,0.8071933122046002,0.25147727811229453,2.6657776832580566,1.5545319315266077,31.224428176879883,5.2052507400512695,62.238304138183594,0.7220006585121155,0.7302455306053162,0.25136810541152954,0.03847716748714447,14.147969245910645,0.2735780344877415,0.11585675181743604,-0.2037021666765213,0.0,0.12637961929393907,12.358252717441294,75.00457763671875,49.630653381347656
02370.jpg,3.2659,0.5138894319534302,0.29840805469084297,0.8978884252550111,7.00746750831604,66.80394744873047,0.8019018472152687,0.26614991356138895,2.9473772048950195,1.4853084474189027,33.900489807128906,6.00358247756958,61.98878479003906,0.6759124994277954,0.7088743448257446,0.25228947401046753,0.045909762382507324,13.380950927734375,0.2821689728565424,0.11059118637973768,-0.18789607286453247,0.0,0.13239819781060308,9.522790978959293,75.48895263671875,42.52546691894531
02386.jpg,3.2615,0.5171486735343933,0.4167008732426223,0.918403565519822,5.888833045959473,77.07906341552734,0.7507721899648638,0.2879413648452982,4.1476945877075195,2.0911226555437956,32.391239166259766,7.229086399078369,86.48773193359375,0.7845094799995422,0.738929271697998,0.45206087827682495,0.050441522151231766,12.972118377685547,0.3111850132005047,0.19225339210466014,-0.1637652963399887,0.0,0.25453920997714613,4.194401933720293,52.34588623046875,45.738563537597656
02415.jpg,3.2927,0.5288571119308472,0.2963645316786765,0.8975187482465207,7.1479432582855225,57.202877044677734,0.7656182713390369,0.25656231113857736,3.0121610164642334,1.505552719473184,30.40921974182129,5.211371421813965,72.8771743774414,0.7088299989700317,0.6890906691551208,0.28114214539527893,0.061802126467227936,12.089966773986816,0.2807079575452241,0.10316546795858816,-0.2087227702140808,0.0,0.1624076344969509,6.4292241330510045,69.14959716796875,44.91558074951172
02418.jpg,3.2574,0.6406471729278564,0.204806578641269,0.8608501567228894,6.972300052642822,37.06852722167969,0.8118948109140343,0.20711268314363918,2.356045722961426,0.9552570252919237,22.567134857177734,3.3639328479766846,30.543048858642578,0.3863203227519989,0.4669420123100281,0.20372125506401062,0.09802313894033432,10.086713790893555,0.3000378484841409,0.10606340416639698,-0.2302500605583191,0.0,0.12006986993969661,7.471754536245079,75.37420654296875,37.215538024902344
02427.jpg,3.2447,0.6020975708961487,0.18039465956555636,0.8740975718100885,7.472344398498535,42.78571701049805,0.8223434163683023,0.21289567120315248,2.1766839027404785,0.8703199088928688,26.3681583404541,3.8218464851379395,46.505374908447266,0.504458487033844,0.4639601707458496,0.21054530143737793,0.08032698929309845,10.951385498046875,0.29371154537329436,0.10344707496601342,-0.23044559359550476,0.0,0.1168674902395916,9.196314225514312,79.74676513671875,38.534034729003906
02435.jpg,3.2696,0.6158727407455444,0.18709991257510378,0.8760886527517323,7.381197214126587,33.07109451293945,0.8089053119700915,0.1929563788155841,2.1352720260620117,0.8902687045153534,22.04459571838379,2.9530258178710938,39.43968200683594,0.4590913653373718,0.3481018543243408,0.20586320757865906,0.08197982609272003,10.862931251525879,0.29963203394087334,0.08610312063714737,-0.24236014485359192,0.0,0.11842127583796849,9.852544420344488,77.99774169921875,38.67425537109375
02442.jpg,3.2874,0.5066588521003723,0.4514375878225008,0.9251191536071288,6.270188808441162,53.624088287353516,0.7422301668129515,0.2795195051618009,3.4763898849487305,2.1999942744260723,27.237009048461914,4.923708438873291,92.2261962890625,0.8015421032905579,0.5118268728256226,0.422387957572937,0.057319194078445435,12.416999816894531,0.3350697244820744,0.12692861763445001,-0.21814540028572083,0.0,0.25512202542491735,6.15762536087677,62.27801513671875,43.9688606262207
02443.jpg,3.2956,0.5420447587966919,0.4098770308484424,0.9198025317848084,6.564305305480957,47.26971435546875,0.7631194181795591,0.2587572621009421,3.1055960655212402,1.9817427589094452,25.5150203704834,4.246946334838867,89.38792419433594,0.7615799903869629,0.32076627016067505,0.4093859791755676,0.07140709459781647,11.462587356567383,0.34302506264174565,0.12169816822744847,-0.22794529795646667,0.0,0.2519111459565223,8.123847531030517,65.99505615234375,41.5172119140625
02445.jpg,3.254,0.5557217597961426,0.36535091430493394,0.9025811535934416,6.270772457122803,69.16230773925781,0.7803073992492119,0.27623361814310965,3.680248737335205,1.8178139728603444,32.21782684326172,6.4941020011901855,80.68878936767578,0.7194653749465942,0.636971652507782,0.46084749698638916,0.07469619810581207,11.26701545715332,0.3299395478968811,0.1719385309750214,-0.18213121592998505,0.0,0.26104562939252723,5.1184279889914865,54.51776123046875,37.24768829345703
02472.jpg,3.2592,0.6042945981025696,0.23595740226255402,0.877017147184681,7.143568515777588,42.0319938659668,0.8176128529621011,0.20789318899191447,2.560570478439331,1.144886033244747,23.937040328979492,3.793503761291504,51.1064567565918,0.5291721820831299,0.4789474904537201,0.22201752662658691,0.07986918091773987,10.976208686828613,0.2978112061474139,0.12267046461630664,-0.23354345560073853,0.0,0.13286725477665004,7.21508805437049,65.84759521484375,38.46992492675781
02486.jpg,3.2585,0.5764426589012146,0.27006421075860004,0.8752677644901804,6.75918173789978,55.10249328613281,0.7921034843463207,0.25238297355953515,3.1377224922180176,1.3364047549505988,27.687395095825195,5.076047420501709,42.51056671142578,0.5221208333969116,0.5523898601531982,0.24770903587341309,0.07087589800357819,11.495014190673828,0.28726665010437286,0.13364322945117327,-0.19768285751342773,0.0,0.1402525026485338,5.338538741080509,54.58074951171875,37.049354553222656
02493.jpg,3.2441,0.6117489337921143,0.35754216753474977,0.8942729287951049,5.974859714508057,52.30825424194336,0.8030660531238885,0.25304862688952806,3.3374478816986084,1.6647779287981557,27.272499084472656,4.982652187347412,56.89116668701172,0.5976651310920715,0.3241956830024719,0.385636568069458,0.08580870926380157,10.664687156677246,0.3495605384015993,0.1538296685483352,-0.20528078079223633,0.0,0.23440071719208866,5.637758406508373,72.53997802734375,40.85169219970703
02497.jpg,3.2719,0.6187787652015686,0.24969417919136233,0.8787604851285515,6.869217395782471,44.64788055419922,0.7934672376694898,0.22386409967668913,2.7652573585510254,1.2028406494348864,25.790348052978516,4.089887619018555,42.66499328613281,0.5088738203048706,0.3722478151321411,0.24234500527381897,0.09580177068710327,10.18626594543457,0.30436322375497826,0.10562437020401214,-0.22463363409042358,0.0,0.14076906834900682,6.421902765937588,77.18963623046875,42.69017791748047
02504.jpg,3.2546,0.5403358936309814,0.28428519500197763,0.8974403309922396,7.212889671325684,49.859275817871094,0.7736620368485639,0.23503150792666894,2.81699275970459,1.425678743462524,27.35561180114746,4.548165798187256,68.99341583251953,0.6916977167129517,0.5723472237586975,0.2616647183895111,0.06653577834367752,11.769448280334473,0.2851039667835849,0.11615131706148368,-0.22187423706054688,0.0,0.1579170816733791,7.871566663834894,71.52557373046875,44.75361633300781
02505.jpg,3.2689,0.5849986672401428,0.22423490964479312,0.8883701435508298,7.501474618911743,44.4412727355957,0.7942554690139579,0.22178076818760348,2.405971050262451,1.1108017284282594,26.89311408996582,4.001888275146484,61.153953552246094,0.6139132976531982,0.4445115923881531,0.262503445148468,0.08241122961044312,10.840137481689453,0.2837948240840213,0.10382163851068618,-0.23000773787498474,0.0,0.1445849202735791,10.072439301226481,82.89520263671875,42.885589599609375
02507.jpg,3.23,0.6322363018989563,0.1855917255520832,0.8802410006278524,7.428579330444336,40.40199279785156,0.8166179971798947,0.20720314789794023,2.1079702377319336,0.8849557786510962,25.099864959716797,3.526768207550049,46.908851623535156,0.5019125938415527,0.30674827098846436,0.21505802869796753,0.09822909533977509,10.07759952545166,0.28909656762108676,0.11061168721793749,-0.24087917804718018,0.0,0.12461275285563121,10.48291713490572,75.31268310546875,40.22305679321289
02523.jpg,3.2833,0.5749629139900208,0.354831840116615,0.9102843624502287,6.684627056121826,53.43919372558594,0.7886879815298075,0.26987150737433974,3.265230894088745,1.7652697964250121,26.3145694732666,4.877633571624756,73.98648071289062,0.6931185722351074,0.3291311264038086,0.3869713246822357,0.07681232690811157,11.145691871643066,0.3319286664930268,0.14494419893705943,-0.20465600490570068,0.0,0.21299294772879518,6.515453592508635,56.05438232421875,32.411827087402344
02530.jpg,3.2775,0.5430651307106018,0.3538788004271568,0.9136397469000037,7.1465606689453125,45.747249603271484,0.7772660762009911,0.24204878941082045,2.886685848236084,1.7752830338034098,25.42934226989746,4.13148832321167,77.04576873779297,0.7323892116546631,0.41846463084220886,0.2693197727203369,0.0683794766664505,11.650742530822754,0.2881780330737951,0.10671270260544244,-0.2249482274055481,0.0,0.1491655540121138,7.70634012405462,63.72650146484375,34.77293395996094
02533.jpg,3.2843,0.5279440879821777,0.41666668190768114,0.9216691387994719,6.844552040100098,49.14411926269531,0.7760016371554425,0.2597497855838429,3.2506871223449707,2.1031826379249665,24.907398223876953,4.473347187042236,82.4177474975586,0.7679530382156372,0.45198872685432434,0.3425668478012085,0.06036591902375221,12.192082405090332,0.296240395163674,0.12902852929824388,-0.2107463777065277,0.0,0.18437732057954626,5.713523335488394,58.11785888671875,35.9100341796875
02537.jpg,3.2684,0.5464507937431335,0.4160145094975962,0.922909242337713,7.026299953460693,36.557456970214844,0.8198456134200578,0.22849266996088693,2.578883171081543,1.9979554470369756,21.96338653564453,3.1663405895233154,87.56039428710938,0.7555059194564819,0.2477009892463684,0.3839323818683624,0.08335518836975098,10.79067325592041,0.34586144658336754,0.11403114311434936,-0.24579481780529022,0.0,0.21604887829206437,8.652971482222805,75.91229248046875,38.71161651611328
02547.jpg,3.2685,0.5723238587379456,0.35292983020296065,0.9007522658586088,6.352849006652832,60.341739654541016,0.7805030261739393,0.27628416959841534,3.6399459838867188,1.7633842013120562,28.078754425048828,5.608626842498779,68.80377197265625,0.6697068810462952,0.49352338910102844,0.3495193123817444,0.072233647108078,11.412605285644531,0.29509660103192953,0.15698312133048867,-0.18085947632789612,0.0,0.18209246442822827,5.1399748209821725,55.65496826171875,36.74729919433594
02548.jpg,3.2697,0.5671468377113342,0.33463419754660667,0.9056448566789629,6.520727872848511,52.74364471435547,0.7725932713630967,0.255922896781545,3.4119515419006348,1.661913282024309,25.763442993164062,4.908862590789795,66.05536651611328,0.6720753312110901,0.36209338903427124,0.2866080701351166,0.07169902324676514,11.444866180419922,0.28505444750671477,0.13191212292782376,-0.20058688521385193,0.0,0.1547165034459558,5.018277036363901,60.70867919921875,37.86194610595703
02565.jpg,3.2596,0.5990267992019653,0.3299280124626109,0.9005776175320594,6.455988883972168,55.0249137878418,0.7920971083808168,0.25429411069166363,3.268404006958008,1.6041808173522432,28.494709014892578,5.230235576629639,71.14221954345703,0.6590805649757385,0.3590891361236572,0.3168199360370636,0.0874006375670433,10.584855079650879,0.3312508936996056,0.15952080181164763,-0.21038749814033508,0.0,0.17546982588225063,5.965070696850284,51.36102294921875,41.14630126953125
02574.jpg,3.2466,0.5558802485466003,0.4715881299461173,0.9190486057880415,5.115279912948608,68.89167785644531,0.7775777355933305,0.3035116952312341,3.959717273712158,2.1398392417852143,31.1810245513916,6.602266311645508,86.20989990234375,0.7439747452735901,0.3514649271965027,0.48843902349472046,0.10232636332511902,9.900125503540039,0.36604260009967304,0.18465590089632405,-0.1960505247116089,0.0,0.3043951404543151,4.99319422183767,61.93621826171875,37.446083068847656
02580.jpg,3.2999,0.5575758218765259,0.39290387939708343,0.8852451012841223,5.520537376403809,85.25946807861328,0.7569384998724227,0.3416061459357849,4.471344470977783,1.9629318528817183,34.65871047973633,7.971108436584473,61.33544921875,0.6404590606689453,0.7591142058372498,0.34163087606430054,0.06719537079334259,11.726607322692871,0.2953579004254187,0.10083733461920892,-0.1528480052947998,0.0,0.19452048450140771,5.2703616589552285,58.63055419921875,41.298866271972656
02585.jpg,3.3038,0.5582836866378784,0.4442528026173636,0.8997409174775877,5.396244525909424,85.98896026611328,0.7457455403203653,0.34286927787973287,4.48989200592041,2.195980220464511,35.79646301269531,8.042427062988281,68.1414794921875,0.6876787543296814,0.5762348771095276,0.3725496530532837,0.0743052139878273,11.289807319641113,0.31143965678369845,0.10575810928695294,-0.15673717856407166,0.0,0.20955242719346528,5.097494365044538,62.00579833984375,46.05290603637695
02589.jpg,3.3395,0.536442756652832,0.46543093529411733,0.9055457659143306,4.998901844024658,92.79345703125,0.7490691493441745,0.35563307695041424,4.827718257904053,2.286814943596699,36.180885314941406,8.73276424407959,65.2129135131836,0.7029128670692444,0.5706963539123535,0.4057440161705017,0.06372837722301483,11.956672668457031,0.32542563701071037,0.12994867248206268,-0.12501055002212524,0.0,0.21749676897963346,4.977447351038037,61.82440185546875,45.266510009765625
02592.jpg,3.3221,0.5500548481941223,0.4311029265235951,0.89660940432751,5.284043788909912,95.15288543701172,0.7550930805240005,0.349582563781137,4.715029716491699,2.1553227166541156,37.07201385498047,8.898443222045898,63.990482330322266,0.6710672378540039,0.626286506652832,0.3862139582633972,0.06835411489009857,11.65235424041748,0.3196519528286216,0.13114613265410965,-0.12250188738107681,0.0,0.2059546144340427,5.331915701275681,62.12664794921875,41.30889892578125
02595.jpg,3.3535,0.5394952297210693,0.43751793468628264,0.9043337057212987,5.28363561630249,96.09451293945312,0.7563930752899405,0.3591699151163894,4.651433944702148,2.173393633214486,37.965721130371094,8.934456825256348,63.87596130371094,0.693810760974884,0.5553936958312988,0.39354491233825684,0.06418126076459885,11.925917625427246,0.3235917310804904,0.13145330036758165,-0.12097547948360443,0.0,0.2108720698410306,5.410583166694896,59.56854248046875,45.689598083496094
02608.jpg,3.2835,0.6105074286460876,0.3719438647608853,0.9009284440527685,5.937633752822876,51.18982696533203,0.7773187306921625,0.27380397131581835,3.533449172973633,1.761362348033261,25.27728843688965,4.814809799194336,66.11553955078125,0.631144642829895,0.26268821954727173,0.3652670383453369,0.09739851951599121,10.114477157592773,0.32287189919787845,0.134771347770862,-0.2044173777103424,0.0,0.20414467319981808,6.373598542819588,62.58026123046875,35.183837890625
02609.jpg,3.3042,0.5364784002304077,0.4478052453504847,0.923163597567392,5.825812339782715,52.663333892822266,0.7712363726780735,0.2732098741073402,3.7545688152313232,2.145080796962346,25.375802993774414,4.933891773223877,83.77489471435547,0.7645853757858276,0.3933783769607544,0.39404600858688354,0.078046053647995,11.07649040222168,0.3459929161598114,0.14524589230483725,-0.20814989507198334,0.0,0.2218761700651014,4.198905601569624,59.96722412109375,35.293365478515625
02616.jpg,3.2882,0.5555918216705322,0.459112192754363,0.9177443642971054,4.943493843078613,74.160888671875,0.7586569182129757,0.3125290332920091,4.215228080749512,2.1024488197948843,32.05886459350586,7.067174911499023,84.19642639160156,0.7435073852539062,0.41317230463027954,0.48366862535476685,0.0999104380607605,10.003890991210938,0.36032569903737666,0.1929443764302142,-0.18510988354682922,0.0,0.29583814840651124,4.467647691287944,55.73333740234375,40.892112731933594
02622.jpg,3.3343,0.556538462638855,0.403007153726219,0.9162282565403311,6.16646409034729,69.58380126953125,0.7767295343963107,0.3032725512066822,3.8003475666046143,2.0083556813680676,31.86136817932129,6.478015422821045,83.30693817138672,0.7396557927131653,0.4100598394870758,0.4403935670852661,0.07574986666440964,11.206180572509766,0.3343081352756119,0.17069733392207775,-0.18388497829437256,0.0,0.25489050191340645,5.638584026019332,51.84393310546875,39.749603271484375
02635.jpg,3.2834,0.4376993179321289,0.5555351805771959,0.9432513996517892,5.20107364654541,68.19010162353516,0.7476698787756683,0.3185062382881305,4.285881996154785,2.635179205532441,30.760587692260742,6.562022686004639,94.95124816894531,0.8633887767791748,0.5977394580841064,0.45109450817108154,0.04883529245853424,13.112661361694336,0.34446293538946643,0.16527735980072228,-0.19220896065235138,0.0,0.27269136433890256,4.99507553312536,61.09490966796875,37.90237045288086
02647.jpg,3.3063,0.5142748355865479,0.5230372976213431,0.9256401714303893,4.947179794311523,73.77833557128906,0.7743662335336913,0.29797327147476427,4.24929141998291,2.4050581269608715,30.40966033935547,6.953897953033447,87.57086944580078,0.774613618850708,0.351166307926178,0.4975568354129791,0.08840014785528183,10.535470008850098,0.34341170039917895,0.19483215907932303,-0.19376227259635925,0.0,0.32846935024621643,4.771977261256204,53.82391357421875,37.96308135986328
02648.jpg,3.3414,0.5254071354866028,0.5081771688791825,0.9250315401647361,4.918053150177002,81.11396026611328,0.7809748768232612,0.30269272351662524,4.263641357421875,2.3329730302279748,32.19053268432617,7.534411907196045,85.06797790527344,0.7671958208084106,0.33337026834487915,0.4955381453037262,0.09140950441360474,10.39008617401123,0.34093019746527536,0.21776080595036257,-0.18368856608867645,0.0,0.33966783382347754,4.283361114407354,52.43328857421875,41.72189712524414
02663.jpg,3.3517,0.526875376701355,0.43899216577762423,0.9206787889552395,6.274133682250977,72.71516418457031,0.7773160735148714,0.30921863849796766,3.810969829559326,2.213648783727721,33.85722732543945,6.819764614105225,84.7507095336914,0.7726113796234131,0.5146695971488953,0.42991361021995544,0.06866197288036346,11.632837295532227,0.33650542564556046,0.15419654795270704,-0.18187540769577026,0.0,0.25811182501530594,5.788695936490679,53.62835693359375,41.90498352050781
02665.jpg,3.4414,0.5043560266494751,0.4831646022488981,0.9256649244765062,5.86615514755249,71.03120422363281,0.7663134770767631,0.3104016276674222,4.0436506271362305,2.394042616099023,32.431697845458984,6.685196876525879,86.7679672241211,0.7919615507125854,0.5033017992973328,0.41648122668266296,0.06651164591312408,11.771024703979492,0.3250189607385322,0.15616394736718078,-0.19023722410202026,0.0,0.26558431858200626,5.355472500417139,51.57733154296875,40.542999267578125
02678.jpg,3.3575,0.4965870976448059,0.5176139136363225,0.934259010698929,4.9042768478393555,59.415863037109375,0.7774390736263979,0.3109521513874743,4.022693634033203,2.3103717023131694,26.61466407775879,5.513223171234131,93.7479476928711,0.8085877299308777,0.40781933069229126,0.5751601457595825,0.07762424647808075,11.10002613067627,0.3792817496001506,0.17842519307346394,-0.2008247822523117,0.0,0.34953875599055384,4.514825767202933,48.57781982421875,35.0340576171875
02684.jpg,3.3319,0.44814103841781616,0.5729513864260373,0.942298717742747,4.782638788223267,58.85988998413086,0.7718982034720555,0.29285938389418903,4.082823753356934,2.539749898948754,26.99379539489746,5.5434393882751465,96.66690063476562,0.8382977843284607,0.30945104360580444,0.5083359479904175,0.06527100503444672,11.852798461914062,0.37799957270807594,0.17691106576083343,-0.20909073948860168,0.0,0.3256891298720787,6.082996947181496,53.35467529296875,41.065399169921875
02696.jpg,3.3274,0.5925769805908203,0.3124784899073471,0.8980946316905346,6.9822516441345215,45.7404670715332,0.8101759750744268,0.2470239306467442,2.924388885498047,1.5478117226783983,25.291555404663086,4.1015729904174805,71.88343048095703,0.6624249815940857,0.43445533514022827,0.3151231110095978,0.09353791922330856,10.290124893188477,0.3254639993161158,0.12834321581287259,-0.22593817114830017,0.0,0.17722081336205273,8.372577961381882,70.39520263671875,34.903709411621094
02698.jpg,3.35,0.5768776535987854,0.32611845279525625,0.9012362377356591,6.975742816925049,47.918575286865234,0.8145079850247645,0.24722279243976256,2.9388182163238525,1.6166666238502057,25.67755889892578,4.322494029998779,64.07994842529297,0.6509034633636475,0.3705083727836609,0.3325194716453552,0.07474850863218307,11.263975143432617,0.3205567009176583,0.12778410039065685,-0.21813622117042542,0.0,0.17458312506160417,7.076352160764808,70.25311279296875,35.375858306884766
02705.jpg,3.346,0.5792316794395447,0.39122693346154225,0.9040950973151497,6.166562080383301,54.715797424316406,0.7841941962821694,0.2998013148892736,3.628288507461548,1.9160118648750393,28.049205780029297,5.142162799835205,62.21687698364258,0.6493135690689087,0.3374825716018677,0.4086543917655945,0.0778239294886589,11.088868141174316,0.3637699378745449,0.13535258737950018,-0.19174793362617493,0.0,0.21275371165905654,6.050748973434826,43.05926513671875,38.243408203125
02706.jpg,3.3382,0.5881373286247253,0.37541125687607835,0.8956857995949562,5.956716537475586,53.239994049072266,0.7760723195024737,0.2931129520314073,3.6734795570373535,1.8076488393542354,25.646244049072266,4.940662384033203,50.57828903198242,0.5937460064888,0.3465796709060669,0.3756698966026306,0.07935962080955505,11.004005432128906,0.336574955358556,0.16256841802553026,-0.1922248750925064,0.0,0.1988624173879652,19.066179489982357,61.48992919921875,32.21971130371094
02719.jpg,3.2908,0.5993026494979858,0.556250624527092,0.9119484380661755,4.055647373199463,76.07173919677734,0.7684253134886015,0.3019758201558982,4.551502227783203,2.3938763833601566,30.924049377441406,7.375550746917725,69.57051849365234,0.6756485104560852,0.23464572429656982,0.5659883618354797,0.12712933123111725,8.95754337310791,0.36904693049018583,0.2068695632739242,-0.17874428629875183,0.0,0.38150930961572005,4.617576160763533,36.78436279296875,37.0350456237793
02725.jpg,3.3382,0.4503704607486725,0.5495300742068546,0.9413158267927547,5.118515491485596,68.2972183227539,0.7740348838323832,0.31390840939732256,4.1245341300964355,2.5396771182207134,31.226234436035156,6.504739284515381,96.02267456054688,0.8492926359176636,0.5041843056678772,0.4725078344345093,0.05904793366789818,12.287952423095703,0.35816401638992157,0.16790342591597723,-0.19872146844863892,0.0,0.3003634915111487,4.676801670778462,57.55682373046875,34.42102813720703
02726.jpg,3.3252,0.5108601450920105,0.493739442890065,0.9316018263014842,5.50153112411499,61.40388488769531,0.7950551725508863,0.30296185442822027,3.766819477081299,2.288084253879264,29.678756713867188,5.717674255371094,95.04907989501953,0.8037539720535278,0.4206181466579437,0.5077109932899475,0.07739707827568054,11.112754821777344,0.36187209959142413,0.16418336973005251,-0.1974417120218277,0.0,0.2985960073461493,5.812766819801567,54.91229248046875,32.40065002441406
02750.jpg,3.2543,0.5496453046798706,0.42360241181780967,0.8999885175701885,5.572675704956055,81.65864562988281,0.7670334662742404,0.3299074992206238,4.202634334564209,2.0704303385001532,35.88629150390625,7.81182336807251,62.53337097167969,0.6575437784194946,0.6300655603408813,0.38869404792785645,0.05216796323657036,12.825961112976074,0.33641088984405365,0.16341367635746387,-0.1388624906539917,0.0,0.20316942264402388,5.91499665713628,62.52069091796875,50.35954666137695
02781.jpg,3.2878,0.5537465214729309,0.33782594865061005,0.895316427447387,6.163877487182617,64.41808319091797,0.7958848007535279,0.2583953672743541,3.336442470550537,1.6047334857401037,31.37200927734375,6.138071060180664,51.38362121582031,0.5934892296791077,0.5520080327987671,0.30779239535331726,0.052439067512750626,12.803450584411621,0.3222654637025169,0.1592124376628667,-0.1896214485168457,0.0,0.1653971087888833,6.661063434425692,66.09490966796875,46.53642272949219
02786.jpg,3.2989,0.5271521806716919,0.272787207080083,0.8964782503444644,6.912870645523071,52.307830810546875,0.8018659098665037,0.20059211138126135,2.3767595291137695,1.267051220084781,31.3386287689209,5.085192680358887,50.5401725769043,0.6185023784637451,0.5908709764480591,0.21055163443088531,0.04296901822090149,13.66844654083252,0.2589526620711965,0.16139439360863492,-0.23049771785736084,0.0,0.11701733679723315,10.944070852482486,86.33416748046875,44.52437210083008
02804.jpg,3.3412,0.5236737132072449,0.3730482991165156,0.9091377425089904,6.280586004257202,75.87700653076172,0.7702109384057785,0.26862530899414994,3.502077102661133,1.8247096339240043,35.87757110595703,7.335729122161865,62.810611724853516,0.6993706226348877,0.6376776695251465,0.35412150621414185,0.04483059048652649,13.484256744384766,0.2737957604694301,0.1832510218993991,-0.178486630320549,0.0,0.18921211495518084,4.430741284407183,69.98162841796875,40.96152114868164
02848.jpg,3.2624,0.5487550497055054,0.1882684477000051,0.8747463327593528,6.847264289855957,38.756683349609375,0.8158576685559229,0.21377722791253073,2.152480125427246,0.84718748218791,24.06770896911621,3.3962020874023438,31.528549194335938,0.4100794196128845,0.44981127977371216,0.18702787160873413,0.048416562378406525,13.15006160736084,0.283389796753836,0.09435153019051994,-0.22119584679603577,0.0,0.09672392221301872,9.234244081758876,75.31365966796875,41.67674255371094
02852.jpg,3.2464,0.5573886632919312,0.1473143819137595,0.8762038357874267,7.131656169891357,25.537864685058594,0.8245278480660279,0.1753574765583076,1.6422582864761353,0.6462645768887683,17.98392105102539,2.07267427444458,23.860122680664062,0.330579549074173,0.3771119713783264,0.160255566239357,0.044407811015844345,13.525407791137695,0.26770904596385936,0.0751090334368256,-0.24774691462516785,0.0,0.07991153878762182,11.020286319060059,81.91668701171875,40.536094665527344
02869.jpg,3.2933,0.5224149227142334,0.3158870963126116,0.893297398253401,6.710409879684448,69.13021850585938,0.7993730416252512,0.24049578572921326,2.8316917419433594,1.5071192184463253,35.99982452392578,6.69830846786499,55.56058883666992,0.6444488763809204,0.7124213576316833,0.2859700620174408,0.04364342242479324,13.600811958312988,0.26139612737498635,0.18083154786418526,-0.19973184168338776,0.0,0.15244537798678526,7.402597094264747,79.68914794921875,46.97498321533203
02871.jpg,3.301,0.526714026927948,0.2817122324356117,0.8853225718553164,6.894608020782471,56.72089385986328,0.8092743424027328,0.21546251583765985,2.460143804550171,1.3176792494253213,31.870325088500977,5.3640618324279785,50.103187561035156,0.5965909957885742,0.699583888053894,0.24213474988937378,0.044362399727106094,13.529850006103516,0.255306441627219,0.16068944395550153,-0.21778681874275208,0.0,0.125202425605249,9.004856803914372,82.86248779296875,50.34119415283203
02878.jpg,3.3015,0.5632222890853882,0.22243188915151324,0.8835577874915139,6.968607187271118,37.5968017578125,0.8280939714980126,0.18466034936144113,1.9943482875823975,0.9968276725187115,24.33244514465332,3.366661787033081,40.16339874267578,0.49560606479644775,0.5104821920394897,0.18473628163337708,0.04698294401168823,13.280597686767578,0.27379086439739586,0.11455097928683892,-0.24203813076019287,0.0,0.09822422310840664,8.170473259617568,85.20428466796875,51.54938507080078
02882.jpg,3.3217,0.5460813045501709,0.2776924476996782,0.8985322816830733,6.727862596511841,39.5081787109375,0.8189881565432119,0.18820583306165803,2.2888498306274414,1.2519415745823856,24.206493377685547,3.6135799884796143,50.28873825073242,0.579594612121582,0.42557549476623535,0.21566003561019897,0.04688979685306549,13.289216995239258,0.2888545658375658,0.11659239881544653,-0.23663413524627686,0.0,0.12381383681959812,10.498609780314188,89.34686279296875,45.8837776184082
02886.jpg,3.3228,0.5338901877403259,0.2496413084392417,0.8976047401099003,6.981505274772644,33.733341217041016,0.8373881955743853,0.1639195567818961,1.851568579673767,1.1025546460822397,22.136016845703125,3.0827364921569824,40.795169830322266,0.5727791786193848,0.41640156507492065,0.1852550059556961,0.038313210010528564,14.166515350341797,0.2735827424955892,0.12370321489782726,-0.2546977996826172,0.0,0.10706130831079434,7.958616990826249,93.95330810546875,52.645774841308594
02901.jpg,3.3583,0.5355278253555298,0.2324600188569559,0.8874983324192591,6.969962000846863,40.49555969238281,0.833362916109324,0.18909558334637977,1.90574312210083,1.031627577508516,25.35873794555664,3.6395466327667236,38.97825622558594,0.5129618644714355,0.49687671661376953,0.2052503526210785,0.040841225534677505,13.889013290405273,0.2989587859120146,0.12907117245031172,-0.24319535493850708,0.0,0.10423918269083086,8.874910633578265,85.71795654296875,51.270423889160156
02926.jpg,3.2684,0.5756675004959106,0.22022768684181895,0.8849380400976036,6.649079084396362,35.94186782836914,0.8187806121688175,0.20561348087818693,2.2835655212402344,0.983611893523209,22.182777404785156,3.1478774547576904,36.59535598754883,0.4347004294395447,0.3879648745059967,0.1626928746700287,0.05271269381046295,12.780847549438477,0.3160512538472235,0.09795215779130567,-0.22565826773643494,0.0,0.08614009662633217,11.861397975386973,74.86785888671875,43.87278366088867
02928.jpg,3.329,0.5939711332321167,0.23395981874392693,0.8787876872979321,6.333501815795898,40.08153533935547,0.8173014713575628,0.23048585815850112,2.5695266723632812,1.0414796996515445,23.110767364501953,3.530951976776123,32.3814811706543,0.40418127179145813,0.4441925287246704,0.19946542382240295,0.05582401901483536,12.531789779663086,0.33395530288964337,0.10858061875260656,-0.20723481476306915,0.0,0.10615497367373619,9.05735354219927,67.80633544921875,44.275352478027344
02939.jpg,3.2935,0.5576879382133484,0.39220555758016656,0.8966590543533698,5.683035850524902,72.74772644042969,0.7690118569116923,0.3101599309710391,4.004894733428955,1.8998373784117417,32.88911437988281,7.019947052001953,55.82160949707031,0.6196010708808899,0.5953078269958496,0.3427322506904602,0.05280083790421486,12.773591041564941,0.31076859503025284,0.15915180281814253,-0.1551988124847412,0.0,0.18476766566817948,5.036562092312964,61.43865966796875,49.07005310058594
02940.jpg,3.2863,0.5312063694000244,0.4558583048983032,0.9096838588649762,5.296817779541016,99.17989349365234,0.7518163176723897,0.32990419101302476,4.528250694274902,2.239427954734907,40.82942199707031,10.105550765991211,65.17516326904297,0.7097705602645874,0.6733361482620239,0.4302949011325836,0.05243692174553871,12.803628921508789,0.2992661614701482,0.21554288346318362,-0.14605270326137543,0.0,0.24151027621544927,5.2835666184099495,67.45379638671875,49.774147033691406
02951.jpg,3.2553,0.5316126942634583,0.416990100250227,0.9070363983365302,5.588432312011719,87.28082275390625,0.7656380410003409,0.3033437494318333,4.116344451904297,2.0234054605802063,38.44694519042969,8.91479206085205,61.840057373046875,0.6883859038352966,0.6149890422821045,0.3738119602203369,0.04708851873874664,13.27085018157959,0.3016817721923015,0.20822579987627685,-0.16200940310955048,0.0,0.21358694150964416,5.381882115230627,70.61151123046875,45.776145935058594
02974.jpg,3.2823,0.5636410117149353,0.394643147950547,0.8952474331966026,5.5730366706848145,83.91091918945312,0.7661608243387289,0.32988083492512976,4.2346343994140625,1.9352723903118916,40.1907844543457,8.671147346496582,60.21593475341797,0.6294515132904053,0.6438689827919006,0.35674768686294556,0.05752873420715332,12.401151657104492,0.3393376797018408,0.1574307375613297,-0.1359134316444397,0.0,0.18542944830106892,6.088314503871841,28.93841552734375,48.579219818115234
02978.jpg,3.2656,0.5609025955200195,0.39078830954665805,0.889916323071702,5.563317775726318,79.50205993652344,0.7628510236638163,0.3100470556307951,4.143987655639648,1.896757960431903,38.457130432128906,8.192145347595215,57.30461502075195,0.6126724481582642,0.6922420263290405,0.30482587218284607,0.05751989036798477,12.401819229125977,0.30977629209041047,0.14444985651294945,-0.1558588445186615,0.0,0.159329553190548,5.59048152324018,26.13665771484375,48.48533630371094
02980.jpg,3.2959,0.5648674368858337,0.3444435308018017,0.8908394763878151,5.939464330673218,75.88896942138672,0.7724205629366305,0.29093784790939536,3.7731668949127197,1.6727329435994616,37.64128875732422,7.749627113342285,56.387203216552734,0.6023050546646118,0.6476885676383972,0.29414796829223633,0.057183630764484406,12.42728328704834,0.31697646848500743,0.15340428924493965,-0.16793721914291382,0.0,0.15445395248849444,6.564095247837033,21.65789794921875,46.17927932739258
03007.jpg,3.287,0.5411458015441895,0.25699865894753565,0.8854647811538089,7.010318279266357,58.62574768066406,0.8052108873672171,0.24066832859421794,2.7401626110076904,1.2529350568307898,30.636066436767578,5.5081257820129395,53.63359832763672,0.6042317152023315,0.6952865123748779,0.2917662560939789,0.048871319741010666,13.109458923339844,0.3182061133880824,0.13170099709332705,-0.20696309208869934,0.0,0.1594579483772804,11.391059352487064,76.95037841796875,49.415138244628906
03021.jpg,3.2617,0.5440171360969543,0.27737295805552536,0.8853788585373488,6.681472063064575,66.7391586303711,0.79807226715752,0.25462389810303304,3.027981996536255,1.3465751260382532,33.487159729003906,6.378070831298828,53.23810958862305,0.59297776222229,0.6963131427764893,0.26695871353149414,0.05068178474903107,12.951480865478516,0.31416698271220833,0.15525114089292433,-0.19869177043437958,0.0,0.14534837936973746,8.45299940370213,72.48822021484375,42.35740280151367
03034.jpg,3.2767,0.5435860753059387,0.3337021728612745,0.8854559083785087,6.001202344894409,83.24632263183594,0.7688531014891602,0.30167871301739685,3.8341259956359863,1.6410413249021847,37.225379943847656,8.248246192932129,54.04837417602539,0.6110096573829651,0.7498953938484192,0.3251301646232605,0.055667608976364136,12.543974876403809,0.28623289571124627,0.15703614635783922,-0.16909563541412354,0.0,0.18876388223283805,7.002004784446301,69.98162841796875,42.389469146728516
03045.jpg,3.2753,0.5415827631950378,0.3970565826234224,0.8994247932419339,5.527894020080566,97.4910659790039,0.7686115618713275,0.3239235967843197,4.255429744720459,1.9422739634465271,41.14081954956055,9.734526634216309,61.54915237426758,0.668999969959259,0.6804470419883728,0.35505467653274536,0.052431371062994,12.804088592529297,0.2896357633507022,0.17144585879623842,-0.1510639190673828,0.0,0.21641960056741302,5.600944926410942,74.86834716796875,43.38896942138672
03074.jpg,3.2799,0.5394050478935242,0.3103352170941028,0.9028077052701118,6.743589639663696,55.17012405395508,0.8071074240202404,0.2267153731464856,2.7580068111419678,1.4743457360150023,29.685644149780273,5.336529731750488,52.51464080810547,0.6326398849487305,0.5344329476356506,0.2820892333984375,0.046015702188014984,13.370939254760742,0.30246096384633325,0.16521519766664536,-0.21699446439743042,0.0,0.15965818829341927,10.827250337951687,83.14422607421875,49.83960723876953
03091.jpg,3.3355,0.5540409684181213,0.38055070087033077,0.8949305376574833,5.8841872215271,95.867431640625,0.7700659571400614,0.3231076103455685,4.180716514587402,1.9151100412840112,40.96244812011719,9.180849075317383,72.08065032958984,0.6830370426177979,0.7791029214859009,0.34029003977775574,0.057491254061460495,12.403983116149902,0.30212058977977907,0.14879850680521994,-0.1455317884683609,0.0,0.18595203078945924,6.183399860225282,67.51141357421875,48.679481506347656
03112.jpg,3.3084,0.5577470064163208,0.21543954930558576,0.8711900301383231,6.953188419342041,48.13538360595703,0.8134496094223794,0.2517252208684593,2.562948226928711,1.025080046928064,27.289962768554688,4.379619121551514,38.40848159790039,0.4542926549911499,0.579052746295929,0.2688515782356262,0.053075145930051804,12.75108814239502,0.31146064409478047,0.13714733859224243,-0.2021278440952301,0.0,0.13793518333497298,8.401810758351315,68.80731201171875,40.899139404296875
03115.jpg,3.3089,0.5580778121948242,0.24483061343089255,0.8751524335764922,6.828723907470703,57.852962493896484,0.8047524945875502,0.2690944819587261,2.9326024055480957,1.1949402488164633,29.700782775878906,5.346707820892334,44.78460693359375,0.519079864025116,0.6432790160179138,0.2815021872520447,0.05263887345790863,12.786933898925781,0.2929638237573892,0.14308378062195898,-0.18590381741523743,0.0,0.14755563163713997,7.498047101002973,67.05706787109375,40.41975021362305
03116.jpg,3.3157,0.560132622718811,0.24620820480376826,0.8767454991384432,6.834154844284058,53.88690948486328,0.8021224726412473,0.2659818378645687,2.902256488800049,1.1985966578336713,28.493812561035156,4.983749866485596,44.38716125488281,0.5158515572547913,0.6093328595161438,0.28290051221847534,0.052650488913059235,12.785977363586426,0.2928850092243493,0.14057627852225235,-0.18838085234165192,0.0,0.1475308353468483,7.3616592149946865,64.30731201171875,40.045005798339844
03117.jpg,3.2703,0.5525879859924316,0.19623095526692141,0.8690453974717306,7.023525238037109,45.28792190551758,0.8090067986214021,0.239775246188249,2.5535895824432373,0.9396667982748106,25.746925354003906,4.204099655151367,35.493194580078125,0.4371943473815918,0.6069915294647217,0.20943018794059753,0.05068056657910347,12.951584815979004,0.28138874754690035,0.10961693714136891,-0.20927338302135468,0.0,0.10915074993380895,8.915509377298289,80.65911865234375,39.792999267578125
03120.jpg,3.2861,0.5430137515068054,0.34435136679558426,0.8979091885866917,6.2492804527282715,101.56863403320312,0.7822962590584008,0.3138014747051289,3.8054165840148926,1.7311807033245925,43.99917984008789,10.053836822509766,61.87562942504883,0.6598652601242065,0.6864169239997864,0.373291552066803,0.053180500864982605,12.742476463317871,0.28242216890310556,0.26288133605927444,-0.1546667516231537,0.0,0.19312380822985403,6.733730735558038,72.29315185546875,40.19016647338867
03123.jpg,3.2947,0.5692563652992249,0.3253667642332058,0.8812237800503957,6.046716690063477,93.13074493408203,0.7629622103210484,0.31263016752230693,4.044309616088867,1.641648274513365,39.58816146850586,9.213135719299316,58.084449768066406,0.5987722873687744,0.7376104593276978,0.3409598469734192,0.06279630213975906,12.020660400390625,0.29212358986254766,0.23201189740274553,-0.151152104139328,0.0,0.18376079265228593,5.295146899702757,63.08074951171875,48.03583526611328
03131.jpg,3.2999,0.5892167091369629,0.3152355665573726,0.8724880193739002,6.065809011459351,83.05999755859375,0.7601090450966377,0.3122594721648022,3.924839973449707,1.5747096637035032,36.8036003112793,8.315128326416016,47.74968719482422,0.5310552716255188,0.6923584342002869,0.311474472284317,0.07172029465436935,11.443580627441406,0.2865101352475135,0.19423163824159187,-0.16061511635780334,0.0,0.16451843379408013,5.469322521247368,69.01239013671875,43.92475509643555
03139.jpg,3.2797,0.5899844765663147,0.27606660294212115,0.861415520958875,6.290060520172119,89.34185028076172,0.7895361766647893,0.30116775376233523,3.697628974914551,1.3786389274404023,40.74818420410156,8.96630573272705,47.40190124511719,0.49068427085876465,0.7825501561164856,0.2724769413471222,0.07210657000541687,11.42025089263916,0.29268633692400386,0.18750015049485613,-0.16804654896259308,0.0,0.15359926529124895,7.428632657156789,81.09613037109375,43.99858856201172
03140.jpg,3.3029,0.5749909281730652,0.2876557046812019,0.8659942444265816,6.129539728164673,96.1681137084961,0.7788183803038035,0.31359061789115533,3.9217653274536133,1.4456630163824986,42.67790603637695,9.703840255737305,49.88099670410156,0.5262836217880249,0.8052496314048767,0.26716941595077515,0.06513562798500061,11.861812591552734,0.28913702584680223,0.18201436453089873,-0.16092520952224731,0.0,0.15314701201491707,7.254328204032663,77.10687255859375,41.27839279174805
03144.jpg,3.2862,0.5574576258659363,0.3943428476631584,0.8980323433866796,5.797203063964844,90.60968017578125,0.7664136430555442,0.2888723945884468,3.9514992237091064,1.9221728437540149,40.32637023925781,9.634783744812012,49.3303108215332,0.639825165271759,0.6336719393730164,0.28663909435272217,0.056966640055179596,12.443794250488281,0.261397741196414,0.26449899192147214,-0.1793418526649475,0.0,0.16886136135050997,6.63693525534626,89.04144287109375,44.9794807434082
03151.jpg,3.2784,0.5472965240478516,0.32608288781615613,0.8897343514949121,5.867512226104736,74.85842895507812,0.7704632421120556,0.31788279839207073,3.7366864681243896,1.5658885418090849,34.24605941772461,7.371050834655762,46.33147430419922,0.5626430511474609,0.5547513365745544,0.2989429235458374,0.048487141728401184,13.143733978271484,0.2947648914979042,0.17078958097364877,-0.1475435197353363,0.0,0.15382363007648198,6.42485762298235,49.01287841796875,40.65802001953125
03156.jpg,3.2835,0.552820086479187,0.2560068274268531,0.8774201739634281,6.440232753753662,64.08689880371094,0.7602216589641465,0.27510907258829626,3.361370086669922,1.254643293738626,31.80829429626465,6.323159694671631,45.41733932495117,0.5466286540031433,0.692419707775116,0.21529412269592285,0.05030859261751175,12.9835786819458,0.2566420389811509,0.1488774508271807,-0.18438848853111267,0.0,0.11480486594740472,6.963004040789487,76.54266357421875,37.79704666137695
03165.jpg,3.2751,0.5361566543579102,0.41186675441444676,0.9018952731624119,5.501346588134766,96.84720611572266,0.7572863839797642,0.33851956573266334,4.4339599609375,2.0460188977632043,40.169288635253906,9.492111206054688,63.82157516479492,0.687617301940918,0.6946777105331421,0.3524641990661621,0.04907505586743355,13.091392517089844,0.2892410634949983,0.1803113474367766,-0.1331726461648941,0.0,0.18592071645663646,5.281498770222344,64.41522216796875,46.790550231933594
03181.jpg,3.3119,0.5454621315002441,0.36753480426281093,0.8920798563284905,5.858376502990723,81.04295349121094,0.754704908188269,0.31354990700941593,4.097715377807617,1.8296118163183284,35.43413162231445,8.04525089263916,54.1226806640625,0.6390040516853333,0.7232825756072998,0.33221524953842163,0.052898481488227844,12.765568733215332,0.2713801617207126,0.19588631934710976,-0.1570519208908081,0.0,0.17621561273416442,5.07947132702881,64.88323974609375,43.992679595947266
03186.jpg,3.2789,0.5364214777946472,0.35798628324482884,0.8989179079007712,5.918175220489502,89.87201690673828,0.7555308295467918,0.32352976839294517,4.09331750869751,1.7919951334729252,37.78749465942383,8.868523597717285,57.34244155883789,0.6630314588546753,0.6921733617782593,0.3708120882511139,0.04971414804458618,13.035201072692871,0.26662652943115545,0.21759133924257387,-0.1497010886669159,0.0,0.19420334033903627,5.303610347567426,64.47479248046875,44.24817657470703
03229.jpg,3.2543,0.5403322577476501,0.36533476093264106,0.9001207275357684,6.012588739395142,83.35115051269531,0.7699881538998475,0.31983241299907267,3.858161687850952,1.8030709798740947,36.256961822509766,8.12031364440918,55.327117919921875,0.6444314122200012,0.5846542119979858,0.3697052597999573,0.045816849917173386,13.389747619628906,0.2895571017792624,0.20364029148794174,-0.14955702424049377,0.0,0.18942258117592742,5.5729420135437895,61.65594482421875,43.10356521606445
03242.jpg,3.2818,0.5616317987442017,0.33523628111611137,0.8907072314397714,5.893969297409058,82.78553771972656,0.7618693345080808,0.3175463211844345,3.961329460144043,1.6519331030836097,36.092796325683594,8.065275192260742,53.79316711425781,0.6087548732757568,0.6581223011016846,0.2879040837287903,0.051901862025260925,12.848169326782227,0.2620362285755333,0.18326115446282673,-0.15558436512947083,0.0,0.1485440889423166,5.957628711457264,61.08026123046875,45.24045944213867
03250.jpg,3.2528,0.5362100601196289,0.4113063298568496,0.9068862604824024,5.797305583953857,86.87079620361328,0.7601967476580006,0.32245191697464465,4.144410133361816,2.0445528871454686,36.830589294433594,8.48292064666748,66.04106903076172,0.7019571661949158,0.6564990282058716,0.41676175594329834,0.04886148124933243,13.110333442687988,0.2981111411102923,0.19248088677659006,-0.15078918635845184,0.0,0.22283096137237243,5.181489524395666,60.38690185546875,48.4571533203125
03258.jpg,3.2629,0.502545177936554,0.5794713342482334,0.9331674303593787,4.859498500823975,67.4034194946289,0.7336925323395114,0.3384335224997028,4.790078163146973,2.7958372808710372,28.743013381958008,6.777705192565918,80.27924346923828,0.7950685024261475,0.5063335299491882,0.5310226678848267,0.057927172631025314,12.371176719665527,0.3570189540679022,0.17397572043053133,-0.1659669578075409,0.0,0.28407100947946345,4.406729495788961,50.77215576171875,31.48233985900879
03259.jpg,3.2949,0.5022806525230408,0.5624447752638508,0.9336221339272727,5.031767845153809,64.47734069824219,0.73870476120511,0.333292669971225,4.529587268829346,2.68887738969606,28.608545303344727,6.342921257019043,82.19601440429688,0.8001253008842468,0.5162286162376404,0.49530643224716187,0.06189016252756119,12.083784103393555,0.3435626537715651,0.15967289344058902,-0.18358615040779114,0.0,0.26748620738371,4.187712960720068,52.68182373046875,29.663158416748047
03263.jpg,3.2468,0.522765576839447,0.6264396644013488,0.9282792966095781,4.105188369750977,59.77334213256836,0.722105306960014,0.3059902981697216,4.707634925842285,2.7603623680806786,25.8431453704834,5.891143321990967,76.75865936279297,0.7626191973686218,0.2712593078613281,0.5180255174636841,0.0859442800283432,10.657830238342285,0.3607035471765712,0.1751744157530633,-0.20034259557724,0.0,0.29159908022524894,4.329690439466209,55.71258544921875,32.74877166748047
03264.jpg,3.2433,0.5090374946594238,0.6382716102456135,0.9291891215020616,3.9165048599243164,62.72181701660156,0.7060162530292379,0.31827424454332565,4.910948753356934,2.8171684173521276,26.153636932373047,6.260473728179932,72.67949676513672,0.7744032144546509,0.3200904130935669,0.5329363346099854,0.0825623944401741,10.83217716217041,0.3674959836741371,0.17900495631371133,-0.19826725125312805,0.0,0.2968240585155674,4.609840257252468,59.11590576171875,35.47138977050781
03267.jpg,3.2692,0.4905410408973694,0.5856471157985852,0.9374983007653771,4.533516883850098,63.28424835205078,0.7163371160976295,0.3282537158218259,4.661154270172119,2.6924273248300468,25.69572639465332,6.2319016456604,80.56925964355469,0.8100191354751587,0.4244871437549591,0.5793636441230774,0.06824660301208496,11.659189224243164,0.3676611525928869,0.19821679547700108,-0.19422030448913574,0.0,0.32194516239585386,3.9098747838985353,52.82928466796875,31.453536987304688
03270.jpg,3.2449,0.49030303955078125,0.5944744881873563,0.9339049088227847,4.568255424499512,59.62980651855469,0.7373491669520997,0.2969625735807895,4.486335754394531,2.6913727022858414,25.939579010009766,5.880498886108398,85.97880554199219,0.8041260242462158,0.30843353271484375,0.5059897899627686,0.07137373834848404,11.464615821838379,0.3585018214864168,0.1824947064828665,-0.19982051849365234,0.0,0.29411531330656027,4.692590327130735,61.20379638671875,32.24505615234375
03290.jpg,3.2594,0.5298032164573669,0.5224337732705764,0.9246539118619083,5.168532848358154,73.6373062133789,0.7471819813137756,0.3466208748215933,4.651552200317383,2.5651815223059007,29.81052589416504,7.039419174194336,79.75424194335938,0.7617048025131226,0.46446898579597473,0.46877920627593994,0.06261424720287323,12.033269882202148,0.349704939483412,0.15972682461336835,-0.15103459358215332,0.0,0.24601727781439087,3.8349344578878584,47.36029052734375,35.85204315185547
03296.jpg,3.2529,0.522717297077179,0.5850533156440602,0.9371434255388507,4.934267520904541,54.88311004638672,0.7651176321469605,0.33181725390767186,4.329301834106445,2.709851992264637,24.56976318359375,5.266881465911865,88.75880432128906,0.7930160164833069,0.38065090775489807,0.5898783802986145,0.06950416415929794,11.579893112182617,0.38787246217058063,0.1514063549803543,-0.18042375147342682,0.0,0.3115302833602017,4.2910990791954875,59.70623779296875,35.39324188232422
03336.jpg,3.2594,0.5859115123748779,0.5587745406317725,0.9109347120127417,4.073111534118652,52.43545150756836,0.7486763693257291,0.32775016870157503,4.681764125823975,2.446011187718163,21.903423309326172,5.148561000823975,46.47202682495117,0.6180194616317749,0.15675950050354004,0.645537257194519,0.07516811043024063,11.239663124084473,0.41183283680134647,0.17982280984850132,-0.15111956000328064,0.0,0.34363943490667426,4.397927704229103,50.70965576171875,34.214439392089844
03347.jpg,3.2804,0.5636982321739197,0.36058014792947285,0.8953152944535814,5.570431709289551,58.01045227050781,0.7640436799011239,0.30651417781007184,4.085700988769531,1.7409113256542952,24.36161994934082,5.434824466705322,46.90144729614258,0.588015079498291,0.45410990715026855,0.3892543315887451,0.05897029489278793,12.293667793273926,0.34217590088989375,0.14915711074752896,-0.14764009416103363,0.0,0.20041894359629803,4.085475292595442,49.10565185546875,31.33251190185547
03389.jpg,3.3164,0.5712934732437134,0.2730013639948864,0.8778327951144995,6.39046573638916,66.39897918701172,0.7965917758094533,0.25447845744342534,3.0112619400024414,1.2833473278931278,33.607810974121094,6.296630859375,44.662479400634766,0.5137487053871155,0.6444423198699951,0.25330352783203125,0.05704215168952942,12.438040733337402,0.2942180767349353,0.19486267253080816,-0.193719744682312,0.0,0.1303292770074112,7.109091971677714,72.89666748046875,46.77499771118164
03405.jpg,3.3413,0.54737389087677,0.3775807855393495,0.8911020235858709,5.368958473205566,86.30327606201172,0.7662791245874765,0.3485017835950427,4.2321624755859375,1.8126065203529738,37.03679656982422,8.192296981811523,50.991661071777344,0.597151517868042,0.5988205671310425,0.272966593503952,0.051803868263959885,12.856378555297852,0.3347670658834775,0.135646829115589,-0.1291274130344391,0.0,0.14405693221600144,5.820279979659254,62.38299560546875,51.905067443847656
03433.jpg,3.3116,0.5628021955490112,0.33960992231728776,0.8783988370158284,5.404469728469849,70.45734405517578,0.7732868183069188,0.32576363072225206,3.922847270965576,1.5838310259250248,31.75132179260254,6.693663597106934,42.094120025634766,0.522078812122345,0.6407961845397949,0.2591477632522583,0.05521722137928009,12.579255104064941,0.3207219728861824,0.13041152098856398,-0.15435566008090973,0.0,0.13616187328811474,5.774018178725196,57.76483154296875,45.178199768066406
03442.jpg,3.3178,0.5637040138244629,0.32646351579640254,0.8923279038363304,5.941530466079712,68.46044921875,0.7626614031196807,0.29452842576360594,3.974119186401367,1.6185549608796617,29.530597686767578,6.6034979820251465,57.72976303100586,0.6285079717636108,0.6170406341552734,0.35474544763565063,0.05876725912094116,12.308645248413086,0.30608355535244813,0.16635594978622179,-0.16592687368392944,0.0,0.18951998799236863,5.525765816727317,60.72918701171875,34.99176025390625
03444.jpg,3.257,0.573418378829956,0.32759463825081037,0.8860818714113912,5.89892578125,69.23150634765625,0.7708805340319906,0.297335040019785,4.012044429779053,1.6233963713955486,30.25696563720703,6.622372627258301,56.3309211730957,0.5973958969116211,0.6292617321014404,0.36213889718055725,0.06549195200204849,11.838120460510254,0.3206326637793566,0.16554349590880582,-0.15976321697235107,0.0,0.19343619993754183,4.410389478465515,62.95623779296875,36.70759582519531
03451.jpg,3.26,0.5824444890022278,0.47981628358004963,0.9021216233899734,4.647429466247559,57.38848114013672,0.7593668207702188,0.31885942936236195,4.569269180297852,2.2111699199540817,23.50090980529785,5.502979278564453,50.79988479614258,0.6119967699050903,0.32950538396835327,0.5852986574172974,0.07337287068367004,11.344646453857422,0.3781125792113928,0.18717849556629382,-0.15512993931770325,0.0,0.32311744916572527,3.9421325331722326,46.10614013671875,33.152862548828125
03457.jpg,3.3438,0.5119577646255493,0.5225180124609148,0.9295202398970412,5.306729793548584,86.49308013916016,0.7334314710468915,0.330907463562894,4.658557891845703,2.603531032226842,34.88972473144531,8.19884204864502,82.63813018798828,0.7940245270729065,0.5400578379631042,0.48121994733810425,0.04633853957056999,13.340577125549316,0.32668888061189594,0.19099667487466562,-0.13818249106407166,0.0,0.2533895402968094,4.051799528517446,46.59783935546875,45.233821868896484
03458.jpg,3.2707,0.5192419290542603,0.515741515924656,0.9287399790307922,5.313192844390869,85.0647964477539,0.7401178552692455,0.328042054175194,4.621668815612793,2.5619199170198517,34.517337799072266,8.056706428527832,82.42879486083984,0.7856384515762329,0.4911660850048065,0.4783685803413391,0.048883579671382904,13.10837173461914,0.32916109714929065,0.19435842695099606,-0.13883858919143677,0.0,0.25320504098264013,3.8760059590331255,44.46942138671875,44.16083908081055
03468.jpg,3.3005,0.5584548711776733,0.4321940516967777,0.9117677390535582,5.33344841003418,72.80792999267578,0.7612589164999582,0.3190305886118581,4.470787048339844,2.1186740287046533,30.182762145996094,6.896684169769287,72.87631225585938,0.7018411755561829,0.41904234886169434,0.4840460419654846,0.06848704814910889,11.643915176391602,0.3455237788734191,0.176273007447007,-0.14910222589969635,0.0,0.25943409262247774,3.7249323812726907,44.21160888671875,36.760536193847656
03471.jpg,3.3176,0.5467049479484558,0.44781972409303805,0.9152963497277685,5.344899654388428,76.92792510986328,0.7624291905177261,0.32076464717286607,4.494396686553955,2.2031238576446786,31.979206085205078,7.330321311950684,75.92329406738281,0.7257441878318787,0.46334341168403625,0.459839403629303,0.06125081703066826,12.128881454467773,0.3344992049826604,0.17285287050730602,-0.1405763328075409,0.0,0.24270489310521826,4.192513267198679,46.00408935546875,40.786460876464844
03476.jpg,3.2997,0.514455258846283,0.5667625165121333,0.9370378043915302,4.9287872314453125,69.63794708251953,0.7404449015026928,0.32559096139144444,4.725693702697754,2.7359095459735165,29.035619735717773,6.6544365882873535,85.3838882446289,0.801648736000061,0.3438482880592346,0.5356882214546204,0.051204606890678406,12.906909942626953,0.3583864549403132,0.15957185518467815,-0.1436930000782013,0.0,0.2862252114325115,3.5872050629146015,46.45233154296875,43.86217498779297
03484.jpg,3.2823,0.5103422403335571,0.5134485434437331,0.9296563607976809,5.179286956787109,84.21551513671875,0.7264842404927335,0.3275815491053603,4.772788047790527,2.5549487916057227,32.86483383178711,8.003676414489746,80.50233459472656,0.7975559234619141,0.5730344653129578,0.4941297173500061,0.043848130851984024,13.580489158630371,0.33177111810204357,0.1956732554183226,-0.1367710679769516,0.0,0.26278479514228054,4.277986561292378,45.23406982421875,36.75682830810547
03493.jpg,3.3399,0.5408039093017578,0.5278707872040919,0.91738458768788,4.445337295532227,73.33415985107422,0.7412370963893516,0.3419194482276211,4.890498161315918,2.464067231747583,29.023107528686523,7.192286014556885,61.763519287109375,0.7148054838180542,0.4083949029445648,0.5239397883415222,0.0688556432723999,11.62060546875,0.3550188903465438,0.19638911806777498,-0.15222397446632385,0.0,0.29587183638318126,3.9227586414344615,47.21844482421875,30.326475143432617
03502.jpg,3.3191,0.49482059478759766,0.5670481396039694,0.9295948866522749,4.217404365539551,66.5422134399414,0.721148444170654,0.35624060706241295,4.940377235412598,2.596462231581911,26.59575080871582,6.591278553009033,67.29170989990234,0.7894708514213562,0.6003775000572205,0.6247103810310364,0.06223427504301071,12.059703826904297,0.37424993094693826,0.18985121358621984,-0.17107002437114716,0.0,0.3398470070635777,3.5074974404810435,50.91961669921875,31.527786254882812
03503.jpg,3.3241,0.5027878880500793,0.5493471416448805,0.9240355550680426,4.202889442443848,66.78823852539062,0.7253394225055374,0.3510240591007826,4.884585380554199,2.4960992422849184,27.03618812561035,6.65399169921875,65.64228820800781,0.7732667922973633,0.636762261390686,0.6023579835891724,0.0658990666270256,11.81120777130127,0.3796155955566484,0.18486890888054944,-0.17335674166679382,0.0,0.3375163708896202,4.186808825801593,54.65399169921875,34.82741928100586
03506.jpg,3.2885,0.5458575487136841,0.5144851537331514,0.9169948582381031,4.4957404136657715,68.45279693603516,0.7447694259383868,0.33226868186988284,4.7679901123046875,2.3830354198593167,27.31035804748535,6.682478427886963,60.19001007080078,0.7091494202613831,0.41255056858062744,0.539989173412323,0.07351241260766983,11.336393356323242,0.3660413400214179,0.20497808791538583,-0.1588784009218216,0.0,0.3020568373628548,3.911937434143003,44.88934326171875,31.262165069580078
03511.jpg,3.2761,0.5574518442153931,0.37601484667159496,0.8985090391691516,5.516866683959961,73.24806213378906,0.7581004721246403,0.3195422437892558,4.326793670654297,1.8506881994644182,31.106285095214844,7.105188846588135,57.00013732910156,0.6307294368743896,0.5311819911003113,0.3980351984500885,0.05549643933773041,12.55734920501709,0.3365716857346614,0.164365314573202,-0.13598468899726868,0.0,0.20721218035948735,4.760973243479778,26.32684326171875,37.823822021484375
03528.jpg,3.2625,0.5261890888214111,0.3588909148283313,0.9157728235315277,7.191684722900391,37.60319519042969,0.7994973048447934,0.2281040200102446,2.7064950466156006,1.776190023709522,22.285680770874023,3.303206205368042,81.59484100341797,0.7573636770248413,0.44214949011802673,0.29528942704200745,0.07584214955568314,11.200894355773926,0.31665074308065777,0.08174674178079341,-0.23652365803718567,0.0,0.1576876891166277,6.166088737057347,74.03338623046875,35.67346954345703
03546.jpg,3.2965,0.5430040955543518,0.40614985093097217,0.9181242567068293,6.2903430461883545,60.17380905151367,0.8093908398218991,0.30391964923911563,3.622663736343384,2.0130906018943326,28.53521728515625,5.47109317779541,79.78563690185547,0.745860755443573,0.512147068977356,0.33826944231987,0.0670439600944519,11.736403465270996,0.30656565232034416,0.11597480870916767,-0.18575088679790497,0.0,0.18082580883230848,4.358413665367749,58.84539794921875,35.23585510253906
03567.jpg,3.2845,0.6225932240486145,0.20398285715479422,0.8578754191394491,7.438794851303101,45.735923767089844,0.8324193113967383,0.214738985864622,2.4084665775299072,1.0043400543515615,27.078035354614258,4.209572792053223,43.361602783203125,0.4702736735343933,0.6819482445716858,0.24772575497627258,0.10137966275215149,9.940491676330566,0.32698680586351925,0.120400892125458,-0.2254488170146942,0.0,0.13245344395549377,7.888825572715282,76.81170654296875,36.89932632446289
03572.jpg,3.3003,0.6338325142860413,0.32452492143974404,0.8941182313103481,6.430600643157959,45.902008056640625,0.8087162642041603,0.24550589586484048,3.1276609897613525,1.5509529533851332,23.234596252441406,4.169178485870361,57.12092590332031,0.5732885599136353,0.24982893466949463,0.3061352074146271,0.10311351716518402,9.866844177246094,0.31846838163648966,0.12890843278018957,-0.21080851554870605,0.0,0.16603905665278615,6.314801430108866,58.90081787109375,35.12596130371094
03583.jpg,3.2628,0.5853531360626221,0.2621373853052887,0.8782477889435213,6.9161598682403564,55.78901672363281,0.8036979960733343,0.2724778024378236,3.1898891925811768,1.3245914367604676,27.769105911254883,5.099068641662598,53.640865325927734,0.564994752407074,0.5901999473571777,0.31803715229034424,0.07936834543943405,11.00352668762207,0.2999125152059818,0.13188306763918756,-0.19438272714614868,0.0,0.16329964979464542,5.833793309221439,64.47576904296875,36.54692077636719
03586.jpg,3.2744,0.4978373944759369,0.3900499565023648,0.9256282327537284,6.967547655105591,57.23344039916992,0.7813448132848722,0.29053394952874856,3.269136428833008,1.9964163257227732,28.76413917541504,5.201265811920166,87.00399017333984,0.8033016324043274,0.7303255200386047,0.4059946835041046,0.04744533449411392,13.238065719604492,0.2923071758125969,0.13830449250769472,-0.19281712174415588,0.0,0.20988861744933007,8.973463012875303,65.53656005859375,33.69880294799805
03589.jpg,3.2832,0.5356296300888062,0.2859755460086808,0.8916914570506667,7.244938850402832,57.62697982788086,0.8007095332610825,0.27080967458151245,3.0973942279815674,1.4788323315292633,28.208641052246094,5.2336578369140625,69.16405487060547,0.6854171752929688,0.8195638656616211,0.32138174772262573,0.05785852670669556,12.376326560974121,0.2824282875517352,0.13813951425288432,-0.19963718950748444,0.0,0.17028554712112698,7.599552976993486,63.45037841796875,37.314910888671875
03594.jpg,3.3105,0.49878787994384766,0.31336844483135917,0.9111856290197985,7.298062086105347,55.2361946105957,0.7959832683533163,0.25850107902818065,3.1002750396728516,1.6292611369776457,26.298681259155273,4.990793704986572,71.92518615722656,0.7542650699615479,0.7340658903121948,0.30748963356018066,0.04941229149699211,13.061649322509766,0.2745199547815607,0.12709870986559077,-0.20601990818977356,0.0,0.16807722555276428,6.799731835834364,62.98455810546875,36.68915557861328
03596.jpg,3.2637,0.49279558658599854,0.4928424063007437,0.9278786066490974,5.234954833984375,72.98421478271484,0.7797815828355291,0.3110142229179984,4.304624557495117,2.3507636660035365,28.311872482299805,6.758258819580078,87.31385040283203,0.7921110391616821,0.41430866718292236,0.4449467360973358,0.07464411854743958,11.270045280456543,0.3466488725854386,0.19822935020702506,-0.18169766664505005,0.0,0.28832802735239027,4.438489781703384,42.90155029296875,36.97060012817383
03599.jpg,3.2811,0.5482587814331055,0.5103659012630772,0.915586220361909,4.672549486160278,79.42920684814453,0.7795100179554415,0.28001554947072077,3.988888740539551,2.210260674507132,30.59809112548828,7.1109700202941895,85.7837142944336,0.7318054437637329,0.2658076882362366,0.41343286633491516,0.1129804402589798,9.46996784210205,0.3277770343551668,0.23159545999200032,-0.19592764973640442,0.0,0.3279887303488624,6.387940765104614,53.74969482421875,52.97039794921875
03609.jpg,3.2705,0.5504472255706787,0.5410439065759228,0.917759927338019,4.440422296524048,81.6756820678711,0.7751621810119322,0.30110449129248307,4.13109827041626,2.3187944734996613,31.21847152709961,7.422361373901367,84.92912292480469,0.7415285110473633,0.27932339906692505,0.5115269422531128,0.10956700146198273,9.603202819824219,0.365926819127013,0.20601628897135538,-0.188256174325943,0.0,0.35842740906978815,5.4236121945380145,49.07537841796875,46.34483337402344
03612.jpg,3.2584,0.5569524765014648,0.5069858584458872,0.9169514600081973,4.716935634613037,83.62981414794922,0.780827828197427,0.2875497960604785,4.0179972648620605,2.2142530416471935,31.91777801513672,7.56362771987915,85.15080261230469,0.7301205396652222,0.2294502854347229,0.44403141736984253,0.11163442581892014,9.522019386291504,0.3374351644886543,0.21965800676568192,-0.19179581105709076,0.0,0.33647671191605555,6.727204857439722,52.95135498046875,44.41973114013672
03614.jpg,3.2401,0.5420228242874146,0.5350519928698668,0.9204368053954324,4.611570358276367,86.4800796508789,0.7783075316285955,0.29670357428127986,4.1249823570251465,2.3372647153637462,32.133785247802734,7.825344562530518,87.22900390625,0.7429831624031067,0.21240556240081787,0.4628438353538513,0.10622500628232956,9.73773193359375,0.34615267250990744,0.2269242729587208,-0.1880112886428833,0.0,0.3513118484870263,6.992499928153931,50.91278076171875,48.947059631347656
03627.jpg,3.2641,0.49810731410980225,0.5344023784324055,0.9293130550067882,4.595938205718994,85.08409118652344,0.7673534718740319,0.3127481116251759,4.466947555541992,2.421623787481389,31.60866355895996,8.080229759216309,87.3238296508789,0.7873682975769043,0.26882117986679077,0.45715394616127014,0.08380240947008133,10.767435073852539,0.34698996266234694,0.22828120776139532,-0.18025407195091248,0.0,0.32282639474954605,4.779848684975925,36.84051513671875,45.61268997192383
03631.jpg,3.262,0.5510075092315674,0.506747430446164,0.9185823398785075,4.670533657073975,82.09255981445312,0.781716704473067,0.2917359517738546,4.031692981719971,2.204924837922108,32.01700973510742,7.617271900177002,86.48016357421875,0.7384191155433655,0.21517044305801392,0.4414873719215393,0.10884407162666321,9.631952285766602,0.35685805101382906,0.21613872112067278,-0.19259226322174072,0.0,0.3327809605784268,6.157091316278891,36.92108154296875,51.733863830566406
03645.jpg,3.325,0.5780337452888489,0.5124543562985473,0.9127608209446213,4.674132823944092,73.68546295166016,0.7886017504815572,0.2851574023742209,3.8810737133026123,2.1920857568401795,29.101850509643555,6.592686176300049,82.25371551513672,0.7135090827941895,0.2748231291770935,0.5059618949890137,0.12077756971120834,9.180137634277344,0.3626216004783027,0.21067969418487006,-0.19690914452075958,0.0,0.3584325293884708,5.150789454265134,49.29559326171875,40.61994934082031
03653.jpg,3.3309,0.4217960834503174,0.5398531095891146,0.9514075006772843,5.101704120635986,65.95154571533203,0.7694290274939527,0.33591941272317505,4.355652809143066,2.552801606766918,28.599998474121094,6.240110397338867,97.4091567993164,0.890550971031189,0.7913734912872314,0.438274621963501,0.03962392359972,14.020424842834473,0.33322253192147544,0.17753340549422403,-0.18085917830467224,0.0,0.24874883082669977,4.2295838738933105,53.05731201171875,37.08994674682617
03658.jpg,3.3357,0.46842995285987854,0.45675860773002636,0.9417240716254569,6.576845645904541,52.0168571472168,0.794261856401186,0.2861345123605938,3.6023786067962646,2.324732471787857,25.620620727539062,4.846380233764648,90.31912231445312,0.8519071936607361,0.6659644842147827,0.4116416573524475,0.041557058691978455,13.813552856445312,0.334148107950189,0.1469415747265233,-0.1961117684841156,0.0,0.21501953353767894,4.81734363131528,59.63275146484375,35.03329849243164
03674.jpg,3.3605,0.5611590147018433,0.47384792926025726,0.9061107006005501,4.943821907043457,97.60576629638672,0.7619205596371247,0.3244238638719687,4.5125837326049805,2.2404579508266753,35.01949691772461,9.039966583251953,76.91802215576172,0.7109975814819336,0.5148544907569885,0.49814915657043457,0.10083214938640594,9.964009284973145,0.3234709036096121,0.24258907721200196,-0.16896475851535797,0.0,0.3320521243259085,5.148339010033821,30.09979248046875,35.825347900390625
03681.jpg,3.3216,0.5541964173316956,0.17765767287536935,0.8609064050797869,7.756643056869507,46.37847900390625,0.8260254769135148,0.19972610626999984,2.272937297821045,0.8909193020526534,27.138574600219727,4.291211128234863,45.589839935302734,0.5050265192985535,0.809600830078125,0.18296252191066742,0.06286163628101349,12.016143798828125,0.2785974176449654,0.11383907615104154,-0.23626405000686646,0.0,0.09646076148953658,7.472802939084031,81.30535888671875,34.613853454589844
03682.jpg,3.3395,0.5738586187362671,0.22740653395076108,0.8795843068658576,7.372527360916138,51.5364990234375,0.8190120096936209,0.22290691942980415,2.654296398162842,1.1400868726861937,29.20490074157715,4.817617416381836,57.745174407958984,0.5820780992507935,0.6506735682487488,0.27614009380340576,0.06789886206388474,11.681374549865723,0.3083894467684012,0.13684487357060382,-0.21320226788520813,0.0,0.13893869787383342,6.895972518492442,78.68890380859375,37.652244567871094
03684.jpg,3.3346,0.5997371673583984,0.22719517119912916,0.8766548260614697,7.353116512298584,51.58366012573242,0.8194400016156713,0.22293725918270121,2.6752190589904785,1.1391988875844552,29.179826736450195,4.828649520874023,57.21944046020508,0.558412492275238,0.6037065982818604,0.23931792378425598,0.08099139481782913,10.91561222076416,0.3128454502351576,0.1262229524585437,-0.2255246937274933,0.0,0.1296717154572312,6.079875973884001,69.91375732421875,34.557586669921875
03697.jpg,3.3481,0.5582759380340576,0.3034067181744967,0.8774191945555655,6.544501304626465,77.88267517089844,0.7793920236764058,0.2828095129724158,3.7482800483703613,1.561455111488658,35.828025817871094,7.614397048950195,64.26161193847656,0.6361006498336792,0.9002647399902344,0.27900415658950806,0.07618467509746552,11.18132495880127,0.2995665034664128,0.14816170756673522,-0.1873045265674591,0.0,0.1685714044783545,5.129017381887783,37.53094482421875,37.23283386230469
03698.jpg,3.3624,0.5675302743911743,0.2513400006693929,0.8665524855290403,7.0238823890686035,71.40066528320312,0.7976058115900694,0.2735156552318832,3.2887401580810547,1.2959918483314876,35.05247116088867,6.8374128341674805,58.43565368652344,0.5757203102111816,0.8941327929496765,0.29285672307014465,0.07496335357427597,11.251510620117188,0.3124763142670946,0.14689638100732444,-0.18080516159534454,0.0,0.15964659187973412,6.587755281541656,48.69647216796875,34.77301025390625
03728.jpg,3.3286,0.5414913892745972,0.2447041354453065,0.8890457319423286,7.515636920928955,48.31240463256836,0.7819877746717462,0.20734736667846004,2.669989585876465,1.2462369430853855,26.978836059570312,4.554266929626465,63.670467376708984,0.6576604843139648,0.6893132328987122,0.22354233264923096,0.061873871833086014,12.084927558898926,0.2659184176495728,0.12602304500850742,-0.2320564091205597,0.0,0.12330622372682593,6.649342983547264,68.66668701171875,34.0701904296875
03729.jpg,3.289,0.5337406992912292,0.31198167631479334,0.9068382890950661,7.0266642570495605,52.56877136230469,0.7699463087525128,0.23826195283864043,3.1855504512786865,1.593017684410679,26.883739471435547,4.955988883972168,75.14580535888672,0.7267247438430786,0.6151447892189026,0.3058411478996277,0.061017103493213654,12.145484924316406,0.28168996786860107,0.14196752107369448,-0.2088075578212738,0.0,0.16743581511838587,5.076704069582052,68.08026123046875,31.088985443115234
03734.jpg,3.3093,0.5743060111999512,0.21896944565345922,0.8774434017099192,7.718552112579346,48.87866973876953,0.8197571481398526,0.20714123886693073,2.5254557132720947,1.121566417098819,26.39105987548828,4.3967204093933105,58.20240020751953,0.5929896831512451,0.7042849659919739,0.22558879852294922,0.07636801898479462,11.17088508605957,0.2975826420506913,0.12572523376157496,-0.2282964438199997,0.0,0.1245616433338279,7.242651070240644,65.83416748046875,35.703407287597656
03751.jpg,3.3043,0.588590145111084,0.35974554079098264,0.8985785878620406,6.259359359741211,56.3518180847168,0.7702406015090254,0.2662130953006526,3.5646629333496094,1.767080769124565,27.353599548339844,5.2071099281311035,62.53829574584961,0.6280412673950195,0.35068368911743164,0.30371910333633423,0.07493842393159866,11.252955436706543,0.3136844473592621,0.1412840765309661,-0.1907806396484375,0.0,0.16969863877731645,5.176222109450688,61.69744873046875,41.08158874511719
03753.jpg,3.3058,0.5703456401824951,0.4068962723391502,0.9073367925071594,5.9766035079956055,59.92879867553711,0.7662654444006995,0.285193238179495,3.818265438079834,1.9927553150910198,28.189319610595703,5.614301681518555,66.13733673095703,0.6685624122619629,0.3417045474052429,0.3608892261981964,0.06813447177410126,11.66633129119873,0.34390978432639513,0.14621753470007062,-0.184039905667305,0.0,0.1944855340238404,5.488591140050233,62.87762451171875,41.20630645751953
03771.jpg,3.2907,0.5499089956283569,0.3330408197619168,0.8993083895520394,6.645103931427002,66.72473907470703,0.7756553074312565,0.28561574004814105,3.480410099029541,1.686110874316661,30.713878631591797,6.096281051635742,62.15240478515625,0.6536960601806641,0.4710828959941864,0.26724258065223694,0.05985451862215996,12.229031562805176,0.295147943546229,0.12776083986065276,-0.18256758153438568,0.0,0.15068815963155302,6.015912889804588,56.28240966796875,39.052574157714844
03778.jpg,3.2911,0.5779459476470947,0.42699020816167355,0.9104809928707391,5.530317783355713,61.36980438232422,0.788604498280265,0.2800129508690974,3.8453831672668457,2.0016742673355408,28.144704818725586,5.749203205108643,81.45877075195312,0.7128496766090393,0.3687242865562439,0.4272992014884949,0.09952015429735184,10.020889282226562,0.33484269529406935,0.17756818544390288,-0.19377750158309937,0.0,0.25487847076560505,4.627328367972519,56.51751708984375,41.22173309326172
03789.jpg,3.255,0.47377946972846985,0.5029983834876157,0.9392330200550942,5.35349178314209,53.51470184326172,0.7963431633981393,0.3011033144200616,3.7026398181915283,2.277619017376396,26.674890518188477,4.96996545791626,97.99977111816406,0.8385690450668335,0.4062596559524536,0.47879430651664734,0.06741897761821747,11.712178230285645,0.3677485937440758,0.14572057194208934,-0.20723682641983032,0.0,0.28131196158840116,6.172578824831436,53.82244873046875,36.76155090332031
03793.jpg,3.239,0.5259954929351807,0.46752777662945366,0.9253678155423142,5.247071743011475,61.95625305175781,0.7798153864536391,0.3021502411332635,3.8977160453796387,2.1377297472053707,27.699880599975586,5.708788871765137,89.78173065185547,0.7799617052078247,0.3689942955970764,0.5165504813194275,0.08737828582525253,10.585966110229492,0.36425241058602786,0.1629963512570265,-0.19625717401504517,0.0,0.3119879107725428,3.87390865183343,52.66741943359375,40.15829849243164
03805.jpg,3.2634,0.5685087442398071,0.3344152260380892,0.9049991316362271,6.401886224746704,64.59722137451172,0.7766173221804875,0.2605740687669779,3.4656481742858887,1.6499330348385044,30.17028045654297,6.0626115798950195,69.0839614868164,0.6705257892608643,0.38855499029159546,0.2920312285423279,0.06352576613426208,11.970500946044922,0.29752891777468443,0.1521477243237662,-0.18634222447872162,0.0,0.15661641802354206,6.200202911695047,39.65545654296875,37.008094787597656
03812.jpg,3.2917,0.6187808513641357,0.16939090562753123,0.8740067988444262,7.50154447555542,40.720645904541016,0.8248030662466813,0.19870844054062392,2.1237332820892334,0.8152203886678047,23.873672485351562,3.538848400115967,43.396793365478516,0.47983884811401367,0.3701278567314148,0.2065000981092453,0.09833981096744537,10.072707176208496,0.2758405511615279,0.12057529771375759,-0.23486460745334625,0.0,0.11210140361095026,10.057914316578238,71.67205810546875,39.087806701660156
03815.jpg,3.2376,0.6061995029449463,0.154789080798565,0.869378175948436,7.353879451751709,36.52088165283203,0.8336413236609492,0.19756328698113437,1.9893208742141724,0.7231155786088754,23.062135696411133,3.12288498878479,35.68619918823242,0.40678250789642334,0.36795490980148315,0.16754278540611267,0.08123892545700073,10.902358055114746,0.2777103223010461,0.09838575701201385,-0.24014556407928467,0.0,0.09125092914904663,14.143012393406915,75.95477294921875,37.910606384277344
03825.jpg,3.2798,0.5777620673179626,0.34160708093918923,0.902812525521783,6.439011335372925,61.242069244384766,0.7969817848309945,0.26544559095156595,3.4326248168945312,1.6861167263271852,29.259336471557617,5.728647232055664,65.46849822998047,0.6486065983772278,0.3564310073852539,0.2684187889099121,0.07082004100084305,11.498437881469727,0.31913246961310543,0.14130301234120327,-0.19009098410606384,0.0,0.15241528455711503,5.312185760756003,69.05950927734375,40.14177703857422
03827.jpg,3.3588,0.5908876657485962,0.27900831980861074,0.8907849680827563,6.61076021194458,51.620697021484375,0.8054137534050894,0.2453133940359079,3.103330612182617,1.3551611659100464,26.390214920043945,4.800907135009766,52.63407516479492,0.5723428726196289,0.3409985303878784,0.28091496229171753,0.07675467431545258,11.148950576782227,0.3125031670902185,0.12952778441622095,-0.20205140113830566,0.0,0.14949227714346247,5.154358472916114,76.72918701171875,38.16748809814453
03831.jpg,3.2611,0.6032955646514893,0.19923962641327764,0.8781143252177653,7.164573669433594,45.53771209716797,0.8184047193930379,0.23566668735097857,2.5654375553131104,0.969305551998974,25.405466079711914,4.026658535003662,46.36160659790039,0.501430332660675,0.41077885031700134,0.23499885201454163,0.07906856387853622,11.019962310791016,0.31705267296277456,0.11678222855401606,-0.21772217750549316,0.0,0.12796126975460484,9.134805307314277,65.03485107421875,35.47221755981445
03842.jpg,3.2717,0.5078266263008118,0.3312256644558597,0.9115027568934637,7.255935907363892,53.563690185546875,0.8094837150540695,0.2567973538266143,2.740102529525757,1.6554785132970906,30.894861221313477,4.849035263061523,67.73294067382812,0.7281286716461182,0.6514779329299927,0.3299381732940674,0.044405851513147354,13.525598526000977,0.3244752915785969,0.12035834591246869,-0.206208735704422,0.0,0.16435705013612126,8.140954219340596,71.44500732421875,41.09661865234375
03847.jpg,3.2947,0.45630526542663574,0.4876888606357209,0.944436398873718,6.825595855712891,53.75932693481445,0.7786740633180035,0.25578709148102285,3.116393566131592,2.4243077075409127,29.175537109375,4.782130241394043,87.8095932006836,0.8543263673782349,0.5975254774093628,0.4087746739387512,0.035154588520526886,14.540180206298828,0.35178658773084814,0.12813477646402782,-0.20305907726287842,0.0,0.20386121541746355,7.270840973981934,69.41229248046875,43.324893951416016
03849.jpg,3.2689,0.4643935561180115,0.4405662650061925,0.9359478760814505,6.901059150695801,59.10793685913086,0.7842383964368331,0.262845543667913,3.1245241165161133,2.208475035587049,32.219661712646484,5.320943832397461,86.2047119140625,0.8383058905601501,0.7158585786819458,0.3658912181854248,0.03719475120306015,14.295183181762695,0.3443760159863831,0.12136573470003721,-0.2063436508178711,0.0,0.18847727916352047,7.3091785741493345,65.26556396484375,42.20152282714844
03854.jpg,3.2905,0.5018985271453857,0.31884949011782804,0.9092287641431215,7.036424160003662,70.80039978027344,0.786199221866114,0.25239514422105797,3.2004189491271973,1.6320119914653297,37.14562225341797,6.851988792419434,71.8435287475586,0.7517832517623901,0.793593168258667,0.24554045498371124,0.04366833716630936,13.598335266113281,0.3045374723041403,0.1409783362130965,-0.20566362142562866,0.0,0.13763065407627445,6.766400664198108,69.30096435546875,39.15245819091797
03873.jpg,3.2964,0.5132850408554077,0.32407243319554224,0.8811371841302966,6.29738712310791,62.46365737915039,0.7954798634105498,0.28848623271639884,3.4400510787963867,1.5778235128960585,29.950891494750977,5.664569854736328,49.980682373046875,0.6089107990264893,0.7780979871749878,0.28855210542678833,0.04889693111181259,13.107183456420898,0.3251819379099368,0.10795930255754402,-0.17170535027980804,0.0,0.15699608173838808,5.493260660987559,63.57366943359375,43.11449432373047
03879.jpg,3.2587,0.5158339738845825,0.26955205267953464,0.8788388391854963,6.858187913894653,53.340274810791016,0.8046822133251795,0.25402626114384336,2.795501232147217,1.3010908206847196,28.061824798583984,4.74345064163208,48.671669006347656,0.5918754935264587,0.7742805480957031,0.2431965470314026,0.04898808151483536,13.099096298217773,0.31735386421507844,0.10956543753856432,-0.2015627920627594,0.0,0.13157542527009417,7.088416355599818,66.30828857421875,44.028594970703125
03887.jpg,3.2949,0.5381657481193542,0.4480154033167423,0.8856218209661798,5.626296043395996,62.57216262817383,0.7545052323267298,0.3015746106416957,4.093828201293945,2.177391144516962,29.259662628173828,5.849832534790039,55.40454864501953,0.6301230192184448,0.7794029712677002,0.31919705867767334,0.057233087718486786,12.423528671264648,0.2947923409796718,0.09490611004562055,-0.17041146755218506,0.0,0.16925673028892124,4.408546360291247,63.42889404296875,44.83943176269531
03900.jpg,3.3999,0.47490906715393066,0.3853871885700362,0.9218271480691843,7.155958414077759,54.29121780395508,0.7869353589553514,0.2629051417011521,3.044154167175293,1.9655034361632255,30.070539474487305,4.85864782333374,78.32343292236328,0.7971048355102539,0.7693735957145691,0.3691486418247223,0.041434042155742645,13.826427459716797,0.33764912204389197,0.11295340397632918,-0.19939734041690826,0.0,0.18794041602364508,9.245730091358773,72.34783935546875,43.422630310058594
03909.jpg,3.3171,0.5175701975822449,0.2932605189393897,0.8967162738266193,7.439600706100464,52.00211715698242,0.809264172407416,0.26429228164160046,2.7029213905334473,1.48720610270317,28.984725952148438,4.604629039764404,65.22885131835938,0.6910167932510376,0.7823922038078308,0.36380016803741455,0.05064132437109947,12.954950332641602,0.3404914887956926,0.11984725027151738,-0.19985216856002808,0.0,0.17736017796818904,10.411098430206328,69.36322021484375,37.583553314208984
03911.jpg,3.319,0.5263465046882629,0.2891159951116247,0.8907919459666489,7.261905670166016,59.53020095825195,0.8097657117454762,0.27329869757128267,2.8782811164855957,1.4658503639200076,31.573686599731445,5.33071756362915,65.02497100830078,0.6755317449569702,0.8276009559631348,0.36101818084716797,0.05419675633311272,12.660266876220703,0.34033689249461907,0.1174657297770582,-0.1913086175918579,0.0,0.17765000879272513,8.977681062389687,67.52435302734375,40.539306640625
03913.jpg,3.3182,0.5196810960769653,0.27764807680548187,0.8944255993449223,7.5221686363220215,52.38077926635742,0.8154364250673516,0.25965885179612336,2.5856382846832275,1.403211696983532,29.43952178955078,4.634463310241699,63.60264587402344,0.681613028049469,0.7931362986564636,0.3547537326812744,0.05026805400848389,12.987079620361328,0.33824454519193814,0.11595319767185938,-0.20233482122421265,0.0,0.17224696851366142,11.669194831785589,72.56561279296875,39.04479217529297
03920.jpg,3.307,0.5643805265426636,0.4214062740834416,0.8985172853465854,5.5142316818237305,83.76539611816406,0.7587049929815837,0.31880523543066974,4.335948944091797,2.075471602110813,35.94283676147461,7.867551326751709,65.48497772216797,0.6656191349029541,0.5493058562278748,0.3229168653488159,0.06836125999689102,11.651899337768555,0.303551840226663,0.14476456537613822,-0.1549166738986969,0.0,0.17973851983124078,4.6214439384699375,56.47015380859375,43.50303649902344
03921.jpg,3.3216,0.5694020986557007,0.4146651558161949,0.9027140641362273,5.515260696411133,84.47367858886719,0.7610788259104115,0.32626922385824014,4.309015274047852,2.036900115690825,36.354454040527344,7.970065593719482,65.83522033691406,0.6634867191314697,0.42528200149536133,0.3327866792678833,0.07012522220611572,11.541257858276367,0.3028406442457189,0.1515794714078115,-0.14819860458374023,0.0,0.18634738591151218,4.334990445299999,60.20965576171875,47.03980255126953
03924.jpg,3.314,0.5777612328529358,0.31471511306665495,0.8875485613284722,6.295589923858643,73.11082458496094,0.7849197546815738,0.2986334232288216,3.679445266723633,1.5696530120140828,34.369903564453125,6.816859722137451,58.140220642089844,0.6037517189979553,0.5388108491897583,0.2917552888393402,0.07310307025909424,11.360644340515137,0.30262432019130986,0.1315863186826957,-0.16970449686050415,0.0,0.16051201286468753,5.508642688404069,62.42059326171875,44.2024040222168
03930.jpg,3.3483,0.5753829479217529,0.24990958508167885,0.8746140466248471,6.806264877319336,66.86651611328125,0.7900210847618585,0.28141436023604516,3.224684476852417,1.2534198172197435,32.810951232910156,6.136569499969482,54.23837661743164,0.559615969657898,0.66155606508255,0.23729275166988373,0.07169774919748306,11.444945335388184,0.2748250133685865,0.11041243223735726,-0.1808445006608963,0.0,0.1305610978941052,8.692907933639994,64.48211669921875,40.99945831298828
03938.jpg,3.369,0.5564422011375427,0.37047350183418065,0.8964705431901356,6.268820285797119,81.91878509521484,0.7848176280336142,0.3038767869431623,3.8021538257598877,1.8655214410207188,36.23772430419922,7.510044574737549,70.69098663330078,0.6775358319282532,0.6647735238075256,0.27319273352622986,0.06391873955726624,11.943717956542969,0.30262098686838607,0.13327748053262026,-0.16726066172122955,0.0,0.15028693539815907,5.85319038008579,60.87127685546875,42.69908905029297
03946.jpg,3.3443,0.544958233833313,0.41935272717033184,0.9021690154972792,5.545185089111328,78.75102996826172,0.7548830101338332,0.3185794887352359,4.437313079833984,2.0931017628979873,34.3603630065918,7.464545726776123,63.06983184814453,0.6830472946166992,0.5714784264564514,0.37584900856018066,0.058655135333538055,12.316940307617188,0.3171377300011711,0.12793771183753103,-0.1460770070552826,0.0,0.20249871163176214,8.744709001757327,61.79071044921875,43.52207565307617
03947.jpg,3.326,0.5617643594741821,0.4164025848190914,0.8992137221260731,5.517730236053467,76.30638885498047,0.7607951274863358,0.315650176966276,4.34605598449707,2.053660705291799,33.36579513549805,7.212672233581543,61.137481689453125,0.6543760299682617,0.5029393434524536,0.3765663802623749,0.0643002986907959,11.917869567871094,0.3290463299146021,0.13433599810391678,-0.15027761459350586,0.0,0.20499596260999395,5.424193935080294,61.80926513671875,45.74550247192383
03955.jpg,3.3343,0.5880063772201538,0.30264116449865625,0.8824077973284864,6.254807710647583,55.747806549072266,0.7800139343361814,0.26997332962952336,3.390166759490967,1.4594887731198618,27.72946548461914,5.085639953613281,47.680381774902344,0.540277361869812,0.45570701360702515,0.22692838311195374,0.07424140721559525,11.293539047241211,0.2836205954313694,0.10325937483176652,-0.19101910293102264,0.0,0.12541239803959411,6.170895552910273,59.00213623046875,41.226661682128906
03979.jpg,3.2955,0.5472623705863953,0.33915479941438814,0.9027861018176516,6.607844114303589,74.63445281982422,0.7937527483977513,0.292334731038754,3.6072428226470947,1.7322539856486907,34.324485778808594,6.877326965332031,72.7862777709961,0.7053982019424438,0.60500568151474,0.31412211060523987,0.06426679342985153,11.920133590698242,0.3177147720938324,0.1379967206709332,-0.17180511355400085,0.0,0.17504707729592628,5.847417150995085,61.60369873046875,44.878501892089844
03982.jpg,3.2863,0.5469470024108887,0.3978852260012861,0.9117299350720192,6.268377780914307,75.41567993164062,0.7853371835733057,0.3025811847170513,3.8705356121063232,2.0170691919471064,33.93517303466797,6.9280924797058105,77.13473510742188,0.727790355682373,0.5074667930603027,0.33692678809165955,0.06571588665246964,11.823296546936035,0.3265059991340067,0.13791528446291812,-0.1678907424211502,0.0,0.19155981618067108,5.480127407074886,57.28436279296875,44.63991928100586
03987.jpg,3.266,0.5509399771690369,0.34762256493577487,0.9081986080304685,6.941206216812134,57.650856018066406,0.7911501273409339,0.2767077502827573,3.2135515213012695,1.7650179425583445,30.108707427978516,5.236030578613281,73.61063385009766,0.7056217193603516,0.4490901529788971,0.31318560242652893,0.06684155017137527,11.74953556060791,0.31707203107530857,0.114277987804378,-0.19344601035118103,0.0,0.17097399674303818,6.88533407855855,68.48822021484375,41.908363342285156
03994.jpg,3.2834,0.5689037442207336,0.33636891380148326,0.8991683213376056,6.662576675415039,65.72077178955078,0.7927935383374343,0.28346548426119383,3.4220690727233887,1.6960868934371227,32.41664505004883,6.042722702026367,68.89997863769531,0.6615462303161621,0.49153444170951843,0.29975801706314087,0.07051939517259598,11.516915321350098,0.32301629988006586,0.12781134128208005,-0.1784820705652237,0.0,0.16233739665814886,6.423330277736659,67.44207763671875,43.314369201660156
03996.jpg,3.2593,0.5797836184501648,0.29029803056163994,0.8880357209694273,6.679841995239258,67.37139129638672,0.8039863548405801,0.2802893282331911,3.325089931488037,1.4522113881711167,33.093013763427734,6.184847831726074,61.64583206176758,0.6087961792945862,0.5405187606811523,0.2853727340698242,0.07209956645965576,11.420674324035645,0.32709011594629883,0.12522677790676517,-0.1762126237154007,0.0,0.15234446531320445,6.845183909791511,63.96844482421875,42.570762634277344
03998.jpg,3.3025,0.5800750255584717,0.29186910709651953,0.8883655991478103,6.662964820861816,67.65229034423828,0.8060871724599848,0.28041268667586267,3.3276095390319824,1.457975388931156,33.30937957763672,6.208970546722412,61.114620208740234,0.6050095558166504,0.5265260934829712,0.29348650574684143,0.07178682833909988,11.439553260803223,0.3317067484527987,0.12172979967144232,-0.17628026008605957,0.0,0.1560652954218877,6.710050338477545,64.86248779296875,40.39106750488281
04001.jpg,3.3092,0.524246096611023,0.44357765549526845,0.9132085561695814,5.466813087463379,73.93021392822266,0.751749910504072,0.2863914930645012,4.158359527587891,2.1347639317681164,32.14384460449219,6.8732476234436035,82.84907531738281,0.7686643600463867,0.6183934807777405,0.4243927299976349,0.0753975659608841,11.226426124572754,0.3505313272398296,0.15139773626898453,-0.17918001115322113,0.0,0.22881468970887123,5.692849958471846,61.31146240234375,39.632591247558594
04003.jpg,3.335,0.5481534004211426,0.3175002454194104,0.9031920791138343,6.548786640167236,67.885498046875,0.7696771606539773,0.25873364343433247,3.346259117126465,1.5708456444984629,33.74690246582031,6.625720500946045,61.1638069152832,0.6577401161193848,0.5803259015083313,0.271291583776474,0.049986593425273895,13.011465072631836,0.26792493014863045,0.18291997106432994,-0.18979725241661072,0.0,0.14573502198539998,6.415458684787632,75.15814208984375,41.90770721435547
04011.jpg,3.3065,0.5400938391685486,0.3770128219846771,0.9137604609811925,6.255995035171509,88.15953063964844,0.7637157853911556,0.29723391619905126,3.80763840675354,1.8970663062227544,40.251304626464844,8.650080680847168,68.47418212890625,0.7127955555915833,0.5388180017471313,0.3284314274787903,0.0472986102104187,13.25151538848877,0.2764074564864818,0.22154089146923464,-0.1590597927570343,0.0,0.17377290300382148,7.559100793016945,71.69989013671875,45.32574462890625
04012.jpg,3.3433,0.48922979831695557,0.39675940890502503,0.9232497472012728,6.50008225440979,100.90950775146484,0.7803002303481763,0.28673228206077267,3.655135154724121,2.0145963916630496,50.010223388671875,10.366069793701172,75.65946960449219,0.7974579334259033,0.7651649713516235,0.3425445556640625,0.03687072545289993,14.333183288574219,0.28682664681910586,0.2118299262869465,-0.16524091362953186,0.0,0.1805732979255476,6.988584483844653,97.42596435546875,48.08421325683594
04013.jpg,3.3214,0.5164598822593689,0.5134339424838705,0.9246934346038527,4.864494800567627,106.18791198730469,0.7272977077656868,0.3850262800416711,5.0793538093566895,2.5527638916353794,40.77760314941406,10.530954360961914,74.38492584228516,0.7772010564804077,0.5469386577606201,0.4138736426830292,0.05170159041881561,12.864961624145508,0.3381916006338243,0.18394037918640913,-0.11961546540260315,0.0,0.2242926776474901,4.348970855264555,36.88055419921875,39.859169006347656
04023.jpg,3.3074,0.4376721680164337,0.589150758559645,0.9487868426100796,5.372271537780762,61.597103118896484,0.7562008249390995,0.32279116663861196,4.055049896240234,2.777067650817089,30.062576293945312,5.810836315155029,96.34304809570312,0.8730839490890503,0.5459463596343994,0.523781955242157,0.04557650536298752,13.412590026855469,0.3643394742479945,0.1383566031605652,-0.19432729482650757,0.0,0.275629403725169,4.938238551344144,65.97821044921875,35.830631256103516
04034.jpg,3.3158,0.5348339676856995,0.43641604509102083,0.9144630747529562,5.686742305755615,94.08106994628906,0.7573369026692961,0.3553414256891192,4.492799758911133,2.221265820062829,39.16172790527344,9.289664268493652,74.0986328125,0.7397302389144897,0.6091396808624268,0.35958489775657654,0.05542346090078354,12.56306266784668,0.34167647350361896,0.14881946973601665,-0.13553111255168915,0.0,0.1936636650779243,5.924666957921171,25.57708740234375,36.885948181152344
04041.jpg,3.2851,0.5603954195976257,0.4960682966956007,0.9152799858203252,4.810088157653809,77.44432067871094,0.7420857036910905,0.31483949448304277,4.721986293792725,2.3642892228730013,33.24540710449219,7.645218849182129,79.3822250366211,0.7221584320068359,0.43964874744415283,0.46274876594543457,0.08230400085449219,10.845789909362793,0.36363647564793183,0.18762094124686882,-0.17102688550949097,0.0,0.28063679054173596,4.350883890693673,50.95916748046875,34.3006591796875
04051.jpg,3.2996,0.5439020395278931,0.3824660240012782,0.9153131207488486,6.235999584197998,94.87977600097656,0.76284603911046,0.2896268527809718,3.8104867935180664,1.9212267265477792,44.62010192871094,9.577818870544434,71.51502990722656,0.7263420820236206,0.5549269914627075,0.33704519271850586,0.04710917919874191,13.268945693969727,0.2725568586042537,0.2363075212532453,-0.15906831622123718,0.0,0.1803844041462797,7.943867476333635,80.97943115234375,43.18592834472656
04052.jpg,3.2805,0.4916670322418213,0.6023715184127945,0.9387596829342331,4.632236480712891,75.33281707763672,0.721625756190224,0.35117396420260366,4.978845119476318,2.894732086107025,30.608673095703125,7.447530269622803,84.69579315185547,0.8185436725616455,0.47174564003944397,0.4617082178592682,0.05497714877128601,12.59817886352539,0.3458861754307686,0.19379893341255922,-0.16929879784584045,0.0,0.2526898111046043,3.7359150179351683,54.32928466796875,35.39775085449219
04062.jpg,3.299,0.5227113962173462,0.41870659518773545,0.894507604841736,5.257237434387207,86.54386138916016,0.7642335022863496,0.3390158998256588,4.577239990234375,2.0588878372853596,38.333744049072266,8.696290969848633,53.49378967285156,0.669776201248169,0.7646293044090271,0.29973000288009644,0.04529205709695816,13.439779281616211,0.33842763784013774,0.1383017322295774,-0.14258943498134613,0.0,0.16613437061689915,4.101282381302977,63.07342529296875,38.39401626586914
04066.jpg,3.3051,0.563079297542572,0.2619911490412315,0.8965833613292524,7.023438453674316,50.95707702636719,0.8001568854661145,0.23111437067450036,2.3546342849731445,1.228490864321671,31.93399429321289,4.677767753601074,60.60951614379883,0.6293413043022156,0.5623131394386292,0.2412438988685608,0.054504428058862686,12.635683059692383,0.289348837704431,0.1271220575637821,-0.22347356379032135,0.0,0.12735889548182505,9.281788889913411,84.39324951171875,40.6141357421875
04067.jpg,3.2766,0.532673716545105,0.5287761658227331,0.9233138031018707,5.143857955932617,79.44942474365234,0.7466637416493878,0.3541418026964698,4.7044525146484375,2.6037855938905974,32.40974044799805,7.6620378494262695,77.13111877441406,0.7555681467056274,0.499362975358963,0.43599963188171387,0.06095448508858681,12.149944305419922,0.35264778136543085,0.1711619709415183,-0.15614356100559235,0.0,0.23553892195281043,4.24368315186301,51.27264404296875,39.01844787597656
04074.jpg,3.2844,0.5193144679069519,0.4002070089423313,0.9160657713105422,6.182575702667236,96.7330551147461,0.7479888690232696,0.34728296397131697,4.151474952697754,2.067887221346103,43.2225341796875,9.2134428024292,80.14234161376953,0.7696508765220642,0.7570760846138,0.36595016717910767,0.047683753073215485,13.21629524230957,0.30563561174989895,0.1369348103889457,-0.12807831168174744,0.0,0.19208820428715567,5.99084503359055,61.05731201171875,49.120811462402344
04083.jpg,3.3075,0.5237846374511719,0.36905090885106573,0.8919075845055211,5.41079044342041,85.0610580444336,0.7500824186131757,0.33403152047053175,4.673223495483398,1.8607640937634091,36.95269012451172,8.616443634033203,57.29150390625,0.6822459697723389,0.8471322059631348,0.35945767164230347,0.05240339785814285,12.806406021118164,0.3762788011374619,0.1381746608337421,-0.14058926701545715,0.0,0.19553424715924997,5.867715484845673,30.29608154296875,38.14863586425781
04089.jpg,3.2837,0.49647340178489685,0.49140434880998296,0.9230129305835493,5.106069087982178,105.66642761230469,0.7415742501556092,0.3734945580834768,4.924977779388428,2.4646590379669373,40.64616012573242,10.076584815979004,85.517822265625,0.8068742752075195,0.8062527775764465,0.44611215591430664,0.05226963385939598,12.817505836486816,0.3346825916653328,0.15373065479890655,-0.13270911574363708,0.0,0.24944258621636706,4.479658759112244,51.55731201171875,45.951087951660156
04093.jpg,3.2797,0.5515867471694946,0.4247587239791802,0.9136562003185394,5.8500542640686035,80.77082824707031,0.7557340166712477,0.334249170970188,4.212172508239746,2.1370172732675865,35.68238067626953,7.893022537231445,72.4988784790039,0.7135664224624634,0.4073462188243866,0.33639949560165405,0.06220994517207146,12.0614013671875,0.3301240364997245,0.15395129548795258,-0.1470581293106079,0.0,0.17726754116907437,5.525258361498971,23.19281005859375,40.205753326416016
04098.jpg,3.2992,0.561434805393219,0.27680573043434964,0.8864219870791592,6.764094352722168,56.02482604980469,0.7951911708065532,0.27093181972848246,3.0879926681518555,1.3635622065174866,29.70750617980957,5.12990140914917,57.258697509765625,0.599037766456604,0.6550243496894836,0.26218968629837036,0.05530315637588501,12.572502136230469,0.3051049195257861,0.11898605219149906,-0.19361644983291626,0.0,0.1413078126234529,7.670065924068184,69.43402099609375,41.67266082763672
04103.jpg,3.2814,0.5202486515045166,0.26877594151453504,0.8887018546304546,7.003540515899658,67.4445571899414,0.8104470692987585,0.24900877724155454,2.6988048553466797,1.3038834892884443,39.35926818847656,6.705486297607422,54.980770111083984,0.6375739574432373,0.7649695873260498,0.23757518827915192,0.04415592923760414,13.550110816955566,0.2921380556320055,0.14472428313461083,-0.20637139678001404,0.0,0.12593071242314713,11.001442856552295,88.97332763671875,48.82588577270508
04107.jpg,3.299,0.5608441829681396,0.3403115787427375,0.8777948618696277,5.632532119750977,97.15060424804688,0.756222324164303,0.3648043333148379,4.339133262634277,1.6967427861341964,40.69077682495117,9.593351364135742,49.309688568115234,0.5519755482673645,0.6850522756576538,0.30838078260421753,0.05967845022678375,12.241825103759766,0.3134722649790905,0.16514787702650308,-0.11344002187252045,0.0,0.1611888428669521,5.297662800502333,57.22015380859375,47.092132568359375
04115.jpg,3.2772,0.5136147737503052,0.5131441545080087,0.930047140782563,5.265037536621094,84.32962799072266,0.7464902839591042,0.3525402688595883,4.61350154876709,2.534566888754565,35.30546569824219,8.003345489501953,87.36543273925781,0.8032046556472778,0.5764294862747192,0.43163132667541504,0.051974907517433167,12.842062950134277,0.33685764084831105,0.15591231369277966,-0.1530614197254181,0.0,0.2335960697586845,3.8991379293702453,49.70672607421875,39.439788818359375
04119.jpg,3.3447,0.5507813692092896,0.3619221154023349,0.8852189034534106,5.492640018463135,77.93643951416016,0.759464861827432,0.34208249670623575,4.380796432495117,1.7867142170510348,34.94431686401367,7.762150287628174,47.92041015625,0.6028008460998535,0.7198211550712585,0.3174086809158325,0.05317077040672302,12.743271827697754,0.33437155637234817,0.15538239124553666,-0.13920900225639343,0.0,0.16327572967219736,5.2039337042039895,22.72528076171875,37.091461181640625
04120.jpg,3.3111,0.5200897455215454,0.43653239374055086,0.9117600434713424,5.534567832946777,73.31239318847656,0.7468865028058029,0.2879068939355731,4.19545316696167,2.123742721531765,31.985397338867188,6.832638740539551,82.50382232666016,0.7690248489379883,0.6962764859199524,0.4118008613586426,0.06963539123535156,11.571701049804688,0.34188500413208217,0.1392904230890635,-0.1721898466348648,0.0,0.2192814082035201,4.93121707512596,61.71331787109375,42.35908508300781
04134.jpg,3.3382,0.5175365209579468,0.2411079416813816,0.8867062035240265,6.967108726501465,58.337547302246094,0.8068058122974919,0.23379014606633092,2.5631885528564453,1.148919622219129,34.545780181884766,5.628397464752197,49.863067626953125,0.5989186763763428,0.6633617877960205,0.19210860133171082,0.044081345200538635,13.557452201843262,0.28021271841340956,0.12500831115508731,-0.21347269415855408,0.0,0.10518658182736793,11.238656551455145,85.72723388671875,44.93699645996094
04136.jpg,3.2947,0.5553131699562073,0.3559847225923508,0.9009535573712312,5.91700553894043,98.71737670898438,0.7664420427080271,0.3234044542516418,4.044775009155273,1.773127432019587,43.15371322631836,9.67510986328125,67.31523895263672,0.6732019186019897,0.6447864770889282,0.31384074687957764,0.05384756252169609,12.688339233398438,0.2917295039771393,0.2022442720115737,-0.14324983954429626,0.0,0.16770313026545297,6.236960243152537,70.40643310546875,45.17460632324219
04137.jpg,3.3052,0.5287925004959106,0.37297130233851045,0.8894866457804403,5.410333156585693,86.86688232421875,0.7473514010921135,0.33711593892610026,4.72138786315918,1.8894274615065676,37.44639587402344,8.79720401763916,58.1057014465332,0.6704314947128296,0.8551275730133057,0.36663222312927246,0.054311603307724,12.651073455810547,0.38109246244616723,0.13733545452671203,-0.13626424968242645,0.0,0.19764510164460927,5.03415143517845,28.80145263671875,38.06898498535156
04162.jpg,3.2921,0.490948885679245,0.5778998627903807,0.9370642427068554,4.487532615661621,100.51069641113281,0.7444880795873754,0.3388659522136355,4.916444301605225,2.717289134101307,38.4432373046875,9.795513153076172,86.86550903320312,0.8196955919265747,0.5368616580963135,0.5309855937957764,0.05953117460012436,12.252555847167969,0.3449697604022332,0.23999402701668818,-0.15323692560195923,0.0,0.330796587867557,4.309030814880806,43.75482177734375,42.979923248291016
04174.jpg,3.2799,0.49053704738616943,0.5777271898740087,0.9327169843976164,4.899420261383057,82.29686737060547,0.7382535633705961,0.350535825054564,4.751407146453857,2.7877832910667752,33.23466491699219,8.003753662109375,78.40782165527344,0.7981913089752197,0.3713817596435547,0.4921858310699463,0.0635799691081047,11.966796875,0.37116574804215247,0.1911282605236672,-0.17036062479019165,0.0,0.26752358008431554,4.91565361275303,62.65301513671875,41.24437713623047
04184.jpg,3.3256,0.5543599128723145,0.4284320763095784,0.885933639463915,4.871225357055664,79.05615234375,0.7370994113320121,0.36204575912638853,4.732577800750732,2.05729647626835,33.05892562866211,7.917018413543701,44.53555679321289,0.5851212739944458,0.6823865175247192,0.3300110101699829,0.05730322748422623,12.418208122253418,0.3227685738906923,0.15008045437048026,-0.13687771558761597,0.0,0.17489070366656786,4.217068289404634,66.78631591796875,49.08943557739258
04199.jpg,3.313,0.5636225342750549,0.2645871510637218,0.8718341292000809,6.244006395339966,74.4825439453125,0.7758217988753562,0.30297573932346716,3.660874605178833,1.3103569566998088,34.31101989746094,7.065807342529297,47.69297409057617,0.534451425075531,0.7189823985099792,0.24523475766181946,0.057769082486629486,12.38304615020752,0.2886876112323529,0.1408700574731374,-0.159749373793602,0.0,0.13674912996534827,6.075810748427648,57.52069091796875,37.24774169921875
04211.jpg,3.2881,0.537426233291626,0.3894195990531366,0.8946046149127186,5.339378356933594,114.26305389404297,0.7553192470149674,0.36734310006071136,4.651845455169678,1.945396349280836,44.882938385009766,11.30463695526123,59.59327697753906,0.6566721796989441,0.6624804735183716,0.32017630338668823,0.053049180656671524,12.753213882446289,0.3050918726190625,0.1840350798375278,-0.10813282430171967,0.0,0.17616876615195443,5.653137605369771,62.04071044921875,47.33183288574219
04233.jpg,3.2906,0.5455517172813416,0.3637700642623016,0.909882623535892,6.2432849407196045,86.83291625976562,0.7644408495793993,0.3140259319184684,3.788074493408203,1.8245608645991416,41.191532135009766,8.632708549499512,67.59832763671875,0.6979372501373291,0.5687961578369141,0.31137028336524963,0.04913761839270592,13.085860252380371,0.2772808853640708,0.19975750140389134,-0.15973395109176636,0.0,0.16504486829450818,7.426426355145462,76.33612060546875,42.788909912109375
04247.jpg,3.284,0.49246150255203247,0.5025843824036301,0.9332599728516656,5.869053363800049,76.74855041503906,0.7790120006862652,0.3196446513414962,4.085039138793945,2.501394949803455,34.569644927978516,7.268823623657227,90.44287872314453,0.8182842135429382,0.5803256034851074,0.38940906524658203,0.05686990171670914,12.451175689697266,0.34563844696401314,0.14374615047699307,-0.1823066771030426,0.0,0.22407118204744675,5.3602052894862195,56.20794677734375,39.40522384643555
04263.jpg,3.2811,0.4644286036491394,0.5382789338668521,0.9340961714868249,4.757808685302734,88.33126068115234,0.7326124797444306,0.3508355923345103,4.919085502624512,2.6044442440921554,36.311954498291016,8.571346282958984,86.0134506225586,0.8386693596839905,0.7704983949661255,0.5127884149551392,0.05337582528591156,12.726553916931152,0.3493129567886054,0.19145526291064277,-0.15617963671684265,0.0,0.2752114165865854,4.071511061776933,56.88641357421875,35.93841552734375
04273.jpg,3.3057,0.542910099029541,0.3716147156022044,0.8881299385756998,5.504153728485107,118.72640228271484,0.7603664797327915,0.37021309645487804,4.5637664794921875,1.870700410936049,46.1137809753418,11.675003051757812,56.91925811767578,0.6248994469642639,0.7136964797973633,0.3100818395614624,0.05279959738254547,12.773694038391113,0.3011267619322201,0.1964116051385356,-0.10483404994010925,0.0,0.16832695526658215,5.965978695808898,61.94232177734375,53.0511474609375
04280.jpg,3.2598,0.5530248880386353,0.391495570891815,0.8777347822196067,5.110318183898926,82.10735321044922,0.7359680944795471,0.3516723306387984,4.6518354415893555,1.9109273022346702,34.76722717285156,8.207281112670898,44.38035583496094,0.5631154775619507,0.7520459294319153,0.2791903018951416,0.05847756564617157,12.330107688903809,0.2977506153411951,0.13460277055665534,-0.14152637124061584,0.0,0.15185047082819858,4.27474146828303,63.81610107421875,46.597084045410156
04292.jpg,3.2894,0.5465493202209473,0.36389538718801245,0.902521222801107,6.020411491394043,87.54060363769531,0.75352480838068,0.3124259474135205,4.193072319030762,1.8583266032668213,36.55436325073242,8.416228294372559,71.40425109863281,0.6994590759277344,0.696543276309967,0.35686489939689636,0.054947514086961746,12.600519180297852,0.29675504542756115,0.19775633118517114,-0.14864583313465118,0.0,0.19364937241261174,4.917755121613487,53.42987060546875,39.051841735839844
04296.jpg,3.3053,0.5348207950592041,0.4634765953374291,0.9162519594460095,5.581310749053955,87.93988800048828,0.7633732419742766,0.36056066651054625,4.486699104309082,2.333151942033588,36.51609802246094,8.314912796020508,77.77857208251953,0.7437021136283875,0.5853173732757568,0.38863202929496765,0.06214470416307449,12.065958976745605,0.31921001525898884,0.14266759133742715,-0.14852991700172424,0.0,0.2074451438974798,5.594590869196908,55.83807373046875,40.55986785888672
04305.jpg,3.2666,0.5508881211280823,0.4935042256778933,0.9125541646777242,4.7839274406433105,82.89895629882812,0.7236153377095479,0.3435527608964247,4.847836494445801,2.3766671258509113,33.1424674987793,8.286632537841797,61.36631393432617,0.6973763108253479,0.42314836382865906,0.40728265047073364,0.06744775921106339,11.71032428741455,0.3293436877328648,0.20266836247970163,-0.1599605232477188,0.0,0.22820375189985534,4.464822555871043,62.05242919921875,37.17137145996094
04316.jpg,3.3055,0.5273340344429016,0.41186081212313047,0.9128414838652026,5.7758684158325195,66.36492919921875,0.7583071602210062,0.30203485772212146,4.042011260986328,2.02180743950045,29.67346954345703,6.244137763977051,72.11602020263672,0.7307816743850708,0.7012783885002136,0.3823738992214203,0.050571925938129425,12.960905075073242,0.30371687546236054,0.14748811546989463,-0.1723235696554184,0.0,0.21211392446508082,4.361406439988074,61.12274169921875,41.73799133300781
04326.jpg,3.2756,0.5479434132575989,0.3504365530312821,0.8860470944892744,5.5855712890625,95.92801666259766,0.7629660956520897,0.3709038444003537,4.3738813400268555,1.7450845182156218,39.56028747558594,9.298270225524902,51.475215911865234,0.594488263130188,0.6693390011787415,0.3385351002216339,0.05644366890192032,12.483848571777344,0.33029135146334737,0.16830119665042254,-0.12196916341781616,0.0,0.1809018702437519,4.95488619969653,60.07733154296875,47.34689712524414
04333.jpg,3.2791,0.515762209892273,0.4611451958970762,0.9100525613280971,5.37435245513916,95.3779525756836,0.7445906516887705,0.33979099249845846,4.694957256317139,2.321715320755647,37.99586868286133,9.207629203796387,71.58648681640625,0.7525017857551575,0.7951982617378235,0.3278030753135681,0.047726161777973175,13.212433815002441,0.3139591833681392,0.157190360601883,-0.1494928002357483,0.0,0.1842818595123072,4.880662988759715,48.41424560546875,43.6597785949707
04334.jpg,3.2901,0.44232434034347534,0.42293476227817134,0.926745501466314,6.742501258850098,69.47164154052734,0.7919984741944278,0.28319096099529895,3.3579907417297363,2.1359323142136386,35.42811965942383,6.393150329589844,87.12113952636719,0.8341299295425415,0.9425749778747559,0.3156653642654419,0.041628316044807434,13.806112289428711,0.33005308283047013,0.09548178120729013,-0.18936578929424286,0.0,0.17084939944680128,9.65635621038451,67.60125732421875,43.69059753417969
04335.jpg,3.2913,0.5870188474655151,0.3008535459489294,0.8735823419129387,5.682401180267334,64.83035278320312,0.764933186027194,0.31419814569285415,3.9667718410491943,1.451499478446392,29.281505584716797,6.195343494415283,40.77284622192383,0.4954015016555786,0.6537462472915649,0.23717844486236572,0.05851605534553528,12.327250480651855,0.2763447745078357,0.13586506777757648,-0.15961751341819763,0.0,0.13055522563565714,5.1094616473708765,50.10150146484375,36.76539993286133
04336.jpg,3.2693,0.5475800037384033,0.35228323052758076,0.8986602082481067,6.127901077270508,74.58187103271484,0.7623469734972395,0.30200084218507367,3.7486472129821777,1.7396778568908582,35.641456604003906,7.336902141571045,57.88279724121094,0.6388568878173828,0.602890133857727,0.2812070846557617,0.05021965131163597,12.991264343261719,0.26902290933520395,0.16923070384706543,-0.17064088582992554,0.0,0.15107625469577673,6.455611503937363,71.09979248046875,40.354949951171875
04340.jpg,3.2775,0.5051453709602356,0.41825409205506353,0.9369805307910986,6.395690202713013,105.67596435546875,0.7694635672311821,0.300318540096655,3.8079519271850586,2.133865366184671,51.48475646972656,11.081378936767578,83.71055603027344,0.8282922506332397,0.609837532043457,0.3765271306037903,0.037181999534368515,14.296672821044922,0.297601673172261,0.24166143896125125,-0.1544419229030609,0.0,0.19052802858490478,6.718462519213715,82.53387451171875,44.002769470214844
04343.jpg,3.3063,0.4814786911010742,0.5616742514274179,0.9353873238488191,4.53622579574585,69.32324981689453,0.7454935799715315,0.31236007748521033,4.573647975921631,2.5584011333615546,30.00074005126953,6.667333602905273,88.11139678955078,0.8134876489639282,0.3312147259712219,0.5355167388916016,0.0721842423081398,11.415576934814453,0.364906369655863,0.19336274606604179,-0.1947249174118042,0.0,0.32161373454990605,4.422381870927826,59.06463623046875,35.083736419677734
04346.jpg,3.2606,0.5407561659812927,0.391533726481169,0.8882288427489048,5.7272233963012695,89.01691436767578,0.7731392960357225,0.3487237420464134,4.3200225830078125,1.9669250968240721,37.15690994262695,8.38834285736084,59.64209747314453,0.652987003326416,0.7995173931121826,0.36179161071777344,0.05825664848089218,12.34654426574707,0.3448319244877477,0.14178404841779135,-0.13163968920707703,0.0,0.19088527837643315,4.171734158777513,50.29949951171875,51.3277702331543
04350.jpg,3.2586,0.581733763217926,0.2890834146929039,0.8760018918434529,5.863409757614136,64.98149871826172,0.7654866084695958,0.30380734955884686,3.8126633167266846,1.3986014411424144,31.085800170898438,6.36953592300415,41.27194595336914,0.49424779415130615,0.6052408218383789,0.27684488892555237,0.059719037264585495,12.238872528076172,0.310582842359598,0.1543096796342844,-0.15697479248046875,0.0,0.1457869664340922,7.0230170244955215,77.47967529296875,40.298709869384766
04352.jpg,3.2982,0.534197986125946,0.46062671694039703,0.9072697323660641,5.327686786651611,92.18777465820312,0.7373925971476997,0.3363211218181304,4.664896011352539,2.301433874058665,38.698543548583984,8.946257591247559,72.2802505493164,0.729658842086792,0.7125270366668701,0.3362102508544922,0.05722258612513542,12.424325942993164,0.31213190579066047,0.1527649870640511,-0.1566290557384491,0.0,0.1948115101632518,4.701042085036304,58.33197021484375,44.55138397216797
04353.jpg,3.26,0.5502638816833496,0.4789786716265342,0.9140877373537579,4.781578063964844,83.55136108398438,0.7230127888493936,0.35221747424630073,4.870384216308594,2.311550801615038,32.69523239135742,8.218688011169434,63.834686279296875,0.699713945388794,0.38884279131889343,0.4909924566745758,0.06504382193088531,11.867940902709961,0.331261304782772,0.2148181812918293,-0.13969320058822632,0.0,0.2609576470567649,3.9337527130747834,57.69744873046875,42.195377349853516
04372.jpg,3.2626,0.5896573066711426,0.3024684572672084,0.8720564585110202,5.869369029998779,65.60429382324219,0.7685232040600043,0.2993450559468503,3.934938430786133,1.4827525293724726,30.17133331298828,6.2313008308410645,45.91701889038086,0.5059254765510559,0.6659865379333496,0.2583799958229065,0.06283438205718994,12.018027305603027,0.3002237488191666,0.12829648757166556,-0.14495299756526947,0.0,0.13490985905147923,5.184226103703255,63.03338623046875,39.49799728393555
04375.jpg,3.2789,0.5869409441947937,0.21598385219045882,0.8658629534230979,6.720961570739746,48.30046844482422,0.7941967947285629,0.24613694830857402,2.9591989517211914,1.045383198373182,25.561965942382812,4.398409366607666,42.44779968261719,0.47156888246536255,0.7136185169219971,0.20025721192359924,0.05974540114402771,12.236956596374512,0.2845927805131618,0.11052930140071116,-0.2015252560377121,0.0,0.10615993287860273,7.657504299395135,69.61151123046875,36.67023468017578
04376.jpg,3.2198,0.4393070936203003,0.615536401925938,0.9488820625875253,4.152073383331299,63.84907531738281,0.7114704895069364,0.3402122341073196,4.835727691650391,2.7661704659935316,27.593080520629883,6.266002655029297,87.23789978027344,0.8722879886627197,0.6334971785545349,0.6001636981964111,0.05264117196202278,12.786745071411133,0.38680578640565244,0.16764825347334514,-0.19249790906906128,0.0,0.32159583551723947,4.152357268458914,69.70477294921875,32.684814453125
04378.jpg,3.2793,0.5237302184104919,0.26987645638374513,0.8953686033651607,7.1090168952941895,56.72645568847656,0.7968753051693944,0.22999650420614592,2.634315013885498,1.314753055456574,35.127506256103516,5.587551116943359,60.65148162841797,0.6678580045700073,0.7158228158950806,0.20553772151470184,0.04401863366365433,13.563633918762207,0.29483979634083946,0.11134224792419321,-0.2216109037399292,0.0,0.11348651352162131,8.538632315037438,83.86737060546875,37.14977264404297
04387.jpg,3.2829,0.5654503703117371,0.26104376195557133,0.8724726783688956,6.500074625015259,68.59456634521484,0.7778125190941231,0.2832360785913282,3.427779197692871,1.295806934041023,32.18337631225586,6.506655693054199,45.70269012451172,0.5211048126220703,0.6945875883102417,0.22096282243728638,0.05716392397880554,12.428779602050781,0.2781856421834724,0.13977143274692874,-0.17171558737754822,0.0,0.1238987351547917,5.702861793021459,69.04705810546875,35.424278259277344
04398.jpg,3.262,0.5548281669616699,0.3648095976126718,0.880589421828483,5.425336837768555,98.65080261230469,0.7513327414848302,0.3634305897913233,4.484204292297363,1.8075545632289653,40.82538604736328,9.842358589172363,50.45384216308594,0.5785188674926758,0.7060660123825073,0.2815905809402466,0.05835249274969101,12.33940601348877,0.2996588995797286,0.14787107590916038,-0.12923173606395721,0.0,0.1566467423143913,4.9718401955588005,47.54510498046875,41.33696365356445
04416.jpg,3.2587,0.5504633188247681,0.42408559954357583,0.9049832553144497,5.520323276519775,86.68277740478516,0.756945103380766,0.33238817799785453,4.3593621253967285,2.094923785840294,36.85564422607422,8.41891860961914,63.33683776855469,0.6708295345306396,0.57573002576828,0.36889883875846863,0.0514192134141922,12.88874626159668,0.3119677769487933,0.1848265439880532,-0.13617709279060364,0.0,0.19398205225180087,4.601033101707673,62.18280029296875,40.86370086669922
04423.jpg,3.2799,0.5610852837562561,0.29969817344174005,0.881208376840509,6.3104307651519775,77.47312927246094,0.7588824658950021,0.28560803868436013,3.842257499694824,1.521376590803646,34.97842025756836,7.51673698425293,61.218631744384766,0.6205165386199951,0.8134037852287292,0.22905956208705902,0.060338329523801804,12.194067001342773,0.26742669987982237,0.1612646844623842,-0.1829555183649063,0.0,0.12880463427616912,5.350492259080909,56.04998779296875,37.25791931152344
04426.jpg,3.2481,0.48226991295814514,0.5879111303213405,0.9375089071291454,4.261252164840698,66.67701721191406,0.7348005308615686,0.32298475568350354,4.684328079223633,2.629613835530087,29.078027725219727,6.543603420257568,88.42865753173828,0.8171703815460205,0.36397504806518555,0.5659677982330322,0.07230900973081589,11.408076286315918,0.38288417787074175,0.18227594461277397,-0.19565248489379883,0.0,0.33439766852189656,4.633837583286693,62.57147216796875,35.45505142211914
04439.jpg,3.2852,0.5132882595062256,0.3092323883649461,0.9013806542383986,6.811952590942383,73.70553588867188,0.8060781103454868,0.24998783494020613,2.9290220737457275,1.506118102323481,40.39531707763672,7.411309242248535,62.31652069091797,0.6966776847839355,0.7072149515151978,0.23629188537597656,0.04221693426370621,13.745134353637695,0.2938268917694449,0.15265566657418042,-0.20466089248657227,0.0,0.13330684032886295,8.508442608043149,89.04510498046875,47.112144470214844
04452.jpg,3.2911,0.5321046710014343,0.36767348162001096,0.9063039068967468,6.222916126251221,111.9593734741211,0.7729552798992619,0.3099036094921612,4.026795864105225,1.8842804234837516,51.68639373779297,11.340862274169922,78.89753723144531,0.7474012970924377,0.8427366614341736,0.28857460618019104,0.05373883247375488,12.69711685180664,0.2948734221584515,0.1677787081194187,-0.1589636206626892,0.0,0.1631644006240428,7.813528728189203,81.33319091796875,47.51004409790039
04461.jpg,3.293,0.5658873915672302,0.4002698701750292,0.903445291285953,5.631084442138672,78.57254028320312,0.7492991747746399,0.33480297453344,4.323168754577637,1.9922012530799798,32.881797790527344,7.511377334594727,67.44898986816406,0.674555778503418,0.5173656940460205,0.3845643997192383,0.06772847473621368,11.692286491394043,0.3217052118659626,0.1792143557732028,-0.15028032660484314,0.0,0.2041483355378454,5.038728145724961,49.89154052734375,41.650428771972656
04463.jpg,3.3094,0.5111787915229797,0.2992231228104308,0.8986371751333136,6.818826913833618,76.19432830810547,0.8144544522323605,0.24998375205672577,2.806105136871338,1.4400066951188997,42.20433807373047,7.6354875564575195,60.1947135925293,0.6851214170455933,0.7121532559394836,0.21814501285552979,0.04247121512889862,13.719053268432617,0.29878010690862394,0.17065267047763708,-0.20436109602451324,0.0,0.12024505449218227,11.46996451495203,89.56756591796875,49.57530975341797
04466.jpg,3.2756,0.5218027830123901,0.5441589878382399,0.9264824603360129,4.997702598571777,67.38177490234375,0.7160754924228254,0.32267213748616147,4.685151100158691,2.634516098862722,30.25764274597168,6.959699630737305,72.37687683105469,0.758332371711731,0.4408382773399353,0.4917967617511749,0.05782037600874901,12.379190444946289,0.3594340153319513,0.1873290324815371,-0.1717546284198761,0.0,0.26153918152234734,4.643780763099456,63.51971435546875,28.653398513793945
04472.jpg,3.3064,0.46242621541023254,0.5655087966831486,0.939898538679035,4.905837059020996,76.24887084960938,0.7303405641258864,0.355082227349502,4.660688400268555,2.7049875394983047,32.96982192993164,7.415698528289795,90.41075897216797,0.8447756767272949,0.5033993721008301,0.5485517382621765,0.054882314056158066,12.60567569732666,0.3504810985621544,0.15903698875998537,-0.17482638359069824,0.0,0.30415988207945166,4.305143354699322,55.53289794921875,34.86473083496094
04480.jpg,3.2751,0.5517858266830444,0.3403864731439016,0.9010957659165577,6.26308012008667,78.09044647216797,0.7697565021291122,0.28739549573504053,3.6330275535583496,1.6842568295143128,36.587528228759766,7.48396110534668,63.852745056152344,0.6642605662345886,0.6167948246002197,0.26474717259407043,0.05099622905254364,12.9246187210083,0.2806497268274779,0.17130380370168477,-0.17208752036094666,0.0,0.1408651010431976,7.4348747899048115,58.72821044921875,44.6987419128418
04495.jpg,3.3224,0.5616380572319031,0.31671598492990255,0.8695888405336949,5.7395501136779785,91.44338989257812,0.7559469040760822,0.34148297074803313,4.269574165344238,1.5850307050522474,39.15727233886719,9.09527587890625,47.951236724853516,0.534305989742279,0.7765652537345886,0.23255866765975952,0.062042176723480225,12.073129653930664,0.27554881546562066,0.1377779383158564,-0.14618146419525146,0.0,0.13001961762887146,6.0799644644192,57.17596435546875,41.614707946777344
04498.jpg,3.2721,0.46319687366485596,0.5513532383855191,0.9337300124347033,4.628718852996826,83.15948486328125,0.730114440617744,0.34580586231088195,4.9607720375061035,2.6436086208702108,34.54840850830078,8.129117965698242,85.33674621582031,0.8371644020080566,0.7659584283828735,0.49997514486312866,0.05518503859639168,12.581787109375,0.34489032664195146,0.17851317236518424,-0.1655912697315216,0.0,0.27118691006439394,4.273727582237325,57.26483154296875,34.00973892211914
04500.jpg,3.2942,0.5145893096923828,0.5364596551479452,0.9340056134741797,5.210511684417725,84.98495483398438,0.748451592380533,0.36309093034717754,4.634282112121582,2.6406772033176615,35.4561767578125,7.957550048828125,89.56172180175781,0.8071538209915161,0.45968011021614075,0.48951268196105957,0.053329624235630035,12.730316162109375,0.3607218400663802,0.1486653488857688,-0.1363111287355423,0.0,0.2608744782904401,4.183402211152505,50.59832763671875,44.32152557373047
04507.jpg,3.2825,0.5222355127334595,0.4717443310904044,0.9176255448044144,5.108388423919678,89.44448852539062,0.7286639288728276,0.31041161047924515,4.695117473602295,2.3123830395781226,36.35721969604492,8.774362564086914,80.85286712646484,0.7811746597290039,0.5739259719848633,0.4405350089073181,0.06414499133825302,11.928372383117676,0.3426368207641357,0.1941459520911879,-0.15679050981998444,0.0,0.23635808710649855,5.5051234881056645,30.71209716796875,42.62116622924805
04527.jpg,3.2991,0.5512247681617737,0.32785484923488867,0.8977412294715095,6.324685573577881,69.47710418701172,0.7672248425032756,0.2877493168834046,3.5520567893981934,1.6190749773851074,32.38798904418945,6.567806720733643,57.989418029785156,0.6354444026947021,0.6074388027191162,0.26250845193862915,0.05072249844670296,12.947994232177734,0.27096942244306554,0.14812472235926455,-0.17638999223709106,0.0,0.1399031762695278,7.316221433194769,59.67010498046875,41.55915069580078
04531.jpg,3.3105,0.5399659872055054,0.3740195623682117,0.9135813253783543,6.177396774291992,85.12271118164062,0.7608101212132131,0.2926799708298371,3.8020050525665283,1.8662526049161414,38.9671516418457,8.357603073120117,71.54967498779297,0.7237679362297058,0.5774094462394714,0.3027653694152832,0.046194158494472504,13.354129791259766,0.276572287416944,0.2092976032593165,-0.17310304939746857,0.0,0.16446572481723332,6.339129953448929,66.84490966796875,42.15638732910156
04534.jpg,3.2891,0.592800498008728,0.3039732119106412,0.8684252075862253,5.857664108276367,65.48965454101562,0.7633758146211476,0.2958732475167736,3.9732229709625244,1.4941688156033077,31.0186824798584,6.368867874145508,45.710601806640625,0.5006396770477295,0.721236526966095,0.22596077620983124,0.06385017931461334,11.948379516601562,0.2962098845350655,0.1114608434138438,-0.16155757009983063,0.0,0.12172907985115167,5.341875379752302,67.14764404296875,39.204566955566406
04544.jpg,3.2766,0.5375357270240784,0.42404080750120005,0.8962269597791466,5.426575660705566,92.98641204833984,0.7553611481138243,0.3578623256534185,4.5909905433654785,2.1239361317055163,38.442161560058594,9.071245193481445,61.356597900390625,0.6813864707946777,0.7652938365936279,0.36617350578308105,0.05548826977610588,12.557988166809082,0.33757262055944987,0.1595620610711586,-0.12846341729164124,0.0,0.1994846221417483,4.1993161942894695,35.76434326171875,46.29261779785156
04553.jpg,3.2765,0.510866105556488,0.2806665800823394,0.891344390972968,6.68943190574646,71.67066192626953,0.7892734366458555,0.26597250582691456,3.038844585418701,1.3652062808908516,38.682456970214844,7.061045169830322,56.16245651245117,0.6512317061424255,0.737911581993103,0.20709288120269775,0.043124668300151825,13.652743339538574,0.28184680413090335,0.12275254790285638,-0.19370108842849731,0.0,0.11568840503200062,11.44499921509007,82.74285888671875,45.671016693115234
04555.jpg,3.2679,0.49415409564971924,0.5433716252347144,0.9318751945383035,5.103652000427246,87.07389831542969,0.7454846490739161,0.36583483877280937,4.896468162536621,2.716900905881314,37.00646209716797,8.601385116577148,82.25243377685547,0.8090428113937378,0.6116395592689514,0.48851197957992554,0.049716055393218994,13.035032272338867,0.3948770814750331,0.14519116599356402,-0.13649877905845642,0.0,0.25626168655280784,4.48705159649845,72.42596435546875,46.54832458496094
04558.jpg,3.2729,0.5956016778945923,0.37528969078441793,0.8864823896380616,5.486567974090576,61.50480270385742,0.7764425673497997,0.3303897632521492,4.085314750671387,1.7961213588541902,26.69695472717285,5.730989933013916,42.08357238769531,0.5431563854217529,0.4727002680301666,0.4158533811569214,0.07246088236570358,11.39896297454834,0.3347192638630832,0.16884912014707554,-0.16427141427993774,0.0,0.21182639744150228,4.047020284605875,43.90106201171875,36.52416229248047
04559.jpg,3.2855,0.5029929876327515,0.5714964883266219,0.9340156759563099,4.622262001037598,62.9407844543457,0.765361212149914,0.3128169831696282,4.401877403259277,2.5786426018109836,27.00701904296875,5.997695446014404,85.85945892333984,0.7947556972503662,0.31590384244918823,0.5632725954055786,0.0811677947640419,10.90616226196289,0.37606601285308233,0.17211198221517468,-0.1984744369983673,0.0,0.33721888291557467,4.613781654678671,52.12200927734375,38.153411865234375
04563.jpg,3.2589,0.5819928646087646,0.2618305667482108,0.8609063355471681,6.149332046508789,64.1910629272461,0.7627667610832184,0.3022828614581079,3.7185935974121094,1.2918671916800548,30.435470581054688,6.150063514709473,35.677696228027344,0.42350393533706665,0.7150099277496338,0.2225709855556488,0.06417426466941833,11.926392555236816,0.279436292528264,0.13889657547792997,-0.15988200902938843,0.0,0.1205976411207933,6.544960644099769,58.40252685546875,44.370201110839844
04564.jpg,3.3521,0.4921790361404419,0.41506525845979225,0.9370193322081891,6.472465753555298,89.8178939819336,0.7629587044805591,0.30108904190650065,3.628314971923828,2.096249266008095,43.976131439208984,8.792413711547852,84.92814636230469,0.835292637348175,0.6513741612434387,0.37637895345687866,0.03766661137342453,14.240435600280762,0.3000061779310055,0.1897240799370825,-0.16666771471500397,0.0,0.19696550938294036,6.872129289764769,84.50213623046875,52.324073791503906
04565.jpg,3.2879,0.5418463945388794,0.38388522891987326,0.8873181435499208,5.575304985046387,87.65190887451172,0.749605080228715,0.33918492601777867,4.430575370788574,1.9205620566791293,36.348846435546875,8.64570140838623,56.05659866333008,0.6408159732818604,0.7809728980064392,0.28015613555908203,0.054481614381074905,12.637500762939453,0.2992233365633995,0.14219202444035675,-0.14792847633361816,0.0,0.15362355291662874,4.4262214266885405,44.27362060546875,41.807395935058594
04570.jpg,3.3089,0.5137864947319031,0.38247904224709184,0.9015586539110312,5.576962471008301,111.81703186035156,0.765096854054219,0.35628205027694,4.4938273429870605,1.9259401165997314,43.99510955810547,10.94898796081543,59.3077278137207,0.6892408728599548,0.671280026435852,0.34345436096191406,0.04603271186351776,13.369335174560547,0.29645966063627355,0.1916354999710894,-0.12147808074951172,0.0,0.18991327734535826,4.8561443726736995,59.05047607421875,49.740013122558594
04574.jpg,3.2694,0.5557849407196045,0.32629381166640753,0.894367546907137,6.826576232910156,45.07127380371094,0.7530058817157745,0.2430000096659291,2.995884418487549,1.6025099955117907,26.67756462097168,4.087937831878662,59.138221740722656,0.6261627674102783,0.5588467121124268,0.25718382000923157,0.06176609545946121,12.092498779296875,0.27412651125737386,0.10691864234070682,-0.19971199333667755,0.0,0.13590857729704,7.60159687696534,81.96063232421875,45.8690185546875
04582.jpg,3.2873,0.5028363466262817,0.30715428661858735,0.8976804976283786,6.89383864402771,76.3538589477539,0.7380290860638531,0.28034415644931754,3.256296157836914,1.5588343712815416,38.526065826416016,7.149406433105469,60.32108688354492,0.6981738805770874,0.8145415782928467,0.23749592900276184,0.04323020577430725,13.642127990722656,0.29223134479837753,0.1049276480706592,-0.1795036494731903,0.0,0.13263680062331548,6.11399956124327,73.99920654296875,53.58507537841797
04617.jpg,3.2986,0.5528783798217773,0.40392257903686263,0.8959539337166094,5.810007095336914,80.44406127929688,0.7613784848066438,0.3317664740291299,4.258820533752441,2.0335210320138675,34.97121047973633,7.63706111907959,67.91638946533203,0.6718282699584961,0.6948308348655701,0.33083459734916687,0.06253229081630707,12.038956642150879,0.32593021290535035,0.13489851304520908,-0.15469704568386078,0.0,0.18196495649231526,4.667699927966891,50.09930419921875,38.32972717285156
04633.jpg,3.2645,0.5656141042709351,0.3317548920462421,0.8796923382774022,5.717688083648682,83.06017303466797,0.7619990704591562,0.34679385553198805,4.208272457122803,1.6464992321683134,34.2434196472168,7.961121559143066,46.461204528808594,0.5563570261001587,0.6744625568389893,0.30054670572280884,0.05906039476394653,12.287036895751953,0.29173544251718647,0.16864333966723521,-0.13814988732337952,0.0,0.1616759045186279,4.808500713805459,46.98065185546875,43.577117919921875
04635.jpg,3.2906,0.5640079975128174,0.33072753042514785,0.8753051872000464,5.549228668212891,82.34740447998047,0.7446761268873042,0.32411706745676033,4.217026710510254,1.6149908597633313,37.11870193481445,8.486254692077637,44.17856979370117,0.5463520884513855,0.7372967004776001,0.2249784618616104,0.0573391318321228,12.415489196777344,0.2838277409790949,0.15920172858267784,-0.16126284003257751,0.0,0.12414716962569168,4.858169702040115,49.65203857421875,35.397552490234375
04637.jpg,3.2802,0.5347452163696289,0.480663446472212,0.9177223449110433,5.229692459106445,91.18562316894531,0.7462757537126253,0.32382257527176794,4.68059778213501,2.3817657965345873,36.89448928833008,8.87884521484375,79.43587493896484,0.7499898672103882,0.5650865435600281,0.455402135848999,0.06719250231981277,11.726791381835938,0.331348441380847,0.19570557421028156,-0.15748777985572815,0.0,0.2805282689082631,4.330592007848767,50.61126708984375,35.578128814697266
04650.jpg,3.2826,0.5832177400588989,0.4370315550740271,0.8851288757246679,4.670429706573486,70.28118896484375,0.7460879433954805,0.36543052492286504,4.6676483154296875,2.0405253867040045,31.114688873291016,7.015961170196533,39.55320358276367,0.5322881937026978,0.5375669598579407,0.31478142738342285,0.06230921298265457,12.05447769165039,0.34662060002997297,0.13147278764893267,-0.1356223076581955,0.0,0.16074139265485882,3.8446273140929335,49.92596435546875,47.602760314941406
04659.jpg,3.2772,0.49650081992149353,0.5667610765298239,0.9294058976972727,4.434884548187256,78.02168273925781,0.7397633027342556,0.3251486443063479,4.82635498046875,2.6244653964850073,32.64081573486328,7.5760626792907715,85.39580535888672,0.8000868558883667,0.5387479066848755,0.4906678795814514,0.07289853692054749,11.372812271118164,0.35057624098592766,0.19637283029082211,-0.18207760155200958,0.0,0.2967581399398128,4.079223309497289,54.10516357421875,34.6756591796875
04670.jpg,3.2755,0.5360732078552246,0.5154577815774157,0.9217167835054594,4.946519374847412,84.53665161132812,0.734055999072843,0.36004857473635576,4.813837051391602,2.5155352816902354,33.14215087890625,8.245645523071289,70.2015380859375,0.7357537746429443,0.4402402937412262,0.4482295513153076,0.06299933791160583,12.006641387939453,0.3437767602882342,0.19957650648642883,-0.14972613751888275,0.0,0.23969710748704673,4.1368929238869905,52.65203857421875,35.460113525390625
04674.jpg,3.2592,0.5382817387580872,0.3305094272978785,0.9092031029822546,6.641794681549072,67.95280456542969,0.7726528508211717,0.2534039676856345,3.3144659996032715,1.6453250133898285,32.110679626464844,6.546501636505127,63.19444274902344,0.6932421326637268,0.5938751101493835,0.29276156425476074,0.04892706125974655,13.104509353637695,0.271488525385609,0.20411971049922578,-0.20131100714206696,0.0,0.16081533373761828,5.820519948418652,68.93817138671875,38.34722137451172
04682.jpg,3.2762,0.49763622879981995,0.5627250035212694,0.9325860651595418,4.610129356384277,95.2439956665039,0.7107439577525763,0.36366969063764676,5.144057273864746,2.7444726735079126,36.2470817565918,9.321352005004883,78.6632308959961,0.8078689575195312,0.5793215036392212,0.43895381689071655,0.05493084341287613,12.601837158203125,0.3329683361445412,0.1981954326933744,-0.14812886714935303,0.0,0.24296150012594386,3.935603544102889,51.90765380859375,44.337890625
04690.jpg,3.2905,0.5501092076301575,0.40971890745529227,0.9067044368212905,5.7506585121154785,79.75961303710938,0.7577076037264225,0.31236318471541924,4.128897190093994,2.0239279813421227,34.57205581665039,7.685084819793701,61.35588836669922,0.6616355776786804,0.5288255214691162,0.33476173877716064,0.050150852650403976,12.997217178344727,0.29298313530441306,0.19280541681443766,-0.14726786315441132,0.0,0.17662239308673977,4.816497331528454,58.34295654296875,36.8154411315918
04701.jpg,3.3368,0.5856923460960388,0.36632278782104,0.85865214990643,6.267068862915039,88.5094985961914,0.7684153766180826,0.27492472337932616,4.208034992218018,1.9186415429613959,42.48514175415039,8.994376182556152,61.08043670654297,0.5589041709899902,0.9954361915588379,0.2441130429506302,0.08095171302556992,10.917739868164062,0.2932932577720028,0.10103860248352718,-0.12321189045906067,0.0,0.1253630158631867,8.268187958738638,113.11199951171875,54.611507415771484
04709.jpg,3.3537,0.5333667993545532,0.41432225939523476,0.8974199940476604,5.440099716186523,96.30078887939453,0.74978016783115,0.35950208200004247,4.558979034423828,2.071427949203816,38.22914123535156,9.18675422668457,60.97578430175781,0.6825546026229858,0.7397863268852234,0.3529455363750458,0.05379406362771988,12.692656517028809,0.3330499007338479,0.17265513618781286,-0.12535813450813293,0.0,0.1935832275678029,4.734868259646808,56.30145263671875,49.838130950927734
04713.jpg,3.3119,0.5733494162559509,0.38167725847065387,0.8842569369135951,5.715781211853027,86.81179809570312,0.753903261884301,0.3291806250892362,4.320101737976074,1.9152411082220375,37.357749938964844,8.38012981414795,62.394737243652344,0.6210273504257202,0.7273989319801331,0.27288421988487244,0.06879857182502747,11.624204635620117,0.3186862595887838,0.1399288209876246,-0.1567974090576172,0.0,0.15099843527042936,4.74803318882167,53.08123779296875,36.911285400390625
04720.jpg,3.2923,0.5161611437797546,0.5178336646980785,0.927637568744291,4.847188472747803,78.57353210449219,0.7286947176689937,0.339461232061549,4.830661773681641,2.5057679588787423,32.420955657958984,7.692246913909912,79.23657989501953,0.77643883228302,0.43439173698425293,0.497941792011261,0.06759816408157349,11.700650215148926,0.3405033388364986,0.17900337785837137,-0.1684505045413971,0.0,0.2716141428421008,4.046991675590767,59.17449951171875,37.890716552734375
04721.jpg,3.3035,0.5478469729423523,0.360382205301197,0.9109697759157344,6.308151721954346,98.23519134521484,0.7682679014022591,0.3312446651868506,3.9335196018218994,1.8454647606422405,48.354549407958984,10.04592227935791,76.59989929199219,0.7314778566360474,0.6890007257461548,0.3612596094608307,0.05307548865675926,12.751060485839844,0.3290549647595944,0.16432105557071522,-0.13453251123428345,0.0,0.18439166456469408,6.519132297423063,65.37347412109375,44.11283874511719
04723.jpg,3.2799,0.5789919495582581,0.33472164148492195,0.8804539540930758,5.90155553817749,50.33187484741211,0.7456358716260667,0.28330822355247753,3.8506436347961426,1.6321423096103285,22.932214736938477,4.956950664520264,40.90288543701172,0.6072977781295776,0.8789105415344238,0.3081461191177368,0.0581182986497879,12.356871604919434,0.2823871935640333,0.14300318441586124,-0.19164906442165375,0.0,0.1561712390204193,4.757474435917341,71.70623779296875,34.493064880371094
04729.jpg,3.2976,0.5407735705375671,0.46679771814720217,0.9133014951932309,5.369573593139648,90.87265014648438,0.7445182367889764,0.36480824871387973,4.691532611846924,2.348259486952772,35.817222595214844,8.739927291870117,69.99143981933594,0.7182458639144897,0.5176181197166443,0.4017106294631958,0.058624446392059326,12.319212913513184,0.32200696146414437,0.17245583534559725,-0.12970463931560516,0.0,0.21560096720275623,4.442980676419629,49.21746826171875,41.32303237915039
04742.jpg,3.2948,0.5137754082679749,0.5413881345729692,0.9305589898393694,5.105963706970215,82.46607971191406,0.7458743769933147,0.34993649989588554,4.724712371826172,2.661115634755948,34.37857437133789,7.910628795623779,87.60377502441406,0.8005608320236206,0.525133490562439,0.4108733534812927,0.05963682755827904,12.244853973388672,0.3485755354261535,0.15498167033317733,-0.15359985828399658,0.0,0.2264057478746814,4.267137111355665,53.74334716796875,34.11333465576172
04772.jpg,3.3179,0.5361900925636292,0.3998161177016517,0.9059220236063199,5.62680196762085,75.84778594970703,0.7557431671372875,0.31348989388629905,4.1961164474487305,1.9636879071106756,31.599225997924805,7.181890487670898,67.437744140625,0.7059340476989746,0.7466357946395874,0.39216166734695435,0.053729623556137085,12.69786262512207,0.2943554312135151,0.17276955174299746,-0.16668200492858887,0.0,0.2234175754151377,4.634002204302067,58.97918701171875,35.9683837890625
04782.jpg,3.2995,0.5243732929229736,0.3768604623359996,0.9094739243830561,6.275676250457764,95.15361022949219,0.7440992620007004,0.3297481815877084,4.061849594116211,1.9479092608948854,43.7404899597168,9.279367446899414,76.33164978027344,0.7465087175369263,0.7888526916503906,0.31080347299575806,0.04966674745082855,13.039342880249023,0.27657920780521866,0.138598422384307,-0.14603042602539062,0.0,0.1673566848073115,7.004151204719714,68.27606201171875,47.16432189941406
04787.jpg,3.3006,0.5948375463485718,0.27746522096185816,0.8624463557584547,6.031166076660156,65.44310760498047,0.7602673339607562,0.3098490398810121,3.8500864505767822,1.3708571062345616,29.698246002197266,6.239558696746826,35.811180114746094,0.438386470079422,0.7181401252746582,0.2456616759300232,0.06625473499298096,11.787832260131836,0.29379294060903727,0.15300313928691592,-0.1549658477306366,0.0,0.1347165489845554,5.958821059047998,55.73773193359375,49.90130615234375
04804.jpg,3.2879,0.515160858631134,0.5238598286057953,0.928219612177071,5.375912666320801,90.89550018310547,0.7469935256734198,0.3678267754048457,4.6650309562683105,2.6300331874404375,36.419952392578125,8.59969711303711,84.70217895507812,0.7919228076934814,0.5042197704315186,0.4399871230125427,0.05332012102007866,12.73108959197998,0.34644937866373876,0.14527395715446909,-0.13061347603797913,0.0,0.23498959338536834,4.681085683070443,52.68670654296875,34.99463653564453
04807.jpg,3.2869,0.5936381816864014,0.2628259887993013,0.8570465693564503,6.323735237121582,61.52384948730469,0.7726066320759047,0.29133261808960553,3.5859107971191406,1.3022611023871091,28.577890396118164,5.6884765625,35.66190719604492,0.4181869626045227,0.7627147436141968,0.2191733866930008,0.06714360415935516,11.729954719543457,0.30902336106671036,0.11982496380778454,-0.16605442762374878,0.0,0.1170484578674443,6.217302400314297,59.72625732421875,41.357032775878906
04809.jpg,3.2663,0.5316125154495239,0.36004330627335807,0.9120052182320915,6.5717856884002686,84.80128479003906,0.7595468799466863,0.2820282323291958,3.611379384994507,1.8331968109078245,41.61981964111328,8.392248153686523,73.11223602294922,0.7341633439064026,0.6577980518341064,0.28630906343460083,0.04625042527914047,13.34884262084961,0.2812168117260343,0.1650058613188661,-0.1801133155822754,0.0,0.15466155344210514,7.479447181904983,75.26409912109375,44.51813507080078
04821.jpg,3.3015,0.601800262928009,0.2503572613534022,0.8563852754492791,6.372976541519165,57.466285705566406,0.7761654355178623,0.279121197228965,3.4924097061157227,1.2349401399224185,27.053247451782227,5.31429386138916,34.0511360168457,0.4113050103187561,0.7629041075706482,0.20989879965782166,0.06555986404418945,11.833620071411133,0.2954579547457351,0.1231439883530539,-0.1695023477077484,0.0,0.1118777320634633,6.541617062706129,58.07196044921875,41.13962936401367
04836.jpg,3.2987,0.5308026671409607,0.39358480242717303,0.9128072158737272,6.053302526473999,76.63407897949219,0.7674634527639976,0.30058427146002553,3.9015402793884277,1.9590446207043497,33.8215446472168,7.3258442878723145,68.6443862915039,0.720008134841919,0.6584704518318176,0.34409576654434204,0.04961593449115753,13.04378890991211,0.287226426216129,0.1717116717555021,-0.17001992464065552,0.0,0.18765053779053,4.486823622789693,59.95672607421875,47.669952392578125
04838.jpg,3.2819,0.5827720761299133,0.3098443538551723,0.8741657547703797,5.707179069519043,73.46163940429688,0.7604438943470748,0.3206606119824334,4.078458786010742,1.5160179462144505,31.730209350585938,7.046431064605713,43.38920974731445,0.5146163702011108,0.6549132466316223,0.2730261981487274,0.06106868013739586,12.141814231872559,0.28249666940035745,0.16080129078052843,-0.14704683423042297,0.0,0.15435901757815346,4.265981629528802,35.63543701171875,38.01460266113281
04845.jpg,3.3397,0.5431966781616211,0.3714357894661954,0.895863349128898,6.071727752685547,80.6378173828125,0.7608338614134262,0.32418502842523594,4.056098937988281,1.880925426590779,35.142547607421875,7.620983123779297,67.22112274169922,0.6764869689941406,0.7251847386360168,0.3257584273815155,0.05635258927941322,12.490862846374512,0.3156174549268276,0.13570728059879614,-0.15451306104660034,0.0,0.17766777709308992,5.120263061076213,53.44866943359375,40.767662048339844
04848.jpg,3.2849,0.5151042342185974,0.2717464744850981,0.8889525436576764,6.8375632762908936,69.6922836303711,0.8177130917740282,0.24324902847932883,2.7067148685455322,1.2968169538420664,39.84437942504883,6.992414951324463,54.57215881347656,0.6379759311676025,0.7538246512413025,0.22420725226402283,0.044209495186805725,13.544845581054688,0.29310545931056103,0.14911792672584978,-0.2085883915424347,0.0,0.12417371041800294,12.22609157465553,93.73992919921875,47.49920654296875
04854.jpg,3.2879,0.5734376907348633,0.3280264237497302,0.871191898160232,5.683343887329102,82.65190887451172,0.7486896025546701,0.33356068418751506,4.180692195892334,1.6178382227263892,34.758384704589844,8.061951637268066,43.052223205566406,0.5146245956420898,0.7256258130073547,0.23911705613136292,0.06062956154346466,12.17315673828125,0.27109447335812914,0.1495491915795944,-0.14701426029205322,0.0,0.13087921990345766,5.366503009903428,59.32049560546875,38.05559539794922
04862.jpg,3.3022,0.5294328927993774,0.37117494663874945,0.9036781109525318,6.7566609382629395,71.21082305908203,0.7592249050620183,0.2830160517598448,3.5171966552734375,1.906706228917792,36.172969818115234,6.788673400878906,69.9750747680664,0.7105966210365295,0.7285336256027222,0.2730061113834381,0.05272423475980759,12.779897689819336,0.2907836581230412,0.15682067248048207,-0.18499000370502472,0.0,0.15299464064358786,6.07434015846057,73.85662841796875,47.66023254394531
04872.jpg,3.3095,0.5668015480041504,0.35122551243899797,0.8771776692669592,5.4735188484191895,94.41019439697266,0.7504799864499956,0.3659989793280416,4.393925666809082,1.7328556772868744,39.52859878540039,9.414958953857422,47.36623001098633,0.5438354015350342,0.6876087188720703,0.3002118468284607,0.06018368527293205,12.205211639404297,0.30290475927587046,0.17501635958035924,-0.12006883323192596,0.0,0.15913094375075557,5.531258335802324,59.63739013671875,41.271812438964844
04890.jpg,3.2923,0.46975430846214294,0.569334081217757,0.937518403596487,4.572070121765137,76.90155792236328,0.7300096028934866,0.34300172416265867,4.841378211975098,2.679708989329942,32.117088317871094,7.461600303649902,86.98560333251953,0.8363030552864075,0.6612681746482849,0.5434515476226807,0.05824052169919014,12.347747802734375,0.3559207729333528,0.20151711169013184,-0.17477399110794067,0.0,0.3039848830714087,4.231759335255105,56.60028076171875,31.487030029296875
04892.jpg,3.2988,0.5056846141815186,0.39354478374924184,0.9041812899242406,6.277146339416504,73.47962951660156,0.7255351008031189,0.31053987210377354,4.0202131271362305,2.0262432411675473,40.76759719848633,7.745179653167725,68.90145111083984,0.7351275682449341,0.845318615436554,0.288693904876709,0.04478585720062256,13.488590240478516,0.3247070048052041,0.09971145713354918,-0.15521857142448425,0.0,0.15015879152852016,6.805141429513137,62.64276123046875,50.982505798339844
04893.jpg,3.2845,0.5155521035194397,0.29085498977805446,0.8902419994553523,6.925781726837158,64.61434936523438,0.7471487284977973,0.25275314699261225,3.110074996948242,1.459494972709166,37.557525634765625,6.452471733093262,53.673831939697266,0.6570524573326111,0.8029547333717346,0.24274863302707672,0.04564376175403595,13.4061861038208,0.3273255330736423,0.10233594442033772,-0.19085460901260376,0.0,0.12306917182767839,5.70940549625109,57.90399169921875,43.195037841796875
04902.jpg,3.317,0.5411514639854431,0.5112664131533248,0.9245669055402442,5.386470317840576,68.34046173095703,0.7657158251823821,0.3312785979125931,4.424102783203125,2.5079175950911905,29.764785766601562,6.420921802520752,80.05715942382812,0.7477802634239197,0.42060402035713196,0.3956972658634186,0.07013217359781265,11.540827751159668,0.3401289593990678,0.13955735270716196,-0.16553053259849548,0.0,0.21268618432588504,3.8561589958118065,55.97723388671875,40.6737060546875
04906.jpg,3.2894,0.5605671405792236,0.26277301977685863,0.88468597770447,6.641060829162598,62.223045349121094,0.7957964467575741,0.2745618675457243,3.1566147804260254,1.2872871456398078,31.131526947021484,5.778378486633301,50.733787536621094,0.5740244388580322,0.6550711393356323,0.2754334807395935,0.054403744637966156,12.643712997436523,0.29981735662321335,0.1496907021722837,-0.18779996037483215,0.0,0.15057215762007123,7.3717920837628705,71.90130615234375,45.988929748535156
04907.jpg,3.2815,0.49644342064857483,0.4148655862114534,0.9307957437898962,6.437647342681885,84.13329315185547,0.7798437272922522,0.28226453583173194,3.5462779998779297,2.0710013124260787,41.606529235839844,8.451536178588867,76.7790756225586,0.8032540082931519,0.602751612663269,0.3484421372413635,0.0365656241774559,14.369270324707031,0.30479015023367084,0.19232661765862263,-0.17439499497413635,0.0,0.18306673039838675,7.549671416687345,84.02557373046875,45.32215118408203
04916.jpg,3.2928,0.6084994077682495,0.449763119325474,0.909067590321219,5.470333576202393,64.66321563720703,0.7847255542062085,0.2845192292265841,3.9888510704040527,2.127204584224467,29.466312408447266,6.12948751449585,67.91514587402344,0.6466784477233887,0.2820330858230591,0.44653668999671936,0.0982632115483284,10.076089859008789,0.3497401314737154,0.1918420763177511,-0.19402948021888733,0.0,0.27643217391447694,4.698502933987781,53.87762451171875,40.477943420410156
04921.jpg,3.2897,0.5968623757362366,0.38423817995640575,0.9090041766408916,6.112269878387451,61.2817268371582,0.7991587271858673,0.2695936420371561,3.5234947204589844,1.8512215152720373,29.829383850097656,5.709853649139404,71.97095489501953,0.6786513328552246,0.3062189817428589,0.3706836700439453,0.10321768373250961,9.862459182739258,0.35628637455094503,0.13493345261996065,-0.21305137872695923,0.0,0.22245414973613056,5.808765234992363,66.92645263671875,35.87108612060547
04931.jpg,3.2385,0.7155534029006958,0.5928281156769949,0.9011276432742275,3.0058932304382324,40.59393310546875,0.8203404532949151,0.19128700476045263,3.6888046264648438,1.9844135348376213,21.73408317565918,3.662898302078247,50.415069580078125,0.5349342823028564,0.12735366821289062,0.6368478536605835,0.17737190425395966,7.511151313781738,0.4914490057626385,0.08912707692759154,-0.21160411834716797,0.0,0.3998181882080897,4.3840541404419,58.46160888671875,40.917991638183594
04942.jpg,3.2214,0.5945666432380676,0.5505996931820283,0.9143314680249695,3.8441715240478516,83.06065368652344,0.7626817124545133,0.28073048063578887,4.435410499572754,2.279377892940821,33.09916687011719,7.880503177642822,77.2842788696289,0.6889482736587524,0.20146846771240234,0.4692194163799286,0.128544420003891,8.909467697143555,0.3534632498525903,0.21715826007610844,-0.18081972002983093,0.0,0.3320307224911659,4.917835475382196,30.92791748046875,44.129547119140625
04950.jpg,3.2951,0.6060978174209595,0.3453062422844641,0.891746827394481,5.939800024032593,56.943443298339844,0.7772858199381694,0.27327846691835006,3.823803424835205,1.6857229863776464,27.810548782348633,5.4622907638549805,64.07836151123047,0.6150068044662476,0.5218154191970825,0.3530399203300476,0.09700945764780045,10.13185977935791,0.34305772658379746,0.15610511818858241,-0.19617602229118347,0.0,0.2120571065859907,4.92610902183897,58.88201904296875,40.41603088378906
04952.jpg,3.2597,0.5641371607780457,0.5192246057690428,0.9170008369638566,4.619584560394287,59.12284469604492,0.727304706166029,0.28692301505497836,4.516261577606201,2.371787616036907,27.114002227783203,5.944025993347168,69.22473907470703,0.7130114436149597,0.33197516202926636,0.4712400436401367,0.10535881668329239,9.77329158782959,0.3704681838054715,0.16277417641955308,-0.2044088989496231,0.0,0.2661996057977845,4.626738409717474,57.83929443359375,36.63036346435547
04953.jpg,3.2521,0.6543924808502197,0.3924073436591546,0.9005899221636167,4.893667221069336,63.27793502807617,0.7975434656229188,0.22345365197840228,3.1709580421447754,1.5823164233084501,29.604496002197266,5.664147853851318,71.70797729492188,0.6311494708061218,0.24517446756362915,0.40621790289878845,0.15548133850097656,8.08321762084961,0.3620151383772636,0.1889688346382332,-0.2199578881263733,0.0,0.27055851603852976,6.307906335700287,59.90789794921875,47.974937438964844
04957.jpg,3.3148,0.5856196880340576,0.34977048655396276,0.8967556318237817,6.25670051574707,65.07096099853516,0.7786538000136748,0.2805888142913059,3.730579376220703,1.7466342648571773,30.977262496948242,6.183117866516113,67.82137298583984,0.666468620300293,0.5053333044052124,0.3696787357330322,0.0984458401799202,10.068026542663574,0.35470621166395344,0.1362577104698306,-0.19972291588783264,0.0,0.22139975348328808,4.6286692806840515,62.19866943359375,37.77880859375
04979.jpg,3.2854,0.5294997692108154,0.33174557131087223,0.9060595606923831,6.5679991245269775,105.94364166259766,0.778245809294126,0.3167499230806046,3.7288894653320312,1.7079797379389259,51.856563568115234,11.000792503356934,68.69302368164062,0.7151393890380859,0.6939354538917542,0.3080180883407593,0.05155600234866142,12.877206802368164,0.28222815347705116,0.1781955473775715,-0.15043248236179352,0.0,0.1591984809399125,8.619516615675858,101.29437255859375,43.167747497558594
04983.jpg,3.3267,0.517157793045044,0.36931153049997695,0.9112274422742394,6.115683078765869,86.57688903808594,0.7272223018084346,0.2974737287525175,4.107203960418701,1.8877219057084673,43.68280792236328,9.104655265808105,71.64196014404297,0.7439174652099609,0.7018268704414368,0.28565627336502075,0.043275296688079834,13.637598991394043,0.29214954735688664,0.16902623894675955,-0.16641917824745178,0.0,0.15267585942977463,5.416372111611163,85.56243896484375,40.493003845214844
05001.jpg,3.2491,0.6099318861961365,0.4782304042341514,0.9074060703636831,4.426370859146118,68.3178482055664,0.7726882106689014,0.2974766739115641,4.081864356994629,2.034457194555615,28.80740737915039,6.416557312011719,75.372314453125,0.6733647584915161,0.25865429639816284,0.45285141468048096,0.1344047337770462,8.71585464477539,0.357112865933619,0.16424053151730794,-0.1925562620162964,0.0,0.29922687165665834,5.086522452490298,48.75506591796875,43.45872497558594
05004.jpg,3.3286,0.5206230878829956,0.3804730527243955,0.9113238812323401,6.4480109214782715,66.25479888916016,0.7768244168944523,0.2891604705112708,3.735539197921753,1.9372901922867802,30.76422882080078,6.288718223571777,61.02958679199219,0.7191451787948608,0.5297987461090088,0.3938852846622467,0.055684834718704224,12.542631149291992,0.34757612126294357,0.15712748036385088,-0.18516504764556885,0.0,0.20694683133139816,4.81487474022229,64.46160888671875,42.94580841064453
05017.jpg,3.286,0.5493514537811279,0.375412883042584,0.8950074643640413,5.8854289054870605,90.10201263427734,0.7674593919405854,0.32150909279263706,4.311952590942383,1.91412119069566,38.02491760253906,8.63707447052002,70.68396759033203,0.693244457244873,0.7226090431213379,0.33445680141448975,0.07665643841028214,11.154513359069824,0.3177601582587073,0.1444889595625182,-0.1601184457540512,0.0,0.20202506108513268,5.235686119871532,61.15374755859375,43.777565002441406
05024.jpg,3.2454,0.52033931016922,0.6439964529855757,0.9310788476339735,3.629389762878418,55.84975051879883,0.7486796149941013,0.2811994648980724,4.807780742645264,2.7167659834921043,25.10318374633789,5.524346828460693,81.75286865234375,0.7640529870986938,0.2572433352470398,0.593930721282959,0.09515310078859329,10.215770721435547,0.3978972792616207,0.17295028623546913,-0.19788292050361633,0.0,0.3726230924271223,4.5386300066608465,60.77215576171875,37.36210250854492
05039.jpg,3.2755,0.503207266330719,0.3821253469334711,0.926586546819074,6.68080735206604,87.02645111083984,0.7747151125201648,0.3043373333567294,3.4634978771209717,1.9382050390201293,43.39803695678711,8.603106498718262,74.62700653076172,0.7823479175567627,0.6224403381347656,0.3336421847343445,0.0389312282204628,14.09701919555664,0.27046462631073614,0.19645340639771255,-0.17230302095413208,0.0,0.17243411128844835,6.98059822323514,86.63983154296875,51.15400695800781
05040.jpg,3.2411,0.5324735045433044,0.4779493093423881,0.9177970510299426,5.345551490783691,83.5107421875,0.7622632073744972,0.3359288225565858,4.5280537605285645,2.359550172189323,34.799644470214844,7.871617317199707,69.78369140625,0.7341011762619019,0.4802280366420746,0.4152052402496338,0.07027746737003326,11.531839370727539,0.35314738392287215,0.14117957453442057,-0.15400443971157074,0.0,0.24632745290196403,4.194990913837688,43.86688232421875,40.27745056152344
05051.jpg,3.242,0.535417914390564,0.5676150603925609,0.9230135041790796,3.8700430393218994,102.52014923095703,0.7566088167736791,0.32896085931368124,4.852344989776611,2.475489824053107,39.1833610534668,9.980691909790039,78.1689682006836,0.7550526857376099,0.3446686863899231,0.4761543571949005,0.09909412264823914,10.039521217346191,0.35745046727647073,0.22534916919072087,-0.1656269133090973,0.0,0.33254660268670616,5.16581006349579,37.71990966796875,44.08918380737305
05062.jpg,3.2518,0.6993409991264343,0.3334964051182387,0.8964864412878087,5.224771976470947,48.10920715332031,0.8158374555579201,0.20937238933140864,2.791257381439209,1.3366645472393115,26.453266143798828,4.372758388519287,67.11973571777344,0.5776534080505371,0.19221049547195435,0.41668465733528137,0.16667324304580688,7.781341552734375,0.3951673612747938,0.13303116564515644,-0.23400455713272095,0.0,0.26420308250974606,7.181817347254937,70.28314208984375,46.59011459350586
05068.jpg,3.2722,0.6723265647888184,0.2596311595678401,0.8837839718883989,6.5649309158325195,52.23828125,0.8224316516126553,0.2223930132818432,2.8706443309783936,1.2248894552951786,27.279008865356445,4.6750383377075195,59.69697189331055,0.5571757555007935,0.35713863372802734,0.30821120738983154,0.1428346186876297,8.451665878295898,0.34715725239643813,0.13131047311519126,-0.22104069590568542,0.0,0.19973896243620962,8.668195173460552,67.67498779296875,38.53557586669922
05086.jpg,3.2791,0.5719846487045288,0.2795647896869913,0.879817863525853,6.600157260894775,71.6806869506836,0.7875266389365994,0.28406667418137016,3.5854649543762207,1.4237758009830985,33.38323211669922,6.6279191970825195,59.20964813232422,0.6037304401397705,0.7293877005577087,0.3227875232696533,0.07111994922161102,11.480085372924805,0.32268995088152963,0.14227626156914072,-0.16713468730449677,0.0,0.17291403089974075,5.197370192079842,59.48309326171875,44.012386322021484
05092.jpg,3.2714,0.5441461205482483,0.5047090362952802,0.9198834475614359,4.932706356048584,65.3453598022461,0.7697576763832568,0.29981677433544734,4.21606969833374,2.308744340116152,28.343761444091797,6.137796401977539,82.12158203125,0.7457593679428101,0.36435627937316895,0.48151302337646484,0.09979277849197388,10.009010314941406,0.34668442853949083,0.16265256468940636,-0.19597679376602173,0.0,0.3046820178055002,4.951496369416458,55.76849365234375,35.791778564453125
05097.jpg,3.2599,0.5662557482719421,0.36083252068077043,0.9031555240633173,6.318101406097412,63.66108703613281,0.7720980438155959,0.26466501605911347,3.75816011428833,1.8179280093812409,30.774612426757812,6.148557186126709,67.62449645996094,0.6878794431686401,0.5063530802726746,0.3135901093482971,0.07991739362478256,10.973587989807129,0.31129360738908335,0.16891567056512702,-0.20280687510967255,0.0,0.2077444742354654,4.727224259187568,64.10687255859375,32.87636947631836
05108.jpg,3.2862,0.4964863657951355,0.364415038908848,0.911403250544518,6.439836502075195,125.47480010986328,0.7780769170109929,0.33899734260181213,4.046743392944336,1.9107404263496548,58.376251220703125,12.958498001098633,79.57207489013672,0.7816319465637207,0.9163902401924133,0.31798672676086426,0.0463835671544075,13.336359024047852,0.3235853207969883,0.13016350320714695,-0.10136589407920837,0.0,0.16085430846937046,8.403020288692906,83.20477294921875,49.908348083496094
05112.jpg,3.3147,0.5438465476036072,0.3858376238337476,0.8999417035125561,5.911518096923828,63.19951629638672,0.7434928173460056,0.3084903641244545,4.155274391174316,1.9420807018112063,28.764719009399414,6.063936233520508,62.47834396362305,0.6728208065032959,0.6867291331291199,0.3704121708869934,0.057057853788137436,12.436846733093262,0.3150006287874608,0.13396328439124558,-0.17065995931625366,0.0,0.20027693642719593,3.9881802976065037,56.22381591796875,36.72491455078125
05139.jpg,3.2974,0.4744908809661865,0.5401467569693006,0.9340202967216403,4.541394233703613,92.74427795410156,0.7154718696341866,0.37394208208215785,5.115472793579102,2.608072766527096,35.69816207885742,9.160574913024902,76.42621612548828,0.825209379196167,0.8007563948631287,0.4850960373878479,0.04646443948149681,13.328792572021484,0.34135651982339305,0.20668269385909263,-0.13903984427452087,0.0,0.2615923431596283,3.923561471146043,49.66693115234375,37.560142517089844
05140.jpg,3.2817,0.6544958353042603,0.2622999152992955,0.8807827589811541,5.737797021865845,45.914241790771484,0.7924806484766137,0.27589585515055837,3.2880613803863525,1.1837458066567796,23.330486297607422,4.344289302825928,28.54084014892578,0.40738531947135925,0.39219051599502563,0.2600206136703491,0.06623999774456024,11.788796424865723,0.32893247468132436,0.13586981378693871,-0.1899191439151764,0.0,0.12861480626977434,5.216878986749613,68.33856201171875,40.605438232421875
05144.jpg,3.3009,0.5292103886604309,0.2850236526865219,0.8873740951216724,6.999697685241699,66.69835662841797,0.754181521891656,0.250232988935995,3.2018206119537354,1.4538422254313454,38.678794860839844,6.951536178588867,59.4568977355957,0.663522481918335,0.8242201805114746,0.2366454005241394,0.059042006731033325,12.288389205932617,0.27693433509739346,0.12483570637706798,-0.20408444106578827,0.0,0.13363173018556543,6.695249680157191,73.16693115234375,38.022769927978516
05148.jpg,3.303,0.5806254148483276,0.34539541193023104,0.9083008307789537,6.565031290054321,46.18449783325195,0.8037616532252742,0.23654641614901648,3.092298746109009,1.6678050171093277,24.61517333984375,4.084907054901123,81.84427642822266,0.7051674127578735,0.35382843017578125,0.40038612484931946,0.102849580347538,9.877976417541504,0.35597750928167005,0.12920069718701732,-0.2269049882888794,0.0,0.21963818744556282,6.361302189573184,66.31219482421875,35.90515899658203
05154.jpg,3.2619,0.5920882225036621,0.4794129892664585,0.9107936206006896,4.673815727233887,76.49790954589844,0.7814984246017317,0.2838490611874814,4.077426910400391,2.097738579705747,31.969783782958984,7.170660972595215,76.0941162109375,0.6924172639846802,0.24504131078720093,0.418304979801178,0.12577249109745026,9.004143714904785,0.36366313890449514,0.17612417679502643,-0.19106096029281616,0.0,0.2971736034777575,5.860953935449013,38.04510498046875,44.65271759033203
05156.jpg,3.2879,0.5938145518302917,0.35850080141915946,0.9096228818111475,6.529820919036865,54.53966522216797,0.792628626450765,0.27453202941090904,3.284315347671509,1.7591944413015659,28.20041275024414,5.005221843719482,79.34375,0.689955472946167,0.3095250725746155,0.366388201713562,0.0879131630063057,10.55946159362793,0.3375061054846109,0.14839074699705387,-0.20999091863632202,0.0,0.21017848809438036,7.33130571666657,63.36541748046875,39.965187072753906
05169.jpg,3.2725,0.5842745900154114,0.3127418395857888,0.8929521195657262,6.388078212738037,65.62518310546875,0.7828194224236091,0.2591046944967088,3.588815450668335,1.5601018374312154,31.58254051208496,6.263078689575195,66.1789321899414,0.6537535190582275,0.5451280474662781,0.35806405544281006,0.09921353310346603,10.034292221069336,0.3513094677595098,0.1439793371552284,-0.20532236993312836,0.0,0.2069924690543489,4.944910830068608,61.42889404296875,41.01759338378906
05170.jpg,3.2608,0.5004419088363647,0.5996962513628773,0.9300209514506114,4.0105719566345215,81.79863739013672,0.7416836658190429,0.3290502921584579,4.783756256103516,2.636973755695456,33.141639709472656,7.958162784576416,86.03571319580078,0.7858542203903198,0.335463285446167,0.6012516021728516,0.08572783321142197,10.668782234191895,0.3761865477467992,0.1972912121691723,-0.17651225626468658,0.0,0.3794846546072186,4.383654061470742,59.49041748046875,39.6124153137207
05181.jpg,3.317,0.5596526265144348,0.4184757611915718,0.8974469770904892,5.422062397003174,103.25881958007812,0.7631446086644019,0.3618238765256286,4.488072395324707,2.073583345660131,46.03415298461914,10.496135711669922,66.64383697509766,0.6660376787185669,0.6793125867843628,0.31180763244628906,0.0575348362326622,12.400691986083984,0.3055131547586653,0.19548919486536795,-0.13181263208389282,0.0,0.18043920418812118,5.496224334686699,65.03753662109375,45.88272476196289
05184.jpg,3.248,0.8949716091156006,0.06490411340340146,0.8702787435729071,6.946010589599609,17.39908790588379,0.8716741843955578,0.1281064808836765,1.3745579719543457,0.2700207292091523,13.638185501098633,1.2343147993087769,16.207021713256836,0.1445651352405548,0.2858239412307739,0.1635497659444809,0.07791095227003098,11.084013938903809,0.41147199385196626,0.0438483933169951,-0.2689656615257263,0.0,0.06800815257300111,14.157801936815876,87.82635498046875,45.34814453125
05189.jpg,3.2942,0.5143252015113831,0.49958353683988704,0.9243068424964205,5.425076007843018,69.25059509277344,0.7812555005328145,0.29443625774134347,4.138993263244629,2.3890351178149016,29.075563430786133,6.490982532501221,84.34027099609375,0.7728538513183594,0.3313923478126526,0.46316802501678467,0.08215810358524323,10.853495597839355,0.3254231082944872,0.20281908746980706,-0.19391176104545593,0.0,0.2818293779623055,4.672947083698817,54.80999755859375,45.45671081542969
05199.jpg,3.2509,0.6272811889648438,0.38192171930021074,0.891724784346966,4.864716529846191,63.00961685180664,0.753719596599168,0.34805567613471666,4.231318473815918,1.7369936508495023,28.620763778686523,6.5838623046875,34.52691650390625,0.5389432907104492,0.45431211590766907,0.3648638129234314,0.06374579668045044,11.955485343933105,0.33897854436793906,0.1946699763903376,-0.1601293534040451,0.0,0.1823842018679449,4.9386577776690865,73.37347412109375,38.8517951965332
05214.jpg,3.2473,0.493611216545105,0.7917541413124268,0.9351856240602554,2.396660089492798,73.76142883300781,0.7554501702469872,0.30836393595496014,5.206915855407715,3.010096017022163,29.15334129333496,7.131738185882568,75.0257339477539,0.7740685939788818,0.2785152196884155,0.6868315935134888,0.09648352861404419,10.155467987060547,0.39771244313116033,0.20948180691471677,-0.17665411531925201,0.0,0.46341253920073044,3.692651680699406,29.60906982421875,41.15546417236328
05239.jpg,3.2905,0.5543923377990723,0.6348411507439771,0.9233978544534183,3.4218297004699707,85.22309875488281,0.7471424185978732,0.32684239945214333,5.060789585113525,2.69256977409112,33.65580749511719,8.454253196716309,75.11771392822266,0.7302367687225342,0.3042455315589905,0.5317561030387878,0.10715888440608978,9.699718475341797,0.3662216160725605,0.22062210536155133,-0.17077314853668213,0.0,0.3504811354048594,4.159977462760701,29.71795654296875,45.59812927246094
05261.jpg,3.252,0.5710831880569458,0.49145875873896405,0.9157318383647336,4.648751974105835,83.95624542236328,0.7762906217696129,0.26787798933444185,4.082635879516602,2.145567556673516,35.097660064697266,7.911022663116455,86.63897705078125,0.7206324934959412,0.2436773180961609,0.4353800117969513,0.1138714849948883,9.435851097106934,0.36156669614848086,0.21112422725104613,-0.1890469640493393,0.0,0.32682919436415125,6.104000228027805,42.59857177734375,56.148292541503906
05273.jpg,3.281,0.5862455368041992,0.4105759306715311,0.9071129720760025,6.201508045196533,44.89046859741211,0.7919929983343675,0.26167669761732437,3.355030059814453,1.9618497458646864,24.105356216430664,4.0969767570495605,79.29605102539062,0.6958013772964478,0.4229191541671753,0.4251481890678406,0.106562539935112,9.723954200744629,0.3749360553169713,0.12433069295796602,-0.2218877673149109,0.0,0.2419212292960248,6.786752388135878,69.36053466796875,35.74723815917969
05280.jpg,3.2873,0.5466043949127197,0.48349164733424027,0.9160438956316739,4.928627014160156,105.84445190429688,0.7459970484217816,0.3334110375108129,4.852560520172119,2.3645700651297226,40.088687896728516,10.294717788696289,77.3275146484375,0.7374235391616821,0.4089142680168152,0.4344518184661865,0.08500918000936508,10.705342292785645,0.3386556188366218,0.22061357913381457,-0.14945518970489502,0.0,0.2845364346305172,4.843014722173843,45.61932373046875,36.995914459228516
05281.jpg,3.2643,0.5544581413269043,0.46882343784672614,0.9186720106544367,5.1093926429748535,78.41015625,0.7517225353673294,0.3034296697104638,4.35664701461792,2.218959328842428,33.675018310546875,7.609399318695068,81.32317352294922,0.7401696443557739,0.33405840396881104,0.4477422833442688,0.09478329122066498,10.232682228088379,0.35636488036527053,0.18953122735207142,-0.18849055469036102,0.0,0.2955894335545029,5.029832464631009,53.34539794921875,33.825294494628906
05297.jpg,3.2929,0.5263669490814209,0.4128807415139977,0.9090432195087897,5.7917022705078125,146.212158203125,0.7625276073445982,0.36770624178268013,4.547110557556152,2.1343560601092335,63.011619567871094,15.505596160888672,71.7361831665039,0.7343454360961914,0.7045268416404724,0.3383259177207947,0.05262887850403786,12.787759780883789,0.28108574156587574,0.20789740246758884,-0.09465108811855316,0.0,0.17318462565877163,7.206266503514889,90.57830810546875,52.31654357910156
05311.jpg,3.2859,0.5513883829116821,0.4019132949150248,0.9133768505983388,5.931964874267578,102.6899185180664,0.7412355217631369,0.3112807401106323,4.298920631408691,2.0559717543946388,49.8570556640625,10.898493766784668,75.36614227294922,0.7296773195266724,0.584028422832489,0.32713788747787476,0.05238392949104309,12.808018684387207,0.265577212472194,0.2294016951447225,-0.13912448287010193,0.0,0.17234806918078657,7.059325473659691,89.01190185546875,40.520652770996094
05314.jpg,3.2755,0.5621825456619263,0.47689691327640793,0.9111313738576612,4.857036590576172,82.21298217773438,0.739956847263338,0.31107590256922313,4.72037410736084,2.2837276537601454,34.18940353393555,8.291584014892578,66.86632537841797,0.7026423215866089,0.43166422843933105,0.4247555136680603,0.09394247084856033,10.271381378173828,0.3291778822058112,0.21097499798365327,-0.17911480367183685,0.0,0.2647262609859471,4.463630939575562,63.71282958984375,33.42070007324219
05315.jpg,3.2918,0.49239012598991394,0.5465670840304618,0.9328748566228936,4.604385852813721,70.42921447753906,0.7443760487885648,0.3161708124837351,4.580650329589844,2.5101294724191776,29.74030876159668,6.7970662117004395,88.83966827392578,0.8061782121658325,0.3402552008628845,0.5780724287033081,0.07536158710718155,11.228499412536621,0.3865775091764913,0.1959358539278059,-0.18869787454605103,0.0,0.35120990936380353,4.182710514928896,59.78582763671875,38.201011657714844
05326.jpg,3.2991,0.5511068105697632,0.5003820705982249,0.9197454667834006,5.054197788238525,74.60394287109375,0.7336676576497474,0.31398899511340933,4.652883529663086,2.428633774147835,31.411663055419922,7.233166217803955,76.59217071533203,0.7305934429168701,0.3222000002861023,0.44238245487213135,0.08285236358642578,10.816950798034668,0.35151630530885836,0.18459847809596278,-0.1730831116437912,0.0,0.2593925986934693,4.062518308115665,56.39422607421875,33.53511047363281
05345.jpg,3.3046,0.5568023324012756,0.3435211837700864,0.8875310985140894,5.977100849151611,81.44567108154297,0.7688528646614823,0.3326718156439089,4.088531970977783,1.728885457005207,37.12477111816406,7.9243388175964355,53.17933654785156,0.6079697608947754,0.628308892250061,0.3172261714935303,0.06304149329662323,12.003735542297363,0.32905844105481336,0.14935309668071034,-0.14859236776828766,0.0,0.17051224409293245,4.640952037681736,60.77825927734375,39.84315490722656
05353.jpg,3.2657,0.5360885262489319,0.48139402683973864,0.9192346204128782,5.197221755981445,52.383567810058594,0.8051047313481353,0.26782095407832307,3.5376477241516113,2.1024658645886385,24.721166610717773,4.727555274963379,87.43171691894531,0.7453540563583374,0.23819255828857422,0.4626341462135315,0.10700788348913193,9.705842971801758,0.3650345930962503,0.1570690967843419,-0.22209849953651428,0.0,0.3033663146889314,7.317620371501888,71.54681396484375,42.10755920410156
05356.jpg,3.3118,0.531453013420105,0.5163847033970013,0.9158548517032509,4.839616298675537,92.25479125976562,0.7366306444501395,0.35090898465814313,4.911206245422363,2.5175972618516926,37.77626419067383,9.314298629760742,77.41301727294922,0.7507176399230957,0.5939615368843079,0.388641893863678,0.0751764327287674,11.23918342590332,0.3240186179034942,0.18570908361457028,-0.16108417510986328,0.0,0.22827172707804266,4.545044683064107,41.61541748046875,37.07807922363281
05364.jpg,3.2574,0.6712167263031006,0.3098972413233237,0.896517392683984,6.165544509887695,42.89590835571289,0.8219284345278093,0.22108355869613577,2.8712005615234375,1.400236941851503,24.241212844848633,3.833915948867798,61.29901123046875,0.5766308307647705,0.23033249378204346,0.37749379873275757,0.1418388932943344,8.482047080993652,0.3579322432990167,0.11384369954475039,-0.23649901151657104,0.0,0.21376933975648957,6.466362150609309,67.55975341796875,38.52705383300781
05375.jpg,3.2716,0.5533893704414368,0.4505888018362106,0.907472920909612,5.253093242645264,73.31602478027344,0.7613600137986123,0.2899815953684681,4.239892482757568,2.1387249377715163,30.6251277923584,7.048679828643799,79.91419219970703,0.7259764671325684,0.5023584961891174,0.48896366357803345,0.0968746766448021,10.137897491455078,0.35950623411427324,0.21609038114254733,-0.1885654628276825,0.0,0.29985659858607394,4.3146824160506965,59.58392333984375,34.17913818359375
05379.jpg,3.3014,0.5840510725975037,0.3937377159093198,0.9067063001542534,5.738895893096924,66.24138641357422,0.7746753113395988,0.28426132102724433,3.9654340744018555,1.9104875019672898,29.37189292907715,6.3664703369140625,71.1390380859375,0.6821398735046387,0.38486307859420776,0.43189823627471924,0.09903944283723831,10.041918754577637,0.34830617085115045,0.17338952803094373,-0.1987292468547821,0.0,0.2653747361878664,4.704464724502304,24.52801513671875,35.24114227294922
05384.jpg,3.2758,0.5626559853553772,0.28229702548584995,0.8862201508287697,6.761434555053711,67.5977783203125,0.7883349477813038,0.2714105746108182,3.454102039337158,1.4419129672418904,33.20698165893555,6.505177974700928,60.769657135009766,0.6353331208229065,0.7268526554107666,0.29635846614837646,0.06679899990558624,11.752300262451172,0.30883773482659493,0.15875027925337273,-0.18848350644111633,0.0,0.16303546670483093,5.581538119221124,73.07147216796875,37.35082244873047
05404.jpg,3.2624,0.6440461277961731,0.5539185063504497,0.9051349148648893,3.599004030227661,59.869354248046875,0.7776672176904552,0.2468214317830961,3.8928732872009277,2.0749549395913336,26.903879165649414,5.620808124542236,73.30885314941406,0.6365458369255066,0.21347075700759888,0.6087701916694641,0.15247733891010284,8.167946815490723,0.4166678406905362,0.15897530235048507,-0.20065011084079742,0.0,0.35612860023391746,5.237829118415183,38.46600341796875,42.65045928955078
05410.jpg,3.265,0.5880587697029114,0.38173988163279166,0.9096298627970374,6.040966510772705,60.126644134521484,0.7868407932150747,0.25689484336199814,3.569401741027832,1.8343374370568393,28.8190975189209,5.857836723327637,70.42730712890625,0.6874150633811951,0.3257684111595154,0.3998126983642578,0.10646768659353256,9.727822303771973,0.32835686726001,0.17894821068072508,-0.21452991664409637,0.0,0.24170296840637193,5.5652330287792005,37.26239013671875,37.14225769042969
05414.jpg,3.274,0.5959924459457397,0.4051758691370527,0.9050845998513836,5.485557556152344,66.51246643066406,0.7715139856449353,0.26860023776467856,3.9510180950164795,1.911743835651353,30.460250854492188,6.50283670425415,76.53195190429688,0.6838973760604858,0.3233466148376465,0.41892004013061523,0.11508241295814514,9.389910697937012,0.35276494593379465,0.18618625692989382,-0.20350044965744019,0.0,0.2762567977232751,5.139453879795628,62.94305419921875,37.9532585144043
05420.jpg,3.3166,0.5310602188110352,0.4742037132722352,0.9178765888248959,5.043604373931885,66.84339141845703,0.7304109332546043,0.297921885327476,4.530307769775391,2.270000956196128,28.606595993041992,6.595323085784912,74.67350769042969,0.7504276633262634,0.4622131586074829,0.4490721523761749,0.08692526817321777,10.608539581298828,0.33012507862632795,0.19368610731725402,-0.19357815384864807,0.0,0.2760903452316543,4.425120932760292,61.44866943359375,34.38269805908203
05422.jpg,3.2906,0.5772057175636292,0.41913310451533625,0.9007761863751838,5.520387172698975,91.41117095947266,0.7647873885661463,0.3316817080986677,4.405047416687012,2.0800467347814244,38.6605339050293,9.048454284667969,69.53437805175781,0.6777785420417786,0.5198619961738586,0.40205734968185425,0.09082959592342377,10.417726516723633,0.3414331651344325,0.19819269177029478,-0.16355231404304504,0.0,0.25951974855287796,5.473112237259809,47.30877685546875,35.47652053833008
05426.jpg,3.2786,0.5700262784957886,0.5456577202021696,0.91413808793343,4.074790000915527,80.59957122802734,0.7373117446750226,0.295609448445302,4.922998905181885,2.45486653590852,32.5721549987793,8.155838966369629,71.89917755126953,0.7030226588249207,0.32522404193878174,0.5063274502754211,0.10929018259048462,9.614189147949219,0.3496980179751629,0.19969254906245204,-0.16796357929706573,0.0,0.33291073890465495,4.96837021810425,64.32244873046875,35.26134490966797
05440.jpg,3.266,0.5378464460372925,0.20917901497562305,0.8933362620655897,7.34526515007019,46.07156753540039,0.8413642787843787,0.2134041051425949,2.0488905906677246,0.9825339701205991,30.3622989654541,4.266478538513184,45.91653060913086,0.5649986267089844,0.5089820027351379,0.21193796396255493,0.04714866727590561,13.265305519104004,0.33809933127561587,0.12877392618391828,-0.23007483780384064,0.0,0.10879892801102548,9.206332261434927,93.00506591796875,46.04212951660156
05443.jpg,3.2659,0.4884977638721466,0.6402424444656367,0.9401301360269056,3.4669570922851562,84.87896728515625,0.6951267805776095,0.3491937332704908,5.305155277252197,2.808151231579078,32.0120735168457,8.53738021850586,74.18409729003906,0.812848687171936,0.4212779700756073,0.5673490762710571,0.07202642410993576,11.425081253051758,0.3690630164514511,0.23539425284803994,-0.17735734581947327,0.0,0.3542241578751561,3.6830204722569873,45.49383544921875,39.37562561035156
05447.jpg,3.2712,0.5538642406463623,0.5209526534949507,0.9143224786757002,4.500061988830566,80.31388092041016,0.7160321036641689,0.3483266664486116,4.9530863761901855,2.462330983289542,33.89018249511719,8.140263557434082,65.93189239501953,0.7111904621124268,0.4025843143463135,0.5441246628761292,0.09049387276172638,10.433808326721191,0.39038676785168347,0.19139910446595895,-0.1686154007911682,0.0,0.30121696800625836,4.540040917318553,67.22625732421875,41.01813888549805
05461.jpg,3.3039,0.4961465299129486,0.3974867098046786,0.9301852660887329,6.536481857299805,96.05450439453125,0.7849385205951875,0.2965037099035967,3.580040454864502,2.0105988240591195,46.20766830444336,9.572260856628418,75.97473907470703,0.8001539707183838,0.6364812850952148,0.3283371329307556,0.03781869634985924,14.22293472290039,0.27194191754078173,0.19700794763019952,-0.16820409893989563,0.0,0.17483856019003302,9.480752842850107,92.44842529296875,55.30609130859375
05465.jpg,3.283,0.5875387787818909,0.48584517182170334,0.9127885854093146,4.615127325057983,66.82872772216797,0.7572072539309892,0.28691384124358627,4.295483589172363,2.1645975068700096,29.099475860595703,6.530835151672363,67.94288635253906,0.6871213316917419,0.2940943241119385,0.44821903109550476,0.12040595710277557,9.193519592285156,0.35509127304149907,0.16976658073410808,-0.19593943655490875,0.0,0.29706566726659583,4.498959813392019,53.10760498046875,34.36131286621094
05492.jpg,3.2648,0.5910303592681885,0.4624958054315991,0.9057725766102942,4.901528358459473,84.16663360595703,0.7602684317454305,0.3085166349873811,4.589599132537842,2.1948119294408457,35.5804328918457,8.138540267944336,68.4111328125,0.6708917617797852,0.33304232358932495,0.37748438119888306,0.1021190658211708,9.908931732177734,0.3472244896721243,0.16627846741439747,-0.17004144191741943,0.0,0.23332294617923596,5.037171886578458,51.31512451171875,40.09838104248047
05503.jpg,3.2521,0.6660729646682739,0.21743239537609388,0.8750896394333839,6.129951477050781,39.789527893066406,0.8039970296471718,0.24174695876157842,2.9080991744995117,0.9825864534429707,21.457019805908203,3.7202188968658447,22.833158493041992,0.3463309407234192,0.4061432182788849,0.21412260830402374,0.06363660097122192,11.962929725646973,0.3168357930363319,0.11316255358159547,-0.20188093185424805,0.0,0.10861403527850505,6.550299483671027,74.42108154296875,38.610389709472656
05508.jpg,3.2554,0.5067929029464722,0.48760762946080294,0.9253584774187574,5.192107677459717,55.571109771728516,0.7785226945945053,0.27515101044218004,3.7503914833068848,2.1802246852764453,26.551158905029297,4.991814613342285,90.03128051757812,0.7787359356880188,0.29490941762924194,0.4197906255722046,0.09295059740543365,10.31747817993164,0.35535707414792134,0.13335951973203014,-0.21381241083145142,0.0,0.2618162750191543,6.432751313806171,58.08050537109375,40.802433013916016
05512.jpg,3.2652,0.6494972109794617,0.42474776661406394,0.9010415710929564,4.58693265914917,67.8019790649414,0.7750598465644648,0.27515562004986277,3.8852086067199707,1.799269436706088,30.639543533325195,6.441205024719238,66.7093276977539,0.6268433332443237,0.23761379718780518,0.39936575293540955,0.14820729196071625,8.291304588317871,0.3751022025154793,0.15329058966589537,-0.19935376942157745,0.0,0.2753195847293419,5.43763477270075,51.08074951171875,38.88178253173828
05515.jpg,3.2856,0.48469027876853943,0.5935696747680079,0.9361655676715379,4.615991115570068,82.18022155761719,0.763991427239252,0.3083913555334787,4.394717693328857,2.6742525252468807,35.69732666015625,7.940703392028809,92.11315155029297,0.8151947259902954,0.362124502658844,0.4739307761192322,0.07185019552707672,11.43571949005127,0.36089283846325143,0.19901242624997587,-0.19016769528388977,0.0,0.3030200545352982,4.594078772918256,58.08660888671875,38.66896057128906
05530.jpg,3.2829,0.5519726872444153,0.24495783866328652,0.8735726565788863,6.770176410675049,74.22521209716797,0.8008199728953248,0.248547880706281,3.061918020248413,1.2042288532966285,40.64756774902344,7.054876327514648,51.581729888916016,0.5630967617034912,0.8003588318824768,0.18918254971504211,0.05841009318828583,12.335121154785156,0.28274951230365775,0.11707513995401272,-0.19974970817565918,0.0,0.10552933395727015,10.643716042267648,84.51922607421875,42.70906066894531
05540.jpg,3.2568,0.5886536836624146,0.5191970047638307,0.9164523488171711,3.8054280281066895,69.6216812133789,0.7795344998304015,0.2694706451353574,4.001064300537109,2.026563436446323,33.89048767089844,6.980644702911377,78.67872619628906,0.7013672590255737,0.2103865146636963,0.5634661912918091,0.12770093977451324,8.93805980682373,0.42422514397016864,0.17153528180191277,-0.2045980989933014,0.0,0.3523851615452672,5.040765619357996,60.22845458984375,42.317626953125
05547.jpg,3.29,0.5265048146247864,0.5633174723932762,0.9250383570349779,4.257473468780518,76.48565673828125,0.7468354839717043,0.3129419849485067,4.62631893157959,2.5022081753666354,31.822582244873047,7.572695732116699,85.01626586914062,0.7662246227264404,0.314639151096344,0.47659021615982056,0.09516386687755585,10.215280532836914,0.3539268110150847,0.18609805594084777,-0.18497145175933838,0.0,0.30661851594573025,4.581737878918522,45.37005615234375,33.139076232910156
05550.jpg,3.3396,0.5532113313674927,0.2223857997374457,0.8705317949849888,6.803191661834717,73.74639892578125,0.8031569250306331,0.2580178925130631,3.0218703746795654,1.0924812863109112,40.4755859375,6.980873107910156,47.58502960205078,0.5293655395507812,0.7741137742996216,0.20304200053215027,0.05658535659313202,12.472959518432617,0.28686982774007685,0.12834707085028169,-0.19691795110702515,0.0,0.11101828549998567,9.089072220651113,86.12762451171875,44.285396575927734
05560.jpg,3.296,0.49583160877227783,0.5819191201396208,0.9341439933577744,4.335470199584961,84.36876678466797,0.7200861802893812,0.35540597846670713,5.07999849319458,2.7395313762477276,34.16554641723633,8.559921264648438,79.19083404541016,0.8034639358520508,0.4871073365211487,0.5029117465019226,0.06684590131044388,11.749252319335938,0.35906827154103155,0.21497198609479912,-0.16527988016605377,0.0,0.2808307705358793,4.413788831984149,37.04705810546875,35.05413818359375
05569.jpg,3.2557,0.5848712921142578,0.48080639489416016,0.913022063436556,4.453734397888184,66.440673828125,0.796119872664382,0.27186481581284977,3.895284414291382,2.0071397597651597,30.282766342163086,6.320425510406494,78.46878814697266,0.7040017247200012,0.21900349855422974,0.4768320620059967,0.1248943880200386,9.034570693969727,0.38278506913814736,0.17965441641264232,-0.20752008259296417,0.0,0.33216610201889385,6.128565947183411,30.00677490234375,47.77837371826172
05574.jpg,3.2639,0.572444498538971,0.4154520411203662,0.9053818336184719,5.525764465332031,68.92003631591797,0.7804495688213338,0.2828705552296687,3.937563419342041,1.9657869357050615,30.7774658203125,6.556966304779053,77.32681274414062,0.7062121033668518,0.4329439401626587,0.41027599573135376,0.11015396565198898,9.579998016357422,0.35520595167036967,0.1658898995798747,-0.1976645588874817,0.0,0.27266896699181975,5.363319331539095,45.21502685546875,38.71946716308594
05575.jpg,3.2858,0.5238645076751709,0.6068238625595633,0.9283647070725511,3.6458680629730225,97.37825012207031,0.7348324649499264,0.34778447629519693,5.077021598815918,2.646639917742382,36.22464370727539,9.50495433807373,75.04438781738281,0.7653944492340088,0.33503854274749756,0.5428857803344727,0.0930887833237648,10.311026573181152,0.3599193090937581,0.24245854362109692,-0.16561391949653625,0.0,0.35824392629220875,4.07854099966842,39.22528076171875,44.929725646972656
05577.jpg,3.2687,0.6146334409713745,0.3825531835701664,0.9042027030762223,5.705075740814209,58.14921188354492,0.7891319492053162,0.2579440698622583,3.6286821365356445,1.7853363755066374,27.746381759643555,5.424234390258789,66.3563003540039,0.6513863801956177,0.2940632104873657,0.40098491311073303,0.11986876279115677,9.212940216064453,0.34744826195704204,0.15556068148677607,-0.21642297506332397,0.0,0.23566147474259072,5.023222961255216,56.68865966796875,39.237762451171875
05583.jpg,3.3053,0.5071359276771545,0.5984379999325565,0.9293585835763365,4.06549596786499,93.24919128417969,0.7390222323983553,0.34646670608172064,5.054471969604492,2.7288786409091017,37.386051177978516,9.377923965454102,82.80968475341797,0.7946035861968994,0.5433602333068848,0.434320867061615,0.07329696416854858,11.349140167236328,0.34272727938421776,0.2079890274312522,-0.1646634042263031,0.0,0.2683899480166708,4.251458413927634,53.08148193359375,39.92154312133789
05591.jpg,3.2811,0.6330238580703735,0.3842847386416302,0.891913316678936,5.0159783363342285,62.849143981933594,0.7631598258368676,0.3360129630557776,4.1358113288879395,1.758453563370014,27.991758346557617,6.264240741729736,34.12896728515625,0.5141407251358032,0.344978392124176,0.3363571763038635,0.06950514018535614,11.579830169677734,0.3195809511149179,0.19429073854070916,-0.1564241647720337,0.0,0.1747603424402285,4.786132700584904,69.75408935546875,45.28223419189453
05618.jpg,3.2847,0.44733747839927673,0.5232183224581013,0.9407383111797849,5.528390407562256,29.46965217590332,0.7897554317381646,0.2271298697058377,2.912952184677124,2.2083422245717568,19.587779998779297,2.5791876316070557,101.94256591796875,0.8447141647338867,0.40599989891052246,0.3942888379096985,0.0689578503370285,11.61416244506836,0.3767467788779584,0.07032793492087448,-0.24849583208560944,0.0,0.21449469943903196,6.826092816188614,83.57244873046875,36.357505798339844
05633.jpg,3.2508,0.6492507457733154,0.3029621856506654,0.8959698725410861,6.429790019989014,50.17262649536133,0.8198459459087053,0.21830356979212026,3.002580404281616,1.4288313960218586,27.788705825805664,4.72357177734375,58.18387985229492,0.5917817950248718,0.25914466381073,0.3771960437297821,0.13081815838813782,8.833319664001465,0.3607051947355136,0.13994301288098143,-0.22660872340202332,0.0,0.22985639044307918,5.135619775392189,63.18670654296875,38.463294982910156
05636.jpg,3.2396,0.5804778933525085,0.6327689018703554,0.9169177214781684,3.3315505981445312,79.79772186279297,0.7632984261800335,0.2950525046176972,4.629935264587402,2.5189019690171834,31.18718910217285,7.623627185821533,75.0432357788086,0.6985516548156738,0.2037283182144165,0.5796801447868347,0.12576773762702942,9.004307746887207,0.3783767211128372,0.20501706819662716,-0.17743968963623047,0.0,0.39755726313813683,3.6361657324461203,39.34197998046875,35.86574935913086
05655.jpg,3.2347,0.47711190581321716,0.5050549817808996,0.9310273567738969,5.491321802139282,30.188703536987305,0.8333879888196797,0.2209374530479991,2.8459105491638184,2.1053896557233047,19.472122192382812,2.585512399673462,99.16397094726562,0.8078691959381104,0.28883880376815796,0.424294114112854,0.08493664860725403,10.709049224853516,0.3770291758284378,0.07688763462456726,-0.253787636756897,0.0,0.24573237093724754,7.57591459816667,87.00115966796875,39.313751220703125
05662.jpg,3.2637,0.5979181528091431,0.5986883263443037,0.9126907619656695,3.313175916671753,94.23251342773438,0.7637812087842997,0.2893703334964716,4.4888811111450195,2.335511355248853,36.51866149902344,9.025198936462402,75.17665100097656,0.6844314336776733,0.21808087825775146,0.5144211053848267,0.13324418663978577,8.753517150878906,0.36566292172479475,0.2179315006887052,-0.1751869171857834,0.0,0.3574983179440993,5.44249698572678,35.56463623046875,45.688045501708984
05664.jpg,3.2865,0.5439984202384949,0.5260595126061481,0.9172479849057286,4.813181400299072,99.56536865234375,0.7424590438136811,0.36383045434132266,4.943241119384766,2.5662392000399112,38.32919692993164,9.677912712097168,70.27501678466797,0.7254455089569092,0.4662911593914032,0.3933771848678589,0.07045592367649078,11.520825386047363,0.3401643122915771,0.18822437680663195,-0.13237221539020538,0.0,0.22930140939508148,4.347363723238464,46.73162841796875,37.45777130126953
05689.jpg,3.2397,0.5185768604278564,0.6964060849886582,0.934971498714299,2.8110406398773193,71.67049407958984,0.7362644888864948,0.3111576797075011,5.240974426269531,2.803749159068466,27.45655059814453,6.986329555511475,68.49947357177734,0.7658048272132874,0.316999614238739,0.6769900321960449,0.09577398002147675,10.187524795532227,0.38746305314153795,0.2188900056446302,-0.1768311709165573,0.0,0.4414449664821552,3.681902796616982,42.65301513671875,38.086265563964844
05701.jpg,3.2938,0.5727839469909668,0.40093228194558816,0.9013010162893385,4.976192951202393,80.38152313232422,0.7421326495075141,0.35854686729254626,4.460744380950928,1.8917939009301934,33.90260696411133,8.136880874633789,45.50258255004883,0.6240240335464478,0.5420817732810974,0.3880266547203064,0.0555233359336853,12.555244445800781,0.3032628910403245,0.21413393672177763,-0.153778076171875,0.0,0.19916403746483585,4.423160617037671,74.29241943359375,41.36265563964844
05719.jpg,3.2934,0.513424813747406,0.566374632078157,0.9257650234525387,4.634565830230713,94.08295440673828,0.722854989196172,0.3834380829634497,5.114021301269531,2.760686400293828,35.16493606567383,9.214837074279785,68.56632232666016,0.764983057975769,0.5403693914413452,0.4610890746116638,0.053908467292785645,12.683430671691895,0.3439701572117917,0.20928151202440448,-0.1293543577194214,0.0,0.24527984607134987,4.585997094714911,50.90277099609375,36.26097869873047
05729.jpg,3.2546,0.5854599475860596,0.4887485411061631,0.9133330001893093,4.672467947006226,49.54109191894531,0.7949071589080913,0.2521695554413775,3.758852005004883,2.0604064832380065,24.60946273803711,4.519831657409668,80.72227478027344,0.7003418207168579,0.23860442638397217,0.4725758731365204,0.1243562400341034,9.053324699401855,0.36797014246407184,0.12915149873303966,-0.22028721868991852,0.0,0.2993439932489786,5.107826306027626,58.66082763671875,41.89624786376953
05734.jpg,3.2471,0.8375803828239441,0.23063242225861477,0.8747696469394992,5.570091485977173,26.171384811401367,0.825829239382148,0.19580069668259906,2.807142496109009,0.9660351151298725,15.132917404174805,2.2615456581115723,18.961280822753906,0.2661256194114685,0.32453861832618713,0.2846171259880066,0.0771491676568985,11.126688957214355,0.4405179051197865,0.06917836615028085,-0.20804131031036377,0.0,0.12586325550931893,5.2860428579174865,67.54656982421875,45.12535858154297
05754.jpg,3.214,0.8495447039604187,0.11556015064077818,0.8674148148920673,6.699801445007324,21.25554847717285,0.8455760941897078,0.15327073075409606,1.9229609966278076,0.4982259530896531,14.283796310424805,1.6949453353881836,17.162967681884766,0.21105709671974182,0.3956100344657898,0.17856669425964355,0.07076379656791687,11.5018892288208,0.37895228221164823,0.050207539411543094,-0.24950888752937317,0.0,0.08134330944680253,10.432086498692566,76.49237060546875,41.55937576293945
05764.jpg,3.3182,0.5488568544387817,0.36694061166157926,0.8856944958239749,5.87168550491333,82.35426330566406,0.7569423364280403,0.32499842834275317,4.279412269592285,1.8624317515584607,37.557987213134766,8.23560905456543,59.286231994628906,0.6461793780326843,0.8295260667800903,0.3051207959651947,0.06024492532014847,12.20079517364502,0.32699748050820454,0.13700806160259854,-0.16476181149482727,0.0,0.16786641943494485,5.173660838767777,45.34588623046875,39.36787796020508
05765.jpg,3.286,0.5271990895271301,0.4035933143578446,0.9042993840050478,5.6695075035095215,98.39288330078125,0.7502015362118599,0.32879490470245143,4.597400665283203,2.0718350814780013,40.73800277709961,9.845945358276367,75.43558502197266,0.7362114191055298,0.8203116655349731,0.40822261571884155,0.059384047985076904,12.26330280303955,0.3274191751937742,0.20653221766207452,-0.144825279712677,0.0,0.23597644571999213,4.338258796178512,46.64105224609375,41.400386810302734
05773.jpg,3.2594,0.5554431676864624,0.38557356233259493,0.9086777192680691,6.09926438331604,74.0704345703125,0.7605092771172013,0.2843937278440068,3.9788928031921387,1.9429425157896194,34.39253234863281,7.411866188049316,69.97633361816406,0.7054958343505859,0.4473649561405182,0.31420910358428955,0.07060538232326508,11.511622428894043,0.3072201078515658,0.16601961124913944,-0.1899110972881317,0.0,0.19603128064754452,5.098251509223324,43.58734130859375,37.555519104003906
05795.jpg,3.2438,0.5786414742469788,0.32028489520167697,0.910845164900051,7.248591661453247,37.604366302490234,0.8147054304665876,0.22016558747350368,2.5227460861206055,1.5648118406260458,23.26243019104004,3.342435121536255,75.04679870605469,0.7019729614257812,0.3091953992843628,0.31842947006225586,0.09690073132514954,10.13672924041748,0.3240153414409792,0.09897631690084202,-0.24777087569236755,0.0,0.17756417700101823,6.766085108227826,77.09197998046875,36.33993148803711
05805.jpg,3.2646,0.6029630899429321,0.3857663284309966,0.8983273414186453,5.12921142578125,70.19132232666016,0.7578947702161442,0.34681686545714985,4.17402458190918,1.794444843155727,31.95469093322754,7.247669219970703,42.19402313232422,0.5654821395874023,0.4376392364501953,0.3547425866127014,0.05584746599197388,12.5299654006958,0.3214067271746356,0.2231748326198784,-0.15373799204826355,0.0,0.18136984971527784,5.180194220008074,70.32830810546875,39.09234619140625
05814.jpg,3.2639,0.5498925447463989,0.2642680528511059,0.890596408053741,7.153103590011597,53.706607818603516,0.7909970285039902,0.2410479760405262,2.753385543823242,1.3089891779210614,35.12818145751953,5.433818340301514,64.4487533569336,0.6512536406517029,0.715765118598938,0.2396841049194336,0.05669877678155899,12.464263916015625,0.32468774375778975,0.10472731693697397,-0.22533395886421204,0.0,0.13549125376289003,9.322407845103749,81.56024169921875,40.573753356933594
05821.jpg,3.2742,0.5821194648742676,0.5731685105690946,0.916232219673248,3.805908441543579,105.18984985351562,0.7532778061508301,0.33515416973636025,4.91235876083374,2.49852881051625,39.81448745727539,10.07250690460205,73.20356750488281,0.7024386525154114,0.2787879705429077,0.45324549078941345,0.11595159024000168,9.357233047485352,0.37563256167784115,0.2117049713828716,-0.15955786406993866,0.0,0.31632169988221576,5.309760432710042,44.49578857421875,41.895851135253906
05863.jpg,3.3064,0.5561951398849487,0.4488017384662272,0.9155261060720963,5.4690260887146,58.4727783203125,0.7540108036383697,0.28558910122520714,4.134092807769775,2.154956428763481,27.675922393798828,5.7030816078186035,80.71981048583984,0.7341660261154175,0.41586944460868835,0.3910241723060608,0.08775695413351059,10.567184448242188,0.3316126515211325,0.17937317299789263,-0.20451471209526062,0.0,0.2407043872416099,4.654551785216619,67.55096435546875,30.92892074584961
05874.jpg,3.2636,0.6380496621131897,0.3123940798501857,0.8973364077085918,5.9909679889678955,53.282562255859375,0.8265626919440361,0.20972177922674054,2.8026998043060303,1.3735507065908026,28.000394821166992,4.808504104614258,70.44139099121094,0.6404561996459961,0.2674263119697571,0.34394371509552,0.14632347226142883,8.346860885620117,0.3496326199361648,0.15218975222332776,-0.23108483850955963,0.0,0.2420057176977432,7.644227244363752,69.00091552734375,47.5424690246582
05882.jpg,3.3028,0.616608202457428,0.3206416121739265,0.8967275537742695,6.335203647613525,47.21339797973633,0.8081829933756497,0.23159081602475995,3.030064821243286,1.5014533153045866,24.47592544555664,4.405933856964111,56.75115966796875,0.6333329081535339,0.3245924115180969,0.38904449343681335,0.1273801475763321,8.948983192443848,0.33744303480486315,0.13834213619098934,-0.23329246044158936,0.0,0.227121132856008,5.725192972846462,63.93475341796875,35.374671936035156
05913.jpg,3.3358,0.5235365629196167,0.5073430591961475,0.9196831425343845,5.104836940765381,106.11854553222656,0.749133662568178,0.3701559124969713,4.908799648284912,2.5401838593883515,40.62644958496094,10.43274211883545,73.54136657714844,0.7547754049301147,0.5602903366088867,0.3924257755279541,0.058933377265930176,12.29638671875,0.3431102964786409,0.18827671433360005,-0.12303127348423004,0.0,0.2146265793274442,4.761048003611041,28.12713623046875,41.848114013671875
05926.jpg,3.2908,0.6350743770599365,0.48346575859275387,0.9105143378176268,4.158124208450317,58.720008850097656,0.7793027556000787,0.26183996496292783,4.115898132324219,2.0001121941601276,28.211530685424805,5.631650447845459,69.92578125,0.6393260359764099,0.243954598903656,0.5084836483001709,0.13903546333312988,8.568744659423828,0.3960655830812643,0.14912329483433806,-0.19883954524993896,0.0,0.3222406097257355,4.733509112739852,49.20819091796875,39.857688903808594
05928.jpg,3.2802,0.6540513634681702,0.47854097626651987,0.900976845098797,4.038438081741333,71.44732666015625,0.773176318617353,0.24279900652684905,3.9367098808288574,1.9082263374020254,32.59984588623047,6.9296956062316895,62.151023864746094,0.6199803948402405,0.22822117805480957,0.4614642858505249,0.15569110214710236,8.077362060546875,0.3782726251774791,0.1631120738877858,-0.19705069065093994,0.0,0.3014410273983561,5.114525146126243,55.68914794921875,37.23187255859375
05931.jpg,3.3367,0.48949360847473145,0.5737601432975032,0.9290966419245337,4.4043450355529785,104.39816284179688,0.7416859869400582,0.36327657197530666,5.099376678466797,2.7264389695982487,41.67738723754883,10.553092002868652,83.37129211425781,0.812106728553772,0.6535720825195312,0.4573652744293213,0.06438940018415451,11.911857604980469,0.34915803003040286,0.18947874172109777,-0.1423238217830658,0.0,0.270701662877326,4.78299207649454,59.57196044921875,43.131103515625
05935.jpg,3.3266,0.4939287304878235,0.45581842932898087,0.9146216421702118,5.39939546585083,66.4869613647461,0.7471505599491074,0.31571905079770074,4.488741397857666,2.253605828221662,29.94923210144043,6.545605659484863,81.50822448730469,0.7863330841064453,0.883554995059967,0.45548003911972046,0.05993092805147171,12.223490715026855,0.36443856612487846,0.15040912379686322,-0.1843123584985733,0.0,0.24907475251813205,4.436379449446639,76.55316162109375,38.33296203613281
05948.jpg,3.2896,0.5705769658088684,0.4756949669015048,0.9143170011086921,5.003150463104248,63.53351974487305,0.7721219129630963,0.2750041447492077,4.027064800262451,2.1478227519872153,27.325807571411133,5.831579208374023,79.07192993164062,0.7132928371429443,0.29573291540145874,0.4857240915298462,0.11260972917079926,9.484241485595703,0.36124049653231,0.1866885578267336,-0.2043856531381607,0.0,0.30726859551881597,4.633268999727504,54.46697998046875,39.82475280761719
05968.jpg,3.3432,0.5960725545883179,0.3870837638960329,0.9015573429138928,5.603291988372803,62.38315963745117,0.7580287283929409,0.28199062053792073,4.0169267654418945,1.8619224088883337,28.491575241088867,5.969345569610596,61.96760177612305,0.6343299150466919,0.301031231880188,0.38088756799697876,0.08757659047842026,10.576120376586914,0.32697803193569847,0.1588086900447713,-0.19000273942947388,0.0,0.2011673049182673,4.396024828820691,63.00653076171875,38.38343811035156
05975.jpg,3.2776,0.5247395038604736,0.7325215684658866,0.9302604620039996,2.6190028190612793,80.70903015136719,0.7481199591045878,0.3250493645455733,5.21314811706543,2.868622851974303,31.454662322998047,7.907980442047119,72.83021545410156,0.740405797958374,0.25990837812423706,0.6842150092124939,0.1053566113114357,9.773382186889648,0.3901400927038468,0.24989724261501284,-0.17482630908489227,0.0,0.4679338120767309,4.205658783870999,47.21258544921875,40.757606506347656
05978.jpg,3.2925,0.5462170839309692,0.4833239922890729,0.9147926473825143,5.171234130859375,52.54338455200195,0.7908459397446198,0.2586551658884558,3.5992815494537354,2.1195092908500968,25.50998878479004,4.89749002456665,80.45093536376953,0.7407296895980835,0.31524956226348877,0.47927409410476685,0.10978484898805618,9.594575881958008,0.3816159798691411,0.1408948434883719,-0.22241853177547455,0.0,0.28179332996183504,5.1777470009656925,72.41400146484375,40.58955383300781
05993.jpg,3.3148,0.6280388832092285,0.25772108528496607,0.877240007423221,6.979151487350464,45.49641418457031,0.806267201367492,0.2410424563662736,2.910374641418457,1.2743743493787498,25.833786010742188,4.06019926071167,61.01732635498047,0.555634081363678,0.5400779247283936,0.282903254032135,0.10065104812383652,9.971817016601562,0.35398129264641015,0.09507779293998811,-0.22671565413475037,0.0,0.16157039383842578,7.423135405206367,67.41741943359375,38.9066162109375
05995.jpg,3.319,0.5825502872467041,0.35947439638003553,0.9021660221175879,6.432989120483398,56.202274322509766,0.7925887613177922,0.26582767197650553,3.454083204269409,1.7770813086965163,28.103960037231445,5.334275722503662,62.893707275390625,0.6516558527946472,0.38301020860671997,0.3874601423740387,0.0817999616265297,10.872468948364258,0.3473508700077827,0.15863559541604624,-0.20439259707927704,0.0,0.21050428601312246,4.9403001088402805,75.77362060546875,40.17811584472656
06039.jpg,3.3247,0.4993843734264374,0.40321578121400226,0.9284229917582661,6.577631711959839,89.67632293701172,0.7673687039748377,0.29218307113944103,3.5876822471618652,2.049414885169033,43.68149948120117,8.95107364654541,73.45955657958984,0.7866004705429077,0.5956611633300781,0.33318305015563965,0.0366576686501503,14.35835075378418,0.25562822436878646,0.21631677071713296,-0.1678798794746399,0.0,0.17034721763012944,7.03418822637123,85.59100341796875,56.33552169799805
06044.jpg,3.3243,0.5763399004936218,0.4095679322554028,0.913080682169108,5.80050802230835,53.21623992919922,0.7574438707615212,0.269354836701971,3.9345197677612305,1.993585156379119,25.711254119873047,5.182429790496826,75.69364166259766,0.7039791345596313,0.32103055715560913,0.38398441672325134,0.0891021117568016,10.501119613647461,0.33799629738168396,0.16073530273960465,-0.2089219093322754,0.0,0.21935931696045044,5.486159669740193,62.40155029296875,31.939453125
06047.jpg,3.3306,0.5486239790916443,0.35937755036379526,0.8988207639942276,6.167540788650513,65.60035705566406,0.7763422636460237,0.29346537731714867,3.869736433029175,1.803592727516552,29.705142974853516,6.3434834480285645,71.41349029541016,0.7020593881607056,0.6744658946990967,0.42401695251464844,0.06527512520551682,11.852522850036621,0.34735909986166325,0.18023357636539725,-0.18687668442726135,0.0,0.24624840560668254,4.929742956949142,67.62567138671875,31.30371856689453
06050.jpg,3.2688,0.5285984873771667,0.5720882644773277,0.9236361253744187,3.7998557090759277,75.30569458007812,0.7535591542031432,0.3035391314070376,4.569483280181885,2.394010977408075,30.812246322631836,7.206291675567627,81.9241714477539,0.7584477663040161,0.32837921380996704,0.5265234112739563,0.10218317806720734,9.906206130981445,0.37190256451440373,0.18856342274988658,-0.1893324851989746,0.0,0.3351197745902251,4.474733247013456,46.63494873046875,35.826053619384766
06055.jpg,3.3521,0.5396965742111206,0.3484905373377841,0.887524851429761,6.013988018035889,118.2354736328125,0.7436403641785273,0.3390183605975273,4.356287956237793,1.8069777069836697,54.824214935302734,12.551018714904785,63.269386291503906,0.6561062335968018,0.7746894955635071,0.2811826467514038,0.05309893935918808,12.749141693115234,0.2676843703163152,0.17943693304255548,-0.11769755184650421,0.0,0.14557187162547983,7.825410298949497,87.54608154296875,49.47679138183594
06066.jpg,3.2524,0.480974942445755,0.5844458681768286,0.9359804887244996,4.160810232162476,77.19386291503906,0.76181688668819,0.3032923833855233,4.608595848083496,2.5626321977952475,31.18765640258789,7.275115489959717,89.27290344238281,0.8076854944229126,0.3038367033004761,0.5608915090560913,0.07898198813199997,11.024721145629883,0.3774684211796989,0.20861380472302934,-0.18240119516849518,0.0,0.3679536071782242,3.874241589069547,41.95770263671875,44.79430389404297
06072.jpg,3.3137,0.5625340342521667,0.37885844300429006,0.8841285337094592,5.369361877441406,118.25147247314453,0.7463477310574599,0.3705024749040224,4.563826560974121,1.8816432401565955,53.34589385986328,12.924680709838867,55.00402069091797,0.5944899916648865,0.7133327722549438,0.22231116890907288,0.05551746487617493,12.555703163146973,0.29023546414975016,0.17700031564490976,-0.1227441281080246,0.0,0.12517671481429646,8.350900544755026,89.11712646484375,46.655033111572266
06087.jpg,3.2584,0.4491558372974396,0.6425316068488517,0.9452056226937025,4.451267719268799,73.28939056396484,0.7469809372421204,0.33417374629941304,4.568653106689453,2.897803778567071,32.6337776184082,7.288671970367432,91.3659896850586,0.8551535606384277,0.3884310722351074,0.5020936727523804,0.057422734797000885,12.409161567687988,0.36109228446662556,0.18752714994809755,-0.19436290860176086,0.0,0.29321040769840956,4.254120864183035,44.79803466796875,39.209693908691406
06119.jpg,3.2809,0.4640493392944336,0.5598699883993807,0.9421213875861577,4.160292625427246,92.12934875488281,0.7100146425789372,0.3615458901774001,5.134780406951904,2.6020265360813415,34.90884017944336,9.09619140625,83.47752380371094,0.850159764289856,0.6153709888458252,0.5225405693054199,0.05466553568840027,12.62286376953125,0.35683809918665066,0.22458374381008664,-0.1644989252090454,0.0,0.3019578648936908,3.3144748002949633,48.92010498046875,38.990474700927734
06127.jpg,3.2597,0.5252811312675476,0.6474176866540491,0.924618986247032,3.6066246032714844,68.69763946533203,0.7410498259877674,0.28955609099124274,4.662759304046631,2.6768845280361315,29.28236961364746,6.712886810302734,80.5900650024414,0.7577943801879883,0.26521211862564087,0.5271666049957275,0.10416978597640991,9.822582244873047,0.37135533203222815,0.16415193746986448,-0.1905760020017624,0.0,0.32469297317542867,3.8566931956465096,37.64105224609375,37.54170227050781
06142.jpg,3.2411,0.45328906178474426,0.6232348069738033,0.9593378875559003,2.863323926925659,63.63420104980469,0.6312331765745323,0.39511133665634846,5.105660438537598,2.4832853252146414,25.533157348632812,6.763307094573975,56.50766372680664,0.8846663236618042,0.33500784635543823,0.663483738899231,0.05797550827264786,12.367554664611816,0.42132920768584,0.20524912333545672,-0.20531168580055237,0.0,0.3615625528951351,4.924586703116753,84.37982177734375,49.623165130615234
06150.jpg,3.2826,0.5782402157783508,0.4190483253538921,0.901442075447403,5.374887466430664,72.4153823852539,0.7415782053017996,0.31106439283971554,4.470616817474365,2.062878777455575,31.427745819091797,7.121811389923096,65.14151763916016,0.6619303822517395,0.4409337639808655,0.4018796682357788,0.08159583806991577,10.883319854736328,0.3309723338414075,0.2001921325527898,-0.17092259228229523,0.0,0.2371254400518072,4.313365650546625,58.87957763671875,37.640525817871094
06181.jpg,3.2897,0.5189849138259888,0.4951047488840932,0.9140934126678896,5.077905178070068,95.60285186767578,0.7309248662578298,0.35389939385492,4.901681900024414,2.470479732416722,38.79775619506836,9.506202697753906,85.23133087158203,0.7759572863578796,0.8345319032669067,0.4563117027282715,0.058768969029188156,12.30851936340332,0.3391797029562761,0.21795521773182946,-0.13961245119571686,0.0,0.25624898093631837,4.054217559829634,38.40008544921875,42.309791564941406
06202.jpg,3.2816,0.5781043767929077,0.42442559819975945,0.9104294967247758,5.456310749053955,63.912933349609375,0.7800044086722512,0.2605167580104054,3.92977237701416,1.9918547141081602,29.724714279174805,6.081956386566162,74.59659576416016,0.7031625509262085,0.3749374747276306,0.4553641676902771,0.10975479334592819,9.595766067504883,0.367537851357743,0.17217633056407888,-0.20786795020103455,0.0,0.30110803787094825,4.667408827104196,60.52069091796875,34.078128814697266
06210.jpg,3.292,0.44272714853286743,0.5487218672209898,0.9363762634058695,5.683332920074463,53.768455505371094,0.7877759421016548,0.26187093368083003,3.7361083030700684,2.584336926613169,26.360881805419922,5.124912261962891,93.50389862060547,0.8318151235580444,0.39254099130630493,0.40123239159584045,0.0631813257932663,11.994112968444824,0.33501399056049797,0.14585981754725774,-0.2218538224697113,0.0,0.23098793117195984,5.590782108592631,49.63543701171875,37.97550964355469
06212.jpg,3.2589,0.4905734658241272,0.5027879581524497,0.9278342367382251,5.158740997314453,81.5046615600586,0.7374989353785846,0.315498480672764,4.559613227844238,2.4431450096690153,32.89208984375,8.038586616516113,75.55693817138672,0.8027652502059937,0.5523366928100586,0.48524314165115356,0.06507021188735962,11.866177558898926,0.32509397291173375,0.2232170443944057,-0.18117272853851318,0.0,0.27939986611715967,4.296746526834238,51.13836669921875,41.55238342285156
06217.jpg,3.2803,0.5594213008880615,0.5483122851826959,0.9188794849291193,4.09462833404541,72.89962768554688,0.7510599393648164,0.27436350917488134,4.5786051750183105,2.377830370986816,29.15506935119629,6.892057418823242,74.11541748046875,0.7187954187393188,0.2251979112625122,0.48135247826576233,0.11365514248609543,9.444109916687012,0.3411255474755929,0.20271402395438806,-0.18701912462711334,0.0,0.335613114006863,4.843703323466342,35.01287841796875,45.653385162353516
06225.jpg,3.2718,0.5456066131591797,0.3772633628438233,0.9135950934089523,6.780499458312988,44.7027473449707,0.7791586678597183,0.2397584243220848,3.22650146484375,1.8876443635746156,24.081193923950195,4.214206218719482,76.03592681884766,0.7295998930931091,0.4085172712802887,0.3201963007450104,0.06890517473220825,11.617481231689453,0.3198629939857009,0.12388048994434545,-0.22543254494667053,0.0,0.17928844524236617,6.831868090227905,83.87030029296875,35.74916076660156
06227.jpg,3.2228,0.48093074560165405,0.5618383162704645,0.9271845211552114,4.651157379150391,36.646060943603516,0.7832481852985126,0.22162606548365707,3.066551685333252,2.1680626680285977,21.407289505004883,3.2495017051696777,94.20085906982422,0.7779333591461182,0.20766997337341309,0.5567155480384827,0.09849320352077484,10.065937995910645,0.42110368529573866,0.09840642951981689,-0.24364426732063293,0.0,0.3192813955281261,9.684672561697475,77.07684326171875,36.42359924316406
06228.jpg,3.3051,0.5267447233200073,0.3855632804745913,0.8937553745850487,5.645930290222168,132.29159545898438,0.7883875266630039,0.37593602872405085,4.466573715209961,1.94951224843755,56.624359130859375,13.371468544006348,72.68415832519531,0.7097035050392151,0.9205793142318726,0.28739506006240845,0.05625186115503311,12.498631477355957,0.3308050124586542,0.10544470655880252,-0.08614480495452881,0.0,0.15461060160574142,7.318525094865583,60.29632568359375,52.880126953125
06233.jpg,3.2782,0.5032122731208801,0.605468529675237,0.9262227670323484,3.9683115482330322,98.54737854003906,0.7578883748776952,0.33876423626572616,4.555130481719971,2.5803491927615676,37.99317169189453,9.104296684265137,88.6765365600586,0.7847782373428345,0.3251882791519165,0.48906978964805603,0.09453383088111877,10.24412727355957,0.3756184172693737,0.1683508369840729,-0.16655509173870087,0.0,0.3253169055480236,6.592283900215875,42.01971435546875,49.28477478027344
06243.jpg,3.2633,0.5840080976486206,0.4576609204562069,0.9026263170149689,5.173004150390625,66.75521087646484,0.7294677961536148,0.3184636965425836,4.6107282638549805,2.238824485216112,29.042943954467773,6.669233322143555,69.41923522949219,0.6689645051956177,0.43101876974105835,0.4547802209854126,0.09474309533834457,10.234525680541992,0.3550653324344878,0.18288422169900606,-0.17807450890541077,0.0,0.26245914386432717,4.361197884562062,64.06512451171875,37.74119567871094
06247.jpg,3.3003,0.644102156162262,0.26326715976426085,0.880274922943361,5.846457004547119,51.54452896118164,0.7868826939761873,0.2811278462926567,3.3495054244995117,1.2105023492653784,26.022985458374023,4.9205145835876465,29.8652400970459,0.4105339050292969,0.389230340719223,0.2383756935596466,0.06474107503890991,11.888200759887695,0.2977726004294445,0.14106598174742266,-0.18296748399734497,0.0,0.12200002219812099,6.608461649876459,67.05242919921875,39.85199737548828
06249.jpg,3.3086,0.5677056908607483,0.4486870953233829,0.9129988817057961,5.421952724456787,73.59672546386719,0.769941563041022,0.30742729849041595,4.2154436111450195,2.1620959177497294,31.601442337036133,6.991340160369873,72.33821868896484,0.7083674073219299,0.36608952283859253,0.45673131942749023,0.09866964817047119,10.058164596557617,0.35252179177927956,0.19944398986520898,-0.18908871710300446,0.0,0.28301926732108645,4.162552037518385,47.54339599609375,38.317649841308594
06253.jpg,3.3141,0.506912350654602,0.5699756025522359,0.9263611396499432,3.9966773986816406,73.69088745117188,0.7662995879166447,0.2933188058111913,4.227087020874023,2.3436831563892575,30.08028221130371,6.925553321838379,87.92069244384766,0.7653278708457947,0.2110987901687622,0.5117536187171936,0.10108097642660141,9.953306198120117,0.3713753326714582,0.189268510046342,-0.1972987800836563,0.0,0.3423845174258832,5.50217008047264,35.53045654296875,44.16669464111328
06268.jpg,3.2522,0.539122462272644,0.5391627349217728,0.9217809458853026,4.453886032104492,92.12377166748047,0.763255137633419,0.327084388513451,4.695526599884033,2.466521124517408,35.93889617919922,8.794855117797852,81.06770324707031,0.7522070407867432,0.35171252489089966,0.4768829345703125,0.09406649321317673,10.265650749206543,0.34943393152185453,0.20908951250424762,-0.17443399131298065,0.0,0.31402986101183933,4.200915856584225,42.73529052734375,39.65625
06275.jpg,3.2874,0.5757830142974854,0.3162053582483094,0.8864721912234579,6.620898485183716,65.47527313232422,0.7974962354256979,0.25806328245648646,3.477372646331787,1.5965695739910357,33.91259002685547,6.373926639556885,64.81839752197266,0.6384153366088867,0.6962994337081909,0.3450213074684143,0.07041707634925842,11.523219108581543,0.3516646093973613,0.159557590228251,-0.19071471691131592,0.0,0.1859565156181259,5.718432531958176,51.22967529296875,41.61929702758789
06276.jpg,3.2563,0.620238184928894,0.3647752915068765,0.9065831648419302,6.208267450332642,51.969215393066406,0.8149476508497605,0.2550310806041829,3.2023210525512695,1.7163818764470982,26.687347412109375,4.701024532318115,70.13790130615234,0.6582551002502441,0.2779439687728882,0.45854902267456055,0.11666582524776459,9.33056354522705,0.3873066273863171,0.1405954974580557,-0.2265065312385559,0.0,0.26782433811726714,6.004109663146842,64.75506591796875,40.425743103027344
06285.jpg,3.2852,0.586810290813446,0.4143917502696904,0.906011121973594,5.78508996963501,62.02168273925781,0.758970719930501,0.2790914255473338,3.9629311561584473,2.0197574015971194,30.31062889099121,6.144989013671875,70.74143981933594,0.6761854887008667,0.348544716835022,0.39548707008361816,0.09472589194774628,10.235313415527344,0.3553181520276003,0.1455173902717453,-0.1982908844947815,0.0,0.22354699090167657,5.213557852101032,39.74578857421875,34.13868713378906
06292.jpg,3.2751,0.6081390380859375,0.5217470186098699,0.909257437530639,4.466195821762085,50.13705825805664,0.7919561844756279,0.24398010046814578,3.4826126098632812,2.073642876291121,23.03689956665039,4.396142482757568,77.87459564208984,0.677476704120636,0.20566797256469727,0.6476491689682007,0.1387900859117508,8.576416015625,0.43060379949804356,0.13991927902040502,-0.21710991859436035,0.0,0.3770141022260438,5.836819426189592,50.95404052734375,36.85328674316406
06303.jpg,3.2746,0.4526904225349426,0.6108735203643435,0.948090910297928,4.098348140716553,86.52246856689453,0.7110512115251997,0.37551464219935715,5.215036392211914,2.844661346067017,34.01396179199219,8.79004955291748,83.58988189697266,0.8665586709976196,0.6632620096206665,0.6024810075759888,0.04472370445728302,13.494623184204102,0.36788928373954216,0.2209769042819049,-0.14949893951416016,0.0,0.32019498496045706,3.842740903290068,42.55291748046875,33.40864181518555
06305.jpg,3.2715,0.6046268939971924,0.3719370421696623,0.9070319579736368,6.194119215011597,44.05323791503906,0.7892542168349201,0.2381340221794474,3.2986621856689453,1.7653653898489186,22.343978881835938,3.9957945346832275,75.33302307128906,0.6759735345840454,0.2963128089904785,0.393937885761261,0.11670775711536407,9.32900333404541,0.3274191983179862,0.1294051461453471,-0.22688144445419312,0.0,0.2325395569386631,5.9318679397060645,63.44549560546875,34.910396575927734
06312.jpg,3.2744,0.6250107288360596,0.3451409854806995,0.9017616277674958,6.149986267089844,54.0310173034668,0.797279078962851,0.2541332140073704,3.329349994659424,1.6358600246058135,27.41663360595703,4.99640417098999,70.3409423828125,0.6431897878646851,0.30259233713150024,0.3488958477973938,0.11952148377895355,9.225539207458496,0.33821032322352035,0.131672888397833,-0.21729525923728943,0.0,0.20879043290707286,5.614112890037137,66.17547607421875,40.84071350097656
06326.jpg,3.257,0.5296764373779297,0.6129517658533482,0.9229269104369435,3.7286489009857178,88.50343322753906,0.7555808349661636,0.3288364892484191,4.871125221252441,2.6356344509700804,34.25333786010742,8.612713813781738,78.71890258789062,0.7532130479812622,0.31502431631088257,0.5275949239730835,0.1013217493891716,9.942974090576172,0.3608712765986001,0.21528392556352677,-0.17033103108406067,0.0,0.35826735725373987,4.391344757220047,49.92645263671875,40.14579772949219
06372.jpg,3.3022,0.5830472111701965,0.43675824622782966,0.898510272150124,5.062898635864258,86.80402374267578,0.7512503170601171,0.3075945201488887,4.573513984680176,2.1043993311217815,35.96787643432617,8.634638786315918,70.59773254394531,0.6723983287811279,0.4930197298526764,0.3956106901168823,0.10663545876741409,9.720983505249023,0.3370133588164313,0.20137880991277662,-0.1720297783613205,0.0,0.26184010953527964,5.5069111990363195,24.90252685546875,37.683536529541016
06382.jpg,3.2869,0.5431005358695984,0.5199224205027574,0.9208485506104918,4.513750076293945,81.80799102783203,0.7608630400818076,0.3170035161553259,4.597713470458984,2.3686364567732374,33.61494064331055,7.920314788818359,78.59969329833984,0.7440930008888245,0.3302764892578125,0.5051131844520569,0.10037457942962646,9.983762741088867,0.37603934085210283,0.18818401373471158,-0.17898356914520264,0.0,0.32797422267734255,4.005264367022172,35.90985107421875,38.312259674072266
06390.jpg,3.3011,0.5783723592758179,0.3923706175881826,0.907527186759731,5.90939998626709,83.92562866210938,0.7577624791930561,0.2930005171476251,4.097654342651367,1.9632442009889566,36.697479248046875,8.33377456665039,69.40119171142578,0.6872508525848389,0.37204116582870483,0.35855668783187866,0.09027660638093948,10.44424819946289,0.3097055724217369,0.19144883138186536,-0.17978355288505554,0.0,0.2331094580123774,5.5198082043848355,47.79754638671875,32.38709259033203
06397.jpg,3.2409,0.5392104983329773,0.627900649170279,0.9218040480180053,3.5334396362304688,72.53468322753906,0.7775871112112797,0.27046144747020306,4.336399078369141,2.470749967173063,29.825088500976562,6.897724151611328,82.78372955322266,0.7461222410202026,0.23016685247421265,0.5754649639129639,0.11116039007902145,9.540499687194824,0.40701332011365277,0.18752663930988397,-0.1910209059715271,0.0,0.39104312122115614,4.763336962296164,27.98455810546875,43.80893325805664
06456.jpg,3.2367,0.5384623408317566,0.7280444251665653,0.924156104957467,2.6600143909454346,80.02528381347656,0.7450835279468899,0.2858316300383333,4.598871231079102,2.642409093640273,31.590375900268555,7.695578098297119,84.68202209472656,0.7376755475997925,0.18658554553985596,0.6597167253494263,0.11326044797897339,9.45921802520752,0.4083241678774143,0.20285225166501913,-0.18324978649616241,0.0,0.4010044376696471,4.078092275463884,28.26043701171875,47.50318145751953
06465.jpg,3.254,0.5413432121276855,0.4429430611082624,0.9162616128138482,5.658586502075195,45.16225814819336,0.8096505465595792,0.25311058625952565,3.4996845722198486,2.0283045224936096,22.697757720947266,4.0628485679626465,83.82537078857422,0.7404454946517944,0.34660691022872925,0.4536423087120056,0.099910207092762,10.003901481628418,0.36911074817646533,0.13217844511082558,-0.22851352393627167,0.0,0.2773417423747452,6.217907366944755,72.08367919921875,36.860252380371094
06483.jpg,3.27,0.5731248259544373,0.5246623279344323,0.912946492231711,3.955536365509033,74.59151458740234,0.7562783625716214,0.28639140139822034,4.29054069519043,2.163212654139465,32.36567306518555,7.170237064361572,78.3551025390625,0.7108148336410522,0.30490708351135254,0.48869195580482483,0.1215466782450676,9.152568817138672,0.3786379476875953,0.18088992185425443,-0.19255536794662476,0.0,0.3171635921047593,4.165443177169424,60.46697998046875,36.72710418701172
06485.jpg,3.3018,0.5361118912696838,0.37480461136243204,0.914934375303089,6.548470973968506,57.50495529174805,0.7880035681696247,0.2558092179234419,3.39192533493042,1.862860130456009,27.931230545043945,5.417269706726074,74.81645965576172,0.7442651987075806,0.5240848064422607,0.3665192127227783,0.06771279871463776,11.693292617797852,0.32628050437444356,0.15529785245104644,-0.20443227887153625,0.0,0.19962221681005068,4.646496561844625,63.01580810546875,41.502037048339844
06499.jpg,3.2753,0.5276575088500977,0.44276389914932174,0.9085423649044546,5.073792934417725,81.36475372314453,0.7354236330891576,0.321022245280475,4.62905216217041,2.148043037727165,33.4293098449707,8.220555305480957,69.63087463378906,0.7363963723182678,0.6699880361557007,0.4021097421646118,0.0782260075211525,11.066489219665527,0.31667106311066584,0.1849818117524135,-0.17371991276741028,0.0,0.2517419019739131,4.477396618359384,42.91546630859375,37.126548767089844
06512.jpg,3.2583,0.5544843673706055,0.4296947869024153,0.9158661663545178,5.695001125335693,75.31546020507812,0.7531370351476621,0.2934094032255257,4.276026725769043,2.142257236988775,32.17869567871094,7.267000198364258,74.36348724365234,0.7222899198532104,0.3530575633049011,0.42343246936798096,0.07952335476875305,10.995054244995117,0.3233608748900687,0.19926224761359276,-0.17842063307762146,0.0,0.2511478237824488,4.481930040037524,52.41326904296875,38.07235336303711
06513.jpg,3.2694,0.5864390134811401,0.33263858099714777,0.8969487978471775,6.419793128967285,69.87532806396484,0.77790596564293,0.2747143194533214,3.614978790283203,1.6689821672200207,32.63044357299805,6.663636684417725,61.97330093383789,0.6404554843902588,0.3963780999183655,0.3077126741409302,0.08696768432855606,10.60642147064209,0.32145741637568565,0.15091322956110392,-0.19252413511276245,0.0,0.1858279355303508,6.74441067872047,61.28143310546875,34.24089813232422
06529.jpg,3.2679,0.8279593586921692,0.2682235450810269,0.8848759659009234,5.506596326828003,31.525514602661133,0.8067339642515128,0.19656629350463628,2.993913173675537,1.1400232854056096,16.817420959472656,2.8589060306549072,20.071353912353516,0.3284844756126404,0.21671026945114136,0.26450493931770325,0.07142305374145508,11.461615562438965,0.378132833654598,0.08538625864419531,-0.20039314031600952,0.0,0.1238270188436802,5.640975682813401,68.18475341796875,41.353546142578125
06538.jpg,3.2877,0.6117472052574158,0.3976116967957768,0.8977353399171265,5.21182107925415,64.63380432128906,0.761954413807083,0.32866679406389643,4.013228893280029,1.8340013477470825,29.108348846435547,6.530516624450684,36.040618896484375,0.5464575290679932,0.36015161871910095,0.35750412940979004,0.062237080186605453,12.059507369995117,0.31140389233037025,0.2079715222934748,-0.16597194969654083,0.0,0.17769041414893716,5.109585952071906,76.03875732421875,40.03392028808594
06544.jpg,3.3138,0.5361015796661377,0.48266698160039206,0.9164902140754718,4.93820858001709,83.33687591552734,0.7459579288096995,0.32160314407276325,4.653713226318359,2.314860731452015,34.83443069458008,8.248942375183105,82.617431640625,0.7540992498397827,0.45975473523139954,0.4413110911846161,0.08459974080324173,10.726309776306152,0.36347877615984936,0.1855530713657006,-0.17707139253616333,0.0,0.29351805793754676,5.009451296384996,43.65936279296875,36.03017807006836
06548.jpg,3.3144,0.6043946146965027,0.3453377811585189,0.8982727482253612,6.251995325088501,57.08038330078125,0.8023857786279732,0.25006780491401615,3.4173974990844727,1.6696097218209225,27.924955368041992,5.168592929840088,68.2977294921875,0.6544778943061829,0.39798617362976074,0.3787364661693573,0.11637265980243683,9.341489791870117,0.3533264795603504,0.124931539385104,-0.20720802247524261,0.0,0.2181817749540777,6.144423601290691,64.42498779296875,38.40965270996094
06549.jpg,3.2876,0.5231700539588928,0.6152304680224291,0.9256943916857971,3.616323947906494,84.16648864746094,0.7450612604548468,0.32149254394587695,4.9389848709106445,2.6317545248016065,33.40914535522461,8.290433883666992,78.49192810058594,0.7612776756286621,0.3206865191459656,0.548733115196228,0.0977855995297432,10.097250938415527,0.37254064747631876,0.19764542501572313,-0.17298869788646698,0.0,0.3669937338101941,4.433639005731696,40.59075927734375,39.93202209472656
06562.jpg,3.25,0.4671249985694885,0.687939340038014,0.938783433416544,3.384131908416748,87.83642578125,0.7364494641361751,0.32235859029511077,4.892642498016357,2.8469721891219004,34.13222885131836,8.578042984008789,88.35559844970703,0.8188208341598511,0.3383251428604126,0.6272374391555786,0.07737845927476883,11.113800048828125,0.36573251245536414,0.2163326151050954,-0.17690806090831757,0.0,0.4103054196268029,4.749691973902259,41.91546630859375,37.71720886230469
06566.jpg,3.2714,0.48738107085227966,0.45722724885898364,0.9164092429978927,5.672311305999756,60.054134368896484,0.7615054013651866,0.30240825203778293,4.181879043579102,2.2528105836485146,28.36762237548828,5.833035945892334,89.4567642211914,0.7992204427719116,0.9197613000869751,0.4345572590827942,0.06003788486123085,12.215746879577637,0.34582804842988013,0.13181550851470958,-0.19294053316116333,0.0,0.24213111863520165,4.92146116762623,69.28924560546875,32.6494255065918
06571.jpg,3.2911,0.5441755652427673,0.4845627296735061,0.9217863163699204,5.442959785461426,72.14710235595703,0.7647143154099756,0.3106565922586595,4.297539710998535,2.359950428621092,33.01427459716797,7.1314005851745605,78.76456451416016,0.747997522354126,0.38927555084228516,0.4272471070289612,0.07215412706136703,11.417388916015625,0.3394074610480785,0.19152178453966454,-0.17491620779037476,0.0,0.25428613250143545,4.5387831122433235,58.04486083984375,34.446250915527344
06573.jpg,3.2009,0.5065905451774597,0.6344748354061296,0.9299917436082239,3.2890844345092773,76.43421173095703,0.7411798919786785,0.30160838408982105,4.773845672607422,2.5578749709030415,30.32660675048828,7.576960563659668,80.68568420410156,0.7778468132019043,0.29214537143707275,0.5816845893859863,0.09623238444328308,10.166788101196289,0.3713273763337506,0.2109245384376829,-0.18749397993087769,0.0,0.3941487326740905,4.611011092060002,33.73504638671875,38.42425537109375
06593.jpg,3.2478,0.45978987216949463,0.5893616055738925,0.9388976436011157,4.155121326446533,76.21309661865234,0.7484599890793261,0.30606902699374283,4.401129722595215,2.521373921962393,31.045175552368164,7.684919834136963,90.82322692871094,0.8376452922821045,0.46210557222366333,0.5963272452354431,0.07025188207626343,11.533421516418457,0.3831494710192919,0.19140535496080638,-0.18977494537830353,0.0,0.4060360454985555,7.7149455116884145,121.65350341796875,43.273841857910156
06595.jpg,3.2622,0.5925455689430237,0.4242485475886725,0.9089037006331142,5.851939678192139,48.72477340698242,0.7663286431730358,0.24363076472174924,3.481353521347046,1.979825744339169,25.683931350708008,4.66194486618042,78.07893371582031,0.6843523979187012,0.2121097445487976,0.3626123368740082,0.09206981211900711,10.358827590942383,0.3496905316758558,0.16605851704549526,-0.22262302041053772,0.0,0.21863762825667188,5.4088624113529695,68.02264404296875,34.36805725097656
06597.jpg,3.335,0.5960994362831116,0.3658429495056635,0.9018213005322094,5.809266805648804,78.71174621582031,0.7745578858908706,0.29966844274379767,3.9676501750946045,1.7884149352597571,34.98442840576172,7.665576457977295,59.50851821899414,0.63006192445755,0.27650386095046997,0.3416743576526642,0.08833987265825272,10.538433074951172,0.3274988251884899,0.17584228215652473,-0.16812270879745483,0.0,0.19322247577303825,5.298219581527424,61.77166748046875,40.356204986572266
06616.jpg,3.2971,0.6014129519462585,0.38827437686577054,0.9061087088697594,6.080357551574707,56.749752044677734,0.7890325785936313,0.2790318660372071,3.6583032608032227,1.8906433707588066,27.572877883911133,5.287478446960449,68.92788696289062,0.6535186171531677,0.2898663282394409,0.3967152535915375,0.09607980400323868,10.17367935180664,0.35114319970810765,0.1651285268110636,-0.20178468525409698,0.0,0.22555890207495902,4.522021164202134,61.60809326171875,44.24464416503906
06623.jpg,3.3353,0.5552511215209961,0.3671906155321223,0.886540328404954,5.891895294189453,114.47517395019531,0.7465046195061351,0.31921571249873676,4.353005886077881,1.880922498042107,55.30820083618164,12.329266548156738,64.98646545410156,0.6485682725906372,0.7814432978630066,0.20812034606933594,0.061828069388866425,12.088144302368164,0.2809418494481144,0.14160799018218748,-0.13418781757354736,0.0,0.1142802552909367,8.247595897876142,88.27655029296875,44.120933532714844
06625.jpg,3.2495,0.5455944538116455,0.48962156392868417,0.9182410213430753,5.032472372055054,47.257869720458984,0.8145046488708061,0.26522100117711217,3.4315361976623535,2.072089456753279,23.064098358154297,4.205718040466309,85.85589599609375,0.7365819215774536,0.21687209606170654,0.5203283429145813,0.11199522763490677,9.508005142211914,0.38903703770730835,0.13797346857703804,-0.22679485380649567,0.0,0.3252738924758904,9.587057816831024,66.26263427734375,44.23984146118164
06626.jpg,3.312,0.5315539836883545,0.434282654807365,0.9121494560600434,5.3151397705078125,75.02398681640625,0.7387808163369352,0.32255575276386284,4.584723472595215,2.1496774504385048,32.0314826965332,7.336772441864014,67.19308471679688,0.727684736251831,0.5863041877746582,0.45588308572769165,0.057111095637083054,12.432794570922852,0.34657632289357065,0.17907241635343324,-0.1585559844970703,0.0,0.23526928396617444,4.228404502625899,62.19451904296875,48.21891403198242
06654.jpg,3.265,0.6383241415023804,0.3610820429015115,0.8944389472068076,5.3139355182647705,58.89411544799805,0.775472688751319,0.3233158929641192,3.770688772201538,1.6401541507344852,27.084579467773438,5.774004936218262,35.0393180847168,0.5143982172012329,0.4057386517524719,0.37248194217681885,0.06168704479932785,12.09805965423584,0.33181287576074514,0.20598450854018932,-0.17028969526290894,0.0,0.18519186532120957,4.772890176828078,71.75994873046875,37.614234924316406
06659.jpg,3.2887,0.49614375829696655,0.4792572798340426,0.933502471553801,5.305878639221191,77.70976257324219,0.7442526503373378,0.3000879228009391,4.524763584136963,2.355712202985403,32.61162567138672,7.731541633605957,84.29620361328125,0.8140285015106201,0.5245627760887146,0.4557209610939026,0.05401405319571495,12.674932479858398,0.3129336196145563,0.2604050584092676,-0.17594340443611145,0.0,0.2792648958563154,3.9847917483525848,59.01409912109375,32.01266860961914
06670.jpg,3.2811,0.5257877111434937,0.4689918477476226,0.9206627866133619,5.307127952575684,100.40880584716797,0.7564034354023794,0.32897167253117554,4.514918327331543,2.303238395159198,39.78059005737305,9.718256950378418,74.87118530273438,0.763329267501831,0.48538169264793396,0.41549140214920044,0.07770843803882599,11.095318794250488,0.32886000781902175,0.18202097259142647,-0.16716141998767853,0.0,0.2786746450820934,4.790377043256106,44.44744873046875,39.72520065307617
06679.jpg,3.3016,0.5280435681343079,0.4107770191378629,0.9094091490055648,5.977863788604736,135.40957641601562,0.761685096320145,0.3313734400683005,4.4133195877075195,2.1342371246441516,64.93794250488281,15.2037353515625,72.90554809570312,0.7342960834503174,0.6932899951934814,0.2601064443588257,0.052424535155296326,12.80465316772461,0.2711908419372578,0.2139862921532907,-0.13514567911624908,0.0,0.14240331430838254,8.024178513540825,111.69012451171875,50.18686294555664
06685.jpg,3.288,0.5418272614479065,0.2862759777506652,0.8901999210043183,6.827802896499634,84.15391540527344,0.785495565853223,0.277965952368011,3.3334057331085205,1.4544602359674714,43.76457214355469,8.177544593811035,66.72291564941406,0.6748534440994263,0.8316974639892578,0.24349486827850342,0.05535352602601051,12.568548202514648,0.30565126842801144,0.10010635384068327,-0.1753539741039276,0.0,0.13410179626003982,8.42134908136601,80.48455810546875,45.10333251953125
06690.jpg,3.2729,0.5526888370513916,0.4299104746361844,0.9175002548074742,6.047334432601929,76.24716186523438,0.7844746903656232,0.3080586448523494,3.8681604862213135,2.1313956553507376,33.18827438354492,7.156754970550537,78.65535736083984,0.7363718748092651,0.35863399505615234,0.36459797620773315,0.08201894909143448,10.860857963562012,0.3250758056654121,0.16415481034650548,-0.19003722071647644,0.0,0.22661261727138413,5.432488876515581,51.53314208984375,37.29041290283203
06691.jpg,3.3171,0.5342315435409546,0.2536372624432294,0.8937911837315263,7.1168811321258545,60.9710807800293,0.8236342763893483,0.2467467312251665,2.6182713508605957,1.2346034188829877,34.475074768066406,5.584201812744141,57.07117462158203,0.6390559673309326,0.6655437350273132,0.2291540950536728,0.050705693662166595,12.949433326721191,0.33640308286656545,0.12337887776777272,-0.2128680795431137,0.0,0.1299879326387685,11.274199855323495,81.05438232421875,45.91899871826172
06692.jpg,3.3003,0.5833617448806763,0.3755471282295156,0.9043261558340443,5.970015525817871,76.86556243896484,0.7580519069853681,0.2889829202299275,4.038913726806641,1.8794192749033511,34.180206298828125,7.592347145080566,64.94432067871094,0.6637398600578308,0.3954208493232727,0.3603562116622925,0.08384290337562561,10.765337944030762,0.316987838911148,0.20538132525673594,-0.17737169563770294,0.0,0.21906410257745276,5.374194636211748,34.47967529296875,33.20189666748047
06694.jpg,3.3066,0.5267488956451416,0.4230891312175806,0.9150539251416299,5.859616279602051,119.11477661132812,0.7595294048100888,0.342195683730206,4.356659889221191,2.161205567840465,51.888999938964844,12.106630325317383,71.98713684082031,0.744269847869873,0.667696475982666,0.38286346197128296,0.04857466369867325,13.13590145111084,0.26557432293065014,0.21297104435332725,-0.12873634696006775,0.0,0.19938952476198363,6.795268632720377,89.19110107421875,57.15654373168945
06718.jpg,3.3141,0.5873204469680786,0.3066496433827846,0.8778472121787477,5.992607831954956,82.9168930053711,0.7807767670190117,0.31702974663329375,3.8170595169067383,1.5040711778444749,43.73223876953125,8.605088233947754,50.71038055419922,0.5385484099388123,0.6574952602386475,0.26548099517822266,0.06715583801269531,11.72916316986084,0.3227808260055171,0.15006358595620484,-0.1619146764278412,0.0,0.1429463569052382,7.339090469730822,57.10955810546875,44.82741165161133
06731.jpg,3.2747,0.6366686820983887,0.34650916456000114,0.8910011460260446,5.516798734664917,56.69464874267578,0.7744050418990099,0.296642224320958,3.7133002281188965,1.599163301728896,26.839279174804688,5.610087871551514,32.422454833984375,0.5021524429321289,0.3630441427230835,0.29445573687553406,0.06689449399709702,11.74609661102295,0.3303901753028577,0.16423735797054073,-0.18311582505702972,0.0,0.15611537395278952,5.626048727257374,75.74237060546875,39.396217346191406
06736.jpg,3.2989,0.5274345278739929,0.30334501016042964,0.8966526445044583,6.751570224761963,80.5716781616211,0.7918630986314384,0.2626532186339461,3.4670932292938232,1.5498958661806856,42.16926193237305,8.02092456817627,65.14303588867188,0.69390869140625,0.7887297868728638,0.23493480682373047,0.04685495048761368,13.292445182800293,0.29126416263036314,0.13629584207466688,-0.19270575046539307,0.0,0.1336244210833322,7.220495558977149,95.71502685546875,48.417808532714844
06745.jpg,3.2971,0.5153253674507141,0.458888104427509,0.9164054067949604,5.5695319175720215,76.31037902832031,0.7463956918988028,0.335261337959279,4.537371635437012,2.3189774019011757,32.97767639160156,7.474307537078857,72.31307220458984,0.7511323690414429,0.6965041160583496,0.4295390546321869,0.04758334904909134,13.22545051574707,0.34024911191812246,0.15439227626007115,-0.14755791425704956,0.0,0.22739496703769987,4.097653595822075,45.12591552734375,36.91313934326172
06746.jpg,3.2877,0.6129601001739502,0.3021530398182533,0.8900984643784084,6.399561405181885,50.09074783325195,0.7899344600776442,0.24362610924322148,3.435208797454834,1.485808451565065,25.983959197998047,4.7566094398498535,61.573551177978516,0.5890237092971802,0.4374020993709564,0.31911981105804443,0.09187435358762741,10.368057250976562,0.3402234622215869,0.14596207086312396,-0.20917414128780365,0.0,0.17992319241449853,5.971655339709092,76.89520263671875,36.137351989746094
06752.jpg,3.2787,0.588138222694397,0.3141103268015945,0.902792111646246,6.920753002166748,47.69379425048828,0.8031978995671389,0.22553420872573227,2.9031894207000732,1.5429066684801471,25.293176651000977,4.354702472686768,69.14740753173828,0.6734651327133179,0.39166873693466187,0.3194662630558014,0.09722060710191727,10.122417449951172,0.3162102366143041,0.13384862837215333,-0.2323712408542633,0.0,0.19144766569342722,5.582629037335626,67.21697998046875,38.080406188964844
06756.jpg,3.2634,0.524571418762207,0.4495129372902335,0.9165888696615666,5.421490669250488,72.73169708251953,0.7700589446292884,0.287059428090691,4.188404083251953,2.1598944321183886,31.00119972229004,6.94683313369751,79.89893341064453,0.758365273475647,0.501701831817627,0.4521908462047577,0.08663839846849442,10.622896194458008,0.36112433200284627,0.19847604338378227,-0.19341930747032166,0.0,0.2956888285231657,4.625617251947038,51.88201904296875,33.73545837402344
06771.jpg,3.2852,0.524780809879303,0.5300528683103114,0.930018568960562,4.51935338973999,67.66108703613281,0.7485040542557276,0.29456451792448995,4.560103416442871,2.4063060041594326,28.750059127807617,6.566516876220703,79.68936920166016,0.7665349841117859,0.34755265712738037,0.5226086974143982,0.08773235231637955,10.568401336669922,0.36931702171777203,0.1956568296944857,-0.19353044033050537,0.0,0.32590458326248684,3.954974195443986,51.65716552734375,39.440834045410156
06791.jpg,3.2377,0.8603836894035339,0.188647035424808,0.8816931878706401,6.25673770904541,23.464759826660156,0.8297428982748303,0.16421897759652737,2.3367793560028076,0.810574128463653,14.446349143981934,1.9698890447616577,18.125865936279297,0.3112821578979492,0.24317556619644165,0.23621097207069397,0.06805326044559479,11.671510696411133,0.38266602926881843,0.06635288606479813,-0.23168504238128662,0.0,0.11079869410599638,5.72919142842767,73.09027099609375,41.668174743652344
06798.jpg,3.2711,0.555856466293335,0.4371424762145587,0.9120231632002083,5.511061429977417,58.2754020690918,0.7800686540287253,0.2714883023444513,3.9027442932128906,2.057595218088509,27.370773315429688,5.549500942230225,78.50777435302734,0.7237431406974792,0.39087849855422974,0.42176520824432373,0.10296179354190826,9.873239517211914,0.34814973162910795,0.15506574015768396,-0.21043068170547485,0.0,0.2722668526423993,5.697660495453168,44.84124755859375,33.47441482543945
06799.jpg,3.2918,0.5373045802116394,0.44244795178187657,0.9212365571780737,5.76379132270813,58.85956954956055,0.794899834468864,0.26985377195737736,3.7185301780700684,2.0977249608370885,27.930639266967773,5.570635795593262,83.4062271118164,0.7543359994888306,0.3383435010910034,0.4233057498931885,0.09068378061056137,10.424704551696777,0.3447451106217638,0.1640520327844987,-0.21226248145103455,0.0,0.25459840138865153,5.96581027528618,54.45062255859375,32.2404670715332
06808.jpg,3.2828,0.6271832585334778,0.38113427208310946,0.8921122882029014,5.617118835449219,55.50502014160156,0.7832731797883224,0.273986251313397,3.77060604095459,1.7889988429785646,26.76930046081543,5.2700090408325195,55.594364166259766,0.56592857837677,0.27426677942276,0.36837029457092285,0.1007426381111145,9.967867851257324,0.3641592802166002,0.14881467966043635,-0.1910145878791809,0.0,0.19291463148672772,5.042854894867287,62.46405029296875,35.05039596557617
06813.jpg,3.2955,0.5361281037330627,0.4171599592552037,0.9103715976016586,5.841246604919434,108.00562286376953,0.7392408834772625,0.3600315845571876,4.438838958740234,2.144227689433267,49.67278289794922,11.439093589782715,73.02516174316406,0.7301450967788696,0.6960075497627258,0.3375014364719391,0.05025891959667206,12.987870216369629,0.27608057539685915,0.20418168693931335,-0.13937817513942719,0.0,0.17993795487841838,6.699171193153083,88.99627685546875,42.04054260253906
06819.jpg,3.2982,0.5345158576965332,0.34732342726775584,0.9013054890804504,6.363379001617432,109.12653350830078,0.7782339823653548,0.2904203135368972,3.8104426860809326,1.7668096895383965,54.536956787109375,11.82413387298584,66.86468505859375,0.7000294923782349,0.7274417281150818,0.25468766689300537,0.054081059992313385,12.669548034667969,0.27190102625596085,0.1960000751582654,-0.173148512840271,0.0,0.13772177162657365,9.002288922986398,105.30731201171875,46.45207977294922
06866.jpg,3.2965,0.6834834814071655,0.2975726549874763,0.8827596766540137,5.881356716156006,51.591915130615234,0.8161582343673057,0.22937901198354207,3.0209498405456543,1.3245469515316204,28.520051956176758,4.858583927154541,52.93104553222656,0.5318863391876221,0.3212471008300781,0.34589412808418274,0.15197721123695374,8.18221664428711,0.35421490276504364,0.1316427655833005,-0.2253853976726532,0.0,0.21312932760812034,6.008064278701424,70.84295654296875,36.7490234375
06869.jpg,3.2379,0.5272672772407532,0.662298261512931,0.9320013114255983,3.0391077995300293,52.68411636352539,0.6966070479177322,0.3487413736486811,5.049169540405273,2.6784381125134935,23.056459426879883,5.444971561431885,71.33822631835938,0.7455840706825256,0.3401452898979187,0.6589914560317993,0.09210804104804993,10.357025146484375,0.42603419616800126,0.1539241618600324,-0.20980608463287354,0.0,0.3488404464466943,4.16021294210557,73.65496826171875,38.955833435058594
06874.jpg,3.2927,0.5966981053352356,0.3388720391588156,0.9020097810045369,6.30776572227478,59.43178176879883,0.7857402802748239,0.2520944501003276,3.5130748748779297,1.6640103530556996,28.77912712097168,5.587034225463867,68.57836151123047,0.6512051820755005,0.35876500606536865,0.3580557405948639,0.08870849758386612,10.520347595214844,0.32496535603070437,0.17832960851033675,-0.2011083960533142,0.0,0.1999641360747705,5.7780058675122055,62.41497802734375,36.50632858276367
06883.jpg,3.2959,0.5547690987586975,0.18783841280859123,0.8697747464801637,7.547850608825684,38.85225296020508,0.800181558795322,0.21735186840691514,2.404562473297119,0.9347262603947755,23.517683029174805,3.4796950817108154,42.35911560058594,0.5028589963912964,0.6548815369606018,0.21894416213035583,0.05981220304965973,12.232102394104004,0.29100131106306976,0.09743811373402496,-0.22611448168754578,0.0,0.11229081595501048,6.745249177175121,76.77337646484375,34.56684875488281
06884.jpg,3.282,0.5689522624015808,0.43568880587837555,0.9117202546163126,5.827932596206665,47.95808410644531,0.7836763458459026,0.25885517775512773,3.641602039337158,2.062893240043997,24.156299591064453,4.483829975128174,79.1124496459961,0.7102677822113037,0.367381751537323,0.4138266444206238,0.10299921035766602,9.871662139892578,0.354100749886803,0.13899664914790233,-0.2263060361146927,0.0,0.2359988530894253,4.9912550054222935,67.15032958984375,35.24470138549805
06889.jpg,3.3139,0.5237045288085938,0.39889787359193213,0.9021506042750459,6.102153301239014,95.43462371826172,0.7560733250521372,0.3161683924432774,4.152970314025879,2.045380948505567,48.09077072143555,10.311393737792969,63.768463134765625,0.6913710236549377,0.6819431185722351,0.21692079305648804,0.05220668762922287,12.822738647460938,0.31136166558155315,0.15151057808449428,-0.16285592317581177,0.0,0.11662566210511974,6.87310753252086,99.02850341796875,38.89765167236328
06907.jpg,3.269,0.602931559085846,0.6079313793152255,0.9225804658070614,3.860949993133545,47.96902084350586,0.7223731423333275,0.3742643337364572,4.863432884216309,2.6519239124688747,20.53638458251953,4.8556904792785645,47.112972259521484,0.7092509269714355,0.31662189960479736,0.6317182779312134,0.06050005555152893,12.182441711425781,0.4515105429387926,0.14875951903257348,-0.16681444644927979,0.0,0.31823520521759296,4.031719464118697,72.84637451171875,38.53965377807617
06913.jpg,3.3106,0.5473267436027527,0.3903510976095366,0.907919933081175,6.159574031829834,67.74073791503906,0.7844495707228208,0.2744665783043899,3.8205714225769043,1.947887620950982,32.02217102050781,6.573476791381836,69.56434631347656,0.7166576385498047,0.4993254244327545,0.3648501932621002,0.07715144753456116,11.12656021118164,0.33924933889151493,0.15729580942411592,-0.20052531361579895,0.0,0.21435406547146788,4.539512269230971,72.82830810546875,36.948028564453125
06917.jpg,3.2922,0.561516523361206,0.4494960068914207,0.9173846177911347,5.543255805969238,67.33935546875,0.7540898030581418,0.28164145223892706,4.15287446975708,2.1791940734984827,31.378467559814453,6.541353702545166,83.95294189453125,0.7335307598114014,0.34364891052246094,0.42847108840942383,0.08944498002529144,10.484439849853516,0.35821918433869376,0.16436440581310485,-0.19294044375419617,0.0,0.267298717028904,4.729477583425363,49.21746826171875,35.59385681152344
06925.jpg,3.2742,0.6469412446022034,0.4455336184225699,0.9032792826642827,4.540655851364136,70.2322998046875,0.7918074030378244,0.2842210585247878,3.9250457286834717,1.8858854718933662,31.12805938720703,6.602747917175293,67.40560150146484,0.6278189420700073,0.21309828758239746,0.42413532733917236,0.1442423015832901,8.409072875976562,0.37370205684021274,0.17017024586643636,-0.1941198706626892,0.0,0.2846161520468788,4.913171524084912,51.29754638671875,36.39114761352539
06931.jpg,3.2783,0.5874679088592529,0.49173262830425474,0.9126510586518359,4.2779974937438965,82.46945190429688,0.7794551385968608,0.2954081541167686,4.1650071144104,2.0758595131478215,36.95643997192383,8.019072532653809,79.6539306640625,0.6994383335113525,0.24803131818771362,0.4737348258495331,0.12595877051353455,8.997715950012207,0.40986775242074136,0.16827582602967867,-0.18975090980529785,0.0,0.31141380072868863,5.778207295381369,56.67010498046875,39.45661163330078
06933.jpg,3.3008,0.5752702355384827,0.17570800674628856,0.8726779935360993,7.373151063919067,48.53337478637695,0.8260935666051391,0.2295549428569451,2.2839794158935547,0.848420809624213,31.041231155395508,4.414983749389648,42.36804962158203,0.475308895111084,0.6397824883460999,0.21775634586811066,0.060126565396785736,12.209335327148438,0.349142257143082,0.10562431447968215,-0.21290647983551025,0.0,0.1116536462851003,9.861522354380865,76.03289794921875,44.59128189086914
06940.jpg,3.2615,0.596210241317749,0.4585764646867025,0.9073439663129542,4.952164173126221,39.09293746948242,0.7720856387340096,0.22410474987594467,3.172271251678467,1.8628457400914131,21.106664657592773,3.4587888717651367,76.89257049560547,0.68285071849823,0.2210850715637207,0.5238873958587646,0.13811154663562775,8.597700119018555,0.3827160854740317,0.09670570119908509,-0.23817571997642517,0.0,0.2872310690866994,6.132354080830068,75.97869873046875,41.644012451171875
06952.jpg,3.3232,0.5913793444633484,0.32569751187541934,0.8734113542832512,5.912899494171143,92.28766632080078,0.7759752812719473,0.3229558774601872,4.02168607711792,1.6178409620446885,46.8233757019043,9.56035041809082,55.92828369140625,0.5515670776367188,0.7331278920173645,0.2556450366973877,0.07177011668682098,11.440564155578613,0.32951789596693476,0.11878994162780071,-0.1369101107120514,0.0,0.13463192351107955,6.566423032769509,72.66082763671875,44.41172790527344
06966.jpg,3.2687,0.4137706160545349,0.6771531706969507,0.9652208738100077,2.488704204559326,62.65113067626953,0.6358218386349842,0.397448604996703,5.146153450012207,2.5849960123143108,25.082237243652344,6.649648666381836,63.36860656738281,0.9029445648193359,0.45731836557388306,0.7078986763954163,0.05474472418427467,12.616578102111816,0.4376780057684921,0.18865866764440126,-0.20951850712299347,0.0,0.38200180526063526,4.754590967929115,82.89764404296875,35.73842239379883
06972.jpg,3.2674,0.5347965955734253,0.5527875382500604,0.9209395373093541,4.491714000701904,82.9054946899414,0.7619142874707986,0.3271364780087748,4.585633277893066,2.508932111029223,33.6617317199707,7.982898712158203,80.51243591308594,0.7524189949035645,0.3349786400794983,0.4815571904182434,0.09859577566385269,10.061417579650879,0.3454767091015321,0.18645539167922742,-0.17790231108665466,0.0,0.3195550066665242,4.96342555311922,56.43865966796875,39.809478759765625
06992.jpg,3.2679,0.6784205436706543,0.2792995103010318,0.8898492994558822,5.850347995758057,42.34991455078125,0.7956915511275482,0.2552547554211315,3.0618534088134766,1.2445917783962042,21.56218910217285,3.9974594116210938,28.261472702026367,0.435945987701416,0.3289560079574585,0.27850180864334106,0.05604569613933563,12.514577865600586,0.3390972198934118,0.15212109833080806,-0.1977168619632721,0.0,0.1473594368696009,5.321793947166621,64.22650146484375,37.000823974609375
07008.jpg,3.255,0.707403302192688,0.266894443550239,0.8958676419797916,5.927794694900513,32.24773406982422,0.855527845432029,0.18472989443651594,2.208001136779785,1.0857042400140609,20.301156997680664,2.7271406650543213,58.1529541015625,0.5558538436889648,0.19185757637023926,0.3884943425655365,0.1697341352701187,7.702308654785156,0.3988741919435249,0.09147119982091083,-0.2580515742301941,0.0,0.23344574753755454,9.778965507501251,80.90887451171875,36.93372344970703
07019.jpg,3.2799,0.5438323616981506,0.520532759179596,0.9209408682623657,4.473477840423584,86.4000244140625,0.736389629678489,0.32143757716123394,4.810512542724609,2.416320381194259,36.722511291503906,8.840788841247559,76.07781982421875,0.748597264289856,0.4127742052078247,0.4242289066314697,0.09208685904741287,10.358023643493652,0.34670876885304164,0.19928840333859685,-0.17365428805351257,0.0,0.27183244896212194,4.84521160261703,50.94549560546875,38.15389633178711
07020.jpg,3.2631,0.6358872652053833,0.5864802635732279,0.910451885290156,3.345777750015259,56.504066467285156,0.7705429691498058,0.2560800002007997,4.419501304626465,2.2771021765981363,24.9609432220459,5.479153156280518,57.67517852783203,0.632917046546936,0.20111185312271118,0.5737112164497375,0.1457212269306183,8.364771842956543,0.39271218812873687,0.15038349360763842,-0.19267067313194275,0.0,0.37568673288515964,4.2545504345658305,49.71014404296875,38.72850036621094
07023.jpg,3.2597,0.5124675035476685,0.5963842971570532,0.9254152077589249,4.249049186706543,71.87849426269531,0.7671141478068826,0.3073547513547457,4.510592460632324,2.612067414311416,29.227943420410156,6.746298789978027,83.7857894897461,0.771321713924408,0.36216413974761963,0.5078340768814087,0.09256356954574585,10.335598945617676,0.35999924144833706,0.1801206416273634,-0.18931597471237183,0.0,0.3462879087014772,4.4013741270445434,44.03338623046875,37.91672134399414
07026.jpg,3.3464,0.5729882717132568,0.4443724498718012,0.9093630426975635,5.314990997314453,66.29704284667969,0.744496529763803,0.2971144003445258,4.386676788330078,2.155585103685432,29.254688262939453,6.606846809387207,67.39374542236328,0.6887115836143494,0.3827941417694092,0.437491238117218,0.09503518790006638,10.221156120300293,0.3399948346781321,0.18900774183446345,-0.18751680850982666,0.0,0.2639880134579025,4.4528655567257776,67.20623779296875,34.52100372314453
07042.jpg,3.2937,0.5579460859298706,0.3868507606150485,0.9075567472570127,6.067831754684448,72.5162353515625,0.7797443747891899,0.292347774398237,3.9005239009857178,1.9281400004370264,33.3734016418457,6.923800468444824,76.77777862548828,0.716981053352356,0.547660231590271,0.3473372459411621,0.08492663502693176,10.709561347961426,0.33474822029592305,0.15406194670451162,-0.1939694881439209,0.0,0.2154275079332106,5.2007203701377,62.15643310546875,35.5355224609375
07044.jpg,3.3294,0.6083627939224243,0.5305388912243023,0.9162003140823086,3.708972692489624,42.41098403930664,0.7740035558177049,0.22393280979018626,3.9806528091430664,2.03983240720326,20.63332748413086,4.037075996398926,68.17842102050781,0.6815561056137085,0.25173795223236084,0.5477968454360962,0.13224130868911743,8.786328315734863,0.41657279761208843,0.10918530230095658,-0.22322368621826172,0.0,0.3373545739569305,5.611718400981143,66.02435302734375,38.93159484863281
07057.jpg,3.2752,0.6000493168830872,0.36203345891400673,0.8982050772379667,5.611241817474365,56.57963943481445,0.7729293452656302,0.30975465916856176,3.719332218170166,1.6889967063516744,26.701845169067383,5.535795211791992,36.376304626464844,0.5470808744430542,0.371745765209198,0.35484668612480164,0.054866865277290344,12.606898307800293,0.3162931266146707,0.17023620091122132,-0.17470180988311768,0.0,0.18116046030525573,5.557422875197615,72.16351318359375,40.250431060791016
07063.jpg,3.2508,0.6921863555908203,0.2935439091153781,0.8907485211392472,6.039966106414795,40.34489822387695,0.80747462270949,0.1914743912644625,2.566899538040161,1.263251955004323,23.3420467376709,3.6263744831085205,52.198883056640625,0.5537524223327637,0.2060941457748413,0.37677001953125,0.1667758673429489,7.778668403625488,0.3663614254631717,0.10795497492677064,-0.24351832270622253,0.0,0.22121170014138508,7.739513873616214,76.04656982421875,34.754051208496094
07067.jpg,3.2901,0.49254655838012695,0.5363136364823495,0.9258375221392972,4.75665807723999,92.03529357910156,0.7261159544557853,0.36217293585931637,4.993313312530518,2.614531084866968,35.488704681396484,9.054229736328125,75.49405670166016,0.7945621013641357,0.7177468538284302,0.4789764881134033,0.05521104857325554,12.579740524291992,0.33978692944357874,0.22638700764060496,-0.15331029891967773,0.0,0.26867765827165974,4.184479387248797,55.78216552734375,39.603919982910156
07079.jpg,3.2813,0.5202108025550842,0.3605332094733751,0.9049881060963213,6.459151744842529,87.57627868652344,0.7655745791353098,0.3285458249435016,3.822596549987793,1.8534625457877842,45.57255172729492,8.929624557495117,68.98798370361328,0.7184879779815674,0.7382568717002869,0.31100332736968994,0.04940378665924072,13.062397003173828,0.31963530921477235,0.12579192721272323,-0.1456034779548645,0.0,0.158257667406156,7.574695957780941,71.52044677734375,40.276123046875
07103.jpg,3.2473,0.6397594213485718,0.3516923195104775,0.9081727763760591,6.33608341217041,34.85211944580078,0.8262165620739782,0.2037807470869542,2.5543742179870605,1.5633593137371697,21.518733978271484,3.022609233856201,74.86334991455078,0.6518310308456421,0.21956247091293335,0.3821605443954468,0.1304001361131668,8.847219467163086,0.36283221964274215,0.10189057972680728,-0.250741183757782,0.0,0.21068493699740448,8.066716476662851,77.75457763671875,37.54209899902344
07111.jpg,3.2846,0.5348876714706421,0.3779408384178851,0.9094709603404685,6.628982782363892,55.79747772216797,0.769870022709465,0.26163376209862843,3.5662128925323486,1.926597447909483,27.678749084472656,5.303974151611328,72.00885009765625,0.7237104773521423,0.5643411874771118,0.33404824137687683,0.07497435063123703,11.250873565673828,0.31325726698984674,0.1293804738529097,-0.21259884536266327,0.0,0.1944876841783122,5.743335723217537,66.01605224609375,32.38040542602539
07120.jpg,3.271,0.5773406624794006,0.5526099076336849,0.9171825151759504,4.148040294647217,48.63676834106445,0.7808225840514588,0.24774458048630305,3.4596869945526123,2.1020627236923515,23.556058883666992,4.299306392669678,84.44078826904297,0.7072105407714844,0.1952161192893982,0.6585564613342285,0.1270742267370224,8.959425926208496,0.433724245472473,0.13905080747749848,-0.22382332384586334,0.0,0.3798454837715491,6.372761527007752,69.26092529296875,40.190025329589844
07124.jpg,3.2687,0.5636041760444641,0.46684121127949413,0.9160365821824811,5.027104377746582,76.37354278564453,0.759812280064989,0.29910910785339834,4.347086429595947,2.1881378398498104,30.974096298217773,7.315042972564697,77.49603271484375,0.7233858108520508,0.3283687233924866,0.4511922001838684,0.09931199252605438,10.029983520507812,0.3342225049000019,0.20968387362598537,-0.18556496500968933,0.0,0.29674760015894347,4.535014126826259,57.06317138671875,33.51692581176758
07136.jpg,3.2719,0.5677562355995178,0.47002811198775113,0.9129215142153319,5.194241046905518,91.00858306884766,0.7712036944433956,0.32301440900909073,4.418545722961426,2.259148737386875,36.32218933105469,8.731915473937988,68.2044677734375,0.7030028700828552,0.3551979660987854,0.44739246368408203,0.09748981148004532,10.110406875610352,0.3364607261841531,0.1895763693071773,-0.16476386785507202,0.0,0.2977151345249804,4.671333447006119,43.60467529296875,38.912620544433594
07137.jpg,3.2679,0.5706691741943359,0.35509830707215606,0.8907328108676204,6.0340986251831055,70.45855712890625,0.767325657830702,0.3265867830612783,4.071037769317627,1.7941649145748482,32.027652740478516,6.826223373413086,59.76698303222656,0.629435658454895,0.6031379699707031,0.37396201491355896,0.07068242877721786,11.506885528564453,0.33592642163495634,0.1624943227783741,-0.15809276700019836,0.0,0.20278770070286375,4.250161709817026,49.47088623046875,36.50439453125
07141.jpg,3.2657,0.6013617515563965,0.43544516228826685,0.9096263810649429,5.13948392868042,78.76942443847656,0.7891182631083873,0.24859490049298544,3.709260940551758,1.9265796908309225,32.982669830322266,7.192934036254883,80.62989807128906,0.6911263465881348,0.22674483060836792,0.3808560073375702,0.125968337059021,8.99738597869873,0.33387230017991115,0.20717461251655228,-0.20264092087745667,0.0,0.2864361890561225,7.562166565036109,62.60565185546875,49.20001220703125
07142.jpg,3.2624,0.49542734026908875,0.5320973565815101,0.9308337003812345,4.216705322265625,90.4543228149414,0.7150742230054514,0.3526716386815069,5.145730495452881,2.490873417302712,34.557525634765625,8.982765197753906,79.26618194580078,0.8054695725440979,0.5927416682243347,0.47315213084220886,0.0648907944560051,11.878170013427734,0.3423428549241623,0.22025425083470634,-0.16141295433044434,0.0,0.2743998967118597,3.486979285272909,52.97283935546875,43.5445556640625
07145.jpg,3.2975,0.6085231900215149,0.34014832279173335,0.8892058100044191,5.574245929718018,69.50595092773438,0.760255600723427,0.29873959852595733,4.041867256164551,1.6354587165466024,31.641084671020508,6.883469581604004,50.9693717956543,0.571717381477356,0.46585941314697266,0.32816988229751587,0.09143766760826111,10.388750076293945,0.3358296769840204,0.17846096101736061,-0.18712174892425537,0.0,0.17632930248607412,4.5929215983987834,39.92327880859375,37.11478805541992
07150.jpg,3.2684,0.5195152759552002,0.5708897288850293,0.9274971977799463,4.021364688873291,80.48389434814453,0.7457685789724019,0.33629021591351516,4.803008079528809,2.518882512863387,32.81379699707031,7.875248908996582,81.55621337890625,0.7736536264419556,0.3532257080078125,0.5121498107910156,0.08876725286245346,10.517472267150879,0.36395781140546984,0.21285336593612567,-0.1794159710407257,0.0,0.33117810934052017,4.182073492798913,49.26434326171875,34.38133239746094
07173.jpg,3.2464,0.5986506938934326,0.41964251900898253,0.9095074209728452,5.25011682510376,45.634117126464844,0.8019887391497398,0.2308804065396963,3.3784890174865723,1.8104727182897298,23.991762161254883,4.215920448303223,80.39444732666016,0.6888933777809143,0.2268419861793518,0.35480472445487976,0.12960179150104523,8.873889923095703,0.35075286978210984,0.13543301723223586,-0.23088225722312927,0.0,0.23627608673300912,6.995965502573986,61.47332763671875,45.253013610839844
07178.jpg,3.2674,0.5726777911186218,0.509410679354858,0.9148047026542399,4.170525550842285,71.31332397460938,0.705249678228366,0.3222868555427392,4.917725563049316,2.314835497112952,29.528894424438477,7.2011284828186035,60.07864761352539,0.6889199614524841,0.3285697102546692,0.5061124563217163,0.10072749108076096,9.968520164489746,0.3527238771772568,0.20945869160362265,-0.18776866793632507,0.0,0.27828170215863973,3.9534319631752277,63.24676513671875,35.74237823486328
07179.jpg,3.2804,0.6576038002967834,0.20966297634749295,0.873889833309573,6.24456787109375,35.836570739746094,0.7890325439737886,0.22581689207748518,2.8524837493896484,0.9536612706739724,20.979642868041992,3.455744981765747,21.654199600219727,0.3283812999725342,0.4214525520801544,0.18085724115371704,0.05669621750712395,12.464460372924805,0.29691749715772053,0.09687996456163088,-0.2001434564590454,0.0,0.09086225685106826,7.029590558709579,68.00897216796875,40.29132080078125
07180.jpg,3.3087,0.5126023292541504,0.5546635693694515,0.9229427290331961,4.333456993103027,86.73489379882812,0.7248266953689863,0.33516150439398923,5.07346248626709,2.608847873259874,33.37308120727539,8.553231239318848,75.02061462402344,0.7710329294204712,0.5074549913406372,0.4819016456604004,0.07226617634296417,11.410650253295898,0.3304609777473325,0.2346027486415825,-0.1641516089439392,0.0,0.3078395440464743,3.749316078104737,54.25408935546875,36.50299072265625
07196.jpg,3.2646,0.5202372670173645,0.5548066145887207,0.9236876135749703,4.419036388397217,68.81424713134766,0.7313889523209385,0.31903220302597834,4.7381463050842285,2.540243046202524,28.685585021972656,6.726070404052734,79.59820556640625,0.7684677839279175,0.35743093490600586,0.5081073641777039,0.08773559331893921,10.568242073059082,0.3628545309258175,0.19421989077631785,-0.18579861521720886,0.0,0.3057125522555939,4.30274953013635,51.62322998046875,39.672847747802734
07207.jpg,3.2431,0.6804468035697937,0.39046773210951735,0.8974053732373387,4.68975043296814,51.24034118652344,0.8032930855073067,0.21713216089499082,3.129079818725586,1.5265075662768766,27.11872673034668,4.704852104187012,63.3621711730957,0.5913767218589783,0.2186070680618286,0.40557172894477844,0.16588756442070007,7.8018622398376465,0.38783735996696034,0.12445956564385978,-0.22621369361877441,0.0,0.2776820700976674,5.464403498061986,66.22869873046875,46.18361282348633
07214.jpg,3.2606,0.6105732321739197,0.29253906910337607,0.886956677058827,6.715383768081665,54.017093658447266,0.7907944106442195,0.2369707690640005,3.1259469985961914,1.43949226384421,27.85312271118164,5.026834487915039,63.16522979736328,0.6032707691192627,0.48823872208595276,0.30611807107925415,0.09375300258398056,10.280149459838867,0.32597872898043057,0.15052544608015006,-0.21391037106513977,0.0,0.16724066357324346,6.336203623882469,73.63006591796875,33.715240478515625
07217.jpg,3.2979,0.6119527816772461,0.3765961120634625,0.9055636103140795,5.9272239208221436,65.58916473388672,0.8022717041754831,0.2686346014631129,3.62488055229187,1.798649744166636,31.421695709228516,6.182851791381836,65.3284683227539,0.63554447889328,0.3148438334465027,0.3857143521308899,0.09902095794677734,10.042729377746582,0.36004334574126,0.169864396253617,-0.19980520009994507,0.0,0.23336876255186972,4.813332296260633,53.28045654296875,34.9033317565918
07223.jpg,3.2639,0.5147607922554016,0.6169097661674057,0.9336096795394567,3.4475536346435547,83.50453186035156,0.6987172192154267,0.33057207343014106,5.272747993469238,2.6898312155739923,32.43540573120117,8.438647270202637,70.09601593017578,0.7799915075302124,0.31949836015701294,0.514532208442688,0.08322769403457642,10.797321319580078,0.3584129765092764,0.25579852103773604,-0.17935223877429962,0.0,0.3211666329526926,3.7701747493185502,53.89984130859375,47.70018005371094
07238.jpg,3.2913,0.5834631323814392,0.2859030398435418,0.8692306023140223,6.061776399612427,61.24458312988281,0.7801509190592263,0.2979086638907178,3.6194348335266113,1.3839491571564073,31.922100067138672,5.7975897789001465,39.84865951538086,0.47062039375305176,0.6766027212142944,0.2527906596660614,0.06526029109954834,11.853509902954102,0.3355066404467136,0.11940960414409682,-0.17296653985977173,0.0,0.13565632867444868,5.850347884674238,63.15911865234375,42.51256561279297
07239.jpg,3.2735,0.4963052570819855,0.5501635890606177,0.9269435095360173,4.755603790283203,100.84602355957031,0.7354402368418583,0.3620498055633977,5.0820817947387695,2.706178402785877,40.326019287109375,10.140313148498535,78.91143035888672,0.7961968779563904,0.6237045526504517,0.45652440190315247,0.057769373059272766,12.383023262023926,0.33952523453687683,0.20102143787978924,-0.13984625041484833,0.0,0.25306557427375254,4.427089339316419,39.45623779296875,38.668853759765625
07240.jpg,3.2277,0.6879833340644836,0.4306618102269319,0.8971516474722783,4.025451183319092,62.192386627197266,0.795673900960583,0.2261571678952526,3.4230544567108154,1.6039014518911667,30.24127960205078,5.828234672546387,62.6547737121582,0.5856549739837646,0.19957822561264038,0.43505123257637024,0.16974739730358124,7.701969146728516,0.4090668329602886,0.1458591875867112,-0.21128176152706146,0.0,0.2701270448026993,5.577605239035455,50.09051513671875,37.38053894042969
07243.jpg,3.272,0.5747570991516113,0.34254560033987524,0.8686400592509672,6.104821681976318,80.96730041503906,0.7573047558034807,0.32806927940315683,4.305794715881348,1.7830617095930545,34.1850700378418,7.724737644195557,61.47710418701172,0.5924785137176514,0.9534314870834351,0.34224098920822144,0.0782133936882019,11.06718921661377,0.3020503043456538,0.15097247002453104,-0.15751639008522034,0.0,0.19265358872674568,4.58611758297427,56.19403076171875,41.559814453125
07245.jpg,3.2688,0.5800251364707947,0.40914673923541006,0.9147617148173613,5.856897592544556,57.9077033996582,0.7902449196230805,0.2629367512951365,3.654635190963745,1.9458138350039995,27.91621971130371,5.563697338104248,78.4035873413086,0.7103227972984314,0.3178011178970337,0.4399634003639221,0.10314303636550903,9.865601539611816,0.3435886633509249,0.1742840581547768,-0.21275769174098969,0.0,0.2589470756527375,5.782758422415338,42.07073974609375,33.2917594909668
07246.jpg,3.2919,0.48348695039749146,0.5485003498866107,0.9332255120657951,4.2530412673950195,104.27839660644531,0.7193829563937311,0.3647345769197873,5.27129602432251,2.6120613718759724,38.46284103393555,10.19335651397705,72.06761932373047,0.8216760754585266,0.6714619994163513,0.49137261509895325,0.03842587396502495,14.153761863708496,0.37434109522747266,0.20235402421589446,-0.11793792992830276,0.0,0.256756314900242,4.197548521685737,57.23236083984375,45.5184440612793
07252.jpg,3.3039,0.5589541792869568,0.4338026835854376,0.9114358940083411,5.504349231719971,100.71646881103516,0.7588468829826175,0.32170131479224834,4.523612976074219,2.1750865146474325,39.964637756347656,9.78734302520752,74.07406616210938,0.7146753072738647,0.4430997967720032,0.3867676556110382,0.08067411929368973,10.932657241821289,0.31880793767253124,0.21469555921723193,-0.15797924995422363,0.0,0.25298161148990406,5.537964181536224,43.43084716796875,36.38408660888672
07254.jpg,3.2317,0.662196934223175,0.3488661215685475,0.9004640956423403,5.1808762550354,44.26462936401367,0.8298490951377229,0.2067235162800014,2.7281007766723633,1.3795934839320507,24.118104934692383,3.947375774383545,71.15641021728516,0.6245813369750977,0.19149720668792725,0.3774278163909912,0.15954627096652985,7.971133232116699,0.37651910303320524,0.13466977617823833,-0.24302858114242554,0.0,0.255952568743007,8.055941545023805,74.91082763671875,47.570159912109375
07261.jpg,3.2687,0.5215896368026733,0.4945447383954358,0.9187473255160541,5.174342155456543,92.99175262451172,0.7675925842617467,0.33738114372682915,4.576116561889648,2.4110279644761548,37.051761627197266,8.864968299865723,81.00111389160156,0.7608877420425415,0.47603654861450195,0.40732520818710327,0.08150384575128555,10.888218879699707,0.33803001830748963,0.1858965030866575,-0.16264116764068604,0.0,0.26586746561622476,5.887724902774311,56.01263427734375,44.18528747558594
07270.jpg,3.3137,0.5033249258995056,0.36450484468423217,0.9147696084309063,6.750426530838013,100.48951721191406,0.7780460845565115,0.2749344642327138,3.5387754440307617,1.8752385603794908,53.431556701660156,10.762378692626953,71.09223937988281,0.7547017931938171,0.6512667536735535,0.24663789570331573,0.0462530143558979,13.348599433898926,0.26093425507279006,0.19194683799773432,-0.181401327252388,0.0,0.12493628129539198,10.070510453401372,102.05657958984375,46.89826965332031
07306.jpg,3.2499,0.5674862861633301,0.512055602604017,0.9140307522197447,4.759389638900757,49.79128646850586,0.7856132213796184,0.26176990940315054,3.7638649940490723,2.1821995794477838,23.595149993896484,4.651692867279053,80.05775451660156,0.7142431735992432,0.26898205280303955,0.515430748462677,0.11967940628528595,9.219805717468262,0.3876860513192352,0.15225795569027525,-0.22307246923446655,0.0,0.3151291257243254,5.363083547845492,58.19403076171875,35.577056884765625
07317.jpg,3.2624,0.5607088208198547,0.5177466755246569,0.9134071969010149,4.461209297180176,79.11819458007812,0.7152118187438199,0.3458454884138289,4.969234466552734,2.441300098185515,32.7072868347168,8.028892517089844,63.45909118652344,0.700751543045044,0.4104035794734955,0.5347863435745239,0.0917586088180542,10.373531341552734,0.3795137349464916,0.208424916712993,-0.16726450622081757,0.0,0.29875462109857415,4.164754695318568,62.60614013671875,39.19932556152344
07343.jpg,3.2684,0.5268761515617371,0.5905323437459835,0.9252276046641708,3.8845062255859375,103.71035766601562,0.7347574394061964,0.34274066277945614,5.120726585388184,2.6589512541343385,39.253257751464844,10.421462059020996,74.33816528320312,0.7630695104598999,0.35569506883621216,0.4650712013244629,0.09022389352321625,10.446784973144531,0.34459289342987687,0.24984424466602548,-0.16293418407440186,0.0,0.3311691895245126,4.2478902080883465,35.41864013671875,40.49657440185547
07351.jpg,3.227,0.4941018521785736,0.504972978687849,0.9289436684015548,5.175904273986816,64.21492004394531,0.7491610689159514,0.2977370326716729,4.119444847106934,2.3469595149458247,29.01010513305664,6.078137397766113,92.4046401977539,0.797930121421814,0.4247758090496063,0.41268390417099,0.07814786583185196,11.070829391479492,0.3562398803376682,0.15006109137914125,-0.203346848487854,0.0,0.2504007200443859,5.770446946429504,48.70892333984375,46.952003479003906
07360.jpg,3.2703,0.5666303038597107,0.2552669610617728,0.8724838087817459,6.6231772899627686,65.8644027709961,0.7913421500718493,0.26332500204590537,3.2896065711975098,1.2652078994660432,36.84014892578125,6.670259475708008,47.65776062011719,0.5155302286148071,0.6682294011116028,0.22305110096931458,0.060374267399311066,12.191481590270996,0.2865287671844271,0.13407989804892,-0.19434991478919983,0.0,0.12815181837924292,6.24650796970826,86.05047607421875,43.277069091796875
07374.jpg,3.3011,0.5958877801895142,0.3770672181918387,0.8950838166705748,5.7183756828308105,74.08737182617188,0.781365387506705,0.3166880664211738,4.090555191040039,1.8493201846923872,33.221221923828125,7.006998538970947,54.45945358276367,0.6009103655815125,0.3700956702232361,0.3726905286312103,0.08635791391134262,10.636979103088379,0.3499814290693427,0.16751135669398576,-0.16420863568782806,0.0,0.2130391102778953,4.6511117707339835,57.45526123046875,40.998104095458984
07382.jpg,3.3066,0.5351143479347229,0.32595227037482055,0.8997453027386871,6.415651798248291,101.63896179199219,0.7728229087269929,0.33086428294600323,3.786442756652832,1.6627040014179917,51.35245132446289,10.406746864318848,66.53849792480469,0.6893073916435242,0.7088735103607178,0.3033021092414856,0.052845411002635956,12.769927978515625,0.30984705701354637,0.13287416037391847,-0.1273881047964096,0.0,0.14831822261694536,9.603256121011313,97.55194091796875,41.91795349121094
07386.jpg,3.3426,0.5436244010925293,0.29490910084705896,0.8730947019373014,6.364195823669434,97.54258728027344,0.737352103517749,0.29743589435101253,3.9765422344207764,1.5247943866206484,48.63661193847656,10.185349464416504,58.035430908203125,0.605311393737793,0.8591744303703308,0.20363157987594604,0.05873548984527588,12.310993194580078,0.247846680934701,0.13303612016424127,-0.14847491681575775,0.0,0.10693378884599934,8.369224516325088,80.40350341796875,47.34874725341797
07398.jpg,3.2547,0.5917378067970276,0.47433659008743007,0.910605583639193,4.552001476287842,85.75408172607422,0.7694646880383298,0.28586524142686676,4.4095377922058105,2.125401716971484,34.97699737548828,8.307061195373535,72.7813949584961,0.6881909966468811,0.274036169052124,0.41993388533592224,0.12126395851373672,9.16268253326416,0.34994368046443525,0.22019088629904765,-0.18245929479599,0.0,0.29469016583866403,4.597809633983612,33.69793701171875,39.67670440673828
07429.jpg,3.2695,0.5793734192848206,0.44577087024048573,0.9102601854463974,5.255337715148926,58.99508285522461,0.7849889573352564,0.2525334624364523,3.598987102508545,1.9735083553488266,27.591341018676758,5.520848274230957,80.74729919433594,0.7032051086425781,0.2629934549331665,0.43389275670051575,0.12205569446086884,9.134420394897461,0.35814702143772853,0.14870382994734951,-0.21509718894958496,0.0,0.26481443578659225,5.764309830687057,58.38153076171875,48.10603332519531
07434.jpg,3.2822,0.5319910049438477,0.5495842950983143,0.9262975995195321,4.22383451461792,101.18897247314453,0.7333860817725726,0.32727899663392873,5.047470569610596,2.5476921266793564,37.345794677734375,9.870821952819824,78.28887939453125,0.7620872855186462,0.3640819787979126,0.49082624912261963,0.087203748524189,10.594648361206055,0.33630114864565824,0.24649513239501278,-0.15917445719242096,0.0,0.32830853578741703,4.1474697487520995,36.31951904296875,40.91754913330078
07435.jpg,3.2625,0.518964946269989,0.5718773661177948,0.9322498332436074,3.8535101413726807,69.5433120727539,0.7361693125013707,0.32114902760024516,4.836033821105957,2.4846871417614933,29.12203025817871,6.942303657531738,83.50035095214844,0.7815275192260742,0.3676270842552185,0.5860155820846558,0.08632077276706696,10.638847351074219,0.3851293957905346,0.2035524762109645,-0.18148304522037506,0.0,0.3570614480959241,4.212070035801841,62.95281982421875,32.46967315673828
07439.jpg,3.2871,0.5939241647720337,0.37475532522605776,0.898866472556847,5.7125468254089355,89.04839324951172,0.7799884849787844,0.29399932143186114,4.091151714324951,1.8370009972290395,37.71563720703125,8.462671279907227,67.23651885986328,0.6572422981262207,0.41080158948898315,0.3237283527851105,0.09831608831882477,10.073755264282227,0.3315435432670326,0.17273618352763034,-0.17823143303394318,0.0,0.20472620991130228,5.5349966076811885,56.68304443359375,42.82749938964844
07450.jpg,3.2628,0.5792386531829834,0.338097139179176,0.8890024501063748,6.376919746398926,66.07305908203125,0.7815071472726209,0.2787851828604635,3.486999988555908,1.6674878303264284,37.49710464477539,6.701774597167969,47.07736587524414,0.5392863750457764,0.43337032198905945,0.3026190400123596,0.07092542946338654,11.49198055267334,0.28080620678015994,0.18203574300733227,-0.18098759651184082,0.0,0.15430051721862467,4.454948368728534,72.91473388671875,44.65735626220703
07452.jpg,3.2944,0.5360225439071655,0.45535293276340755,0.8983254477368835,5.263736724853516,107.57384490966797,0.7498916694000841,0.34928132942764495,4.781759738922119,2.2871314603495776,48.996402740478516,11.41229248046875,64.78474426269531,0.7014241814613342,0.8163613677024841,0.3482370376586914,0.0552743598818779,12.574763298034668,0.2940581092826148,0.20014968602668123,-0.1321050375699997,0.0,0.19146732476026518,5.13998387170037,83.90789794921875,45.650665283203125
07455.jpg,3.2323,0.6396105885505676,0.3584957158677483,0.9012523343718517,5.592236280441284,61.50475311279297,0.7927688721096904,0.248695414602134,3.531759023666382,1.6354633181989042,30.359512329101562,5.818032264709473,68.2568588256836,0.6351237297058105,0.2553948163986206,0.3608699440956116,0.13673263788223267,8.641278266906738,0.346485821694753,0.15913642584230783,-0.21478557586669922,0.0,0.2388726218741861,6.19553401726324,55.25115966796875,44.05072021484375
07461.jpg,3.2468,0.549045205116272,0.5162588784439431,0.9207359055582863,4.608942270278931,92.30132293701172,0.7722041976604788,0.2798841187845915,4.3182244300842285,2.304373991539828,34.83954620361328,8.487645149230957,86.16999053955078,0.7428414225578308,0.22517871856689453,0.4155714213848114,0.10364421457052231,9.844550132751465,0.331309406823132,0.2247100864147304,-0.1803118884563446,0.0,0.3196110151661899,5.850026250756047,54.09442138671875,54.365882873535156
07462.jpg,3.2625,0.575138509273529,0.32534379271546243,0.8875097318323703,6.1686601638793945,66.81734466552734,0.7692740945961551,0.2922458624989819,3.8547537326812744,1.6305337797329909,31.3878173828125,6.48130989074707,54.188316345214844,0.6021034121513367,0.5769691467285156,0.30543527007102966,0.0707930326461792,11.50009536743164,0.3178724809307982,0.16215752426947097,-0.1822694092988968,0.0,0.1731956028834919,4.914674305833164,57.49139404296875,35.65480041503906
07479.jpg,3.2906,0.5464810132980347,0.4250460441486429,0.9092071361448646,5.8985795974731445,81.06884765625,0.7738977597395523,0.3234865542634392,4.163030624389648,2.138331524260349,35.72795867919922,7.748713970184326,70.26214599609375,0.7142933011054993,0.5166354179382324,0.40837687253952026,0.07239919900894165,11.402663230895996,0.34437469422470196,0.16813703500266736,-0.17069736123085022,0.0,0.2213549445954538,5.179696766675812,54.03582763671875,38.95574951171875
07484.jpg,3.2361,0.5262418985366821,0.5913808024067534,0.9244263192822252,4.079686641693115,77.77303314208984,0.7398462376616769,0.3088620623940133,4.745793342590332,2.60962077088418,31.810510635375977,7.4719767570495605,79.76913452148438,0.7560309171676636,0.3186122179031372,0.5279539227485657,0.09864208847284317,10.059377670288086,0.36980871706185325,0.1894432504967753,-0.18649080395698547,0.0,0.3392903682241225,4.32343308685938,47.88983154296875,37.85529327392578
07485.jpg,3.2387,0.5726912617683411,0.4181517057579937,0.9124831464049067,5.83197546005249,51.75019836425781,0.7878983853741164,0.25910957800707063,3.668393135070801,1.9863053039501795,25.77988624572754,4.800719261169434,80.38848114013672,0.7189629077911377,0.45718851685523987,0.4161232113838196,0.09740931540727615,10.113996505737305,0.35401670004091323,0.13588724280580175,-0.21862587332725525,0.0,0.24080356988414547,5.137883433509088,56.98211669921875,40.80403137207031
07487.jpg,3.2807,0.5737095475196838,0.4359493567702988,0.9154794876395288,5.475157260894775,68.6137466430664,0.7634131443418367,0.28446801962859747,4.126142978668213,2.09284831769914,29.938011169433594,6.539901256561279,77.74752044677734,0.709343433380127,0.31240975856781006,0.4587571620941162,0.09728724509477615,10.119441986083984,0.33498558373381115,0.19081170871103945,-0.19242477416992188,0.0,0.2859959655355064,4.408385211050697,56.09661865234375,35.87731170654297
07492.jpg,3.2493,0.5684055685997009,0.43236048831198776,0.9114638650141903,5.347263336181641,49.101158142089844,0.7721872020304437,0.2574338129781395,3.615540027618408,1.9375888369907033,24.36517906188965,4.517913341522217,82.08937072753906,0.7185673713684082,0.3932163119316101,0.4574335813522339,0.11365803331136703,9.443999290466309,0.3866290874428771,0.12622485999053265,-0.22195152938365936,0.0,0.27256491722123316,6.272210971488369,64.48895263671875,34.185699462890625
07509.jpg,3.3095,0.5319289565086365,0.41550493366262076,0.8900304035202186,5.530897617340088,126.88084411621094,0.7480005091177476,0.3449564207236615,4.768348693847656,2.1397014758032284,57.49003219604492,13.858429908752441,64.94395446777344,0.6860227584838867,0.8839755058288574,0.24608179926872253,0.05679792910814285,12.456674575805664,0.2906423300486513,0.1464497811323094,-0.1248989999294281,0.0,0.13911273789907433,6.38204651486867,87.57171630859375,46.74797058105469
07518.jpg,3.2926,0.5595556497573853,0.42959620649822544,0.9068066720437106,5.349302291870117,86.10315704345703,0.7627020466349889,0.3154867258951693,4.401893138885498,2.094546089887473,36.643211364746094,8.482898712158203,80.24087524414062,0.7208950519561768,0.5615368485450745,0.435173898935318,0.09225685894489288,10.350013732910156,0.3481679413603213,0.17800693393353967,-0.17316710948944092,0.0,0.27756095435920014,5.426521012243708,46.25457763671875,37.74458694458008
07528.jpg,3.2802,0.5498844981193542,0.37918616793538873,0.8826120355741243,5.543677806854248,132.56768798828125,0.7475633494489385,0.36224218320332674,4.6601457595825195,1.9345812963615607,55.15388107299805,13.701558113098145,58.20563888549805,0.6175358295440674,0.7935208678245544,0.24325981736183167,0.058608271181583405,12.320411682128906,0.2576961616987814,0.19658003400441842,-0.11512476205825806,0.0,0.13190235788220378,6.059726622282516,74.17034912109375,52.36084747314453
07530.jpg,3.2962,0.584783136844635,0.2260683019128886,0.8786586055654533,7.153331756591797,47.83904266357422,0.8017135769433636,0.22179815658574503,2.857656717300415,1.1315877789033504,25.858211517333984,4.515275001525879,48.46507263183594,0.5370136499404907,0.541048526763916,0.22053956985473633,0.07058188319206238,11.513067245483398,0.28222877733874635,0.14906400860871805,-0.22190861403942108,0.0,0.12118637939555567,7.185781382447121,72.10955810546875,31.162708282470703
07533.jpg,3.2713,0.5481444597244263,0.47720366504766826,0.9181761185753153,5.092442989349365,82.94168090820312,0.7535107468528394,0.31507990450737716,4.610854148864746,2.315233267569104,34.12167739868164,7.968430519104004,79.41605377197266,0.7365225553512573,0.35855239629745483,0.4366268217563629,0.08628898113965988,10.640445709228516,0.34738776473458344,0.19207156305432668,-0.16729813814163208,0.0,0.26262776486026884,4.624631588745173,50.21112060546875,43.45370101928711
07542.jpg,3.2785,0.5684511065483093,0.5218809627611213,0.9147870412416741,4.501470327377319,91.36408233642578,0.7618072526356122,0.32446629507411545,4.613942623138428,2.378589908198708,35.39308547973633,8.75426197052002,75.44560241699219,0.7145237922668457,0.3123735785484314,0.4622040092945099,0.10754465311765671,9.684112548828125,0.3337696320497498,0.21711386824539644,-0.1737523376941681,0.0,0.31292852041681013,5.0006265228508315,44.26092529296875,35.2296028137207
07556.jpg,3.2298,0.5297006368637085,0.6023430519572315,0.9239774356355213,3.6664276123046875,82.15628814697266,0.7559890092215655,0.3254843295457312,4.698168754577637,2.51918927991236,32.84259033203125,7.949775695800781,83.2022933959961,0.7574135065078735,0.3198779225349426,0.5448983907699585,0.10188624262809753,9.918844223022461,0.36423362329672365,0.18603570743075543,-0.1762271523475647,0.0,0.35900365976977616,4.5770397507496074,45.93231201171875,38.0762825012207
07561.jpg,3.2539,0.5177809596061707,0.5144530956103238,0.9264301242278403,4.717658042907715,73.48658752441406,0.7336824355083423,0.3341954288873549,4.773881912231445,2.441485561474149,32.20442581176758,7.3820576667785645,82.11686706542969,0.780243456363678,0.47503164410591125,0.47936344146728516,0.07333824038505554,11.346694946289062,0.3640647185443077,0.17109179459867224,-0.1761317402124405,0.0,0.2823393462323918,4.537966561867902,40.15643310546875,35.766517639160156
07565.jpg,3.2671,0.6204802393913269,0.3891724003614123,0.9025226725452251,5.768459320068359,63.82160186767578,0.7812326038667069,0.27547738313240167,3.868945598602295,1.8753130605610053,29.757431030273438,6.051887512207031,63.565208435058594,0.6241164207458496,0.2639097571372986,0.37581631541252136,0.11101114749908447,9.546334266662598,0.34606509214784587,0.1674953426590991,-0.19381345808506012,0.0,0.23642857709614365,4.73332026832656,58.03192138671875,36.75751495361328
07570.jpg,3.2975,0.5617091059684753,0.4270237633915162,0.9112046348407754,5.525827884674072,76.84770202636719,0.7702196533984595,0.2931815238854481,4.17838191986084,2.0719719042380342,33.664554595947266,7.410934925079346,75.69695281982422,0.7169196605682373,0.4205958843231201,0.3792728781700134,0.08943985402584076,10.484689712524414,0.33691771882426286,0.17125968516634316,-0.18938881158828735,0.0,0.23486481878083468,4.805636358739638,55.60247802734375,39.575286865234375
07574.jpg,3.2445,0.5437626242637634,0.6059488979271648,0.923010335145554,3.6236655712127686,80.3626480102539,0.7513585996474771,0.2953887579125335,4.678840637207031,2.5154583110060402,31.335010528564453,7.547140598297119,80.39085388183594,0.7399567365646362,0.2587983012199402,0.5397673845291138,0.10914278775453568,9.620050430297852,0.36717651535628454,0.19156001738944559,-0.1815199851989746,0.0,0.3694243572565557,3.785513352164935,40.88153076171875,40.43983459472656
07580.jpg,3.2713,0.6451829075813293,0.2046670155064791,0.8728902029085743,6.59763765335083,38.627777099609375,0.7969908221297552,0.2299450297000827,2.7016468048095703,0.9516322448029717,22.150075912475586,3.6035547256469727,26.145708084106445,0.3847002685070038,0.5184209942817688,0.22730237245559692,0.05694146454334259,12.445714950561523,0.3054619067049992,0.12763560959047207,-0.20775389671325684,0.0,0.11346373854035696,7.538841476852848,74.53826904296875,38.407432556152344
07607.jpg,3.2984,0.6266375780105591,0.5189015047248554,0.9075050881297665,3.971991539001465,80.06586456298828,0.7765721325488136,0.2682427744860059,4.027055740356445,2.075368415100793,33.405155181884766,7.553146839141846,72.19373321533203,0.6570174694061279,0.2041248083114624,0.46124154329299927,0.14340326189994812,8.434409141540527,0.3686523877306693,0.18942444461007985,-0.1928206980228424,0.0,0.312230143833627,5.153944812951476,41.51605224609375,37.61674499511719
07612.jpg,3.2182,0.5393252372741699,0.79784876397602,0.9302086137136238,2.2195355892181396,70.48175811767578,0.7502577161255548,0.29430926458912227,5.273505210876465,2.9891714727904324,27.61981201171875,6.915794849395752,66.34999084472656,0.7372375726699829,0.2518898844718933,0.726656436920166,0.11003915965557098,9.584527969360352,0.4093731399313807,0.19887318239124863,-0.1745053082704544,0.0,0.4960750927014922,3.718913204226266,36.45574951171875,40.408382415771484
07613.jpg,3.262,0.6488378047943115,0.3469068040507435,0.8898163225583753,5.131737232208252,57.5655632019043,0.7705854376298036,0.32585979030847,3.8500242233276367,1.557923544431298,27.17595863342285,5.851625919342041,31.84254264831543,0.4797660708427429,0.3989943563938141,0.3163204789161682,0.06062760949134827,12.173295974731445,0.34033663413653686,0.17186101377569485,-0.1628059446811676,0.0,0.15583480125870244,5.160411054079409,55.24896240234375,37.126304626464844
07614.jpg,3.2997,0.6095857620239258,0.3749051906020955,0.8954995265181845,5.946629285812378,65.49935150146484,0.7858624455744846,0.2849026003442158,3.828399896621704,1.8323614830764337,30.917354583740234,6.185664176940918,62.62882995605469,0.625088632106781,0.36073023080825806,0.39394909143447876,0.10006607323884964,9.99713134765625,0.3598194791463387,0.17800647142534184,-0.1920173615217209,0.0,0.22745889533823987,4.438198942281433,59.69207763671875,37.72962188720703
07617.jpg,3.2711,0.5484188795089722,0.4904066851818092,0.9239279812355119,5.631684303283691,47.81317138671875,0.7749193819968242,0.2833121965250393,3.877861976623535,2.331781511569873,24.036409378051758,4.604504108428955,84.56920623779297,0.7475218772888184,0.297673761844635,0.4335336685180664,0.08653704077005386,10.627979278564453,0.3741657261299186,0.14258159881257512,-0.2212257832288742,0.0,0.23572618203932294,5.351274937524432,45.18231201171875,39.133949279785156
07619.jpg,3.3253,0.5622007250785828,0.43728874813218055,0.9135003571966127,5.324914455413818,78.53404235839844,0.7582581877960278,0.2775896112296152,4.308093547821045,2.1062110372542957,32.96107864379883,7.677374362945557,77.30347442626953,0.721768319606781,0.34510326385498047,0.37939751148223877,0.09865124523639679,10.058975219726562,0.33298979996998235,0.1902449288943487,-0.18969102203845978,0.0,0.24833010994643823,4.956151416067793,64.39227294921875,43.258033752441406
07620.jpg,3.256,0.5314211845397949,0.5532648662760234,0.9244811856061608,4.532105922698975,83.65581512451172,0.7222757237213512,0.34480809700174336,4.965228080749512,2.627280681935961,33.829811096191406,8.401244163513184,75.3172836303711,0.7533996105194092,0.4293402433395386,0.46777647733688354,0.07826024293899536,11.06458854675293,0.3534438330838475,0.20781535522568403,-0.1648629903793335,0.0,0.26045021739516616,4.543291902305165,38.86004638671875,40.04875183105469
07623.jpg,3.2386,0.7101764678955078,0.3026194104676829,0.8806809015951507,5.556234359741211,49.009159088134766,0.7686226249764373,0.2596699725713202,3.560696840286255,1.3794857690915814,24.63179588317871,5.129507064819336,27.050094604492188,0.42031732201576233,0.4146605432033539,0.2708633542060852,0.06918986141681671,11.599576950073242,0.34166863123142366,0.16505982577623132,-0.18384285271167755,0.0,0.13833296610547255,5.808633663153588,105.68231201171875,44.4241943359375
07634.jpg,3.2635,0.6031355261802673,0.3745754137690492,0.9051768375680747,6.181518077850342,52.91669464111328,0.7882914551157205,0.26550995277860046,3.453620433807373,1.8045498926442125,26.53109359741211,4.942771911621094,65.76885986328125,0.65375155210495,0.26990342140197754,0.4413691759109497,0.10548378527164459,9.768143653869629,0.37172183490671235,0.15989397715068435,-0.2164362072944641,0.0,0.24107441294179216,5.756270505473092,65.31146240234375,37.64674758911133
07652.jpg,3.252,0.6007307767868042,0.3932301165227863,0.9071821582172808,5.831136465072632,62.70825958251953,0.7881886519285402,0.27956326399668596,3.785738468170166,1.8908296902747965,29.22583770751953,5.871949195861816,71.56962585449219,0.6709423065185547,0.3246552348136902,0.38564205169677734,0.10872513800859451,9.636699676513672,0.34158880126017055,0.1621050303705645,-0.2006371170282364,0.0,0.2403676201357662,5.295465090711746,57.03851318359375,33.696861267089844
07658.jpg,3.2581,0.5552959442138672,0.38854498934446535,0.9121459106532077,6.107781887054443,65.79354095458984,0.780536459545749,0.2669617009055718,3.746845006942749,1.914490111322654,30.352981567382812,6.358222961425781,73.1841812133789,0.7171895503997803,0.5028927326202393,0.4302070736885071,0.0818820521235466,10.868112564086914,0.34428945592351534,0.19620928023174786,-0.20570538938045502,0.0,0.27406791851790496,5.270733727164091,55.69989013671875,36.855525970458984
07669.jpg,3.2949,0.5329309701919556,0.42041527576932686,0.903815841684614,5.483418941497803,142.9220428466797,0.7588805925452901,0.3621415873900292,4.830233097076416,2.1680160662797174,59.20981979370117,14.938776969909668,76.38878631591797,0.7365897297859192,0.8362253904342651,0.3068792223930359,0.05375680327415466,12.69566535949707,0.299686921650195,0.19224992476462496,-0.10984380543231964,0.0,0.16765898933320902,6.326172065518544,80.90252685546875,48.800167083740234
07674.jpg,3.2101,0.7415609955787659,0.20642717569864966,0.8834387688466073,6.030142307281494,33.42350769042969,0.8560778421758486,0.15892193849305733,1.8509421348571777,0.813438837018837,23.069427490234375,2.8310275077819824,44.56101608276367,0.4721491038799286,0.18117856979370117,0.2746514678001404,0.18840107321739197,7.249166965484619,0.3697383367299439,0.09594671524425595,-0.2590305209159851,0.0,0.1648018643421624,10.79876628328698,85.47235107421875,46.11283493041992
07680.jpg,3.2394,0.5579739212989807,0.39507694820071493,0.9066858234778954,6.438554286956787,52.322357177734375,0.7823903443090301,0.2780221484739578,3.574054002761841,1.9778826830693195,25.815597534179688,4.868188381195068,68.35411834716797,0.6970251798629761,0.47391071915626526,0.40035152435302734,0.08283556252717972,10.817832946777344,0.349414867784064,0.14059416920034665,-0.20952975749969482,0.0,0.2181507304696296,5.274077722505001,68.04803466796875,39.27448272705078
07691.jpg,3.2269,0.5244956612586975,0.6039435228938766,0.92312166172156,3.6934053897857666,70.84587860107422,0.7311308238446051,0.2940377971033407,4.587254047393799,2.5005363548179176,29.88783073425293,6.6163859367370605,83.43807983398438,0.7601784467697144,0.3365612030029297,0.5259643793106079,0.10385774075984955,9.835612297058105,0.3791942160224274,0.15623996038274018,-0.1923588514328003,0.0,0.34518541579177603,4.190653122634789,37.07440185546875,35.80792999267578
07693.jpg,3.2445,0.5555152297019958,0.42238736407510175,0.9150430106600237,6.2092812061309814,63.40433883666992,0.7929912912149458,0.26696534719256443,3.555067777633667,2.0621766066223204,32.24714660644531,6.199310302734375,74.7898941040039,0.7254915237426758,0.394722044467926,0.37641721963882446,0.08466549962759018,10.72293472290039,0.3586691430434727,0.14756964721154306,-0.21521218121051788,0.0,0.22443562375971776,5.895576044576469,43.75311279296875,36.26839828491211
07700.jpg,3.256,0.6223813891410828,0.28939664619683125,0.8786959357659778,5.792020320892334,63.95747756958008,0.769297939582808,0.3056924136893774,3.7536075115203857,1.381241691827677,30.35357093811035,6.318533897399902,33.488468170166016,0.4578315317630768,0.4919220805168152,0.25691795349121094,0.06278231739997864,12.021626472473145,0.2763703041034626,0.15880060629981735,-0.16743169724941254,0.0,0.1396447225472625,5.236821623481159,71.51141357421875,43.03779983520508
07701.jpg,3.2473,0.5507504940032959,0.5222084192901786,0.9194382681644616,4.145058631896973,58.710575103759766,0.7858901715517784,0.25826055445883117,4.2950568199157715,2.20375939182811,25.95262908935547,5.362056255340576,77.66242218017578,0.7334190607070923,0.30493468046188354,0.5350453853607178,0.11070666462182999,9.55826187133789,0.39578091503629803,0.1600655059475071,-0.20089031755924225,0.0,0.3443909613950455,3.9084095967507735,45.69573974609375,46.466766357421875
07706.jpg,3.2369,0.5109670758247375,0.44564751014480736,0.918219571344004,5.571153163909912,140.98434448242188,0.7652092155200181,0.37900948963189635,4.760343551635742,2.3021109882426742,58.03118896484375,14.404361724853516,77.56828308105469,0.7802138328552246,0.766745388507843,0.3870290517807007,0.04453812912106514,13.512680053710938,0.31465496214270144,0.1916128041675241,-0.0837450921535492,0.0,0.19959397513761215,6.22394800853254,72.11590576171875,49.75608825683594
07709.jpg,3.1971,0.5019035935401917,0.628043953696804,0.9341258083327701,3.678879737854004,92.88592529296875,0.7287797101922173,0.3588313143486053,5.158381462097168,2.7751057487315176,35.554203033447266,9.187005996704102,76.77909851074219,0.7949717044830322,0.3794196844100952,0.5053063631057739,0.07871130108833313,11.039628982543945,0.35929573272263476,0.22116471944618674,-0.16803620755672455,0.0,0.31431449530251304,3.7078002515765376,51.11810302734375,38.905372619628906
07712.jpg,3.1944,0.532028317451477,0.5433764239810636,0.9230956792873337,4.422282934188843,71.36846923828125,0.7537182735879577,0.31257120934975746,4.665647029876709,2.469093374611832,30.73600959777832,6.980615139007568,79.52386474609375,0.7575198411941528,0.3947712779045105,0.4694073796272278,0.09426933526992798,10.256295204162598,0.38552783927661965,0.18230511289771276,-0.18640895187854767,0.0,0.3001965185774372,4.112255095799868,49.88543701171875,41.283782958984375
07725.jpg,3.1897,0.5361356735229492,0.4899243667978915,0.9184260331568873,5.057331085205078,48.352867126464844,0.8156412915787783,0.26694962368142877,3.4308362007141113,2.0792889370807526,23.654891967773438,4.303622722625732,86.36952209472656,0.738368034362793,0.2166483998298645,0.5122489929199219,0.11115535348653793,9.540696144104004,0.3850140782077146,0.1432912851379065,-0.2263549268245697,0.0,0.32422965068568704,7.948445420845913,62.90374755859375,44.18172836303711
07737.jpg,3.2536,0.6488247513771057,0.5062939920233094,0.90944572365284,3.6939759254455566,48.12378692626953,0.7869883332723225,0.23441822736373422,4.2845964431762695,2.0197608596881222,22.415176391601562,4.521537780761719,46.940757751464844,0.5985996723175049,0.17127710580825806,0.5818219780921936,0.14888599514961243,8.271461486816406,0.4292124476869772,0.12905076870593474,-0.1988014280796051,0.0,0.35410174788778065,3.8922742828961403,50.21600341796875,37.563575744628906
07745.jpg,3.2082,0.5815371870994568,0.46933393307334015,0.9101346996465999,4.40128755569458,71.87113189697266,0.7906161248601677,0.2802521326574389,3.9050421714782715,1.9492300049407918,30.594573974609375,6.777154445648193,76.72909545898438,0.7064118385314941,0.3038490414619446,0.4583534598350525,0.12710198760032654,8.958477020263672,0.3681124288388241,0.19155200814398113,-0.20311249792575836,0.0,0.3200376833520564,4.465465501355605,46.98358154296875,44.402339935302734
07750.jpg,3.2389,0.5296750664710999,0.5208643888975442,0.9187534650140812,4.839786529541016,82.40318298339844,0.7432517991579926,0.31914957137332856,4.800768852233887,2.510720738524519,33.96725082397461,8.243497848510742,78.5372543334961,0.7500461339950562,0.4549137353897095,0.46567320823669434,0.08194621652364731,10.86471176147461,0.34605849407690553,0.21406263470855794,-0.17066141963005066,0.0,0.29382758915565266,4.869512289210191,65.41766357421875,33.92499542236328
07753.jpg,3.2775,0.5388148427009583,0.42813081654099805,0.9043141563195466,5.141411304473877,95.03095245361328,0.7275557396010894,0.3437602243927211,4.848730087280273,2.138551585947834,39.95376205444336,9.755098342895508,64.98136901855469,0.7057194709777832,0.6388405561447144,0.3208315372467041,0.06116944178938866,12.134655952453613,0.314390821373304,0.16268988996636152,-0.15040677785873413,0.0,0.17601302876474353,4.846844671767866,35.56658935546875,37.88785934448242
07754.jpg,3.2553,0.5686182975769043,0.5110454706966275,0.9152317817989821,4.4741997718811035,77.86060333251953,0.7520581642649439,0.3020188542312261,4.554887771606445,2.307146664996935,33.342308044433594,7.71486759185791,74.33692932128906,0.7156920433044434,0.3101634383201599,0.43702489137649536,0.11174976080656052,9.517534255981445,0.3555763882181482,0.18304357336408128,-0.18413735926151276,0.0,0.2940666191653152,4.661769889659555,53.29852294921875,35.16691589355469
07759.jpg,3.2647,0.5001844167709351,0.4123540582460831,0.9290378937761385,6.4250593185424805,101.89562225341797,0.7687563551345976,0.2987338389311244,3.7263383865356445,2.092992615666547,48.00101089477539,9.774174690246582,81.55744934082031,0.8094518184661865,0.7019490599632263,0.35778260231018066,0.041135214269161224,13.85786247253418,0.27900149401281055,0.1692207230480223,-0.1596584916114807,0.0,0.18694501879324596,7.222228588797749,89.61737060546875,53.45948028564453
07778.jpg,3.2187,0.5632391571998596,0.40832945221621336,0.9065432725899767,6.511473178863525,45.58969497680664,0.8278474110746219,0.23775965083538603,2.912102222442627,1.9239691814363749,26.11663055419922,4.039339065551758,82.67361450195312,0.7132874727249146,0.4125577211380005,0.39073091745376587,0.1065479964017868,9.724546432495117,0.3421166039646514,0.09579519936191763,-0.23290258646011353,0.0,0.21758936735874634,7.738897198649014,73.58050537109375,39.3243293762207
07785.jpg,3.1936,0.6376848816871643,0.35283050703397206,0.8984746896467781,5.467785835266113,58.50442123413086,0.7713811308234124,0.3046757690733961,3.7574820518493652,1.627484510321267,28.270055770874023,5.994049072265625,39.50737762451172,0.5406832695007324,0.36426907777786255,0.36402422189712524,0.05400652810931206,12.675538063049316,0.3177328280024331,0.21672912035409708,-0.16656965017318726,0.0,0.18712024618560244,5.409368887731401,72.18377685546875,43.43048858642578
07788.jpg,3.2117,0.5197055339813232,0.5197367913508621,0.9221682349533571,5.648396015167236,58.990234375,0.7599510960058337,0.3003343775944741,4.134533405303955,2.542283833645384,27.081771850585938,5.483680725097656,80.43936920166016,0.762257993221283,0.41399484872817993,0.5170307755470276,0.07347594201564789,11.33854866027832,0.39112502559543366,0.1612463401479011,-0.1963685154914856,0.0,0.2835583742871384,4.58569353393014,62.92987060546875,39.4801139831543
07801.jpg,3.231,0.5905261635780334,0.3574060056360948,0.8764909139816854,5.7471022605896,116.90689849853516,0.7853041664085302,0.3436683144275154,4.066819190979004,1.7537837113240187,55.33514404296875,12.616896629333496,56.31557846069336,0.5671497583389282,0.763280987739563,0.2998350262641907,0.07078596949577332,11.500528335571289,0.32379578843430096,0.21474654576601865,-0.13812486827373505,0.0,0.16501327043274241,8.154145606713419,94.72186279296875,47.4920654296875
07812.jpg,3.1969,0.5586928129196167,0.44593818736723617,0.9138160944100611,5.336188793182373,67.75430297851562,0.7863135544514671,0.27844001429664533,4.010029315948486,2.083925980734233,30.284122467041016,6.500539302825928,80.10598754882812,0.726949155330658,0.3475341796875,0.47636154294013977,0.10443457961082458,9.811556816101074,0.3629375012350931,0.1748643156785398,-0.19582636654376984,0.0,0.3055256418754732,4.3755493926788676,44.70184326171875,39.240020751953125
07815.jpg,3.2334,0.5771511197090149,0.3441944260601703,0.8935042251292368,6.0499773025512695,76.27598571777344,0.7595271521162865,0.2928556561183458,4.009088516235352,1.7311436199277814,35.27073669433594,7.503718376159668,69.21675109863281,0.6647434234619141,0.5826016068458557,0.313301682472229,0.09188617765903473,10.367498397827148,0.3150344097640238,0.15339149529869242,-0.18715110421180725,0.0,0.1982960914622401,6.115915282133382,51.55389404296875,35.692481994628906
07828.jpg,3.2092,0.5362454056739807,0.3920423050696151,0.9132016691754861,6.2138214111328125,57.299625396728516,0.7694978169067865,0.27943652787559536,3.9025330543518066,1.9830266980994198,27.399930953979492,5.4107160568237305,73.1609878540039,0.7297803163528442,0.5167158842086792,0.3789367377758026,0.06533984839916229,11.848219871520996,0.32569649203681766,0.1321205796862904,-0.19006599485874176,0.0,0.1981220622094414,4.872579281279263,58.63592529296875,37.825767517089844
07844.jpg,3.2752,0.609917163848877,0.3126578747237295,0.9002369649717556,6.702438831329346,50.02106475830078,0.8093880604373941,0.2307623091651709,2.946887493133545,1.5084747866355972,26.417360305786133,4.659969329833984,64.83390808105469,0.6431735754013062,0.31337910890579224,0.35100311040878296,0.11082575470209122,9.553593635559082,0.3343209210411878,0.14813566908641226,-0.23076054453849792,0.0,0.20822303331382314,6.151702723531763,77.08319091796875,33.40837860107422
07887.jpg,3.2408,0.4783988893032074,0.5877484694867893,0.9432075777732253,3.6943435668945312,57.94482421875,0.6947865694485755,0.3866887488553376,4.798490047454834,2.4958356263650208,24.640439987182617,6.091214179992676,69.11552429199219,0.814764678478241,0.4283982813358307,0.6703513860702515,0.059870846569538116,12.227846145629883,0.422507284066521,0.1887824374715133,-0.19243261218070984,0.0,0.3632074052668613,4.462824136780573,85.39080810546875,34.205135345458984
07895.jpg,3.3149,0.5383749604225159,0.39524072980410163,0.8853899943401251,5.414417743682861,88.0015640258789,0.7466100016178148,0.3364225314392034,4.54251766204834,1.9677005112809187,38.71802520751953,8.438641548156738,52.806644439697266,0.6220878958702087,0.7753218412399292,0.25863030552864075,0.05439988151192665,12.644021987915039,0.3390463900917081,0.10193433851096581,-0.14367961883544922,0.0,0.14440441218188782,4.694251082103332,59.71649169921875,44.421348571777344
07906.jpg,3.3214,0.4966832995414734,0.5327176657531738,0.9263479427931047,4.622585296630859,72.69963836669922,0.7316689339479483,0.33028709519318417,4.778461933135986,2.5040616604615398,30.761371612548828,7.108984470367432,83.04497528076172,0.7913637161254883,0.44162002205848694,0.4978269636631012,0.07521931827068329,11.236705780029297,0.37461134012591124,0.17326030076231266,-0.18573984503746033,0.0,0.3106726102624785,4.1972495125380895,45.22601318359375,40.80548095703125
07917.jpg,3.2687,0.5362793803215027,0.4994562064693847,0.9167316366156293,4.824952125549316,76.10220336914062,0.7432780634792623,0.3218394257459421,4.753613471984863,2.3920462692678814,32.235496520996094,7.425180435180664,77.96649932861328,0.7466745376586914,0.4373031556606293,0.49124935269355774,0.08699236810207367,10.60519027709961,0.36937207538195493,0.1810060867108228,-0.17406442761421204,0.0,0.3139845092218073,4.191397520343211,51.09002685546875,37.76087188720703
07922.jpg,3.2644,0.5612202882766724,0.3106615833963024,0.8999771763361429,6.801540851593018,54.91703414916992,0.7684408568375093,0.25930401729624414,3.3555030822753906,1.5777073871232865,27.431882858276367,5.259133338928223,65.90829467773438,0.6716591119766235,0.5883505940437317,0.3766264319419861,0.06692691147327423,11.74399185180664,0.3050009057994105,0.16405996919647656,-0.20461592078208923,0.0,0.21766920880730967,5.4029245682540585,65.06121826171875,33.484561920166016
07934.jpg,3.2646,0.6273834705352783,0.42728130223059463,0.9054390580334206,5.096524477005005,61.73299789428711,0.7726348815702202,0.2614143656696287,3.858431100845337,1.91315039806556,28.710859298706055,5.989895343780518,68.7983627319336,0.6464939713478088,0.2557889223098755,0.4915391802787781,0.13205164670944214,8.792561531066895,0.37864141913227783,0.17183305744325975,-0.20706145465373993,0.0,0.30803858591930927,5.40147829797001,39.59735107421875,34.61652374267578
07936.jpg,3.2766,0.5211207866668701,0.4202284078093411,0.9038963079054139,5.8465657234191895,99.05194091796875,0.7534733995344005,0.3290301115436351,4.330183029174805,2.138287225997777,47.24396896362305,10.489645004272461,57.6190185546875,0.6959381103515625,0.6926276683807373,0.35329490900039673,0.051815010607242584,12.855443954467773,0.28204043270676227,0.2117523429252131,-0.14897149801254272,0.0,0.18688777686855984,5.292217605641799,83.15057373046875,41.880859375
07940.jpg,3.2992,0.6085283160209656,0.3439957433061717,0.9008193653628631,6.452303171157837,43.566184997558594,0.7852074496182284,0.24706226018586422,3.1931991577148438,1.6590122336645958,24.459510803222656,3.9141762256622314,74.11167907714844,0.6445595622062683,0.3359600305557251,0.36057209968566895,0.08864916115999222,10.523253440856934,0.3584032504497211,0.09475697896529651,-0.21779806911945343,0.0,0.18338871280916783,5.544059287486106,62.71356201171875,41.00934600830078
07942.jpg,3.2476,0.6554908156394958,0.361807062871671,0.8984403715329684,5.496324777603149,57.44134521484375,0.7933797839540259,0.24830654215375106,3.5894594192504883,1.6436571149847037,28.36320686340332,5.366105556488037,64.2677001953125,0.598321795463562,0.23205572366714478,0.37766551971435547,0.13761036098003387,8.613489151000977,0.35736890021635215,0.16326297629374137,-0.21120791137218475,0.0,0.22985141589208766,6.345013360042422,67.80194091796875,45.91398620605469
07954.jpg,3.3231,0.5599842071533203,0.42132009566439244,0.9220795234245459,6.3593385219573975,45.18645477294922,0.7904515701131108,0.2567186459697098,3.3253421783447266,2.0401830630017574,24.84033203125,4.283060550689697,83.48351287841797,0.7415119409561157,0.3017200827598572,0.3515207767486572,0.07522862404584885,11.236169815063477,0.341036472085985,0.14341725886014,-0.22311890125274658,0.0,0.18272323202797325,4.54705454543365,49.26434326171875,38.441184997558594
07957.jpg,3.2387,0.6868413090705872,0.3135746774267039,0.8970129738549515,5.088723421096802,43.4182243347168,0.8307543771907553,0.19402519738614937,2.43643856048584,1.179855879144542,25.938817977905273,3.708439588546753,70.07319641113281,0.5980599522590637,0.17713207006454468,0.3289790451526642,0.170833557844162,7.67426872253418,0.4092861500631928,0.09794738827896322,-0.24477852880954742,0.0,0.22026247334028196,10.449400317253057,77.78778076171875,49.23247528076172
07963.jpg,3.226,0.6055802702903748,0.6774528496588016,0.9158388141291837,2.8007304668426514,70.41840362548828,0.7660721803529217,0.27872099419166835,4.795413970947266,2.5730272727939036,29.980239868164062,7.038821697235107,61.73493957519531,0.6705157160758972,0.19761782884597778,0.6095669269561768,0.1357598453760147,8.672286987304688,0.3945128611189391,0.1773926166588628,-0.1777835488319397,0.0,0.4036865492690228,3.7417599385417906,45.07635498046875,42.012229919433594
07974.jpg,3.2779,0.5354025959968567,0.4041306529162575,0.9009984804747208,6.0193610191345215,92.68358612060547,0.7611766146743335,0.32541856926619933,4.152519702911377,2.0553918538127034,45.74247360229492,9.609208106994629,62.77741241455078,0.6764025688171387,0.6375613212585449,0.3481035828590393,0.05695213004946709,12.444901466369629,0.2935779077283649,0.18328693279094763,-0.1492062360048294,0.0,0.177081583810801,5.620870119564873,81.91668701171875,44.45484161376953
07989.jpg,3.3048,0.5678131580352783,0.2989819396412304,0.8826693503418228,6.3994972705841064,68.0599136352539,0.7728448093776036,0.28264563321181607,3.8144643306732178,1.5269005205160848,30.79380226135254,6.5056352615356445,56.51591110229492,0.6057772636413574,0.7165017127990723,0.3137766122817993,0.06545621901750565,11.84049129486084,0.2960847733419881,0.19287030763948895,-0.17168056964874268,0.0,0.16898880911591235,4.901276074120365,62.19305419921875,35.595428466796875
07995.jpg,3.2722,0.49384361505508423,0.5879888372528753,0.929796670682646,4.286960124969482,89.2715835571289,0.7561947231090599,0.344200221997787,4.821475028991699,2.677839728971276,36.292694091796875,8.736625671386719,90.1410903930664,0.805738091468811,0.5188050270080566,0.46485263109207153,0.07518304884433746,11.238801956176758,0.3532987628367636,0.20705887030197168,-0.16934004426002502,0.0,0.28585750097909934,4.152220113514186,31.46893310546875,43.16200256347656
08000.jpg,3.2728,0.686149001121521,0.30446285611106666,0.8898017963710726,5.775871992111206,52.89246368408203,0.8292441638042273,0.2155231052393748,2.8651952743530273,1.3154476650505433,27.6209659576416,4.801234722137451,62.078636169433594,0.5730018615722656,0.2810475826263428,0.3658868372440338,0.16013452410697937,7.955150604248047,0.3756015043305329,0.14214835344492863,-0.22847256064414978,0.0,0.2336922798413047,7.528377102395743,79.02166748046875,45.31024169921875
08005.jpg,3.2226,0.5623182654380798,0.4748573669730936,0.9166908777396936,5.154625654220581,53.48851776123047,0.7794914512183333,0.27034985107869625,3.840362071990967,2.135676939730966,25.539995193481445,5.017232418060303,81.09134674072266,0.7235574722290039,0.2341761589050293,0.4712091386318207,0.1068858653306961,9.710798263549805,0.3580669179611903,0.1555898985528311,-0.21896705031394958,0.0,0.2940795488103195,4.6599992497570195,67.76824951171875,33.798099517822266
08006.jpg,3.2569,0.6376895308494568,0.27045536546235904,0.8766437476286809,5.793959856033325,60.75230026245117,0.7747134171621378,0.29517703591500494,3.571505069732666,1.2664751246322004,29.32151222229004,5.953698635101318,32.448204040527344,0.4288084805011749,0.45754140615463257,0.23794284462928772,0.06267525255680084,12.029038429260254,0.2795513791355108,0.15558479080305115,-0.17259153723716736,0.0,0.1291847723387301,5.690223479986043,73.21600341796875,40.18843460083008
08023.jpg,3.2682,0.5729885697364807,0.36388225321555534,0.8937383474692381,6.169002056121826,62.355403900146484,0.7709876744946116,0.2775191876700411,3.849350690841675,1.8227570627545768,30.262678146362305,5.950138092041016,61.13328552246094,0.6265686750411987,0.5191067457199097,0.3068060278892517,0.07227148115634918,11.410330772399902,0.3345899519645993,0.14533260574757648,-0.1883927285671234,0.0,0.1640062752086151,5.670233274072635,67.50994873046875,35.96953582763672
08032.jpg,3.2942,0.6311274170875549,0.3343117601999176,0.8936668096453063,6.143023252487183,63.24955749511719,0.8021669458928707,0.26308275599162106,3.3186206817626953,1.581575618556334,30.067628860473633,5.800321102142334,66.17354583740234,0.607002854347229,0.2944132685661316,0.3495655655860901,0.10417564958333969,9.822339057922363,0.33850887690375564,0.2065877327021731,-0.20700612664222717,0.0,0.23499660694455599,6.229761697340638,62.98309326171875,49.642356872558594
08042.jpg,3.2868,0.5272184610366821,0.4596640587502765,0.908406539516796,5.115474700927734,120.5110855102539,0.739243475230576,0.3717123126396726,4.816996097564697,2.282808395638721,50.76795959472656,12.793886184692383,57.458740234375,0.704975426197052,0.6426290273666382,0.34767818450927734,0.055752530694007874,12.537354469299316,0.2858412045864823,0.19794306084861005,-0.11568915843963623,0.0,0.17208484377056518,5.87259188605272,73.29632568359375,53.85856628417969
08043.jpg,3.2645,0.5744905471801758,0.4240564495361723,0.9075619757265144,5.420982360839844,75.98278045654297,0.7654858172309452,0.3011509190081822,4.232281684875488,2.0467720817071573,33.73775100708008,7.5686845779418945,66.33385467529297,0.6911768317222595,0.4056881070137024,0.4035816192626953,0.09935451298952103,10.02812385559082,0.3400066152846305,0.18651466094012717,-0.18592292070388794,0.0,0.2554123732122157,4.792069648287597,57.31414794921875,32.321651458740234
08057.jpg,3.2846,0.49107658863067627,0.5450538014490698,0.9316822122756806,4.769260883331299,80.18502044677734,0.7661258220510996,0.3265095604081308,4.692141532897949,2.578496767095281,33.83213424682617,7.7879862785339355,85.36210632324219,0.8044070601463318,0.4642179608345032,0.5054218769073486,0.06885656714439392,11.620546340942383,0.36380039278443516,0.1866437612863217,-0.1735234409570694,0.0,0.3251309060534064,4.38736659365553,55.32147216796875,36.50205612182617
08086.jpg,3.2885,0.5403181314468384,0.48529838078400156,0.9169230851438047,5.168575286865234,79.4050521850586,0.7406249851767298,0.32109155344930945,4.659635543823242,2.384816235093316,34.67892074584961,8.029147148132324,70.45142364501953,0.7311537265777588,0.5175321102142334,0.44219815731048584,0.07365503907203674,11.32797622680664,0.3557810507065998,0.18721542537964858,-0.17526088654994965,0.0,0.2496144852041339,4.658628456570561,33.93817138671875,37.250450134277344
08091.jpg,3.2821,0.5886262059211731,0.30127790027447693,0.8841471841977637,6.485667943954468,66.01504516601562,0.7725240558056071,0.24958737090663874,3.5500524044036865,1.5117759450894859,30.198144912719727,6.157877445220947,62.52043914794922,0.6275966167449951,0.6504225730895996,0.3484680652618408,0.10113664716482162,9.95091438293457,0.32076157463429006,0.14433327671898752,-0.20197793841362,0.0,0.21884029613446485,5.138621696014105,64.57391357421875,41.687889099121094
08099.jpg,3.3066,0.5838233232498169,0.3528212120793721,0.8881777924524864,5.794971942901611,90.68634796142578,0.7721210423491335,0.3364459953224402,4.136423587799072,1.7520101087004676,46.003421783447266,9.602487564086914,57.221519470214844,0.5951013565063477,0.607445240020752,0.3220982551574707,0.06725572794675827,11.722707748413086,0.32929459305281306,0.16284951756324037,-0.14295750856399536,0.0,0.17254090893587476,6.54503153316548,60.64471435546875,43.86357116699219
08100.jpg,3.279,0.4736112952232361,0.7134442699884411,0.9481306531468969,2.604414463043213,57.677913665771484,0.6626369707328034,0.39477152770400964,5.287062644958496,2.8150774715221347,24.031864166259766,6.123376369476318,61.76163101196289,0.8303437829017639,0.28298789262771606,0.6917232871055603,0.06760472804307938,11.70022964477539,0.43803897548155935,0.17484317952384335,-0.19594115018844604,0.0,0.36134248775584127,4.371494096038529,85.78167724609375,39.371124267578125
08116.jpg,3.2633,0.49277985095977783,0.7284446779699773,0.9515726576375503,2.2189979553222656,58.519161224365234,0.6554229313678891,0.38479695625772464,5.154164791107178,2.6854833858596967,24.09486961364746,6.226407527923584,54.11678695678711,0.840093195438385,0.2938769459724426,0.6781318187713623,0.07536518573760986,11.228293418884277,0.42577704824426327,0.17808831248668844,-0.20630769431591034,0.0,0.3480054573755078,4.632840159485847,87.70623779296875,51.807708740234375
08118.jpg,3.2331,0.8551225066184998,0.18807421104952782,0.880127834069097,6.367678642272949,22.792144775390625,0.8453929270406707,0.15861883848691086,2.1003146171569824,0.7963089890410782,14.920751571655273,1.8665215969085693,18.912260055541992,0.26914870738983154,0.22168362140655518,0.2410978376865387,0.07450337707996368,11.278240203857422,0.41841264244491944,0.062061014754120784,-0.2448817789554596,0.0,0.1036103841729527,5.877425282322932,78.80780029296875,41.7981071472168
08139.jpg,3.2935,0.551739513874054,0.45285391012984405,0.9135731845526244,5.488008975982666,83.11748504638672,0.7562972078312544,0.32146968447042595,4.461698532104492,2.252890301491812,35.813079833984375,8.176674842834473,70.4513168334961,0.7133854627609253,0.38304394483566284,0.3765522241592407,0.07564772665500641,11.212041854858398,0.3289076605057306,0.1799668083652294,-0.16558738052845,0.0,0.21294295946300712,4.558612247716208,66.21502685546875,36.66957473754883
08154.jpg,3.2338,0.5841571092605591,0.399584820518921,0.9124519090567021,6.043557405471802,60.984615325927734,0.7905167235757571,0.269473186074818,3.706178665161133,1.9479306429933905,29.4127197265625,5.717334747314453,75.51969146728516,0.6949156522750854,0.3102772831916809,0.42285990715026855,0.0947578027844429,10.233850479125977,0.3673717514487966,0.14773409279848065,-0.20239366590976715,0.0,0.23536310874983057,5.138776928111134,63.38470458984375,37.10975646972656
08166.jpg,3.3053,0.5681812167167664,0.5215838768433708,0.9190083714193541,4.462319850921631,79.42813110351562,0.779163262651049,0.2840557155022431,4.173015594482422,2.2520353940996287,31.56581687927246,7.284837245941162,83.784912109375,0.7208131551742554,0.19232821464538574,0.46947118639945984,0.11404011398553848,9.429424285888672,0.35151791346528266,0.2083281582819907,-0.18965336680412292,0.0,0.34068284638115115,6.154617046841365,53.36639404296875,46.574981689453125
08168.jpg,3.3485,0.5897378325462341,0.2573655496195191,0.879471627845452,6.860027551651001,53.379581451416016,0.792378870734539,0.2541690462509366,3.1996142864227295,1.2945073379516048,27.882476806640625,5.0539326667785645,50.80820846557617,0.5529197454452515,0.5348469018936157,0.27186307311058044,0.07868070155382156,11.0413179397583,0.3083148837242235,0.12743293589489926,-0.20241504907608032,0.0,0.1451296287977093,6.470150347690868,69.42205810546875,34.09891128540039
08180.jpg,3.3036,0.8174178004264832,0.29324700949104077,0.8909161789586156,5.678441524505615,29.371795654296875,0.8125937168888513,0.20048244767740134,2.8608195781707764,1.2520617200956323,16.59245491027832,2.706353187561035,23.723146438598633,0.40073007345199585,0.2475484311580658,0.2876001000404358,0.06362413614988327,11.963781356811523,0.3854090646129233,0.09721333085579907,-0.21532942354679108,0.0,0.13733929147132776,5.254893875503806,73.85150146484375,40.99492645263672
08200.jpg,3.309,0.49192118644714355,0.5242028927236199,0.9288168814029293,5.303396701812744,64.87074279785156,0.8021953647423262,0.2830486455154345,3.6694183349609375,2.351797499750992,31.036691665649414,5.906892776489258,91.64797973632812,0.7933223247528076,0.3934677839279175,0.5064659714698792,0.08270791172981262,10.824529647827148,0.38197809159684065,0.14484898103958968,-0.2112276703119278,0.0,0.3108822839944923,5.584540036517255,67.26971435546875,43.960723876953125
08202.jpg,3.2954,0.611690878868103,0.5324193650918829,0.9099714456298802,3.892622232437134,68.73289489746094,0.7937799388404477,0.2551838730922864,4.0965752601623535,2.1268116161396646,28.811742782592773,6.228613376617432,74.49005126953125,0.668097972869873,0.21853101253509521,0.5217081904411316,0.13815613090991974,8.596298217773438,0.40586514771338683,0.1857448208919409,-0.19315820932388306,0.0,0.35592761322175104,4.227201664453548,51.78240966796875,48.1513671875
08222.jpg,3.2734,0.5633102059364319,0.3737558377082306,0.911901273749908,6.432167053222656,49.27523422241211,0.7799285203451809,0.23187682984338093,3.269364595413208,1.8130088557948163,25.325162887573242,4.574890613555908,72.39411163330078,0.7073628902435303,0.3003022074699402,0.31761816143989563,0.10033174604177475,9.985616683959961,0.28579819139476204,0.1324476968078194,-0.22635236382484436,0.0,0.208477993385886,6.939980578245654,67.78558349609375,35.89263916015625
08230.jpg,3.3635,0.5325313806533813,0.33873889946697805,0.9050234199979649,6.463925361633301,109.48890686035156,0.7731595381869544,0.3189741973574428,3.842996597290039,1.7456840011969215,53.480628967285156,11.529743194580078,69.9730453491211,0.7160073518753052,0.7194527983665466,0.29539185762405396,0.052166473120450974,12.826085090637207,0.2754833380875249,0.181124424903374,-0.15331804752349854,0.0,0.15551617897256023,8.241735119855658,96.17987060546875,44.26057815551758
08239.jpg,3.2988,0.49155285954475403,0.7492258163212131,0.9367674500512129,2.5972518920898438,73.82547760009766,0.7417804715125863,0.32938223008808193,5.214086532592773,2.926242070501969,29.072153091430664,7.2661614418029785,74.39692687988281,0.783513069152832,0.31181812286376953,0.6901841163635254,0.09220273047685623,10.35256290435791,0.39832494308033267,0.20542815674659815,-0.17621445655822754,0.0,0.4501402910975253,3.9864820577282183,53.54901123046875,38.02507781982422
08271.jpg,3.3031,0.5626834630966187,0.3609739720002046,0.9035640190236318,6.2307820320129395,70.16317749023438,0.7436268550182077,0.2834282816636476,3.7927393913269043,1.809121760378642,38.2215690612793,7.411440849304199,69.27836608886719,0.6812670230865479,0.5992534160614014,0.2579883635044098,0.05395842343568802,12.67940902709961,0.2855587735216381,0.1719526790778453,-0.1860627830028534,0.0,0.14451163129832933,7.3841326585950915,78.87127685546875,42.45058822631836
08280.jpg,3.3169,0.5295658707618713,0.5894821450862398,0.9277159417947193,3.930006265640259,102.99674224853516,0.7394785011139196,0.3441939440767247,5.040911674499512,2.6441085628678476,38.05949783325195,10.021177291870117,79.08280181884766,0.7624398469924927,0.30796706676483154,0.4893810749053955,0.09027556329965591,10.44429874420166,0.33773047571311565,0.2479849566045946,-0.16156217455863953,0.0,0.3362823867630139,4.761224310496858,42.14715576171875,40.33770751953125
08281.jpg,3.2906,0.8599566221237183,0.20556969408121703,0.8816844450497929,5.907252311706543,25.027658462524414,0.8309308395441999,0.17227433019300722,2.445317506790161,0.8585213761905441,15.081872940063477,2.1176605224609375,18.503982543945312,0.25048357248306274,0.17906159162521362,0.2301972359418869,0.07520918548107147,11.237292289733887,0.3903663525395404,0.06279604539903631,-0.2253512144088745,0.0,0.10404954172813648,6.654380241722428,70.44451904296875,43.76478958129883
08289.jpg,3.3489,0.530483067035675,0.33730170725556424,0.8881387717579482,6.3157501220703125,104.4385757446289,0.7678356646109281,0.33636094576013303,4.059272766113281,1.74976263618548,49.74399185180664,10.831618309020996,66.93589782714844,0.6735548973083496,0.8609728217124939,0.2674392759799957,0.05753982067108154,12.400314331054688,0.33401390400269393,0.13195403132095276,-0.16084003448486328,0.0,0.15743275120046052,7.047918720495805,73.74871826171875,41.72411346435547
08290.jpg,3.3282,0.554341197013855,0.5026218454188879,0.9200923155082359,4.839735507965088,70.8709487915039,0.7526355138285876,0.30130902119012654,4.304835796356201,2.29813994526981,30.17106056213379,6.7732672691345215,78.87939453125,0.7328792810440063,0.289856493473053,0.5086649060249329,0.1036931723356247,9.842498779296875,0.35836729245400734,0.17752863873724775,-0.19214890897274017,0.0,0.3289600118195421,4.603719118945776,60.90447998046875,38.1884651184082
08309.jpg,3.2443,0.582658588886261,0.4028537993044306,0.9123505194225718,6.222537040710449,60.637123107910156,0.7914050913151155,0.2708957017565807,3.537835121154785,1.9660089446624038,29.864547729492188,5.689294815063477,74.75428771972656,0.6950342655181885,0.33556485176086426,0.3683512210845947,0.08622743934392929,10.643545150756836,0.35896699717115305,0.15535940718948607,-0.2100871503353119,0.0,0.22708185514728102,5.572526748846017,68.50823974609375,39.11751174926758
08318.jpg,3.2403,0.8433012366294861,0.23821749277245302,0.8833858884036371,5.699643850326538,25.89723014831543,0.82505207645057,0.17296374635890543,2.648902654647827,0.9943892356150323,15.133610725402832,2.280226230621338,18.094348907470703,0.28686442971229553,0.19979161024093628,0.25010550022125244,0.06991662085056305,11.554197311401367,0.3836584228010118,0.060696160105586525,-0.22127452492713928,0.0,0.10810667544766352,5.999750171093812,67.75311279296875,44.44465637207031
08319.jpg,3.2962,0.5824405550956726,0.5333422114257523,0.9073313429906587,4.3780598640441895,87.1176986694336,0.7409546081627975,0.31612073336219126,4.801769733428955,2.4480051882215346,35.21067428588867,8.466691017150879,70.83163452148438,0.6843699216842651,0.3532975912094116,0.40457114577293396,0.1113438606262207,9.533337593078613,0.3514860250881824,0.18272402060520407,-0.16232846677303314,0.0,0.2728829292492656,4.3057214802890185,52.38739013671875,45.62730407714844
08321.jpg,3.3169,0.5594390630722046,0.36219173564492957,0.893489334755737,6.029472827911377,101.0322265625,0.7515674264916067,0.3189732594797425,4.187505722045898,1.850259292255254,52.73634338378906,11.554374694824219,66.44329071044922,0.6569264531135559,0.7158219218254089,0.26344606280326843,0.06048433482646942,12.183570861816406,0.30377299119849804,0.201174345422399,-0.16379985213279724,0.0,0.15110890574903527,6.253815548577027,123.90887451171875,41.81028747558594
08328.jpg,3.2671,0.49182242155075073,0.5579913965353388,0.9330572947014464,4.3261237144470215,73.1259994506836,0.7701589771014516,0.29510175173983955,4.451350212097168,2.448887829311663,30.554462432861328,6.8693528175354,89.58828735351562,0.7991201877593994,0.3376169204711914,0.5116386413574219,0.08269230276346207,10.825348854064941,0.37167979199317325,0.19764450838677794,-0.19133338332176208,0.0,0.3379967863948499,3.6810863164610654,42.83856201171875,42.9572639465332
08338.jpg,3.3479,0.4986627399921417,0.4101545147154319,0.9262238782780919,6.445973634719849,95.58036041259766,0.7627783921728609,0.3020055101147752,3.7287206649780273,2.086606034735306,46.06071853637695,9.603559494018555,75.74891662597656,0.7878879308700562,0.6474409103393555,0.32065239548683167,0.03857685253024101,14.136733055114746,0.2616578363403643,0.2103938900347314,-0.17049197852611542,0.0,0.16849891655965918,7.499546518063525,89.66619873046875,53.765724182128906
08347.jpg,3.2845,0.47704580426216125,0.6228226896658167,0.9408552094454746,3.794475555419922,95.45811462402344,0.6934504193844836,0.38271810828589303,5.294693470001221,2.830481756596402,35.69858169555664,9.613829612731934,71.82869720458984,0.8262213468551636,0.48822253942489624,0.5677928924560547,0.05938420444726944,12.263290405273438,0.3449568210684436,0.24842245084048917,-0.158058762550354,0.0,0.31429484368283034,4.0899034117291935,49.16033935546875,42.76543426513672
08349.jpg,3.2808,0.5832542181015015,0.4908258294190462,0.9077571422166529,4.419294834136963,70.85012817382812,0.7585886240072626,0.27661950453764195,4.445064544677734,2.1754374342626006,30.08772850036621,6.780914783477783,75.6241683959961,0.6896069049835205,0.36897021532058716,0.5159878134727478,0.11662579327821732,9.332053184509277,0.37917639434000017,0.1746897980743196,-0.1837782859802246,0.0,0.3255036647429523,4.371885296779685,52.54461669921875,34.01409912109375
08376.jpg,3.2729,0.5465219616889954,0.6091506756797183,0.9231521018679903,3.500974178314209,75.2132797241211,0.7487501441990716,0.3087378155282802,4.84283971786499,2.541331108152275,30.42540168762207,7.394166946411133,73.70768737792969,0.7375451326370239,0.2767137289047241,0.5376527309417725,0.10861629247665405,9.641051292419434,0.3741477601253659,0.18451707005984896,-0.18037337064743042,0.0,0.3617926254668764,4.242875286435396,42.47723388671875,39.788490295410156
08380.jpg,3.3055,0.5767314434051514,0.3372240566098675,0.9004962435305637,6.8267598152160645,43.59945297241211,0.7745574125143186,0.2434533969098309,3.179689884185791,1.687213995945286,24.496479034423828,3.9662861824035645,74.15218353271484,0.6727255582809448,0.5227471590042114,0.3351541757583618,0.069412961602211,11.585594177246094,0.33735599597824967,0.09332725003405903,-0.21872851252555847,0.0,0.171385342644844,5.193173534772615,64.79217529296875,39.4715461730957
08424.jpg,3.2555,0.4563656747341156,0.5838041023227369,0.9374334616547064,4.3285088539123535,79.4825439453125,0.7343496771543188,0.32666580175922405,4.786396026611328,2.6606703409990313,32.034934997558594,7.656714916229248,88.61187744140625,0.8303149342536926,0.5100740194320679,0.5147144794464111,0.0642872080206871,11.918754577636719,0.3726224797579229,0.21220964502409898,-0.18077315390110016,0.0,0.3215613316625702,4.014306673007845,51.86102294921875,39.82422637939453
08432.jpg,3.2684,0.5604112148284912,0.6528788514707796,0.923382667921583,3.144002676010132,70.40391540527344,0.7676985089575951,0.2652117514110714,4.786983489990234,2.5889983825809884,29.014787673950195,6.728676795959473,72.8971939086914,0.7198808193206787,0.22843706607818604,0.6158958077430725,0.11554904282093048,9.372336387634277,0.40054780809393126,0.19531291081496813,-0.18536728620529175,0.0,0.41449848380446147,3.7248443461452596,49.07684326171875,42.22460174560547
08446.jpg,3.2761,0.5478240847587585,0.4216277241166849,0.913025704168279,5.902585029602051,64.73538208007812,0.7617809725903273,0.2884542066388584,3.9870362281799316,2.084876831051357,28.585296630859375,6.159578323364258,73.2302474975586,0.7279996871948242,0.4110490679740906,0.4087791442871094,0.08953894674777985,10.479880332946777,0.3292762737921036,0.16703447432532859,-0.19609345495700836,0.0,0.23179764398585562,4.6025060777077345,56.13885498046875,38.664024353027344
08465.jpg,3.2645,0.5725634694099426,0.4085740081569091,0.9145846902356738,6.002964735031128,45.63151168823242,0.7917496644590671,0.2491596561991913,3.1680750846862793,1.8735318641348977,25.979610443115234,4.258231163024902,87.61201477050781,0.7250821590423584,0.2873704433441162,0.40507858991622925,0.11008818447589874,9.58259391784668,0.3690107578874236,0.12603011029319755,-0.23237617313861847,0.0,0.24035690437990992,7.9012815987643075,87.07440185546875,39.048988342285156
08480.jpg,3.2538,0.4934665262699127,0.7885730942982686,0.9403777916573314,2.2078397274017334,75.4146499633789,0.739428790877954,0.31308661575516783,5.327171802520752,2.9709680656954536,28.292627334594727,7.2627973556518555,73.86898040771484,0.7911779880523682,0.31966233253479004,0.7888547778129578,0.08971698582172394,10.471253395080566,0.410224542688056,0.23543747047125005,-0.175509974360466,0.0,0.5429553372071371,3.5161488442331805,37.42645263671875,43.46855163574219
08487.jpg,3.3017,0.5390984416007996,0.3451168203088894,0.8954536902675824,6.607044458389282,89.3843002319336,0.7929916990087681,0.2911347149986171,3.5906851291656494,1.7597104674123294,46.94055938720703,9.253671646118164,75.52478790283203,0.7182953357696533,0.9079352617263794,0.3171016275882721,0.056503504514694214,12.479247093200684,0.3137453814411467,0.15424229644861467,-0.1576908677816391,0.0,0.16149174319839546,7.891438291197091,100.35076904296875,47.31584167480469
08495.jpg,3.3146,0.6556321382522583,0.5054734327009168,0.9065582424599266,3.838059425354004,68.5799789428711,0.7867801233701487,0.24185728586956565,4.145196914672852,2.0176711519033823,31.022184371948242,6.580005645751953,62.079830169677734,0.609490156173706,0.18936842679977417,0.48354488611221313,0.15049141645431519,8.224882125854492,0.3952006281825699,0.17086639586708746,-0.19178345799446106,0.0,0.3251499407025368,4.9821806709163825,40.63006591796875,31.5603084564209
08503.jpg,3.3136,0.5446851849555969,0.6973001212844222,0.9398897882545744,3.0755815505981445,53.991355895996094,0.7018660983029981,0.42224394594855247,5.1652703285217285,2.873186228303296,21.909090042114258,5.568856239318848,50.79297637939453,0.7840378284454346,0.19051200151443481,0.7301331162452698,0.06912577152252197,11.603599548339844,0.44124083563437155,0.17788290124660983,-0.17142921686172485,0.0,0.39944340908901116,4.118715808415093,72.17083740234375,39.704322814941406
08519.jpg,3.3161,0.6871277093887329,0.35507353137092174,0.8966574328300918,4.496554374694824,45.042293548583984,0.8287174398567078,0.20447906177887565,2.6830010414123535,1.2746415506931772,24.269580841064453,4.030594348907471,64.35395812988281,0.5956493020057678,0.183813214302063,0.4829046130180359,0.17261368036270142,7.629247665405273,0.43486897671332625,0.11879705392679486,-0.23719248175621033,0.0,0.29016214204992263,8.72071541466263,71.63690185546875,38.70094680786133
08541.jpg,3.2364,0.6087272763252258,0.3034338830430324,0.8880302597675789,6.5700507164001465,65.63865661621094,0.792326293000385,0.25137714845636006,3.319375991821289,1.5003991572140842,31.839139938354492,6.184370994567871,61.89979553222656,0.6042885780334473,0.45907270908355713,0.29750633239746094,0.09327100217342377,10.302534103393555,0.31730199705855805,0.1573841598554527,-0.2046462893486023,0.0,0.18524433891965483,6.483442421143374,64.17034912109375,40.10105895996094
08549.jpg,3.2466,0.5200319886207581,0.5748266817900618,0.9252826136761112,3.8214731216430664,71.94245147705078,0.7582481935351297,0.30396155196417474,4.375840187072754,2.3560278808214674,30.148391723632812,6.734103202819824,86.69119262695312,0.7673333883285522,0.3273215889930725,0.5407980680465698,0.1006859838962555,9.97031021118164,0.39361243559507886,0.18273571923285614,-0.1955966055393219,0.0,0.3501227751706789,4.838144640292383,48.53924560546875,39.004844665527344
08562.jpg,3.2829,0.6023615002632141,0.46762408561749924,0.9050749123590228,4.58418607711792,67.11201477050781,0.7325469682987896,0.28565690706197855,4.702685832977295,2.171391230262202,29.211042404174805,6.696866512298584,63.01578140258789,0.644461989402771,0.31612104177474976,0.43744081258773804,0.10765240341424942,9.679762840270996,0.358922409061342,0.19704793679421456,-0.18793244659900665,0.0,0.24763313811253257,3.7741099880283686,54.17401123046875,39.1922607421875
08566.jpg,3.2567,0.6161078214645386,0.4110136373382972,0.8983580869544046,5.065738677978516,66.45352935791016,0.7615860817110054,0.32500615490163925,4.121143817901611,1.8879745794211615,29.793174743652344,6.7528767585754395,35.15325164794922,0.5528219938278198,0.3154541254043579,0.33555060625076294,0.0683288425207138,11.653959274291992,0.3225405275700337,0.20881698409589633,-0.16742506623268127,0.0,0.17971405669722504,5.263314861223977,84.01580810546875,41.91893768310547
08596.jpg,3.266,0.5208768248558044,0.4741304415092478,0.9271885014909141,5.657888650894165,40.96894836425781,0.7771185083990078,0.25749473087319363,3.364877700805664,2.1389929441184634,23.608776092529297,3.7913122177124023,92.48436737060547,0.7765626907348633,0.32778406143188477,0.47273385524749756,0.09098056703805923,10.410514831542969,0.3886571982298045,0.1107646803143536,-0.2344883531332016,0.0,0.2703719933982886,7.471808142798677,45.00115966796875,34.68400192260742
08618.jpg,3.2428,0.67216557264328,0.3158690060872077,0.8856403011204188,5.494558572769165,47.95946502685547,0.7828969939246609,0.2930707696128014,3.470555067062378,1.415906637565322,23.586153030395508,4.627835750579834,26.296648025512695,0.4065902829170227,0.293142169713974,0.2849702835083008,0.06738850474357605,11.714142799377441,0.3147795568781271,0.15455823784698466,-0.1720108687877655,0.0,0.13754418898010648,6.532176958074628,68.46234130859375,42.28312683105469
08646.jpg,3.2808,0.5780808925628662,0.4772332068006711,0.9098121014290477,4.962896823883057,65.76313781738281,0.7337547356464121,0.3012385591412768,4.5432024002075195,2.268321985629939,29.497467041015625,6.617586135864258,67.78779602050781,0.6812351942062378,0.2709767818450928,0.43709245324134827,0.08648660778999329,10.630511283874512,0.3636119338061624,0.19400617677564225,-0.18775470554828644,0.0,0.2468392887490456,4.700750628712274,53.48309326171875,36.52684783935547
08667.jpg,3.2826,0.5212476849555969,0.2785202144219728,0.8955167524493574,7.201298713684082,58.80339813232422,0.7988311215871495,0.24774542272794872,3.098280191421509,1.4343256365598211,29.1551570892334,5.531953811645508,57.6802864074707,0.670150876045227,0.6951701045036316,0.29933297634124756,0.05222272500395775,12.821403503417969,0.30207084779337123,0.17210980725033026,-0.20310138165950775,0.0,0.16295059512490634,5.175913999311014,67.44354248046875,37.881919860839844
08670.jpg,3.3185,0.4807169735431671,0.35522585647423616,0.91526064732414,6.675234794616699,107.61530303955078,0.7704190451538535,0.3231136277577113,3.7830588817596436,1.8575347863603007,50.675559997558594,10.608601570129395,78.565185546875,0.7955261468887329,0.9388719797134399,0.31785064935684204,0.04194214940071106,13.773493766784668,0.3121629230566898,0.10593025483629746,-0.12455727159976959,0.0,0.1675888758188882,8.414339807348815,73.41571044921875,51.15636444091797
08690.jpg,3.3021,0.5737050175666809,0.39134945003231675,0.8887641578470251,5.709566593170166,107.46839904785156,0.7802852754826475,0.3306154570758689,4.223672866821289,1.9436910676071104,52.374141693115234,11.217155456542969,58.095619201660156,0.6072690486907959,0.6388351321220398,0.30217093229293823,0.06781178712844849,11.686948776245117,0.30045020427797864,0.176661999046206,-0.13895733654499054,0.0,0.16023861468271391,4.508051378971196,75.91326904296875,47.100563049316406
08698.jpg,3.3386,0.5374889969825745,0.426221582105771,0.9001229437959486,5.6355791091918945,136.03732299804688,0.7531335364927757,0.34690391622224986,4.7406415939331055,2.211292501061328,62.951690673828125,15.141623497009277,69.64421844482422,0.7080965042114258,0.7714465260505676,0.25717777013778687,0.05515561252832413,12.58410358428955,0.2887142130063856,0.19249094486211768,-0.1250137835741043,0.0,0.14663514888648843,8.218469396023924,108.02020263671875,46.709007263183594
08699.jpg,3.2876,0.5313318967819214,0.4399396176238967,0.9186363088826118,5.546191692352295,89.12076568603516,0.7704898804980352,0.3108226386044362,4.323038578033447,2.170940865328234,36.98428726196289,8.817143440246582,80.24004364013672,0.7620882987976074,0.5071183443069458,0.43970787525177,0.07836931198835373,11.058540344238281,0.32361594265729404,0.2206734566639057,-0.16650721430778503,0.0,0.25915258893589815,4.667313664015776,58.34686279296875,41.81672286987305
08702.jpg,3.2665,0.5510286688804626,0.48102424496378926,0.9182613654977605,4.819413423538208,70.81401062011719,0.7764227157811663,0.27953202767401897,4.036737442016602,2.1300205291689,28.892305374145508,6.557473659515381,82.9234390258789,0.7387877702713013,0.2738678455352783,0.4743366241455078,0.10740288347005844,9.689840316772461,0.3446477052070461,0.20902034051225016,-0.20165929198265076,0.0,0.3167097265821862,5.7561817653586385,46.92620849609375,38.976531982421875
08703.jpg,3.2707,0.6244176030158997,0.3903222239975644,0.9083183921884062,5.9472105503082275,38.786041259765625,0.8274747209359166,0.22830867873484084,2.8479180335998535,1.716474293926331,22.31386947631836,3.4126455783843994,77.1467056274414,0.6584346294403076,0.15490281581878662,0.41371649503707886,0.12481638044118881,9.037284851074219,0.3693886976598835,0.11477877228899322,-0.2419411540031433,0.0,0.23588530850486072,6.661769928521627,74.08709716796875,36.7552490234375
08728.jpg,3.2817,0.5781393051147461,0.354644597836935,0.9063751990669563,6.569081783294678,54.23756790161133,0.7965832046903003,0.2479796889652022,3.2914295196533203,1.7484949710440132,28.436016082763672,5.126407623291016,70.16785430908203,0.6847569346427917,0.3600713610649109,0.36649587750434875,0.09794826060533524,10.090034484863281,0.34240111386650507,0.14664516037416409,-0.2159208059310913,0.0,0.21110293233395597,5.459024415215672,70.45281982421875,33.71738815307617
08729.jpg,3.295,0.5726643204689026,0.3595911372938852,0.9006431295487689,6.475069522857666,54.778656005859375,0.7903273939572066,0.26131233562378875,3.4268040657043457,1.7803196298111752,27.740375518798828,5.235108852386475,59.2020378112793,0.653055727481842,0.4873395264148712,0.3579555153846741,0.07746019959449768,11.109213829040527,0.3334022550731708,0.1622217361742656,-0.2081899642944336,0.0,0.19566901993294114,4.762241884382169,81.04852294921875,41.00672149658203
08743.jpg,3.2692,0.524684488773346,0.6276316034382448,0.9339305272173372,3.8160338401794434,56.075286865234375,0.7042297265833857,0.34366530594152417,5.0274224281311035,2.7752278625269264,23.715595245361328,5.738865375518799,73.75926208496094,0.7611538171768188,0.405133992433548,0.7004842758178711,0.07499397546052933,11.249734878540039,0.42313100237569307,0.18139288647714286,-0.19109460711479187,0.0,0.3721336516619513,3.928559792828227,68.36199951171875,31.119386672973633
08752.jpg,3.2642,0.6959842443466187,0.4000744871623995,0.8952535790119829,4.351446628570557,37.212554931640625,0.8178005064567919,0.17911452048602958,2.764037609100342,1.4233692856346218,21.701295852661133,3.333505153656006,57.91584396362305,0.5734661221504211,0.1917451024055481,0.5437995195388794,0.17512574791908264,7.566500186920166,0.4290528550362922,0.09125206164313601,-0.24035954475402832,0.0,0.3064312295418317,8.647463074250606,73.50994873046875,38.99534606933594
08780.jpg,3.2418,0.6414575576782227,0.33954126302229415,0.8873494586862338,5.391249656677246,54.11774826049805,0.7712914964885467,0.3057662617251635,3.771033763885498,1.5554929722545223,26.484466552734375,5.587306976318359,30.81245994567871,0.47263503074645996,0.3392682671546936,0.3137684464454651,0.07430163025856018,11.290017127990723,0.33978241623544125,0.16715334265508608,-0.1784835159778595,0.0,0.15211148948996656,5.639252949709003,72.96551513671875,37.29121398925781
08786.jpg,3.2798,0.5452700257301331,0.3844900983685184,0.9073653187631899,6.039254665374756,85.9097900390625,0.7815151357817318,0.32032301994608825,4.110246658325195,1.9511984647612763,36.33293151855469,8.117218017578125,69.56514739990234,0.7097147703170776,0.5041077136993408,0.3900837302207947,0.06941303610801697,11.585590362548828,0.3370257623289724,0.1631629081686563,-0.15723715722560883,0.0,0.21795939121340285,5.308867179675238,60.64837646484375,41.44414520263672
08787.jpg,3.242,0.5330607295036316,0.5291415428045984,0.9202307073395639,4.705769062042236,95.90386199951172,0.7436269402666689,0.3155932209191233,4.887705326080322,2.5381625817308446,37.6697998046875,9.436741828918457,80.8663330078125,0.7529965043067932,0.35712194442749023,0.41290563344955444,0.08577478677034378,10.666403770446777,0.3360065517898102,0.2161527526418378,-0.16568544507026672,0.0,0.28346838416919345,4.587538900819531,44.56268310546875,34.09073257446289
08792.jpg,3.2959,0.4906100034713745,0.472207040103496,0.9214220805974171,5.049421787261963,75.09347534179688,0.7231110718020558,0.3292413932619854,4.567301273345947,2.270550901336982,33.22286605834961,7.678614616394043,76.22266387939453,0.7968744039535522,0.7230440378189087,0.4424029588699341,0.06502485275268555,11.869207382202148,0.34258400914210774,0.16493893794741968,-0.18684709072113037,0.0,0.25605105855621646,4.151244055642099,51.42596435546875,34.07310485839844
08798.jpg,3.3355,0.5225405693054199,0.3986166809416517,0.9043084807890398,5.820739269256592,123.59769439697266,0.7948126730270013,0.38635363075168155,4.3173041343688965,2.020604096628645,54.43156814575195,12.309805870056152,77.43977355957031,0.7424921989440918,0.8369199633598328,0.34809914231300354,0.054350920021533966,12.647932052612305,0.3817232023952201,0.09667043829181349,-0.06790085136890411,0.0,0.18772279924191426,7.879339350549769,60.73260498046875,52.03577423095703
08809.jpg,3.2654,0.6240023374557495,0.2467099800849737,0.8781851763369264,6.827407360076904,50.09991455078125,0.8143709858488439,0.23352729592270138,2.852078437805176,1.1940175031335718,29.06810188293457,4.709876537322998,56.25155258178711,0.5696191191673279,0.5120233297348022,0.29109427332878113,0.11609017103910446,9.352046012878418,0.33383804238738113,0.10614202345492825,-0.22121700644493103,0.0,0.16415335670909742,7.511270786322974,70.82684326171875,35.406959533691406
08818.jpg,3.2783,0.4855119287967682,0.5805850995159845,0.9318889909300958,4.045795202255249,80.3861312866211,0.7443117021599873,0.3301350265454899,4.865900039672852,2.587009506255412,31.508012771606445,7.703012943267822,84.87020874023438,0.804222047328949,0.3951454162597656,0.6219903826713562,0.07856421917676926,11.04775333404541,0.37824970628245214,0.1985234023356836,-0.17246825993061066,0.0,0.38722941003749495,3.758921980538868,46.79168701171875,37.39073944091797
08819.jpg,3.2712,0.5708740949630737,0.36847429470404086,0.904280741615678,5.983810901641846,77.25141906738281,0.75511732085208,0.29335895149841673,4.074020862579346,1.8530329795652722,34.38335418701172,7.724547863006592,65.19742584228516,0.676085352897644,0.4539699852466583,0.3472580313682556,0.07698450982570648,11.135968208312988,0.3198778389377147,0.19204886245450617,-0.17947961390018463,0.0,0.20777305824541867,5.240576720883003,36.09393310546875,35.3939323425293
08822.jpg,3.2593,0.5209253430366516,0.5741959460023655,0.9270580296265312,4.108006477355957,70.18628692626953,0.7469026150387451,0.3145584251835413,4.502762317657471,2.472144892724457,30.559709548950195,6.966776371002197,86.52922058105469,0.7776721715927124,0.3440625071525574,0.539247453212738,0.09445716440677643,10.247651100158691,0.35911557735383426,0.18376507602051695,-0.1925940066576004,0.0,0.33937907444139853,5.199650039047355,59.16082763671875,40.717262268066406
08825.jpg,3.2779,0.5885319709777832,0.42556471146699615,0.9056424722382148,5.685513973236084,67.8016586303711,0.768890359059261,0.2830946497445318,3.847175121307373,2.0283959768730444,29.658445358276367,6.345785617828369,74.41558074951172,0.6779544353485107,0.31161409616470337,0.4150230884552002,0.08910218626260757,10.501116752624512,0.3494332314333955,0.20951846739208427,-0.20053952932357788,0.0,0.25261545032073035,5.33474691894557,53.96697998046875,39.82042694091797
08831.jpg,3.2764,0.6147720217704773,0.4800235820921989,0.9072820485482465,4.4392173290252686,70.9941177368164,0.7737445114559601,0.2576007118190762,3.95742130279541,2.0153010610171593,30.856300354003906,6.712531089782715,75.5226058959961,0.6694899201393127,0.24039655923843384,0.4466562271118164,0.13682760298252106,8.638262748718262,0.37081405288119645,0.18404967491182514,-0.20029975473880768,0.0,0.30672700104658174,5.31161960929461,58.76434326171875,43.98121643066406
08835.jpg,3.2619,0.6290383338928223,0.19085350336133067,0.8729237080055113,7.466156005859375,35.2115364074707,0.8497259781263561,0.1831874032429008,2.04750394821167,0.9078612357466103,22.116975784301758,3.05749773979187,47.570377349853516,0.4989771842956543,0.44668543338775635,0.2502296566963196,0.09864813834428787,10.059110641479492,0.32876578039709686,0.12197563851509752,-0.2488120049238205,0.0,0.13858236379327826,9.204215696488127,84.23187255859375,39.09375
08836.jpg,3.2563,0.6264901161193848,0.37716511325123764,0.9025303512183828,5.673267602920532,48.56211853027344,0.7718359395154402,0.2875136307904161,3.59377384185791,1.747609243273705,23.72153091430664,4.9879631996154785,33.10123825073242,0.583219051361084,0.395151823759079,0.3353244960308075,0.05651741847395897,12.478178024291992,0.3287610711513804,0.16678518062256104,-0.19428473711013794,0.0,0.16961974809693728,5.454777494216938,93.33709716796875,38.48609924316406
08838.jpg,3.2606,0.6596516370773315,0.28805785847675097,0.8811952487436057,5.4834136962890625,48.22648620605469,0.777672034166096,0.28128398870602195,3.494619846343994,1.2931018815216095,24.621732711791992,4.8517584800720215,28.010896682739258,0.4031447768211365,0.3725830614566803,0.24425455927848816,0.06911671161651611,11.604170799255371,0.3321789715687848,0.1253954130253387,-0.18352648615837097,0.0,0.11621383432452878,6.134711044707436,62.43914794921875,40.51536178588867
08848.jpg,3.2704,0.6001428365707397,0.5086715398889071,0.9157071271723819,4.355700492858887,49.86935806274414,0.7695054345319532,0.26719076171092004,4.348749160766602,2.2138622754247157,23.631887435913086,4.8094048500061035,63.567901611328125,0.6627262234687805,0.2928982377052307,0.5462597012519836,0.11992508172988892,9.210899353027344,0.4058460354545934,0.14713877090692104,-0.20680904388427734,0.0,0.3164279486915962,4.195513981181105,62.42059326171875,35.29541778564453
08850.jpg,3.321,0.5478940606117249,0.32526551953995275,0.8904730884660889,6.258110046386719,72.99406433105469,0.7829177853664218,0.2851711890407899,3.529472827911377,1.591787548009063,40.371299743652344,7.230129718780518,54.75107955932617,0.6106703281402588,0.6590195298194885,0.22474759817123413,0.0537349134683609,12.69743537902832,0.2998216527994602,0.12969187444882838,-0.17621392011642456,0.0,0.12286308549613703,8.395943666430648,74.20306396484375,43.721187591552734
08857.jpg,3.3074,0.6140784621238708,0.5893277545601657,0.9152117680349021,3.230966329574585,69.41597747802734,0.7693222986475765,0.2707222981952578,4.71458625793457,2.3412783198252907,28.917797088623047,6.610264301300049,65.4302978515625,0.6547123193740845,0.1924588680267334,0.6048983931541443,0.1356329768896103,8.676346778869629,0.40878227751656626,0.18395958502492296,-0.1797543466091156,0.0,0.39612938002906356,3.571685469725312,46.65399169921875,35.146446228027344
08865.jpg,3.282,0.5769189596176147,0.30075825879568413,0.8872332281852379,6.7718071937561035,52.37451171875,0.7737086091355676,0.2620119109471625,3.396462917327881,1.529101135529932,27.127540588378906,4.908298969268799,57.64109420776367,0.6122888326644897,0.5762770175933838,0.2818073630332947,0.07756934314966202,11.103097915649414,0.3055123142842134,0.12243782472435327,-0.2036793828010559,0.0,0.15425397775420735,5.73294350958017,64.94378662109375,36.67810821533203
08884.jpg,3.2528,0.5220821499824524,0.49905968732452616,0.9276015037851009,5.476559162139893,57.16228485107422,0.7599410413069023,0.30450080040592964,4.097041130065918,2.3889080302826704,27.014347076416016,5.375300407409668,90.73506164550781,0.7812267541885376,0.42847299575805664,0.4625014066696167,0.07721110433340073,11.12320327758789,0.37731610346316713,0.14578614921804278,-0.20153072476387024,0.0,0.2578711536857719,4.488301493938656,54.45721435546875,45.21819305419922
08890.jpg,3.2769,0.5291433334350586,0.4620104456038473,0.9173077286649285,4.9980645179748535,81.39119720458984,0.7202583842568259,0.3221689915423213,4.858696937561035,2.276971987632738,32.40966796875,8.159464836120605,72.9774169921875,0.7476668953895569,0.5492210388183594,0.4224756360054016,0.06516966968774796,11.85954475402832,0.3175295173112405,0.2377792004285801,-0.16401393711566925,0.0,0.2461892916106939,4.184983142790479,46.29486083984375,35.24021530151367
08891.jpg,3.2826,0.5222868323326111,0.4270146541391428,0.9163133025626427,5.89874267578125,55.494293212890625,0.7850286372660293,0.2598946182877498,3.533823251724243,2.0139298508727226,28.75896453857422,5.252717971801758,87.46728515625,0.7579184770584106,0.455903559923172,0.41485875844955444,0.09160362929105759,10.38087272644043,0.3697487074534099,0.13318468731912161,-0.21403753757476807,0.0,0.2420564530820994,6.718995475390955,69.36883544921875,34.198246002197266
08901.jpg,3.2905,0.5364822745323181,0.44529305303621836,0.9139260038178934,5.312219619750977,75.21920013427734,0.744124641872529,0.3216884125517656,4.38715124130249,2.1595394080017627,34.25220489501953,7.488879203796387,75.14530181884766,0.7454367876052856,0.5046195983886719,0.436335027217865,0.08674480020999908,10.617565155029297,0.35461125828419815,0.14058178011295638,-0.18311753869056702,0.0,0.2550030529087027,4.7159936989369555,68.29925537109375,39.2384033203125
08904.jpg,3.2751,0.5461351275444031,0.43011786143742575,0.9173663875259411,6.0931007862091064,60.86668014526367,0.7638196057698429,0.28614352159960527,3.8656132221221924,2.1417183294405016,28.845420837402344,5.744640350341797,81.15760803222656,0.7412639856338501,0.4310013949871063,0.46333521604537964,0.07586203515529633,11.19975471496582,0.3529618311210845,0.1368105664578217,-0.20224139094352722,0.0,0.26174577823376305,4.984745314019545,58.29754638671875,42.02414321899414
08923.jpg,3.2851,0.5353062152862549,0.29825381307145127,0.9066764350925371,7.193841457366943,48.442230224609375,0.7957049533663113,0.21917536663951456,2.9715585708618164,1.5159401888904203,26.527021408081055,4.712619781494141,64.44304656982422,0.6976441144943237,0.5659180283546448,0.25445058941841125,0.05606622248888016,12.512988090515137,0.3129042320322988,0.13005552747320348,-0.2271033525466919,0.0,0.14691877141990098,5.732041971655221,87.95233154296875,39.07355499267578
08929.jpg,3.2752,0.5899122953414917,0.4386866978347246,0.9132801734017091,5.588897466659546,55.114166259765625,0.7661647300460545,0.2797435454193171,3.9831268787384033,2.0995681040924623,26.65774917602539,5.387630462646484,69.10224914550781,0.6762274503707886,0.2794436812400818,0.39434584975242615,0.09446530044078827,10.247278213500977,0.35508386786576995,0.18487586835489095,-0.20450294017791748,0.0,0.23307474514904064,5.087512247389992,60.96673583984375,33.64634704589844
08936.jpg,3.2148,0.7967513203620911,0.31324767157755196,0.8911325918414833,5.293497562408447,34.02788162231445,0.805366876837228,0.22892791311296518,3.121005058288574,1.317917465709562,17.87034034729004,3.122229814529419,23.188594818115234,0.3928636312484741,0.19856804609298706,0.3300328850746155,0.06951230764389038,11.579383850097656,0.41045645147978266,0.10496075032887331,-0.2050711065530777,0.0,0.14892810002082926,5.014454172317334,68.88348388671875,41.220558166503906
08939.jpg,3.2462,0.5975354313850403,0.44729904987424157,0.9112863324170899,5.023236274719238,45.116371154785156,0.7851956797060565,0.21524435794367117,3.2151389122009277,1.8425169571754756,24.03925132751465,4.080575942993164,81.43550872802734,0.6865439414978027,0.16705012321472168,0.44214561581611633,0.1345052272081375,8.712608337402344,0.38160137810669387,0.12434604345035062,-0.23254185914993286,0.0,0.2715259585887583,7.4998424071272725,78.05804443359375,34.22031021118164
08948.jpg,3.3479,0.5799713134765625,0.5132729151568186,0.9097737749966169,4.557645797729492,111.38963317871094,0.7544960118231765,0.347453220936268,4.786345481872559,2.398018335260634,43.141910552978516,10.898798942565918,75.16180419921875,0.7020152807235718,0.35559797286987305,0.4458889961242676,0.1094849556684494,9.60645580291748,0.3613483983424632,0.20656256863091055,-0.1502784788608551,0.0,0.3053848754019992,5.103123045618396,52.82098388671875,46.557735443115234
08956.jpg,3.2896,0.4969136118888855,0.5012027917001204,0.9303665352760441,4.892431735992432,81.5211181640625,0.7475028143037433,0.33465512731790575,4.669271469116211,2.39618538539583,34.363975524902344,7.943897247314453,83.87210845947266,0.8029965758323669,0.5010178685188293,0.48235249519348145,0.06662943959236145,11.763339042663574,0.35520789649679846,0.18790464500929324,-0.1730251908302307,0.0,0.29601369935483796,4.033412074402814,53.15057373046875,37.618995666503906
08977.jpg,3.2861,0.5025399327278137,0.5584159044492664,0.9308084783079804,4.654148101806641,95.8055648803711,0.7320886865641459,0.36175461656947283,4.9588799476623535,2.684044025407786,37.450931549072266,9.326233863830566,79.9931640625,0.7961455583572388,0.5531730651855469,0.5024940371513367,0.06610061973333359,11.797945022583008,0.35548950170583615,0.2017851909194321,-0.1565006822347641,0.0,0.2861982710801818,3.682769704402925,50.14422607421875,37.435115814208984
08978.jpg,3.2099,0.5386309623718262,0.31202655003878643,0.8993021646001733,6.6101155281066895,98.40269470214844,0.791939396687313,0.29926096351255077,3.5344178676605225,1.5826876405327033,47.54658508300781,9.978171348571777,66.91712188720703,0.6933095455169678,0.7449482679367065,0.2676050364971161,0.04944516718387604,13.058761596679688,0.2960519600716011,0.19061878549198352,-0.16974082589149475,0.0,0.14844134560840005,8.66176390961001,76.01483154296875,42.15563201904297
