image_name,time_s,CE,NMI,QNCIE,TE,EI,Qy,Qcb,EN,MI,SF,AG,SD,CC,SCD,VIF,MSE,PSNR,Qabf,Nabf,SSIM,MS_SSIM,VIFF,NIQE,BRISQUE,MUSIQ
00004N.png,2.370660901069641,0.31212741136550903,0.7314706450744185,0.8851699827985255,4.665896892547607,22.14815902709961,0.9623036927300629,0.53255742609273,6.318194389343262,4.017283910157538,6.841667175292969,2.0079264640808105,30.57391929626465,0.680550217628479,1.3914859294891357,0.9624123573303223,0.010180526413023472,19.922298431396484,0.6033641537079423,0.011836726377956241,0.4808037281036377,0.4190949499607086,0.6645270797662026,4.83697669427301,35.07684326171875,26.964590072631836
00008N.png,2.3708088025450706,0.35529690980911255,0.8238498750846003,0.8931177651596979,4.807806968688965,26.304828643798828,0.9667522713984497,0.5199837195500762,6.698619365692139,4.739798815182414,8.036511421203613,2.3682658672332764,45.557987213134766,0.6952106356620789,1.351859211921692,1.025834321975708,0.02194591797888279,16.586463928222656,0.6581882602755014,0.007671294170718273,0.48586252331733704,0.5238234996795654,0.7457528189218562,4.6092721044439315,37.62322998046875,30.816946029663086
00012N.png,2.383029192686081,0.3387066721916199,0.7080003652003365,0.883794139512107,4.826704025268555,23.891855239868164,0.9595362691769248,0.5506775223186429,6.36622428894043,3.962311855351178,6.409118175506592,2.144204616546631,37.885765075683594,0.5807170867919922,1.3915882110595703,1.0287212133407593,0.016296884045004845,17.87895393371582,0.6400877702746208,0.004157098730412258,0.4782475233078003,0.42674529552459717,0.734638613652641,4.743996674001295,37.82635498046875,29.780492782592773
00016N.png,2.394130624830723,0.3401992917060852,0.6264142048439735,0.8808578443912974,4.846060752868652,31.82657241821289,0.9368236617636148,0.5668514317460307,6.382925033569336,3.517009832271283,8.374678611755371,2.8950138092041016,37.07803726196289,0.603366494178772,1.3648715019226074,1.0434510707855225,0.014311987906694412,18.44300079345703,0.6588356507174292,0.011349607775153012,0.47548162937164307,0.48389047384262085,0.7304492541075681,4.150058131883995,33.70477294921875,28.24249267578125
00020N.png,2.3939998522400856,0.20370088517665863,0.43230050197469366,0.8951533468256434,4.237031936645508,18.068378448486328,0.9278243106140603,0.5593594986672483,4.9658284187316895,1.9892085065723544,6.382038116455078,1.7057831287384033,19.96575927734375,0.7206987142562866,1.3398293256759644,1.0336241722106934,0.0025727672036737204,25.89599609375,0.5924099800391595,0.007885333755207226,0.48109492659568787,0.5424792170524597,0.6194144013677604,4.438522695701743,31.10858154296875,25.98280143737793
00024N.png,2.3767379336059093,0.26475146412849426,0.6545939180276046,0.8789060634031114,4.464520454406738,23.370271682739258,0.9538738919836818,0.5732632114650454,5.901088714599609,3.3926443602852334,7.160238265991211,2.1327311992645264,27.81617546081543,0.6910361647605896,1.4763154983520508,1.0652631521224976,0.007155965082347393,21.453319549560547,0.6267615220129956,0.014746660877371778,0.49289169907569885,0.5330383777618408,0.6966789525487436,4.489423702897725,36.72772216796875,25.085796356201172
00028N.png,2.348388936370611,0.26790502667427063,0.6834007753000123,0.8792754435636349,4.2144246101379395,21.2966251373291,0.948786227427087,0.5413928386783597,5.924261569976807,3.464405594464152,7.048781871795654,1.940277099609375,30.26025390625,0.6550471186637878,1.421469807624817,1.117708683013916,0.008888572454452515,20.511682510375977,0.637079410970116,0.012973376798224264,0.4649601876735687,0.5169532299041748,0.6980800152738007,4.705854980259374,31.85369873046875,21.809391021728516
00032N.png,2.3693292178213596,0.25280141830444336,0.5874384537354033,0.8841405095309525,4.508379936218262,25.761947631835938,0.9363546932814107,0.5589466977665613,5.781998634338379,3.0224927040195517,8.018243789672852,2.37040114402771,37.1778564453125,0.6666408181190491,1.3750479221343994,1.1877530813217163,0.011144052259624004,19.529569625854492,0.685540864499263,0.007786321296233722,0.4640786647796631,0.5064460635185242,0.7595105102639798,4.331348788862633,33.67254638671875,22.076387405395508
00036N.png,1.6300454959273338,0.20667968690395355,0.48297514117025564,0.8822968932045536,4.0911970138549805,23.209701538085938,0.9353033233845638,0.5465520252938658,5.1501665115356445,2.231683326426971,7.829395771026611,2.1641111373901367,30.227575302124023,0.7260017991065979,1.4501816034317017,1.142042875289917,0.00684356177225709,21.647178649902344,0.6634809883690305,0.01379316167297483,0.4699000120162964,0.5104316473007202,0.7090733760804325,4.239899425829439,32.06756591796875,26.123380661010742
00040N.png,2.4155983738601208,0.21539393067359924,0.5034164171628053,0.8807401729514601,4.167108535766602,18.609540939331055,0.9352083398776685,0.5383268216561619,5.26125431060791,2.373205825780495,6.10111665725708,1.7365707159042358,23.28948211669922,0.6974086761474609,1.44053053855896,1.1171321868896484,0.0043312725611031055,23.633846282958984,0.623152988569598,0.013571120591413076,0.4769934415817261,0.5143435597419739,0.6803234721612592,4.84911953474629,32.38055419921875,17.535423278808594
00047N.png,2.421917539089918,0.32144761085510254,0.7025618637956218,0.8822295120968402,4.736962795257568,27.269153594970703,0.9576359767449849,0.5472269657416658,6.281180381774902,3.8704764165661683,8.320083618164062,2.4524853229522705,37.11050796508789,0.6048210263252258,1.396944284439087,1.0659456253051758,0.014219538308680058,18.471147537231445,0.6727058139965981,0.007331425757592256,0.47741055488586426,0.5023052096366882,0.7469329780095956,4.488766597734891,33.43280029296875,33.28882598876953
00051N.png,2.4322210997343063,0.35027745366096497,0.5566495175569762,0.8829883549887306,5.02227258682251,35.6502799987793,0.9037428697611722,0.5290501806214627,6.301794528961182,3.1517784184509896,10.11413288116455,3.256962299346924,42.648311614990234,0.6497122049331665,1.4759933948516846,1.1593716144561768,0.014803475700318813,18.296361923217773,0.696695147200313,0.00941181094611016,0.45291298627853394,0.5155065059661865,0.7440781210892936,4.0629957718737835,30.50115966796875,32.047447204589844
00055D.png,2.4290526881814003,0.5797148942947388,0.8945010771220725,0.8850667616044137,5.25994873046875,72.37763977050781,0.9801739118787572,0.5688259213634872,7.2134690284729,5.578759529386151,21.225088119506836,6.654498100280762,69.97065734863281,0.6078235507011414,1.435227394104004,0.968375563621521,0.07195054739713669,11.429658889770508,0.7849472494222891,0.004234830576159195,0.4563263952732086,0.4911326467990875,0.8377314233814918,2.9905470681249904,25.23065185546875,45.20621871948242
00081D.png,2.4262100532650948,0.6583625674247742,0.8716093823663094,0.8829094620121286,5.385162353515625,57.27688980102539,0.9781197332037708,0.49970549956732774,7.583219528198242,5.651697753740018,15.669514656066895,5.0331220626831055,66.38423156738281,0.5393972992897034,1.4513421058654785,0.985149621963501,0.09940622001886368,10.025864601135254,0.7493666620938941,0.0065560970889722014,0.448137491941452,0.4657638370990753,0.8120736853330178,3.734155530373302,35.34881591796875,39.58702087402344
00085D.png,2.423477463424206,0.6011515259742737,0.8775678651144602,0.8888080954625637,5.312153339385986,53.583824157714844,0.975636469719223,0.5299681565246518,7.2760491371154785,5.523516552073939,12.895095825195312,4.681118011474609,44.053260803222656,0.6606433391571045,1.4163925647735596,0.9950801134109497,0.07174188643693924,11.442272186279297,0.7307154379948462,0.006870094616270101,0.47138169407844543,0.5447319149971008,0.8147495487238728,4.014644610263066,40.05096435546875,38.51508331298828
00091D.png,2.423484716564417,0.6228221654891968,1.0058640569020765,0.8833762847205185,4.681647300720215,43.95168685913086,0.9741909243553654,0.521262838675631,7.344494819641113,6.048350494963039,12.379626274108887,3.8502259254455566,59.96396255493164,0.46243003010749817,1.4130412340164185,0.9622609615325928,0.09386611729860306,10.274910926818848,0.7383803523703059,0.009829758616014208,0.4667189419269562,0.48256516456604004,0.7795802469745496,3.8300553859675652,37.62420654296875,38.67631530761719
00095D.png,2.0827016569674015,0.7783638834953308,0.8659791376863957,0.8832547710149149,5.70796012878418,72.42479705810547,0.9759055574727241,0.5402927911302768,7.565852165222168,5.747438078366066,18.020967483520508,6.4763970375061035,68.51870727539062,0.4573153257369995,1.474277138710022,0.9589393734931946,0.1210482195019722,9.170415878295898,0.7680684209271875,0.006310593315005599,0.45047125220298767,0.4902997612953186,0.8034262029340506,3.3485534532570482,36.08905029296875,42.76711654663086
00099D.png,1.5819332711398602,0.6590451002120972,0.7809427517181528,0.884589811827136,6.220308303833008,115.76213836669922,0.9769190635403777,0.6545737931636204,7.719489097595215,5.443105798934857,27.225942611694336,10.695232391357422,61.22695541381836,0.6011667251586914,1.4301410913467407,0.9383878111839294,0.07830151915550232,11.062297821044922,0.7574550227807472,0.010410921165231228,0.5037038922309875,0.5663915276527405,0.8019978401363426,3.0383361264172626,29.56854248046875,48.778076171875
00103D.png,2.305949978530407,0.6627494692802429,0.7678178325752255,0.8818530642054687,6.453612804412842,77.27030944824219,0.9698345785283797,0.6034920363601898,7.474966049194336,5.34731980564157,19.44583511352539,7.015585899353027,62.44529724121094,0.5219477415084839,1.4361237287521362,0.892257809638977,0.06869180500507355,11.630950927734375,0.7016581680987675,0.010124947412432623,0.4787612855434418,0.5506342053413391,0.7199526049391327,3.7115810342491775,32.76922607421875,49.08802032470703
00107D.png,2.3087381310760975,0.5277934670448303,0.6529716821391869,0.881577233089156,6.054327487945557,58.38903045654297,0.9554008158737954,0.5698382813084806,7.052145004272461,4.279089785213568,16.003154754638672,5.2849040031433105,49.27316665649414,0.5725304484367371,1.4250133037567139,0.8891652226448059,0.03474948927760124,14.590516090393066,0.6833270310359284,0.010636680693162918,0.4959716796875,0.5547853112220764,0.6673987581579939,3.189402234293741,30.30780029296875,47.47510528564453
00111D.png,2.3147791363298893,0.5792709589004517,0.6025119094487094,0.8978627895566549,6.384289264678955,63.78504180908203,0.9354414939365355,0.5544806090936618,7.247751235961914,4.106744671172281,18.499298095703125,5.8047380447387695,74.1185531616211,0.7947719097137451,1.5708911418914795,0.7752690315246582,0.04328002780675888,13.637125015258789,0.6524608218144835,0.015793442841415525,0.5230322480201721,0.5982084274291992,0.5395725009061959,3.176579167350999,31.11102294921875,46.08240509033203
00115D.png,2.303415883332491,0.5789815783500671,0.629563006163326,0.8777585972686897,6.0952959060668945,54.12066650390625,0.9384923328412781,0.5480071701290066,7.034186363220215,4.132929763332683,15.371933937072754,4.862644672393799,60.7298583984375,0.5502127408981323,1.4681576490402222,0.8578165173530579,0.051351942121982574,12.894432067871094,0.6534308016313279,0.016293436642222034,0.48798301815986633,0.5687980651855469,0.6111459609435376,3.413465564502728,33.68670654296875,47.38085174560547
00119D.png,2.3122462555766106,0.48364198207855225,0.5942605929078658,0.8795005035563891,5.901869297027588,45.921226501464844,0.9398139252338839,0.5706949823639726,6.840083122253418,3.7860312912582277,13.483304023742676,4.050616264343262,54.525943756103516,0.5742994546890259,1.432748794555664,0.8828517198562622,0.03464421629905701,14.603692054748535,0.6725004795583438,0.015287607136372887,0.49468228220939636,0.5690720081329346,0.5976572085148464,3.502470071466283,33.74578857421875,40.72362518310547
00123D.png,2.312248796224594,0.5744642019271851,0.848579798026572,0.8835199237442307,5.46475887298584,67.65557861328125,0.975913464518056,0.575727587048468,7.471561431884766,5.488765574361938,17.02572250366211,6.064540386199951,62.10044860839844,0.6235784292221069,1.4017243385314941,1.003820538520813,0.07333003729581833,11.347180366516113,0.7336666313492,0.005965937546130096,0.48702898621559143,0.5264106392860413,0.8189795963581376,3.028320923176854,32.98455810546875,50.78091049194336
00127D.png,1.395351566374302,0.4706563949584961,0.8667730580921191,0.888470775217728,5.09276819229126,44.07612228393555,0.9691520496121652,0.5460801403150676,6.908486843109131,5.201198414041528,13.406754493713379,3.9145143032073975,38.670684814453125,0.3752515912055969,1.342233419418335,0.9668312668800354,0.03679583966732025,14.342013359069824,0.7260162564312841,0.008482611952644716,0.4781683385372162,0.4888386130332947,0.7827034862095037,3.3038495357033226,32.06170654296875,40.27910614013672
00131D.png,1.9874162636697292,0.4924923777580261,0.7321644830775487,0.8716349168365921,5.69950008392334,51.77077102661133,0.9588984098919355,0.5238087729297823,7.105816841125488,4.687812248060466,15.337489128112793,4.613644123077393,43.408653259277344,0.5669236183166504,1.5235695838928223,0.9465333819389343,0.039021965116262436,14.086909294128418,0.6966934695433561,0.012161736479663624,0.46584203839302063,0.49908873438835144,0.717338972229224,3.190253247743983,30.62078857421875,48.602516174316406
00135D.png,1.5983780771493912,0.5362038612365723,0.7728912787429916,0.8893019831539043,5.138277053833008,41.22977828979492,0.9638822709639719,0.4767891651570521,6.837571620941162,4.628028645456272,11.625774383544922,3.7037887573242188,52.0640983581543,0.38182803988456726,1.3758889436721802,0.9345096945762634,0.062264055013656616,12.057626724243164,0.6739732148803491,0.011551929017887937,0.4731234610080719,0.5255781412124634,0.7160605324771943,3.0957082968812615,27.99090576171875,45.16016387939453
00139D.png,2.2783079221844673,0.5976638197898865,0.8256169661646715,0.8838797211413758,5.466883659362793,58.417579650878906,0.9696404291103803,0.5163854567116354,7.378766059875488,5.302808286512704,15.153958320617676,5.166829586029053,51.70229721069336,0.46291470527648926,1.417399525642395,0.9640904068946838,0.07468560338020325,11.267631530761719,0.7366478197699176,0.005809523826600376,0.44657227396965027,0.46296417713165283,0.8088593893296756,3.3584769983371676,33.92010498046875,48.905616760253906
00143D.png,2.2888867631554604,0.6359913945198059,0.7463828216401888,0.8738217110079777,5.944289207458496,60.88531494140625,0.9657107676980612,0.48909030487944355,7.2457275390625,4.922414904195591,16.145395278930664,5.358908176422119,43.442874908447266,0.44844189286231995,1.6312060356140137,0.947150468826294,0.07853434234857559,11.04940414428711,0.7247147889523047,0.011086520322020147,0.4404880106449127,0.4253447949886322,0.7574770384396252,3.3402104039457154,34.90838623046875,60.896705627441406
00147D.png,2.2796965837478638,0.45570889115333557,0.8648274872078097,0.8866205278411815,5.09707498550415,47.671634674072266,0.9738414835450985,0.521131834165061,6.976398468017578,5.22075130818496,13.460867881774902,4.307744026184082,39.74317932128906,0.4102737605571747,1.407017707824707,0.9643003344535828,0.03631141036748886,14.399568557739258,0.7383645172681058,0.0058209715184863895,0.4823838174343109,0.47114822268486023,0.8108465090368139,3.5707741357031755,35.24139404296875,49.10065841674805
00151D.png,2.285208486020565,0.5397230386734009,0.9389179798472562,0.8878040060456645,5.031805515289307,50.822357177734375,0.9854859089756781,0.5161512888621433,7.241349220275879,5.761760288393354,13.215760231018066,4.554450988769531,46.434165954589844,0.396505206823349,1.3551205396652222,0.9978997111320496,0.061628296971321106,12.102198600769043,0.7519870212476841,0.005372689568382405,0.4853854477405548,0.4854758679866791,0.8659469872770457,3.79490255546778,34.45330810546875,44.21847152709961
00158D.png,2.285220183432102,0.6279956102371216,0.7553530774851888,0.8866052884509943,5.22133207321167,40.287357330322266,0.9528132063667777,0.4971029385867034,7.295368194580078,4.727277557584873,9.585749626159668,3.493281364440918,44.84475326538086,0.4230748414993286,1.4713635444641113,0.952232837677002,0.0653918981552124,11.84476089477539,0.6746792156917772,0.007166817419597051,0.4271737337112427,0.46142303943634033,0.7727021329880408,4.139032862379501,40.30487060546875,27.10028839111328
00162D.png,1.9613677151501179,0.6897364258766174,1.110178100853985,0.8948351623001073,4.609071254730225,60.89324188232422,0.9861635197873955,0.6807592506756267,7.710357189178467,6.838399674894282,14.643031120300293,5.477080821990967,61.81624984741211,0.6711059212684631,1.6682629585266113,1.0815273523330688,0.10845442116260529,9.647527694702148,0.8458218343950186,0.002288607010071365,0.4773118495941162,0.5072505474090576,0.9113391276227013,3.880885779741857,37.52313232421875,39.051116943359375
00169D.png,1.4450850039720535,0.5476574897766113,0.8226437466942396,0.8913886866216026,5.702645778656006,43.380462646484375,0.9695800412498027,0.6290067780435105,7.23114013671875,5.319963862793244,11.587705612182617,3.8209078311920166,54.56926727294922,0.7038255333900452,1.4729893207550049,0.9851972460746765,0.03629370406270027,14.401687622070312,0.7082511407566743,0.008909854962698523,0.47848933935165405,0.5242670774459839,0.7537123940589431,4.269628295419521,30.46697998046875,44.390018463134766
00174D.png,1.951493225991726,0.5778539180755615,0.8165708513223686,0.8853270988246008,5.671467304229736,43.864383697509766,0.9753771112887554,0.6064603848994651,7.2645673751831055,5.2816094240853975,11.914273262023926,3.8490726947784424,48.24559020996094,0.645101010799408,1.4867839813232422,0.9790428876876831,0.042108792811632156,13.756271362304688,0.7337593384087275,0.0068010817419333815,0.4760970175266266,0.5057212114334106,0.7826371696941594,4.128713783851264,30.37664794921875,39.01691436767578
00178D.png,1.6017660088837147,0.5525627136230469,0.8048374032610366,0.8939563495803466,5.696512222290039,45.79611587524414,0.9671440629501522,0.6161545045236377,7.312213897705078,5.234969455889855,13.673639297485352,4.075748920440674,51.292945861816406,0.6878209114074707,1.4985811710357666,0.950202465057373,0.03644604980945587,14.383495330810547,0.7255876959508891,0.006717331496615308,0.4844384789466858,0.5109482407569885,0.7631880335853559,3.8649526166549037,25.50360107421875,42.94483947753906
00182D.png,2.2887128740549088,0.6007364988327026,0.8901465220698361,0.8928276148219102,5.619452953338623,48.19591522216797,0.972451912340495,0.6215622453701796,7.522824287414551,5.849292490113562,14.35862922668457,4.2529215812683105,55.26079177856445,0.6687066555023193,1.5098004341125488,0.966863214969635,0.05332081392407417,12.731033325195312,0.7497834655424346,0.004769286583130329,0.4747055768966675,0.5104498863220215,0.7995079209658965,4.197288533586387,26.78436279296875,43.047855377197266
00186D.png,2.2946734502911568,0.6726341843605042,0.743347914567564,0.8790680534679706,5.956771373748779,56.70397186279297,0.9605816066277184,0.5763462038663454,7.603455543518066,5.039996349588085,15.260297775268555,5.012870788574219,53.3691520690918,0.5742459893226624,1.6022273302078247,0.9430590271949768,0.07323072850704193,11.353067398071289,0.745922751970572,0.007903504449138187,0.44622915983200073,0.4278106391429901,0.7280585955598515,3.7538189909692874,28.98065185546875,50.82240295410156
00191D.png,2.2968640066683292,0.6293410658836365,0.7519349659154244,0.8823416663659613,6.209656238555908,58.6663818359375,0.9587178346148608,0.6289599509367629,7.507316589355469,5.157149400778488,15.170300483703613,5.156452655792236,55.658363342285156,0.6668661832809448,1.5977554321289062,0.9016655087471008,0.05201566591858864,12.838659286499023,0.7189538921489808,0.009785013868856525,0.47827765345573425,0.5243687033653259,0.7045375498392017,3.9953490275143846,36.29510498046875,40.699798583984375
00196D.png,2.296911008656025,0.6231920719146729,0.45526742944119797,0.8669060794144552,6.6237874031066895,58.37459945678711,0.9199564152381302,0.5693285799391913,7.227344036102295,3.152993061045736,15.11772632598877,5.29873514175415,41.43690490722656,0.5546586513519287,1.6701593399047852,0.786363959312439,0.028679609298706055,15.42426872253418,0.6360523512186728,0.019634262502482066,0.46661800146102905,0.4994891285896301,0.5547675490754095,3.376080220838398,32.82293701171875,40.43705368041992
00200D.png,2.2874084003269672,0.4376640021800995,0.5180721790915784,0.8844905895757642,5.56657600402832,30.353445053100586,0.9350868014386792,0.5801552854151268,6.216634750366211,3.052286102868191,9.344086647033691,2.7271928787231445,44.094722747802734,0.628535270690918,1.4717698097229004,1.0825679302215576,0.016233138740062714,17.89597511291504,0.6648719859636315,0.010089294841550567,0.4800872802734375,0.5284571647644043,0.6951875782332336,3.796937058005123,29.98944091796875,28.582653045654297
00204D.png,1.9181624501943588,0.47212907671928406,0.7284645053331505,0.8817645222997609,5.496854782104492,35.531333923339844,0.9618431007753163,0.6065122679939339,6.792832851409912,4.4763138541149186,11.02599811553955,3.18113112449646,40.91504669189453,0.5663146376609802,1.4753868579864502,0.9360955953598022,0.021572628989815712,16.660968780517578,0.6727421271435671,0.00908003331714102,0.4849005937576294,0.5099183917045593,0.6978282562880173,3.686821746342574,31.84588623046875,44.70634460449219
00209D.png,2.2370870038866997,0.5015958547592163,0.7253654902037051,0.878922585384533,5.689800262451172,40.110591888427734,0.961318079449928,0.6014493922290886,6.989339828491211,4.598518618587233,11.762798309326172,3.566687822341919,42.99119567871094,0.6103957891464233,1.4980533123016357,0.934450626373291,0.025130880996584892,15.997923851013184,0.67917122570912,0.012175838553708617,0.48229825496673584,0.5049585700035095,0.6942701509462811,3.9156484714176605,31.22479248046875,35.1877326965332
00213D.png,1.9158577285706997,0.4461553692817688,0.7447936966326051,0.8796252907450977,5.270803928375244,35.103031158447266,0.9665213346262759,0.6340939014668331,6.721364498138428,4.465859151059696,10.407916069030762,3.14983868598938,32.170894622802734,0.5580762624740601,1.4643365144729614,0.9588838219642639,0.015207832679152489,18.179325103759766,0.6903690143368486,0.009476069755590052,0.48885035514831543,0.4786571264266968,0.734824804126646,3.7150407597474153,32.53338623046875,41.130714416503906
00218D.png,2.24009245634079,0.4679053723812103,0.7875498675240838,0.8783729891152977,5.328946113586426,35.473289489746094,0.9678727169535164,0.5903478749391239,6.839386940002441,4.791599096151517,9.633432388305664,3.153503656387329,35.81718826293945,0.5957657098770142,1.476874589920044,0.9465112686157227,0.020313004031777382,16.922260284423828,0.678089184522552,0.012752516777453869,0.4903371036052704,0.5081939101219177,0.7207377302959566,4.113527234747869,33.37176513671875,39.14834976196289
00225D.png,2.2479774430394173,0.4940457344055176,0.7772543482386446,0.8788676313299022,5.329839706420898,39.89242172241211,0.9701021691581948,0.6169523238315094,6.853018760681152,4.734604417692765,10.628397941589355,3.588610887527466,31.867380142211914,0.533410906791687,1.4124550819396973,0.9424750804901123,0.02082647755742073,16.8138427734375,0.6783442909660916,0.012921836733233534,0.494098424911499,0.4521942734718323,0.7348189461144401,3.7814082538002083,33.69012451171875,41.182193756103516
00229D.png,2.2415221258997917,0.4716317355632782,0.8064545234019966,0.8816857552991348,5.024814128875732,31.504228591918945,0.9713821060769875,0.5965243592396573,6.79694938659668,4.766871818893565,8.212910652160645,2.798593044281006,30.39104652404785,0.46930450201034546,1.3632969856262207,0.9927115440368652,0.01891227439045906,17.232563018798828,0.6699471630875,0.01124941931406985,0.498276025056839,0.45761534571647644,0.7535213858620511,4.178963159938035,32.24334716796875,32.429073333740234
00233D.png,2.2469883486628532,0.48888301849365234,0.6746939679180659,0.876443227401678,5.378419399261475,39.94706344604492,0.9553187564595412,0.5944402659756932,6.860553741455078,4.128792881536292,10.301616668701172,3.58642578125,32.33012771606445,0.568478524684906,1.4595637321472168,0.9372437000274658,0.01980007067322731,17.03333282470703,0.6632723367569082,0.016461253499817693,0.48066091537475586,0.51568603515625,0.6869532277359036,4.17000976465669,31.65692138671875,28.917709350585938
00237D.png,2.251291211694479,0.6363925337791443,0.8713083941108657,0.8778065230965547,5.291223049163818,58.27931213378906,0.9781790310478363,0.6445563232731715,7.369406223297119,5.5156720681547995,15.162654876708984,5.131993293762207,51.098846435546875,0.5404924154281616,1.4851491451263428,0.9867178201675415,0.06668482720851898,11.759730339050293,0.7706084861627092,0.007586577223518519,0.48878908157348633,0.513189435005188,0.8093959081401779,3.9159030852678107,35.78143310546875,33.667518615722656
00241D.png,2.2303652428090572,0.652508556842804,0.9595830097642766,0.882043980116906,4.995895862579346,67.41816711425781,0.9880970421432492,0.737029941488859,7.391716957092285,5.94348861792378,15.57985782623291,5.995339393615723,45.0067138671875,0.529839038848877,1.4601718187332153,1.0045360326766968,0.06864966452121735,11.63361644744873,0.8051857610310029,0.004639769611712202,0.49842241406440735,0.4890371859073639,0.890456599557562,3.783762334046307,32.17205810546875,40.03135299682617
00245D.png,1.4159894697368145,0.6237664222717285,0.9941299459208298,0.8830620339162036,4.910290718078613,70.37413787841797,0.987843803791054,0.7157127527397458,7.544414520263672,6.19081571184109,18.769874572753906,6.381036758422852,50.76492691040039,0.4897177517414093,1.4091358184814453,1.0227844715118408,0.06830926239490509,11.655204772949219,0.8256089958720692,0.003832333571020397,0.4987574517726898,0.5023056268692017,0.8854124762949686,3.4483915387059088,28.08367919921875,43.77147674560547
00258D.png,2.281447298824787,0.6262214183807373,0.9969763692562357,0.8878307951066365,5.342142105102539,57.025718688964844,0.981277960216702,0.723518493877672,7.709831237792969,6.506272658694563,14.476478576660156,5.087592124938965,66.70075225830078,0.6081410050392151,1.4860196113586426,1.056544542312622,0.07542937994003296,11.224595069885254,0.8038442743477192,0.003968881927631203,0.4924148619174957,0.47400638461112976,0.8892118815432791,3.5023112685123583,27.10272216796875,39.24250793457031
00262D.png,1.5927795246243477,0.6058210134506226,0.9833303702785713,0.8847994239777353,5.188152313232422,56.23343276977539,0.9833931570842565,0.7138332662813502,7.664310932159424,6.319126616523418,14.69859504699707,5.062068462371826,67.45919799804688,0.5377485752105713,1.463672161102295,1.0735156536102295,0.07312493771314621,11.359344482421875,0.814250334493296,0.0027159197954084646,0.49826204776763916,0.4978539049625397,0.9070802355713622,3.455903798701497,26.49822998046875,41.198081970214844
00266D.png,2.2907951399683952,0.524444043636322,0.8534003620386634,0.8860058508601594,5.295528888702393,41.36550521850586,0.9818932420376384,0.6326114788801885,6.93311071395874,5.2179780405772505,11.854759216308594,3.6891300678253174,43.000755310058594,0.4159150719642639,1.357170820236206,1.0276074409484863,0.03256095573306084,14.873028755187988,0.7149005738041506,0.007491999614577602,0.49175572395324707,0.4539753794670105,0.8286323122970753,3.8583111773587913,19.36541748046875,32.73100280761719
00270D.png,2.297251358628273,0.645566463470459,0.9102930464647606,0.8805758837271526,5.418593883514404,54.74980545043945,0.9810542911373561,0.6004765471868966,7.373249053955078,5.822178952967516,15.361096382141113,4.864060878753662,53.636722564697266,0.4858539402484894,1.4720531702041626,1.0203386545181274,0.0783335417509079,11.06052303314209,0.7672229294841111,0.006292813444025236,0.48063358664512634,0.46817830204963684,0.8642269846147003,4.0046484540167135,32.01824951171875,46.97087097167969
00275D.png,2.296484660357237,0.7035930156707764,0.884847745234664,0.8898205383233853,5.483139991760254,60.91339874267578,0.9660117823129861,0.606071589258319,7.398964881896973,5.699366936753753,15.268418312072754,5.445151329040527,53.65202331542969,0.6462156772613525,1.579331398010254,0.9349961280822754,0.07718335837125778,11.124763488769531,0.7448613191745931,0.006021080550069312,0.46402302384376526,0.47997578978538513,0.7898535545407336,3.3667397584967484,34.90252685546875,47.95247268676758
00279D.png,2.3032028190791607,0.6485942602157593,0.8766373111853139,0.8837826454496013,5.619678497314453,50.23912048339844,0.9772367125253556,0.6110832240986941,7.230870246887207,5.632651217680667,13.633570671081543,4.455835342407227,58.375450134277344,0.4869997799396515,1.5200732946395874,0.9351975321769714,0.06303926557302475,12.003889083862305,0.7413768574436549,0.006881131625224072,0.45304426550865173,0.4607735574245453,0.7971244570146779,3.816915264140116,34.94354248046875,45.386932373046875
00283D.png,2.2986937575042248,0.6371943354606628,0.8809455935145944,0.8836828313104768,5.551388263702393,52.870826721191406,0.9755240812763533,0.6100409879804406,7.236716270446777,5.632828195127383,14.46241569519043,4.7311272621154785,61.426876068115234,0.5145530700683594,1.483493447303772,0.9451931715011597,0.06299982219934464,12.006607055664062,0.734666335560603,0.007387261402195926,0.460109144449234,0.45877987146377563,0.7882249664421414,3.7402941212202587,37.09490966796875,40.364437103271484
00287D.png,1.960699263960123,0.5982828140258789,0.7726592306372684,0.8805617931940509,5.8040876388549805,56.889739990234375,0.9688929397774909,0.5960131080248401,7.09385871887207,4.982872600470477,15.858725547790527,5.106945991516113,57.8062744140625,0.5665956735610962,1.4688770771026611,0.8955442905426025,0.049123365432024,13.087119102478027,0.7150900364417597,0.011771450797293435,0.45431432127952576,0.5029804706573486,0.7254199267596246,3.3817179246371483,32.76922607421875,45.93812942504883
00291D.png,2.2397471331059933,0.5986766815185547,0.7382272984475938,0.8798521274498625,5.720867156982422,45.9655876159668,0.9643831769628507,0.5838545575290482,6.993582725524902,4.693090706864245,12.912032127380371,4.078668117523193,56.520118713378906,0.5167601108551025,1.4739078283309937,0.8845139145851135,0.04957212880253792,13.047624588012695,0.695559581740753,0.012315612907088767,0.44991815090179443,0.4551506042480469,0.700322911818974,3.9162696546780604,34.23162841796875,42.949249267578125
00298D.png,1.9274930395185947,0.5966318845748901,0.8072601636817099,0.8795026241276122,5.690325736999512,46.58478546142578,0.9688717656512313,0.6074021154547463,7.126769065856934,5.173380212941611,13.455815315246582,4.125227451324463,60.16313552856445,0.5179430246353149,1.4740866422653198,0.9404395222663879,0.05261027440428734,12.789295196533203,0.7117131008939898,0.009789068219195434,0.45710575580596924,0.47244223952293396,0.7427535916075076,3.8486922528298515,35.00018310546875,42.229515075683594
00303D.png,2.2367341965436935,0.5933359861373901,0.7647687854866261,0.8749678656562947,5.668223857879639,47.68439483642578,0.9669664027454622,0.5995451498464455,7.289132118225098,4.954705312971917,12.791718482971191,4.159177303314209,52.22236633300781,0.5701459050178528,1.5637736320495605,0.9980908632278442,0.049461886286735535,13.057293891906738,0.7216204711852597,0.01005496968415065,0.4623100161552429,0.49102258682250977,0.7391846158695837,4.168070219802783,39.23455810546875,37.071807861328125
00307D.png,2.246293880045414,0.7013453245162964,0.7646867634397634,0.8720815691929945,6.1664719581604,53.45834732055664,0.964348966771064,0.570440803955771,7.558298110961914,5.247588952138496,14.545042991638184,4.668413162231445,61.03750228881836,0.5053087472915649,1.6236321926116943,1.0236601829528809,0.0831674113869667,10.800468444824219,0.7552827880568748,0.006255208871796961,0.4427274465560913,0.4528157114982605,0.7705217832825725,4.25431497409115,28.39276123046875,54.56821823120117
00311D.png,2.2459444254636765,0.6665470600128174,0.8702054452146645,0.8831306796003976,5.468812465667725,49.88945770263672,0.9781725779086814,0.5929643298151952,7.346642971038818,5.576055811251454,13.229578971862793,4.370144367218018,54.29518508911133,0.4818209707736969,1.4667561054229736,0.983866810798645,0.07100596278905869,11.487052917480469,0.750552900824718,0.0059559967519276155,0.45890870690345764,0.4632018506526947,0.8210722029232278,4.157851689355688,35.17840576171875,44.83959197998047
00315D.png,2.22930670902133,0.6334093809127808,0.8105410888784642,0.8802404658791682,5.646553039550781,50.408470153808594,0.9701762157392292,0.5999744434292086,7.372121810913086,5.276099865151458,13.323416709899902,4.472194194793701,54.174400329589844,0.5061949491500854,1.4874590635299683,0.9600523710250854,0.05802551284432411,12.363810539245605,0.7283174786729899,0.0077776847951399304,0.4458773136138916,0.4394837021827698,0.7854006797477038,3.792288141611607,33.70721435546875,44.42119598388672
00319D.png,2.24084310606122,0.6139340400695801,0.7082472773051585,0.8768817517014837,5.926241397857666,44.079742431640625,0.9600627116331646,0.5632867810371309,7.099672794342041,4.61279710447948,12.21819019317627,3.8760666847229004,53.44858169555664,0.5128872394561768,1.515345811843872,0.9205881357192993,0.04951762780547142,13.052401542663574,0.690502804778641,0.01202875551064693,0.43903541564941406,0.4793734550476074,0.701790456101296,3.7244114050777544,32.69207763671875,43.298187255859375
00323D.png,2.2408849224448204,0.6156545877456665,0.8064797510006428,0.8818247564803534,5.4634928703308105,44.81134033203125,0.9687886160784809,0.5868175614184236,7.145923614501953,5.084634118052016,12.35339069366455,3.954721689224243,51.92375564575195,0.5397388339042664,1.4514609575271606,0.9668897390365601,0.054326385259628296,12.649892807006836,0.7144665131812654,0.00851198274483447,0.4543074071407318,0.5178110599517822,0.7696734360340768,3.977851770858047,32.02850341796875,45.56219482421875
00327D.png,1.40237021073699,0.6537659764289856,0.9040621679796536,0.888141659867544,5.1999945640563965,55.322994232177734,0.979952471180338,0.6383735377641656,7.4293212890625,5.70885999749833,14.326234817504883,4.911016941070557,56.43098831176758,0.612958550453186,1.4967131614685059,0.9998226761817932,0.06957179307937622,11.575669288635254,0.7683299660548999,0.005482531960022837,0.4689071476459503,0.5104115605354309,0.843443332710058,3.643026325286801,33.04998779296875,37.48695373535156
00332D.png,2.279123932123184,0.6494994759559631,0.7282024350485001,0.8807770508908519,6.095766544342041,56.70539093017578,0.9598481343281176,0.625979120809224,7.405278205871582,4.915760319341963,14.218404769897461,4.913197040557861,53.440059661865234,0.5488265752792358,1.4674158096313477,0.9027000069618225,0.054113805294036865,12.66692066192627,0.7108338338239694,0.010999789887679324,0.4714493751525879,0.496418833732605,0.7147644362896496,3.7890675399497185,39.28973388671875,42.495994567871094
00337D.png,1.5971226431429386,0.6259916424751282,0.6362210176652525,0.8806843740047905,6.128971576690674,44.45382308959961,0.9344094651132162,0.5635815351663538,7.167959213256836,4.229904987385122,11.092662811279297,3.903203248977661,52.03004837036133,0.5458075404167175,1.494997501373291,0.8596621155738831,0.044297199696302414,13.536237716674805,0.6499606556074479,0.014583547372377888,0.44756248593330383,0.41717901825904846,0.6416364655484679,3.6961667866359766,33.48260498046875,43.22749710083008
00341D.png,2.282663945108652,0.6482179164886475,0.744140164232519,0.8780840513042739,5.864522457122803,43.70363998413086,0.9615330487266643,0.5673717501784723,7.267392635345459,4.886006575899101,11.336644172668457,3.77415132522583,54.354217529296875,0.5649493932723999,1.5400123596191406,0.9451274871826172,0.0570949949324131,12.43402099609375,0.6886673031499881,0.012175882655810573,0.45631498098373413,0.49947768449783325,0.7087819029290251,3.8873037236081385,32.94403076171875,36.87067794799805
00345D.png,2.2947383373975754,0.6240529417991638,0.7249522983765367,0.8789917336281405,5.804052352905273,46.66419219970703,0.9602065570860345,0.5771520433513104,7.2862420082092285,4.744932835049147,11.971010208129883,4.070220470428467,57.30397415161133,0.5895172357559204,1.5157005786895752,0.889771580696106,0.05528900772333145,12.573613166809082,0.6773611619078305,0.014571549916294202,0.4559178054332733,0.49455899000167847,0.6754548098945596,3.816334826736416,31.90399169921875,41.16658020019531
00349D.png,2.271925199776888,0.5103108286857605,0.7049324451901682,0.8880281990687571,5.508078575134277,38.86996841430664,0.957611172592994,0.6140028340171297,6.780384540557861,4.33128113332522,10.86181640625,3.4410548210144043,49.183616638183594,0.6436544060707092,1.5334231853485107,0.9176150560379028,0.02578360214829445,15.886565208435059,0.6732380800226533,0.012022429262406046,0.4961444139480591,0.5274461507797241,0.6898461817571651,3.7704861822345683,32.84393310546875,39.1615104675293
00353D.png,2.2771760411560535,0.5456297993659973,0.8252179288592593,0.8863034043294824,5.522847652435303,41.09379196166992,0.9697285568854497,0.6166146267341436,7.105621337890625,5.210634827696044,11.018563270568848,3.6294751167297363,51.15385055541992,0.6465919017791748,1.5062236785888672,0.9438365697860718,0.035368893295526505,14.513786315917969,0.6937139853443063,0.010779507897403633,0.4847809672355652,0.5095146894454956,0.7470430372331524,3.9434874863558176,30.28387451171875,46.73167037963867
00357D.png,2.292218204587698,0.635765016078949,0.4875645791216694,0.8778986431074995,6.773369312286377,54.42977523803711,0.9098977386279616,0.5666248713012293,7.1878886222839355,3.4035163621428293,13.111287117004395,4.879028797149658,45.76185989379883,0.6813660860061646,1.6679764986038208,0.6950902342796326,0.026585513725876808,15.753549575805664,0.5960827924394729,0.024633645538259828,0.473619669675827,0.5079948902130127,0.47355229108865665,3.636841879866752,34.11444091796875,40.863792419433594
00361D.png,1.965231142938137,0.5909461379051208,0.8271600603457425,0.8839201208110474,5.495611190795898,43.96831512451172,0.970093947197053,0.5643562820800463,7.035628795623779,5.182685929666672,11.589064598083496,3.886221170425415,46.442718505859375,0.6073616147041321,1.478161096572876,0.9622290730476379,0.04107348620891571,13.864384651184082,0.698779170746554,0.010141060499482924,0.4601760506629944,0.5385870933532715,0.7484849451892841,3.9755218967809087,33.72235107421875,38.51062774658203
00367D.png,1.411559421569109,0.6190978288650513,0.9278150218208797,0.8848379640444457,5.182077407836914,48.395172119140625,0.9812524371346796,0.5868474140722099,7.076864242553711,5.687031775327599,12.484905242919922,4.272528648376465,47.08761978149414,0.56479412317276,1.50664222240448,0.985355794429779,0.05677305534482002,12.458577156066895,0.7422345975964074,0.007083454675927445,0.45916062593460083,0.5129529237747192,0.8248889723794571,3.7585508641987753,32.67303466796875,38.37910461425781
00371D.png,1.9593096300959587,0.6245678067207336,0.9207887583936969,0.8824121355627425,5.3224101066589355,55.78570556640625,0.9815046948458673,0.6352188555828997,7.280994892120361,5.802553698669973,13.759366035461426,4.94679069519043,48.80439376831055,0.5712648630142212,1.4498753547668457,0.9808306694030762,0.05879605561494827,12.306517601013184,0.7511238529135262,0.007848859509865934,0.4793490171432495,0.5284371376037598,0.8262120459795222,3.8533356946337562,33.94500732421875,40.20658493041992
00375D.png,1.6191204525530338,0.6405954360961914,0.8474933379498882,0.8797499305578731,5.425934314727783,53.89115524291992,0.9757808532806604,0.6206281879197485,7.309112548828125,5.3964486723245795,12.650691986083984,4.750611305236816,46.43580627441406,0.5641470551490784,1.5544655323028564,0.9469122886657715,0.06581567972898483,11.816706657409668,0.7240058606424116,0.010090287414448932,0.48295268416404724,0.5267741680145264,0.7792802141635913,4.049799821397988,38.94012451171875,40.459075927734375
00379D.png,2.1767342053353786,0.6221752166748047,0.9505270125660232,0.8901880451955265,5.35343599319458,54.55949401855469,0.9827088035599214,0.6915218120617348,7.530122756958008,6.123102418666784,13.381044387817383,4.8226799964904785,58.346195220947266,0.6343626976013184,1.496928334236145,1.037024736404419,0.06671573966741562,11.75771713256836,0.7686842838619633,0.005278878348744588,0.4948675036430359,0.5468561053276062,0.8689548845848194,3.336463536137914,36.52850341796875,38.85809326171875
00383D.png,2.2998678907752037,0.6079463958740234,0.9304750476870798,0.8894758463301101,5.410826683044434,59.76826477050781,0.9846650090489043,0.7091471072337795,7.471582412719727,5.993396950359157,14.349984169006348,5.2840681076049805,48.91501998901367,0.6707460880279541,1.487464189529419,1.009819746017456,0.05312386527657509,12.747102737426758,0.7629998149985243,0.006839340237342236,0.496446430683136,0.520478367805481,0.8587325427648257,3.8495371966771184,37.58709716796875,43.08768844604492
00388D.png,2.2830434665083885,0.5912830829620361,0.9429799026166671,0.8892971699075725,5.313002586364746,54.790184020996094,0.9883459318828787,0.6729576794665105,7.0947184562683105,5.850132884206598,13.825693130493164,4.882547378540039,42.80637741088867,0.6536961793899536,1.4444208145141602,0.986407995223999,0.048876479268074036,13.109002113342285,0.7716506482589764,0.006053190741980008,0.48710858821868896,0.4990348517894745,0.8632774936842582,3.895611370885489,33.10662841796875,36.55987548828125
00392D.png,2.2957120873034,0.6424044966697693,0.9058013532631412,0.8825000103372244,5.488250732421875,56.72509765625,0.984120693101855,0.6709090923545904,7.256081581115723,5.771933071131469,14.34278392791748,5.062615394592285,48.113197326660156,0.5727473497390747,1.5142993927001953,0.9533809423446655,0.056734148412942886,12.461555480957031,0.764887933295461,0.007053740103620537,0.4749828577041626,0.47370612621307373,0.8360449896326327,3.5745175558917417,29.57440185546875,44.95515441894531
00396D.png,2.283956415951252,0.6444382071495056,0.9199243007637649,0.8858464223161713,5.457021236419678,58.45164108276367,0.9843956798426604,0.6714653294885757,7.320323467254639,5.877112179122134,15.165288925170898,5.243757724761963,47.12569046020508,0.5968053936958313,1.502002477645874,0.9437278509140015,0.05869400501251221,12.31406307220459,0.7766349655071492,0.005679280550625269,0.47989529371261597,0.487549751996994,0.8475649486125182,3.32191492818793,30.15594482421875,44.29076385498047
00400D.png,1.9500019326806068,0.5786746740341187,0.8265164219986201,0.8821102132241825,5.652036666870117,51.21346664428711,0.977630272719066,0.6489798385374442,7.2087178230285645,5.314827592047569,13.727590560913086,4.548736095428467,44.68373107910156,0.4975574016571045,1.493051290512085,0.9316298961639404,0.039458323270082474,14.038614273071289,0.7470653624392605,0.005778149443465338,0.47867512702941895,0.47874394059181213,0.804672889474436,4.152372821381013,37.23162841796875,39.475013732910156
00404D.png,1.4791808687150478,0.5551583766937256,0.8638634680717685,0.8791513074152694,5.536722183227539,51.715328216552734,0.9835638519562653,0.6853397165518886,7.2066144943237305,5.504267141638877,14.309804916381836,4.630795955657959,43.51311111450195,0.5221405625343323,1.4546239376068115,0.9902758002281189,0.03637905418872833,14.391487121582031,0.7622182857433397,0.006062349536825564,0.48771220445632935,0.46511369943618774,0.8315743738564978,3.8599951768165197,35.01678466796875,42.527809143066406
00408D.png,1.8760948479175568,0.6174935102462769,0.8503380045057238,0.8839428760985752,5.285053730010986,57.25914764404297,0.9798476145305538,0.6851031022000268,7.3255295753479,5.361644701892585,13.806647300720215,5.073922634124756,44.95697021484375,0.4909413158893585,1.4990713596343994,0.9491477608680725,0.04840893670916557,13.150745391845703,0.7310110509159078,0.007871419697339219,0.5031183958053589,0.48225459456443787,0.8086459244978639,3.8849434337001285,41.40594482421875,44.925086975097656
00412D.png,1.6948181204497814,0.6576431393623352,0.8819232027588493,0.8863765848816245,5.533910751342773,57.41443634033203,0.983436049853051,0.6326849668779205,7.235499858856201,5.6308360220260365,15.417964935302734,5.009858131408691,49.959800720214844,0.41725459694862366,1.5213748216629028,0.9516451954841614,0.06759508699178696,11.700849533081055,0.7682977880435782,0.0046023928331144,0.4735223054885864,0.48090657591819763,0.8360802458978007,3.951003705570041,37.82830810546875,51.842247009277344
00416D.png,1.5851927399635315,0.654062032699585,0.5518629943261419,0.8714457535837657,6.306407928466797,56.99365234375,0.9324521465154628,0.548810414449168,7.132027626037598,3.7080976886233135,14.723511695861816,5.059158802032471,43.18776321411133,0.52692049741745,1.644022822380066,0.7770781517028809,0.040545739233493805,13.920547485351562,0.6481082822963383,0.014460494351475705,0.4770209491252899,0.5020166635513306,0.5619927778032289,4.074104091379273,39.67938232421875,36.940147399902344
00420D.png,2.338083144277334,0.6310119032859802,0.8543179590807506,0.8864117593104668,5.457142353057861,53.47010040283203,0.9795033154300061,0.6458035853446313,7.348799705505371,5.470188463339609,13.911347389221191,4.748367786407471,51.95008850097656,0.4116283059120178,1.4759862422943115,0.945818305015564,0.06408156454563141,11.932668685913086,0.7604331813690708,0.0070364039236226516,0.48086175322532654,0.4746154546737671,0.8147959780551711,3.643542448232092,32.18719482421875,47.884613037109375
00427D.png,2.304520681500435,0.6735570430755615,0.43709678285554987,0.8661019991761456,6.689034938812256,55.21091842651367,0.9203791055907623,0.5708998337619373,7.128772735595703,3.0198676735745913,13.34147834777832,4.9084882736206055,41.13157653808594,0.5524775981903076,1.7047604322433472,0.6846587657928467,0.03129490464925766,15.045263290405273,0.613123556339345,0.021600430619221803,0.48177650570869446,0.46202799677848816,0.481388277138932,3.849397459975212,39.30682373046875,33.246280670166016
00431D.png,2.3051209561526775,0.6038273572921753,0.901159196956038,0.889781001221119,5.444002628326416,49.31386947631836,0.9786770150912529,0.6592867651130088,7.533141136169434,5.847252867303524,12.497088432312012,4.312799453735352,53.08437728881836,0.6331809163093567,1.5207524299621582,0.9846633672714233,0.049177296459674835,13.082353591918945,0.7205651114433687,0.0061960933532723556,0.49773380160331726,0.532190203666687,0.8083088427388437,3.9053803482082863,34.88739013671875,30.93599510192871
00435D.png,2.3277994357049465,0.5978919863700867,0.9365129189765553,0.885987788429138,5.090948104858398,52.954959869384766,0.9746794995469077,0.6173266075100424,7.722069263458252,5.999795109543182,12.977960586547852,4.7864298820495605,60.521820068359375,0.5829640626907349,1.4308586120605469,0.9669593572616577,0.06575409322977066,11.820772171020508,0.7361771986004844,0.007357374241524223,0.4812709391117096,0.47771233320236206,0.8255269644947502,3.4838930825610697,30.65008544921875,44.353946685791016
00440D.png,1.9020655825734138,0.6267120242118835,0.7805717866149305,0.8839361976706755,5.754860877990723,52.03636169433594,0.9706030240477682,0.5490056399874135,7.366864204406738,5.1212381454955995,12.184443473815918,4.559720993041992,49.351036071777344,0.45489567518234253,1.3907179832458496,0.9036174416542053,0.06575735658407211,11.820556640625,0.6861438402041313,0.011771687647303745,0.48615241050720215,0.5166563391685486,0.7216972749962107,4.163216279749866,35.47674560546875,42.301231384277344
00444D.png,1.4822895899415016,0.6231853365898132,0.6977119758035416,0.8906311922404444,6.1945648193359375,48.422183990478516,0.9546258038467403,0.6562714057773364,7.382084846496582,4.736308312515668,10.429015159606934,4.181825637817383,45.77391052246094,0.6862649917602539,1.6024812459945679,0.8605375289916992,0.036806587129831314,14.34074592590332,0.66877643171486,0.015600614958524611,0.4941575229167938,0.5140995383262634,0.6882091226161732,4.575116516205866,38.66229248046875,35.540592193603516
00448D.png,1.9653236530721188,0.6179735660552979,0.9142242887806987,0.8874872459980525,5.541049957275391,60.01271057128906,0.986012842880379,0.6899348906141703,7.493227958679199,5.95814385142781,14.5758056640625,5.243412971496582,50.00912857055664,0.6034191846847534,1.619551420211792,0.9833402633666992,0.05385700985789299,12.687578201293945,0.7787048759189819,0.004080398023689721,0.4857701361179352,0.4873741865158081,0.8647871657875393,4.445045937558989,39.83367919921875,46.346588134765625
00453D.png,1.956569667905569,0.6975624561309814,0.8088661235195735,0.8857708702292932,5.995268821716309,63.669071197509766,0.9632053411080199,0.6286212110671207,7.495041370391846,5.455942419570254,16.928739547729492,5.7122626304626465,63.8951301574707,0.6096628308296204,1.4560823440551758,0.917310893535614,0.06932333111763,11.591205596923828,0.7304592326756973,0.008289291008631138,0.467374712228775,0.5308353304862976,0.7295386345020106,3.3055015396914698,31.64422607421875,41.76548767089844
00457D.png,1.5602564327418804,0.7409690618515015,0.7946610030654532,0.8817287793351938,6.055090427398682,63.22382354736328,0.9669767405849365,0.6071215224996277,7.52976655960083,5.3976926984882265,16.062942504882812,5.631731033325195,59.75526428222656,0.5717260837554932,1.4783087968826294,0.9184281826019287,0.0816999226808548,10.877782821655273,0.7324498306071929,0.009673908791438559,0.4613407552242279,0.4502107501029968,0.7336077970448899,3.7772030286173837,34.00750732421875,47.196712493896484
00462D.png,2.2965345606207848,0.6793542504310608,0.7832672766527429,0.8828507319741558,6.177883625030518,61.33039855957031,0.9697889768083144,0.6309196140595028,7.383441925048828,5.311085485016497,15.952556610107422,5.43687105178833,58.547821044921875,0.5940823554992676,1.4785685539245605,0.9448980093002319,0.062111809849739075,12.068258285522461,0.7244264635486933,0.010728816324933263,0.47689011693000793,0.5231053233146667,0.7285202863914916,3.729196608357098,37.85858154296875,38.80295944213867
00466D.png,2.2907560504972935,0.6744888424873352,0.7910707884377048,0.8830480546406974,5.963016986846924,55.75139617919922,0.9700247055760465,0.6257338235271511,7.535767078399658,5.339261553669097,14.546892166137695,4.845649719238281,58.995723724365234,0.6012174487113953,1.454339861869812,1.0061131715774536,0.0668695941567421,11.747713088989258,0.7439985938083613,0.007636261845402321,0.4691321551799774,0.4724796712398529,0.7763367444205578,4.190430892217276,34.07733154296875,41.254150390625
00481D.png,2.293256476521492,0.6632504463195801,0.6471041907675252,0.8817284699373917,5.882593154907227,59.542423248291016,0.9350608156994346,0.529514089884597,7.543972492218018,4.344205095587162,15.118692398071289,5.263805866241455,57.94099426269531,0.4858390986919403,1.4656050205230713,0.8879901766777039,0.07835526019334793,11.059318542480469,0.6895287822857106,0.009820962047917561,0.44475823640823364,0.504500687122345,0.6777754208682693,3.240563698349497,30.56903076171875,41.520957946777344
00486D.png,2.2940900214016438,0.6780102252960205,0.7589387155976692,0.8841750677608112,5.690362930297852,49.34855651855469,0.9642491408038464,0.4778324034077569,7.341379642486572,4.94516062249232,11.919928550720215,4.2604289054870605,44.15488052368164,0.5896358489990234,1.4233665466308594,0.9115224480628967,0.08968295902013779,10.472900390625,0.6782218633937707,0.00818655170720556,0.44875720143318176,0.5222061276435852,0.7117598309658157,3.9237259601078405,41.09735107421875,40.64664840698242
00491D.png,1.975704561918974,0.606006920337677,0.7601151496582781,0.8820712768980361,5.781129837036133,52.600406646728516,0.9648307365977907,0.5378997642302651,7.46541690826416,5.034464306342954,12.063958168029785,4.695072174072266,49.833984375,0.5481520295143127,1.4353107213974,0.9068464636802673,0.07018250226974487,11.537712097167969,0.6825160851282568,0.011524311498157006,0.4776391386985779,0.5454981327056885,0.7233791641970784,3.4554072067444808,28.77752685546875,42.3470573425293
00496D.png,2.1638979837298393,0.6427266597747803,0.7283833763171869,0.8835092722705721,5.689964771270752,44.397918701171875,0.9510577575671185,0.46641457577223966,7.512070178985596,4.808084373287837,9.562138557434082,3.8024635314941406,51.55418014526367,0.5454879403114319,1.4202182292938232,0.9366389513015747,0.09071871638298035,10.423030853271484,0.654402543599344,0.012779775752237148,0.43906310200691223,0.5239828824996948,0.7127478242485504,3.6209589812901024,43.03729248046875,28.381505966186523
00500D.png,2.2056177966296673,0.6838024854660034,0.70281597547182,0.8781302402957819,5.656780242919922,64.2126693725586,0.9410889701424928,0.5447750687837873,7.576066017150879,4.6501402823918045,15.357627868652344,5.77730131149292,53.82035827636719,0.5346723794937134,1.525707483291626,0.9295496940612793,0.09566912055015564,10.192281723022461,0.7119575214986108,0.011276463922253207,0.43174102902412415,0.5014723539352417,0.7342258776094879,2.9420103679848966,30.89227294921875,48.779659271240234
00504D.png,1.9036254175007343,0.6668925285339355,0.45469371801975933,0.8768987823383233,6.724180221557617,84.05532836914062,0.8933546303950619,0.5988399912149402,7.456421375274658,3.2239237118916435,19.236658096313477,7.822071552276611,46.61537551879883,0.6385177969932556,1.5816328525543213,0.8375355005264282,0.045584436506032944,13.411834716796875,0.6818587099994496,0.018470759956760334,0.47976768016815186,0.5011886358261108,0.600788534942347,3.0170187104668376,25.08953857421875,41.37840270996094
00508D.png,1.4889931119978428,0.7012490630149841,0.8501396909465798,0.8865412879976738,5.035554885864258,54.38821029663086,0.9643277411546511,0.5233265541633212,7.412504196166992,5.291309692007026,13.453886985778809,4.898679733276367,55.74940490722656,0.6054719090461731,1.3754186630249023,0.9616640210151672,0.11374250054359436,9.440773010253906,0.7176713422666141,0.008265783877967406,0.4563448131084442,0.5062472820281982,0.7844461971039586,2.8839696350455273,25.41912841796875,43.84874725341797
00512D.png,2.189255889505148,0.7016434073448181,0.8022172649413701,0.8823672051778091,5.271872520446777,43.027793884277344,0.9444606782647805,0.4899684557936574,7.5350213050842285,5.1369702242320905,10.401071548461914,3.7465975284576416,58.8408088684082,0.5652700662612915,1.4400177001953125,0.9353110790252686,0.10720957070589066,9.697665214538574,0.6635602283566737,0.01362800110211869,0.4141368567943573,0.5042607188224792,0.7131469531934801,3.628231559014289,27.99237060546875,34.952728271484375
00516D.png,2.205443039536476,0.6748644709587097,0.724902808776247,0.8797900137148524,5.570062160491943,53.762115478515625,0.9422683729503532,0.48699796215431634,7.4720001220703125,4.727126779927662,14.039230346679688,4.822669982910156,58.3919563293457,0.5980530977249146,1.4729604721069336,0.9006973505020142,0.09211724996566772,10.356589317321777,0.673734873870933,0.015244289079904376,0.43668338656425476,0.5542171597480774,0.6782404857198236,3.012706711663993,28.88934326171875,40.55119323730469
00521D.png,2.2041792571544647,0.6299625039100647,0.7388790157466781,0.8835390806102573,5.4242658615112305,46.33841323852539,0.9475838449698508,0.5150175481154358,7.406872749328613,4.740343341014203,12.058036804199219,4.098771095275879,56.65469741821289,0.5725556015968323,1.4194247722625732,0.9266142845153809,0.07690204679965973,11.140621185302734,0.6730950187398532,0.013841307115911196,0.4370240569114685,0.5454626679420471,0.6941963608087048,3.2002285365348264,28.10614013671875,36.22378158569336
00526D.png,2.2062823586165905,0.6269001364707947,0.6300337044020177,0.8809392374962515,6.093927383422852,56.23545837402344,0.8871834503324888,0.49102671079424814,7.3750128746032715,4.242954728955629,13.979990005493164,5.159274101257324,56.48833084106445,0.5641892552375793,1.4652527570724487,1.0281649827957153,0.0636133998632431,11.964513778686523,0.6946208336326611,0.01374758636251626,0.41864246129989624,0.5010566711425781,0.7141254211407289,2.6076555853263845,23.94451904296875,33.48963928222656
00533D.png,1.46534850820899,0.6942155957221985,0.7509814697624614,0.8826605494924005,5.453046798706055,51.447845458984375,0.9372297013699419,0.43698786862252414,7.217755317687988,4.757782619387799,13.326017379760742,4.564163684844971,53.7104606628418,0.48329949378967285,1.4607772827148438,1.0710415840148926,0.09328702092170715,10.301788330078125,0.7199873310923973,0.008955938525011397,0.35741594433784485,0.5124862194061279,0.7833382886172304,3.4336107056561187,34.49334716796875,39.397247314453125
00537D.png,2.244561243802309,0.6234903931617737,0.7188406151294232,0.8795780844306677,5.4571075439453125,45.34742736816406,0.9427772075616875,0.45935524494362673,7.116731643676758,4.519306473107191,12.090249061584473,4.030031681060791,54.08793258666992,0.5032677054405212,1.5098938941955566,0.950846254825592,0.07324397563934326,11.35228157043457,0.6870527755929321,0.011427935489959308,0.4098599851131439,0.49139082431793213,0.7106526512806439,3.2174513472821724,30.68280029296875,35.4371337890625
00546D.png,2.2214305736124516,0.594915509223938,0.7287873226375269,0.8821923099969752,5.286558151245117,38.57461166381836,0.9303676778061902,0.43935908743622776,7.053725242614746,4.496734298959488,10.85090446472168,3.4114372730255127,50.8828010559082,0.4927663505077362,1.438344120979309,0.9896862506866455,0.06443490087985992,11.908788681030273,0.6703107135768013,0.01192516553900384,0.37251704931259155,0.47196006774902344,0.711809888292668,3.3222769094890854,25.26776123046875,40.79557800292969
00551D.png,1.892065741121769,0.6744958758354187,0.655050771817827,0.8805917861060053,5.222623348236084,48.50113296508789,0.8974096770047455,0.4179814473032156,7.359376907348633,4.120936734124379,12.767343521118164,4.388070106506348,44.294593811035156,0.5177921652793884,1.4387004375457764,0.9019607901573181,0.0914268046617508,10.389265060424805,0.6622948342092324,0.01173803099699584,0.37250036001205444,0.40245285630226135,0.6619298012751569,2.941563784200818,29.51385498046875,40.14600372314453
00555D.png,1.5208035558462143,0.5763239860534668,0.5436454370511202,0.8862761169845147,6.225567817687988,55.47805404663086,0.8725709136960453,0.5439234843559448,7.439416885375977,3.714463419601966,13.146873474121094,5.149552345275879,58.01243209838867,0.7204967737197876,1.5638015270233154,1.0575238466262817,0.0428045429289341,13.685102462768555,0.6994403038495502,0.02248186039637878,0.45292550325393677,0.5175129771232605,0.7031145269977772,3.269973532725197,19.67547607421875,31.707258224487305
00559D.png,2.2906450890004635,0.5060775876045227,0.677583515966735,0.8829642496028846,5.147763252258301,38.08842468261719,0.9255577661634737,0.47789830712900483,7.116279602050781,4.154969234832819,9.490130424499512,3.4249513149261475,51.18455123901367,0.6168983578681946,1.4216026067733765,1.0340101718902588,0.04655029997229576,13.320775985717773,0.659235937397476,0.016913874709661245,0.41060391068458557,0.5015899538993835,0.7135843410696395,3.21058033573634,23.08612060546875,25.403854370117188
00563D.png,2.2906270548701286,0.6604888439178467,0.7618878696096595,0.8837478658391705,5.587111473083496,53.59101486206055,0.9455561485825904,0.5050235822654194,7.612374305725098,5.028278428604027,13.265130043029785,4.771475315093994,59.97538757324219,0.6135402917861938,1.4529633522033691,0.9016024470329285,0.0992165133357048,10.034160614013672,0.6745441129832513,0.012719297064442192,0.4246072769165039,0.5139878988265991,0.7045700204044844,3.1386332152611125,29.58465576171875,37.22275161743164
00567D.png,2.268856432288885,0.6390795111656189,0.6847923350981188,0.8757437436258652,5.89790153503418,53.216041564941406,0.9490451083376771,0.5221928639193216,7.4881272315979,4.583337647544223,13.217188835144043,4.694536209106445,57.449798583984375,0.5194000601768494,1.6040880680084229,0.9738677740097046,0.08173288404941559,10.876031875610352,0.6928641640984686,0.01321911403725252,0.4482881426811218,0.5314314365386963,0.686318918619791,3.1268738667019615,32.21502685546875,44.295162200927734
00571D.png,1.9672346413135529,0.5748644471168518,0.6481881055492075,0.8794829130981692,5.743617534637451,53.76223373413086,0.9450368573723124,0.5556316025043602,7.503744602203369,4.293403091139856,13.183248519897461,4.817935466766357,54.74576187133789,0.505810022354126,1.497333288192749,0.9146131277084351,0.05733433738350868,12.415851593017578,0.6728492749761966,0.013851074252310218,0.46394139528274536,0.5351536273956299,0.666422059191416,2.9766182582978162,26.45477294921875,41.63201141357422
00581D.png,1.4720424190163612,0.5622499585151672,0.7513731227083491,0.883153481087986,5.230792999267578,34.32484436035156,0.9563446508945364,0.4721258272013436,7.067000389099121,4.620129697940062,9.123063087463379,3.0238113403320312,63.147464752197266,0.6194363236427307,1.4233553409576416,0.9089720249176025,0.07761234045028687,11.100692749023438,0.6205513031634742,0.019141614285212726,0.4597463011741638,0.5285513997077942,0.648608907424586,3.5109468411000653,29.63983154296875,38.991493225097656
00587D.png,2.292205534875393,0.632358193397522,0.6123017125166628,0.8831081520583466,5.567512512207031,35.13336181640625,0.8681999504512952,0.427467423292963,7.591808795928955,4.0287486267672925,7.825952053070068,3.1168692111968994,55.2748908996582,0.5136736035346985,1.5229284763336182,0.9221181869506836,0.07371053844690323,11.324703216552734,0.6052847654482845,0.018359528084949058,0.4019678235054016,0.5135751962661743,0.597007119708846,3.7553891510441595,21.23748779296875,33.16062927246094
00591D.png,2.2887999191880226,0.578837513923645,0.67389731711578,0.8785639485035506,5.4237165451049805,57.6390266418457,0.9253426111742736,0.5148039390418374,7.124190330505371,4.228012990209706,15.135246276855469,5.233389377593994,47.20227813720703,0.528411328792572,1.424146294593811,0.9267244338989258,0.055495526641607285,12.55742073059082,0.6983351751687823,0.01173940879466693,0.42782336473464966,0.5247605443000793,0.7033002695940062,2.9075196992685517,27.89178466796875,45.151580810546875
00596D.png,1.9599982649087906,0.6203248500823975,0.6975704234133313,0.8845308064929275,5.2733154296875,55.53292465209961,0.9392818832559274,0.5094096718840525,7.2419281005859375,4.3651447934451095,15.155858993530273,5.034886360168457,57.54771423339844,0.4539034366607666,1.3440496921539307,0.9138321876525879,0.08189371228218079,10.8674955368042,0.6938963342173461,0.010298116183945273,0.44170457124710083,0.4961845278739929,0.6998545184560884,2.9187214324050017,26.27313232421875,45.69452667236328
00600D.png,1.5266008079051971,0.6291074752807617,0.7079540677230198,0.8847868392196276,5.225147247314453,45.11576461791992,0.9385691029813586,0.5030744702520463,7.403088569641113,4.4701182433119655,11.886816024780273,3.9754672050476074,51.63306427001953,0.4502909779548645,1.3769307136535645,0.8962148427963257,0.08306251466274261,10.805950164794922,0.664668388497766,0.009903580416072902,0.4059891402721405,0.4486739933490753,0.7046233618791897,3.3055997881050065,27.99432373046875,36.860050201416016
00606D.png,2.276008103042841,0.6272212862968445,0.754616157735547,0.8855595008412589,5.118431091308594,59.36248016357422,0.9395787413202459,0.48609446769492143,7.372790336608887,4.7130523454764095,15.16778564453125,5.363572120666504,51.700870513916016,0.6073802709579468,1.3867719173431396,1.009809136390686,0.07849498093128204,11.051582336425781,0.7217628182938867,0.007912402438236146,0.40404972434043884,0.5076496005058289,0.789393396202632,3.069520072264976,28.88690185546875,41.26140594482422
00613D.png,2.296558529138565,0.5824916362762451,0.7030637396553416,0.8768842705588478,5.519598484039307,54.721519470214844,0.9429940492105584,0.5276516056153031,7.299398422241211,4.506298975871376,12.9618501663208,4.9095845222473145,49.4816780090332,0.5564720034599304,1.4870539903640747,0.9930868744850159,0.056943297386169434,12.445574760437012,0.7065515292051261,0.011285115932191132,0.432539165019989,0.5232981443405151,0.7630879539745817,3.248022068546219,31.08807373046875,45.370887756347656
00621D.png,2.292156744748354,0.6236822009086609,0.7864767307888958,0.8808950188268451,5.35163688659668,56.13541793823242,0.9615028629913294,0.560129812189852,7.509181022644043,5.0573817256316165,12.939538955688477,4.967198371887207,47.822723388671875,0.5739346742630005,1.4291720390319824,0.9146453738212585,0.07512557506561279,11.242122650146484,0.6887940868004605,0.013859133053719646,0.45934903621673584,0.48645466566085815,0.772599860103035,3.3633408335442665,32.44207763671875,35.992759704589844
00626D.png,1.9665237329900265,0.5992591977119446,0.862538158582021,0.8845521321912626,5.157504081726074,54.72425842285156,0.9548498758765193,0.5466356471995962,7.310423851013184,5.377047523526116,14.632834434509277,4.948589324951172,55.865745544433594,0.5104635953903198,1.4951930046081543,0.9972607493400574,0.06701480597257614,11.738292694091797,0.7347052781797323,0.006032369529717026,0.4395101070404053,0.5202040076255798,0.812691665405524,3.0620200714949966,31.35125732421875,37.046993255615234
00630D.png,2.2423280254006386,0.48724091053009033,0.5172934721697124,0.8775250646950433,6.070748329162598,48.239471435546875,0.936897446646126,0.5956578386354529,6.831864356994629,3.3372279856523495,12.13460636138916,4.5099592208862305,46.20640182495117,0.522220253944397,1.3640999794006348,1.045464277267456,0.02739635854959488,15.623072624206543,0.6947099930045252,0.018128931245322093,0.4876786172389984,0.5471607446670532,0.698545292575168,2.7475962178995577,19.01434326171875,25.948274612426758
00634D.png,2.2412975504994392,0.6113776564598083,0.6007000772898732,0.8727106982570407,6.069971561431885,52.863338470458984,0.8671185777205511,0.49529039238823563,7.172691345214844,3.9774452669373748,13.980207443237305,4.904636383056641,59.38920593261719,0.5950564742088318,1.490478277206421,0.9562904834747314,0.05483042076230049,12.609785079956055,0.6870230267439965,0.025074539949806605,0.4379975199699402,0.4842829704284668,0.6488039187614486,2.6517578734454528,19.32244873046875,32.62872314453125
00638D.png,2.2430318780243397,0.5105201601982117,0.748131193985519,0.8805017627730249,5.371766090393066,39.29991912841797,0.9508384190333429,0.5130513004263232,7.137570858001709,4.6793263472975255,10.573606491088867,3.4821624755859375,51.33406448364258,0.5498301982879639,1.401048183441162,0.9348352551460266,0.04697941243648529,13.280924797058105,0.6653884110001421,0.013634388890660536,0.4582218527793884,0.5160614252090454,0.6912025996880917,3.1107214237457286,25.92645263671875,36.41508483886719
00642D.png,1.9125337898731232,0.545961320400238,0.6959213391316357,0.9276536594862763,5.695729732513428,41.1406364440918,0.8589041196690828,0.4227146871266389,7.474695205688477,4.582802316682875,9.29450511932373,3.7468581199645996,57.153690338134766,0.8500872850418091,1.4366387128829956,0.9816783666610718,0.0557587593793869,12.536870002746582,0.6408600870992853,0.022499433576448093,0.4268684387207031,0.5424743294715881,0.6701688986607353,2.9184252551940313,19.82147216796875,30.662616729736328
00646D.png,2.2485846616327763,0.6681942939758301,0.8682730258726282,0.885668538070663,5.549038887023926,65.71432495117188,0.9735712181500095,0.5770807285493142,7.429382801055908,5.634422404711424,16.446882247924805,5.921451568603516,55.24761962890625,0.5617557168006897,1.5164339542388916,0.9435840249061584,0.08400449901819229,10.756974220275879,0.7317537620919586,0.006707222404066126,0.46389734745025635,0.5294719338417053,0.8043497417298544,3.242955663281963,30.38787841796875,42.17779541015625
00650D.png,2.2428632862865925,0.5494903326034546,0.6561597624412683,0.8817846540753942,5.6613969802856445,49.95810317993164,0.9330508392919377,0.47390227811891317,6.976690292358398,4.146314194016957,13.074898719787598,4.500025272369385,41.75959014892578,0.6568248867988586,1.4861069917678833,0.9347944259643555,0.0452885664999485,13.44011402130127,0.6667283014312352,0.013884421881506903,0.4260832965373993,0.5480827689170837,0.6790107941155368,2.9679774709963844,27.97918701171875,47.60639190673828
00655D.png,2.256438683718443,0.5109986662864685,0.6675635560955665,0.8839496834204486,5.559829235076904,44.60723114013672,0.944133847952873,0.5496887808448928,6.928827285766602,4.168497519476974,11.316243171691895,3.9964804649353027,35.77073287963867,0.5750343799591064,1.437440037727356,0.9162846803665161,0.031617965549230576,15.000661849975586,0.6617923704293258,0.00961854115086665,0.4530148208141327,0.5063056945800781,0.7001515880860021,3.2601953818386353,31.87908935546875,38.33570861816406
00659D.png,2.2521107606589794,0.633723795413971,0.5900125423080922,0.8849081771559906,5.580371379852295,47.996341705322266,0.881553781469266,0.47910641453666625,7.173807144165039,3.762572754918942,12.591283798217773,4.348114967346191,43.504398345947266,0.5882256031036377,1.3877668380737305,1.0699632167816162,0.05759790539741516,12.395933151245117,0.7048191113278831,0.009552499401328145,0.39317023754119873,0.46833106875419617,0.731482362510102,3.396041549470068,23.83319091796875,32.725563049316406
00671D.png,1.5289915390312672,0.5984290838241577,0.7975476701208025,0.8882254014087558,5.56544303894043,66.1444320678711,0.9698355956898165,0.5868469314633019,7.453670978546143,5.191696528010551,16.007938385009766,5.97160005569458,48.8997802734375,0.6209434866905212,1.4067680835723877,0.958357572555542,0.06514842808246613,11.860960960388184,0.7271544643481994,0.006445555483867883,0.480385422706604,0.5550971031188965,0.797107552159977,2.988943715062322,26.47430419921875,48.066810607910156
00676D.png,2.3083310909569263,0.5993755459785461,0.7410441964627327,0.8820037410972293,5.836041450500488,69.87704467773438,0.9598818732953014,0.570154933223634,7.496678829193115,4.940081218445341,17.216567993164062,6.32166862487793,50.81635284423828,0.6518623232841492,1.4852640628814697,0.9295934438705444,0.06349372118711472,11.972692489624023,0.7088843214507123,0.010408249532795889,0.475167453289032,0.5675607323646545,0.7457944797492679,2.949200707785859,28.20819091796875,46.77117156982422
00681N.png,2.299144320189953,0.2873912751674652,0.5797065353984426,0.8801749109216274,4.599189281463623,28.539005279541016,0.946094892986863,0.5466427393101913,6.030394554138184,3.081030284815572,9.5200834274292,2.5724382400512695,39.87050247192383,0.7084387540817261,1.4875892400741577,1.1769788265228271,0.013547258451581001,18.681486129760742,0.6823813245020433,0.009160603618418835,0.48131316900253296,0.5372077226638794,0.7179585925584638,4.593419431937902,32.82830810546875,25.154769897460938
00686N.png,2.287236098200083,0.27041512727737427,0.6311967023596158,0.883298700304659,4.471692085266113,27.798282623291016,0.9529344966911409,0.555764055482983,5.915341854095459,3.2781424513306128,9.865198135375977,2.5434277057647705,33.95768356323242,0.5947639346122742,1.3585972785949707,1.141711950302124,0.010743189603090286,19.688669204711914,0.6803305486522652,0.005381259607457028,0.4825589060783386,0.53615403175354,0.7399321770711518,4.306659780396869,36.11151123046875,35.80458068847656
00690N.png,1.5121573582291603,0.3198933005332947,0.4627448455476532,0.8942127040205876,5.040142059326172,32.55247497558594,0.9182870247427279,0.538032688966987,6.008271217346191,2.5563065245064536,10.344684600830078,2.994546413421631,45.91582489013672,0.7498650550842285,1.4629318714141846,1.1202290058135986,0.014084342867136002,18.51263427734375,0.6848720602784814,0.008983202843466051,0.4739246964454651,0.5468891859054565,0.7155234822059741,4.737159498186299,33.84442138671875,37.421791076660156
00695N.png,2.2913245633244514,0.35310113430023193,0.5555338759549029,0.8854373334689921,5.011229038238525,36.140899658203125,0.9216888764988768,0.5547248111771045,6.658295631408691,3.241418281646535,10.512368202209473,3.3228280544281006,41.09367370605469,0.6805488467216492,1.4631726741790771,1.0214802026748657,0.014378760941326618,18.422786712646484,0.6431456992879572,0.013667250748701546,0.4779771566390991,0.5533280372619629,0.6580186142183183,3.6016412942200824,29.63250732421875,33.806941986083984
00702N.png,2.2963716462254524,0.4306526780128479,0.8002219251300126,0.8902763747716256,4.96028995513916,29.270673751831055,0.9618141144621046,0.5203709068683605,6.953332901000977,4.766786109067134,8.2400541305542,2.5955700874328613,49.24151611328125,0.6549726128578186,1.3940678834915161,1.03932523727417,0.03026687726378441,15.190324783325195,0.6516514758744145,0.006861076000229054,0.4904189109802246,0.5610849261283875,0.7360135111861157,4.364045780975082,39.11785888671875,28.834184646606445
00706N.png,2.28677686676383,0.27020442485809326,0.6823346093629457,0.8789186590163998,4.37019157409668,20.234291076660156,0.9508787642383706,0.5338191116688135,6.0210490226745605,3.5451639012468252,6.2614030838012695,1.8644437789916992,26.35118293762207,0.6389037370681763,1.418534755706787,1.0920429229736328,0.007175131235271692,21.44170379638672,0.6109321952444264,0.009757998319351665,0.47254490852355957,0.5084323883056641,0.6946437249041052,4.46452040499189,37.58319091796875,24.048358917236328
00710N.png,1.91979456320405,0.267157644033432,0.6050900156603065,0.8832727903204783,4.6971917152404785,22.720897674560547,0.9464049949469975,0.5361501297063226,5.936956882476807,3.217319733026276,7.357148170471191,2.0772809982299805,32.42756652832031,0.7431926727294922,1.465935230255127,1.0189120769500732,0.008080543950200081,20.925596237182617,0.6093000081128968,0.015112955075757247,0.4848511815071106,0.5382566452026367,0.6265263423782043,4.5264791228819625,37.07977294921875,28.245792388916016
00714N.png,2.213420033454895,0.3007797300815582,0.6558739062599911,0.8884153235573167,4.857883453369141,24.700469970703125,0.9524118488238401,0.5685925863716904,6.2065043449401855,3.6284337843108982,7.621761798858643,2.239089250564575,37.50851821899414,0.7259901762008667,1.4271320104599,1.0116397142410278,0.01175575889647007,19.29749298095703,0.626148894343852,0.013473949469056053,0.4806222915649414,0.5217977166175842,0.6616643443105785,4.305931468560609,36.75067138671875,18.854930877685547
00718N.png,2.139127627015114,0.20252712070941925,0.529497250379415,0.8761480193674297,3.9734625816345215,18.069921493530273,0.9376199649652518,0.5394115099325234,5.242761611938477,2.43999239319996,5.896507263183594,1.7014070749282837,19.41827392578125,0.6841885447502136,1.4626456499099731,1.1806986331939697,0.003316466463729739,24.793243408203125,0.6131509519200953,0.011654471541709783,0.47975748777389526,0.5179668068885803,0.7029275286032008,4.632558150001836,35.10760498046875,27.027523040771484
00722N.png,2.209255639463663,0.26530319452285767,0.7621663194274781,0.8841283750967335,3.9605274200439453,21.068777084350586,0.9595470903733304,0.5643273911078129,6.017387866973877,3.8024292766617656,6.217312812805176,1.9557591676712036,26.35245704650879,0.49727416038513184,1.2702054977416992,1.1465375423431396,0.00816068984568119,20.882732391357422,0.6583939309805144,0.0043183421389215,0.48041677474975586,0.48729613423347473,0.7760660566442794,4.2437844980395205,33.03436279296875,26.687314987182617
00726N.png,1.8895509578287601,0.2264668345451355,0.5514267237605129,0.8805422677565681,4.243030548095703,21.393232345581055,0.9382013377778277,0.5729703231248245,5.4279022216796875,2.6664153070039216,7.327366352081299,1.990578293800354,25.708206176757812,0.6857825517654419,1.438368558883667,1.162104606628418,0.005298822186887264,22.758207321166992,0.6406762521800788,0.009839912633051916,0.4856140911579132,0.5277092456817627,0.711139907993526,4.425929640019025,35.71160888671875,23.783184051513672
00730N.png,2.0358775965869427,0.2128056138753891,0.5938879787399853,0.883747900751625,4.1624956130981445,20.03662872314453,0.9528862020615513,0.5564729102956656,5.400820255279541,2.839779916677017,7.379051685333252,1.8787130117416382,21.614532470703125,0.7276409864425659,1.4439697265625,1.0384552478790283,0.0036511269863694906,24.375732421875,0.6118083985027212,0.013594358299506155,0.5005382895469666,0.5104501247406006,0.6589910057866216,4.261404889816018,31.82977294921875,20.744325637817383
00734N.png,2.1517499275505543,0.25789985060691833,0.7077277593146616,0.8893028814226909,4.516889572143555,25.113943099975586,0.9590709628599955,0.5550027898054314,5.914976596832275,3.691473650578148,7.976083278656006,2.305175542831421,29.043994903564453,0.7014089822769165,1.3812962770462036,1.0711796283721924,0.007545331493020058,21.223217010498047,0.6477945969195371,0.009872182100987118,0.5109148025512695,0.5510997176170349,0.7418038007249246,4.492465844409333,33.44354248046875,23.023723602294922
00738N.png,2.1359485648572445,0.2559322118759155,0.6193185055147472,0.8808774922014131,4.697120666503906,26.300928115844727,0.9557521456680577,0.5932978302346971,5.693643569946289,3.21760823858709,8.395354270935059,2.428849697113037,31.002822875976562,0.6740119457244873,1.4045878648757935,1.1056560277938843,0.00811557937413454,20.90680694580078,0.6592095806276063,0.013620074551808976,0.5167393684387207,0.5707054734230042,0.7181279609137534,4.140424767186559,33.33270263671875,23.691938400268555
00742N.png,2.113136325031519,0.33147871494293213,0.5937971629621986,0.8854491299410803,5.010362148284912,26.858266830444336,0.9430919251055621,0.5461719019752317,6.369797229766846,3.378764498484859,7.431341648101807,2.476008653640747,37.0872802734375,0.6156389713287354,1.3924436569213867,1.0048723220825195,0.013727557845413685,18.624069213867188,0.621980888789403,0.009425367540183877,0.49783772230148315,0.5409262180328369,0.6632916979689317,4.34073389934735,31.00164794921875,22.39940071105957
00746N.png,1.4192153550684452,0.24053619801998138,0.591465189008037,0.8897709360318733,4.35892915725708,24.642250061035156,0.9464342535925058,0.5918755558947976,5.591002941131592,2.9425300628701425,8.690303802490234,2.2819442749023438,28.916547775268555,0.7242908477783203,1.3829939365386963,1.115859031677246,0.006082294974476099,22.159326553344727,0.6543249193866485,0.007575806858289818,0.508973240852356,0.5411930680274963,0.7123147139107561,4.3346742690441245,32.04315185546875,22.441944122314453
00750N.png,2.1138973012566566,0.2835649251937866,0.755686074693358,0.8862777517507666,4.541630268096924,31.026288986206055,0.9637200537100425,0.5833458050936321,6.207347393035889,4.061440609609802,10.157785415649414,2.82197904586792,32.34378433227539,0.6799304485321045,1.3595765829086304,1.073033332824707,0.010274638421833515,19.882335662841797,0.703622819756644,0.007456394082135708,0.4980623722076416,0.5473370552062988,0.7681297160438948,4.598555700951561,35.85369873046875,25.623159408569336
00754N.png,2.1220152638852596,0.2938910126686096,0.725463246792116,0.8927135242912191,4.582347869873047,30.101993560791016,0.955784254310208,0.5486709849516176,6.2448554039001465,3.9273822251542114,9.686063766479492,2.750260591506958,39.416831970214844,0.6956319808959961,1.3293336629867554,1.0786383152008057,0.014015880413353443,18.533798217773438,0.6878769022450677,0.007564859065266105,0.4877282679080963,0.5447285771369934,0.7492661782843454,4.291124997598907,32.78924560546875,28.13611602783203
00758N.png,2.115773245692253,0.2644300162792206,0.6672821265463492,0.8812064128840476,4.546631813049316,24.93222427368164,0.9559577135257114,0.5348236301709511,5.913187026977539,3.4898374808982275,8.807022094726562,2.296630620956421,25.09690284729004,0.6827199459075928,1.41908860206604,1.025795340538025,0.0063101742416620255,21.99958610534668,0.6439223866139216,0.014598657131457709,0.483275830745697,0.5315216183662415,0.6854636967459029,4.524105915165268,33.80438232421875,25.173118591308594
00762N.png,1.581961803138256,0.24687032401561737,0.5888639663969699,0.8843386819660942,4.519011974334717,23.30195426940918,0.951078174750662,0.5781054223501099,5.497341632843018,2.9491459149697796,8.2537260055542,2.1596407890319824,23.825889587402344,0.7117615938186646,1.4314594268798828,1.038734793663025,0.004577415995299816,23.393795013427734,0.6299392937831811,0.011987112132828208,0.5053611993789673,0.5352882742881775,0.6864128058749408,4.4924133613668715,31.29461669921875,24.032499313354492
00766N.png,1.4782459363341331,0.3495068848133087,0.519977053944204,0.8920307022826053,5.629329681396484,33.91657638549805,0.9228691487773149,0.5660989782205121,6.325753211975098,3.108193950722617,10.063788414001465,3.183461904525757,27.406726837158203,0.7718262672424316,1.4842159748077393,1.0628231763839722,0.005042903125286102,22.973194122314453,0.6718121074603842,0.014369420485710403,0.48259490728378296,0.5469381809234619,0.6886691563559685,3.6597526227278885,21.51190185546875,27.876911163330078
00770N.png,2.2370042204856873,0.3078467547893524,0.5818963400956362,0.8816570933507363,5.119647979736328,35.60307312011719,0.9127901570869722,0.5388036589509444,5.998169898986816,3.2347193839512247,10.586770057678223,3.357361316680908,30.56163215637207,0.7401654720306396,1.4592052698135376,1.1793162822723389,0.006966712418943644,21.569721221923828,0.7251748189175555,0.01016607203552205,0.45591220259666443,0.560113787651062,0.7748548559895025,3.7352504616375257,20.96942138671875,30.262609481811523
00774N.png,2.2307064160704613,0.2067200094461441,0.5686742200526778,0.8855235368734443,4.046657562255859,20.437644958496094,0.9398218950126693,0.5583633555583781,5.239525318145752,2.640416680787612,7.667184352874756,1.9212557077407837,21.253992080688477,0.7206645011901855,1.3998825550079346,1.1349328756332397,0.003342880168929696,24.758792877197266,0.6480627765202494,0.008182883362898557,0.48064517974853516,0.5132918357849121,0.6995712729948138,4.4838095603436185,29.55389404296875,25.641199111938477
00778N.png,1.944194484502077,0.2909734547138214,0.5410638602969083,0.8826207806993587,4.948440074920654,35.426212310791016,0.9136587065308681,0.5438059036589213,5.916758060455322,2.939392768929517,10.232001304626465,3.387822389602661,24.96474838256836,0.7453020811080933,1.5068823099136353,1.1568691730499268,0.005067131482064724,22.952377319335938,0.718693305824638,0.009854622285863271,0.4577847123146057,0.5434398055076599,0.7814117363370614,3.609478882500285,23.70184326171875,27.02656364440918
00782N.png,1.5151958763599396,0.31463149189949036,0.5323528296457828,0.8778182833099407,5.211752891540527,36.626224517822266,0.9291739849619858,0.5590006266235994,6.041748046875,2.995426346545198,10.814775466918945,3.464216470718384,29.0701961517334,0.7072869539260864,1.455573320388794,1.1084671020507812,0.007187447510659695,21.43425178527832,0.711411630778492,0.011819222827498243,0.4704307019710541,0.5438154339790344,0.757536398844198,3.592200851877466,23.97430419921875,21.77263641357422
00786N.png,2.097049366682768,0.2679252326488495,0.48740401608230105,0.8835351591016951,4.9903564453125,30.797422409057617,0.9099445927644498,0.5534204431301455,5.564707279205322,2.57229940256312,8.860437393188477,2.958050489425659,19.36659812927246,0.7544428110122681,1.4623353481292725,1.158272385597229,0.002723909914493561,25.6480712890625,0.7075360633880092,0.012202728128841944,0.4502774477005005,0.5337161421775818,0.8027900032044095,3.5625621908371428,22.36883544921875,24.197683334350586
00790N.png,2.062699094414711,0.28038686513900757,0.5985104060992981,0.8826629798512008,4.746585369110107,35.68354797363281,0.9042382348679152,0.5284540514079874,5.766879081726074,3.1462200524068304,10.369160652160645,3.415118932723999,25.197437286376953,0.740151047706604,1.4424543380737305,1.15733003616333,0.005160095170140266,22.873422622680664,0.7316353585180755,0.015900618290017623,0.4355466961860657,0.5275623798370361,0.817272086158493,3.590537783424893,26.25067138671875,22.751619338989258
00794N.png,1.8850337155163288,0.2494836449623108,0.49968684935666,0.8853680634951872,4.610136985778809,31.538434982299805,0.8957110663080634,0.5410571951540749,5.498655319213867,2.525624449804713,9.202189445495605,3.0279829502105713,22.71302604675293,0.7564828395843506,1.4803969860076904,1.2016998529434204,0.0037181624211370945,24.29671859741211,0.7138130834461511,0.012232044235964398,0.4388057291507721,0.5381718277931213,0.7903971074317365,3.62405497112352,27.59393310546875,18.12721824645996
00798N.png,1.8806239180266857,0.20593379437923431,0.5831374786970444,0.8823677571638704,3.8763198852539062,22.646215438842773,0.9434035597904756,0.5620505671255069,5.362931251525879,2.693887677024989,7.74256706237793,2.1193692684173584,25.290651321411133,0.7290443778038025,1.4661537408828735,1.1595449447631836,0.004887911956757307,23.108766555786133,0.6577811719164282,0.009159268169587429,0.48039475083351135,0.5156935453414917,0.7197775806465208,4.283004721928939,31.41522216796875,20.032583236694336
00802N.png,1.9658711962401867,0.22942093014717102,0.5639252208818922,0.8815715290202764,3.859462261199951,17.31522560119629,0.9374606838536712,0.5425846872274394,5.322847366333008,2.589078023859212,5.961667537689209,1.6435189247131348,21.024364471435547,0.6804839372634888,1.4145481586456299,1.1136301755905151,0.0036334837786853313,24.396766662597656,0.6051013937552678,0.006729272664203691,0.46916088461875916,0.5003726482391357,0.6647120757773438,4.601467430237715,30.37030029296875,20.090126037597656
00806N.png,1.9674302600324154,0.2526964247226715,0.601019863308937,0.8848442162332282,4.293005466461182,28.48857879638672,0.8983963371109639,0.5234266040703333,5.595952987670898,2.97174142955979,8.425444602966309,2.7182374000549316,26.407297134399414,0.7484807968139648,1.4856901168823242,1.2590291500091553,0.005291176028549671,22.764480590820312,0.7255534925992213,0.009476054205978664,0.43872198462486267,0.536165714263916,0.8121016583249302,3.7238486303764864,22.64373779296875,23.71605682373047
00810N.png,1.9674290977418423,0.26010656356811523,0.6230564515823259,0.8856562931796318,4.455445289611816,22.059104919433594,0.9425602428214898,0.5549743536365579,5.969101905822754,3.247552138453319,6.732290267944336,2.060797691345215,29.100658416748047,0.7552670240402222,1.5000596046447754,1.1727337837219238,0.006537030450999737,21.8461971282959,0.6428172223899129,0.007322168400168216,0.47839128971099854,0.5121994614601135,0.733034911893654,4.489275573382834,29.22283935546875,23.53775405883789
00815N.png,1.7825633473694324,0.22133618593215942,0.6545819863084423,0.8870212386460916,4.018061637878418,23.822952270507812,0.9585230854731777,0.6271595678185811,5.490623474121094,3.1121195429308433,7.713771820068359,2.224754810333252,23.713104248046875,0.6848305463790894,1.324480414390564,1.1083773374557495,0.004548609722405672,23.421213150024414,0.6598618893512326,0.009615340985932093,0.5118398070335388,0.5296626091003418,0.761294433900437,4.174202077515595,34.41522216796875,24.286108016967773
00819N.png,1.40120217949152,0.2974901795387268,0.8309883517164568,0.8833476045320184,3.9582958221435547,31.480030059814453,0.9733183252618599,0.5998029699346689,6.370012283325195,4.291367233151298,9.40153980255127,2.8703219890594482,33.34992599487305,0.6217960119247437,1.3383690118789673,1.077791452407837,0.01337876170873642,18.735841751098633,0.7098582783552303,0.007740858688123906,0.49246978759765625,0.523308515548706,0.810479882844829,3.9130317333916755,36.33074951171875,31.4966983795166
00823N.png,2.083309166133404,0.31007397174835205,0.8087880056743857,0.8822082291213613,3.920764446258545,28.398841857910156,0.9653470363482866,0.5729943841977522,6.424532413482666,4.183590885427289,8.856905937194824,2.567596197128296,32.958377838134766,0.6455733180046082,1.387061357498169,1.0844526290893555,0.013939796015620232,18.557435989379883,0.6738068901246309,0.010526916488222193,0.49104776978492737,0.530698835849762,0.7745735610590773,4.375852934387528,36.89276123046875,31.38506317138672
00828N.png,1.9957600645720959,0.343025267124176,0.6993805329522074,0.8936420585706709,4.789663314819336,34.865379333496094,0.9500795479719857,0.577233473435371,6.652091026306152,4.001082833357319,9.758070945739746,3.166062593460083,57.694122314453125,0.7598975896835327,1.4565386772155762,1.0614314079284668,0.02587977796792984,15.87039566040039,0.6722328491247788,0.01271811958981185,0.4879303574562073,0.536771297454834,0.7227719673646567,4.061404539016305,34.80047607421875,24.289878845214844
00832N.png,1.9930712282657623,0.36074161529541016,0.8911472701458614,0.8863587900216613,4.227679252624512,31.110157012939453,0.9736119023031007,0.5918663918016854,6.776520729064941,4.903197878622851,8.985703468322754,2.796682596206665,45.573299407958984,0.6049798727035522,1.3172686100006104,1.0549381971359253,0.026176702231168747,15.82085132598877,0.7025800406863834,0.005063777282945719,0.49795687198638916,0.5180023908615112,0.8186826338811951,4.24070855169256,36.61883544921875,27.079944610595703
00838N.png,1.4742453172802925,0.37622636556625366,0.7531284980832115,0.8924222387391217,4.86355447769165,28.023681640625,0.9532244228734166,0.5000435434998001,6.808694362640381,4.39536562250308,8.502165794372559,2.534947633743286,47.29533767700195,0.715351402759552,1.4236441850662231,0.9960776567459106,0.02404174581170082,16.190340042114258,0.6273932671775174,0.010642211569988912,0.47073817253112793,0.5184618234634399,0.6808482120160602,4.061317402805067,35.91180419921875,32.54145812988281
00842N.png,2.1081287674605846,0.25490137934684753,0.4538862754554452,0.8901681019729328,4.34938383102417,22.02242660522461,0.91518751068337,0.5417374545221577,5.253658771514893,2.179352838030299,7.6809844970703125,2.0587470531463623,28.97587776184082,0.6719534993171692,1.3743239641189575,1.2138702869415283,0.006051717326045036,22.181215286254883,0.660233444518399,0.003843235331244039,0.4687783718109131,0.5481759309768677,0.7148936641912741,4.8548377897033115,31.59588623046875,36.41456985473633
00846N.png,2.1077888794243336,0.2652709186077118,0.7563439139576256,0.8870786316840066,4.051435947418213,24.02179718017578,0.957747458260634,0.5594533317551146,6.147455215454102,3.8569485503589664,7.384704113006592,2.2203140258789062,31.61318588256836,0.6317386031150818,1.2897027730941772,1.155168056488037,0.010044255293905735,19.980823516845703,0.6594271648251513,0.008034529093535712,0.4930899739265442,0.5061245560646057,0.7848257648067626,4.291061515131619,35.77899169921875,22.179798126220703
00850N.png,1.9854067414999008,0.25240010023117065,0.6164547949828373,0.8876914379787411,4.246435642242432,30.185579299926758,0.9460488125960774,0.5762675459665857,5.813637733459473,3.100801397886068,10.040804862976074,2.7893238067626953,37.53432846069336,0.6959472298622131,1.3740503787994385,1.1467342376708984,0.011258915066719055,19.485036849975586,0.698692618128425,0.00713804635759026,0.48486125469207764,0.5401950478553772,0.7442777209777042,4.068488548123186,33.55340576171875,30.6364803314209
00854N.png,1.9166267104446888,0.2961101830005646,0.5263700279725751,0.8861762544487013,4.164577484130859,30.555885314941406,0.8714016603149966,0.5028850404404688,5.548942565917969,2.5564626009440765,8.442644119262695,3.064117908477783,24.626379013061523,0.7482556104660034,1.4687949419021606,1.140758752822876,0.005046152975410223,22.97039794921875,0.7308789036507461,0.008235202363866342,0.43437302112579346,0.5342918038368225,0.8384887581547612,3.9812670430049555,17.02947998046875,17.680606842041016
00858N.png,1.4295754954218864,0.2684285640716553,0.4027708101433093,0.8786607182488964,4.596506595611572,30.30069351196289,0.8858758613026342,0.5323399816772222,5.578920364379883,2.04918984770457,8.732383728027344,3.0278332233428955,23.086759567260742,0.7046958208084106,1.4684276580810547,1.0968894958496094,0.004500666167587042,23.467233657836914,0.7059720511181456,0.0107640246666769,0.4436504542827606,0.5019556283950806,0.7641569243936683,3.64633885436976,16.97674560546875,24.849773406982422
00862N.png,2.1653251983225346,0.27134963870048523,0.448305354600864,0.8799086539554489,4.294731616973877,36.2050666809082,0.8811783465368945,0.5289016237918212,5.560959815979004,2.209187876106226,10.236456871032715,3.596005916595459,28.010169982910156,0.6835057139396667,1.3823797702789307,1.1544759273529053,0.007127109915018082,21.470867156982422,0.7550185479090148,0.00996614406367494,0.43511471152305603,0.5033950209617615,0.8288247406395715,3.555461678007334,18.97674560546875,24.687652587890625
00866N.png,2.164632350206375,0.2832496762275696,0.43824115681999015,0.8763131531569873,4.512931823730469,35.43521499633789,0.8939463726593609,0.5413336804029446,5.738077163696289,2.246215193107501,9.469334602355957,3.5361328125,21.19207763671875,0.663684606552124,1.4811933040618896,1.1177971363067627,0.004748603794723749,23.23434066772461,0.7431211824185625,0.012814782759016605,0.4440000653266907,0.5005975365638733,0.8203420724978437,3.4215570178444357,17.28533935546875,25.247142791748047
00870N.png,1.8412182591855526,0.24511635303497314,0.3783878914777939,0.8784262940114739,4.198215961456299,29.82847785949707,0.8723879244014329,0.5218131442912813,5.297507286071777,1.7965402761628795,8.125434875488281,3.0377559661865234,16.530025482177734,0.7025304436683655,1.4943214654922485,1.098861575126648,0.002501487033441663,26.01801872253418,0.7216947547818143,0.012418781893774822,0.4264008402824402,0.4959527850151062,0.786352938473885,3.4882217593976357,18.42303466796875,23.593029022216797
00874N.png,1.5473573841154575,0.28315016627311707,0.567844459278839,0.8781387740573022,4.3705644607543945,43.58568572998047,0.8855809352766139,0.5303267581274715,5.799380302429199,2.8874838699143766,12.018070220947266,4.4425482749938965,25.34723663330078,0.6951717138290405,1.4439263343811035,1.1554312705993652,0.006257084663957357,22.03628158569336,0.7836185084893099,0.011801772717088222,0.4403687119483948,0.5093143582344055,0.8460383954712112,3.1801451188710614,14.96063232421875,21.604290008544922
00878N.png,2.292929969727993,0.24980378150939941,0.35840916387074534,0.8827849550093095,4.649611949920654,36.07508087158203,0.9056024943127368,0.5701553733004583,5.617808818817139,1.83997544214734,9.950716972351074,3.595518112182617,25.191762924194336,0.7305098176002502,1.4614126682281494,1.0726834535598755,0.004595556296408176,23.376619338989258,0.7023591504527547,0.01558942188247474,0.45959195494651794,0.4978111982345581,0.7384922908735857,3.029224072465052,19.50701904296875,21.399890899658203
00882N.png,2.2626841850578785,0.2561575770378113,0.3751334042084003,0.886712603415304,4.712488174438477,32.670448303222656,0.9067259342816452,0.5614656383052149,5.853058338165283,1.981751667738294,8.735395431518555,3.219428062438965,25.076011657714844,0.755045473575592,1.4709348678588867,0.9574381709098816,0.004368613474071026,23.5965633392334,0.6417637622972039,0.01943364062600117,0.46241632103919983,0.47964709997177124,0.6470523050397399,3.21339484997709,21.55926513671875,23.191452026367188
00886N.png,2.1832658760249615,0.2601248621940613,0.4247968041265994,0.8793392493291077,4.807451248168945,31.172643661499023,0.9229218593399259,0.5707992637867036,5.943160533905029,2.2834204826459352,8.30020523071289,3.022716522216797,28.363513946533203,0.6606464982032776,1.4290519952774048,1.0719337463378906,0.006971893832087517,21.56649398803711,0.6585941962898468,0.015851787564331435,0.45816895365715027,0.46468427777290344,0.7010799754521596,2.9762147368840015,20.78924560546875,19.970165252685547
00890N.png,1.95939776673913,0.4088009297847748,0.5712334766638568,0.8770649092862274,5.151820659637451,36.79025650024414,0.8869224940104176,0.4391240876085406,7.132075309753418,3.50849692554576,10.188516616821289,3.4662997722625732,52.22661590576172,0.6755005121231079,1.5348604917526245,0.9459776282310486,0.03408104553818703,14.674871444702148,0.6240463938883642,0.026036488035158577,0.3994581699371338,0.48606041073799133,0.6245300041404339,3.579804089454338,17.52850341796875,18.821374893188477
00894N.png,2.2417563647031784,0.30484750866889954,0.42093623125505464,0.8785701280703877,4.738128185272217,38.21278762817383,0.8690297629962429,0.5072695348692714,6.243082046508789,2.311202484744374,11.0423002243042,3.7271549701690674,39.02695846557617,0.6735541224479675,1.410478115081787,0.8916022777557373,0.013473117724061012,18.705318450927734,0.6494963918741524,0.02299348828461324,0.4350903332233429,0.49772828817367554,0.6347752357253248,2.8562674886891797,21.92254638671875,25.936691284179688
00898N.png,2.2306251041591167,0.24693863093852997,0.41398909356293206,0.8924297679156968,4.745969772338867,30.057031631469727,0.8992513670227105,0.5645013164629206,5.769315719604492,2.1766143481459803,8.5349760055542,2.9802608489990234,26.448545455932617,0.7491209506988525,1.4038450717926025,1.0511393547058105,0.004660946317017078,23.31525993347168,0.6510478706615268,0.016574124136045344,0.46121105551719666,0.4975641369819641,0.6789270806600722,3.441610384067266,24.12713623046875,19.399147033691406
00902N.png,2.234010200947523,0.35966771841049194,0.4514444192122052,0.8897310570018591,5.419204235076904,40.71733856201172,0.8814220950356886,0.5211930048784144,6.801966190338135,2.758597854681094,11.452542304992676,3.951752185821533,46.01235580444336,0.7465064525604248,1.4679818153381348,0.8554998636245728,0.016774753108620644,17.753437042236328,0.6108809696335682,0.0242284932823938,0.45710575580596924,0.5454356670379639,0.5707078902879882,2.86795001906929,18.89178466796875,21.21480941772461
00906N.png,1.8902156427502632,0.37646690011024475,0.44933027216847593,0.8888153702468402,5.487471580505371,47.55447769165039,0.9061876243563949,0.5788897645433856,6.673785209655762,2.732218558512086,12.608907699584961,4.57475471496582,43.394248962402344,0.7522977590560913,1.4886916875839233,0.9256744384765625,0.01325315237045288,18.77680778503418,0.6444630276399502,0.020419183883137123,0.4780814051628113,0.5283292531967163,0.6268600464774844,2.688243380452864,21.50604248046875,26.612886428833008
00910N.png,1.5131127834320068,0.4501489996910095,0.5196410522946332,0.8791926981341331,5.544972896575928,49.604244232177734,0.921233827200061,0.5766167034856591,6.960142612457275,3.2490951710635496,13.064536094665527,4.675605773925781,65.00639343261719,0.6715619564056396,1.480886697769165,0.9956824779510498,0.03799174353480339,14.203107833862305,0.6689109950352886,0.01839046505346993,0.4680798053741455,0.5254738330841064,0.6628178830331505,2.7776243379154817,14.67156982421875,22.75765609741211
00914N.png,2.320098388940096,0.39170482754707336,0.48858886729870643,0.8758228410871491,5.841187477111816,43.937198638916016,0.9387140846777198,0.5509799828861807,6.615324020385742,3.0430651126124157,12.012845039367676,4.164432048797607,39.23752975463867,0.6761850714683533,1.5082910060882568,0.9166814684867859,0.014765555039048195,18.3075008392334,0.6545455285304561,0.018875388017389944,0.48670101165771484,0.48922884464263916,0.6221424029246556,2.7829402632947944,17.39080810546875,34.81416320800781
00918N.png,2.3006798774003983,0.4203933775424957,0.5139132962454729,0.8865417028778381,5.788669586181641,44.05670928955078,0.9201423965462114,0.5352245452866314,6.972254753112793,3.2790137651306868,12.136277198791504,4.148914337158203,46.134132385253906,0.7214199304580688,1.4818912744522095,0.8858274817466736,0.021377082914114,16.700515747070312,0.631060838522471,0.020761731886313438,0.47270047664642334,0.5025187730789185,0.6028882437769731,2.8526079815563588,16.05877685546875,33.77708053588867
00922N.png,2.299085732549429,0.3920932710170746,0.5094874456169185,0.8855913916204066,5.59946346282959,41.525238037109375,0.9181043720527856,0.5508455983115594,6.873167037963867,3.1773336587827323,11.086901664733887,3.934494733810425,40.52631759643555,0.7363672256469727,1.488628625869751,0.9369909167289734,0.014635274186730385,18.345991134643555,0.6456054411799664,0.019331795259096944,0.4682164192199707,0.46792134642601013,0.6356018348772653,2.8178630415665094,18.01678466796875,30.244171142578125
00927N.png,1.5162025168538094,0.4159837067127228,0.4796594082919704,0.8816504331944174,5.7730255126953125,49.03944396972656,0.9182914466776225,0.5718076274918084,6.872348785400391,3.0327453783209073,12.676494598388672,4.755692005157471,41.45871353149414,0.7262088060379028,1.5395904779434204,0.928848385810852,0.013677780516445637,18.63984489440918,0.6545108035769465,0.026365229640618982,0.4755189120769501,0.5016182065010071,0.6478596770165488,3.1486058946504603,17.53924560546875,29.99732208251953
00931N.png,2.316012855619192,0.4829193651676178,0.5022558310316515,0.8856724477789283,5.789617538452148,46.48516845703125,0.8880181705979439,0.5259831501618143,7.314324378967285,3.2907749821082586,12.048171043395996,4.394822597503662,52.41041946411133,0.7234895825386047,1.5034856796264648,0.8741020560264587,0.02972220629453659,15.269189834594727,0.6155283256931637,0.02457732001901247,0.4527311623096466,0.5115344524383545,0.5882915751171178,2.863095682707814,17.77801513671875,34.305084228515625
00935N.png,2.3039786368608475,0.383255273103714,0.5389512726927458,0.8808080169098624,5.511469841003418,45.04508590698242,0.9078957323164762,0.5523043029436049,6.849904537200928,3.3310991353085964,11.954124450683594,4.251378536224365,45.177303314208984,0.6943627595901489,1.522085428237915,1.0189334154129028,0.017330631613731384,17.61185646057129,0.6629268474081255,0.016858944633873052,0.4659680426120758,0.4922724962234497,0.6785693196479304,3.3092935369274405,23.15350341796875,27.351123809814453
00939N.png,2.308742079883814,0.39385029673576355,0.479298547024731,0.8848851737187298,5.526013374328613,45.43572235107422,0.8931781169664802,0.5448298752654362,6.880422592163086,2.9732020981938287,12.595420837402344,4.326765060424805,40.13567352294922,0.7339781522750854,1.5282213687896729,0.9608221054077148,0.01419510692358017,18.478614807128906,0.6571466261987707,0.021656486142090606,0.46064090728759766,0.5072048306465149,0.6407609729941217,3.2040134369404227,18.64862060546875,31.492549896240234
00943N.png,1.9537147283554077,0.3770778477191925,0.5708620596421172,0.8843676214315562,5.327849388122559,48.55271911621094,0.8772693094784851,0.5365546859229952,6.8400726318359375,3.473112802631926,13.690180778503418,4.588953971862793,46.7392692565918,0.736995279788971,1.5231122970581055,0.9831993579864502,0.017438795417547226,17.584835052490234,0.6791956268004113,0.018165532277118795,0.43993204832077026,0.5139725208282471,0.6542208782603771,2.970059795989027,20.80194091796875,36.7335319519043
00947N.png,2.1951318234205246,0.40046054124832153,0.5312697292147175,0.9002371727048575,5.812406539916992,47.63589859008789,0.9095809160855387,0.5514789640609606,7.050418853759766,3.416824678831622,13.344573020935059,4.530174255371094,51.99538040161133,0.7837259769439697,1.504508376121521,0.9219176173210144,0.01939227432012558,17.12371253967285,0.6459535946663548,0.0193548372306869,0.47091609239578247,0.5293353199958801,0.6182162285974834,2.7231091891875403,18.85028076171875,25.97903060913086
00951N.png,1.9432171322405338,0.2775525450706482,0.4927676072037226,0.8974485353910655,4.76444149017334,37.6085205078125,0.8939253275416961,0.5385589157643814,5.833106517791748,2.6110731747674194,10.990391731262207,3.686899423599243,30.200830459594727,0.806269109249115,1.4657492637634277,1.052185297012329,0.005424888804554939,22.65609359741211,0.7000150395957199,0.017800552175334352,0.4493664503097534,0.5260080099105835,0.7215349703360348,3.095311869295465,19.75848388671875,23.742589950561523
00955N.png,2.181761749088764,0.307525634765625,0.545224336160855,0.8935370890753723,4.636249542236328,40.03790283203125,0.8840153222772719,0.5307258914733386,5.938183784484863,2.882729331901695,10.943973541259766,3.910579204559326,33.80191421508789,0.7794133424758911,1.3734666109085083,1.1129313707351685,0.008292382583022118,20.813207626342773,0.730587359029982,0.015031193874012772,0.44602295756340027,0.5328391790390015,0.8034674585822285,3.087283274545551,19.82928466796875,19.28696060180664
00959N.png,1.8774835765361786,0.31556829810142517,0.5822610096213248,0.8931086109701208,4.427101135253906,47.50917434692383,0.8791981666826072,0.5327982826727522,6.1719560623168945,3.085719796992347,13.00381851196289,4.60383415222168,43.31800079345703,0.7560962438583374,1.2517033815383911,1.135145902633667,0.014245663769543171,18.46317481994629,0.7545474903859578,0.013089801983445948,0.44307035207748413,0.5422602891921997,0.8264581575036707,2.8095906585513224,18.25311279296875,25.389766693115234
00964N.png,1.512507289648056,0.1604936122894287,0.9040786910006022,0.8856503175362033,3.0675294399261475,20.83988380432129,0.9627777454463318,0.5459809509599569,4.770333766937256,3.5430399376502395,8.675554275512695,1.891743779182434,32.450965881347656,0.6508938670158386,1.356646180152893,1.2063472270965576,0.009347326122224331,20.29312515258789,0.8031716890494333,0.0011456440111408778,0.44401034712791443,0.5070224404335022,0.8720538426283443,5.391775871396488,46.36785888671875,25.56182098388672
00968N.png,2.1436980329453945,0.25030022859573364,0.5000754234442669,0.905661669952865,4.449957847595215,26.90407371520996,0.9098110698048868,0.5537788360551528,5.547325611114502,2.4997071113253995,8.261664390563965,2.542478561401367,29.756607055664062,0.7938764095306396,1.3802368640899658,1.1374964714050293,0.004954587202519178,23.049924850463867,0.6577772278799592,0.009815538172371721,0.45754411816596985,0.5329488515853882,0.7132436014901178,3.9653146302033213,28.83612060546875,24.827781677246094
00972N.png,2.143691413104534,0.3064994513988495,0.43040816173483254,0.8882393069708184,4.823331832885742,29.055248260498047,0.8962137138755659,0.5460799816525527,5.859724044799805,2.2990451226207984,8.060367584228516,2.777238368988037,26.238922119140625,0.7230188846588135,1.4957408905029297,1.0877509117126465,0.004765156656503677,23.21923065185547,0.657638046317343,0.013796089834621337,0.45393839478492737,0.5175260305404663,0.7066884788514805,4.070898054935843,24.96014404296875,22.03226089477539
00976N.png,2.143860634416342,0.345095157623291,0.5883454118027391,0.8842202204434393,4.838876247406006,28.62584114074707,0.9344233140548329,0.5622859731062504,6.489137172698975,3.332403360069385,8.086946487426758,2.6234827041625977,38.085079193115234,0.610177218914032,1.4038057327270508,1.0187938213348389,0.013723829761147499,18.625246047973633,0.6186840990227211,0.01066370623452319,0.492928683757782,0.5081032514572144,0.667701949968031,3.681386528853187,26.98699951171875,23.595787048339844
00980N.png,1.6781271807849407,0.2712632119655609,0.45956729803052077,0.8759949981242416,4.560803413391113,21.257291793823242,0.9087826630812652,0.5161317340412969,5.733189582824707,2.365399328958901,5.9971089363098145,2.0418171882629395,18.00616455078125,0.6345051527023315,1.569760799407959,1.1506438255310059,0.0030869613401591778,25.104690551757812,0.6360125565486249,0.008048049361430285,0.45831307768821716,0.5159748196601868,0.7505789677733862,4.379391135935145,22.40740966796875,22.551998138427734
00984N.png,1.4491241984069347,0.28220999240875244,0.4833713400518487,0.8899439074745037,4.776477336883545,29.632858276367188,0.908909637972073,0.5431923169181577,5.763026237487793,2.547255883419492,9.534029960632324,2.792785882949829,31.850252151489258,0.7517541646957397,1.4532890319824219,1.189680576324463,0.006806825753301382,21.67055320739746,0.6995405561916479,0.008771825300072809,0.4730420708656311,0.5525895953178406,0.7491407251541107,3.87993780882027,23.64373779296875,21.29582977294922
00988N.png,2.2528556659817696,0.25134775042533875,0.42882526115750547,0.8994507973202113,4.4157023429870605,28.355140686035156,0.8886214005553048,0.5329677582433082,5.448101043701172,2.1149319238033755,8.934273719787598,2.709968328475952,25.846418380737305,0.7767345905303955,1.434032678604126,1.144379734992981,0.003954062703996897,24.029563903808594,0.6858472291151166,0.009643339237195786,0.44797956943511963,0.5213523507118225,0.7345385482961748,3.7355055494223217,22.11346435546875,17.57917022705078
00992N.png,2.2476050816476345,0.2348281443119049,0.4301257309152069,0.88351800755145,4.2909135818481445,25.34369468688965,0.904456164624174,0.5401348368874203,5.32297420501709,2.0675980752463516,7.917343616485596,2.421980857849121,22.42032241821289,0.7158023118972778,1.4395813941955566,1.1894569396972656,0.0036487304605543613,24.378583908081055,0.6809334228705249,0.01148232121682289,0.44857341051101685,0.4918913245201111,0.7499231597845307,4.010360549648095,23.92596435546875,19.185874938964844
00996N.png,1.8199542760849,0.2547209858894348,0.44882109060692743,0.8811391451817296,4.411329746246338,25.582435607910156,0.9191694475575329,0.5584285600915492,5.68182897567749,2.2650194030783073,7.815874099731445,2.4297690391540527,23.651811599731445,0.6888300776481628,1.441643238067627,1.120858907699585,0.004449167288839817,23.517215728759766,0.6511723527300812,0.015271728777212031,0.45898544788360596,0.49628376960754395,0.711564593546469,3.8710506825403366,22.30096435546875,21.73617172241211
01000N.png,1.5002263598144054,0.24892380833625793,0.45927404577394376,0.8785081789657198,4.395013332366943,24.389354705810547,0.9098582894131119,0.5344831685242146,5.615736961364746,2.298847267470858,7.894244194030762,2.341691255569458,25.61104965209961,0.6591582298278809,1.4259974956512451,1.1231378316879272,0.005459328647702932,22.628610610961914,0.6495123022276326,0.012193930336961107,0.4488183557987213,0.5072957277297974,0.7122789987440922,4.084592817827234,23.14715576171875,23.083269119262695
01004N.png,2.097585167735815,0.26810646057128906,0.47816056683130265,0.9010342058228602,4.657155990600586,23.128559112548828,0.9263819928279966,0.5328169213484072,5.84132194519043,2.509987961420535,7.10136604309082,2.200924873352051,29.52517318725586,0.8134133815765381,1.4957640171051025,1.036638617515564,0.005096654407680035,22.927148818969727,0.6000769260847918,0.01341175227377406,0.47368860244750977,0.5496426820755005,0.6521340138044996,3.9787598273548075,23.03192138671875,18.760772705078125
01008N.png,2.0898831337690353,0.31449267268180847,0.48487117773198724,0.8843413440430643,4.645997047424316,25.805356979370117,0.912074362027243,0.5284245059600503,5.924590110778809,2.5626953691206165,8.35299015045166,2.4381821155548096,49.031646728515625,0.6865779161453247,1.2854305505752563,1.133289098739624,0.0188975278288126,17.235950469970703,0.6465406044879063,0.011613375511241305,0.45090681314468384,0.522440493106842,0.7114152301790985,3.7851286851708594,25.88641357421875,23.52544403076172
01012N.png,2.0368405617773533,0.2650839388370514,0.4462888174153828,0.8864721745417394,4.542006492614746,28.286476135253906,0.9128787951978409,0.5531955645977993,5.648997783660889,2.2740739380321813,8.953272819519043,2.679466724395752,36.37614440917969,0.7302553653717041,1.32792067527771,1.145430564880371,0.00946759432554245,20.23760223388672,0.6871617679828329,0.011139881411546714,0.467763751745224,0.556739330291748,0.7413666437537867,3.9942526224012176,22.89959716796875,26.334077835083008
01016N.png,2.0340560860931873,0.30340221524238586,0.4994001118307105,0.8901236973148932,4.90057897567749,30.21785545349121,0.9147504096565834,0.5450791139537002,6.189332962036133,2.769160783250765,8.784631729125977,2.843773603439331,39.59980773925781,0.7747237682342529,1.465099573135376,1.163318157196045,0.010357428342103958,19.84748077392578,0.6886013999451639,0.010334736681156734,0.46049565076828003,0.5303214192390442,0.7482229622685515,3.7040630779729997,20.60614013671875,27.8522891998291
01020N.png,2.048039387911558,0.3642407953739166,0.6285668500320142,0.8788409399279468,5.133281707763672,34.37421798706055,0.9377621237884456,0.5545373426204878,6.783339500427246,3.745208146999733,9.484061241149902,3.152570962905884,39.381343841552734,0.5355376601219177,1.4598182439804077,1.0999650955200195,0.01818910427391529,17.401887893676758,0.67355330502936,0.010980624035718034,0.4736690819263458,0.4903560280799866,0.7197529527952982,3.756902725181949,30.88836669921875,28.628246307373047
01024N.png,2.0593672208487988,0.31909722089767456,0.6294118495649427,0.8795150336077437,4.584222793579102,28.30893898010254,0.9087356315055138,0.5360878816062475,6.370774745941162,3.44761424550863,7.508686065673828,2.6307716369628906,33.653839111328125,0.512470006942749,1.4858185052871704,1.2612700462341309,0.011704680509865284,19.316404342651367,0.6920611011193682,0.008859806216010097,0.44310253858566284,0.4849519729614258,0.7899999220050964,3.7352422476019496,23.27459716796875,33.876136779785156
01028N.png,2.0566736347973347,0.27305805683135986,0.5449493045482859,0.8815952239718868,4.384006977081299,28.910722732543945,0.894874268916229,0.5181100474752987,5.63570499420166,2.7301277032913784,7.836985111236572,2.7678518295288086,22.75910186767578,0.731727123260498,1.479251742362976,1.1766252517700195,0.004764574579894543,23.219758987426758,0.7219960434877795,0.01076373747941438,0.44225913286209106,0.5005594491958618,0.8351162507242231,3.877302239619702,20.91229248046875,27.525999069213867
01033N.png,1.7339652329683304,0.29385194182395935,0.5995234174760788,0.8787473373126994,4.434817314147949,32.8674430847168,0.9064152064779933,0.527522952218446,5.914792060852051,3.1024278790059086,9.090998649597168,3.099440097808838,30.29509735107422,0.7100775241851807,1.4894949197769165,1.295072078704834,0.008133557625114918,20.89719581604004,0.7291394508156906,0.009536873904939068,0.45667728781700134,0.5054653882980347,0.8406130669744704,3.45429738713054,20.85906982421875,26.040576934814453
01037N.png,1.5746681317687035,0.3331619203090668,0.4760924033255732,0.8838428863314386,5.026598930358887,31.595443725585938,0.9070791467065594,0.5471535898937784,6.2879133224487305,2.693385334920574,8.82118034362793,2.9844260215759277,33.86103439331055,0.7379671931266785,1.4866747856140137,1.063153624534607,0.008623136207461357,20.643348693847656,0.6490469770976364,0.02054377713066787,0.4748590290546417,0.5465556383132935,0.6953486800274447,3.859955771204067,22.51043701171875,23.61701011657715
01041N.png,1.6835468895733356,0.3617040812969208,0.5183296360468436,0.8792492377467716,5.092884063720703,37.09932327270508,0.8999236272419092,0.537668851951943,6.603368282318115,3.0312667458417124,9.719223022460938,3.4787890911102295,32.40375900268555,0.6827448010444641,1.5311667919158936,1.0499505996704102,0.009513439610600471,20.216625213623047,0.6546693850495529,0.01629777158347488,0.46753060817718506,0.5123812556266785,0.6868170869750981,3.321046911861389,23.44354248046875,24.46976661682129
01045N.png,2.077444799244404,0.3377264440059662,0.43573574009907484,0.8820194995061673,5.186726093292236,39.36387634277344,0.913672700017458,0.5649142789875996,6.252469062805176,2.492241082136619,10.563581466674805,3.679365396499634,30.323381423950195,0.7115292549133301,1.498594880104065,1.0202127695083618,0.007317819632589817,21.356182098388672,0.6613939476387429,0.01636220850627883,0.4929218888282776,0.5632662773132324,0.6661068913407022,3.0834545812963126,23.62030029296875,27.397180557250977
01049N.png,2.0667851120233536,0.3516328036785126,0.4600386617594928,0.8760863132810062,5.0686469078063965,36.26776123046875,0.9179896914097659,0.5618918611381001,6.2849273681640625,2.6115500595380468,10.167534828186035,3.3973255157470703,30.517601013183594,0.6721701622009277,1.5104138851165771,1.121549367904663,0.009010203182697296,20.452653884887695,0.6810348581732228,0.012857751881397365,0.4853132963180542,0.5447282791137695,0.7245329386182261,3.3169172646620892,19.95379638671875,34.52973937988281
01053N.png,2.087457809597254,0.36598414182662964,0.5122343781364617,0.8796638681484503,5.180863857269287,34.63595199584961,0.9140206074936368,0.5271914720819706,6.468880653381348,2.9837093045774505,10.00428581237793,3.2108075618743896,33.36299514770508,0.6144564747810364,1.487144112586975,1.077099323272705,0.011326632462441921,19.45899200439453,0.6625659038231007,0.010890437497449924,0.467407763004303,0.5459703803062439,0.6904298022305904,3.3131377725737963,23.28436279296875,32.638153076171875
01057N.png,1.89018040522933,0.38510575890541077,0.4285481725295133,0.8892624908299661,5.489684581756592,36.59429168701172,0.9260501886858331,0.5864200019135679,6.219257354736328,2.5089307707849144,10.076306343078613,3.441690444946289,35.421905517578125,0.717437207698822,1.548957347869873,1.1001675128936768,0.009843278676271439,20.068603515625,0.6768560895487659,0.012151604426101244,0.4867589473724365,0.5392119884490967,0.7158340689627991,3.573457328676228,22.63885498046875,34.421875
01061N.png,2.0900547318160534,0.43883252143859863,0.5478971347729872,0.882657284195736,5.559504985809326,43.642574310302734,0.8997883970643312,0.5176179639515619,6.9089155197143555,3.415716083780408,11.503052711486816,4.013492107391357,48.31985092163086,0.6524310111999512,1.525052785873413,1.1056599617004395,0.022555163130164146,16.467540740966797,0.6870382622658251,0.012628667236332358,0.459301233291626,0.548568069934845,0.7193081205691123,3.5869179494935537,24.67401123046875,30.89061164855957
01066N.png,2.0898183435201645,0.30578842759132385,0.5524563287724527,0.8785072098581687,4.924095630645752,24.03762435913086,0.9335861690613227,0.5690677362449883,5.897487640380859,2.9892363181645933,7.799826145172119,2.1883668899536133,22.758464813232422,0.59742271900177,1.5284957885742188,1.0828243494033813,0.004674910102039576,23.30226707458496,0.6450383659309189,0.00801448570248837,0.48883000016212463,0.5545907020568848,0.6950138462137884,4.8039137283282916,37.49774169921875,27.961545944213867
01070N.png,1.675612736493349,0.39999350905418396,0.4734869440584513,0.873843727013785,5.420693397521973,32.31854248046875,0.9293339593865461,0.5542102043164288,6.46749210357666,2.8144588784063185,9.026567459106445,2.970728635787964,28.33536148071289,0.5601285696029663,1.5865142345428467,1.0558314323425293,0.008819549344480038,20.545536041259766,0.662127234226542,0.010824809360517279,0.4960360825061798,0.5413808822631836,0.6727105859093547,3.8380062172097955,30.84490966796875,29.692358016967773
01074N.png,1.9428708516061306,0.3793625831604004,0.7106957536414967,0.8773207087838055,5.0579118728637695,28.823965072631836,0.9484386503988966,0.5684001183085191,6.553044319152832,4.125941704792224,8.543095588684082,2.585434675216675,30.534687042236328,0.5194937586784363,1.5974254608154297,1.227291226387024,0.011264344677329063,19.482940673828125,0.6919318106792469,0.00581164811406091,0.48501020669937134,0.5361537933349609,0.786532474782109,4.000876594518401,33.63787841796875,34.565452575683594
01078N.png,1.9714458137750626,0.35920971632003784,0.7319899404066299,0.8807355659783895,4.987738132476807,25.069908142089844,0.9486246088143191,0.5477461067639924,6.519528865814209,4.21161550885963,7.464578151702881,2.2603561878204346,34.453399658203125,0.5202505588531494,1.5583549737930298,1.1965806484222412,0.013484313152730465,18.701711654663086,0.6781594581432538,0.006562565959761662,0.4790315628051758,0.5363510847091675,0.7747056137366315,4.4358937125059805,36.94012451171875,33.63726043701172
01082N.png,1.9713283069431782,0.367587149143219,0.5556292820586566,0.8648886146856809,5.2646613121032715,22.104734420776367,0.9439785029969358,0.512208894807612,6.172558784484863,3.177435706735702,5.477283954620361,1.9926693439483643,19.438138961791992,0.5446872711181641,1.69754958152771,1.214453101158142,0.006509124301373959,21.864776611328125,0.6418900808914261,0.007145230678223493,0.4708918333053589,0.5520632266998291,0.7400826881302379,4.483816653752579,37.86102294921875,38.143272399902344
01086N.png,1.676539808511734,0.3613787293434143,0.5957047686959432,0.8749488064699018,5.162686347961426,35.041744232177734,0.9328295321127589,0.551017483037904,6.639341354370117,3.5152728836771967,9.712508201599121,3.1913633346557617,35.934242248535156,0.616497814655304,1.5421624183654785,1.1891405582427979,0.013524835929274559,18.68868064880371,0.6995124186589255,0.010158509381070246,0.4688950181007385,0.5122362375259399,0.7599220020804773,3.889436116446885,30.73455810546875,28.824764251708984
01090N.png,1.5024795308709145,0.3956657350063324,0.5607092628291089,0.876315458927724,5.297857761383057,39.467323303222656,0.9279793726938125,0.5344966238731813,6.758347034454346,3.3800233853572177,9.664416313171387,3.583650827407837,34.54231643676758,0.6364282369613647,1.430457592010498,1.0750714540481567,0.015488401055335999,18.09993553161621,0.702735551816865,0.019134936980800467,0.4754370152950287,0.5391858816146851,0.7504252378360547,3.827825885186959,29.44744873046875,32.603668212890625
01094N.png,2.2416332811117172,0.4013758897781372,0.5617498295561579,0.8822788344894382,5.380763530731201,41.34300994873047,0.9331642328439035,0.5742532010551493,6.775269031524658,3.414335112738595,11.597954750061035,3.7524874210357666,46.06584167480469,0.6264565587043762,1.5061516761779785,1.0497515201568604,0.018511373549699783,17.325613021850586,0.6852620692974314,0.011080512761200857,0.4924854040145874,0.5367850065231323,0.7024552022680107,4.108267907598262,33.76043701171875,33.476051330566406
01098N.png,2.218101877719164,0.38805460929870605,0.7335378926059789,0.88106011485953,5.104671001434326,40.10145950317383,0.956275924087286,0.6129102315919969,6.921679973602295,4.4109052977152885,10.868953704833984,3.6124351024627686,44.39603042602539,0.5484737753868103,1.3943092823028564,1.1045036315917969,0.02202153019607067,16.57152557373047,0.7172223777149307,0.00864902470056077,0.4943171739578247,0.5286427736282349,0.7756313175615656,4.2077315309858525,37.53289794921875,29.753955841064453
01102N.png,2.2208734154701233,0.34629273414611816,0.5395762776266446,0.8837187945721746,5.339631080627441,37.38752746582031,0.9182994638644355,0.5638135643339136,6.317476272583008,3.144959452812275,11.063042640686035,3.4045231342315674,33.58371353149414,0.7419497966766357,1.4931824207305908,1.1231285333633423,0.008420849218964577,20.746442794799805,0.7011338611109231,0.01365712203538619,0.4771469533443451,0.5471998453140259,0.7213616783333586,4.295414128369946,35.07684326171875,27.038110733032227
01106N.png,1.8493898659944534,0.29125601053237915,0.7022043806324747,0.8852178397156159,4.563906669616699,26.362865447998047,0.9421812673897209,0.5844294731036375,5.883281230926514,3.6680436767014974,9.691437721252441,2.4172465801239014,29.096721649169922,0.6172871589660645,1.3718523979187012,1.1505656242370605,0.006951141636818647,21.579437255859375,0.7095215404552365,0.0038756215714464996,0.4725721478462219,0.5351547002792358,0.7736010050828328,4.712040882297059,34.49334716796875,34.32072448730469
01110N.png,1.470399871468544,0.36762937903404236,0.7662053591066357,0.8845090309622907,4.95537805557251,29.74889373779297,0.948565153333942,0.5690722585998589,6.626082420349121,4.436902527361617,9.637303352355957,2.6972053050994873,46.28729248046875,0.5563727617263794,1.484800100326538,1.147029995918274,0.02085746079683304,16.80738639831543,0.7168748476057913,0.004068170690694473,0.47995689511299133,0.5269417762756348,0.7926070938897956,4.326994221531006,33.45086669921875,33.181793212890625
01114N.png,2.1139854677021503,0.4000626504421234,0.7379548488382706,0.8815333365046505,5.281500816345215,38.754634857177734,0.9543595583587977,0.5665543042994141,6.892154216766357,4.491817360149154,12.083940505981445,3.5268542766571045,49.20697784423828,0.5097916126251221,1.458279013633728,1.1603366136550903,0.02729724533855915,15.638811111450195,0.7404170388258164,0.007549540563536584,0.4865345060825348,0.5348164439201355,0.7913969904354718,4.251706211012338,29.02410888671875,35.97320556640625
01118N.png,1.8836306110024452,0.38134002685546875,0.6022187598683443,0.8838890945880945,5.034472942352295,27.233774185180664,0.9391860447289658,0.577112404194622,6.057459831237793,3.339896191983703,9.06789493560791,2.472759246826172,35.6740608215332,0.6434985399246216,1.5111665725708008,1.238505482673645,0.010339993052184582,19.854799270629883,0.70581484639172,0.004781566181237311,0.48018479347229004,0.553124189376831,0.7692836227654948,4.765340179344489,38.04754638671875,35.765464782714844
01122N.png,1.872749224305153,0.3069615066051483,0.6753734205179077,0.8911599447953602,4.772316932678223,24.618955612182617,0.9552686344537957,0.5830509405204076,5.919373989105225,3.6104542254507184,8.879786491394043,2.2370200157165527,43.40700912475586,0.6870378255844116,1.4153081178665161,1.168083906173706,0.014668857678771019,18.33603858947754,0.6992022173201698,0.004426282543872559,0.4852796792984009,0.5501070022583008,0.7572431077241926,4.940022388976251,42.59100341796875,37.27616882324219
01126N.png,1.6258293613791466,0.4423190951347351,0.6252170212911462,0.9098537500764248,5.328448295593262,34.46312713623047,0.9500409919758801,0.5900661421009548,6.441352844238281,3.6793513771565625,11.011181831359863,3.1059539318084717,59.55393600463867,0.7762604355812073,1.5536506175994873,1.042604684829712,0.026506248861551285,15.76651668548584,0.6794084505895968,0.005916868410333426,0.5045122504234314,0.5614766478538513,0.6969565240720679,4.365801359892262,37.89373779296875,31.884761810302734
01130N.png,2.0827627405524254,0.3357853293418884,0.8116116465202121,0.8874249469730062,4.744650840759277,28.138261795043945,0.9700968611359333,0.6014372289593305,6.2813944816589355,4.474448046999491,8.965229034423828,2.549359083175659,36.42451095581055,0.6431524157524109,1.3546936511993408,1.085965871810913,0.013987669721245766,18.542545318603516,0.7129465191005379,0.004160809116035337,0.4941818416118622,0.5442251563072205,0.8035044047584614,4.735274401503132,40.45623779296875,29.737485885620117
01135N.png,2.0883946381509304,0.3438565135002136,0.8515551634647358,0.8886107507200771,4.357194900512695,21.524961471557617,0.9588627448860172,0.5935676929307306,6.326900005340576,4.5490633741199265,6.413772106170654,1.951674461364746,30.111648559570312,0.39524149894714355,1.4072824716567993,1.1217931509017944,0.010863102972507477,19.640460968017578,0.6897480469390461,0.004721218126001989,0.47717517614364624,0.42691048979759216,0.808439468438799,4.748372556326259,38.64129638671875,21.947662353515625
01139N.png,2.086719986051321,0.25245535373687744,0.7155149237063325,0.8813527964823167,4.23903751373291,24.657238006591797,0.958703729130232,0.5897043398082693,5.89708948135376,3.6262883284054652,7.834232330322266,2.248840093612671,29.447402954101562,0.6057942509651184,1.3183772563934326,1.1451835632324219,0.008386625908315182,20.76412582397461,0.6984696883169098,0.006230442662447406,0.48888349533081055,0.5288885831832886,0.781775286894729,4.704253545539497,39.42596435546875,24.459583282470703
01144N.png,1.815819140523672,0.30241164565086365,0.7831066437838627,0.8826786218211775,4.934444904327393,27.674304962158203,0.9552773473741895,0.5758690465186527,6.354347229003906,4.420178546033705,9.262015342712402,2.499824285507202,38.07868957519531,0.5415976643562317,1.4208288192749023,1.1743097305297852,0.015509484335780144,18.094026565551758,0.7369611021881679,0.0024946267676917207,0.4713868200778961,0.5230342149734497,0.8239566511644089,4.632292201839601,40.41473388671875,36.9827995300293
01148N.png,1.3947211652994156,0.360268771648407,0.7246332163127832,0.8811509099355985,5.285459995269775,29.442934036254883,0.959480153020135,0.5483465938469357,6.614670276641846,4.311628294391404,8.055359840393066,2.6366512775421143,35.79219055175781,0.47767409682273865,1.513005256652832,1.1138660907745361,0.018066495656967163,17.43126106262207,0.6935008058206334,0.005510313593987804,0.4753609299659729,0.4093853235244751,0.7773704008944035,4.29979076762752,36.74676513671875,32.09927749633789
01152N.png,2.0366466492414474,0.370730459690094,0.7936101761617831,0.8824878446136052,5.059168338775635,32.307254791259766,0.9673647559509003,0.5332591394501469,6.687173843383789,4.661022910058994,9.390813827514648,2.93435001373291,41.96487045288086,0.5121393799781799,1.4426854848861694,1.0403873920440674,0.02365310676395893,16.261119842529297,0.7154406960116068,0.004510525478997703,0.48796117305755615,0.4835677444934845,0.7857287687905078,4.579936179231387,34.52606201171875,34.416587829589844
01158N.png,2.0633030645549297,0.4381425678730011,0.6892542133341634,0.8823307013709522,5.602178573608398,37.62277603149414,0.9505811700482317,0.5294686287380022,7.008718490600586,4.346069564215384,9.81758975982666,3.372544050216675,41.2557487487793,0.5849586725234985,1.446432113647461,0.9115964770317078,0.024779897183179855,16.059005737304688,0.6579688990464407,0.010896082883653322,0.48711663484573364,0.49871623516082764,0.6802700018944238,4.142632727227281,36.02069091796875,32.4912223815918
01162N.png,1.8621646352112293,0.3959343135356903,0.8116501734901068,0.8834811615616669,5.180872440338135,38.17780685424805,0.9667677400630311,0.6078247947307257,6.830516815185547,4.874538176653207,11.595274925231934,3.402874231338501,51.89664077758789,0.48203980922698975,1.4312901496887207,1.0051357746124268,0.03214630112051964,14.928689956665039,0.7330959973581298,0.004204714492127595,0.4860309958457947,0.4801962971687317,0.7967462727312227,4.598060542631662,40.40155029296875,34.672119140625
01166N.png,2.0205057561397552,0.30872300267219543,0.6636205113732515,0.8799703310970123,4.873411178588867,28.406009674072266,0.9552941523952355,0.5747166949724267,6.106780529022217,3.6433525627037397,9.44632625579834,2.5741965770721436,30.757047653198242,0.5502938032150269,1.389356017112732,1.0938634872436523,0.01018310897052288,19.92119789123535,0.6913499608332726,0.005048981541862139,0.47757667303085327,0.4960315227508545,0.7448392739877482,4.602441483536531,41.56463623046875,30.518707275390625
01170N.png,2.0401815474033356,0.27067121863365173,0.6147184082262206,0.8830802474194649,4.736451625823975,23.928672790527344,0.9559447596968141,0.5588461002232815,5.719328880310059,3.213691533568033,7.959650039672852,2.190943717956543,28.854537963867188,0.5621795058250427,1.367409586906433,1.0146350860595703,0.007737282197922468,21.114116668701172,0.6578151512937799,0.006308380711871805,0.473686158657074,0.46763113141059875,0.6897909759778961,4.47127298096378,37.68035888671875,25.5318603515625
01174N.png,2.061625365167856,0.41444647312164307,0.5400269358274612,0.8796132739367964,5.490631103515625,30.400312423706055,0.9388356614748474,0.557347043996129,6.437040328979492,3.2206418485597332,8.04647445678711,2.745907783508301,37.423439025878906,0.5593824982643127,1.4905107021331787,1.0692769289016724,0.012984246015548706,18.865833282470703,0.6569202741709074,0.0083423652770702,0.47687891125679016,0.4929487705230713,0.692153343673856,3.8728223582188384,37.09832763671875,27.837181091308594
01178N.png,2.005845081061125,0.4101153612136841,0.9733303923218344,0.8852373042683745,4.636869430541992,34.26895523071289,0.9782607165227819,0.5460642669244375,6.8665385246276855,5.598326275445338,9.529776573181152,3.0447094440460205,57.32773208618164,0.5586008429527283,1.4119642972946167,1.0181466341018677,0.04501347616314888,13.46657657623291,0.7593666300559957,0.003819680961015582,0.4858798384666443,0.47564372420310974,0.8690124408857093,4.566120718596929,35.15301513671875,33.68218231201172
01182N.png,1.9499765895307064,0.248650923371315,0.7126944840096634,0.8834979083412986,4.571086406707764,23.062314987182617,0.9615728624675265,0.5265933915066059,5.938029766082764,3.7449077547428296,7.493047714233398,2.1009409427642822,29.430187225341797,0.5185115337371826,1.4039196968078613,1.0939226150512695,0.00912619661539793,20.39710235595703,0.6909053990262389,0.0025041685167793474,0.4672040641307831,0.4803841710090637,0.7637835054946576,4.611649276164745,36.37567138671875,24.711326599121094
01186N.png,2.1151052117347717,0.344461590051651,0.8091985173430878,0.887751526588691,4.59694766998291,24.046485900878906,0.9585056952104402,0.5434426217796515,6.368945121765137,4.436806817161969,6.19207239151001,2.1733410358428955,28.32404899597168,0.39564672112464905,1.383095622062683,1.1606043577194214,0.010933221317827702,19.612518310546875,0.6903533817901824,0.005509029737839744,0.4741372764110565,0.46920639276504517,0.8049154601058724,4.389536208727755,36.72186279296875,28.1607666015625
01190N.png,2.0944481566548347,0.28559762239456177,0.8501417832416424,0.8816293964884679,4.329943656921387,23.360912322998047,0.9568052437963666,0.5274461807852676,6.2213358879089355,4.48505720865284,6.669896602630615,2.1217615604400635,29.926128387451172,0.483591228723526,1.3128305673599243,1.213794469833374,0.010961142368614674,19.601442337036133,0.7032969517193033,0.005394768761826932,0.47082918882369995,0.5007119178771973,0.8196780172750101,4.807889908258464,35.99285888671875,25.9057559967041
01194N.png,1.8156367018818855,0.37171661853790283,0.633464377993479,0.8806377209903614,4.8386101722717285,24.59083366394043,0.9174758006326398,0.5278867375258949,6.290517330169678,3.5249648376763947,6.152298450469971,2.2373127937316895,31.745073318481445,0.5078381896018982,1.5160590410232544,1.1946206092834473,0.010201130993664265,19.913516998291016,0.6506154404955639,0.011835619503749624,0.46699613332748413,0.5698274374008179,0.7286253022080822,4.340615011558563,35.76141357421875,28.808137893676758
01198N.png,1.4995807334780693,0.25914856791496277,0.5618072157273218,0.879359853424255,4.304908275604248,21.812410354614258,0.9139729559839548,0.5342658822790999,5.509360313415527,2.756873558238709,6.795877456665039,2.0069077014923096,21.486196517944336,0.5408429503440857,1.4622530937194824,1.2767033576965332,0.004305358976125717,23.6599063873291,0.6870151669698487,0.005125707723672437,0.4509936273097992,0.5182995796203613,0.7595275092219921,4.729495401335379,38.87908935546875,26.651899337768555
01202N.png,2.2397694028913975,0.280510276556015,0.5260937348571986,0.8791452143530885,4.467242240905762,22.696678161621094,0.9121377206465627,0.5543696157867173,5.654519557952881,2.662507497052532,6.645715713500977,2.1089813709259033,21.765419006347656,0.5694911479949951,1.4918994903564453,1.231233835220337,0.0043391939252614975,23.62590980529785,0.6665948869363645,0.00629559286291984,0.4568869471549988,0.5276330709457397,0.7414325047538418,4.367174253092959,36.42987060546875,27.581274032592773
01206N.png,2.2422649264335632,0.2696074843406677,0.711757323284367,0.8822792652354066,4.20028018951416,22.783676147460938,0.9515627241364587,0.5777478687746843,5.669942378997803,3.5126144796473566,8.141758918762207,2.096343517303467,27.678512573242188,0.5495652556419373,1.3127857446670532,1.211562991142273,0.0070281424559652805,21.531593322753906,0.7126458501689787,0.00149422874480068,0.46902525424957275,0.5100263953208923,0.7812035149998998,4.735754232694755,36.85760498046875,25.810508728027344
01210N.png,2.2318423464894295,0.29459550976753235,0.7333377153212328,0.8847345205736413,4.283282279968262,28.514320373535156,0.9533457808726303,0.5883867473581237,5.825651168823242,3.7066444436374644,10.256075859069824,2.6224124431610107,38.566322326660156,0.5539612770080566,1.3993194103240967,1.200234055519104,0.013136275112628937,18.815279006958008,0.7543883198026338,0.0017952703532456338,0.473641037940979,0.5249927639961243,0.8118095688809966,4.657358051786618,34.65399169921875,27.461416244506836
01214N.png,2.0756533592939377,0.2824556827545166,0.535603909942527,0.8848733819235991,4.8818511962890625,30.22569465637207,0.9285358791878492,0.5619404633975438,5.942033767700195,2.8986677032470443,10.118582725524902,2.7676310539245605,39.88358688354492,0.637916624546051,1.4493343830108643,1.149423360824585,0.012507203966379166,19.028396606445312,0.7052995711690547,0.006444086658329962,0.4730568528175354,0.545659601688385,0.7115452991038544,4.087355887369528,33.75897216796875,29.47149658203125
01218N.png,1.5103227011859417,0.2800469994544983,0.6455819847770717,0.8825491802654526,4.174780368804932,16.63577651977539,0.9471610249080753,0.5632690633195995,5.332222938537598,3.068786524842003,5.484369277954102,1.55482017993927,18.264860153198242,0.5837791562080383,1.3267195224761963,1.1543800830841064,0.002926985966041684,25.335796356201172,0.6255742051276268,0.0041591753187730654,0.4848964512348175,0.520665168762207,0.7317790209008879,4.790204335186815,37.65301513671875,22.792144775390625
01222N.png,2.265267699956894,0.39178282022476196,0.6590497624062882,0.8811690742112581,4.521878719329834,16.25274085998535,0.9360707968921151,0.5358064672273007,5.648642539978027,3.3514467654886975,3.822340726852417,1.5119260549545288,15.616876602172852,0.44719943404197693,1.379592776298523,1.1706334352493286,0.0028383180033415556,25.469388961791992,0.5999143724845123,0.007893270090555883,0.4699578285217285,0.5076556205749512,0.7092997155963556,4.418973482216378,37.79608154296875,18.87805938720703
01226N.png,2.2589204236865044,0.2883524000644684,0.8816250912034874,0.8826965138066414,4.162850379943848,22.78734016418457,0.9714866281266481,0.636640161677431,5.969712257385254,4.466577492973723,6.634346961975098,2.0614161491394043,27.57630157470703,0.585858166217804,1.319629430770874,1.1108286380767822,0.008053279481828213,20.94027328491211,0.7116716981089194,0.00572834252613526,0.4936475157737732,0.5289226174354553,0.8509461778641919,4.8847409605017456,40.95672607421875,29.444690704345703
01230N.png,1.9431609436869621,0.3635576069355011,0.988253570070038,0.8847239550660027,4.127556324005127,25.39707374572754,0.9770709796395322,0.5696787233927322,6.588239669799805,5.29498039163399,7.357503890991211,2.243640184402466,40.95391082763672,0.47115781903266907,1.352927327156067,1.1079869270324707,0.024188708513975143,16.16387367248535,0.7287558564868543,0.003711987011542262,0.4982989430427551,0.5215171575546265,0.8559407483582069,4.777240159213963,40.49188232421875,30.088119506835938
01234N.png,1.506769023835659,0.27762967348098755,0.8915641912698201,0.881993719836766,4.302322864532471,23.10313606262207,0.973660122629255,0.612446537111834,6.172553062438965,4.669528601694468,7.111388683319092,2.0901196002960205,28.977203369140625,0.5614140629768372,1.342881441116333,1.155895471572876,0.0099492771551013,20.022085189819336,0.7261898379436363,0.00468118032627282,0.4880823493003845,0.5243989825248718,0.8424240073400205,5.087820334155829,40.43914794921875,31.418304443359375
01238N.png,2.2668862752616405,0.25854945182800293,0.7540186598177628,0.8856028558758569,4.455057144165039,17.133310317993164,0.9516836724548963,0.5690973471663628,5.4852776527404785,3.7476126308239994,5.984992027282715,1.5592195987701416,23.73968505859375,0.6303348541259766,1.3324997425079346,1.1620135307312012,0.004713278729468584,23.266769409179688,0.6620150512182423,0.006784685633052101,0.46602022647857666,0.535333514213562,0.731271911567045,5.266588074336364,41.01287841796875,23.551847457885742
01242N.png,2.2642237693071365,0.2688048183917999,0.8035691405006461,0.8829423365505564,4.158311367034912,19.036300659179688,0.9596699653008951,0.5075905993579225,5.945713996887207,4.059655543519625,6.549488067626953,1.6994688510894775,33.7337760925293,0.5711103081703186,1.3076902627944946,1.1837537288665771,0.011890167370438576,19.24812126159668,0.6699760270208149,0.007715119343400585,0.471771776676178,0.524172842502594,0.7759540422445208,4.791382786468674,37.57293701171875,24.610830307006836
01246N.png,2.2726608961820602,0.2578763961791992,0.6944562664326325,0.892375610688143,4.43794584274292,22.54241943359375,0.9484200255063869,0.5743998435046378,5.498271942138672,3.450147099767438,7.409050464630127,2.07661509513855,24.832233428955078,0.6814857125282288,1.3360249996185303,1.134583830833435,0.0046319845132529736,23.342327117919922,0.6902830432030336,0.0051447883003037966,0.47458088397979736,0.521132230758667,0.7665767236194305,4.532393327902284,38.42987060546875,29.904708862304688
01250N.png,1.894296120852232,0.3500416576862335,0.8150591718874873,0.8805736611133042,4.746885299682617,24.77698516845703,0.9599357891372298,0.537627950949279,6.474334239959717,4.572993535115712,7.400729656219482,2.214158773422241,35.65563201904297,0.5522133111953735,1.4050531387329102,1.1669518947601318,0.01572953164577484,18.0328426361084,0.6950328465629816,0.006644582265669699,0.4695587754249573,0.5141640901565552,0.7764879439774396,4.872037205220201,39.00262451171875,24.672382354736328
01254N.png,2.1931668668985367,0.2392779290676117,0.602321604514369,0.886458206737869,4.533202648162842,22.482439041137695,0.9344362608401056,0.5599468110367961,5.5883612632751465,3.0482294890955934,7.7174177169799805,2.06144118309021,30.70151710510254,0.670148491859436,1.3640835285186768,1.1947213411331177,0.007239229045808315,21.403079986572266,0.6802042344116871,0.005470832760346377,0.4542456567287445,0.5392829179763794,0.7275958679429698,4.35399582149356,38.47332763671875,31.07735824584961
01258N.png,1.7853932492434978,0.2408408671617508,0.6066603354503751,0.8863405886748151,4.555136680603027,21.824504852294922,0.9439163108423299,0.5708564617451432,5.624938011169434,3.0879349197899657,7.26740026473999,2.009737968444824,28.546009063720703,0.6731142997741699,1.3694921731948853,1.1814560890197754,0.006488696672022343,21.87842559814453,0.6718105461088287,0.007172212219273354,0.4704711139202118,0.5533710718154907,0.7273038547656974,4.211529515324183,34.97235107421875,27.417495727539062
01262N.png,2.1766749061644077,0.2640515863895416,0.5316228419186124,0.880224020745497,4.9801154136657715,26.218017578125,0.9390486604800079,0.5787420703164565,5.9588623046875,2.907714799539926,7.812495231628418,2.397186040878296,26.75682830810547,0.6849115490913391,1.4732885360717773,1.0795354843139648,0.006106645800173283,22.1419734954834,0.6510664090729007,0.012825430709365064,0.47468459606170654,0.5481343269348145,0.6792620795836866,3.9873729449038944,37.26434326171875,30.330039978027344
01266N.png,1.8575546443462372,0.29407116770744324,0.6059399895736344,0.8859039722489912,4.819032192230225,24.544593811035156,0.9483062059527125,0.5839385840381499,5.926372051239014,3.2555464017289495,8.193851470947266,2.2498526573181152,27.375581741333008,0.6382231116294861,1.363694190979004,1.1544166803359985,0.006622662767767906,21.789674758911133,0.6724321964634958,0.005727527076474186,0.47935330867767334,0.5528407096862793,0.72401457202695,3.9298453882891,34.56951904296875,31.362995147705078
01270N.png,1.979434847831726,0.3051247298717499,0.5583361330002562,0.8872452648749881,4.7527055740356445,21.524105072021484,0.9313997874868825,0.5511568506780168,5.948572635650635,2.9874651874587865,7.100785255432129,1.9984005689620972,28.472644805908203,0.6467350721359253,1.3696002960205078,1.1068471670150757,0.006662779487669468,21.763446807861328,0.6221459588796899,0.007827417834105017,0.47526657581329346,0.5878631472587585,0.6683926716485908,4.077663593221593,31.25311279296875,32.04619216918945
01274N.png,2.0453670024871826,0.2566102147102356,0.5171788846522787,0.8886552291785313,4.834148406982422,28.768112182617188,0.9246046254618367,0.5779047899303691,5.799593925476074,2.7497831187136583,8.999058723449707,2.645479440689087,29.829782485961914,0.6954092979431152,1.3940309286117554,1.1370387077331543,0.006404105573892593,21.935415267944336,0.687784625509445,0.007019196141808248,0.46199798583984375,0.5454853773117065,0.7131684055485096,3.8427646660777244,34.80291748046875,32.67455291748047
01278N.png,2.0505070611834526,0.34716030955314636,0.47933103159614815,0.8825430661656991,5.530875205993652,34.885494232177734,0.9242426947746746,0.5450822442774276,6.554833889007568,2.8965365983265485,9.824543952941895,3.2181544303894043,37.35817337036133,0.6504870653152466,1.4723212718963623,1.0113253593444824,0.012283124029636383,19.10691261291504,0.6563562873948919,0.01260941889629184,0.4725852608680725,0.5402976274490356,0.6639084407995693,3.286566248834886,24.89959716796875,30.7077693939209
01282N.png,2.0445277020335197,0.3268083333969116,0.6916142829493677,0.8849668068785633,4.904136657714844,30.555896759033203,0.9554218310070652,0.5440614240745825,6.560967445373535,3.964727477054277,8.917418479919434,2.7332913875579834,35.573509216308594,0.637032687664032,1.3971283435821533,1.013778567314148,0.013343739323318005,18.74722671508789,0.6720636319333338,0.010736301589896477,0.47652560472488403,0.5082204937934875,0.700919065726226,3.8172432159720144,34.78045654296875,40.23992919921875
01286N.png,1.697765726596117,0.3951394855976105,0.7594509117023921,0.8831755553661705,4.866767406463623,29.902917861938477,0.9617510640714161,0.5194217057008943,6.799769401550293,4.430094822127721,8.951289176940918,2.6681416034698486,41.699424743652344,0.5524059534072876,1.36648690700531,1.0294150114059448,0.023113802075386047,16.361286163330078,0.6634133079633413,0.008780521053984533,0.47628629207611084,0.5189753770828247,0.7197772832238519,3.6041237311626246,32.16424560546875,36.61292266845703
01290N.png,2.0642084255814552,0.3213723301887512,0.7342251467036711,0.883206502419916,4.7523345947265625,31.88802146911621,0.9638073315112248,0.554618274745107,6.520587921142578,4.138444929579462,9.159540176391602,2.8836922645568848,38.976409912109375,0.6323314309120178,1.4077544212341309,1.0575600862503052,0.016071749851107597,17.939369201660156,0.6931368202860125,0.009979495158834235,0.4842942953109741,0.5176849365234375,0.7520272209786274,4.205867292865182,36.61444091796875,35.319549560546875
01294N.png,2.082064636051655,0.38348832726478577,0.6366971264235823,0.8812888823962999,4.946352005004883,29.180252075195312,0.9470710165206593,0.4995009471091934,6.819830894470215,3.74575930934423,8.464375495910645,2.587031602859497,42.75226974487305,0.5284706950187683,1.4231483936309814,0.9937276244163513,0.023652203381061554,16.26128578186035,0.6268235038858371,0.011867688436506556,0.46996381878852844,0.5358850359916687,0.6447631021221473,3.786260086661906,33.40545654296875,28.997879028320312
01298N.png,2.074863441288471,0.28084102272987366,0.6075229519779058,0.8796959874020389,4.579620838165283,23.217191696166992,0.9408372638289336,0.5482265262832552,5.80634880065918,3.1548686149631937,8.247291564941406,2.127945899963379,26.724287033081055,0.5645047426223755,1.3845924139022827,1.0834763050079346,0.00673487177118659,21.716707229614258,0.6452902109640691,0.010233419230371174,0.47949016094207764,0.5312482118606567,0.6716736040914005,3.8983729929624804,34.11785888671875,21.76589584350586
01302N.png,1.5096921548247337,0.30535605549812317,0.5759028260129544,0.8778468770290958,4.847823619842529,29.223230361938477,0.9286798021069953,0.5388703921211172,6.27028751373291,3.2014862633190404,9.026895523071289,2.717024087905884,30.595590591430664,0.6219443678855896,1.5025725364685059,1.114189863204956,0.009026945568621159,20.44459342956543,0.6615716583150191,0.012561248416440891,0.48191991448402405,0.5269103050231934,0.7026219124994336,3.5493870134645347,31.99627685546875,30.540348052978516
01306N.png,2.205788377672434,0.30592912435531616,0.7257295695770815,0.8830033736626527,4.604314804077148,23.76215934753418,0.9502177034884468,0.5740189836485365,6.158570289611816,3.9054850275009656,7.4331769943237305,2.1664669513702393,33.50699234008789,0.5632378458976746,1.3773001432418823,1.1143062114715576,0.010783495381474495,19.672405242919922,0.6698628420512431,0.006317081883165644,0.48770415782928467,0.5283766388893127,0.7646965516166351,4.567282395311839,37.00994873046875,30.139095306396484
01310N.png,2.210541892796755,0.34130722284317017,0.5541437607538797,0.8938948067565481,4.816506385803223,23.377872467041016,0.9349284315347924,0.5617647500736956,5.896596431732178,2.968309467587961,7.4489850997924805,2.1491875648498535,32.66269302368164,0.7085129022598267,1.4209898710250854,1.0412517786026,0.007538903038948774,21.226919174194336,0.6263730518487021,0.00885600403265245,0.4868699014186859,0.5438113212585449,0.662395460315774,4.335852682439663,34.43572998046875,34.904640197753906
01315N.png,2.205817863345146,0.2869279980659485,0.7364867418025575,0.8855754655624286,4.436654567718506,25.792743682861328,0.9571422369392913,0.5849131918052141,6.130917549133301,3.891451837451042,8.393545150756836,2.3406457901000977,39.82130813598633,0.6251856088638306,1.349993348121643,1.0423309803009033,0.014604218304157257,18.3552188873291,0.6784526383583339,0.008832435790709529,0.4958344101905823,0.5254762768745422,0.7285697926303105,4.414282652433699,31.87274169921875,27.98833465576172
01319N.png,1.9113825485110283,0.30779746174812317,0.863898357259443,0.8895990474100839,4.324646949768066,19.56348991394043,0.9694364817175423,0.585317574901867,6.397342681884766,4.631370807825011,5.61175012588501,1.7810766696929932,38.50202941894531,0.6273466348648071,1.3906584978103638,1.1435484886169434,0.015298422425985336,18.153533935546875,0.6620905628356489,0.004017784006515325,0.4981619417667389,0.5285353064537048,0.8048690241284335,4.853214643400828,37.37274169921875,23.824676513671875
01323N.png,1.4934376329183578,0.36685675382614136,0.5705898077710039,0.8910597018003887,5.5856757164001465,30.203590393066406,0.9306385622610072,0.5599764199068782,6.62282657623291,3.4830335586321794,8.505013465881348,2.7566630840301514,41.702301025390625,0.7025960683822632,1.4453059434890747,0.9775409698486328,0.01357102207839489,18.67387580871582,0.6285908234401174,0.013466943689084014,0.49041005969047546,0.583712637424469,0.6217753623185986,3.896346984212844,33.05682373046875,26.427230834960938
01327N.png,2.2653458081185818,0.38895779848098755,0.4487137258783556,0.882587882747042,5.67581844329834,35.0712890625,0.9390747306236819,0.5945569176281345,6.34628963470459,2.6972507516745434,8.872604370117188,3.2187929153442383,32.58918762207031,0.6612168550491333,1.4971394538879395,0.965816080570221,0.008715902455151081,20.596878051757812,0.6370435496748855,0.015885283544579198,0.508560299873352,0.555213212966919,0.6304627356994638,3.628141878407449,35.59246826171875,30.336692810058594
01331N.png,2.271051060408354,0.3909435570240021,0.8661702363699322,0.8880388558125596,4.659562587738037,26.114734649658203,0.9696212994789747,0.5504187418013697,6.779904365539551,4.954278588077605,7.388579845428467,2.3215079307556152,42.22405242919922,0.6166313290596008,1.4097347259521484,1.0842021703720093,0.022304514423012733,16.51607322692871,0.6857520362564286,0.004713286650601002,0.4920165240764618,0.5355662107467651,0.7805501907850705,5.0929439039515625,42.30633544921875,39.377132415771484
01335N.png,1.9407682865858078,0.3343401551246643,0.6617322430464846,0.8817959951968435,4.976705074310303,33.751068115234375,0.9536058178260371,0.6285591026239375,6.183445930480957,3.692528023551297,9.40682315826416,3.0723226070404053,28.93769073486328,0.5893315076828003,1.4018101692199707,1.0612561702728271,0.008654062636196613,20.62779998779297,0.6988979016005447,0.007629545755334491,0.4945767819881439,0.5236390829086304,0.7740874718360612,3.741491009686674,38.31903076171875,33.685813903808594
01340N.png,1.5356176905333996,0.3057207763195038,0.6638108867950713,0.8804561039863428,4.808535099029541,31.811752319335938,0.9557212425951537,0.5912496456358401,6.076636791229248,3.6128598086258314,9.601805686950684,2.890653610229492,27.76243019104004,0.5619281530380249,1.4322642087936401,1.1214675903320312,0.007916619069874287,21.014602661132812,0.7069192942084992,0.00688202179724472,0.4954758882522583,0.5125433802604675,0.7778327419353283,3.6674913902705657,36.35369873046875,30.728923797607422
01344N.png,2.267877545207739,0.30262491106987,0.7475403604767843,0.882283470807703,4.6885085105896,28.14533233642578,0.9648538709592875,0.5946045363949672,6.193969249725342,4.067559604303543,9.25350570678711,2.5373787879943848,31.975088119506836,0.5341773629188538,1.3677568435668945,1.0907725095748901,0.011045467108488083,19.568159103393555,0.7054516911934237,0.005061824898399816,0.49100321531295776,0.5050670504570007,0.7918748732683991,3.7148811823183348,38.50848388671875,34.435829162597656
01348N.png,2.2825570665299892,0.318318635225296,0.7311328071794951,0.8841082100407156,4.808944225311279,33.38660430908203,0.9614822172700073,0.6060587668934801,6.394139289855957,4.095484372479289,10.289966583251953,3.023094892501831,38.27936553955078,0.6338597536087036,1.3706697225570679,1.106742262840271,0.014502463862299919,18.385581970214844,0.7085246771851057,0.0063601383300541095,0.4944418668746948,0.5338083505630493,0.786170956006191,4.0184091172631815,39.04705810546875,38.40455627441406
01352N.png,2.278505403548479,0.3230563700199127,0.6345832302370875,0.8801050145969962,4.907408237457275,36.56805419921875,0.9450429396357524,0.5807347029663967,6.471747875213623,3.610522208338651,10.380664825439453,3.320186138153076,43.64006423950195,0.5896341800689697,1.3893799781799316,1.1393663883209229,0.01879427395761013,17.259746551513672,0.7004208374436282,0.006173780810359225,0.48564162850379944,0.49703967571258545,0.7726824628139792,4.271431408043272,32.99041748046875,32.958702087402344
01356N.png,1.9320296496152878,0.25904127955436707,0.5897620237933189,0.8809408100508511,4.435005187988281,27.855274200439453,0.9387408377858174,0.5816086983363288,5.745019435882568,3.0019067704393585,9.546270370483398,2.555368423461914,32.11753845214844,0.6496479511260986,1.4184051752090454,1.21931791305542,0.00870199128985405,20.60381317138672,0.7025273760361976,0.006480594696331067,0.4746963679790497,0.5275721549987793,0.7766118998425785,4.08725057789107,36.04217529296875,33.52773666381836
01360N.png,1.4902894347906113,0.2244531363248825,0.4710048753015778,0.8836484111274681,4.467369079589844,21.248876571655273,0.932116971954273,0.5683034927538639,5.139516353607178,2.2624536470381607,7.613540172576904,1.9801721572875977,20.70672035217285,0.6921453475952148,1.4044787883758545,1.1297763586044312,0.003184078261256218,24.97016143798828,0.6490433547732718,0.008228446984564694,0.4778074026107788,0.5622748136520386,0.6859785958455321,4.4074292150813195,33.97137451171875,26.502107620239258
01364N.png,2.2765621207654476,0.2954874634742737,0.48657038390776935,0.8774258070806612,4.933470249176025,25.269521713256836,0.9191756742412105,0.5202350588006774,5.863020420074463,2.62663495110122,7.24771785736084,2.341148853302002,24.901870727539062,0.598787784576416,1.5002635717391968,1.1607186794281006,0.006002000533044338,22.217041015625,0.6592598757472737,0.008964292994114696,0.4534032344818115,0.5176514387130737,0.7248050140856378,3.5652917069510273,27.37176513671875,29.797962188720703
01368N.png,2.269834019243717,0.3174888789653778,0.6181087428828614,0.8769539485355498,5.01820707321167,24.97450828552246,0.9261393495735506,0.49306280718705325,6.338932037353516,3.5099848679936922,6.866633892059326,2.2742273807525635,28.024015426635742,0.5134980082511902,1.5392059087753296,1.153029203414917,0.010017729364335537,19.992307662963867,0.6362236914871428,0.010337258029357437,0.4509891867637634,0.5493314266204834,0.7086137877589797,3.6957821302091713,30.24041748046875,27.003925323486328
01372N.png,1.9176587872207165,0.2921445071697235,0.5345341614347279,0.8825114111202341,4.510344505310059,20.411376953125,0.9226641570917976,0.556945654981162,5.515636444091797,2.679624594738476,6.6508097648620605,1.8847802877426147,29.89687728881836,0.5010340809822083,1.385932207107544,1.2257137298583984,0.007963638752698898,20.98888397216797,0.6588062552576442,0.004922360587658129,0.4611261188983917,0.5194345116615295,0.7414694178085384,4.148795316402728,30.25213623046875,23.982027053833008
01376N.png,1.532530516386032,0.3455841839313507,0.5389187976106957,0.8721596953936416,5.158969879150391,30.676504135131836,0.9197340534413525,0.5163191811443403,6.500251770019531,3.1416970067920715,8.561426162719727,2.8368752002716064,31.263547897338867,0.5928207039833069,1.5513046979904175,1.061036229133606,0.010962819680571556,19.60077667236328,0.6644157898252059,0.016212519795973056,0.4639362096786499,0.5306293368339539,0.7032189478067961,3.766618077427349,31.89422607421875,36.74831008911133
01380D.png,2.279220551252365,0.6142916083335876,0.8559940958209931,0.8810353129681208,5.758934497833252,69.9642105102539,0.9780707230809788,0.6092299318953556,7.319741725921631,5.59765040244238,18.609336853027344,6.371832370758057,55.551673889160156,0.5766521692276001,1.4934053421020508,0.9472599625587463,0.06260470300912857,12.033929824829102,0.7787259491304059,0.004783825669466345,0.4665956199169159,0.4644981324672699,0.8179543722339199,3.2961883220509365,35.88934326171875,47.86766052246094
01384D.png,2.2882350757718086,0.6933207511901855,0.9016823890864962,0.8869626845047978,5.682278156280518,72.53824615478516,0.9767365474062198,0.6111261737805431,7.466446876525879,5.928003776020807,19.690706253051758,6.6078386306762695,63.926822662353516,0.6170517802238464,1.4753791093826294,0.970619797706604,0.08620564639568329,10.644643783569336,0.7937707951940377,0.003101847581839442,0.4645098149776459,0.4714046120643616,0.8459097038656229,3.469923313550461,32.56561279296875,45.3846435546875
01388D.png,2.277361888438463,0.6228584051132202,0.9120557660738993,0.8854758743417623,5.568195819854736,70.82904815673828,0.9815952763129417,0.6319104615058496,7.491645812988281,5.955668591770335,19.215730667114258,6.405230522155762,53.82646560668945,0.5834203362464905,1.5325202941894531,0.9861278533935547,0.06674071401357651,11.756092071533203,0.7879865335962676,0.0035484409685322994,0.48151421546936035,0.49618297815322876,0.8653662566754182,3.4177206137870404,31.31658935546875,44.549949645996094
01392D.png,1.9365893304347992,0.6622780561447144,1.0142887717470748,0.8843794696004988,5.177389621734619,60.00279998779297,0.989963638078141,0.6098193309557881,7.313908100128174,6.334909546880844,15.29511833190918,5.3313493728637695,50.52492141723633,0.506986141204834,1.5312304496765137,1.009932518005371,0.08497442305088043,10.70711898803711,0.7950625262837919,0.0031595758281436907,0.4723427891731262,0.4894382059574127,0.9049803804345431,3.701955179387203,37.45477294921875,45.23176574707031
01396D.png,1.4526805356144905,0.5551009178161621,0.9501714867170611,0.8839533875941159,5.228128910064697,53.33955764770508,0.9831777148078188,0.6363569085395692,7.415463924407959,6.006808079251551,14.10615348815918,4.7673234939575195,62.962059020996094,0.587712287902832,1.4106793403625488,1.0466268062591553,0.06351672857999802,11.97111988067627,0.7873481407379151,0.0042601934352287305,0.46767479181289673,0.46700814366340637,0.872174761353533,4.353140899540127,35.28924560546875,42.94997787475586
01401D.png,2.2980457730591297,0.544694721698761,0.9699165255191623,0.8842402778127416,5.335357666015625,67.82759094238281,0.9892989606405919,0.6824471998037314,7.35735559463501,6.155453854555848,17.02876853942871,6.158547401428223,50.370445251464844,0.5291702151298523,1.485351324081421,0.984364926815033,0.04980643838644028,13.027145385742188,0.7913089772692131,0.0041185784569377605,0.48025262355804443,0.4926781952381134,0.9031801768422031,4.220687081470904,40.92694091796875,53.01898193359375
01405D.png,2.2930425107479095,0.5034068822860718,0.7152533965618246,0.8810400803522234,5.918772220611572,47.89802169799805,0.9669398138996925,0.5907455684857364,6.766814231872559,4.536717421631737,14.785896301269531,4.221438884735107,61.87932586669922,0.5848851799964905,1.475683331489563,0.9692628383636475,0.04497595503926277,13.470196723937988,0.7062403441044128,0.007049736357035413,0.44779688119888306,0.4888000190258026,0.7567707991242693,4.255712811909739,36.90789794921875,53.916709899902344
01409D.png,1.9397983364760876,0.4001627564430237,0.7244515789556824,0.8807842337878339,5.4540300369262695,36.73394012451172,0.9732109553046174,0.5540718087565373,6.35638427734375,4.278049864919879,11.136433601379395,3.2567529678344727,31.85942840576172,0.5743092894554138,1.397324562072754,1.0317649841308594,0.01566816307604313,18.049819946289062,0.7276865692141288,0.005309093263390777,0.405248761177063,0.4174562394618988,0.8052266890988404,3.931141292784276,40.24725341796875,45.198936462402344
01413D.png,1.5955244787037373,0.5853456258773804,0.9812536620018718,0.8898411321716845,5.2400031089782715,56.799625396728516,0.99157994930583,0.5829962141958036,7.241841793060303,6.123945824809555,15.10926628112793,5.0782575607299805,43.10428237915039,0.3727830946445465,1.3421496152877808,0.998947262763977,0.06624272465705872,11.788618087768555,0.7820499978773956,0.004477697283720902,0.4764728546142578,0.4907459020614624,0.8884987960021984,3.8463610223954277,26.64276123046875,46.48466110229492
01417D.png,2.3044362775981426,0.6632260084152222,0.8758127012899064,0.889146970313505,5.7533793449401855,59.77531433105469,0.9832070513659821,0.5618098523671246,7.398115634918213,5.759138782272359,14.842025756835938,5.3304290771484375,48.0607795715332,0.38545987010002136,1.5161209106445312,0.9686198234558105,0.08390672504901886,10.762033462524414,0.7479432623789477,0.0056513451512638126,0.4413855969905853,0.4749400019645691,0.8316409734698562,3.634773636035716,32.00897216796875,51.08384704589844
01423D.png,2.3048009164631367,0.681396484375,0.8675612260801586,0.8845026791805252,5.46869421005249,48.36540985107422,0.9746444562133154,0.5677670749015397,7.381682872772217,5.574259859743135,12.940071105957031,4.207973957061768,53.77688217163086,0.47647595405578613,1.506453514099121,0.9959589838981628,0.0935317650437355,10.290409088134766,0.7336340674274068,0.004120340300695904,0.45853203535079956,0.4761095941066742,0.8311450041146369,4.681291968974791,40.08319091796875,45.737518310546875
01427D.png,2.306186940521002,0.6758356094360352,0.9230792077578414,0.8835263781067602,5.629013538360596,58.77084732055664,0.9851384503011105,0.5674721598617269,7.370044708251953,5.9995968139752485,15.500707626342773,5.199422836303711,47.28982925415039,0.5309011340141296,1.4430310726165771,0.9981772303581238,0.0873861163854599,10.585575103759766,0.7762172466040304,0.0049072011904859655,0.4826139509677887,0.5204227566719055,0.8498306278021603,3.617053027888222,31.87860107421875,49.43377685546875
01431D.png,2.0026502795517445,0.5859366059303284,0.8453638806912779,0.880917445189935,5.853510856628418,55.06684494018555,0.9772067606577791,0.6136957789264392,7.448156356811523,5.622390050878348,14.853978157043457,4.861058235168457,49.52130889892578,0.5570469498634338,1.4725878238677979,0.9989504814147949,0.05229240655899048,12.815613746643066,0.7605882178863907,0.004863797575565842,0.4794507622718811,0.5005521774291992,0.8175098997911731,3.828846868703107,36.91375732421875,59.89442443847656
01435D.png,2.233256708830595,0.5555336475372314,0.7045378578695528,0.8883962148928957,5.807733535766602,48.47880172729492,0.9564181917040602,0.5970379356238247,7.2929792404174805,4.614987219982362,13.020343780517578,4.2982282638549805,53.026573181152344,0.6359467506408691,1.5129646062850952,1.0112910270690918,0.041881777346134186,13.779749870300293,0.704092324384554,0.006477040067085601,0.49704593420028687,0.5839974284172058,0.7148663594022728,3.691309247219984,33.63885498046875,43.418739318847656
01441D.png,2.2252720035612583,0.6663914918899536,0.9500475399246651,0.8811465807565979,5.071740627288818,63.69480514526367,0.9889904511883498,0.6047467305649541,7.221818447113037,5.839749263868086,16.062835693359375,5.699859142303467,46.681861877441406,0.5247819423675537,1.4776690006256104,0.9765704274177551,0.08920591324567795,10.496063232421875,0.7833065448883428,0.008272081966109221,0.48772817850112915,0.49654680490493774,0.8635494485252364,3.7194329585613515,35.89764404296875,45.966224670410156
01445D.png,2.2145661748945713,0.6416807174682617,1.0678731077059687,0.8862012524140308,4.677377700805664,57.02261734008789,0.9927292515449123,0.6531084059453605,7.355746269226074,6.424943586593587,14.218162536621094,5.081775665283203,49.1187858581543,0.4363470673561096,1.4848947525024414,1.0414562225341797,0.0901993066072464,10.447968482971191,0.8404888148596262,0.002686540964289604,0.4917234480381012,0.4945613741874695,0.9211162429413154,3.5845517212695484,33.54364013671875,41.66191101074219
01449D.png,1.826301496475935,0.6230990290641785,1.062185097351901,0.8851652098990744,4.5537872314453125,81.72633361816406,0.9927110139485806,0.7446644696056011,7.503612041473389,6.40361441839875,19.210453033447266,7.475059509277344,50.27607727050781,0.4679241478443146,1.540102243423462,1.0289076566696167,0.08053017407655716,10.940413475036621,0.8724344841567643,0.0019704384391326063,0.49659964442253113,0.4963599145412445,0.9292870314493096,3.538076855788782,37.29510498046875,42.57790756225586
01453D.png,2.2463838569819927,0.605833113193512,0.9788290519432109,0.8853138973384314,5.345861911773682,79.39620208740234,0.9900158542163398,0.6722874623000167,7.632091522216797,6.351617251882253,19.726232528686523,7.319485664367676,55.1894416809082,0.5514228343963623,1.5201447010040283,1.0212175846099854,0.07214418053627014,11.417987823486328,0.8103158288152563,0.0032196754706555445,0.4975806176662445,0.4928993284702301,0.9091424605321725,3.2603960322029493,33.38739013671875,45.651634216308594
01458D.png,2.227424416691065,0.6553013324737549,0.9997769256633716,0.8848752368063849,5.164673328399658,95.21389770507812,0.9924638932200203,0.6849578654266933,7.732751369476318,6.447291773489582,21.87494468688965,8.774391174316406,57.94261932373047,0.47232136130332947,1.4473786354064941,0.9936630725860596,0.10304393619298935,9.869776725769043,0.8434731269962029,0.0026132037149121973,0.4947095215320587,0.4962363541126251,0.926676501013735,3.4884489398236918,34.15692138671875,44.151634216308594
01462D.png,2.2180273570120335,0.4718644320964813,0.8715432488047976,0.8800328912542995,5.031307220458984,45.46620559692383,0.9740659546624506,0.5950811927370341,6.943460941314697,5.218280276976527,12.658838272094727,4.105360507965088,47.5017204284668,0.5735450983047485,1.424077033996582,1.0126545429229736,0.04098774865269661,13.87346076965332,0.7506376391918593,0.007246329482933566,0.49479779601097107,0.5267226696014404,0.8176411804672695,4.314438128214174,38.02606201171875,45.50114440917969
01466D.png,2.2244200371205807,0.6010505557060242,0.9515646236723535,0.883790506957795,5.4507646560668945,63.19022750854492,0.9822637005767608,0.6115816769841607,7.616135597229004,6.217017730445042,16.881013870239258,5.7291259765625,58.85091781616211,0.531898558139801,1.4335317611694336,0.9802891612052917,0.07619746774435043,11.180595397949219,0.7917473408764291,0.004161563647704697,0.48953720927238464,0.4862247407436371,0.8618884853783785,3.6519682730987917,34.29998779296875,43.179405212402344
01470D.png,1.4389019720256329,0.5807090401649475,1.0173609396045007,0.8850888154227526,5.121974468231201,66.0781021118164,0.9897390663348321,0.6193745556823058,7.613040924072266,6.478071966818042,16.207355499267578,6.051089286804199,55.541194915771484,0.4739459156990051,1.5132650136947632,0.9964823722839355,0.07454486936330795,11.275823593139648,0.7995225306858437,0.00395000193722731,0.4976949989795685,0.4906074106693268,0.9125509765588334,3.149729389790726,34.58514404296875,47.31956100463867
01474D.png,2.3117814622819424,0.6338597536087036,1.0082266246645655,0.8903941146068299,5.164402008056641,50.29243087768555,0.9886271661379901,0.4996043036310493,7.3017988204956055,6.2843962946335985,13.563557624816895,4.402429580688477,46.774627685546875,0.370170533657074,1.3863476514816284,0.9815488457679749,0.09043725579977036,10.43652629852295,0.7657078744986993,0.004794830838172847,0.4722485840320587,0.49129393696784973,0.8755598951972429,3.699166876807383,35.73358154296875,44.84931182861328
01478D.png,2.3150823526084423,0.6728081107139587,1.006432591328434,0.8854948543434544,5.189956188201904,56.72854995727539,0.9897023479866062,0.5075796041266315,7.5497212409973145,6.410831433733362,15.033885955810547,4.9882917404174805,52.14189910888672,0.42124325037002563,1.351098656654358,0.9753597378730774,0.10973582416772842,9.596515655517578,0.7705198919971669,0.006354322479802385,0.48337337374687195,0.4888993203639984,0.8685338620407081,3.7599289487173366,35.47479248046875,49.80718231201172
01482D.png,2.2964986376464367,0.6366090774536133,0.9616923328455501,0.8833663898525691,5.356007099151611,68.36627960205078,0.9885765728495969,0.5704124265300391,7.6091461181640625,6.234262247424768,17.016523361206055,6.1104536056518555,50.369361877441406,0.455231249332428,1.4429080486297607,0.961096465587616,0.08832083642482758,10.53936767578125,0.7904220236480511,0.0050644091805296205,0.4885384142398834,0.48621436953544617,0.8774681426126645,3.7416577356254384,37.52850341796875,44.93658447265625
01486D.png,1.5624457746744156,0.6509150266647339,0.900623247221778,0.8836708326394044,5.187177658081055,60.8447265625,0.9878240736589586,0.5435765464003285,6.935199737548828,5.4588639131166925,14.338383674621582,5.370574474334717,34.204219818115234,0.3923032581806183,1.5237854719161987,0.9796587824821472,0.08761139959096909,10.574394226074219,0.7793330463060889,0.007369164065947682,0.4877856969833374,0.4787422716617584,0.8564681335265094,4.232968216012329,38.68133544921875,50.077510833740234
01493D.png,2.291587684303522,0.5843988656997681,1.0402834709661861,0.8894457746648307,4.746984958648682,52.116844177246094,0.9918502756424264,0.5663453556635476,7.331392288208008,6.282486439164632,12.202131271362305,4.62721061706543,47.87461853027344,0.3872322738170624,1.3417255878448486,1.0463255643844604,0.08005446940660477,10.966144561767578,0.783505002561526,0.0049690539533598236,0.49723708629608154,0.5116532444953918,0.9137421591361661,4.180883200191875,36.48016357421875,46.767967224121094
01498D.png,2.2924894876778126,0.5029521584510803,0.9949105770202444,0.8843925486022917,4.983370780944824,57.02949523925781,0.9860777740339994,0.6533237822176018,7.15535306930542,6.038490334440054,16.34899139404297,5.156641483306885,48.265899658203125,0.49200907349586487,1.4067937135696411,1.006050705909729,0.048510219901800156,13.141669273376465,0.8014593701360694,0.002528049428262452,0.4948502480983734,0.49275046586990356,0.9044157263129546,3.588689009181598,37.28533935546875,53.163185119628906
01502D.png,2.298596378415823,0.5460924506187439,0.8147648697429604,0.8799120570113861,5.737921714782715,60.13836669921875,0.9633220650319627,0.5576377665821506,7.421497344970703,5.360931004760685,16.88102912902832,5.456364154815674,64.05485534667969,0.6020829677581787,1.4880040884017944,0.9313788414001465,0.05865376070141792,12.317042350769043,0.725419712488523,0.010981361580056357,0.48048537969589233,0.46086299419403076,0.7482442653619832,3.2276221507233616,31.90740966796875,44.037261962890625
01506D.png,2.018491253256798,0.5518226027488708,0.966148502307085,0.8878872192187979,5.320382595062256,42.68519592285156,0.9824924689529148,0.5085272029496309,7.241266250610352,6.068226779624856,11.079192161560059,3.762456178665161,43.846500396728516,0.38664767146110535,1.4690299034118652,0.9387205839157104,0.0626007467508316,12.034205436706543,0.7158490594344752,0.009302216624748042,0.4667801558971405,0.4688364267349243,0.8195984293998222,4.083940986731184,37.18719482421875,56.58549499511719
01510D.png,1.4908724054694176,0.5981077551841736,1.106770935465517,0.9017333403906878,4.789985179901123,44.35713577270508,0.9902378019050103,0.5222621090860916,7.3463215827941895,6.716076346341085,10.642318725585938,3.919599771499634,46.5313720703125,0.2840600311756134,1.3377330303192139,0.9800373911857605,0.08235485851764679,10.843109130859375,0.7605860141786653,0.007386430184935945,0.4759218692779541,0.49017131328582764,0.884516658261754,3.8034527629403034,34.01287841796875,43.13492202758789
01514D.png,2.2883592322468758,0.5868960618972778,1.0114417408150884,0.8942552875106105,5.178709506988525,71.0220947265625,0.9895017503956278,0.6009997961569894,7.493607044219971,6.408673592423737,16.964488983154297,6.480299949645996,52.21823501586914,0.33620065450668335,1.40834641456604,0.9864584803581238,0.07600456476211548,11.191604614257812,0.7897002927893856,0.005433263796390359,0.4970211982727051,0.4926326274871826,0.8969772617856772,3.70205314176699,37.93719482421875,42.416717529296875
01520D.png,2.2890212163329124,0.6140670776367188,1.0284936304988368,0.8870586644584612,4.7818922996521,52.44874954223633,0.989104449857331,0.5413641608188762,7.4464287757873535,6.2883928669835925,12.772167205810547,4.6722283363342285,51.1998291015625,0.5917685031890869,1.459266185760498,1.0087862014770508,0.09443824738264084,10.24852180480957,0.771272075556159,0.004680005166304845,0.4839676022529602,0.5052129030227661,0.8920589794501524,3.71193655451266,33.48748779296875,43.71331787109375
01527D.png,1.916314359754324,0.8020616173744202,1.0085251656398802,0.886425835699773,4.282538414001465,61.01356887817383,0.983368868809104,0.5677038638756945,7.750337600708008,6.067747647597772,14.74774169921875,5.3211469650268555,75.08709716796875,0.431498646736145,1.4728946685791016,1.099496841430664,0.16465096175670624,7.834357738494873,0.8214785738781466,0.002723840188252145,0.42649996280670166,0.48229050636291504,0.8947122097432902,3.9219382676309733,42.17694091796875,35.40818786621094
01531D.png,1.5692885480821133,0.626427948474884,1.0373349340732412,0.886892761919682,4.66378116607666,65.35040283203125,0.9883088643832127,0.6344049136935874,7.557268142700195,6.338679394020687,14.950578689575195,5.839548587799072,54.7816047668457,0.6098560094833374,1.4750218391418457,1.0326011180877686,0.08842100203037262,10.534446716308594,0.8076435272165968,0.004438782724998934,0.4875580966472626,0.4906720221042633,0.9099285196565933,3.9839065272737253,40.08807373046875,35.41836929321289
01535D.png,2.2906410470604897,0.574897289276123,1.0600718700220653,0.885369954930384,4.711966514587402,58.74177169799805,0.9918759798502893,0.6298354223149186,7.49165678024292,6.468378202863944,13.85614013671875,5.28117561340332,52.004093170166016,0.5757503509521484,1.4368550777435303,1.0071535110473633,0.07153279334306717,11.454948425292969,0.8041059859145835,0.0043085470155383885,0.49465176463127136,0.49382883310317993,0.9170313475817365,3.7826822096785686,37.27703857421875,39.322547912597656
01539D.png,2.290809538215399,0.5915873646736145,0.9253241999180626,0.8882178942615357,5.2653374671936035,52.85179138183594,0.9812383704818289,0.5583705389673512,7.2836408615112305,5.805953098575042,13.183548927307129,4.711174488067627,46.49633026123047,0.39605823159217834,1.462803840637207,1.0051968097686768,0.07283610105514526,11.376533508300781,0.7400914339603646,0.005985829071381148,0.4896726906299591,0.5206698775291443,0.8526135170161897,3.7800731941711168,36.91131591796875,41.46490478515625
01543D.png,2.290585581213236,0.6155799627304077,1.0399499214125267,0.8837145846865845,4.8069376945495605,54.812782287597656,0.9933664449604631,0.5820250677419732,7.456195831298828,6.376540747917479,12.623710632324219,4.824429035186768,46.62819290161133,0.5467077493667603,1.4047852754592896,1.0216009616851807,0.08739076554775238,10.585345268249512,0.7904833144285205,0.0044470113335811755,0.4941674470901489,0.4947679340839386,0.9108889428471841,4.25245238386579,39.11151123046875,44.070884704589844
01547D.png,1.9472626335918903,0.704481840133667,1.0101685651209897,0.8852317503298026,5.117831230163574,55.568973541259766,0.9945584651717381,0.5505512704329663,7.398925304412842,6.322035286042858,12.698806762695312,4.804976463317871,43.25801086425781,0.5454339385032654,1.4903961420059204,1.0175548791885376,0.11784461885690689,9.286903381347656,0.7924163642933846,0.0034788012585288013,0.49071136116981506,0.4972885549068451,0.9097138440563313,4.321141733066475,39.79315185546875,45.304412841796875
01551D.png,1.61002591624856,0.669282853603363,1.0195651151031608,0.8874502929790862,4.678278923034668,63.52153778076172,0.9961364655084296,0.6252739042237716,7.31781530380249,6.115417243230972,15.290458679199219,5.5722808837890625,43.151065826416016,0.5865100622177124,1.568307638168335,1.0880980491638184,0.11037830263376236,9.571163177490234,0.835293642847892,0.0012600345344175663,0.48857587575912476,0.5144202709197998,0.9496310677610217,4.463488270502467,49.15008544921875,53.07986831665039
01555D.png,2.2870513200759888,0.631769597530365,0.9631442256878754,0.8852535583288765,5.180210590362549,71.83148956298828,0.9912770368591357,0.5833860915120939,7.463062286376953,6.088665625297997,19.247325897216797,6.547031402587891,51.688289642333984,0.4620438814163208,1.5494372844696045,1.0071594715118408,0.08253049105405807,10.833855628967285,0.8104458442652517,0.003001078943602175,0.47930312156677246,0.49274513125419617,0.9048843699171935,3.7229114023874774,30.44793701171875,48.69779586791992
01559D.png,2.2903476171195507,0.7046465277671814,0.8149695395636732,0.8845290846296442,5.951199531555176,62.25444030761719,0.9767728110008068,0.5201302499854332,7.635867595672607,5.536537723012547,16.683012008666992,5.574224472045898,59.8246955871582,0.3952721357345581,1.6195528507232666,1.1101751327514648,0.10235605388879776,9.89886474609375,0.7900326414608763,0.0039475528599362585,0.4545413851737976,0.4778870940208435,0.8241913617674973,3.366023052510292,30.41424560546875,38.65812301635742
01566D.png,1.9083805456757545,0.566889226436615,0.8829447226356869,0.8821223045144512,5.769566059112549,81.317138671875,0.985724600905949,0.6539049830769097,7.402678489685059,5.8151981374476165,19.570981979370117,7.487630367279053,50.04326248168945,0.5614362955093384,1.458298921585083,0.9963132739067078,0.05408487096428871,12.669242858886719,0.7847389092128056,0.004641135975832734,0.48871520161628723,0.49895939230918884,0.8793984666760343,3.5704946414346534,39.72918701171875,55.41001510620117
01570D.png,1.5558595396578312,0.5844283103942871,0.9656970449011044,0.8915369336720671,5.607172012329102,72.86421966552734,0.9916941184572314,0.5892960269848309,7.496705055236816,6.327205384339543,18.332910537719727,6.587173938751221,52.126888275146484,0.6424272656440735,1.6006264686584473,0.9946203827857971,0.06705648452043533,11.735591888427734,0.7824114600231173,0.003408060574659864,0.48568883538246155,0.5024383068084717,0.8969832514269388,3.401063959282724,35.47430419921875,46.042877197265625
01574D.png,2.2815069891512394,0.40749579668045044,0.7969511980343581,0.8874870440090437,4.8315019607543945,45.47016525268555,0.9683447888744242,0.63610166903058,6.671327590942383,4.583610487509944,12.752333641052246,4.108066558837891,37.206626892089844,0.39801105856895447,1.3503515720367432,1.015485167503357,0.023295195773243904,16.32733726501465,0.7397987740783478,0.007690086272793118,0.4898139238357544,0.4931729733943939,0.7868334750745458,3.7223928909630413,34.51922607421875,52.38529968261719
01578D.png,2.2923659458756447,0.6250196695327759,1.0530523235932363,0.8945339025458555,4.8505730628967285,53.6229248046875,0.9916861515435136,0.5634099402849123,7.183073997497559,6.336049246234412,14.977537155151367,4.696735858917236,49.04278564453125,0.3326583504676819,1.5090742111206055,1.0271852016448975,0.09219413995742798,10.35296630859375,0.8086278870543472,0.0024077830326480775,0.4611985683441162,0.49855315685272217,0.9107289158806553,4.013273868344214,36.10662841796875,47.939361572265625
01583D.png,2.286522701382637,0.68501877784729,0.9740563760755698,0.8830045634941153,5.424962520599365,60.49440383911133,0.9861315808658163,0.5793551320077414,7.686066627502441,6.385458790192688,15.1942777633667,5.405132293701172,58.101741790771484,0.5210704803466797,1.4407769441604614,0.9570257067680359,0.10142143815755844,9.938702583312988,0.7571146176318098,0.005829117881596951,0.47501522302627563,0.49081334471702576,0.8678539372095361,3.351482921794787,37.00555419921875,42.99223327636719
01587D.png,1.8210809491574764,0.6609230041503906,0.9667962985456652,0.8842180989321423,5.346426486968994,60.12855529785156,0.9859735513274579,0.5663773147855468,7.556042194366455,6.2370472226192835,15.840609550476074,5.410654067993164,56.62788772583008,0.48250213265419006,1.4773151874542236,0.9802929162979126,0.09132208675146103,10.394243240356445,0.7765618786602858,0.004366889153040995,0.4769311249256134,0.48777836561203003,0.8736694915425937,3.360647615276058,33.08807373046875,48.27705001831055
01591D.png,1.540138028562069,0.6717702150344849,0.887905920540777,0.8834427923732281,5.666583061218262,67.03644561767578,0.980430319379301,0.5708479450220251,7.487003326416016,5.839589882256311,17.976497650146484,6.071805000305176,58.95528793334961,0.5712873935699463,1.4738638401031494,0.9389735460281372,0.08253274857997894,10.833736419677734,0.7786167438103663,0.0038397933501206722,0.47027304768562317,0.4837131202220917,0.840873511890317,3.2438238708726264,30.01483154296875,49.529537200927734
01595D.png,1.7146534584462643,0.6369543075561523,0.8438113667311757,0.8841969674355538,5.634934425354004,55.25118637084961,0.9704893450462401,0.5350517770060597,7.372748374938965,5.488030497351339,15.89501953125,4.9880805015563965,62.7788200378418,0.5217791199684143,1.557451844215393,0.9105863571166992,0.07490818202495575,11.254707336425781,0.734525861775318,0.005790230525580389,0.4666958749294281,0.4732297956943512,0.7695436045502755,3.3460186555379807,32.93084716796875,40.63998794555664
01599D.png,1.7170440442860126,0.48099184036254883,0.6281451480131682,0.8804215196851023,5.695353031158447,45.220611572265625,0.9594538433100614,0.548821843590555,6.634503364562988,3.872481449482697,13.627524375915527,4.05941104888916,59.12785339355469,0.5100991725921631,1.430332899093628,0.9450941681861877,0.04155707731842995,13.81355094909668,0.6990699571779525,0.009338733836143084,0.46030816435813904,0.48123663663864136,0.7116957469823545,3.727382869156508,36.02020263671875,41.56141662597656
01603D.png,1.4551183320581913,0.5793432593345642,0.8168498111637255,0.882565551476076,5.593165397644043,47.654876708984375,0.9712836143417685,0.5298834625364376,7.2281646728515625,5.236564810592393,12.209716796875,4.146904945373535,50.4547004699707,0.5360867381095886,1.4043787717819214,0.9994655847549438,0.06660433858633041,11.764974594116211,0.7068441782771097,0.007009022893645548,0.4864862561225891,0.5734320282936096,0.7648814389954799,4.204468937000478,41.25115966796875,42.28286361694336
