image_name,time_s,CE,NMI,QNCIE,TE,EI,Qy,Qcb,EN,MI,SF,AG,SD,CC,SCD,VIF,MSE,PSNR,Qabf,Nabf,SSIM,MS_SSIM,VIFF,NIQE,BRISQUE,MUSIQ
00000.png,6.7257275730371475,0.6816496849060059,0.42517973142573695,0.8673612459136844,7.283468723297119,59.89337158203125,0.9677334634504229,0.6388909062289194,6.773311614990234,2.9883365820639423,16.864866256713867,5.611218452453613,30.085351943969727,0.5238665342330933,1.6989705562591553,0.9635536074638367,0.028606414794921875,15.4353666305542,0.7537667003387616,0.01681595111745731,0.46277451515197754,0.436880499124527,0.7746207080115962,4.021666052277766,32.87322998046875,62.84416961669922
00011.png,6.696303926408291,0.6804437637329102,0.4221379862632798,0.868419942590826,7.261719703674316,59.377288818359375,0.9675665270098182,0.6235740061286543,6.744100570678711,2.9562022485217305,16.81890296936035,5.565677642822266,29.505802154541016,0.5116134881973267,1.6934666633605957,0.9596985578536987,0.02768411673605442,15.577693939208984,0.7521781769522228,0.016495026176317828,0.4634883999824524,0.44276267290115356,0.7693785708808104,4.023591354149933,32.46307373046875,62.707035064697266
00025.png,6.6029514744877815,0.715758740901947,0.45293289672148584,0.8690977669740744,7.173243522644043,39.545772552490234,0.9626993008906641,0.5388720701834012,6.3444366455078125,3.0613091951807334,12.635175704956055,3.668992042541504,23.729969024658203,0.4337199926376343,1.6852962970733643,0.9794015288352966,0.04506450518965721,13.461654663085938,0.7201432143687766,0.015130745267904148,0.44335436820983887,0.40733206272125244,0.7358942258573584,4.016419209949907,20.93328857421875,56.668540954589844
00031.png,6.614127088338137,0.7128386497497559,0.43972730839710633,0.8707013133615221,7.332756042480469,40.678096771240234,0.9633548626223867,0.514048405118311,6.429567813873291,3.025842891438492,13.132265090942383,3.778266668319702,26.41937828063965,0.4242347180843353,1.6979520320892334,0.9648815393447876,0.045341432094573975,13.43504810333252,0.716989126768474,0.015784372363423057,0.4412849545478821,0.3438303470611572,0.7335071850332109,3.9866941548447983,18.04901123046875,54.46650314331055
00033.png,6.7011300809681416,0.6795126795768738,0.40325191520492615,0.8678394783587847,7.226125717163086,57.99407196044922,0.9658459973304243,0.6213325721241226,6.759300231933594,2.8198322707818324,16.749996185302734,5.439701080322266,29.786178588867188,0.5150540471076965,1.697335958480835,0.9460023045539856,0.026433927938342094,15.778383255004883,0.7477435406362385,0.01621874942150245,0.46450620889663696,0.43892672657966614,0.7516957666588442,3.931942589610899,30.84246826171875,61.235069274902344
00042.png,6.704040911048651,0.7144869565963745,0.438901302269075,0.8691419969128782,7.2215094566345215,45.25215148925781,0.9630321691320943,0.5380095124074279,6.381159782409668,2.9851227532400486,14.459126472473145,4.196507453918457,25.75925636291504,0.44426286220550537,1.7021715641021729,0.9642812013626099,0.04834936186671257,13.156091690063477,0.7289044564927082,0.016234003354171196,0.4399629235267639,0.3425765633583069,0.7411885288926235,4.139406800571379,21.42205810546875,55.40455627441406
00061.png,6.662852633744478,0.7071115374565125,0.4967894024800253,0.8747299443993031,7.373548984527588,37.12554168701172,0.9731079481152272,0.5435012874905341,6.459415435791016,3.436044221547295,12.987173080444336,3.4078941345214844,29.13157081604004,0.4441336989402771,1.6747970581054688,0.9985587000846863,0.04146966338157654,13.822694778442383,0.7406965451976507,0.01362150316045847,0.43218857049942017,0.41018790006637573,0.7910356802491973,3.9848108702957146,18.07537841796875,51.66336441040039
00071.png,6.686128556728363,0.7092037200927734,0.5413353028708838,0.8759343642394982,7.303505897521973,35.18980407714844,0.9754870482160163,0.5405419239011615,6.423243999481201,3.7153971882307673,12.57253646850586,3.229029417037964,29.31458854675293,0.44492924213409424,1.663353681564331,1.0151344537734985,0.044353410601615906,13.530730247497559,0.7534402658009454,0.01139188760144359,0.4246412515640259,0.36852702498435974,0.8116085593545905,4.320768646581284,17.61444091796875,51.51127624511719
00082.png,5.185420747846365,0.7013694643974304,0.42699666327807645,0.8768453800693707,7.216560363769531,45.234230041503906,0.9606645035592148,0.5712259214881157,6.641561508178711,2.958693499180411,12.270227432250977,4.1665263175964355,26.140512466430664,0.43771111965179443,1.6577696800231934,0.9726191759109497,0.04013065621256828,13.965238571166992,0.7028724654569919,0.02194147532456343,0.4697496294975281,0.4427235722541809,0.7343268538289474,4.312476618430985,31.55975341796875,45.22796630859375
00097.png,5.575739420950413,0.6994521021842957,0.40070570986969417,0.8768023917051491,7.103933334350586,36.204383850097656,0.9575533179336844,0.5226402883488208,5.976439952850342,2.620696615745338,10.54714584350586,3.293975591659546,20.394914627075195,0.4581872224807739,1.8101786375045776,1.0798380374908447,0.050695568323135376,12.950300216674805,0.7048242737458399,0.015643041343273104,0.42819029092788696,0.4327607750892639,0.7725342157973273,4.56646722794983,26.20965576171875,56.51129150390625
00107.png,6.665022689849138,0.6868926286697388,0.45579383994436334,0.8769797428052164,7.216285705566406,53.47325897216797,0.9696091952350289,0.6496786166892519,6.791345596313477,3.19230444825695,14.271208763122559,4.907245635986328,27.943458557128906,0.4854033589363098,1.6686172485351562,0.9563210010528564,0.029785826802253723,15.259902954101562,0.7269958842188302,0.02074026423727811,0.4826364517211914,0.4325701892375946,0.7781559815687585,4.201512946635413,33.70135498046875,45.1331787109375
00112.png,6.749163094907999,0.7124385833740234,0.43330601109220807,0.8661699149855517,7.163411617279053,49.99358367919922,0.9664465669862725,0.5896720321341131,6.580264568328857,2.977616699832147,14.099109649658203,4.588168621063232,26.223026275634766,0.5456439256668091,1.6678788661956787,0.9661630392074585,0.052100103348493576,12.831615447998047,0.7302478866824413,0.016951595529849345,0.4401780068874359,0.40472304821014404,0.7731997618627181,4.355249801202367,32.02947998046875,46.58745193481445
00118.png,6.562957514077425,0.7161109447479248,0.38294545819531806,0.8611359279865392,7.166769981384277,49.75263214111328,0.9662733756185942,0.5734785584151926,6.468315601348877,2.6107541797203027,14.604327201843262,4.567391395568848,24.061492919921875,0.5049075484275818,1.679924726486206,0.9699921607971191,0.05368582904338837,12.70140266418457,0.7338610348161375,0.015814139333078292,0.4409538209438324,0.39656466245651245,0.7676514806262619,4.115733758229867,30.83709716796875,57.66795349121094
00147.png,6.72421707957983,0.7008123397827148,0.4642781190682113,0.869392834005183,7.2241034507751465,47.17939376831055,0.9659371134959449,0.571270359108601,6.626709938049316,3.215323361563689,14.605335235595703,4.369908332824707,29.074142456054688,0.5526522994041443,1.694955587387085,1.014497995376587,0.04734613746404648,13.24715518951416,0.7501294188100716,0.013004044778128684,0.44828495383262634,0.3843808174133301,0.7930460368027049,4.074436939010616,20.98016357421875,54.197265625
00149.png,6.748930834233761,0.6627376079559326,0.4720606623506101,0.8716705213637062,7.112782001495361,53.6197509765625,0.9696108730654034,0.6273938585534873,6.830715179443359,3.291096795921307,14.90000057220459,5.057043552398682,31.13129234313965,0.5990206003189087,1.7218865156173706,1.013321042060852,0.031710103154182434,14.988022804260254,0.7575942906362851,0.01316210154770012,0.45943307876586914,0.4687841236591339,0.807143859099738,4.078415391577394,27.30291748046875,56.511756896972656
00150.png,6.598461821675301,0.6622118949890137,0.5005264932503382,0.873065660483858,6.997228145599365,55.95951461791992,0.9705294118248917,0.6378592788474486,6.864657878875732,3.469129894557396,15.3952054977417,5.308892250061035,31.197574615478516,0.5996605753898621,1.681921124458313,1.006775140762329,0.03193284943699837,14.957623481750488,0.7621792538143434,0.01361485906156968,0.4615970551967621,0.473808228969574,0.8087723125850903,4.226711663918403,26.35467529296875,56.41912078857422
00159.png,5.056465581059456,0.6740783452987671,0.5105824298190336,0.869686004738647,7.0931267738342285,47.860687255859375,0.9714021620397366,0.6030061576078714,6.686736106872559,3.517887173541414,13.200250625610352,4.503191947937012,28.066848754882812,0.5313469171524048,1.6334779262542725,0.9708560109138489,0.036049406975507736,14.43101978302002,0.732239893138512,0.017484015986104346,0.4647098481655121,0.4522406756877899,0.7824333763229766,4.229886916946458,26.41375732421875,57.765830993652344
00177.png,5.015658386051655,0.6780056357383728,0.5069766498958875,0.874098369387687,7.180593013763428,57.42458724975586,0.9738498636161257,0.6604092002922884,6.904918670654297,3.570522160871713,14.917399406433105,5.4271650314331055,31.09859275817871,0.6105335354804993,1.5979139804840088,1.0075409412384033,0.03732748329639435,14.27971363067627,0.76711188806435,0.014767931491076525,0.46333712339401245,0.4953882694244385,0.8183311692298443,4.202906759056086,31.41717529296875,55.81196594238281
00196.png,4.368921168148518,0.6746346950531006,0.5528498556466225,0.8876349285194998,6.887477874755859,69.17132568359375,0.9765977156999336,0.7208074263965247,6.903641700744629,3.812219269323082,17.248971939086914,6.355719566345215,32.07715606689453,0.716322660446167,1.5799603462219238,1.0169274806976318,0.041372835636138916,13.832847595214844,0.7927389626866841,0.011174740885812422,0.4739839732646942,0.4739932119846344,0.8754658359934651,4.152119593102698,44.64422607421875,44.42478561401367
00202.png,5.773958582431078,0.7060188055038452,0.48950834871048854,0.8703477805996351,7.148590087890625,51.222129821777344,0.969998558397058,0.5729952137478205,6.583900451660156,3.361093030317779,13.959515571594238,4.755268096923828,27.8365478515625,0.5677038431167603,1.6418483257293701,1.0250966548919678,0.05409972369670868,12.668050765991211,0.7515818715440697,0.013452981830642861,0.44812896847724915,0.4327321946620941,0.8070521889003385,3.880464124026699,29.71502685546875,49.16480255126953
00210.png,5.977356486022472,0.6705023646354675,0.4899232090210956,0.8694198109173372,6.946881294250488,46.87608337402344,0.9692734877706952,0.545821348214126,6.591107368469238,3.3162963835175088,13.604129791259766,4.386539936065674,28.465808868408203,0.41510945558547974,1.6446889638900757,0.9852999448776245,0.04317367076873779,13.647809982299805,0.720229686881979,0.01784187825812924,0.45814093947410583,0.4663988947868347,0.746439470209472,4.032690484118404,24.52850341796875,54.4973030090332
00215.png,6.004170920699835,0.678731381893158,0.4832778011201404,0.8672368763973315,7.029007434844971,48.23954772949219,0.9690018507990131,0.5386734555980108,6.636508941650391,3.3021291438239935,13.7035493850708,4.505876541137695,29.261232376098633,0.5086497068405151,1.663506031036377,0.9868720769882202,0.04781060293316841,13.204757690429688,0.7232623053967376,0.017390607230609433,0.4582616984844208,0.45955756306648254,0.7326787784061821,4.128084253579456,22.26239013671875,59.49589538574219
00232.png,6.006878204643726,0.6835031509399414,0.43646594774078346,0.8682756547729936,7.180263042449951,44.76105880737305,0.9632106617844878,0.5504887805422662,6.569212913513184,3.000597064941955,12.521827697753906,4.189277648925781,27.97852325439453,0.567078709602356,1.6739243268966675,0.9988663196563721,0.03941495344042778,14.043390274047852,0.7214609486299429,0.018023078783337813,0.44170117378234863,0.4680272042751312,0.7569216078887705,4.3442210378807475,19.22430419921875,56.623191833496094
00242.png,5.9800781309604645,0.684524416923523,0.4401058150082289,0.8721999797186207,7.2464752197265625,36.6927375793457,0.9593043629716945,0.5074820571695335,6.575321197509766,3.0415346626705713,11.404397964477539,3.4018421173095703,28.691783905029297,0.47655072808265686,1.7307299375534058,1.0115203857421875,0.03960476443171501,14.022525787353516,0.6961905655678895,0.019691799958517484,0.4359174072742462,0.43380260467529297,0.7289580714027033,4.379215305752883,15.15838623046875,55.175357818603516
00255.png,5.020401757210493,0.6685131788253784,0.6538418435389959,0.8758817045572813,5.714629650115967,26.009618759155273,0.956482784794739,0.49387557936441706,6.40211820602417,3.961229285119794,8.580270767211914,2.3642489910125732,23.812747955322266,0.5611467361450195,1.6085704565048218,1.0440757274627686,0.023812901228666306,16.23187828063965,0.6647348119076998,0.008748444021573806,0.47756099700927734,0.4834705591201782,0.7432833793038656,4.45264249462091,17.88397216796875,52.176422119140625
00274.png,4.732573434710503,0.6623700857162476,0.6099929221154615,0.8722579342981404,5.947229385375977,28.691429138183594,0.9571492135506026,0.5233316508371795,6.431212425231934,3.7753916349293153,8.96800422668457,2.617321014404297,24.727148056030273,0.5471749901771545,1.6121478080749512,1.0192519426345825,0.028485629707574844,15.453742980957031,0.6599739832970822,0.012568772243717559,0.465915322303772,0.5006905198097229,0.7178023689170278,4.419684386740008,21.36346435546875,44.65876770019531
00284.png,5.007102958858013,0.6502849459648132,0.6155545108348849,0.8717650165183248,6.04355525970459,28.098648071289062,0.9545381850420294,0.5367442758040131,6.4209303855896,3.836296326213983,8.847921371459961,2.5688843727111816,24.369035720825195,0.547565758228302,1.6083869934082031,1.011208415031433,0.027018409222364426,15.683403015136719,0.6510158423368915,0.013088536337510798,0.4701520800590515,0.5146851539611816,0.7048772523952701,4.375465741235605,22.87957763671875,47.66508102416992
00290.png,4.553493704646826,0.6466891169548035,0.5870420537673281,0.8697828288850016,6.115536212921143,28.17223358154297,0.9552543901592558,0.5137759958497475,6.409804821014404,3.6764616398319134,8.802523612976074,2.572784662246704,24.264747619628906,0.5338153839111328,1.6102454662322998,1.0255324840545654,0.028100088238716125,15.512924194335938,0.6533932838479228,0.013288268969397155,0.46700143814086914,0.5081398487091064,0.7092595087944795,4.508572970880499,21.67303466796875,45.893089294433594
00306.png,4.937620151787996,0.6513882279396057,0.5643579604188085,0.8691613264404312,6.067070960998535,28.147197723388672,0.9523242505619126,0.5075472705852605,6.3533782958984375,3.504800043517047,8.695262908935547,2.5721585750579834,23.67087745666504,0.5355864763259888,1.6243643760681152,1.01106858253479,0.029683683067560196,15.274822235107422,0.6450899296023492,0.014816524907842259,0.46087783575057983,0.5138824582099915,0.6872679827430499,4.520586599209783,22.22235107421875,44.02660369873047
00320.png,5.455864332616329,0.6587896943092346,0.6347277829643445,0.8743046990853062,6.291752338409424,34.996795654296875,0.961435929705595,0.5422079032125755,6.500465393066406,4.059799579039499,10.299848556518555,3.2037582397460938,25.539453506469727,0.5142486095428467,1.6556613445281982,1.025169849395752,0.03368765860795975,14.725292205810547,0.710250641435376,0.011987390355439427,0.4592832922935486,0.5072789192199707,0.7664913265064787,3.9586977844086406,24.49627685546875,55.020294189453125
00325.png,5.38056955114007,0.5815277695655823,0.37590618432543155,0.8700384599721697,6.246841907501221,21.267417907714844,0.919429263824977,0.5089857336816721,6.382705211639404,2.373769039841836,5.506195068359375,1.9252815246582031,32.09453201293945,0.5566024780273438,1.8324946165084839,0.9938992261886597,0.02430359646677971,16.143295288085938,0.596828572018088,0.017877955457086904,0.4730041027069092,0.49957913160324097,0.622808097946795,4.18562117852029,17.99383544921875,43.78234100341797
00334.png,5.473895076662302,0.5642602443695068,0.5556242081770625,0.9233409770883068,6.221527576446533,18.770816802978516,0.9338889920247175,0.5139589654679222,6.6852030754089355,3.585655436398813,5.0476460456848145,1.673609972000122,39.36555480957031,0.8750215768814087,1.7306090593338013,1.1045362949371338,0.018637605011463165,17.296100616455078,0.5892587200501834,0.013568400390649311,0.4987572431564331,0.5186842083930969,0.6616165727409697,5.249659885233958,24.41424560546875,43.02765655517578
00339.png,5.29739186540246,0.6274759769439697,0.351627566216681,0.8746587269335324,6.987008571624756,21.428546905517578,0.9543712048466505,0.4925361829400923,6.669638156890869,2.4010330598277534,6.9102463722229,1.8875455856323242,29.933568954467773,0.7000906467437744,1.7802722454071045,1.0999069213867188,0.013800907880067825,18.600923538208008,0.6300232276044343,0.008179942647932625,0.4959001839160919,0.5174223184585571,0.6519283964525839,5.624944698885345,24.74041748046875,43.46736145019531
00349.png,5.214683409780264,0.7061243057250977,0.3610331587065626,0.8631035546340668,6.837893962860107,28.12299156188965,0.9364770931518998,0.4060584128661109,6.0773515701293945,2.3314225893982226,8.699416160583496,2.497941255569458,18.621980667114258,0.45386695861816406,1.647478461265564,0.8750635385513306,0.05014500394463539,12.997723579406738,0.6129171080985512,0.02096804783832935,0.40134093165397644,0.40573984384536743,0.4793686624481088,3.991097968215514,22.31072998046875,60.00247573852539
00353.png,4.556139383465052,0.7087433338165283,0.35849087085513526,0.8628930175291832,6.838037490844727,28.142345428466797,0.9364705587453734,0.4029094257492443,6.057072162628174,2.311396102111962,8.706530570983887,2.5016257762908936,18.392004013061523,0.449872761964798,1.646475911140442,0.8765514492988586,0.05101614072918892,12.922924041748047,0.6144191328598343,0.020783320152480696,0.3993878662586212,0.4042719006538391,0.4812913742656226,4.102204613356498,21.94842529296875,57.4708137512207
00370.png,5.721337627619505,0.71502685546875,0.3763089673156589,0.8650141527437554,6.818259239196777,29.18592071533203,0.9388104398337577,0.3942237195134089,6.118862152099609,2.4341843169694997,8.943024635314941,2.601928234100342,19.156089782714844,0.45093899965286255,1.6564550399780273,0.8890612125396729,0.05036187916994095,12.978981018066406,0.6200009501478667,0.022054849239395873,0.4019014537334442,0.41152697801589966,0.49981985466835266,3.9981516179825016,22.32781982421875,64.69959259033203
00385.png,5.208001423627138,0.7137694358825684,0.35029369981812347,0.86070289370809,6.830948352813721,27.0489501953125,0.9359624464022798,0.38821756229708326,6.026545524597168,2.251955703056021,8.0523099899292,2.3947408199310303,18.109174728393555,0.4554961621761322,1.664691686630249,0.8608731627464294,0.0493449941277504,13.0675687789917,0.6018209070155291,0.021311182270153793,0.3994966745376587,0.40038934350013733,0.47258693013997227,3.917277635394392,22.48114013671875,64.40103912353516
00386.png,4.901977501809597,0.6383521556854248,0.3815294988121383,0.880226448374645,6.953167915344238,34.30662155151367,0.959753724639115,0.5573424695499748,6.673336505889893,2.5994637622964802,10.885575294494629,3.1501450538635254,31.419252395629883,0.7369560599327087,1.6961593627929688,1.0498710870742798,0.01294420100748539,18.879247665405273,0.6786526541634157,0.014590996695750676,0.4982643723487854,0.530349612236023,0.6517369515732561,5.30072808755327,28.40350341796875,35.59241485595703
00388.png,4.946825213730335,0.6844736337661743,0.3736316274283676,0.8757459017168009,6.916706562042236,26.438772201538086,0.9372445466430082,0.4862037162898988,6.582574844360352,2.521885748875947,8.218420028686523,2.340686082839966,26.499937057495117,0.7265738248825073,1.7150976657867432,1.0380558967590332,0.02735673449933529,15.629358291625977,0.6612624969847306,0.013096404568473077,0.43237221240997314,0.4816212058067322,0.5934654549802371,5.426276960071664,21.95037841796875,40.42864990234375
00389.png,4.944513197988272,0.6518427729606628,0.3676823959658268,0.8813322738250959,7.01794958114624,28.594459533691406,0.9498239487834121,0.49641574148233725,6.6016740798950195,2.5038546116547202,9.1300687789917,2.5918421745300293,31.006919860839844,0.7445314526557922,1.7346231937408447,1.0347083806991577,0.017677245661616325,17.525856018066406,0.6585559605137135,0.014741795254591773,0.47147035598754883,0.5215083360671997,0.6049666125090231,4.786362283552528,12.52264404296875,35.945587158203125
00390.png,5.135078519582748,0.6158022284507751,0.3575733632136716,0.8792954967806785,6.998012542724609,28.781986236572266,0.9550966930772772,0.523400772987888,6.566508769989014,2.425162351245463,9.59458065032959,2.622396945953369,32.93649673461914,0.7358072996139526,1.7545394897460938,1.0158379077911377,0.013523627072572708,18.689067840576172,0.6527700023831509,0.018535469791889435,0.49005305767059326,0.5403172969818115,0.6189119178737229,4.873909821243766,23.46697998046875,37.047828674316406
00400.png,5.148612599819899,0.6431785821914673,0.3673877034571144,0.8733441720427839,6.95729923248291,45.520713806152344,0.9645809061104187,0.6189793623187639,6.6224045753479,2.494514868801213,13.690330505371094,4.259823799133301,31.560060501098633,0.6747453212738037,1.6474175453186035,1.1102347373962402,0.016030151396989822,17.950626373291016,0.7604615857356062,0.010732413422241991,0.4880030155181885,0.49933505058288574,0.7383519901365377,3.9389362110153225,22.45477294921875,44.117088317871094
00405.png,5.110466178506613,0.643124520778656,0.408996022040157,0.876450654198029,6.839540481567383,41.158939361572266,0.9630341059957699,0.5685297930565405,6.613280296325684,2.7510825782265673,13.655364990234375,3.784510374069214,31.007905960083008,0.7210021018981934,1.6485724449157715,1.075217366218567,0.014641022309660912,18.34428596496582,0.7322767632741854,0.012764545623124205,0.4814215898513794,0.5024033784866333,0.6857955708135468,4.142500848613687,19.66082763671875,47.59721374511719
00409.png,5.439844384789467,0.6428940296173096,0.43352301242902136,0.8852923237464473,6.899491786956787,36.01453399658203,0.9531457326024958,0.5439372997264973,6.740233421325684,2.95657540337036,11.877931594848633,3.3381049633026123,33.199119567871094,0.7597076892852783,1.729927659034729,1.0546616315841675,0.013931572437286377,18.559999465942383,0.6926231338964307,0.013494348427249793,0.47300732135772705,0.5053802132606506,0.6537299847404687,4.236896253734496,17.22918701171875,47.2930908203125
00419.png,5.375911932438612,0.6232868432998657,0.3978658590398737,0.8857249956192085,6.575049877166748,35.02637481689453,0.9479920246512572,0.6069644002562635,6.770634174346924,2.654903295147969,11.094725608825684,3.25081205368042,31.975421905517578,0.7657994031906128,1.778655767440796,1.0024906396865845,0.011115053668618202,19.54088592529297,0.6621583658159084,0.017045250490435,0.48623502254486084,0.4990077316761017,0.6555233810502928,3.7659546276295113,23.42156982421875,51.21080780029297
00421.png,5.190322253853083,0.6575425863265991,0.4688715121086716,0.8926355319821623,6.989196300506592,35.922298431396484,0.9438855362991119,0.49988143103275756,6.743474960327148,3.2194378598337785,11.630419731140137,3.323657512664795,31.501007080078125,0.7865554094314575,1.7154737710952759,0.9928072690963745,0.02088836021721363,16.80095672607422,0.6846737927725834,0.01767440336463293,0.45435473322868347,0.5037042498588562,0.62329505273485,4.273779387799165,16.45184326171875,48.08378982543945
00434.png,5.09160702675581,0.6388705968856812,0.4485101744840535,0.8923945195402079,6.945862770080566,33.935794830322266,0.9487032654266361,0.5360793321301142,6.892719268798828,3.103380800337277,10.884319305419922,3.1611762046813965,35.05730056762695,0.7847776412963867,1.7259869575500488,1.0441468954086304,0.014993272721767426,18.241037368774414,0.6869682676508839,0.013001911938083737,0.4720379114151001,0.5229007601737976,0.6438599023170039,3.927616425128304,15.66082763671875,47.83598327636719
00441.png,5.082314718514681,0.6072763204574585,0.4585075475261042,0.8946382787904843,6.367271423339844,32.01686096191406,0.956702843646007,0.5797447177486019,6.768711090087891,3.0114822181364875,10.981386184692383,2.9974308013916016,33.56119155883789,0.7960051894187927,1.7340037822723389,1.1176007986068726,0.009137213230133057,20.391862869262695,0.682841607071588,0.012107291824257495,0.49129539728164673,0.5012415647506714,0.6863655987474115,4.414859836371657,23.76092529296875,46.227298736572266
00443.png,5.387504391372204,0.6281697750091553,0.3697068823885248,0.8902283821137946,6.4226603507995605,39.24037170410156,0.9409124027140808,0.6010802592933131,6.793247699737549,2.4430128854466027,12.001317024230957,3.586383819580078,32.4478645324707,0.7823606729507446,1.776522159576416,1.069580316543579,0.013935837894678116,18.558670043945312,0.6901645957486795,0.014758432508403294,0.47776299715042114,0.5168734192848206,0.6902323471522547,4.418625475031014,38.02996826171875,46.67814636230469
00449.png,5.360261399298906,0.6066515445709229,0.4540293958376312,0.901442164413049,6.3454437255859375,26.473087310791016,0.9557337708339804,0.5557256540949934,6.840246677398682,2.993353897426978,9.05106258392334,2.4430670738220215,36.706661224365234,0.8144423365592957,1.753509521484375,1.0857821702957153,0.010121157392859459,19.94769859313965,0.64519764825349,0.013700557780582033,0.48770570755004883,0.5053298473358154,0.6734510469017381,4.721723597968205,25.25213623046875,42.86175537109375
00453.png,5.384778682142496,0.6582252383232117,0.3475836048106499,0.879928797962887,6.618762969970703,31.450836181640625,0.944876369336416,0.5356094404477387,6.4476318359375,2.2708386807789314,10.316125869750977,2.9134063720703125,25.467411041259766,0.745361328125,1.7431657314300537,1.134016752243042,0.013578290119767189,18.67154884338379,0.6810378870015992,0.012919313755970168,0.45415598154067993,0.5011036396026611,0.6612920594454594,4.247630986652291,19.21942138671875,46.119380950927734
00461.png,5.0201564729213715,0.6636744737625122,0.3850885393890408,0.8848530462455655,6.701839447021484,30.233760833740234,0.9402518293566701,0.5069723964748012,6.570442199707031,2.5555089691426787,10.047213554382324,2.7790918350219727,27.02964210510254,0.7650266885757446,1.739203929901123,1.0559184551239014,0.016046462580561638,17.94620704650879,0.6608084900217293,0.014162904383542481,0.4533098042011261,0.5039569735527039,0.6264231670076641,4.321031590445464,19.38592529296875,44.061790466308594
00479.png,5.086342215538025,0.6296484470367432,0.43421020120354076,0.8969976584566712,6.86404275894165,40.243350982666016,0.9545588541763446,0.5774864670582232,6.945449352264404,2.998119143367285,13.393865585327148,3.7853715419769287,36.999168395996094,0.8068845868110657,1.7313075065612793,1.0542181730270386,0.011564205400645733,19.36884307861328,0.7055929409844753,0.011979630643615043,0.490003764629364,0.5076790452003479,0.6573310860218221,4.335536496287337,17.32147216796875,48.550025939941406
00489.png,5.564513575285673,0.5975136160850525,0.3928915397751138,0.8824183940777057,6.6911163330078125,31.085033416748047,0.9527928457876309,0.5486461535072734,6.7052435874938965,2.6316655214238427,10.83353042602539,2.872856855392456,34.300724029541016,0.7510675191879272,1.748765230178833,1.0671478509902954,0.0115574412047863,19.371383666992188,0.6727562131517186,0.015240633004945431,0.485551655292511,0.49838489294052124,0.6671004017628296,4.907194318691011,26.18328857421875,49.60907745361328
00497.png,5.5442487411201,0.61604905128479,0.3990318226969469,0.8875692049749326,6.597653388977051,34.083553314208984,0.9492255838726646,0.5628419905445098,6.759545803070068,2.6649811465213293,11.91445255279541,3.1630306243896484,36.39398193359375,0.7721362113952637,1.77473783493042,1.0110212564468384,0.012786034494638443,18.932641983032227,0.6714838096989818,0.012467374883582277,0.4847624897956848,0.49231070280075073,0.6271599126775896,4.278473773746305,29.63397216796875,35.8859977722168
00512.png,5.555217154324055,0.6394901871681213,0.5832482475988243,0.9102778955508868,7.006287097930908,48.39110565185547,0.9603421372349313,0.5805457085523643,6.95295524597168,4.070862295820396,14.205323219299316,4.579989433288574,37.124576568603516,0.831534206867218,1.6317059993743896,1.0391148328781128,0.013606773689389229,18.662450790405273,0.7403970594897069,0.013258972492617663,0.49301132559776306,0.5232143998146057,0.6905272547417405,4.004060039457504,22.02264404296875,53.69133758544922
00525.png,5.18736382573843,0.6177043914794922,0.48699398015038475,0.9028504246993476,6.956763744354248,42.19892883300781,0.9589802149440205,0.5888660593756079,6.806605339050293,3.351347817983587,13.23392391204834,3.9257094860076904,36.331478118896484,0.810834527015686,1.733147144317627,1.0590019226074219,0.011368436738848686,19.4429931640625,0.7235258108119201,0.011956302884882584,0.4987820088863373,0.510796844959259,0.6783602238608369,4.5118097365706005,20.16522216796875,50.9176025390625
00527.png,5.163308784365654,0.6412129998207092,0.49061427155450565,0.8956825586445551,7.105750560760498,40.92023849487305,0.9522788803576431,0.551750293951258,6.888182640075684,3.4328204576727828,12.539124488830566,3.798774480819702,35.66085433959961,0.7934185266494751,1.7611472606658936,1.035791039466858,0.014996973797678947,18.23996353149414,0.7125299335388442,0.014433563126033121,0.4749169647693634,0.5071758031845093,0.6554114852997731,4.582893763531431,18.39764404296875,47.122772216796875
00537.png,5.16274094954133,0.6050987243652344,0.4720365754255508,0.9002631594857341,6.696623802185059,35.72913360595703,0.961427710879264,0.588673198565938,6.708215713500977,3.1637959335439714,12.080806732177734,3.28802752494812,32.602073669433594,0.8160181045532227,1.7203762531280518,0.9087734222412109,0.008894957602024078,20.508560180664062,0.6691904799709657,0.019217816391740646,0.5018372535705566,0.5485090613365173,0.6290036336837209,4.117212833723375,23.64276123046875,48.156700134277344
00555.png,5.379409305751324,0.6095623970031738,0.4587700284352541,0.8958640410524767,6.77288818359375,41.49915313720703,0.9628676326242547,0.6135864735657686,6.699921131134033,3.0904689681062614,13.62142276763916,3.8353803157806396,31.360599517822266,0.7964166402816772,1.707313895225525,0.9580065608024597,0.008881853893399239,20.514963150024414,0.6984376571628902,0.016393412701689473,0.5072517395019531,0.5586017370223999,0.6854276573597977,4.227568406801313,27.75408935546875,55.78773498535156
00572.png,5.328127648681402,0.5907468795776367,0.4590329365452943,0.8876575703796669,6.532277584075928,35.61498260498047,0.9622253378851282,0.5916019712565717,6.541451454162598,3.0006445556070727,11.871109008789062,3.2848148345947266,28.6872615814209,0.7746014595031738,1.7439959049224854,0.9589069485664368,0.008381725288927555,20.766666412353516,0.6767517725770698,0.018719186451934055,0.4994513988494873,0.5393401384353638,0.6624812626740295,4.346524638654541,25.33953857421875,48.16086959838867
00587.png,4.962908644229174,0.5224223732948303,0.4602880502629861,0.8935092881776172,6.081755638122559,23.516881942749023,0.942165395880466,0.5659710879935645,6.367342472076416,2.865094071159948,7.884095668792725,2.180023670196533,27.58908462524414,0.7825579643249512,1.747626781463623,1.0208256244659424,0.009571922942996025,20.19000816345215,0.6442287921767259,0.01946098771317714,0.4900853633880615,0.5392929911613464,0.6821878729639279,4.3278792920874185,23.31024169921875,43.6295166015625
00606.png,4.996537134051323,0.5412273406982422,0.4637234047943865,0.8870027466265695,5.876452922821045,25.4263973236084,0.9391779423932604,0.5354580017740527,6.624883651733398,2.8985895779407613,8.582208633422852,2.3586008548736572,32.728736877441406,0.7351572513580322,1.7159233093261719,0.9292161464691162,0.012425687164068222,19.05679702758789,0.6105952351188142,0.026749634393212637,0.4956043064594269,0.5433309078216553,0.6021671702175938,4.257142967117101,21.92596435546875,45.63621520996094
00621.png,4.993310026824474,0.5343085527420044,0.4997646988687263,0.8934597142317251,6.091757774353027,26.87628746032715,0.9392058822412459,0.5411362051339668,6.674185276031494,3.189992955369025,9.311258316040039,2.476746082305908,33.8061408996582,0.7757452726364136,1.7218520641326904,0.9216369390487671,0.012242915108799934,19.121150970458984,0.6110454636044363,0.02390110177590107,0.5015774965286255,0.5400091409683228,0.5984804741882439,4.53020967335373,23.86590576171875,41.248565673828125
00633.png,5.2427141554653645,0.5954306125640869,0.46619205236621886,0.8963835590520294,6.521995544433594,29.369430541992188,0.9579064263064867,0.5491519756998906,6.641497611999512,3.0683663178159826,9.955961227416992,2.684600830078125,31.038715362548828,0.8055921792984009,1.7315855026245117,0.9490301609039307,0.00811056885868311,20.90948486328125,0.6402603769438474,0.0192941378852647,0.5027512311935425,0.546345591545105,0.5970889927768969,4.41490525424371,21.92742919921875,46.664756774902344
00643.png,5.242656722664833,0.6333393454551697,0.31810818549571473,0.8678728938139485,6.517446517944336,24.586454391479492,0.9453696182567951,0.5094258699858929,6.396503448486328,2.0540224249382852,8.014921188354492,2.2382216453552246,23.885601043701172,0.663935661315918,1.840372085571289,0.8849350810050964,0.014529867097735405,18.377382278442383,0.607751321468804,0.024823519497905684,0.5031571388244629,0.5194823741912842,0.5498192131388299,4.972996799258928,20.39569091796875,50.62794494628906
00652.png,5.242704547941685,0.644573450088501,0.3169216585949342,0.8783934118302544,6.822636127471924,21.649978637695312,0.95676536594437,0.5252528408367547,6.417550086975098,2.0980567772662457,7.3467116355896,1.9666087627410889,23.991497039794922,0.7016221284866333,1.802829623222351,0.9894700050354004,0.011006399989128113,19.583547592163086,0.6162739602642048,0.024780640384345187,0.4959193170070648,0.4937494993209839,0.6235039542535974,5.034529933701395,20.07635498046875,51.45166778564453
00653.png,5.050187639892101,0.6197308301925659,0.38274215536380135,0.894404887880703,6.651658058166504,27.431041717529297,0.9609764458428383,0.563943505709894,6.5200300216674805,2.520687224842858,9.250136375427246,2.5465309619903564,30.84524154663086,0.7647110223770142,1.704770803451538,1.0709924697875977,0.008419593796133995,20.747089385986328,0.6612736320838973,0.01579815642067735,0.5143014788627625,0.5392904281616211,0.6763305285581506,4.808113923768809,17.31268310546875,47.54186248779297
00661.png,5.029326628893614,0.6061431169509888,0.4591114946489112,0.8846297683807703,6.924313545227051,27.936857223510742,0.9595274684366142,0.5489379969269363,6.0971832275390625,2.989167733690765,8.74117374420166,2.5367519855499268,24.4410343170166,0.7630811929702759,1.7973947525024414,0.9485809803009033,0.011576332151889801,19.36429214477539,0.6564701163441327,0.019591029259523635,0.5005131959915161,0.509252667427063,0.6269452834022768,4.669837917799072,26.43524169921875,47.8848876953125
00671.png,5.353148445487022,0.6289180517196655,0.43159029266077376,0.8959092219742688,7.061250686645508,28.49142074584961,0.9624622325120269,0.5734201053580508,6.3130645751953125,2.886120312617587,8.466659545898438,2.554814338684082,25.843780517578125,0.8029240369796753,1.737921953201294,1.065696358680725,0.01005032379180193,19.978200912475586,0.6786196339772098,0.013878502315243407,0.4917117953300476,0.5161569714546204,0.6871174537956831,4.635098753673026,27.64764404296875,56.379364013671875
00676.png,5.361057795584202,0.6360956430435181,0.4214109660226225,0.8962499058444957,6.968564987182617,26.66975975036621,0.962033525582902,0.5177834990295557,6.248465061187744,2.784908276156486,8.588663101196289,2.4184014797210693,25.302579879760742,0.7962988615036011,1.7434136867523193,1.0236248970031738,0.011831382289528847,19.26964569091797,0.6658886847691056,0.01703370648532397,0.4896412491798401,0.4949839115142822,0.6514034373094998,4.714495697546462,20.89715576171875,51.1337890625
00677.png,5.3445341773331165,0.6436578035354614,0.41233463413101173,0.8859557911085928,6.9778618812561035,32.263980865478516,0.9627736954609729,0.5675489573221193,6.7246904373168945,2.825026151186302,9.849353790283203,2.9784305095672607,31.729755401611328,0.7315449714660645,1.7030396461486816,1.025420904159546,0.012274226173758507,19.11005973815918,0.6806367487596853,0.015042886595233023,0.49874573945999146,0.5174350142478943,0.6463211165948429,4.144748996537143,15.30194091796875,48.913875579833984
00687.png,5.078976254910231,0.6140252351760864,0.4076844479955038,0.8896539859979063,6.545665264129639,32.252281188964844,0.9592044582618915,0.5816328234402612,6.609350204467773,2.6815550279684093,10.24846363067627,2.991891860961914,33.036190032958984,0.7663848400115967,1.746797800064087,1.0610796213150024,0.01054144836962223,19.77099609375,0.685480858970457,0.01503114637206419,0.5065291523933411,0.5195642709732056,0.6763740336223251,4.1236245625181,17.33953857421875,49.62391662597656
00697.png,5.10687380284071,0.6183125376701355,0.416288051635739,0.9071231523558958,6.755869388580322,28.481204986572266,0.9624719774249769,0.5779492316475219,6.532672882080078,2.7659381904248033,9.003817558288574,2.6170413494110107,30.63448715209961,0.8267267346382141,1.7018067836761475,0.9890199899673462,0.007042827550321817,21.52252960205078,0.6572370451505948,0.01864886560192353,0.5110384225845337,0.5418626666069031,0.6467686549748455,4.961915835983425,18.59100341796875,41.719703674316406
00712.png,5.079999204725027,0.7020641565322876,0.4857388117189677,0.8872505463775996,7.003678321838379,30.406253814697266,0.9501665812564639,0.4748511485296605,6.319100379943848,3.2357041294196502,8.863584518432617,2.779468059539795,26.58897590637207,0.34308692812919617,1.7081763744354248,1.0581562519073486,0.046959128230810165,13.28279972076416,0.6801822965712488,0.017548892324456833,0.42198917269706726,0.38662412762641907,0.6636238421009449,4.038920002313168,19.32928466796875,62.081642150878906
00716.png,5.313643481582403,0.7136820554733276,0.26403535913314996,0.86889235941998,6.786117076873779,17.72487449645996,0.9338154410422943,0.3011702405656863,5.173555850982666,1.5788931054538402,5.192365646362305,1.5415124893188477,11.83580207824707,0.2726961076259613,1.7526874542236328,0.7995941638946533,0.03786717355251312,14.217371940612793,0.5291310309861847,0.01380895107145035,0.4542918801307678,0.4166591763496399,0.48393150474154345,4.567446000757414,25.18768310546875,46.70934295654297
00719.png,5.3218391463160515,0.6778192520141602,0.5727573941874488,0.900245587678902,7.246923446655273,108.11564636230469,0.9655541720927758,0.599442518082921,7.308635711669922,4.168412822783992,23.28182601928711,10.374778747558594,40.440242767333984,0.7807145118713379,1.5109988451004028,0.8085237145423889,0.043261218816041946,13.639012336730957,0.6668963950588791,0.034153718818560566,0.5058969855308533,0.5503765344619751,0.5918887415301196,5.576219618504887,30.88348388671875,58.204689025878906
00725.png,5.025764085352421,0.6783202886581421,0.5369798073578921,0.8920746475228419,7.334812164306641,106.96200561523438,0.9640251185065415,0.6030050705182824,7.330773830413818,3.9375715384351686,23.06128692626953,10.2452974319458,40.89133834838867,0.744682788848877,1.590012550354004,0.8041481375694275,0.04295700415968895,13.669660568237305,0.6677677737508851,0.033304286707053155,0.5060427784919739,0.5494039058685303,0.5898565265756933,5.091563436000869,30.75799560546875,67.98735809326172
00726.png,5.081411339342594,0.6786741018295288,0.5373699637709553,0.8894190170228736,7.344612121582031,107.49102783203125,0.9624015888569428,0.5989609518246496,7.336150646209717,3.944510546553026,23.2458438873291,10.291997909545898,41.0671501159668,0.7343791723251343,1.6231454610824585,0.8018795251846313,0.043979957699775696,13.567451477050781,0.6683261121464342,0.03386108203173884,0.5035232305526733,0.5411632657051086,0.5889277911764892,4.8838606965836835,30.90789794921875,67.22095489501953
00738.png,5.063285045325756,0.6891665458679199,0.5107534349784136,0.8762251040244692,7.339037895202637,90.12041473388672,0.962984768615626,0.5786536008387662,7.127431392669678,3.6944087690685095,20.416000366210938,8.584939956665039,38.411956787109375,0.5932480692863464,1.6663813591003418,0.8403217792510986,0.05418526008725166,12.661189079284668,0.6748116105082769,0.031018650972363445,0.4600798487663269,0.5395158529281616,0.6224784797367812,4.520445430367417,36.06024169921875,65.32304382324219
00760.png,5.2957866713404655,0.6683849096298218,0.5537777604383511,0.8824292855973211,7.187820911407471,74.78842163085938,0.9750430428445043,0.6482473650812365,7.182803153991699,3.979076189516247,18.717912673950195,7.062205791473389,43.05796432495117,0.6774047613143921,1.7013206481933594,0.9716071486473083,0.051327742636203766,12.896478652954102,0.8041307663239532,0.009298608268920034,0.45284053683280945,0.5061984658241272,0.8123750548144418,4.334296744154674,35.17108154296875,68.27809143066406
00762.png,5.292275708168745,0.6756811141967773,0.5168292952898331,0.8794569938506007,7.206686019897461,82.81134033203125,0.9730227844552783,0.6690752819465338,7.212498188018799,3.7261380213390254,19.876514434814453,7.800170421600342,41.090248107910156,0.6621436476707458,1.6782182455062866,0.9538472890853882,0.05000559240579605,13.009815216064453,0.7979482665997852,0.012607806773003582,0.46338963508605957,0.517011284828186,0.7980611786153289,4.3960743169587175,37.92694091796875,68.8608169555664
00769.png,5.295579615980387,0.6801792979240417,0.5249858939538529,0.8768289467046932,7.192699909210205,78.64317321777344,0.9725022148223866,0.6398816993101584,7.130725383758545,3.759807816971918,19.35604476928711,7.413682460784912,41.286861419677734,0.6235193610191345,1.70413076877594,0.9578565359115601,0.05361936241388321,12.706783294677734,0.8029091821726704,0.011129281366987142,0.44828087091445923,0.5026506185531616,0.7994478179376451,4.37979520266785,37.81072998046875,69.54241180419922
00787.png,5.3056416139006615,0.6891528367996216,0.15726463316885736,0.854405845989013,6.689977645874023,66.4953842163086,0.8353516774548846,0.4963250662665959,6.640869140625,1.0482380871383192,13.309612274169922,6.1224164962768555,27.88900375366211,0.5992946624755859,1.6555339097976685,0.6257004737854004,0.04225054755806923,13.741676330566406,0.621606873850142,0.0399616959689371,0.4235011339187622,0.4718420207500458,0.46442102903502397,5.047884599372334,34.21209716796875,46.99401092529297
00800.png,5.149400766938925,0.6785392761230469,0.17931658603443076,0.8656131148483183,6.765463829040527,67.19747161865234,0.8441955578117359,0.5246996436468793,6.632341384887695,1.2012272910560036,13.490290641784668,6.2121076583862305,27.390195846557617,0.6639924049377441,1.626837968826294,0.6193937063217163,0.04323199763894081,13.641947746276855,0.5938667964614606,0.04563916429493304,0.44040364027023315,0.494130939245224,0.43734672365363697,4.585227389834575,33.83660888671875,50.38700866699219
00801.png,5.257073167711496,0.6992835402488708,0.5498349992854605,0.8892972890111766,7.259463787078857,62.025352478027344,0.9723406972192488,0.6196239196145452,6.403634548187256,3.7562341221731312,15.607815742492676,5.938784599304199,23.92759895324707,0.3500415086746216,1.8196918964385986,1.0761204957962036,0.05345943197607994,12.719756126403809,0.7839715477085953,0.014828961068332197,0.41783279180526733,0.48025280237197876,0.8555579887880795,4.584817366321862,27.47039794921875,60.35988235473633
00805.png,5.214151315391064,0.6974350810050964,0.5547959102188187,0.8887892445936206,7.2630085945129395,61.9234733581543,0.9705755028624768,0.6162517364244808,6.436004161834717,3.800087780305729,15.641175270080566,5.933147430419922,24.60239028930664,0.35540199279785156,1.820420742034912,1.0697407722473145,0.05340562015771866,12.72413158416748,0.7814791785372468,0.01508906214471135,0.4180586636066437,0.4783076345920563,0.8513983104252452,4.4935733846046455,27.39862060546875,61.55990219116211
00818.png,5.242269944399595,0.6961718797683716,0.5754580581821418,0.8877732463249831,7.234522819519043,62.22693634033203,0.9711818318082788,0.6183093903622608,6.46641206741333,3.942166616061268,15.676416397094727,5.9621429443359375,25.380197525024414,0.37123286724090576,1.8291425704956055,1.0689349174499512,0.05297992378473282,12.758888244628906,0.7811843509508702,0.015114988116913843,0.4186866879463196,0.482864648103714,0.8539027971373098,4.3296847561127025,27.83612060546875,61.67914581298828
00825.png,5.1422219686210155,0.6500803828239441,0.5019156357169314,0.8599417772380089,6.789792060852051,28.68360137939453,0.9576783995624819,0.5381503167952524,6.489587783813477,3.3325732807043433,8.928206443786621,2.56648850440979,24.55059242248535,0.5618405938148499,1.8003439903259277,0.9346261024475098,0.01895831525325775,17.222002029418945,0.6671741804028007,0.01800098273275316,0.4817453622817993,0.48890167474746704,0.6316537145782163,5.167725736771808,22.03338623046875,51.23707580566406
00826.png,5.134648274630308,0.6616303324699402,0.4419632811525274,0.8643205486148371,6.89796257019043,30.4593563079834,0.9559668672005813,0.5591335594747036,6.631261825561523,2.989718136962235,9.836935997009277,2.74813175201416,26.514739990234375,0.5710339546203613,1.8040781021118164,0.9249076247215271,0.018645673990249634,17.294219970703125,0.6648278513929652,0.01857959495913289,0.478860080242157,0.4855441153049469,0.6418884858474116,4.610516164214125,19.83905029296875,53.30754089355469
00829.png,5.138889983296394,0.6642709970474243,0.4342287931868671,0.8643268506472064,6.9432477951049805,30.138446807861328,0.9574261710623958,0.5641213420855694,6.654565334320068,2.9522889053575003,9.787705421447754,2.7294156551361084,27.14024543762207,0.5680035948753357,1.7942001819610596,0.9361964464187622,0.018475934863090515,17.33393669128418,0.6668482284282096,0.019636358255167977,0.47964853048324585,0.4898521304130554,0.649575014426714,4.556603919340329,18.97918701171875,54.75292205810547
00834.png,5.207128632813692,0.6528865098953247,0.4703525871603701,0.8652267045331761,6.914290904998779,28.526954650878906,0.9588263158285957,0.5602644984326464,6.693671226501465,3.2002786378474557,9.209503173828125,2.5879714488983154,29.92076873779297,0.5940226912498474,1.810378074645996,0.9562689065933228,0.020071446895599365,16.974212646484375,0.6615369058496309,0.017326839676557314,0.47717681527137756,0.46085119247436523,0.6615222458717812,4.4208650517913375,19.47821044921875,56.2783203125
00857.png,5.243494372814894,0.6682223677635193,0.5761475723324447,0.8661383973268193,6.84266996383667,24.603002548217773,0.9581102635641564,0.5108025290575041,6.575204849243164,3.865348002931986,8.02377986907959,2.2046494483947754,28.524784088134766,0.47730356454849243,1.8378409147262573,0.9982495307922363,0.026440870016813278,15.777243614196777,0.6479930643474445,0.015398077750339004,0.4695451259613037,0.46531981229782104,0.6735517943737331,4.50955446560993,20.39080810546875,58.58598327636719
00867.png,5.153180249035358,0.7005669474601746,0.4426237266995469,0.8756823440957495,7.324388027191162,76.45096588134766,0.965405143158228,0.5881129432198833,6.498937606811523,3.059273851112346,18.18153190612793,7.2779083251953125,25.75975227355957,0.4468451738357544,1.7152690887451172,0.9993244409561157,0.05222417786717415,12.821284294128418,0.7567704366780645,0.025021599351528465,0.4280112087726593,0.48662933707237244,0.7790606188682667,4.210333207988358,33.92401123046875,66.44001007080078
00871.png,5.155326049774885,0.6979929208755493,0.472409510905563,0.8752865494810399,7.277211666107178,78.67057800292969,0.9673053984523767,0.6013266689619262,6.591569900512695,3.275880696331317,18.435054779052734,7.484559535980225,27.256601333618164,0.47288957238197327,1.7075586318969727,1.008851408958435,0.051151253283023834,12.91143798828125,0.7599845395637593,0.024553794950798652,0.43006306886672974,0.4910038113594055,0.7877710746107451,4.108918044238256,34.18182373046875,66.63363647460938
00878.png,5.155426271259785,0.694340705871582,0.4866075366093893,0.8754629404263995,7.256234645843506,77.82850646972656,0.9667522733470402,0.602241114762252,6.667934417724609,3.387811410933823,18.25621223449707,7.407309532165527,29.57139778137207,0.4965607821941376,1.7132453918457031,0.9975501894950867,0.050309788435697556,12.983474731445312,0.7545426465835703,0.02447550594122312,0.43495485186576843,0.4972703158855438,0.7789146318011879,4.117478118043147,33.31854248046875,64.85448455810547
00896.png,5.2118912898004055,0.7063335180282593,0.4107034225599288,0.8648000420514225,6.620461463928223,44.101837158203125,0.9398071969048388,0.5138963034741738,6.409523010253906,2.6757372146084837,12.036974906921387,4.060260772705078,25.356124877929688,0.5464639067649841,1.5856330394744873,1.112868309020996,0.04909612238407135,13.08952808380127,0.7061379239636816,0.021050802355014678,0.4036686420440674,0.40453633666038513,0.6638854879438139,4.0069603252769275,26.46356201171875,56.18178176879883
00910.png,5.211827002465725,0.7051304578781128,0.4114271986303485,0.8640720599781322,6.655603408813477,45.19993591308594,0.9398252928902388,0.5175372914255877,6.4152936935424805,2.6888689150410556,12.344829559326172,4.17106819152832,25.25484275817871,0.5567581057548523,1.5884158611297607,1.1011933088302612,0.049397364258766174,13.062962532043457,0.7089122164248233,0.020441819270037787,0.4047006368637085,0.41333243250846863,0.663271880350648,4.053325132847376,26.38250732421875,57.70304489135742
00916.png,5.206258792430162,0.7030646800994873,0.40820875457953243,0.8645476073426588,6.749553680419922,42.183135986328125,0.9377665367844401,0.5002832308371639,6.449914932250977,2.694077072032494,11.9305419921875,3.8761324882507324,25.250539779663086,0.5519487857818604,1.5931050777435303,1.077202320098877,0.048781100660562515,13.117485046386719,0.6886373892954992,0.021094666130054878,0.4044819474220276,0.4103882908821106,0.6411663934849748,4.000252082115707,24.80877685546875,56.533058166503906
00922.png,5.148544646799564,0.7025079131126404,0.4036096180848022,0.8647984476067575,6.833298206329346,40.80548095703125,0.9387750259664213,0.49491806559091034,6.377285957336426,2.6659670029086744,11.45680046081543,3.7505359649658203,24.65996551513672,0.5286660194396973,1.5913519859313965,1.0900700092315674,0.04841793701052666,13.149937629699707,0.6871845572259339,0.02209252344477406,0.40869414806365967,0.41267114877700806,0.6447707600953322,4.052098864626805,24.96990966796875,59.594444274902344
00926.png,5.270291808992624,0.6865754127502441,0.37032482755159885,0.8625767653908046,6.9180378913879395,44.876861572265625,0.9394408718034187,0.5285524363531994,6.267265796661377,2.4414295586475454,11.533965110778809,4.1506476402282715,22.623783111572266,0.48795464634895325,1.605424165725708,1.0436657667160034,0.04787176102399826,13.199206352233887,0.6961877100105401,0.02197670110230112,0.41831421852111816,0.4227767586708069,0.6620212112469024,3.9951513679236186,27.58416748046875,60.51222229003906
00950.png,5.216346334666014,0.6967946887016296,0.3328224195607076,0.8650093597357473,6.987278938293457,28.85035514831543,0.9314524632188914,0.4714681798692463,6.049367427825928,2.1694504734004614,7.906550884246826,2.6006340980529785,24.237926483154297,0.4814198911190033,1.7102916240692139,1.029829740524292,0.044908154755830765,13.4767484664917,0.6233394190296211,0.019603984873665412,0.4151439368724823,0.37974345684051514,0.5902841511214768,4.3160812144022165,22.38592529296875,57.117408752441406
00958.png,5.205918204039335,0.6988372802734375,0.42967798136609414,0.8732249740226796,7.0146403312683105,36.083309173583984,0.9450607694107821,0.5179231115611072,6.407541275024414,2.88361577577262,9.829858779907227,3.324812412261963,28.826658248901367,0.471992164850235,1.6991722583770752,1.0335689783096313,0.04061426594853401,13.913212776184082,0.6685999034598268,0.019270711381078685,0.4300491213798523,0.42073309421539307,0.6354979404021267,4.148912368502168,23.45721435546875,66.48590850830078
00965.png,5.19605428725481,0.6956479549407959,0.43550243822258017,0.8725024836358254,7.028481960296631,36.3260612487793,0.9477804867720994,0.5336129828697572,6.450551509857178,2.9350839390907453,9.909175872802734,3.348820447921753,27.71369743347168,0.46516987681388855,1.6908185482025146,1.010681390762329,0.04082980751991272,13.890227317810059,0.6661268258408287,0.020221907027840668,0.43453994393348694,0.4330616295337677,0.630559633300597,4.0486783352286615,24.09979248046875,65.22322845458984
00976.png,5.263878047466278,0.6702065467834473,0.5054849747516198,0.86414222349492,7.011321067810059,35.23777770996094,0.9646998642168443,0.5512157008667754,6.3953962326049805,3.3884562994127627,11.321019172668457,3.1897993087768555,25.4608097076416,0.4626381993293762,1.6859824657440186,0.9012691378593445,0.024929579347372055,16.03285026550293,0.6738731784517542,0.021815513392014572,0.44219645857810974,0.4710455536842346,0.6418634975443729,4.494634620911973,26.82781982421875,48.37788391113281
00994.png,5.246964767575264,0.6699119806289673,0.5046231678577004,0.8649541217266821,7.054318904876709,35.356468200683594,0.9655454700740862,0.5559108023975243,6.437285900115967,3.40409739487208,11.392077445983887,3.20028018951416,25.95267105102539,0.4712117910385132,1.6878471374511719,0.9166590571403503,0.024891911074519157,16.039417266845703,0.6790512850674295,0.02111291822038495,0.44379758834838867,0.4799591600894928,0.6604115077652272,4.691498422205726,26.93670654296875,48.68985366821289
01017.png,5.271401442587376,0.6205198168754578,0.4676971692614593,0.8682380311579194,6.612154960632324,37.34254837036133,0.9589027659196934,0.6423828270693914,6.61101770401001,3.0922287450266808,10.772107124328613,3.387120008468628,25.87228775024414,0.686973512172699,1.708261251449585,0.9111762046813965,0.010955153033137321,19.603816986083984,0.6603909828457313,0.023882390889989398,0.49344444274902344,0.5570199489593506,0.6210768445372036,4.578358052777877,36.50848388671875,53.031959533691406
01034.png,5.149951044470072,0.695905327796936,0.48586715734651553,0.8730497732723258,7.238164901733398,28.486404418945312,0.9699491824070826,0.4964033541556215,5.781662464141846,3.1629612054490828,9.481355667114258,2.5324056148529053,23.075281143188477,0.4355227053165436,1.7652554512023926,1.0140432119369507,0.03924490511417389,14.062167167663574,0.6982976463080509,0.012580722131619714,0.4131280779838562,0.4239913523197174,0.7600143254148887,4.726762398560396,26.99188232421875,56.51934051513672
01043.png,5.39287307113409,0.699800431728363,0.5541467685573367,0.8736876571729217,7.042059898376465,31.18304443359375,0.9713018065645489,0.504800514828752,5.887731075286865,3.582511209165114,10.553256034851074,2.796217679977417,24.286033630371094,0.421543151140213,1.7136632204055786,1.0136966705322266,0.04356316477060318,13.608807563781738,0.7148504476353641,0.013786702702852174,0.4078069031238556,0.4245991110801697,0.7704167469401129,4.94786374267373,25.60565185546875,58.078277587890625
01079.png,4.864449575543404,0.6038576364517212,0.4904994876847383,0.9077671416680911,6.454891204833984,32.592315673828125,0.9566043111454988,0.6187662181378063,6.684858322143555,3.222528852773184,10.307209014892578,2.9901790618896484,28.778987884521484,0.8399463891983032,1.7659199237823486,0.9556573629379272,0.00953528843820095,20.206661224365234,0.6405410190762366,0.018204146153435692,0.510654628276825,0.5908343195915222,0.6574132286527293,5.071774996017293,32.81854248046875,43.339080810546875
01093.png,5.286384895443916,0.6389492750167847,0.44900780377217386,0.8807566378272746,6.644676208496094,42.919647216796875,0.9648144900629815,0.6737174640352226,6.674294471740723,2.9901688525374066,12.72116756439209,3.890927791595459,26.431621551513672,0.7400956153869629,1.663855791091919,0.9540771245956421,0.009116286411881447,20.40182113647461,0.7050623162601439,0.016346182804014703,0.4978518784046173,0.5532119274139404,0.7062674543484709,4.984031933051713,43.23992919921875,55.5397834777832
01101.png,5.2677764147520065,0.6459518671035767,0.4858041624704342,0.864662824288303,6.736774921417236,39.204673767089844,0.9669921727418584,0.6513910364144877,6.462366580963135,3.206107909771374,11.893977165222168,3.5357940196990967,23.71619415283203,0.5890507698059082,1.6700865030288696,0.984437108039856,0.011716033332049847,19.312192916870117,0.7051520830561991,0.013990358286475548,0.4877394437789917,0.5413537621498108,0.7150415780965487,5.231452759623022,43.35711669921875,55.75690460205078
01115.png,5.057222578674555,0.6576682329177856,0.5251207535976318,0.8675874432863111,6.891071319580078,25.825359344482422,0.9671633536424681,0.4892644384147316,6.068105220794678,3.402575737142884,9.573404312133789,2.3167176246643066,24.717464447021484,0.44788894057273865,1.7929019927978516,0.9737926125526428,0.026149163022637367,15.825422286987305,0.6958009092712222,0.011527597315183304,0.4520512819290161,0.42556899785995483,0.7217432928663458,4.942897559293946,21.19500732421875,54.61347198486328
01122.png,5.059996176511049,0.6605663299560547,0.5839643170026468,0.863656901973185,6.808304786682129,24.64545249938965,0.9626419407282045,0.46825527175476467,6.264393329620361,3.817004785074932,9.335457801818848,2.2019879817962646,27.8253116607666,0.45651865005493164,1.8076318502426147,0.9807659387588501,0.02814638800919056,15.505773544311523,0.6774706667257496,0.01254029420962137,0.44673481583595276,0.4358992576599121,0.6910821387240352,4.935898104867789,21.85174560546875,51.272605895996094
01136.png,5.0478157214820385,0.6619930267333984,0.6152017017564441,0.8654663861026577,6.479823589324951,22.338363647460938,0.9623060788476311,0.4381144940211537,6.275870323181152,3.923673602055583,9.463152885437012,1.9931305646896362,28.56357765197754,0.41525810956954956,1.8385796546936035,1.0044643878936768,0.032209619879722595,14.920144081115723,0.6599307492170816,0.01099567654794275,0.44709712266921997,0.44732746481895447,0.681707439855155,4.911595230636877,24.02117919921875,48.13783645629883
01147.png,5.35691512003541,0.6660290956497192,0.6097960324576205,0.8655169165747871,6.57072639465332,20.790637969970703,0.9619459799118648,0.42705957994906424,6.257596969604492,3.911341359911267,8.610475540161133,1.8534870147705078,26.849388122558594,0.3911038637161255,1.8465089797973633,1.038442850112915,0.032042235136032104,14.942771911621094,0.6578267443727746,0.008961367876383871,0.4514141082763672,0.44994908571243286,0.692509830674705,4.804361925133922,20.27410888671875,46.76521301269531
01156.png,5.311428673565388,0.6599960327148438,0.551830096978457,0.865276874730518,6.645137310028076,17.93985366821289,0.955552665620762,0.40012736816416605,6.007195472717285,3.490978933780024,7.608151435852051,1.6097502708435059,21.570695877075195,0.3517720699310303,1.837933897972107,1.0288196802139282,0.02650424651801586,15.766845703125,0.6204136729606232,0.009331853393171214,0.45429083704948425,0.439857542514801,0.6608611796536308,5.660235985055756,16.15399169921875,45.608585357666016
01165.png,4.8928888738155365,0.673754870891571,0.4685262210735114,0.860957805070277,7.196928024291992,20.490386962890625,0.9593941694822825,0.402263004735568,6.225246429443359,3.144329108569778,8.6384916305542,1.8341487646102905,23.26238250732422,0.3845611810684204,1.8473278284072876,1.0359095335006714,0.03180961310863495,14.974416732788086,0.6470214821171262,0.008669681720837055,0.4400503635406494,0.43368661403656006,0.6908734137041447,5.363366556720367,15.62811279296875,55.076499938964844
01186.png,4.924687769263983,0.6983776092529297,0.4179084330648597,0.8682073710857725,7.41162109375,47.30267333984375,0.9610821216168068,0.5830621032385193,6.564569473266602,2.920391688209822,13.641444206237793,4.394166469573975,26.912677764892578,0.4744883179664612,1.7166085243225098,0.975590169429779,0.03504040092229843,14.554309844970703,0.7299654091598233,0.016377124186304978,0.4415988326072693,0.3751256465911865,0.7573274198852575,4.043349788577168,25.23846435546875,53.111534118652344
01204.png,5.209481466561556,0.7163233757019043,0.44132810487772806,0.8699399301349717,7.26090145111084,42.24275207519531,0.9599378304043882,0.520803247403437,6.2500715255737305,2.9813941130833967,13.563884735107422,3.882995128631592,24.265979766845703,0.40800440311431885,1.6972270011901855,0.9963951706886292,0.04867139831185341,13.127262115478516,0.7204805135440917,0.01595992444291885,0.42712563276290894,0.3289073407649994,0.7237116836181314,4.232109846872833,23.36492919921875,53.931148529052734
01212.png,5.316557705402374,0.7251021265983582,0.37444042398068283,0.8655585993448762,7.268134117126465,37.26679992675781,0.9577285470930641,0.47083820615736627,6.03673791885376,2.4909477977243277,12.051912307739258,3.4223697185516357,21.318883895874023,0.42060932517051697,1.7351666688919067,0.9933196306228638,0.05144038796424866,12.886958122253418,0.6995229927194775,0.014036347811695927,0.4295985996723175,0.3177672326564789,0.7032387601305996,4.237213225565182,21.52117919921875,57.07037353515625
01223.png,5.333752702921629,0.7006782293319702,0.4312453706180477,0.8669709004003091,7.391024589538574,44.8941650390625,0.9615329128472652,0.555034689059875,6.50693416595459,2.9967232564331105,13.567953109741211,4.147631645202637,26.63633918762207,0.4437490403652191,1.7321672439575195,0.9974364042282104,0.03943746164441109,14.040910720825195,0.7323993759709958,0.016178678644334876,0.4318878650665283,0.35227739810943604,0.7631166163577772,4.137238054564159,22.83416748046875,52.27490234375
01227.png,5.319457974284887,0.6499009728431702,0.6800712614247765,0.9171952848169974,7.023321628570557,36.20505905151367,0.9670418763476496,0.5608579872442373,6.888676166534424,4.7305874453351,11.176042556762695,3.387009382247925,33.68751907348633,0.8432745933532715,1.5760703086853027,1.0588908195495605,0.012586547993123531,19.000934600830078,0.7354870013597534,0.011883267124290626,0.4972556531429291,0.5735687613487244,0.7551195679048737,4.489097718749196,17.63690185546875,50.1221923828125
01242.png,4.677836023271084,0.6254228353500366,0.48838701393886885,0.9095078142975129,6.958510875701904,25.50014877319336,0.9671782928029297,0.5247265907206502,6.606308937072754,3.3124497507476516,9.208391189575195,2.3703842163085938,32.481082916259766,0.8200598955154419,1.6633925437927246,1.0464353561401367,0.008107000030577183,20.91139793395996,0.6703632327352899,0.01261477428721512,0.509272575378418,0.5453343391418457,0.6912853038937191,4.456621616680401,13.66033935546875,52.38116455078125
01249.png,5.442301400005817,0.6327888369560242,0.44606242839955607,0.9029312275568648,7.0344343185424805,21.271949768066406,0.9687228457054362,0.5109351770830454,6.55429744720459,3.030719645397239,8.08859920501709,1.9361708164215088,29.37066078186035,0.8003494739532471,1.719376564025879,1.0345532894134521,0.009168609976768494,20.37696647644043,0.6526108123173117,0.013037836128814576,0.5046787261962891,0.5548300743103027,0.6748319528349547,4.991167018244982,14.97430419921875,45.51649475097656
01267.png,5.947633113712072,0.5703456401824951,0.4059078130469587,0.8665877646952124,6.188286781311035,23.171630859375,0.9265068559392238,0.5084053043735753,6.206634521484375,2.5156053607223505,7.906992435455322,2.1173226833343506,24.819534301757812,0.5352578163146973,1.8541127443313599,0.9833176732063293,0.0163296926766634,17.870220184326172,0.6005031086242735,0.018637343614040663,0.49045318365097046,0.4964476525783539,0.618100822725178,5.258930611956661,27.07049560546875,37.75703430175781
01270.png,6.017565026879311,0.6613768339157104,0.4258584136954854,0.8907797458178544,7.072292327880859,33.0638542175293,0.9639753967601914,0.5625346532779794,6.788819313049316,2.9514431353147828,10.549901962280273,3.043553113937378,32.56684875488281,0.7468918561935425,1.7014646530151367,1.1098129749298096,0.017396099865436554,17.595481872558594,0.7174995648333564,0.010256175101312956,0.4768833518028259,0.5288649201393127,0.7131069638338565,3.873382451421813,7.32537841796875,57.345340728759766
01299.png,5.872627429664135,0.6117866039276123,0.4711007599959117,0.8955682589313312,6.746644496917725,29.0240478515625,0.9644788976429943,0.49730252419291726,6.592453956604004,3.142038230493501,11.167065620422363,2.6445231437683105,33.165035247802734,0.7916647791862488,1.7579238414764404,1.1650922298431396,0.010496160015463829,19.789697647094727,0.7134261401268336,0.008348864408175755,0.492343008518219,0.558681845664978,0.6901014832914335,4.8236051678288305,16.30877685546875,40.400718688964844
01301.png,0.820032000541687,0.6925429701805115,0.6329128643060727,0.8816593050751576,6.787909030914307,135.7672119140625,0.9899700940222484,0.7325732036947512,7.0792341232299805,4.3883576697622,26.933696746826172,12.830167770385742,32.93245315551758,0.48226720094680786,1.683311939239502,0.9606236815452576,0.01803366094827652,17.43916130065918,0.801111189716695,0.020102026487856566,0.5091162919998169,0.4882802963256836,0.8327635915091064,6.839375772211256,30.02508544921875,60.03414535522461
01320.png,0.9301411658525467,0.6932465434074402,0.6318301910180776,0.8816155233955428,6.781170845031738,135.73916625976562,0.9899752720536347,0.728998434623898,7.076101303100586,4.377732672306472,26.920686721801758,12.823701858520508,32.88115692138672,0.48386481404304504,1.680572271347046,0.9596022963523865,0.01793576404452324,17.46280288696289,0.8002292630484605,0.02061606947232542,0.5088211297988892,0.48844805359840393,0.8313452397033846,6.551050338992291,30.19207763671875,60.075592041015625
01331.png,0.9294948913156986,0.6929438710212708,0.6192353800270757,0.880079427370897,6.745645523071289,134.99081420898438,0.9878542112667842,0.7034070131872616,7.058328151702881,4.2739647916523555,26.835580825805664,12.766677856445312,32.438533782958984,0.4744090437889099,1.6780065298080444,0.9528558850288391,0.018747728317975998,17.2705135345459,0.8002491798970708,0.020658481125768666,0.5057377815246582,0.4845326542854309,0.828552972983853,6.20605369051747,31.64422607421875,57.484127044677734
01345.png,4.480730403214693,0.7391237020492554,0.4634587599260101,0.8841848827126388,7.139553070068359,33.141902923583984,0.943596286924681,0.39281921362639644,6.147340297698975,3.078971751960813,9.38660717010498,3.0261282920837402,22.304183959960938,0.2905978560447693,1.6941781044006348,0.8673293590545654,0.07586264610290527,11.19972038269043,0.6087203985961522,0.02451886010783883,0.40643391013145447,0.2926536202430725,0.5498101397928771,3.9731803653107427,18.70135498046875,57.69981384277344
01388.png,4.886637471616268,0.7379977703094482,0.44128802780803844,0.8842495197966034,7.194211006164551,33.35124588012695,0.9411939593566566,0.40116272345723064,6.124357223510742,2.938670203435727,9.424774169921875,3.043893814086914,21.747371673583984,0.28643766045570374,1.7085059881210327,0.8523567914962769,0.07498101890087128,11.250487327575684,0.6083355260420926,0.023720847968621412,0.40202656388282776,0.2873881459236145,0.540101356669069,4.027314377258715,20.74676513671875,57.98680114746094
01393.png,4.899757970124483,0.724155843257904,0.5120865249692436,0.8907335179468093,7.496509552001953,149.62486267089844,0.9898242962887744,0.7384771291226864,7.595320701599121,3.864170772065709,31.323217391967773,14.18000602722168,48.508914947509766,0.3742423355579376,1.7236568927764893,0.9337447285652161,0.052849315106868744,12.76960563659668,0.741758462024265,0.029552461605277927,0.5080095529556274,0.4942127764225006,0.8032684355710059,6.041019787169706,25.55780029296875,61.212188720703125
01406.png,4.8701486848294735,0.7241867780685425,0.5121448296773898,0.8908716114632637,7.476101875305176,149.74215698242188,0.9898499116764743,0.739128746077051,7.594748497009277,3.8592384007282963,31.32710075378418,14.19140911102295,48.4928092956543,0.37241870164871216,1.7212353944778442,0.9333710670471191,0.052584901452064514,12.791390419006348,0.7425420030826333,0.028477706445289772,0.5080803036689758,0.49406710267066956,0.8044494162364426,5.8321047201761855,26.20135498046875,60.585113525390625
01413.png,4.2894270569086075,0.723625898361206,0.5167180880210087,0.890807112953715,7.4834065437316895,149.84954833984375,0.9903873088780046,0.7367632995042583,7.592565059661865,3.8950230908291577,31.32750129699707,14.202476501464844,48.398681640625,0.3724047839641571,1.7226834297180176,0.9371844530105591,0.05252530798316002,12.79631519317627,0.7429459907536465,0.02804535380516546,0.508182168006897,0.49516168236732483,0.80686739355836,5.990499232567905,25.36199951171875,59.25923538208008
01415.png,4.96421192958951,0.723963737487793,0.5180333470613474,0.891053048656051,7.476039409637451,149.88905334472656,0.9905353732963379,0.7398074800573028,7.5928497314453125,3.9031033548296463,31.32210922241211,14.204008102416992,48.43746566772461,0.3720138370990753,1.7344468832015991,0.9369540810585022,0.052534908056259155,12.795519828796387,0.7427443974268558,0.028391969222937807,0.5083648562431335,0.49587157368659973,0.8066770171676139,6.079639536927952,25.89178466796875,59.14893341064453
01422.png,5.0092397928237915,0.7240502238273621,0.5064259385939187,0.8904916036704492,7.502119064331055,149.9075927734375,0.988986692750205,0.7355932631681252,7.593706130981445,3.822468356384885,31.341352462768555,14.206338882446289,48.414466857910156,0.37322351336479187,1.7072930335998535,0.9286245703697205,0.05308074504137039,12.750630378723145,0.7409290015206557,0.028309213275147203,0.5068718194961548,0.4918714463710785,0.7970380106877067,6.097650314202232,25.64764404296875,60.44892883300781
01432.png,4.896366942673922,0.7067296504974365,0.476926110217322,0.8802584605564174,7.3792877197265625,123.94871520996094,0.9773515735008573,0.6953110813023538,7.5218353271484375,3.5533758582609565,27.572858810424805,11.703384399414062,45.552860260009766,0.5155798196792603,1.5776054859161377,0.9276387095451355,0.040398601442575455,13.9363374710083,0.7237992002654603,0.02448659309771116,0.5089642405509949,0.5086418390274048,0.7236238165265568,4.802191266902022,27.68231201171875,58.92681121826172
01437.png,5.122913621366024,0.7085804343223572,0.38708958187747655,0.8757519893372904,7.348397731781006,101.10052490234375,0.9674209917240317,0.651095161754879,7.297271728515625,2.834600097836187,22.545379638671875,9.511030197143555,39.57194519042969,0.5044103860855103,1.598100185394287,0.9294607639312744,0.039785876870155334,14.002710342407227,0.6930897432568279,0.024120718496362648,0.5072681903839111,0.4926304519176483,0.6635140849162035,4.340272749094282,29.68133544921875,56.35430145263672
01442.png,4.651690427213907,0.7199408411979675,0.24831194438764634,0.8657940354169713,7.33341646194458,72.65031433105469,0.9426696216492074,0.5545176525725981,6.755910873413086,1.749278598820652,15.895302772521973,6.802824974060059,26.512487411499023,0.45147696137428284,1.7217607498168945,0.7933931350708008,0.03784443438053131,14.219980239868164,0.6249838587120768,0.03256337058797167,0.5103073716163635,0.48911237716674805,0.505710928535522,4.177516752893844,32.05926513671875,51.000450134277344
01443.png,4.676064055413008,0.7163895964622498,0.20690710527243913,0.8621926664430511,7.308459758758545,70.89910125732422,0.9373455162163582,0.5361907306707363,6.61439847946167,1.4403727111619649,15.346647262573242,6.635944366455078,24.112003326416016,0.4287487864494324,1.7439086437225342,0.7896298766136169,0.03711695969104767,14.304276466369629,0.6236614346671422,0.031978898909617394,0.5080739259719849,0.49111008644104004,0.5050030397800351,4.321388789883432,31.54608154296875,54.22132873535156
01454.png,5.12247197329998,0.5333131551742554,0.44299961281498706,0.8918751708689974,6.6711931228637695,42.06571578979492,0.9046555591125092,0.5439964023801358,7.042834281921387,3.037662435840568,11.846055030822754,3.9483866691589355,45.562564849853516,0.7603756189346313,1.8514271974563599,0.7813215255737305,0.024287287145853043,16.146209716796875,0.6090418637405569,0.0338888810346755,0.49472862482070923,0.5332299470901489,0.504437895334854,4.028586736439748,30.79901123046875,45.50299072265625
01462.png,5.032117612659931,0.5315995812416077,0.44501008141767956,0.8904266865310669,6.656104564666748,41.63761901855469,0.9062204013295259,0.5449904067630432,7.037043571472168,3.046802719861306,11.715978622436523,3.9107394218444824,45.40317153930664,0.7520198822021484,1.8510733842849731,0.7855730056762695,0.0244082510471344,16.1246337890625,0.6098504550665357,0.03415431122928164,0.49542853236198425,0.5325689315795898,0.5066061286727942,4.130833804986495,31.31365966796875,44.16706466674805
01471.png,4.167623400688171,0.5297374725341797,0.44512804181409615,0.8909599013730496,6.659137725830078,41.36163330078125,0.9032500850098357,0.5422825721748061,7.0279645919799805,3.0462647287844664,11.54958724975586,3.8860554695129395,45.20881271362305,0.7544571161270142,1.856382131576538,0.7832880020141602,0.024470089003443718,16.113645553588867,0.609769535393076,0.03355788654619868,0.49320322275161743,0.5278826951980591,0.5040835629099686,3.9123748910922624,30.23895263671875,45.248451232910156
01482.png,5.001675862818956,0.5304697751998901,0.44135089953327244,0.8916292909923685,6.677500247955322,41.708160400390625,0.9033926570313714,0.5447543084924846,7.026773452758789,3.0242048612432963,11.729475975036621,3.9205408096313477,45.00971984863281,0.7605447769165039,1.852042317390442,0.7823373079299927,0.02431284636259079,16.14164161682129,0.6106105781524394,0.033494093400520175,0.4935530424118042,0.5312687754631042,0.5026055902408331,4.009522128675633,29.96600341796875,45.01759338378906
01486.png,4.98614064604044,0.5312487483024597,0.44252996049635324,0.8912781445182811,6.670616149902344,42.15195846557617,0.9038351996416317,0.5456327148194108,7.033864974975586,3.032329908662186,11.839244842529297,3.9588403701782227,45.39636993408203,0.7574628591537476,1.8532435894012451,0.7819960117340088,0.024697721004486084,16.07343292236328,0.6120826538646051,0.03354086195265821,0.49408477544784546,0.5346340537071228,0.5032460883507087,3.909699916799528,30.18670654296875,45.45912170410156
01492.png,4.642262581735849,0.5360775589942932,0.4524350587018373,0.8908392034563705,6.7203497886657715,43.3548698425293,0.9025106363648849,0.5453357352154479,7.038490295410156,3.112499115002368,12.011122703552246,4.069661617279053,43.53201675415039,0.7584912776947021,1.8636527061462402,0.7997691035270691,0.02399257943034172,16.199230194091797,0.6179991330198482,0.03247817962667134,0.49041271209716797,0.5300389528274536,0.5196658326978153,4.104914025467266,33.73992919921875,44.453948974609375
01494.png,2.2435164861381054,0.7021068334579468,0.5224277958574303,0.8781038981333465,7.3072829246521,127.90149688720703,0.9741493542514423,0.7248460176313696,7.219247817993164,3.7945406755635673,25.825592041015625,12.147909164428711,37.425052642822266,0.4568631052970886,1.6885243654251099,0.8644051551818848,0.03427323326468468,14.650449752807617,0.7524093809449657,0.02118273755930274,0.49608227610588074,0.4706331789493561,0.7222913564910887,5.096414234133013,30.36199951171875,62.132301330566406
01505.png,2.2062933146953583,0.6973365545272827,0.512744291420843,0.8761665063583233,7.200198650360107,129.25506591796875,0.9779289682518107,0.7166356684928346,7.194779872894287,3.6904806069349725,25.971681594848633,12.296008110046387,36.94594955444336,0.5205601453781128,1.5945316553115845,0.867069661617279,0.03224823996424675,14.91494083404541,0.7408766721167475,0.02132071837122818,0.5005382299423218,0.470820814371109,0.7042561732696397,5.7064911546497745,30.45574951171875,61.06648635864258
01511.png,1.9521466791629791,0.6969509720802307,0.5220672211911251,0.8761854241078987,7.174180030822754,128.6087646484375,0.9791869496113978,0.7147983844171346,7.205708980560303,3.753643364258032,25.7835750579834,12.221869468688965,37.1883430480957,0.5167702436447144,1.5892596244812012,0.8713436126708984,0.03277719020843506,14.844284057617188,0.7366772660495132,0.023116542182432157,0.5013675093650818,0.46855777502059937,0.7071135152610191,5.9156736620112955,30.51483154296875,61.37540054321289
01527.png,1.9115819372236729,0.6998715996742249,0.5202759672437901,0.8761422365006062,7.201316833496094,129.54129028320312,0.978985280005678,0.7152098151493415,7.205569267272949,3.747787417201593,25.951709747314453,12.313228607177734,37.253257751464844,0.5247516632080078,1.609178066253662,0.8718190789222717,0.03203216940164566,14.944137573242188,0.7423447980605584,0.02214742419067671,0.5042831897735596,0.4686911702156067,0.7108534463117359,6.204968272642175,32.14520263671875,59.82798767089844
01531.png,4.331216134130955,0.7876291275024414,0.6237768109881582,0.9191945317566294,7.082064151763916,47.46967315673828,0.9470644605537399,0.46311718250664724,6.9073591232299805,4.36314876257258,12.461783409118652,4.3704118728637695,38.92262268066406,0.19390341639518738,1.8153471946716309,1.104261040687561,0.073989637196064,11.308292388916016,0.7178133193329962,0.02844643596178981,0.36771029233932495,0.4362115263938904,0.7681606654773554,5.206972755655311,33.59344482421875,57.43138122558594
01547.png,4.6566844172775745,0.8029438853263855,0.6261993554284628,0.9200907346525892,7.0713276863098145,47.39244842529297,0.9462495361995314,0.46001330015583647,6.909546852111816,4.3774167695023944,12.428266525268555,4.366096019744873,38.93730926513672,0.19024911522865295,1.812950849533081,1.1036429405212402,0.07442867010831833,11.282597541809082,0.7138544531359335,0.029665752684069947,0.3671829104423523,0.4361819326877594,0.7651257401212518,5.29655653920907,33.73699951171875,57.924095153808594
01562.png,4.604165844619274,0.8097591400146484,0.6255857073626316,0.9204910249561897,7.0708136558532715,47.51075744628906,0.9456052366588408,0.4585993455018898,6.908709526062012,4.372704377431738,12.43242073059082,4.378499984741211,39.15708541870117,0.1881541609764099,1.8037257194519043,1.0927996635437012,0.07449942827224731,11.278470993041992,0.7080464543464735,0.03044466058810714,0.3680914342403412,0.4382905960083008,0.7545887229198619,5.192612012798701,34.20330810546875,57.802024841308594
01579.png,4.924208402633667,0.8034530878067017,0.6290306634688492,0.9205062860963273,7.057802200317383,47.522796630859375,0.9453802420602158,0.46009180818461826,6.9112396240234375,4.393486994448885,12.43832778930664,4.380889892578125,39.24101638793945,0.188070148229599,1.7999420166015625,1.0965602397918701,0.07362254709005356,11.329891204833984,0.7078688383803926,0.03052724661158086,0.37004175782203674,0.43594473600387573,0.7556486981497457,5.197627938831748,34.29412841796875,56.9698486328125
01584.png,4.964625999331474,0.726019561290741,0.6415756063937996,0.8904359113687021,7.219241619110107,51.798492431640625,0.9828567127528871,0.5601555840250536,6.675060272216797,4.457134220954906,14.342963218688965,4.798648357391357,32.28021240234375,0.3309093117713928,1.7040040493011475,0.9804272651672363,0.06461023539304733,11.896986961364746,0.7657540683361042,0.019163067798107322,0.42029210925102234,0.4023100435733795,0.8280290485013561,4.219314149125378,29.91424560546875,62.309288024902344
01587.png,4.819748409092426,0.7201404571533203,0.6291130651315224,0.8890471213217908,7.224104881286621,53.388275146484375,0.9842742896818436,0.5778074886484231,6.703035354614258,4.380884329601848,14.417038917541504,4.9596757888793945,31.713703155517578,0.34518522024154663,1.6861329078674316,0.9859573841094971,0.06080091744661331,12.160898208618164,0.7693670644319597,0.019054026231940267,0.4216666519641876,0.41487905383110046,0.8329009365337721,4.289579106774055,31.50213623046875,61.12852478027344
01599.png,4.816017992794514,0.719022274017334,0.643167663555251,0.8853831793895004,7.22596549987793,54.093955993652344,0.983230050861962,0.603616830179141,6.778613090515137,4.503657938273747,14.543556213378906,5.037959098815918,32.24115753173828,0.37581008672714233,1.6560711860656738,0.9896717071533203,0.05711856856942177,12.43222713470459,0.7736199520644682,0.0175862149771161,0.4319108724594116,0.4223370850086212,0.8364597768797043,4.312279868331265,31.69061279296875,64.15386199951172
01608.png,4.11239905282855,0.7280117273330688,0.6411965502280658,0.8874176722492847,7.218411445617676,56.04026412963867,0.9831080894876814,0.5928192898712151,6.766692161560059,4.483611807032823,14.970437049865723,5.222131252288818,32.12083053588867,0.35673385858535767,1.6615686416625977,0.976632833480835,0.05948805809020996,12.25570297241211,0.7718034501866897,0.019119627808101683,0.43044403195381165,0.424824595451355,0.8234732994058362,4.270156847476472,34.18914794921875,64.95531463623047
01640.png,4.209972731769085,0.7079563140869141,0.7005769215535458,0.889457862033445,7.1497344970703125,55.481502532958984,0.9866940764942577,0.5997583936807805,6.761077880859375,4.872809036899055,14.33353328704834,5.166266441345215,32.09233474731445,0.37842893600463867,1.7407169342041016,0.9887403249740601,0.058374449610710144,12.337772369384766,0.7856695333743366,0.014588163240569217,0.44204291701316833,0.43119847774505615,0.8299198929608409,4.442098070965699,33.31805419921875,65.5261459350586
01659.png,5.272665999829769,0.7173380851745605,0.7028984398367613,0.889643377721714,7.142430305480957,55.882469177246094,0.9871636152811024,0.5911568185435462,6.750857830047607,4.882797382664638,14.489728927612305,5.204780578613281,32.05983352661133,0.3785023093223572,1.7485148906707764,0.9910898804664612,0.059701137244701385,12.24017333984375,0.7829154095909313,0.016020112121937935,0.442310094833374,0.43135228753089905,0.8342207288499337,4.349596379547555,33.96014404296875,65.22116088867188
01670.png,5.277024675160646,0.7113256454467773,0.5653754953686994,0.8865015627459544,7.347955226898193,68.28204345703125,0.984983867112778,0.6621670990162474,6.91949462890625,4.033243567749151,16.681312561035156,6.409811973571777,33.376834869384766,0.39078259468078613,1.7427494525909424,0.9625589847564697,0.0496477410197258,13.04100513458252,0.787794493635734,0.013331469808194404,0.4673323631286621,0.4579828977584839,0.8164939041045558,4.482192800056933,36.73651123046875,66.39661407470703
01673.png,4.550147693604231,0.7140035629272461,0.5958868314547503,0.8846765115293546,7.214733600616455,67.52590942382812,0.9846080024959948,0.6506623156728085,6.806754112243652,4.177621027938429,16.70100975036621,6.3409857749938965,31.419742584228516,0.4210392236709595,1.7169339656829834,0.9533240795135498,0.049594946205616,13.045625686645508,0.7817457070432557,0.014749639079233408,0.47037583589553833,0.4617376923561096,0.8054729422589908,4.497148790809495,36.87713623046875,65.819580078125
01707.png,4.498634897172451,0.7240513563156128,0.5880795113297208,0.8834656982152792,7.2121901512146,68.72566223144531,0.9863593132788697,0.6710346057215608,6.83563756942749,4.130629850576463,16.749195098876953,6.464402675628662,31.426315307617188,0.4478829801082611,1.692168951034546,0.9611107110977173,0.04437946528196335,13.528179168701172,0.7928966093255894,0.013295738744212294,0.4759471118450165,0.46764901280403137,0.8166165850031485,4.565151828942686,35.60125732421875,67.45608520507812
01710.png,4.538327842950821,0.7114645838737488,0.4610400928645016,0.8833791631093353,7.265491962432861,51.604736328125,0.9570016054322963,0.4224052788444904,6.530264854431152,3.1802066983439197,13.70797061920166,4.610287666320801,30.537878036499023,0.3519289195537567,1.7666680812835693,0.7707776427268982,0.07263766974210739,11.388381958007812,0.6203115307282167,0.034000663202467356,0.4129609763622284,0.4780074954032898,0.5125371311182388,4.6008419883252705,31.22674560546875,60.01510238647461
01724.png,4.524912919849157,0.7110230326652527,0.4629534489719093,0.8841533758719009,7.264457702636719,51.56353759765625,0.9574633438056958,0.42611154910577353,6.529448509216309,3.1929764072276274,13.666322708129883,4.606220245361328,30.585994720458984,0.35693830251693726,1.7686614990234375,0.77382493019104,0.07267526537179947,11.386133193969727,0.6201780833275028,0.034401556463033583,0.41439002752304077,0.48170483112335205,0.5140106999602468,4.571696053298327,31.04217529296875,60.83135223388672
01729.png,4.276649810373783,0.7103137969970703,0.4630392932432902,0.8836442988546248,7.259465217590332,51.68540954589844,0.9580076442566449,0.42551616346854726,6.524494171142578,3.19126588466305,13.684083938598633,4.616063117980957,30.531343460083008,0.3647221326828003,1.7660231590270996,0.7670877575874329,0.07278068363666534,11.379837989807129,0.6182044832994829,0.034123421472101186,0.41559913754463196,0.47873347997665405,0.5102617068568011,4.570049506625978,30.93182373046875,61.425838470458984
01741.png,4.562669385224581,0.7120416164398193,0.46448151906303187,0.884311704275248,7.2533650398254395,51.81541061401367,0.9578858871876994,0.42594781109349383,6.529616355895996,3.2009785971767677,13.72426700592041,4.628383636474609,30.604843139648438,0.3649561405181885,1.76967453956604,0.7657580375671387,0.0730111300945282,11.366109848022461,0.6179709576547909,0.03399531677469609,0.4157237410545349,0.4749239683151245,0.5096645735173473,4.542779806622426,30.87615966796875,61.48881912231445
01760.png,5.695444766432047,0.7154437899589539,0.4945532990611267,0.8965277030680551,7.213373184204102,45.200279235839844,0.9521936444745145,0.42561372840972167,6.50004243850708,3.39101640187255,12.66960334777832,4.064209461212158,36.912208557128906,0.28737780451774597,1.7811994552612305,0.8067178726196289,0.07380299270153046,11.319260597229004,0.6335276155170038,0.03372622756619274,0.4090227484703064,0.44599926471710205,0.5554347772575765,4.19447281104211,24.61590576171875,58.806880950927734
01773.png,5.685119275003672,0.7174725532531738,0.5022015431447879,0.8973856580960801,7.152778148651123,45.19090270996094,0.9519229263167175,0.4248755708902692,6.516546249389648,3.4323869794211284,12.652128219604492,4.057409286499023,37.05036926269531,0.2882413864135742,1.7867166996002197,0.8062732219696045,0.07540197670459747,11.22617244720459,0.6330861435492531,0.033923025196968874,0.40760499238967896,0.44425058364868164,0.5529313209500907,4.179979004084647,25.18084716796875,59.75556564331055
01779.png,5.615230906754732,0.7196893692016602,0.5031403462530798,0.8969713739915236,7.1398701667785645,45.096656799316406,0.9518388865045131,0.42140883600201073,6.522632598876953,3.437087173066292,12.63578987121582,4.047567367553711,37.103538513183594,0.28822147846221924,1.7820913791656494,0.8051536083221436,0.0757414922118187,11.206661224365234,0.6333928960502027,0.0338999998250785,0.40726643800735474,0.44310975074768066,0.5525514112262456,4.154221462793748,25.02947998046875,59.284019470214844
01783.png,5.633426368236542,0.7201465368270874,0.5033620995338811,0.8965281916239487,7.135472774505615,45.19863510131836,0.9515777216806539,0.42152550828442636,6.523150444030762,3.437625677751427,12.651420593261719,4.056073188781738,37.03583526611328,0.28964757919311523,1.7810766696929932,0.803071916103363,0.07568950206041336,11.209644317626953,0.633287210847378,0.03377273485499814,0.40690547227859497,0.4455311894416809,0.5509763310009321,4.155558914637575,25.07342529296875,59.88175964355469
01789.png,5.266770865768194,0.7206051349639893,0.5054568238707343,0.896701487168061,7.131244659423828,45.16367721557617,0.9519468308807948,0.4216522110551213,6.519749641418457,3.4500032236318336,12.601346015930176,4.052772521972656,36.97013473510742,0.2876288890838623,1.7779459953308105,0.8061478734016418,0.0761742889881134,11.181916236877441,0.634404815345331,0.0339008090181203,0.4059651494026184,0.4424358308315277,0.5524153232240517,4.046599471872766,24.84539794921875,59.80466842651367
01803.png,1.5821754448115826,0.6857029795646667,0.7702387186814698,0.900425587224984,5.9077019691467285,47.73550033569336,0.9688658980338423,0.4912542072227991,6.438218593597412,4.7546652996564305,10.682089805603027,4.074780464172363,36.68673324584961,0.2718190848827362,1.666074514389038,0.938726007938385,0.0327158197760582,14.852422714233398,0.6995740144171815,0.02005867524889304,0.4331677258014679,0.36294683814048767,0.7524001562932736,5.36484735313415,35.94598388671875,57.279144287109375
01806.png,1.8979474492371082,0.6823004484176636,0.7784244171035765,0.8976901349346323,5.91826057434082,49.08699035644531,0.9680614434413577,0.475840370977771,6.44869327545166,4.813381887172811,10.998956680297852,4.205486297607422,36.61778259277344,0.281648725271225,1.657476544380188,0.9309049844741821,0.03361256793141365,14.734983444213867,0.6956810754216383,0.021299403738627234,0.43471407890319824,0.3535214066505432,0.7469930983837826,4.9425887949261496,36.55828857421875,52.112022399902344
01807.png,0.9593836702406406,0.6858127117156982,0.7745542001674419,0.9026184580734825,5.923144817352295,47.49366760253906,0.9683103221231137,0.4604450749884128,6.4059553146362305,4.774790423407319,10.632952690124512,4.059733867645264,36.73774337768555,0.26351669430732727,1.680293083190918,0.9263278841972351,0.03349967673420906,14.749593734741211,0.6946025653149394,0.020145952730805015,0.4314548075199127,0.3672357499599457,0.7480215880304469,5.171560396368955,35.92742919921875,57.076961517333984
01811.png,0.6687631644308567,0.6841387748718262,0.7692023914248173,0.8923012301989522,5.936695098876953,52.269386291503906,0.9668809795256789,0.5359952618349441,6.505446434020996,4.785276014167685,11.570923805236816,4.510509967803955,34.8648567199707,0.3086702227592468,1.6806769371032715,0.91419917345047,0.029974177479743958,15.232528686523438,0.7039763966446386,0.02160463508877949,0.4345026910305023,0.36693716049194336,0.7458489191493549,4.969000599091271,38.52410888671875,53.98694610595703
01828.png,0.7167577110230923,0.6808531284332275,0.7444240436418956,0.89438179006498,5.888919353485107,51.2110710144043,0.9694783278228885,0.5120322517003817,6.504251003265381,4.6128989987029225,11.216333389282227,4.420165061950684,33.726009368896484,0.3009680509567261,1.7089954614639282,0.9300155639648438,0.025982078164815903,15.853261947631836,0.7104120743692197,0.01696926807169633,0.44174036383628845,0.36957046389579773,0.7563146635158201,5.329252939868024,38.56512451171875,57.05963897705078
01845.png,4.872235093265772,0.7208031415939331,0.3384816238902023,0.8684042388825081,7.246321201324463,30.63686752319336,0.9546809107233477,0.35560694306893065,5.293182849884033,2.122201912266638,8.87050724029541,2.73252010345459,16.598892211914062,0.23607918620109558,1.7161246538162231,0.6389361023902893,0.08073044568300247,10.92962646484375,0.5482463339854197,0.04616026320047448,0.42968589067459106,0.34799954295158386,0.4239541661965875,4.538201238712501,25.26922607421875,59.03944396972656
01856.png,4.658171974122524,0.722999095916748,0.3580605944304531,0.8679320518574427,7.196118354797363,33.23102951049805,0.9546418428647369,0.3669746176732261,5.3700127601623535,2.249724827224391,9.453081130981445,2.980595111846924,17.548954010009766,0.24922582507133484,1.6769551038742065,0.6409457921981812,0.08028862625360489,10.953460693359375,0.5525819479304462,0.048818256570763004,0.4372529089450836,0.35094013810157776,0.4253371855871683,4.7052485696276865,27.90057373046875,59.9698600769043
01861.png,4.809248864650726,0.7224532961845398,0.3587606229314314,0.8667370502250573,7.241529941558838,34.25495910644531,0.953888280868013,0.36830077745984485,5.439502716064453,2.2747343264089483,9.686765670776367,3.0779623985290527,17.952905654907227,0.2545578181743622,1.6895010471343994,0.638473391532898,0.0786302238702774,11.044105529785156,0.554117345807779,0.04808029039836482,0.43863749504089355,0.3587111830711365,0.4202101566244355,4.528337536948904,24.48748779296875,56.09502029418945
01867.png,4.889481443911791,0.711620032787323,0.3346665168332659,0.8955596329488494,7.779509544372559,28.1416072845459,0.9638199262380659,0.35969691184192865,5.023309230804443,2.1423431283795793,9.015151023864746,2.519298791885376,19.895401000976562,0.26679497957229614,1.7533929347991943,0.8654459118843079,0.07215718179941177,11.417203903198242,0.629301525197575,0.02637905430655024,0.4056544899940491,0.2360556572675705,0.5483363966103497,4.4446304422461775,25.81658935546875,55.18101501464844
01899.png,4.874505043029785,0.7053562998771667,0.3354087126960059,0.8963722975887746,7.783655166625977,28.602415084838867,0.9636793799983631,0.36144156847381004,5.0667877197265625,2.1550808265923287,9.10422134399414,2.5622024536132812,19.933135986328125,0.26189273595809937,1.7609951496124268,0.8535593748092651,0.07175294309854507,11.441603660583496,0.630034024390797,0.030461377736438634,0.4038632810115814,0.2382308840751648,0.5418744896054548,4.5642591252792295,26.82537841796875,56.420467376708984
01911.png,4.909959401935339,0.7063056826591492,0.3355011076665282,0.8962894740814575,7.776801109313965,28.629920959472656,0.9640603076802761,0.3626466397887781,5.08052921295166,2.156829953542175,9.113717079162598,2.565032482147217,19.90595817565918,0.26189494132995605,1.7591191530227661,0.8532096743583679,0.07173674553632736,11.442584037780762,0.6295463535832548,0.030761653040141168,0.4049583375453949,0.2416520118713379,0.5424413339413887,4.585674842393484,26.59881591796875,55.70386505126953
01912.png,0.5915975980460644,0.6749163866043091,0.6627552979825867,0.874204638794968,5.866794109344482,48.55440902709961,0.9527356317109864,0.36955338294907025,6.466747760772705,4.087070613745526,11.00041675567627,4.015368461608887,25.55409812927246,0.7033405303955078,1.815244436264038,0.8628053665161133,0.02114449068903923,16.748027801513672,0.6378341326577032,0.025917500830870778,0.48689746856689453,0.4207456111907959,0.49276556808988026,5.076521800435052,23.86053466796875,63.007652282714844
01913.png,0.6033613383769989,0.673498272895813,0.6834637292331236,0.883057586273409,5.755002975463867,48.050384521484375,0.9558996494353558,0.3618432453804826,6.46953821182251,4.177526862453016,10.77912712097168,3.973254919052124,25.627811431884766,0.7536479234695435,1.7986235618591309,0.8947546482086182,0.020367680117487907,16.910585403442383,0.6449599650979029,0.025433483613792683,0.4896544814109802,0.44106581807136536,0.5115678108141171,5.133016707707317,23.63201904296875,62.54295349121094
01919.png,1.2995580360293388,0.6741828322410583,0.6910845363504506,0.8862433862833923,5.74298095703125,47.387916564941406,0.9569497625845339,0.3570162672500463,6.448177337646484,4.212571770057949,10.527338981628418,3.9187839031219482,25.394826889038086,0.7658677101135254,1.7971758842468262,0.9056972861289978,0.020098716020584106,16.96831703186035,0.6458989327782284,0.024756900221473067,0.49095624685287476,0.4321898818016052,0.5175921759528921,5.171647096516438,23.84344482421875,61.51631164550781
01929.png,1.536458682268858,0.6723092794418335,0.692309770894482,0.887890770668094,5.71370267868042,47.478294372558594,0.957087361878005,0.36911685068871664,6.450045108795166,4.210552178485321,10.547233581542969,3.927786111831665,25.399921417236328,0.7747058868408203,1.7810378074645996,0.9100880026817322,0.019745199009776115,17.045385360717773,0.6436930665350886,0.02490308399826683,0.4903448224067688,0.4256945252418518,0.5197741752661691,5.06268321310848,22.87078857421875,63.11695098876953
01937.png,5.464394934475422,0.7167000770568848,0.5791911205418682,0.8989749332332388,7.065202713012695,79.46105194091797,0.9856797462800415,0.6553668968928856,6.641455173492432,3.9693976768721964,18.99711799621582,7.612419128417969,26.411563873291016,0.29495954513549805,1.825575828552246,0.9398254752159119,0.04628567025065422,13.345535278320312,0.7799627675083167,0.01814342076094744,0.45195290446281433,0.451106458902359,0.8154976660073259,4.564491593174945,36.71063232421875,67.48278045654297
01947.png,5.296140845865011,0.7153465151786804,0.5824897290185392,0.8999331156375054,7.039244174957275,80.13734436035156,0.9846353169492069,0.655112291286136,6.641305923461914,3.9844007807594544,19.12874984741211,7.672672271728516,26.56917953491211,0.2870055139064789,1.819230318069458,0.9376040101051331,0.04753296449780464,13.23005199432373,0.7791282039548232,0.017851843865406444,0.44950252771377563,0.44678372144699097,0.8130722366183951,4.552917518152443,35.94989013671875,67.4197769165039
01954.png,5.2709515653550625,0.7156414985656738,0.5783992800317028,0.8998853774112707,7.046350955963135,79.71969604492188,0.9852485600910424,0.6515472652308274,6.632935523986816,3.9560557062198836,19.026763916015625,7.632466793060303,26.219104766845703,0.288643479347229,1.8272043466567993,0.9354603290557861,0.04740569740533829,13.241695404052734,0.7782337119099095,0.017955952313787334,0.4496321976184845,0.4472945034503937,0.8095110148902845,4.501213441368869,35.49383544921875,65.94879913330078
01963.png,5.1957516595721245,0.7144405245780945,0.5831312966399985,0.8996602292321053,7.020328044891357,79.91881561279297,0.9845631483996364,0.6526747310627432,6.633657455444336,3.981043707202101,19.124319076538086,7.653392791748047,26.225540161132812,0.28703778982162476,1.8172228336334229,0.9340189099311829,0.047145240008831024,13.265621185302734,0.7780251600807203,0.018085322118849008,0.44834938645362854,0.4467666745185852,0.808606356700724,4.493091499094298,35.59442138671875,66.5248794555664
01977.png,4.966251872479916,0.7251057028770447,0.6656956536537421,0.9083268843952595,6.9951372146606445,84.16761779785156,0.9857716349446562,0.6069162599792551,6.768681049346924,4.581268913140434,20.633455276489258,8.047789573669434,29.48332977294922,0.2504734992980957,1.857970118522644,0.9591391682624817,0.0566825345158577,12.465507507324219,0.790440750455533,0.018441235655943664,0.41837459802627563,0.42327365279197693,0.8445419018713756,4.668740598662377,41.24920654296875,68.10774993896484
01981.png,5.456440817564726,0.727401852607727,0.6659097979755182,0.909775163782083,7.0362019538879395,86.89507293701172,0.9860328130836473,0.6084344322017262,6.794295787811279,4.60494392765259,21.3983097076416,8.30195426940918,29.843957901000977,0.24329297244548798,1.8633735179901123,0.959615170955658,0.056552693247795105,12.47546672821045,0.7927005053229599,0.017290947293559785,0.42041584849357605,0.4243890643119812,0.8437087970677589,4.609565955423615,41.13299560546875,67.57920837402344
01985.png,5.434378162026405,0.7416180372238159,0.630815418058928,0.9195893197135387,6.9204559326171875,52.491111755371094,0.98557150569116,0.47558050266330865,6.224672794342041,4.146086284153391,14.44271183013916,4.9121413230896,26.1613712310791,0.19917207956314087,1.871733546257019,1.0070843696594238,0.07488316297531128,11.256158828735352,0.7650705804643405,0.021665792761039197,0.3637262284755707,0.3670991361141205,0.8297135978817954,4.805153347886397,28.88055419921875,62.36015701293945
01994.png,5.3866456262767315,0.7522713541984558,0.5970825962632471,0.9124319930746636,7.56800651550293,52.40859603881836,0.9528670542058958,0.39001369072490966,7.133507251739502,4.389019836679839,15.971997261047363,4.769993305206299,40.86096954345703,0.20508137345314026,1.850250244140625,0.8510290384292603,0.10046824812889099,9.979711532592773,0.7008742317557146,0.02818378285082815,0.3494689464569092,0.37355607748031616,0.6243548556011026,4.345758836119638,17.88104248046875,60.568870544433594
01996.png,4.741921126842499,0.7501358389854431,0.5945748352005813,0.9118157596725642,7.6541876792907715,48.72142791748047,0.9485084566150634,0.3881501144905013,7.106201171875,4.3880884654981855,15.132895469665527,4.43140983581543,40.3516731262207,0.2116759717464447,1.8693838119506836,0.8733036518096924,0.09616869688034058,10.169663429260254,0.6990876539395481,0.026308978170023905,0.3450888991355896,0.4663633108139038,0.6326640979713175,4.424891735661784,16.45819091796875,64.22087860107422
02002.png,5.6402882412076,0.7588925361633301,0.6128815901782773,0.9131715015160293,7.547223091125488,44.442867279052734,0.9531401827674835,0.3963085081852547,7.194132328033447,4.517363924547455,14.391764640808105,4.03095817565918,42.63896179199219,0.2137092649936676,1.869661808013916,0.9557368755340576,0.10020796954631805,9.99097728729248,0.7197520320828573,0.022706977277546718,0.3384818732738495,0.4694599211215973,0.6889547422262142,4.1713633829209265,22.67205810546875,58.19697570800781
02011.png,5.669067170470953,0.7526806592941284,0.6015236232743864,0.9085996859471397,7.543457984924316,40.950439453125,0.95189892153007,0.37033060430468334,7.085414886474609,4.3998170781976516,13.161567687988281,3.711456298828125,37.345726013183594,0.22810441255569458,1.8755487203598022,0.9091943502426147,0.10024216771125793,9.989496231079102,0.6930244642793162,0.022725468411803933,0.32816994190216064,0.4491884410381317,0.646849810626938,4.3887283467507565,21.47137451171875,59.23063278198242
02033.png,5.691460512578487,0.743252158164978,0.5895222508692857,0.9066782398859075,7.434993743896484,46.76556396484375,0.9536608527882715,0.3929979874539856,7.126797199249268,4.292260490220206,14.128727912902832,4.27548885345459,40.99138641357422,0.250252902507782,1.8906745910644531,0.9845941662788391,0.09721364080905914,10.12272834777832,0.7206371375105395,0.023793159202393496,0.33015942573547363,0.4785338044166565,0.7079222733927311,4.241701783918026,22.00946044921875,60.228065490722656
02045.png,5.683149509131908,0.7329579591751099,0.5864437559226617,0.8879007973813134,7.494383811950684,74.37255096435547,0.9701283336897314,0.49456455174562775,7.377580642700195,4.3607963242312255,20.883634567260742,6.748036861419678,46.51918029785156,0.39711540937423706,1.855543613433838,0.9609920978546143,0.08526065945625305,10.692512512207031,0.7359922361872074,0.025905500986802492,0.3636593818664551,0.49240612983703613,0.737633287544494,4.25531442470646,37.33319091796875,65.7313461303711
02073.png,5.434104774147272,0.7311188578605652,0.5764881030542663,0.8865531935264578,7.480989933013916,77.24568939208984,0.96794002582691,0.5054891855068635,7.3968729972839355,4.288466091841025,21.494056701660156,7.025541305541992,47.039512634277344,0.40739986300468445,1.8284697532653809,0.9353553652763367,0.08394734561443329,10.759930610656738,0.7326498304483483,0.02638464386363604,0.3716069459915161,0.48959603905677795,0.722439210333263,3.9748176954574292,37.87078857421875,66.325439453125
02083.png,5.412420935928822,0.7292796969413757,0.5786691025286701,0.8862893476686295,7.4914937019348145,78.14541625976562,0.9676189700186348,0.5198379188096492,7.428099155426025,4.316764436659442,21.585206985473633,7.094642162322998,47.6296501159668,0.410197913646698,1.8294212818145752,0.9359172582626343,0.08190092444419861,10.867111206054688,0.7360882492126289,0.026007278094282892,0.37801966071128845,0.48986655473709106,0.7245098108004379,3.834411357653594,37.68475341796875,65.30070495605469
02090.png,5.412613678723574,0.7317922115325928,0.5796920707989086,0.8867423243818339,7.485380172729492,78.69671630859375,0.9685298804387382,0.5107159613921557,7.409272193908691,4.317166558420123,21.710344314575195,7.1505866050720215,46.939205169677734,0.40313389897346497,1.8277766704559326,0.9283289313316345,0.08374951779842377,10.770177841186523,0.7317975812676972,0.026230963109967382,0.37382474541664124,0.48863735795021057,0.7195162079055948,3.9631499731478437,38.36053466796875,66.65068054199219
02102.png,5.733646519482136,0.7336486577987671,0.6427085845748637,0.9056285024954278,7.204019069671631,37.08022689819336,0.9524763833184666,0.38990292978026464,7.458288192749023,4.711807337774021,11.838350296020508,3.3202054500579834,53.91425323486328,0.2567194104194641,1.875063419342041,0.85271155834198,0.09498701989650726,10.223358154296875,0.6556458681517782,0.024054401358596787,0.3536790609359741,0.36477357149124146,0.5763229275562892,4.382609145098851,21.97088623046875,48.80903625488281
02119.png,4.809151653200388,0.7659409046173096,0.5934869773771148,0.9114032615889709,7.384256839752197,43.582916259765625,0.9487522593862263,0.3674905466111018,7.358040809631348,4.374691604984207,14.035880088806152,3.932246685028076,47.12904357910156,0.2113860547542572,1.8483680486679077,0.8188000917434692,0.11139429360628128,9.531371116638184,0.6608488085245384,0.02563809507829671,0.32966792583465576,0.34550681710243225,0.5578008879887753,4.2384180252936945,20.48114013671875,59.06793212890625
02120.png,5.334289848804474,0.7540640830993652,0.4866518680030541,0.9064352519923913,7.3327813148498535,46.06901168823242,0.9300524562633614,0.4180880135646412,7.538003921508789,3.6184567144227984,12.742256164550781,4.071043014526367,58.10847091674805,0.23720650374889374,1.8318471908569336,0.7674405574798584,0.1061205118894577,9.742006301879883,0.6253511547822624,0.029135630890323217,0.35973379015922546,0.28014808893203735,0.5031333916117915,4.185899596560408,33.59490966796875,56.79962158203125
02142.png,5.325970154255629,0.7542936205863953,0.5451655521181635,0.9061105421951197,7.3880486488342285,52.834800720214844,0.9410372051029552,0.46064741355000693,7.2452921867370605,3.988806451523452,14.928109169006348,4.780713081359863,40.78300857543945,0.25039827823638916,1.841160535812378,0.8383862972259521,0.08423547446727753,10.745050430297852,0.6835821508820449,0.02418534716398023,0.37082988023757935,0.4104343354701996,0.5927234533730087,4.205874198649918,34.73309326171875,62.93891906738281
02163.png,5.338306080549955,0.7404853701591492,0.6826514593691154,0.8891929030682375,7.206451892852783,54.44454574584961,0.9674797647165994,0.4558906468567382,7.0294342041015625,4.85908694555793,15.806151390075684,5.072871685028076,39.68974304199219,0.36402350664138794,1.7286620140075684,0.9741119146347046,0.08535527437925339,10.68769645690918,0.7490721564905699,0.019283139449522334,0.43580639362335205,0.5131595134735107,0.7591241071326382,3.7959910818625198,14.51776123046875,70.04993438720703
02180.png,5.152102243155241,0.7342559695243835,0.7094678059911362,0.8850702934513394,7.076167583465576,69.5477523803711,0.9726953067562772,0.489299199892616,7.238297939300537,5.077839250559151,19.265438079833984,6.508724212646484,44.93663787841797,0.42002052068710327,1.6598597764968872,0.9446846842765808,0.08497758209705353,10.70695686340332,0.7536093514030962,0.021205168184783903,0.4529661536216736,0.5074996948242188,0.7539687581787667,3.886288535329352,22.88934326171875,66.69196319580078
02195.png,5.151585932821035,0.7320761680603027,0.6905883057911266,0.8807811964044544,7.052918434143066,64.63783264160156,0.9708194234078605,0.4248115959345311,7.022432327270508,4.860148979165189,20.083377838134766,5.883721828460693,39.25675964355469,0.5387942790985107,1.6550788879394531,0.85451340675354,0.09021691977977753,10.447121620178223,0.7023355361246122,0.023896161053506726,0.4584391117095947,0.5515021085739136,0.6365044843142698,4.182715148574222,30.39862060546875,70.4679183959961
02213.png,5.1552831418812275,0.733669638633728,0.7135612261359943,0.8825095921996954,7.1825947761535645,71.1783447265625,0.979088803980992,0.44964267529945423,7.194843292236328,5.129604421734001,21.095857620239258,6.527312755584717,43.54970932006836,0.5123507380485535,1.6886708736419678,0.9046144485473633,0.09047286957502365,10.434816360473633,0.7255576889538133,0.024528593824209705,0.4462789297103882,0.5455772876739502,0.7172205232942457,4.22308210591673,28.28729248046875,67.33941650390625
02233.png,5.541829101741314,0.7626211047172546,0.7054129435531662,0.8948039093437833,7.197683334350586,45.064971923828125,0.9596338903022839,0.38421187239394516,6.863798141479492,4.959588779381585,15.093453407287598,4.104658126831055,42.623138427734375,0.30734193325042725,1.7707850933074951,0.8594700694084167,0.10616997629404068,9.739982604980469,0.6996647464026137,0.023021545983534276,0.42012572288513184,0.5020270943641663,0.6442934206976179,3.6430235869908474,13.93231201171875,59.50831985473633
02236.png,5.413098741322756,0.7659773826599121,0.6876233281409456,0.8938692682533522,7.17880392074585,49.82981491088867,0.965611905268456,0.3914817915879901,6.760019302368164,4.792342761025232,16.34653091430664,4.592392921447754,35.280029296875,0.29828035831451416,1.75547456741333,0.8608575463294983,0.10550489276647568,9.7672758102417,0.7088748422371496,0.023324465609025215,0.42464035749435425,0.4915930926799774,0.6421874319169889,3.7126421455984446,16.54071044921875,62.29991149902344
02249.png,4.957227110862732,0.7509092092514038,0.694637635132207,0.894843213667406,7.297142028808594,54.420345306396484,0.9710480252735529,0.43570155862214427,7.018796920776367,4.972207786652227,16.810338973999023,5.031846046447754,42.69581985473633,0.3102450370788574,1.7651734352111816,0.9147495031356812,0.0965929701924324,10.150545120239258,0.7357740063735315,0.023207734490095097,0.43694978952407837,0.5122379064559937,0.7173902111620669,3.8378037353365224,18.05389404296875,63.86121368408203
02278.png,4.988179679960012,0.7458910942077637,0.6849723371941069,0.8845448298305113,7.206881999969482,55.73704147338867,0.9689109038563475,0.42825797311135255,6.90688419342041,4.833782207261322,16.862934112548828,5.085356712341309,39.094303131103516,0.4027509093284607,1.7118557691574097,0.879160463809967,0.09210296720266342,10.357264518737793,0.7137646093450063,0.0227611105726767,0.4426681697368622,0.5305404663085938,0.6722838108848259,4.192803699677838,21.15399169921875,67.3799819946289
02296.png,4.97418524697423,0.7460049986839294,0.6576920287034045,0.8875483346514323,7.2985687255859375,59.3036003112793,0.9599343053113829,0.4334893090783064,7.068342208862305,4.724513460372249,17.736404418945312,5.3740034103393555,42.31044006347656,0.3333531618118286,1.7205512523651123,0.863243043422699,0.09163462370634079,10.379404067993164,0.7085632038326948,0.02389343195933028,0.42845889925956726,0.5101218819618225,0.659555047089102,3.8461128644955593,29.05340576171875,63.2678337097168
02310.png,5.307566910982132,0.7333852052688599,0.7455539763239273,0.8857315745626323,7.198558330535889,50.5126953125,0.9546051482816003,0.3949985118543391,7.098452568054199,5.329610117895344,16.454679489135742,4.560840129852295,53.686004638671875,0.41807520389556885,1.7793505191802979,0.8507827520370483,0.09340961277484894,10.296085357666016,0.6932292387350981,0.0214793239628219,0.4138573706150055,0.5104206800460815,0.6439494866896691,3.9539634274173303,23.61785888671875,60.643802642822266
02317.png,5.326545603573322,0.738440215587616,0.7227723822047476,0.8839345616091869,7.1562418937683105,54.8046989440918,0.9545089404568105,0.39853346150522234,7.168816566467285,5.176891466210732,17.22928810119629,4.978344440460205,52.24916076660156,0.42433595657348633,1.7431374788284302,0.816487729549408,0.09696435183286667,10.133878707885742,0.6967664808200651,0.022056295093963944,0.4137354791164398,0.5201547145843506,0.6324953778178756,3.682467563356059,23.03338623046875,58.962005615234375
02322.png,5.345587808638811,0.746638298034668,0.6192419262928887,0.9029629256737595,7.31513786315918,56.4227294921875,0.9549312624538163,0.3821214095219857,7.020367622375488,4.438584574597378,18.396343231201172,5.151731014251709,41.15458679199219,0.25721797347068787,1.8447740077972412,0.7977683544158936,0.09538112580776215,10.205375671386719,0.7033219642423206,0.02787936466903118,0.3984740972518921,0.38561275601387024,0.6272665008963959,4.22683870395749,24.70916748046875,58.56181335449219
02337.png,5.365464024245739,0.7709922790527344,0.6798822283143421,0.9059838278829612,7.276348114013672,42.97892379760742,0.9509252156117809,0.3215837046884821,6.7585883140563965,4.771064412095139,15.594409942626953,3.8994624614715576,38.575042724609375,0.21606886386871338,1.833569049835205,0.8160086274147034,0.11595156788825989,9.357234001159668,0.7012209422627349,0.022244929516022267,0.38657522201538086,0.3669065833091736,0.6177045647920555,3.9783336062411014,11.58856201171875,55.73876190185547
02352.png,5.347928050905466,0.752750039100647,0.7123419898916734,0.9043973042697937,7.439303398132324,36.640804290771484,0.9455879213388304,0.35543329205861796,6.9311628341674805,5.118356301194128,12.979716300964355,3.329613208770752,43.56987380981445,0.21964263916015625,1.82096529006958,0.8424572348594666,0.10106886923313141,9.953825950622559,0.678909491974312,0.02241142588559589,0.4006822109222412,0.4559771418571472,0.6215569773220934,3.9002576870957664,14.32928466796875,56.82131576538086
02369.png,5.3184950686991215,0.7593094110488892,0.6833279250652895,0.905369121584445,7.40077543258667,45.750396728515625,0.9620951131744311,0.3928657712016144,6.93752384185791,4.898892570673713,15.254737854003906,4.1603803634643555,40.89776611328125,0.2524760961532593,1.8534566164016724,0.8734636306762695,0.09961540251970291,10.016735076904297,0.7075753943130064,0.02426959573824705,0.4154963791370392,0.4001599848270416,0.670441837492596,3.871144847794567,18.11395263671875,62.076812744140625
02394.png,5.311274025589228,0.7527940273284912,0.7603126188938797,0.9168168332168335,7.298523426055908,30.926284790039062,0.9346527495998875,0.3059447616540255,6.903399467468262,5.398964110078227,12.331135749816895,2.77636981010437,41.10211944580078,0.16318663954734802,1.8686062097549438,0.7389404773712158,0.10856756567955017,9.642998695373535,0.6558086168754405,0.02104809089455786,0.39721232652664185,0.4596458077430725,0.5371299073848215,4.170702238289262,14.19842529296875,55.71388244628906
02405.png,5.339598082005978,0.7459806203842163,0.7525604918401757,0.9015350884978724,7.4909892082214355,36.53208541870117,0.9689251580356695,0.4018298307272482,6.75657844543457,5.361091980162218,12.036134719848633,3.329502820968628,32.76296615600586,0.2744545042514801,1.8698722124099731,0.9697571992874146,0.08614146709442139,10.64787769317627,0.720169874420635,0.01797313273785125,0.3549386262893677,0.4887043833732605,0.7001855400802453,4.053824575838671,15.32293701171875,63.008888244628906
02440.png,5.428646754473448,0.7302691340446472,0.66373964254058,0.884671497605001,7.366984844207764,46.82970428466797,0.9707032163075034,0.43103175370318875,6.794201850891113,4.699682502437923,14.819347381591797,4.288569927215576,33.40006637573242,0.4043421745300293,1.8268520832061768,0.9331976175308228,0.08241815119981766,10.839771270751953,0.7108567887278225,0.023379993669929603,0.3693556785583496,0.5263522863388062,0.6828573355109498,3.9219030752100896,20.03436279296875,56.38603210449219
02450.png,5.410704679787159,0.7396888732910156,0.6959119693000527,0.8886807800978027,7.369394302368164,49.21129608154297,0.9625327063201741,0.4358046355804851,7.01707649230957,5.005871346033242,15.18703842163086,4.513424873352051,41.82147979736328,0.36762744188308716,1.8085124492645264,0.8875072002410889,0.08640170097351074,10.634777069091797,0.7037882542666065,0.021787547031983594,0.41418859362602234,0.5197175741195679,0.6857448684046881,3.756511335855294,18.24285888671875,61.162479400634766
02455.png,5.407767627388239,0.7321386337280273,0.6377721657226958,0.8802727508900651,7.348185062408447,61.066864013671875,0.9642893063953484,0.44386880109187543,6.939868450164795,4.5562730940307485,19.144128799438477,5.513499736785889,34.54976272583008,0.42268499732017517,1.708486795425415,0.8078997731208801,0.07940737903118134,11.001391410827637,0.6996783495874399,0.022848599090963272,0.4443512558937073,0.5013131499290466,0.5951003095653912,4.287603123985083,29.51824951171875,66.42459869384766
02464.png,4.947528462857008,0.7382591962814331,0.6896253598184067,0.8786822763761848,7.184480667114258,54.73835372924805,0.9685061431253856,0.41528084077808214,6.884759426116943,4.85126474874054,18.12515640258789,4.944953918457031,34.232303619384766,0.46278277039527893,1.6683950424194336,0.8115983009338379,0.08642672002315521,10.633520126342773,0.6852821493796641,0.025333901835577377,0.45846861600875854,0.5456859469413757,0.5961290475679143,4.519521375327875,25.76531982421875,66.6285629272461
02473.png,5.630150243639946,0.7444097995758057,0.699823496936428,0.8796265960848237,7.150659084320068,59.666587829589844,0.9703557636537941,0.4338023384644663,6.958436012268066,4.936950924967407,19.06087303161621,5.388454437255859,38.30077362060547,0.4454176425933838,1.67038893699646,0.8260824680328369,0.09345873445272446,10.293800354003906,0.7009188893247241,0.023053955460481338,0.4603615403175354,0.5426836609840393,0.6384639225565787,4.27750434968854,27.82635498046875,64.94649505615234
02478.png,5.594821713864803,0.7423866987228394,0.6699590511062925,0.8841379367585991,7.314943313598633,57.97471618652344,0.9623838611417416,0.4395392054539214,6.937973499298096,4.774447578434458,17.874988555908203,5.283797264099121,36.010047912597656,0.4078637361526489,1.6663990020751953,0.874021053314209,0.08442619442939758,10.735227584838867,0.715223623989012,0.025299057378714372,0.4518784284591675,0.5361807346343994,0.6408945808899048,4.043155533153742,31.67352294921875,66.10961151123047
02486.png,5.583379164338112,0.7450753450393677,0.768976688848532,0.8863000062747615,7.031631946563721,47.64011764526367,0.9734415289510372,0.43616460173444516,6.880652904510498,5.34912549141127,15.361337661743164,4.338199615478516,35.76384353637695,0.3839499354362488,1.627147912979126,0.9042690992355347,0.0875704362988472,10.576424598693848,0.6962675387251566,0.02684927349572664,0.4540795683860779,0.5578873157501221,0.6677328869951872,4.126258536874231,20.54315185546875,65.57123565673828
02495.png,5.580470245331526,0.7473554611206055,0.7492385478867248,0.8877984622591023,7.171359062194824,48.41699981689453,0.9728331681825426,0.41659779051927137,6.813019752502441,5.238831414654726,16.204769134521484,4.403219223022461,33.472042083740234,0.37090572714805603,1.6857339143753052,0.8824144601821899,0.0875907689332962,10.575416564941406,0.6968667240863747,0.0246396467546217,0.4543439447879791,0.5592663288116455,0.6538970613342415,4.220614626366385,20.29852294921875,63.252891540527344
02522.png,5.3671568259596825,0.7325193285942078,0.7339330101323038,0.8838224375510456,7.053022861480713,51.94747543334961,0.9666615929950069,0.4395697388748763,7.088988304138184,5.1896578077054265,16.70721435546875,4.702480316162109,44.340084075927734,0.4350730776786804,1.7436809539794922,0.9006555676460266,0.08738653361797333,10.585556030273438,0.7175017585159731,0.02224835034354495,0.4472074508666992,0.5456047058105469,0.6922964883631888,4.131031759814659,21.92596435546875,63.89521408081055
02527.png,5.369260918349028,0.6890349388122559,0.6080442799827876,0.8845930172384892,7.254636764526367,77.4079818725586,0.9551523870974128,0.6609349596522467,7.375967502593994,4.448038611463609,20.21324348449707,6.914792537689209,60.872032165527344,0.6234658360481262,1.6260290145874023,0.908662736415863,0.05369795858860016,12.700423240661621,0.7341213222573234,0.021092770969479077,0.46398866176605225,0.4196714758872986,0.6944365168947755,3.8493398602529116,36.48455810546875,63.710086822509766
02530.png,5.3478022813797,0.6068162322044373,0.6881121566118908,0.9083852069809267,6.82035493850708,51.859397888183594,0.9453340926609215,0.6549612000656622,7.2309956550598145,4.834465253691842,13.997942924499512,4.739835739135742,73.646728515625,0.7888621091842651,1.5218451023101807,0.915679395198822,0.036930423229932785,14.326156616210938,0.7216702222230309,0.0188855542641841,0.45718324184417725,0.508999764919281,0.6947653817441864,3.7111829755949013,32.52557373046875,63.44145965576172
02533.png,5.156010612845421,0.6818674802780151,0.6422571828552471,0.8799853249121268,6.680306911468506,43.640953063964844,0.9820461120747996,0.6553684485106418,6.459331512451172,4.219525171973212,12.14757251739502,4.119025230407715,24.050168991088867,0.5695902705192566,1.5260426998138428,0.9833312034606934,0.03907584771513939,14.080916404724121,0.7620936787492864,0.018890213959033085,0.4889850616455078,0.4865223467350006,0.8167814486150166,4.147746319509767,24.75848388671875,60.64073944091797
02544.png,4.852101635187864,0.5961066484451294,0.5332047775253097,0.8933131811519118,6.453826904296875,21.535240173339844,0.9573870534497547,0.5403364182393766,6.57891845703125,3.474570775972701,10.000106811523438,2.017246723175049,36.13373565673828,0.7478237152099609,1.7334154844284058,1.0304322242736816,0.009990026243031025,20.00433349609375,0.6507128199599658,0.013211194969804248,0.4970338046550751,0.5231592655181885,0.6518997882895502,4.095734341668598,10.69500732421875,51.27461624145508
02556.png,5.710204966366291,0.7349690794944763,0.7495177768262461,0.8776040476411093,7.01951789855957,41.63948059082031,0.9713560324778225,0.38230483609904714,6.66022253036499,5.12661772947178,14.14561939239502,3.75117826461792,29.218448638916016,0.5005970001220703,1.641338586807251,0.8647642135620117,0.09020006656646729,10.447931289672852,0.6889933541546539,0.018960161972627017,0.4559365212917328,0.5399670600891113,0.6394913024575454,4.312919766578269,21.15155029296875,63.55821228027344
02572.png,5.657800525426865,0.7421366572380066,0.7455434013096697,0.8777191443159797,7.128942012786865,34.91511154174805,0.9662454923768414,0.3311063722805509,6.675313472747803,5.14584970005353,12.265631675720215,3.154432773590088,32.8629150390625,0.44869229197502136,1.771132469177246,0.823870837688446,0.09315960854291916,10.307723045349121,0.6562823996584222,0.02201759058786284,0.4366688132286072,0.5518020391464233,0.5941391507583963,4.368347640890055,18.40203857421875,61.87937545776367
02606.png,5.632407136261463,0.7646950483322144,0.7269276398416437,0.89371333881001,7.055479049682617,38.536033630371094,0.9482463375902352,0.3412078389316455,6.813908576965332,5.041033861674688,13.541340827941895,3.4854676723480225,48.45931625366211,0.2869764566421509,1.7890615463256836,0.8255863189697266,0.11579524725675583,9.363094329833984,0.6762961792815699,0.020875206350072624,0.42558276653289795,0.5087584853172302,0.6267109877476413,4.1644167182291865,20.22479248046875,55.063838958740234
02611.png,5.972843304276466,0.746893048286438,0.7733252237980648,0.8825312333011042,6.911862373352051,39.46870040893555,0.9632264112202142,0.3713388553375661,6.922142505645752,5.349106614633801,13.243882179260254,3.5870113372802734,44.98541259765625,0.3911336064338684,1.7194948196411133,0.8611371517181396,0.10411912202835083,9.824694633483887,0.6704886262554097,0.019935454475107438,0.45181137323379517,0.5612506866455078,0.6208854568998468,3.865451058935655,15.52069091796875,59.378639221191406
02624.png,5.977538857609034,0.8125146627426147,0.6984350444520092,0.9273180319270146,7.280885696411133,53.559112548828125,0.9716007186702159,0.40584489315520883,7.38743782043457,5.1224484947529625,17.015640258789062,4.886704444885254,49.98051452636719,0.16018420457839966,1.8954188823699951,0.8631830811500549,0.13966402411460876,8.549155235290527,0.7323474593459539,0.02552077470621464,0.3801810145378113,0.4140796363353729,0.6797306944702027,3.9584302809958305,16.52069091796875,62.20071792602539
02641.png,1.8002292141318321,0.6465376615524292,0.6440599744317649,0.8794120211450989,6.711201190948486,60.01416778564453,0.9730417734599447,0.5656804208798903,6.655512809753418,4.3044940640747384,19.001543045043945,5.261444568634033,31.144433975219727,0.5732988715171814,1.6653378009796143,0.9693835377693176,0.01828749291598797,17.37845802307129,0.7901209000805405,0.006666319268577152,0.48923739790916443,0.4440878927707672,0.7451424038322784,4.193032802257796,38.03338623046875,56.97895431518555
02651.png,1.7212665788829327,0.6791567802429199,0.7311355674379941,0.8798159340269005,5.9844207763671875,42.557044982910156,0.9762605765717477,0.7410095565806006,6.505326271057129,4.565862213280996,11.48133659362793,3.9133522510528564,25.83431625366211,0.647517740726471,1.699357509613037,0.9347469806671143,0.014795998111367226,18.29855728149414,0.742484975332046,0.015068993454620526,0.4874141812324524,0.4891854226589203,0.7536334980516964,3.7610915559461455,23.21405029296875,58.147361755371094
02658.png,2.022624772042036,0.7082282304763794,0.7026030112838237,0.8776222431822799,6.342158794403076,43.69597625732422,0.9653340695718307,0.6527109959583693,6.8900275230407715,4.648499176584256,12.53238582611084,3.9388930797576904,31.780628204345703,0.49919015169143677,1.6944578886032104,0.8715811967849731,0.03209545090794563,14.935565948486328,0.6946934678016438,0.02068516288264206,0.47617727518081665,0.4737436771392822,0.6436632579548918,3.5952626689572478,24.08905029296875,58.803489685058594
02667.png,1.6642297841608524,0.8164576888084412,0.5855622395735485,0.9381572722236662,7.319204807281494,40.340213775634766,0.9324372496292405,0.3363547850002774,7.127938270568848,4.229861298008041,11.024443626403809,3.339390516281128,51.77625274658203,0.11948490142822266,1.8806569576263428,0.6765505075454712,0.10926203429698944,9.615307807922363,0.6144591478242694,0.020131155963255185,0.3718395531177521,0.27881157398223877,0.45528987941180177,4.259653190356093,26.00506591796875,51.37049865722656
02709.png,4.812387593090534,0.7669471502304077,0.5848284064888774,0.9161449303498139,7.5117011070251465,71.23933410644531,0.9694415744836296,0.4496807743005774,7.221726894378662,4.3082746821440185,21.079952239990234,6.667056083679199,41.917327880859375,0.20436489582061768,1.8551669120788574,0.8507405519485474,0.1023201197385788,9.900389671325684,0.730885439898579,0.024391828432118404,0.3823373019695282,0.4124809205532074,0.6778077109634079,3.7980806517928754,32.75408935546875,64.40546417236328
02720.png,4.832918141037226,0.7477426528930664,0.600440332998995,0.8914845440232463,7.369527339935303,61.41840744018555,0.9647027545053511,0.5353304793074085,7.2390570640563965,4.38580282427262,16.192235946655273,5.579373836517334,39.92423629760742,0.32106882333755493,1.7803598642349243,0.8104949593544006,0.08480308204889297,10.7158842086792,0.6971352300888711,0.02652289184724531,0.42261210083961487,0.4164709448814392,0.6143308571189459,3.9563895226329295,35.98748779296875,65.0870132446289
02731.png,5.255149729549885,0.7514445781707764,0.6373043545346495,0.8990163609664586,7.268134593963623,58.023399353027344,0.9682700375789881,0.5313758718620717,7.187016487121582,4.606177184061053,15.259852409362793,5.278162479400635,38.373287200927734,0.2767923176288605,1.7800354957580566,0.8309267163276672,0.08595623075962067,10.6572265625,0.7056222234658598,0.026424377937673806,0.4218628704547882,0.4208972752094269,0.6255746198154674,4.062222328743597,36.93621826171875,64.7007064819336
02739.png,5.284785401076078,0.7319175601005554,0.4598447752709319,0.8998497284485193,7.553146839141846,78.03269958496094,0.9651167081637404,0.6194350133794545,7.351624488830566,3.426949066382864,19.71390151977539,7.176114082336426,41.89002227783203,0.28297799825668335,1.821880578994751,0.841729998588562,0.06529343128204346,11.85130500793457,0.7511229446743753,0.01759137727637736,0.44864439964294434,0.43951156735420227,0.6648495256453796,3.573563191016,36.18963623046875,68.329833984375
02754.png,5.6345541924238205,0.6895251274108887,0.6249355509797035,0.8842633979485247,7.056509971618652,101.8401107788086,0.9794831691637269,0.7488874915962513,7.26638650894165,4.475455104504777,23.196029663085938,9.554222106933594,38.490135192871094,0.6619507074356079,1.4556844234466553,0.9400873184204102,0.03533729165792465,14.517668724060059,0.7993926543794019,0.012904919587731002,0.498625785112381,0.49408620595932007,0.784890736518024,4.6765851111215015,29.07244873046875,68.6563491821289
02757.png,5.544924691319466,0.627504825592041,0.4520991662603253,0.8760454639518638,6.6813154220581055,22.673805236816406,0.9723988464224362,0.6102551198789873,6.434259414672852,2.9647786072789444,8.214107513427734,2.078099012374878,23.271127700805664,0.579423725605011,1.697559118270874,1.0438570976257324,0.008787608705461025,20.561294555664062,0.7063225701514606,0.0073055759815493695,0.4732889235019684,0.4572027623653412,0.7673733862471336,5.374973033200968,27.30145263671875,51.728057861328125
02762.png,4.558196201920509,0.6812243461608887,0.32635461659592835,0.8729043555071536,6.5246076583862305,34.489341735839844,0.9563654012636713,0.6573779138293729,6.510212421417236,2.1269914051423626,11.085880279541016,3.152757406234741,22.864953994750977,0.5114164352416992,1.763525128364563,1.0652761459350586,0.01068556122481823,19.712026596069336,0.776875065705257,0.005949412330759272,0.4760051667690277,0.5284616351127625,0.827556587186851,4.708638341407165,32.85565185546875,57.062156677246094
02778.png,4.556442830711603,0.6559267640113831,0.3466573076340678,0.870884561648531,6.9336066246032715,31.66640281677246,0.9641153842501821,0.6384059724255408,6.451449394226074,2.320019648904662,10.61106014251709,2.9146792888641357,22.073381423950195,0.48066866397857666,1.7763943672180176,1.0418610572814941,0.012584121897816658,19.001771926879883,0.7670705892053215,0.005288700746604012,0.47561517357826233,0.5128070116043091,0.8149244542468963,4.885607897539843,31.52410888671875,56.10950469970703
02786.png,4.215594049543142,0.7395099401473999,0.5205262657517639,0.9020420152039501,7.5394768714904785,94.12120056152344,0.9776455149192286,0.6492365731934402,7.256572723388672,3.850875692060189,23.089557647705078,8.976160049438477,39.82270050048828,0.2642742991447449,1.8072929382324219,0.91862553358078,0.0727887898683548,11.379355430603027,0.7921082011137736,0.01679175337787986,0.4507398009300232,0.44450312852859497,0.7866801461829372,3.81065524276092,38.63934326171875,65.5541763305664
02816.png,4.528399668633938,0.7505361437797546,0.5553168341367786,0.9083040925379797,7.50740385055542,82.5470199584961,0.9743752780432262,0.6327835153649316,7.298386573791504,4.110962748916565,20.630054473876953,7.731658458709717,42.26437759399414,0.22849519550800323,1.8279638290405273,0.8944793343544006,0.07841888070106506,11.055793762207031,0.7727090035941547,0.018752913616632845,0.4584205150604248,0.4327360987663269,0.7461729685466708,3.7845422191636318,35.33856201171875,61.977203369140625
02821.png,4.535824574530125,0.7468640208244324,0.5486874746696712,0.9129006500442814,7.472747802734375,77.4641342163086,0.9770124876169267,0.637915920810407,7.323617458343506,4.059300307192178,20.075912475585938,7.28253173828125,43.89894104003906,0.2154984176158905,1.8613872528076172,0.9304684400558472,0.07565294206142426,11.211742401123047,0.7894889586673388,0.015710463680255738,0.4602243900299072,0.4445093870162964,0.7898722523733488,3.6902555708967486,32.37078857421875,65.84192657470703
02846.png,4.53784516453743,0.7252456545829773,0.660851514907926,0.8894827621650425,7.124477386474609,95.64937591552734,0.9836466995303697,0.6663949520032855,7.2796311378479,4.759500831847426,23.33878517150879,9.054800987243652,41.254058837890625,0.3672586679458618,1.7676479816436768,0.9541854858398438,0.0648418441414833,11.881446838378906,0.8034190628372185,0.01736364837704796,0.4498521089553833,0.4510970711708069,0.8315868966074129,4.349650259875331,40.87908935546875,69.08218383789062
02860.png,4.732731074094772,0.7201716303825378,0.5733199559948194,0.8866082829001273,7.453371047973633,109.30867767333984,0.9856673547458403,0.717626017894206,7.273198127746582,4.221528608714859,25.04343605041504,10.395291328430176,38.95766067504883,0.39522749185562134,1.663952112197876,0.9383997321128845,0.051460012793540955,12.885302543640137,0.7906074287596966,0.01788912751491975,0.4865681827068329,0.47752243280410767,0.8085822784847628,4.544978018674596,29.11932373046875,67.79837799072266
02869.png,4.94642798230052,0.7328728437423706,0.5186651711048913,0.9039366734190417,7.620582580566406,88.20599365234375,0.9712794547740007,0.6738215929641314,7.273756980895996,3.8625972598587435,20.98720932006836,8.159879684448242,39.033775329589844,0.2549837827682495,1.8143234252929688,0.8964323997497559,0.06255405396223068,12.037445068359375,0.7713849627984662,0.018043635201110495,0.4595731794834137,0.45338791608810425,0.7590360934303244,4.305568214123547,34.01239013671875,68.8755111694336
02896.png,2.139030084013939,0.7077942490577698,0.43966853967046704,0.8829437711771632,7.259954452514648,79.6851577758789,0.9722713143371088,0.664666526157042,6.915922164916992,3.116350621101123,19.285667419433594,7.308953285217285,30.220800399780273,0.39144253730773926,1.7013964653015137,0.8475829362869263,0.034361179918050766,14.63931941986084,0.7175190777810266,0.018922545405866995,0.48391804099082947,0.44942140579223633,0.6363578598092844,4.185657770657526,29.82244873046875,63.438682556152344
02956.png,4.439608536660671,0.7169294357299805,0.5907935151095167,0.8775367064435595,7.1209716796875,84.33300018310547,0.9610285649032155,0.5202531931035203,7.3294878005981445,4.268629864161365,22.443462371826172,7.703122138977051,46.574729919433594,0.5370891094207764,1.6176981925964355,0.8065657615661621,0.07825475931167603,11.064892768859863,0.691175759483624,0.025776049112916886,0.45199114084243774,0.4921046495437622,0.6204204894853795,3.7784516992935515,34.47772216796875,70.12349700927734
03019.png,4.398549344390631,0.7268441915512085,0.6293164429648912,0.8932617967966056,7.25210428237915,65.50065612792969,0.9720479068908255,0.5943429427035929,6.972890377044678,4.476023059022548,17.637454986572266,6.070685386657715,35.561561584472656,0.3129515051841736,1.7618703842163086,0.8478701710700989,0.06360337138175964,11.965198516845703,0.7190897582541225,0.026919385363358334,0.4428347051143646,0.4356195330619812,0.6741375834964658,4.05023946388809,33.00848388671875,68.90791320800781
03045.png,4.390009846538305,0.7526650428771973,0.6052080734820099,0.9026768594026054,7.390143394470215,77.0899887084961,0.9777445581538103,0.6217572751016107,7.311645984649658,4.448831945888372,19.529998779296875,7.259951591491699,42.48810577392578,0.26343461871147156,1.845170259475708,0.8570879697799683,0.08170422911643982,10.877553939819336,0.746701878373196,0.022090845031023196,0.4463689923286438,0.44848668575286865,0.7113309356657537,3.9336849535395464,36.60369873046875,69.9607925415039
03100.png,4.571730934083462,0.7392987608909607,0.655108664699499,0.8948199548687712,7.223936080932617,57.661277770996094,0.9711852475578253,0.4722961204460739,7.119424343109131,4.698241767770064,17.77225112915039,5.32126522064209,38.88852310180664,0.3179376423358917,1.8286707401275635,0.9043036699295044,0.08377896994352341,10.76865005493164,0.7371267073878789,0.024111752528386834,0.375509649515152,0.46901094913482666,0.719918919703783,4.028208382448811,18.02459716796875,59.548927307128906
03109.png,4.9527835585176945,0.7477139234542847,0.7246868519051128,0.8955564358530049,7.209097862243652,53.31074523925781,0.9816145772974088,0.4780318893512737,6.961570739746094,5.134662114387822,15.815104484558105,4.952706336975098,35.13716125488281,0.3263017237186432,1.8415231704711914,0.946246325969696,0.08837220817804337,10.536842346191406,0.727323356740236,0.026452091763559143,0.40229636430740356,0.49258357286453247,0.7555148126601917,3.967354052818925,26.56024169921875,71.82184600830078
03143.png,4.7631252482533455,0.7555829286575317,0.7184406711615795,0.910617008489447,7.224184513092041,54.87681198120117,0.9809470864315342,0.4792527207566207,6.949959754943848,5.091653742439238,16.318260192871094,5.133518218994141,35.362152099609375,0.2372201681137085,1.8601443767547607,0.943187952041626,0.09135445952415466,10.39270305633545,0.7241130529804108,0.029761964297326204,0.40819472074508667,0.4136159420013428,0.7528148082219468,4.170206233591718,26.37274169921875,67.08973693847656
03173.png,4.498008247464895,0.7490965723991394,0.7070865826156721,0.8928723635054222,7.217282772064209,63.807212829589844,0.9814216566215054,0.49519931655827276,6.957016468048096,5.011240932770757,18.428621292114258,5.934101104736328,35.962371826171875,0.3496944010257721,1.8251583576202393,0.9541793465614319,0.08947191387414932,10.483132362365723,0.7421524707741533,0.026862642324292987,0.4223402142524719,0.4713377058506012,0.7754088866083851,3.901806212968298,29.78143310546875,67.61652374267578
03219.png,4.473671227693558,0.7605977058410645,0.6479255968247198,0.9032779086791928,7.408570766448975,53.56945037841797,0.9691425054364037,0.4516983813919966,7.282923698425293,4.759509373628667,16.725250244140625,4.9229021072387695,43.87846374511719,0.2548350691795349,1.8055349588394165,0.8773865103721619,0.09965857863426208,10.014852523803711,0.7282132236293126,0.023600897513555045,0.3748430609703064,0.40302911400794983,0.6944843816888447,3.854941285518722,22.88299560546875,62.91639709472656
03260.png,4.165135979652405,0.7479429244995117,0.5235218126964915,0.8888143237534961,7.308881759643555,61.119720458984375,0.9562040408053069,0.4411881759735373,6.8928422927856445,3.7174659954780758,18.04865264892578,5.608041286468506,35.759376525878906,0.33544450998306274,1.8039114475250244,0.7770095467567444,0.09214100241661072,10.35547161102295,0.691413120243608,0.025092806422288446,0.42479488253593445,0.44562530517578125,0.587718641816554,3.689569700106047,26.13397216796875,68.1522216796875
03281.png,4.310720808804035,0.7416706085205078,0.5387516550968384,0.8925076871089545,7.393645286560059,83.923828125,0.9688156391694356,0.4923581747055058,7.231070041656494,3.93955479232787,23.384401321411133,7.759507656097412,42.738502502441406,0.31879743933677673,1.7388226985931396,0.8460767269134521,0.08606301993131638,10.651834487915039,0.7280866843402278,0.02677452297438887,0.4262205958366394,0.42266494035720825,0.6749119495154275,4.199744497377369,32.20867919921875,68.5426254272461
03289.png,4.368274547159672,0.7128281593322754,0.5817624617727966,0.8803693915596624,7.230809688568115,90.1424560546875,0.9640496497610007,0.5075160460520332,7.206662178039551,4.199600141689192,23.250036239624023,8.32904052734375,45.20329284667969,0.5643646717071533,1.5707454681396484,0.8311025500297546,0.0764690563082695,11.165143013000488,0.7081193603535239,0.023386238906795143,0.4574677050113678,0.4993816316127777,0.6409823076869419,3.7033689625599404,33.44256591796875,71.71903228759766
03354.png,4.452687840908766,0.7018839716911316,0.6522866057631829,0.8818664944136247,7.268649101257324,96.57219696044922,0.9745510501272886,0.5748727549404298,7.4628520011901855,4.804591902562121,23.67388343811035,9.025303840637207,48.48345184326172,0.5580540895462036,1.6726374626159668,0.8669413328170776,0.06455288827419281,11.900843620300293,0.7198488389070737,0.024189199837932624,0.46532976627349854,0.5374957323074341,0.6797350334102291,3.775200913875789,38.10467529296875,66.03632354736328
03375.png,5.025671795010567,0.715705394744873,0.5990149005542792,0.8815292984393138,7.205944538116455,100.51265716552734,0.9738149308396369,0.5633811566962321,7.317060947418213,4.349759431770062,25.025558471679688,9.433259963989258,43.664154052734375,0.4661051630973816,1.7426130771636963,0.8999615907669067,0.0686098039150238,11.636138916015625,0.7478421647198794,0.025852154391989134,0.4328756332397461,0.47940075397491455,0.7217372267330937,4.0186764369499,42.61248779296875,67.60073852539062
03381.png,4.898237470537424,0.7400009036064148,0.601656940117155,0.8829892822564805,7.157094478607178,76.42668151855469,0.9665300714232169,0.4869122559138224,7.1083149909973145,4.2914524813868145,21.4660701751709,6.966648101806641,41.43901062011719,0.4300838112831116,1.7087281942367554,0.8438089489936829,0.08673718571662903,10.617947578430176,0.7142872425636005,0.025088140011260883,0.430672824382782,0.4029332101345062,0.6708545955667151,3.8033132902706206,34.56854248046875,72.14273834228516
03409.png,4.706536680459976,0.7486235499382019,0.6405099612001914,0.8872346815555928,7.180815696716309,65.90050506591797,0.963205256151116,0.4188950085196275,7.0581207275390625,4.5601019756242955,20.165496826171875,6.017037391662598,44.935279846191406,0.3511046767234802,1.7083402872085571,0.8316490650177002,0.09563110023736954,10.194007873535156,0.7050609985895998,0.025147062828121326,0.42129042744636536,0.5039418935775757,0.6373209345383648,3.80765927343725,26.48358154296875,66.88941955566406
03417.png,4.544486306607723,0.7242307662963867,0.5889671679215795,0.8852089567469343,7.451462268829346,96.23973083496094,0.9702494279060467,0.534600066175523,7.301892280578613,4.344631416523747,24.751209259033203,9.037291526794434,46.13166809082031,0.4088824391365051,1.7623722553253174,0.9059673547744751,0.07735882699489594,11.114901542663574,0.7368188973605908,0.025053700973676322,0.41395294666290283,0.46115100383758545,0.7275044831591592,3.7472815736765908,34.60272216796875,67.98371887207031
03433.png,4.360489409416914,0.7284544706344604,0.61992575931107,0.8869573982356783,7.165648460388184,58.09492492675781,0.9645879253429401,0.49846109788418835,7.081182956695557,4.416000073972128,18.151721954345703,5.273703575134277,36.7574577331543,0.38801392912864685,1.7606112957000732,0.8829260468482971,0.06911589950323105,11.604219436645508,0.7363630442613373,0.019593541666915213,0.40317198634147644,0.3943434953689575,0.673714180657684,4.161840673870141,25.13592529296875,65.58234405517578
03438.png,4.77406146004796,0.730569064617157,0.5429391501026113,0.8831276217725118,7.1631693840026855,72.32917022705078,0.9588735023341087,0.5139245860535251,7.1262006759643555,3.879139003578958,20.54180145263672,6.583637237548828,40.952110290527344,0.3851378262042999,1.7494008541107178,0.8616797924041748,0.0764196366071701,11.167950630187988,0.7576572211725345,0.01961737227300973,0.3969481289386749,0.38076725602149963,0.6634369028610386,3.9062207210717217,39.03680419921875,70.7655029296875
03462.png,4.4433254562318325,0.7234007716178894,0.5996377214336815,0.8841332874894631,7.123843669891357,89.5946273803711,0.9777570137721519,0.5953716580858265,7.276200771331787,4.317416371629662,24.78557777404785,8.217482566833496,44.34941864013672,0.41947850584983826,1.726784110069275,0.9220262765884399,0.07119879871606827,11.475273132324219,0.7916678874306311,0.017229033438584593,0.4249369204044342,0.4193710684776306,0.7722190589333071,3.883249209760909,40.15838623046875,70.8589859008789
03473.png,4.408335231244564,0.6907761096954346,0.4876362077085223,0.8811824515244246,7.315414905548096,87.79447937011719,0.980399521788198,0.7093954931853728,7.099846839904785,3.514710729768689,22.198068618774414,8.126354217529297,36.277427673339844,0.5181261301040649,1.6589515209197998,0.9171863794326782,0.029148373752832413,15.353856086730957,0.7758739888918307,0.01522841783985626,0.48519694805145264,0.47244077920913696,0.741298159158089,4.289387895017615,34.77459716796875,65.81121063232422
03575.png,5.1114816181361675,0.7430833578109741,0.5914503470485993,0.8861543218975411,7.086026191711426,82.3165054321289,0.9724148086553616,0.4672949481529008,7.044081211090088,4.17863932919235,23.762920379638672,7.6041259765625,42.655826568603516,0.37520885467529297,1.7276732921600342,0.8489231467247009,0.09328097105026245,10.302070617675781,0.7486198775170901,0.023207829506095463,0.38363754749298096,0.44775718450546265,0.6849456384170964,3.8365825599307897,22.99237060546875,67.90128326416016
03589.png,5.003402017056942,0.7628104090690613,0.6122373164232203,0.8923312606713761,7.079611301422119,55.787986755371094,0.9576990650169903,0.408292903012429,7.179089546203613,4.364865898847027,17.21221160888672,5.010346412658691,43.73250961303711,0.29278069734573364,1.751800537109375,0.7901186347007751,0.11026887595653534,9.575470924377441,0.6952711485413041,0.02522085090576769,0.41634881496429443,0.4016719162464142,0.5965388494154367,3.8138554424067888,23.08709716796875,63.348487854003906
03600.png,4.792223144322634,0.7588046789169312,0.5498792983248953,0.9120331732764648,7.194252014160156,79.04954528808594,0.960687546363308,0.4970115096644774,7.11342716217041,3.933758356169662,21.389751434326172,7.196624755859375,40.64105224609375,0.21296027302742004,1.8167710304260254,0.7831248044967651,0.09446364641189575,10.247353553771973,0.7270501814501616,0.025416908174851476,0.4009132981300354,0.402060329914093,0.6034037627722568,4.289718482827626,48.56658935546875,65.4157485961914
03640.png,4.771610178053379,0.7235895991325378,0.5960106630885583,0.8849641594032802,7.256156921386719,94.20098876953125,0.9701892366496481,0.6134928881040432,7.194818496704102,4.306478788617429,24.719600677490234,8.591300010681152,43.27341079711914,0.4094921946525574,1.6922898292541504,0.9111189842224121,0.06598840653896332,11.805323600769043,0.7736786862904647,0.02144851944463454,0.4336965084075928,0.41948050260543823,0.7528724212453095,4.613811292674848,46.28533935546875,71.05057525634766
03708.png,4.752775359898806,0.7408552169799805,0.5294878902103275,0.8905135656707472,7.453457832336426,75.66744995117188,0.9634870375347792,0.5281550365689835,7.206813812255859,3.8812281561235977,19.716487884521484,6.975551605224609,39.03887939453125,0.33029836416244507,1.7897166013717651,0.8044008612632751,0.08434586971998215,10.739362716674805,0.7110930524827097,0.027987596456232274,0.4165912866592407,0.4134289622306824,0.6156143585827272,3.7736028258443155,35.37176513671875,68.45978546142578
03719.png,5.292932897806168,0.744586169719696,0.5661686009700244,0.8995640289099502,7.4023118019104,71.78005981445312,0.9687666423518417,0.5211591689336521,7.204122066497803,4.13486251917203,19.187124252319336,6.616494655609131,40.96003723144531,0.27885860204696655,1.7761592864990234,0.81573885679245,0.0892418846487999,10.49431324005127,0.7143875879124102,0.02730769553868866,0.4045904576778412,0.42127570509910583,0.6295051287729254,4.123167787199668,34.51727294921875,64.57164764404297
03769.png,5.240335647016764,0.696534276008606,0.4506869856290542,0.8753186277460989,7.307853698730469,81.36538696289062,0.9618407314869535,0.6280241431202264,7.081476211547852,3.2425501883571144,22.48335075378418,7.502265453338623,37.46382141113281,0.528401792049408,1.7618104219436646,0.7937381863594055,0.04240098595619202,13.726242065429688,0.7506807561648918,0.019790862252593508,0.4569917917251587,0.47878724336624146,0.6117042034736072,4.2271278497887215,37.65887451171875,65.3304672241211
03813.png,4.8250876776874065,0.7092800140380859,0.5977232571326198,0.8771617411783634,6.899754047393799,81.6910629272461,0.9778244836471017,0.6999302155634182,7.125223159790039,4.191538350966626,20.59514045715332,7.654931545257568,37.63315963745117,0.5746649503707886,1.5872175693511963,0.8855671286582947,0.05769920349121094,12.388301849365234,0.7844085301169065,0.01967710603293457,0.48405927419662476,0.4934043884277344,0.7335079776667521,4.934503698968311,28.05291748046875,73.4758071899414
03836.png,5.119009502232075,0.727733314037323,0.5429710081058396,0.8748558896688857,7.213262557983398,59.029624938964844,0.96849917388067,0.548817658412102,6.752126216888428,3.791410211174659,17.292051315307617,5.384601593017578,33.908119201660156,0.45529884099960327,1.7746553421020508,0.8198083639144897,0.06376904249191284,11.953901290893555,0.7446260681557205,0.023198006306153086,0.42378151416778564,0.44851845502853394,0.6252859161854902,4.091379800726529,34.01043701171875,69.0708999633789
03878.png,5.056982606649399,0.5716719627380371,0.3583652052320374,0.8646995970393437,6.526397228240967,45.67844772338867,0.9286099591846018,0.5772088349447276,6.65560245513916,2.3619915746667424,13.734044075012207,4.185180187225342,37.28192901611328,0.6311835050582886,1.7193138599395752,0.8543738126754761,0.022821536287665367,16.41655158996582,0.6790016275799738,0.029496421052648793,0.46029382944107056,0.48328226804733276,0.5694309367384147,3.5937771127490348,26.52069091796875,56.221656799316406
03989.png,5.395129390060902,0.5959753394126892,0.45021901479709675,0.8649952395152056,6.05612325668335,50.441375732421875,0.9255073944306764,0.5899034631747431,6.65374755859375,2.8611209176449606,13.47445297241211,4.58974027633667,36.0357551574707,0.5771863460540771,1.6133272647857666,0.9335035085678101,0.02407941222190857,16.183542251586914,0.6588290576034851,0.03348156948667076,0.4759756922721863,0.501922607421875,0.6194196397455687,3.8605638995764693,39.36492919921875,47.29142761230469
04006.png,5.371052350848913,0.6336842179298401,0.3328087725668322,0.8587817230654645,6.981334686279297,44.42101287841797,0.9250356899753347,0.5462970492238612,6.500322341918945,2.2434129176712236,12.897007942199707,4.107439041137695,28.01457405090332,0.5741462707519531,1.7929933071136475,0.7395596504211426,0.021429406479001045,16.689899444580078,0.6521519215561892,0.029671853161433004,0.48253676295280457,0.42737287282943726,0.4990125758129905,3.9290258420220865,31.31854248046875,61.21640396118164
04018.png,5.379555281251669,0.6165928244590759,0.36269070168386763,0.8754493822303806,6.296900749206543,31.066905975341797,0.8996339252204476,0.5032211529772678,6.751238822937012,2.36622605560102,8.875802040100098,2.8763301372528076,29.071231842041016,0.34417277574539185,1.856300711631775,0.8099274635314941,0.03282305598258972,14.838210105895996,0.6004791459783203,0.0299175758229826,0.44509607553482056,0.43019551038742065,0.5115325184134712,3.460395170371434,23.80926513671875,47.924415588378906
04026.png,4.655199397355318,0.6131964325904846,0.3146767874081494,0.8666457528901643,6.4120001792907715,32.604759216308594,0.8871709522746031,0.5128497433500561,6.598538398742676,2.0470627477664802,9.261037826538086,3.048097610473633,27.276968002319336,0.3708798885345459,1.8177769184112549,0.7980754375457764,0.031288065016269684,15.046213150024414,0.6021775262363745,0.029450216524112376,0.446013867855072,0.41400521993637085,0.499619355000767,3.3984009852333914,20.57830810546875,49.048160552978516
04053.png,4.689045954495668,0.6382538676261902,0.43035669472703836,0.8620366515485818,6.6067352294921875,40.50755310058594,0.952220413193942,0.5741247921962866,6.93992805480957,2.91495662103533,11.712077140808105,3.6789321899414062,35.203712463378906,0.5704933404922485,1.7226030826568604,0.8361263275146484,0.01981489360332489,17.03008270263672,0.6646625788700524,0.028464695474555136,0.4773121774196625,0.4700690507888794,0.5473294860293295,3.9263357178290494,28.18280029296875,55.41734313964844
04092.png,4.689966071397066,0.6398097276687622,0.39512661276441086,0.8626582095995352,6.618797302246094,43.611778259277344,0.9447509513075787,0.5765739326939234,6.951961040496826,2.681091255697151,12.493669509887695,3.9614930152893066,36.14706802368164,0.5814186334609985,1.7119615077972412,0.7900205850601196,0.02065660059452057,16.849411010742188,0.6555874294078483,0.029278311024992287,0.48184555768966675,0.48451918363571167,0.5164133340169493,4.053694686527334,33.69744873046875,58.393310546875
04160.png,4.17000588029623,0.7285208702087402,0.64280977179887,0.8889077697647935,7.074668884277344,61.87606430053711,0.9846180098808472,0.584631174500752,6.699011325836182,4.4269398838114125,17.550960540771484,5.7337965965271,33.359012603759766,0.3691738545894623,1.7088525295257568,0.9214184284210205,0.05921553447842598,12.275644302368164,0.7725330265193382,0.022498217267525517,0.4318433701992035,0.4335142970085144,0.780630905417344,4.381215888509963,35.12274169921875,69.4892807006836
