image_name,time_s,CE,NMI,QNCIE,TE,EI,Qy,Qcb,EN,MI,SF,AG,SD,CC,SCD,VIF,MSE,PSNR,Qabf,Nabf,SSIM,MS_SSIM,VIFF,NIQE,BRISQUE,MUSIQ
00004N.png,3.389982409775257,0.30970433354377747,0.8102231852764914,0.8850632938246612,4.696725845336914,19.582218170166016,0.9663290364621012,0.5561235289263018,6.287365436553955,4.449797934839465,6.291840553283691,1.7282224893569946,30.788339614868164,0.6778743863105774,1.3661117553710938,0.9443257451057434,0.009629831649363041,20.1638126373291,0.5803601059264789,0.007715484117578922,0.47113174200057983,0.44347596168518066,0.6610915550166013,5.808403097845605,42.56317138671875,27.157703399658203
00008N.png,2.3226557970046997,0.35227638483047485,0.8656590964120846,0.8931227321380716,4.830424785614014,23.852764129638672,0.9691801834509493,0.5355651655578503,6.676000595092773,4.980336932265166,7.491459369659424,2.104412317276001,45.9290885925293,0.6932997107505798,1.3019590377807617,0.9780826568603516,0.021345721557736397,16.706890106201172,0.6348999443518647,0.006076821387159911,0.4749849736690521,0.512890636920929,0.7246956292296057,5.694237453512993,43.38006591796875,29.962087631225586
00012N.png,2.347061410546303,0.336600661277771,0.7702789102520313,0.8839609608418546,4.83833646774292,21.30691146850586,0.9692848039155794,0.5628187321079281,6.3545918464660645,4.310852660584418,5.957931995391846,1.8649581670761108,38.4222412109375,0.5789914131164551,1.3060078620910645,0.9598186016082764,0.015838831663131714,18.002769470214844,0.612694636978842,0.0036471908599127836,0.47552788257598877,0.4567880928516388,0.7112818429356148,5.792772629462226,45.47576904296875,28.142417907714844
00016N.png,2.329156283289194,0.33839356899261475,0.6912764207976507,0.8812686860787976,4.890386581420898,28.35259246826172,0.9491706502732133,0.579525782123777,6.33859920501709,3.8811794974671834,7.645577430725098,2.5210461616516113,37.552555084228516,0.5986834764480591,1.311319351196289,0.9777898788452148,0.013987341895699501,18.54265022277832,0.6255605312296786,0.008236351800251129,0.4661731421947479,0.4841456413269043,0.705609903804809,4.745172936801828,40.25701904296875,26.05474090576172
00020N.png,1.6604746282100677,0.20525233447551727,0.5174265718495473,0.8954967577742241,4.4309983253479,14.350276947021484,0.9178741821758377,0.5669827663601323,4.771862506866455,2.3809117351197138,5.778900623321533,1.315018892288208,19.8707275390625,0.7100879549980164,1.354468584060669,0.9067639112472534,0.0025593654718250036,25.918678283691406,0.5112402990186227,0.0057663349506269605,0.4374692440032959,0.5342662334442139,0.5145855344218084,5.214599712808705,38.22137451171875,23.290498733520508
00024N.png,2.3352503441274166,0.26349303126335144,0.7144483066872641,0.8788271439433963,4.550506591796875,20.627418518066406,0.955579334373701,0.5820038061849663,5.8151021003723145,3.7028590575686735,6.549612045288086,1.842995285987854,28.10028648376465,0.6898142099380493,1.4574646949768066,1.0139342546463013,0.006832418963313103,21.654254913330078,0.5957083913668018,0.00905907653556261,0.47602736949920654,0.5275006890296936,0.6744484703556716,5.542507935228123,42.51287841796875,21.749351501464844
00028N.png,2.3444656804203987,0.267858624458313,0.7314219738157869,0.8792725444921152,4.3443522453308105,18.483129501342773,0.9438226223560204,0.5465862453719289,5.794332504272461,3.707842410464089,6.486635208129883,1.6424508094787598,30.449758529663086,0.6543347835540771,1.4077359437942505,1.0209355354309082,0.008519871160387993,20.695669174194336,0.5916980718557611,0.00899702537257154,0.4334077835083008,0.509251058101654,0.6386676090621334,5.668171298273907,38.06170654296875,20.882038116455078
00032N.png,2.074668698012829,0.252269446849823,0.6238233929768282,0.8841318271200959,4.651378631591797,22.785497665405273,0.9368654102642364,0.5736201723306542,5.6389994621276855,3.209700764190117,7.533621788024902,2.0602030754089355,37.55803298950195,0.6653182506561279,1.3441033363342285,1.079319953918457,0.010976709425449371,19.595277786254883,0.6402860054259973,0.00634603802539546,0.4321136474609375,0.4981822669506073,0.7001052263494872,5.470987048937127,39.39862060546875,21.507692337036133
00036N.png,1.7488157898187637,0.20652565360069275,0.5332651482386042,0.8822263023531383,4.324121952056885,19.858245849609375,0.9210875782112696,0.5599273531990417,4.917242050170898,2.464058371627827,7.170467376708984,1.8112962245941162,30.540510177612305,0.7253379225730896,1.433760166168213,1.0241806507110596,0.0067818909883499146,21.686492919921875,0.6067315965682664,0.00869267503648496,0.4245261251926422,0.5040028691291809,0.6270306732622499,5.277672028264217,37.68865966796875,25.75588035583496
00040N.png,1.7155085615813732,0.21622790396213531,0.5611538918953186,0.8803784985512311,4.356077194213867,15.505043029785156,0.9233366917538441,0.5546442125035207,5.072285175323486,2.6453918465966213,5.523689270019531,1.4090741872787476,23.320716857910156,0.6958483457565308,1.4348796606063843,1.0041828155517578,0.00417818920686841,23.79012107849121,0.5598056554622913,0.009056816148008935,0.4360960125923157,0.5074520707130432,0.5987308173871528,5.963395674469619,39.96551513671875,17.495166778564453
00047N.png,1.5528194569051266,0.31813153624534607,0.7568440240141923,0.8821863380295141,4.755151748657227,24.626924514770508,0.9628949882776124,0.5631715473186893,6.262991428375244,4.1695217132055,7.789584159851074,2.173344373703003,37.35184097290039,0.6021280288696289,1.3706247806549072,1.0108511447906494,0.013699721544981003,18.63288116455078,0.6420699306968594,0.005893670470478475,0.4684476852416992,0.4989153742790222,0.7243583921042122,5.725479544118475,41.00994873046875,29.714481353759766
00051N.png,2.3166050389409065,0.34660041332244873,0.5615814925006941,0.8829091113878981,5.085657596588135,30.543893814086914,0.9130635828795005,0.5281414904646752,6.238409519195557,3.1797035161968257,9.000311851501465,2.715787887573242,42.95210266113281,0.6460105180740356,1.4550280570983887,1.0587730407714844,0.014618086628615856,18.35109519958496,0.6406470591468113,0.005650336787747664,0.4373636245727539,0.5185084342956543,0.6686802286684183,4.421288127003477,34.18865966796875,31.244064331054688
00055D.png,2.3306034430861473,0.5695797801017761,0.8318185832104544,0.8853393794855478,5.266815185546875,66.94929504394531,0.986144926031617,0.5673420773388383,7.206602573394775,5.1878258914298865,19.361406326293945,6.074248313903809,70.43822479248047,0.6104925274848938,1.4068408012390137,0.9098036289215088,0.07163975387811661,11.44845962524414,0.766564139563429,0.0028211312122560935,0.47709596157073975,0.4879101812839508,0.7893355623483176,3.5431898879453994,29.58367919921875,43.72459411621094
00081D.png,2.3123554289340973,0.6426032781600952,0.8344222454169512,0.8833174924814339,5.400969982147217,52.49409103393555,0.9843792952490189,0.5004083898829934,7.56741189956665,5.410568570625761,14.237075805664062,4.54695463180542,66.26322174072266,0.5390157699584961,1.4858002662658691,0.9426043033599854,0.09840717911720276,10.069731712341309,0.7309386309465932,0.0026869988775651502,0.4699820876121521,0.4770656228065491,0.7800033106644958,4.197102441787257,40.39276123046875,35.65155792236328
00085D.png,2.3194010742008686,0.5934216380119324,0.8505382688285467,0.8890532749063349,5.312622547149658,49.35356140136719,0.9873964098202614,0.5224899160449812,7.275580406188965,5.353389057191652,11.647834777832031,4.252601146697998,43.99855422973633,0.656432032585144,1.4242019653320312,0.9647922515869141,0.07115767896175385,11.477783203125,0.7100301362599039,0.0027958240993160477,0.48781898617744446,0.5369454622268677,0.793707465717153,4.739149883150197,43.81365966796875,37.60729217529297
00091D.png,2.7392154075205326,0.6034645438194275,0.9480266495317362,0.883582319894763,4.699832916259766,39.404022216796875,0.9812708299480356,0.5307065269075372,7.326310634613037,5.700568993978525,10.72553539276123,3.386810302734375,60.043052673339844,0.4594334661960602,1.4064916372299194,0.9089199900627136,0.09310831129550934,10.310115814208984,0.7125872627559038,0.003234964871524505,0.4680054187774658,0.4725363850593567,0.7398561216589294,4.425036962223712,42.35711669921875,36.037925720214844
00095D.png,1.5747140012681484,0.7461151480674744,0.7728455700415043,0.8834584980294139,5.740274429321289,65.8506851196289,0.9827628867452886,0.5373956594357057,7.5335373878479,5.129317629776027,16.100322723388672,5.809296131134033,68.00469970703125,0.45486000180244446,1.5146342515945435,0.9118322730064392,0.1197967678308487,9.21554946899414,0.745598820941719,0.0021637377075593347,0.46160343289375305,0.4679677188396454,0.7593037540604679,3.8742217198349946,41.19354248046875,41.11794662475586
00099D.png,1.9993282407522202,0.6470451951026917,0.6781146060635219,0.8850246908603565,6.229081153869629,105.81608581542969,0.9826043005649318,0.6373807529417108,7.7107157707214355,4.726402206161849,24.49995231628418,9.664826393127441,60.69100570678711,0.5982412695884705,1.4965920448303223,0.8950353860855103,0.07737887650728226,11.113776206970215,0.7453859363203892,0.0021184692809648764,0.5054839253425598,0.5595563054084778,0.7561003457248161,3.3083929955546805,31.50067138671875,46.26957702636719
00103D.png,1.9153606556355953,0.6545861959457397,0.7334403178575332,0.8826744034387642,6.4691162109375,70.94219970703125,0.9794952393499644,0.5984037168320733,7.459463119506836,5.107904207931236,17.539857864379883,6.360233783721924,62.35078811645508,0.5203960537910461,1.4750053882598877,0.8941139578819275,0.06848861277103424,11.643817901611328,0.6882314717393035,0.0033133946014431083,0.5003138780593872,0.5434398055076599,0.713600640368694,4.212159327396549,35.86932373046875,44.24269485473633
00107D.png,2.2032473757863045,0.5232937335968018,0.6749483043062554,0.8820434983329387,6.0571441650390625,52.99723434448242,0.9691949133064447,0.562556660041695,7.049327373504639,4.4231081890753075,14.612699508666992,4.725701808929443,49.285648345947266,0.5685250163078308,1.424001693725586,0.8806158304214478,0.033996619284152985,14.68564224243164,0.6643358813902884,0.004309531149644325,0.504914402961731,0.5496218800544739,0.6562308736141639,3.925956046851755,34.22479248046875,46.077369689941406
00111D.png,2.1118603497743607,0.5824586749076843,0.6536473584774751,0.8987476885368275,6.425269603729248,56.145416259765625,0.9483497504965348,0.5417284568535012,7.206771373748779,4.455285885899528,16.084766387939453,5.014137268066406,74.98741149902344,0.7987948060035706,1.573901891708374,0.7769671678543091,0.043445661664009094,13.620536804199219,0.6219788104049601,0.005326153389982392,0.5100404620170593,0.5885971188545227,0.5337686003933273,4.043711608044403,35.40252685546875,43.10581970214844
00115D.png,2.173819672316313,0.5773234963417053,0.681588521118787,0.8786360787367525,6.121881484985352,47.87375259399414,0.9608737324476969,0.5428955417962408,7.007600784301758,4.474464760000439,13.711252212524414,4.209737300872803,61.13657760620117,0.5507695078849792,1.4595136642456055,0.8514063358306885,0.05088984593749046,12.93368911743164,0.6270004560124589,0.005298750999193109,0.4993058443069458,0.5505619049072266,0.600747888726995,4.190854101663767,39.14959716796875,43.768150329589844
00119D.png,2.1544175185263157,0.48412132263183594,0.6518791049602853,0.8797177842042874,5.94971227645874,40.137786865234375,0.952573558132198,0.5521779517766217,6.792241096496582,4.153118545889667,12.116591453552246,3.4601826667785645,54.778724670410156,0.5707817077636719,1.4133622646331787,0.8585020303726196,0.03420910984277725,14.658583641052246,0.6328379046520356,0.00672466818668629,0.497172087430954,0.5669596791267395,0.5711768705998395,4.164642879165847,38.19598388671875,39.42437744140625
00123D.png,1.865143034607172,0.567535400390625,0.7722882987998498,0.883463343422807,5.485547065734863,61.93955993652344,0.9837951699306775,0.5821468101772515,7.450773239135742,4.995298542097071,15.32481575012207,5.469943046569824,62.34500503540039,0.6233762502670288,1.385534405708313,0.9643270969390869,0.07291998714208603,11.37153434753418,0.7111363658840124,0.0030223825618841157,0.4899577796459198,0.5186898112297058,0.7841986288086494,3.5798726319446392,36.79461669921875,46.59501647949219
00127D.png,2.094390831887722,0.4683571457862854,0.8693099633276623,0.888945853208261,5.091039180755615,40.42735290527344,0.9804291253384846,0.5452363915420013,6.910216331481934,5.2164214846763315,12.336569786071777,3.5193169116973877,38.88443374633789,0.37058722972869873,1.3068193197250366,0.9206881523132324,0.03589044138789177,14.450212478637695,0.7051496039762489,0.0042597005104306656,0.4802435040473938,0.47344791889190674,0.7604254564297723,4.137159682236425,37.69696044921875,38.303619384765625
00131D.png,2.1164312101900578,0.4881693720817566,0.7619615338179254,0.8717241263111475,5.704705238342285,46.82276153564453,0.9753792003221841,0.5253282981865335,7.100610733032227,4.8785931212731075,13.668427467346191,4.087385177612305,43.407569885253906,0.5640674829483032,1.5192723274230957,0.9110207557678223,0.03819594159722328,14.179828643798828,0.6770092980569604,0.005126384776170752,0.4777141809463501,0.48865044116973877,0.697157903430213,4.020490545940029,37.22283935546875,41.25074005126953
00135D.png,2.071222271770239,0.5502493977546692,0.8030907626638348,0.8897282930625076,5.185711860656738,36.83734130859375,0.9796282933605399,0.4785632275673758,6.790137767791748,4.808861422986078,10.507092475891113,3.22306227684021,52.55544662475586,0.3765193223953247,1.3140344619750977,0.9144452810287476,0.061919018626213074,12.081758499145508,0.6561033138290387,0.004124066480634527,0.4854843020439148,0.5155909657478333,0.707979718811219,4.056330308384043,34.82879638671875,40.48834991455078
00139D.png,1.7782794460654259,0.6075572371482849,0.8073652178948475,0.8841610623288568,5.480918884277344,53.69679641723633,0.9847338769527764,0.5227995683985389,7.364732265472412,5.185580169922302,13.871594429016113,4.6677069664001465,51.85124206542969,0.4603068232536316,1.4050272703170776,0.9296237826347351,0.07443751394748688,11.282081604003906,0.719924227228488,0.002693259982700663,0.47234225273132324,0.4791308641433716,0.7904334542389923,4.16581190335054,37.60321044921875,44.58501052856445
00143D.png,2.090955823659897,0.6300734877586365,0.7381701082369058,0.8737575038857675,5.960480213165283,55.40496826171875,0.9784779294881077,0.495614293794471,7.2295379638671875,4.868251837082967,14.174395561218262,4.780613899230957,43.12174987792969,0.44606828689575195,1.6377874612808228,0.9063892364501953,0.07829063385725021,11.062902450561523,0.702149853226481,0.004105125291984434,0.46654778718948364,0.439961701631546,0.733541152242708,4.238270923719047,40.33758544921875,57.73584747314453
00147D.png,2.074975796043873,0.4567335247993469,0.8358200540780311,0.8867169259948589,5.084927082061768,44.07334899902344,0.9832178972410591,0.535432744760468,6.988546848297119,5.045640552919396,12.37032699584961,3.9221720695495605,40.15291213989258,0.4069767892360687,1.3243951797485352,0.9292081594467163,0.0355474129319191,14.491920471191406,0.7199679551825614,0.0030712887483367876,0.4834509491920471,0.4850802421569824,0.7887505667763477,4.343403880861769,37.82781982421875,46.83103942871094
00151D.png,2.0770984664559364,0.5396352410316467,0.8598804381890504,0.8879919028496868,5.03600549697876,46.96841049194336,0.989137601008865,0.5266501710767536,7.2371506690979,5.276738829018841,11.902528762817383,4.142350196838379,46.92345428466797,0.39204806089401245,1.264786958694458,0.9581858515739441,0.061236247420310974,12.129915237426758,0.7349305407534814,0.0024313832492048014,0.48415014147758484,0.490556538105011,0.8340399842374874,4.269156790304955,38.20721435546875,42.89164733886719
00158D.png,2.0765578001737595,0.6332778334617615,0.8218404584871591,0.8869417276787958,5.218699932098389,36.07509231567383,0.9837536988752855,0.5075972087609436,7.298001289367676,5.143380057782037,8.680010795593262,3.027919292449951,45.171939849853516,0.4203591048717499,1.4269475936889648,0.9366649389266968,0.06479552388191223,11.884550094604492,0.6569101857708244,0.0039197796879836,0.46538999676704407,0.4847886562347412,0.7934176534867393,4.927002830289023,48.36785888671875,29.202348709106445
00162D.png,1.3716094233095646,0.6732600331306458,0.9382907692810928,0.8947367663858314,4.613951683044434,55.74427032470703,0.9860691055279228,0.6566524144055179,7.705476760864258,5.779619762515962,13.09638786315918,4.953236103057861,61.705936431884766,0.6713653802871704,1.6272165775299072,1.0120654106140137,0.1077723279595375,9.674928665161133,0.823274395019473,0.0010014592921623277,0.4748986065387726,0.504660427570343,0.8448711842562961,4.280358509580481,40.50604248046875,36.498680114746094
00169D.png,2.1031314097344875,0.550031304359436,0.7996035304455174,0.8917370676659747,5.704193592071533,39.83140563964844,0.9771275496427516,0.6254390940592304,7.229592323303223,5.170964835782222,10.549915313720703,3.455796718597412,55.398826599121094,0.7044799327850342,1.424057960510254,0.9727364182472229,0.03614179417490959,14.419903755187988,0.6899562457648714,0.004028483133936731,0.47695228457450867,0.5186997652053833,0.7459774981192246,4.817418028317045,35.09783935546875,43.00566101074219
00174D.png,1.8327384553849697,0.5763452053070068,0.7843749956166766,0.885668814049559,5.663205623626709,40.423946380615234,0.981616805946123,0.6093189660883457,7.272830009460449,5.073365479746334,10.827130317687988,3.493947744369507,48.641239166259766,0.6454700231552124,1.4640815258026123,0.9575119614601135,0.042046818882226944,13.76266860961914,0.7157926345935016,0.0031176769480789476,0.4742022156715393,0.49898195266723633,0.7648298594906426,4.571290346182392,34.46697998046875,39.460243225097656
00178D.png,1.8683112300932407,0.5472813844680786,0.803501046342839,0.8943826466670117,5.683905601501465,41.95114517211914,0.9754933263465065,0.625725588363781,7.324822425842285,5.2262772807740046,12.398916244506836,3.669914722442627,51.78874588012695,0.6876301169395447,1.4692754745483398,0.93727046251297,0.03639845922589302,14.38917064666748,0.707131439724932,0.0028912844976334406,0.48249343037605286,0.5065014958381653,0.7552528372917463,4.382790861320442,28.36395263671875,41.895347595214844
00182D.png,1.5736709758639336,0.5874934196472168,0.8640797400034949,0.8930177814627186,5.610428333282471,44.05427169799805,0.9793317960611039,0.6113719454361051,7.5318498611450195,5.678003574410631,12.951075553894043,3.825719118118286,55.373321533203125,0.6680798530578613,1.524961233139038,0.9347848892211914,0.05278164893388748,12.775171279907227,0.7281453300254032,0.0019566864902893877,0.4748966097831726,0.5043578147888184,0.7732311800967868,4.552884029855428,30.18084716796875,42.76971435546875
00186D.png,2.2257618345320225,0.6606743335723877,0.7267156479995232,0.8793781349516225,5.968601703643799,50.769290924072266,0.9731004806385493,0.559027088827593,7.591625213623047,4.927227400963178,13.556252479553223,4.409953594207764,53.14816665649414,0.5742391347885132,1.6188724040985107,0.9018765687942505,0.07288532704114914,11.373598098754883,0.7191534454992609,0.002924866031820645,0.45966634154319763,0.4492994248867035,0.6957119680343806,4.165696415642928,31.87908935546875,48.850181579589844
00191D.png,2.23508695140481,0.6381978392601013,0.7180091061429293,0.8827260196944847,6.206474304199219,53.43669128417969,0.9663457578972574,0.610351982425502,7.510499000549316,4.924468736455854,13.669111251831055,4.629441261291504,56.22217559814453,0.6668630242347717,1.5811524391174316,0.893484890460968,0.05265630781650543,12.785496711730957,0.6967302675224961,0.003980029320209139,0.4755423367023468,0.5156728029251099,0.6940170554216084,4.466611496387282,40.29656982421875,38.49908447265625
00196D.png,2.2259324491024017,0.6199032068252563,0.49977307324364684,0.8671046537231645,6.635476112365723,49.99064254760742,0.9478522763844657,0.5500311300581112,7.215656280517578,3.4612206587430556,12.925467491149902,4.406393527984619,41.38199996948242,0.552884578704834,1.6720366477966309,0.7895992994308472,0.02917669527232647,15.349639892578125,0.6034930729433172,0.0053285814392328365,0.46498382091522217,0.49142909049987793,0.5536654249238158,3.769654826325594,33.12078857421875,40.026023864746094
00200D.png,1.9101807959377766,0.43839505314826965,0.5666677599271809,0.8848698170020136,5.607489585876465,25.88627815246582,0.9434225962187079,0.5563190608032412,6.175722122192383,3.3385929574562994,8.3577241897583,2.2552080154418945,44.68769073486328,0.6282445788383484,1.4241909980773926,0.9629208445549011,0.016114817932248116,17.927745819091797,0.6202509813754137,0.003949626562875271,0.48303133249282837,0.5336788892745972,0.6031372350919971,4.179676619869551,31.21502685546875,26.506372451782227
00204D.png,1.5362632349133492,0.47150591015815735,0.7599912195642271,0.8821371452374497,5.493412017822266,31.980905532836914,0.9729226800388718,0.6030173708505451,6.796276092529297,4.670041162246081,9.995950698852539,2.803327798843384,41.3472785949707,0.5655129551887512,1.43760347366333,0.914090096950531,0.021126115694642067,16.75180435180664,0.6519311895289898,0.003120321488709848,0.4887002110481262,0.4994658827781677,0.6898312068728321,4.5419407877328855,36.16278076171875,44.12135314941406
00209D.png,2.155700694769621,0.4993843734264374,0.744172026427847,0.8791225413146845,5.688051223754883,36.29384994506836,0.9725182175142141,0.596123899479977,6.991089344024658,4.71774431672951,10.675387382507324,3.1646289825439453,43.28901290893555,0.6087002754211426,1.4800150394439697,0.9191845059394836,0.024603720754384995,16.08999252319336,0.6603728197436033,0.004395270040953217,0.4847666919231415,0.49131080508232117,0.6867932421704303,4.613623895359414,36.24188232421875,33.21248245239258
00213D.png,1.8650681599974632,0.4460916221141815,0.7624764668686149,0.8798969569565226,5.258629322052002,31.883520126342773,0.9751450405387243,0.6189941339849785,6.733540058135986,4.571886849241901,9.454323768615723,2.8034708499908447,32.43513870239258,0.5570828914642334,1.4386720657348633,0.9280533790588379,0.014640619978308678,18.344406127929688,0.6701795345825516,0.004123242545349925,0.48551928997039795,0.46255752444267273,0.7223801268465136,4.45648378198325,36.09051513671875,39.9283447265625
00218D.png,1.802413821220398,0.46366196870803833,0.7983973175870573,0.8785960054908147,5.318685054779053,32.10043716430664,0.9746830449509473,0.6292547735368875,6.849648952484131,4.857596989187417,8.658598899841309,2.7977957725524902,36.12985610961914,0.5935415029525757,1.4525855779647827,0.9217792749404907,0.019728220999240875,17.049121856689453,0.6552148820408138,0.005235882113687417,0.4896896779537201,0.4969421923160553,0.7092465516395619,4.896407365645335,36.01483154296875,38.90388870239258
00225D.png,1.5240171998739243,0.49042531847953796,0.7984462724970521,0.8792396199967982,5.323022842407227,36.29322052001953,0.9807584397799317,0.6247330124561941,6.859836578369141,4.863693921586361,9.562204360961914,3.198065757751465,32.052452087402344,0.5293350219726562,1.3869327306747437,0.9307745695114136,0.020191123709082603,16.948394775390625,0.6648693336744131,0.0051512272677328745,0.49770060181617737,0.4714284837245941,0.734674395340045,4.443150536442821,36.00799560546875,39.32122039794922
00229D.png,2.1252455338835716,0.47091391682624817,0.8494096977067599,0.8819995364360191,5.0190019607543945,28.624818801879883,0.9789934145225478,0.6196794966929069,6.802762985229492,5.020775546787926,7.43296480178833,2.486778736114502,30.665040969848633,0.4654473066329956,1.3194209337234497,0.9689486026763916,0.018277229741215706,17.380897521972656,0.6525817652363398,0.005331643920480719,0.49949464201927185,0.4774003028869629,0.7519640709345068,5.0362848410869265,34.48162841796875,31.059329986572266
00233D.png,2.131144568324089,0.48725607991218567,0.7489373716534287,0.876870495737341,5.3834052085876465,35.69939041137695,0.9747430013563533,0.5961407922333571,6.855568885803223,4.583125736755795,9.296903610229492,3.1353516578674316,32.44439697265625,0.5627860426902771,1.4421550035476685,0.9227530360221863,0.019209811463952065,17.16476821899414,0.6405052401984193,0.007102202486855121,0.49386104941368103,0.5119405388832092,0.6864421657294408,4.658289981282196,32.91326904296875,26.45648193359375
00237D.png,2.1313997469842434,0.6236456632614136,0.8264805898149161,0.8777331014703665,5.298130512237549,53.9188346862793,0.982378294095009,0.6379084377761202,7.362500190734863,5.2318971502232525,13.757173538208008,4.687230110168457,50.880558013916016,0.5388792157173157,1.493669033050537,0.9477669596672058,0.06619668751955032,11.791638374328613,0.7525083985154692,0.0038045525680122593,0.48751404881477356,0.5061134696006775,0.7796718933832565,4.5116137921677,39.10711669921875,32.88283157348633
00241D.png,1.8941792212426662,0.6439923048019409,0.8108412502419956,0.8820977619501809,5.000620365142822,62.372982025146484,0.9875656772116185,0.7158659200174122,7.386992931365967,5.022208284971866,14.045462608337402,5.48043966293335,44.61195755004883,0.5272760391235352,1.5006756782531738,0.9489728212356567,0.06830090284347534,11.655735969543457,0.7849765634883064,0.0021553590472950784,0.49440279603004456,0.4903786778450012,0.8390810513127674,4.218367280015235,35.42987060546875,38.719844818115234
00245D.png,1.464816726744175,0.6175827980041504,0.8612153268073054,0.8831135883445289,4.908318042755127,65.51272583007812,0.9873571801508413,0.6869593070961161,7.546387672424316,5.363107105217031,17.171794891357422,5.869423866271973,50.6989860534668,0.4873501658439636,1.4158693552017212,0.9587130546569824,0.06829883903265,11.655866622924805,0.8056501502972225,0.0023701019216983816,0.4950055181980133,0.5012470483779907,0.8290226836333157,3.746254121929203,30.55633544921875,41.84100341796875
00258D.png,2.1774569898843765,0.6168538331985474,0.872576278012225,0.8879330732579692,5.360275745391846,52.124420166015625,0.9783426029469668,0.6964787193703679,7.69169807434082,5.694437055204954,12.951760292053223,4.582336902618408,66.9715576171875,0.6071719527244568,1.466497778892517,0.9794584512710571,0.07513907551765442,11.241341590881348,0.7792313886615032,0.001709066966768501,0.4844779372215271,0.47832411527633667,0.8274337052624942,3.8895367238976792,30.30291748046875,37.45671844482422
00262D.png,2.1705298610031605,0.6149573922157288,0.8554678193308951,0.8847034872547146,5.207474708557129,51.40564727783203,0.9792586028215211,0.6854944909214639,7.644989013671875,5.4974499213135,13.21619987487793,4.562511444091797,67.87156677246094,0.5371858477592468,1.3699249029159546,0.9835215210914612,0.07298191636800766,11.367847442626953,0.7903924098573154,0.0013723749033892026,0.48985663056373596,0.4948500990867615,0.836858631855204,3.8343640478380534,29.63592529296875,39.23216247558594
00266D.png,1.800534464418888,0.5235785841941833,0.8031953289321011,0.8863197798229178,5.2929792404174805,38.17906951904297,0.9814908646553311,0.6034700755423518,6.935660362243652,4.911007511937344,10.930353164672852,3.3495936393737793,43.55805969238281,0.41320738196372986,1.2692816257476807,0.9735956788063049,0.032257311046123505,14.913719177246094,0.6987774628964354,0.003580221271062927,0.4825901389122009,0.4654468297958374,0.7946743943199495,4.596865862304427,22.45184326171875,30.468765258789062
00270D.png,1.51173472777009,0.6348113417625427,0.8108291953427479,0.8805337178012829,5.430312156677246,50.13471984863281,0.9818908227342381,0.5811603160738975,7.3615312576293945,5.186014211478309,13.865113258361816,4.387491226196289,53.87895202636719,0.4851504862308502,1.458240270614624,0.9434505105018616,0.07809077948331833,11.07400131225586,0.744503210740908,0.0029158080332766173,0.4761490225791931,0.47581973671913147,0.8065509166594728,4.302847150166573,35.21990966796875,42.7303466796875
00275D.png,2.276483789086342,0.6873143315315247,0.8032181224599688,0.8903289715070845,5.4907331466674805,55.1357307434082,0.9757438570325413,0.5957147988131419,7.391372203826904,5.173584760546255,13.573993682861328,4.848809719085693,53.73027038574219,0.6453269720077515,1.6381162405014038,0.9042676687240601,0.07708300650119781,11.130414009094238,0.7221781144491418,0.0018458853414443227,0.4684913158416748,0.47924014925956726,0.7598197107654663,3.835443531715549,37.88348388671875,45.70490264892578
00279D.png,2.2555312365293503,0.6333400011062622,0.8311116136013916,0.8841289892371811,5.648675918579102,46.03923416137695,0.9842675075065391,0.5985185974984532,7.201872825622559,5.34013529044376,12.403589248657227,4.0236430168151855,58.331214904785156,0.48773545026779175,1.5669074058532715,0.9027295112609863,0.062279798090457916,12.056528091430664,0.7241808705290236,0.002562578596156462,0.4547025263309479,0.47282087802886963,0.7734464078969627,4.359473431879163,38.56854248046875,45.168357849121094
00283D.png,2.1370645351707935,0.6193660497665405,0.8400904379309092,0.8840241964302462,5.569461822509766,48.465904235839844,0.9830578493597932,0.6155242288836406,7.2186431884765625,5.371597451728148,13.136768341064453,4.2774834632873535,61.398101806640625,0.5147281289100647,1.5274555683135986,0.9147436618804932,0.062165312469005585,12.064518928527832,0.7172825206782159,0.0026194729520565706,0.4623009264469147,0.4727352559566498,0.7663464102865822,4.454265486306388,40.33026123046875,40.051658630371094
00287D.png,1.9347805678844452,0.5909793376922607,0.7508054519257906,0.8809062565181401,5.84135627746582,52.30561828613281,0.9778972829641688,0.5841067229448539,7.0565900802612305,4.841937773265535,14.504703521728516,4.6297478675842285,57.93400573730469,0.5669329762458801,1.4677790403366089,0.8708694577217102,0.0489087775349617,13.106132507324219,0.6966536907004515,0.004505454672349079,0.4817027449607849,0.5127108097076416,0.7084707627786938,4.110448396150502,38.02606201171875,45.299800872802734
00291D.png,2.2340160869061947,0.5928022265434265,0.7518176853123631,0.880169407000366,5.756477355957031,41.74168014526367,0.9770757484587501,0.5841568499406237,6.957973003387451,4.779488105648959,11.718657493591309,3.640183210372925,56.699676513671875,0.5166769027709961,1.468040943145752,0.8765812516212463,0.04934481903910637,13.067584991455078,0.6749928813603229,0.004711585411939073,0.48387742042541504,0.46557289361953735,0.6995032737523297,4.529423914108676,39.65643310546875,40.96442413330078
00298D.png,2.249323982745409,0.592061460018158,0.7897593687769539,0.8795952850477455,5.74156379699707,42.89957046508789,0.9741611084474304,0.6106788677289139,7.075531005859375,5.061225209952125,12.311492919921875,3.7387101650238037,60.47282791137695,0.5196048021316528,1.46099853515625,0.9159594178199768,0.052467960864305496,12.80105972290039,0.6949948023437977,0.0050753495568749835,0.4816623330116272,0.4861397445201874,0.7294148169843452,4.545256097444052,39.87908935546875,41.104148864746094
00303D.png,2.236104842275381,0.5927026271820068,0.7766698546648512,0.8749907444925958,5.678823471069336,43.77346420288086,0.9771574852469459,0.6002869827764299,7.278533935546875,5.031808735347973,11.616015434265137,3.7566142082214355,52.54246139526367,0.5711079835891724,1.5539026260375977,0.9695706367492676,0.04959142208099365,13.045934677124023,0.703251018496232,0.004728840518987943,0.47633492946624756,0.48535871505737305,0.724701372924032,4.985223702274241,42.96844482421875,36.8377685546875
00307D.png,1.9203218072652817,0.6865736842155457,0.7559904041014325,0.8718222944703071,6.208933353424072,48.80910873413086,0.9730322691138452,0.567671493857442,7.515838146209717,5.187911027307715,13.254764556884766,4.189723491668701,60.733619689941406,0.5066984295845032,1.6291344165802002,0.9800945520401001,0.08347344398498535,10.784517288208008,0.7310752747904754,0.0032244491549229585,0.4524476230144501,0.445320725440979,0.7412901052023654,4.801502729186025,32.40496826171875,53.72535705566406
00311D.png,1.4788811765611172,0.6541099548339844,0.8385463064053538,0.8832107642227278,5.485987663269043,45.59303283691406,0.9862776063251775,0.5886779234131293,7.329468727111816,5.373192078431067,12.010696411132812,3.930875778198242,54.14686965942383,0.4816412925720215,1.486695408821106,0.9345676302909851,0.07041438668966293,11.523385047912598,0.7317728168484019,0.0023949471605444576,0.4698502719402313,0.4786551594734192,0.7887460654891121,4.836311798210763,37.37908935546875,43.402435302734375
00315D.png,2.303479392081499,0.6166327595710754,0.796338150839499,0.8802914792969189,5.660685062408447,45.886653900146484,0.9820503120034744,0.5844015036456481,7.357990264892578,5.183647896336618,12.047140121459961,4.0033674240112305,54.14866638183594,0.5059619545936584,1.489870309829712,0.9222253561019897,0.05747668072581291,12.405082702636719,0.7058561167680315,0.003191301803081941,0.457611083984375,0.4623289406299591,0.7635002855487579,4.380085651896009,36.50067138671875,44.3846321105957
00319D.png,2.2846768274903297,0.6073635220527649,0.7399633516543903,0.8770005885978238,5.959044456481934,39.71628189086914,0.9765863916808125,0.5598021706344476,7.06687068939209,4.8193631169606785,11.009712219238281,3.4258766174316406,53.6770133972168,0.5127023458480835,1.5061016082763672,0.9000994563102722,0.04955099895596504,13.049476623535156,0.6660703137922216,0.005495261533703798,0.4704517722129822,0.48277848958969116,0.6899239558313215,4.691439104893174,34.71112060546875,43.88840103149414
00323D.png,2.28403552249074,0.6054294109344482,0.8082433620637367,0.8819578639841672,5.499631404876709,40.575679779052734,0.9825866359405832,0.5795701324477905,7.109786033630371,5.095753203151492,11.135942459106445,3.5165584087371826,52.06328201293945,0.5382476449012756,1.4408715963363647,0.9270349144935608,0.05389679968357086,12.684370040893555,0.6935859845596005,0.003289774409475528,0.4718706011772156,0.5141515135765076,0.7507816010701842,4.664499189245741,35.09002685546875,44.87554168701172
00327D.png,1.5097166076302528,0.6425884366035461,0.8443852164737057,0.8882531907040344,5.231881618499756,50.7740364074707,0.9866838997888706,0.6206170143620915,7.397435188293457,5.332019362759347,12.937464714050293,4.442166328430176,56.532684326171875,0.6103143692016602,1.5192854404449463,0.9501461386680603,0.06938794255256653,11.58716106414795,0.7501072934221451,0.0022800460138601786,0.47735440731048584,0.5056410431861877,0.8085980655861214,4.364954155258608,37.73846435546875,35.531028747558594
00332D.png,2.2833980806171894,0.6410049796104431,0.7363758004296885,0.8813178449364784,6.121522426605225,51.42444610595703,0.9759566803296174,0.6130998592480904,7.379523754119873,4.970934956616629,12.824453353881836,4.371898651123047,53.54592514038086,0.5477644801139832,1.4719871282577515,0.9139661192893982,0.05433705449104309,12.649040222167969,0.6914259191324863,0.003763666523594692,0.48538562655448914,0.499016135931015,0.725183431358013,4.448817635281017,46.04803466796875,41.371761322021484
00337D.png,2.2939192801713943,0.62337327003479,0.7026209546664633,0.8813320862499205,6.1647257804870605,38.96495056152344,0.9677341309898239,0.5614614979259441,7.132205009460449,4.67136387806147,9.827433586120605,3.3373372554779053,52.50393295288086,0.5442990064620972,1.4730769395828247,0.8833370208740234,0.04478311911225319,13.48885726928711,0.625596250645477,0.004245458259545353,0.4700224697589874,0.4630085527896881,0.6617052991703258,4.366212270120547,38.88104248046875,42.31357955932617
00341D.png,2.2904973439872265,0.6387203335762024,0.7718365431167638,0.878337641706669,5.8798933029174805,39.091636657714844,0.9771647861567688,0.5635623609987611,7.252022743225098,5.067860339291354,10.05745792388916,3.30692982673645,54.313663482666016,0.5656888484954834,1.5465340614318848,0.9256149530410767,0.05657918378710747,12.473434448242188,0.6684130187931073,0.005144344105229233,0.4660894274711609,0.48956865072250366,0.7001082049697888,4.9587842945689795,37.59686279296875,35.119850158691406
00345D.png,1.969156239181757,0.6215927004814148,0.7470372672027631,0.8793456026283345,5.841180324554443,41.77070999145508,0.9738454241305539,0.5643508795115293,7.249114513397217,4.889482612985253,10.597740173339844,3.5727388858795166,57.6003303527832,0.588466227054596,1.5049664974212646,0.8904204368591309,0.055482689291238785,12.558425903320312,0.6571098793717672,0.004828542916769153,0.4719294011592865,0.4865766167640686,0.6783573635873191,4.565569952624883,36.60614013671875,37.649330139160156
00349D.png,1.4894253201782703,0.5084050297737122,0.7338758159984482,0.8884584752292248,5.521800994873047,34.8813362121582,0.9685998315079769,0.6205902546312848,6.76666259765625,4.509116437647069,9.791898727416992,3.0175487995147705,49.77119827270508,0.6431196928024292,1.4944965839385986,0.9021322727203369,0.025549717247486115,15.926139831542969,0.6530819776266683,0.0046285466365690265,0.49334433674812317,0.5201947093009949,0.689732757576583,4.387865767476637,36.22869873046875,38.10491180419922
00353D.png,2.284754052758217,0.5439838767051697,0.815427830526406,0.8866186255883444,5.520086765289307,37.32014465332031,0.9764409841894724,0.6290655376320041,7.1083831787109375,5.148817669396719,9.891805648803711,3.2358736991882324,51.784236907958984,0.6465169787406921,1.4639676809310913,0.9305585622787476,0.03512587770819664,14.543728828430176,0.6767532235596769,0.004104096627566476,0.4834049344062805,0.5012283325195312,0.7419179732838296,4.4318463218733,34.33612060546875,44.08926773071289
00357D.png,2.2966323271393776,0.6342191696166992,0.552380413723174,0.8790909278100864,6.788118839263916,45.095699310302734,0.9375374589340455,0.5641157780966467,7.1731414794921875,3.855972842860872,10.71062183380127,3.9085910320281982,46.407875061035156,0.6803737282752991,1.6599209308624268,0.7223356366157532,0.02742375247180462,15.618732452392578,0.5596724758644283,0.005054079158654823,0.46940797567367554,0.49974045157432556,0.48500519012978227,4.055288315747902,36.45184326171875,39.15746307373047
00361D.png,1.9684035927057266,0.5934836864471436,0.8532824737745623,0.8842740748562764,5.494747638702393,40.05546188354492,0.981390142792847,0.5521901632038418,7.036493301391602,5.346359529271918,10.509201049804688,3.479409694671631,46.91897201538086,0.6055611968040466,1.4390604496002197,0.928539514541626,0.0413145050406456,13.83897590637207,0.6757995691616698,0.004194808930363187,0.4732285737991333,0.5221338868141174,0.7329695396255963,4.468552013254853,35.40692138671875,37.05164337158203
00367D.png,1.5422670394182205,0.6105228066444397,0.8844310758834426,0.8850543930481533,5.1872334480285645,44.568546295166016,0.9871759525346553,0.5718931823983144,7.0717082023620605,5.421110365043587,11.343232154846191,3.8773231506347656,47.17047882080078,0.5623458027839661,1.5207257270812988,0.9372323751449585,0.056271810084581375,12.497091293334961,0.7230995773510639,0.00273226160519761,0.47030001878738403,0.48542988300323486,0.7934029657967702,4.355043637853742,35.18670654296875,37.91453552246094
00371D.png,2.299206156283617,0.6165205240249634,0.8474131848238121,0.8824483306352665,5.318436145782471,51.445613861083984,0.985777462244191,0.6233432776722263,7.284969806671143,5.340161318301746,12.454102516174316,4.505983352661133,48.73805618286133,0.5685737729072571,1.454298734664917,0.9390850067138672,0.05829757824540138,12.343494415283203,0.7326078663820782,0.003123684298325164,0.4829608201980591,0.5155681371688843,0.7928055120829475,4.206366052958837,36.40057373046875,37.44413375854492
00375D.png,2.2988244108855724,0.6320963501930237,0.8010085175756922,0.879669752893037,5.428766250610352,49.278472900390625,0.9834233456225863,0.6071867405655667,7.306280612945557,5.100454667465028,11.344560623168945,4.28411865234375,46.27555847167969,0.5611128807067871,1.5597362518310547,0.9259942770004272,0.06533249467611313,11.848708152770996,0.7063127456221097,0.00348973333172863,0.4881346523761749,0.5159599781036377,0.7624630456616185,4.598110909972022,41.44940185546875,38.947059631347656
00379D.png,2.286017645150423,0.6178666353225708,0.8458763385655989,0.8902223854846255,5.359343528747559,50.43311309814453,0.9836825068905773,0.68029988115825,7.524215221405029,5.448963981130692,12.091466903686523,4.393060207366943,58.694061279296875,0.6334240436553955,1.4363877773284912,0.9892855286598206,0.06663667410612106,11.762866973876953,0.748991534949207,0.0021759498269707505,0.49078890681266785,0.5409098863601685,0.827301414572897,3.8259994729213016,40.09393310546875,36.996421813964844
00383D.png,1.9526007771492004,0.6067399978637695,0.8220112095506994,0.8896569683452427,5.404109954833984,55.93360900878906,0.9865851114742703,0.6885443475128579,7.478300094604492,5.294757219689615,13.192283630371094,4.885603904724121,49.21749496459961,0.6709598302841187,1.4649487733840942,0.9714200496673584,0.05332154408097267,12.730974197387695,0.7454897266190772,0.0030668916655788438,0.49512383341789246,0.5166534781455994,0.8247849238555608,4.284358940541482,40.27166748046875,41.54869079589844
00388D.png,1.4917249381542206,0.586834728717804,0.8419783802653187,0.8896633470843595,5.304210662841797,50.96702575683594,0.9896559353455027,0.6575245759549558,7.103510856628418,5.223531696182395,12.622969627380371,4.479737281799316,42.842933654785156,0.6535717844963074,1.4602439403533936,0.9351238012313843,0.048800304532051086,13.115774154663086,0.7524012520547083,0.0030495752043314213,0.4864359200000763,0.4915914237499237,0.8218395156527859,4.305688388286409,36.08465576171875,36.37139892578125
00392D.png,2.3100678957998753,0.6388973593711853,0.8022749796473283,0.8829366852625176,5.486227035522461,52.55086898803711,0.9863777279959838,0.6594543498574283,7.258105278015137,5.112243948947269,13.06100082397461,4.625948429107666,48.181060791015625,0.5721339583396912,1.5251002311706543,0.9146308898925781,0.05690545216202736,12.448461532592773,0.7450014311063481,0.0033605190501208347,0.4717831015586853,0.4770148992538452,0.8024094327993763,3.9315460086116314,32.71014404296875,43.9051513671875
00396D.png,2.300146020948887,0.6396740078926086,0.8104851856451641,0.8862195611956069,5.458261966705322,53.890933990478516,0.9870638981637987,0.6590295671067862,7.319084644317627,5.17793948001866,13.807422637939453,4.766096115112305,47.079254150390625,0.5967236757278442,1.5463354587554932,0.9052132368087769,0.05880511924624443,12.305849075317383,0.7560624344759739,0.0023072338069445014,0.4775219261646271,0.4913395643234253,0.8112030496862768,3.665033337191908,33.05194091796875,42.65730285644531
00400D.png,1.9539439044892788,0.5729690790176392,0.7923435460081505,0.8823645170472768,5.649916648864746,47.86570358276367,0.984648136885451,0.6548668204674446,7.210838794708252,5.095082479452492,12.728769302368164,4.199050426483154,44.89886474609375,0.49686065316200256,1.4781038761138916,0.9184932112693787,0.0394776351749897,14.03648853302002,0.7331503304393469,0.0032914481559506697,0.4774063527584076,0.4867435395717621,0.7965818823975146,4.895858885234057,40.80926513671875,38.3935432434082
00404D.png,1.573649324476719,0.5530165433883667,0.7947571987963448,0.8791737905659596,5.5355224609375,48.4235954284668,0.9848499049979865,0.6762070721454798,7.2078142166137695,5.063943663088489,13.276040077209473,4.281994819641113,43.712337493896484,0.5220603942871094,1.4396330118179321,0.9549560546875,0.036226656287908554,14.40971851348877,0.7456078728094597,0.0034087460889176222,0.48173239827156067,0.4692409038543701,0.8044507527454496,4.118049601345411,38.08709716796875,41.6663703918457
00408D.png,2.3027881123125553,0.6153196096420288,0.8073368712589779,0.8843604724898608,5.291206359863281,52.92598342895508,0.9865736816944416,0.6776366274215568,7.319377422332764,5.090509227497543,12.569337844848633,4.6196208000183105,45.09713363647461,0.48473721742630005,1.511837363243103,0.9355550408363342,0.04871271178126335,13.123578071594238,0.7179555725864837,0.003290964039538207,0.500123143196106,0.4909777343273163,0.8000406217910065,4.3629705750230245,42.88787841796875,42.1174201965332
00412D.png,2.3128617480397224,0.6465560793876648,0.8163768390835172,0.8865348574169523,5.5457963943481445,52.918548583984375,0.9863536755785763,0.6206541589783975,7.2236151695251465,5.212340596867346,14.008097648620605,4.555747985839844,49.51100540161133,0.4146844744682312,1.584277868270874,0.9024519920349121,0.0669497400522232,11.742510795593262,0.7521872253825622,0.0020933557785427254,0.4731983244419098,0.48912689089775085,0.7961522446341552,4.293195817876037,40.22967529296875,48.96944808959961
00416D.png,2.3087655268609524,0.6515820622444153,0.6214471603529815,0.8717650645237969,6.344284534454346,49.4212532043457,0.9601511226064553,0.5346768081695318,7.094151020050049,4.1756501207699355,12.944687843322754,4.275922775268555,42.85727310180664,0.5250388979911804,1.6564266681671143,0.7889187932014465,0.041119534522295,13.859519004821777,0.622456428290198,0.004009502355792127,0.48135533928871155,0.4887238144874573,0.5731006378542726,4.507193882387691,40.97479248046875,36.6950798034668
00420D.png,1.9700926914811134,0.6206609010696411,0.7945373404450516,0.8865166540186991,5.469940185546875,49.34901428222656,0.9809373821982214,0.6375071897157281,7.336002349853516,5.087413821982226,12.705031394958496,4.319361209869385,51.907188415527344,0.4082963168621063,1.4773281812667847,0.9074808359146118,0.06376882642507553,11.9539155960083,0.7397843035543941,0.0031546281112209353,0.4771590232849121,0.47985103726387024,0.7846354470892207,3.9557084649155354,36.47918701171875,45.430267333984375
00427D.png,1.6172424778342247,0.6710801124572754,0.5086605497799064,0.8667081718220124,6.720603942871094,46.162498474121094,0.942825647396981,0.5524115864342174,7.097204208374023,3.514296172732662,11.03216552734375,3.973909616470337,40.853057861328125,0.5514547824859619,1.7156987190246582,0.7124068140983582,0.03197939693927765,14.951297760009766,0.5788723983826799,0.004706895858063296,0.47220125794410706,0.45186886191368103,0.493805453788462,4.1437263907149156,36.03143310546875,37.56117248535156
00431D.png,2.3072572089731693,0.6035630702972412,0.859549416607616,0.8901544550947722,5.435380935668945,45.84315872192383,0.9832035322119285,0.6465752320421835,7.5417633056640625,5.577264048155902,11.503067970275879,3.946629285812378,53.633480072021484,0.6329328417778015,1.497836709022522,0.968329668045044,0.04946419596672058,13.057090759277344,0.7056671109635936,0.003103392779109763,0.4942481517791748,0.5246751308441162,0.795826367801827,4.686904465851765,37.34344482421875,30.0194149017334
00435D.png,2.3066134452819824,0.5964807271957397,0.8678696880772375,0.8860947028226921,5.092968940734863,48.32687759399414,0.9833556828283668,0.6214116322173968,7.720048427581787,5.560030411472551,11.63347339630127,4.295900821685791,61.0633430480957,0.5805419087409973,1.346623182296753,0.9328098893165588,0.06588397920131683,11.812201499938965,0.7164454973651109,0.002653606628413561,0.4893697202205658,0.48732510209083557,0.8025377220310451,3.9778720705825585,31.53875732421875,43.32421112060547
00440D.png,1.9327703639864922,0.6258319020271301,0.8144056167012436,0.884787461173304,5.765748500823975,47.420806884765625,0.985458331029056,0.5474325928155355,7.3559770584106445,5.343217858594967,10.991479873657227,4.082055568695068,49.49906921386719,0.44787707924842834,1.38218092918396,0.9264933466911316,0.06555990874767303,11.8336181640625,0.6772092636218051,0.003956261315975214,0.501779317855835,0.5080217123031616,0.7413862866055092,4.8877851031129085,37.52947998046875,40.242591857910156
00444D.png,1.5635603293776512,0.6179608702659607,0.731246900779261,0.8909026323473822,6.193822383880615,43.83511734008789,0.973030653218375,0.655773058296868,7.3828277587890625,4.963954890803457,9.261758804321289,3.7153801918029785,45.84388732910156,0.683647632598877,1.6104989051818848,0.8994373083114624,0.03721333295106888,14.293014526367188,0.6590265604680076,0.003982346937243612,0.4915655851364136,0.5109727382659912,0.7250486280575485,5.357114440519488,43.20526123046875,34.101478576660156
00448D.png,2.3137794472277164,0.6133045554161072,0.8296775485738743,0.8875995887646992,5.5398054122924805,56.22736358642578,0.9885631748248508,0.6788457564896646,7.494473934173584,5.407139413563447,13.440889358520508,4.866087436676025,50.19951248168945,0.6053867340087891,1.6010606288909912,0.9552061557769775,0.054100219160318375,12.668009757995605,0.7657704459116035,0.0019531832558755406,0.48208677768707275,0.4914611876010895,0.8425015476646598,4.767341811267344,43.88397216796875,42.873104095458984
00453D.png,2.3219752572476864,0.6939958930015564,0.775566796275346,0.8866136568857041,6.044119358062744,57.37892150878906,0.9751057538838053,0.6066016190520688,7.44619083404541,5.231332676657049,15.1377592086792,5.073011875152588,64.19429016113281,0.6079803705215454,1.4807615280151367,0.9069755673408508,0.06991986930370331,11.553994178771973,0.7055450754449063,0.002496561704136936,0.48555129766464233,0.5328079462051392,0.7178997080035694,3.800452857687891,36.11297607421875,40.479034423828125
00457D.png,2.3088470101356506,0.7166263461112976,0.7444021865062076,0.8825723684566068,6.087426662445068,56.34992218017578,0.9733052876043305,0.5975721898702757,7.49743127822876,5.0563123537500125,14.146158218383789,4.940282344818115,59.107906341552734,0.5693110227584839,1.5488700866699219,0.89365553855896,0.08099287748336792,10.915532112121582,0.7058277710283799,0.0023913931400129027,0.4570081830024719,0.4570876657962799,0.7083684520563199,4.139548570845731,36.32733154296875,44.149261474609375
00462D.png,1.8502705991268158,0.6743926405906677,0.7446086807965034,0.8839644035882359,6.215963840484619,55.45911407470703,0.9754758693741619,0.615019571234052,7.345361709594727,5.048953881356741,14.385174751281738,4.844512462615967,58.507564544677734,0.5949403643608093,1.5230579376220703,0.9221633672714233,0.06210874766111374,12.068472862243652,0.7046699397953999,0.0031910127207388887,0.4929763078689575,0.5244090557098389,0.7091642529040957,4.359032951367341,42.52752685546875,37.661781311035156
00466D.png,2.325768645852804,0.6585618257522583,0.784602742358373,0.8837334951038686,5.970340251922607,50.40804672241211,0.9796102378121428,0.6164811569371557,7.528444290161133,5.295606054991236,13.06258487701416,4.309121131896973,58.70811080932617,0.6034188270568848,1.49904203414917,0.9713839292526245,0.06608850508928299,11.79874038696289,0.7251555968044768,0.00259684362605609,0.47125908732414246,0.4572375416755676,0.7518395861724246,4.699945841606762,39.19891357421875,41.00906753540039
00481D.png,1.627004075795412,0.6463812589645386,0.7177895044211547,0.8820012190157134,5.88577938079834,52.27450180053711,0.9741617971573463,0.5410922292810392,7.5407867431640625,4.818736869818231,13.52983570098877,4.495078086853027,57.6947021484375,0.4813215136528015,1.4830033779144287,0.878226637840271,0.07774794101715088,11.093111038208008,0.663880268164316,0.0037955214453797626,0.47861945629119873,0.5061849355697632,0.6756018283691083,4.1338834432324045,39.34930419921875,41.754539489746094
00486D.png,2.307192884385586,0.6691253185272217,0.8025763883922431,0.8845120415008799,5.695357322692871,44.29063034057617,0.9883929618909854,0.4792070279133602,7.3363847732543945,5.229498865786432,10.67011833190918,3.7318084239959717,43.942848205566406,0.5849238038063049,1.4602138996124268,0.9255983829498291,0.08922480791807175,10.49514389038086,0.6675273954531495,0.0023990999155281945,0.4824342429637909,0.5122203230857849,0.7221590734614763,5.370085427677589,48.27655029296875,41.337669372558594
00491D.png,1.9530082494020462,0.5959319472312927,0.781345760854838,0.8823948537801715,5.787848949432373,47.40019226074219,0.9855883334758762,0.5337968093498413,7.458698272705078,5.17508083571877,10.739507675170898,4.1412434577941895,50.039913177490234,0.5432307720184326,1.4125590324401855,0.9202684760093689,0.0700099915266037,11.548399925231934,0.6706059999792203,0.003427156795279684,0.49303632974624634,0.533516526222229,0.7297385640891014,4.6223482414618715,33.40301513671875,38.71619415283203
00496D.png,1.6028332076966763,0.6520331501960754,0.8081112984793605,0.8839745271188876,5.701884746551514,39.31851577758789,0.9852296552654006,0.5030069670647499,7.500151634216309,5.3343712012504305,8.360868453979492,3.2595484256744385,51.67485809326172,0.5395435690879822,1.4211905002593994,0.9495416283607483,0.09048088639974594,10.434432029724121,0.6447939576419303,0.003909795404498563,0.48409974575042725,0.5231912732124329,0.7345437265664897,5.253270004709925,52.16424560546875,25.93824577331543
00500D.png,2.3268182650208473,0.6746841669082642,0.7211473965713276,0.8783774577755077,5.662913799285889,56.7835693359375,0.9754164623221757,0.5419128521301491,7.569931507110596,4.771429044547618,13.44414234161377,4.989397048950195,53.7301025390625,0.5318318605422974,1.5287151336669922,0.8930766582489014,0.0957738384604454,10.187531471252441,0.6799660672902608,0.003885251496041111,0.469011515378952,0.5033258199691772,0.7211068131263438,3.8248366984898787,36.88201904296875,42.712074279785156
00504D.png,2.3312936201691628,0.6621798872947693,0.5034930304012118,0.8786983717718754,6.760584354400635,68.57222747802734,0.9103099803783941,0.5673828667084395,7.420017719268799,3.5699264255331276,15.600981712341309,6.117849349975586,46.28669738769531,0.6341572999954224,1.6086928844451904,0.7893818020820618,0.04653550684452057,13.322154998779297,0.6132374007513932,0.003762483848676553,0.47287142276763916,0.5024141073226929,0.5552823162382329,3.5797846382946794,28.53582763671875,37.38750457763672
00508D.png,2.325880128890276,0.6928707957267761,0.8251471788498961,0.8865197809300435,5.076363563537598,48.07496643066406,0.984943581646682,0.5137520136000726,7.3716959953308105,5.135755113279451,11.84841251373291,4.207671642303467,55.8623046875,0.5997862815856934,1.362633466720581,0.9148417115211487,0.11362358927726746,9.44531536102295,0.6958187123966116,0.002362101972712862,0.4833521544933319,0.5043269991874695,0.7597105796614926,3.9083530350348683,29.31805419921875,40.79153823852539
00512D.png,1.855680339038372,0.6838244199752808,0.8686154806801142,0.8827394613644705,5.284880638122559,37.50208282470703,0.9802889379380902,0.497052667430432,7.522014141082764,5.562148878567079,8.968667030334473,3.1518454551696777,58.971004486083984,0.5603223443031311,1.4352035522460938,0.9114444255828857,0.10680880397558212,9.713929176330566,0.6349230191277788,0.0040416024413323665,0.45869284868240356,0.5032498836517334,0.7159001835502439,4.701225688265449,36.88006591796875,31.38380241394043
00516D.png,1.559393234550953,0.6588338017463684,0.7787416767819245,0.8800641608598992,5.5866618156433105,46.715240478515625,0.978613215726028,0.5076234058265358,7.4554009437561035,5.078212679539876,12.10081958770752,4.060805797576904,58.41371536254883,0.5946986079216003,1.4707536697387695,0.8810091018676758,0.09184268116950989,10.36955451965332,0.6466406625552622,0.004029781651550662,0.47565221786499023,0.5410074591636658,0.6729223552900925,3.9338340784645567,35.25506591796875,38.2234001159668
00521D.png,2.344480201601982,0.621020495891571,0.7977354201920047,0.8838963419804069,5.445794105529785,40.3148307800293,0.9800587843241007,0.528933282671977,7.385345458984375,5.117941782629842,10.511872291564941,3.440873622894287,56.83580017089844,0.5666825771331787,1.4109089374542236,0.9022967219352722,0.07648962736129761,11.163973808288574,0.6446241299190599,0.004107949989565841,0.47662103176116943,0.5398113131523132,0.6949500151838175,4.028799823847428,33.43377685546875,36.2343864440918
00526D.png,2.3282967396080494,0.6176947355270386,0.663833321518859,0.8816971344124102,6.108531951904297,47.88693618774414,0.9330819133982647,0.4759818029270943,7.360408306121826,4.470577861306788,11.78420352935791,4.243492126464844,56.559425354003906,0.5640407800674438,1.4775997400283813,0.9659456014633179,0.06321012228727341,11.992134094238281,0.6581863711415902,0.004384665839577914,0.4226920008659363,0.4969199299812317,0.6649623186312934,3.139373695385166,26.89471435546875,33.75469970703125
00533D.png,1.9274752549827099,0.6749493479728699,0.7837764292158463,0.8832905464917133,5.45220422744751,44.771690368652344,0.9754245048988327,0.43039973919213637,7.218598365783691,4.965552443775337,11.748456001281738,3.8621814250946045,53.39851760864258,0.4808391034603119,1.5245673656463623,0.9432349801063538,0.09268485009670258,10.329912185668945,0.6788759192656598,0.0029227402872999374,0.40275514125823975,0.5071195363998413,0.7115427457593397,4.118063074672567,39.15155029296875,43.808677673339844
00537D.png,2.323535691946745,0.6123782396316528,0.79155751070485,0.8795151673939057,5.450747013092041,39.72911071777344,0.9753164505362191,0.4727284769723459,7.123092174530029,4.976473096641836,10.673408508300781,3.4183106422424316,53.988853454589844,0.5020706653594971,1.5125093460083008,0.9129496812820435,0.07260741293430328,11.390191078186035,0.6560718393768189,0.004795058110687494,0.45404303073883057,0.47893238067626953,0.7064999493388003,4.345834199956368,39.61102294921875,37.54206085205078
00546D.png,1.5949845239520073,0.584542989730835,0.8275499520174282,0.8826138916139561,5.279707431793213,33.01570510864258,0.975432473140949,0.4531526084217073,7.06057596206665,5.106115512371334,9.620076179504395,2.801746129989624,50.87657928466797,0.4888797998428345,1.4420084953308105,0.8833046555519104,0.06373443454504013,11.956258773803711,0.623412870641543,0.004591114846627771,0.4331967830657959,0.4490482807159424,0.6746679368640356,4.113844351335974,34.62127685546875,43.671295166015625
00551D.png,2.311763845384121,0.6701960563659668,0.7524169130228074,0.8813622939685468,5.24261999130249,39.80495834350586,0.9703258683523047,0.4281313937219966,7.339381217956543,4.7334689609593585,10.883057594299316,3.4480807781219482,44.32709503173828,0.5129998922348022,1.4444732666015625,0.8504297137260437,0.09148737788200378,10.386388778686523,0.6124468863133622,0.0027131241161750005,0.4429648518562317,0.46196290850639343,0.6492730660716629,4.003376690767346,32.86248779296875,40.300048828125
00555D.png,2.3178769312798977,0.573686420917511,0.5872039226431809,0.8869098679149843,6.328174591064453,43.890865325927734,0.8910582159654218,0.5090661358876223,7.336810111999512,4.012077250819967,9.7833890914917,3.847015380859375,58.614620208740234,0.7189035415649414,1.5479220151901245,0.9472161531448364,0.04304863512516022,13.660406112670898,0.6175792060182296,0.0073275670401186065,0.44783148169517517,0.520310640335083,0.5986359989552741,3.5635706049984734,19.83709716796875,34.474483489990234
00559D.png,1.9273757860064507,0.502943754196167,0.7466703741320216,0.8830849522562341,5.224386692047119,32.20085906982422,0.9639250440444941,0.4896919154888476,7.039655685424805,4.578612613757812,8.166845321655273,2.767418384552002,51.569602966308594,0.6123761534690857,1.3922233581542969,0.9496597051620483,0.04587274044752121,13.384454727172852,0.6120062999261433,0.006888636718596439,0.44511350989341736,0.5056952834129333,0.6728112279115133,3.8694073628432704,25.35418701171875,27.536853790283203
00563D.png,1.5216921232640743,0.650407612323761,0.8123935484583296,0.8840368652943799,5.597102165222168,46.9554443359375,0.979624777621708,0.4938075259650332,7.602384567260742,5.361603876621569,11.466920852661133,4.058626174926758,60.42121505737305,0.6090322732925415,1.4231314659118652,0.8775474429130554,0.09977075457572937,10.009966850280762,0.6444004189100063,0.0038829918395360393,0.4676225483417511,0.5072340965270996,0.7025150562267489,4.635815253697886,33.51678466796875,36.04084014892578
00567D.png,2.292124569416046,0.6377007961273193,0.7008085181027633,0.8757199387892186,5.926163673400879,46.558189392089844,0.9699580697742121,0.5230702015358918,7.459865570068359,4.690534487772622,11.376803398132324,3.9812915325164795,57.619022369384766,0.5194799304008484,1.5995159149169922,0.9326218366622925,0.08171389251947403,10.87704086303711,0.6644638800043557,0.0038144045478190176,0.475477010011673,0.5201002359390259,0.6562732520250373,4.175024984424952,40.05389404296875,41.14141845703125
00571D.png,2.3028896525502205,0.5722211003303528,0.681098829898644,0.8795479495023752,5.766122341156006,47.604549407958984,0.9684904397603518,0.5561592432640576,7.481240272521973,4.511393832475353,11.634623527526855,4.14606237411499,55.10236358642578,0.5026397109031677,1.4783810377120972,0.9073989391326904,0.05764804035425186,12.392154693603516,0.6489103213016507,0.005659026075793867,0.4808555841445923,0.5304441452026367,0.6709564813407728,3.762231199066249,31.02264404296875,43.588470458984375
00581D.png,1.9010456427931786,0.5550341010093689,0.8221204416227409,0.8834000793312167,5.289144992828369,29.72081184387207,0.9771288481654978,0.49943957116613097,7.0086493492126465,5.05514897037269,7.730948448181152,2.513167381286621,63.768192291259766,0.6178304553031921,1.3882399797439575,0.9045563340187073,0.07751475274562836,11.106156349182129,0.6017192799429977,0.005526554259504182,0.4881552457809448,0.521389365196228,0.6580742192356146,4.675848091728836,35.87420654296875,34.291133880615234
00587D.png,2.3214059956371784,0.6465530395507812,0.7525579365214863,0.883736769726141,5.5643630027771,27.452701568603516,0.9524740669199795,0.44496890070698264,7.594958782196045,4.951589537227136,5.989872455596924,2.2457590103149414,56.085975646972656,0.5054832696914673,1.4735782146453857,0.9139788150787354,0.07448010891675949,11.279596328735352,0.5393382051390112,0.0038331772504705502,0.4473520815372467,0.5236650109291077,0.5976648036599115,3.963079706063105,29.77215576171875,37.26947021484375
00591D.png,1.5718007944524288,0.571826696395874,0.7348949536524805,0.8787442238832972,5.445459365844727,51.32223892211914,0.9716063402839545,0.519417994440051,7.102448463439941,4.610710462211884,13.70261001586914,4.535408973693848,47.515380859375,0.523906409740448,1.3996288776397705,0.890100359916687,0.05567030608654022,12.5437650680542,0.6652758161619085,0.0056971221894909175,0.4653761088848114,0.5211398601531982,0.69357533259267,3.7797935825365823,31.26239013671875,45.88981628417969
00596D.png,2.300731897354126,0.6144564747810364,0.7727937974170406,0.8849688670741417,5.3052449226379395,49.09098815917969,0.9810494809828167,0.5246691978692801,7.210000038146973,4.83586561009175,13.663984298706055,4.320870399475098,57.877010345458984,0.4466352164745331,1.301121711730957,0.9208534359931946,0.08176808059215546,10.874161720275879,0.6685939892989556,0.003815673435631245,0.4896749258041382,0.48103612661361694,0.723810071885064,3.6338353845682323,32.27117919921875,46.16088104248047
00600D.png,2.300473742187023,0.644478976726532,0.7992398747025026,0.8854294808442812,5.24240779876709,39.2578010559082,0.9817734697259306,0.506603608239743,7.385829448699951,5.046509240607696,10.67381477355957,3.335383892059326,51.95056915283203,0.4437236189842224,1.3445671796798706,0.9012062549591064,0.0829060971736908,10.814136505126953,0.6334832986309765,0.003625184099562029,0.4568909704685211,0.4816015362739563,0.7366156127696669,4.293902942543491,35.83953857421875,38.39799499511719
00606D.png,1.9309829249978065,0.6142829656600952,0.7768640930300348,0.8856843531906786,5.121387958526611,51.97379684448242,0.9806399690584768,0.4976451708590007,7.369832992553711,4.85200468905774,13.399360656738281,4.569090843200684,51.61855697631836,0.6030654311180115,1.4024312496185303,0.9034622311592102,0.07811511307954788,11.072649955749512,0.6876910504535464,0.002720139979551871,0.4539664387702942,0.5147690176963806,0.7363640084553177,3.8871088378948455,32.47332763671875,43.043209075927734
00613D.png,2.0554846487939358,0.5752885937690735,0.7431899964958304,0.8768957052301345,5.515260696411133,49.295196533203125,0.9754702344279031,0.5330083719212627,7.303736686706543,4.7634889003503265,11.53696346282959,4.315352439880371,49.511566162109375,0.554861307144165,1.4837661981582642,0.9342013597488403,0.05690697953104973,12.448345184326172,0.6775653717055055,0.005601771072503806,0.46516382694244385,0.5259955525398254,0.7404510020928909,4.038143900093582,35.46990966796875,44.45636749267578
00621D.png,2.2153134867548943,0.6123420596122742,0.7927952921053298,0.8815298561310041,5.351309776306152,50.70818328857422,0.9833102950260867,0.5642164176129132,7.509509086608887,5.098012777108451,11.343189239501953,4.387375831604004,47.786109924316406,0.5700458884239197,1.4356870651245117,0.9166162610054016,0.0746828243136406,11.267793655395508,0.672212264766628,0.0045591193260716405,0.48086512088775635,0.47813859581947327,0.7838893609437293,4.378295335962474,38.59979248046875,32.92911911010742
00626D.png,2.2083707936108112,0.5861563086509705,0.8826741747964723,0.8847540502701436,5.141681671142578,49.46180725097656,0.9863450531052097,0.5668051866793086,7.326246738433838,5.502575090094988,13.233691215515137,4.366901874542236,55.67975997924805,0.5082614421844482,1.6023305654525757,0.9316068291664124,0.06593611091375351,11.808768272399902,0.709605831880137,0.0030266771429501966,0.472684383392334,0.5092579126358032,0.7894651002830632,4.121262588779208,33.97674560546875,40.679203033447266
00630D.png,1.8320862650871277,0.4843696653842926,0.5792441597858914,0.8785761947598506,6.0807294845581055,39.67033386230469,0.9482367020410062,0.5860521146327409,6.821882247924805,3.7368919666725677,9.800017356872559,3.5365333557128906,46.4489631652832,0.5180386900901794,1.341981291770935,0.9514659643173218,0.027007823809981346,15.685105323791504,0.6318701951268227,0.00611654115090615,0.4882248342037201,0.5509757995605469,0.6278324697356837,3.2203141635473536,20.91375732421875,32.10716247558594
00634D.png,2.1049690656363964,0.6046003103256226,0.6803711184155039,0.8732441381057217,6.122310161590576,41.89310073852539,0.9100937514434672,0.47783327797946357,7.1203532218933105,4.504975089917897,10.931071281433105,3.6648056507110596,59.668724060058594,0.5943350195884705,1.4831202030181885,0.839577317237854,0.05463726073503494,12.62511157989502,0.6020538962769907,0.005699172428216739,0.45435285568237305,0.486335813999176,0.5528591910817687,3.186537974974656,20.28680419921875,31.377830505371094
00638D.png,2.0595574527978897,0.5041592121124268,0.8366770741283184,0.8807293807304234,5.371949195861816,34.64253616333008,0.978811492059424,0.534893577216672,7.137387275695801,5.233153100182355,9.443220138549805,2.9653775691986084,51.43013000488281,0.545047402381897,1.3906804323196411,0.9227902293205261,0.04588785395026207,13.383024215698242,0.6442019647099884,0.005798037310898233,0.47529512643814087,0.5076773166656494,0.701821798244058,4.078502389573375,33.49676513671875,37.63159942626953
00642D.png,2.0924552753567696,0.5596728920936584,0.7964758901676198,0.9280164630107298,5.728140830993652,32.380794525146484,0.9446433911693459,0.42335506747681867,7.442285060882568,5.244977196987197,6.955054759979248,2.755669355392456,58.4683837890625,0.8463912010192871,1.2867099046707153,0.8943982124328613,0.056567706167697906,12.474315643310547,0.561711000458198,0.0033643669430703173,0.4624977707862854,0.5505473017692566,0.629376953559725,3.391686788114046,23.65838623046875,30.17006492614746
00646D.png,2.096177525818348,0.6579491496086121,0.8223664329700215,0.8858804535128386,5.540657043457031,59.949859619140625,0.9904382242173332,0.5755759615765018,7.4377641677856445,5.336524015763478,14.771015167236328,5.313112258911133,54.86078643798828,0.5616680383682251,1.6760432720184326,0.9253116250038147,0.0829315260052681,10.812803268432617,0.7172634963814832,0.00237714898687494,0.4811183214187622,0.5193473100662231,0.7892759280244992,4.106805603289467,35.92791748046875,45.42747116088867
00650D.png,1.486489675939083,0.5463770627975464,0.7258694119646778,0.8822785802230863,5.689366340637207,43.97478485107422,0.9747777307315356,0.4920534304662414,6.948721885681152,4.586813788511266,11.587697982788086,3.843839645385742,42.120601654052734,0.6536980867385864,1.4618480205535889,0.9024552702903748,0.0454302653670311,13.42654800415039,0.6363076436790258,0.004835679216495608,0.4672430753707886,0.5456570386886597,0.668105413296499,3.8548967131676233,34.86053466796875,41.069114685058594
00655D.png,2.1525506526231766,0.5097518563270569,0.7536819192263897,0.8847985820001124,5.553294658660889,39.80522918701172,0.9801979392327341,0.5627802455486467,6.935361385345459,4.706250336889408,10.310267448425293,3.473944902420044,35.95170974731445,0.566642165184021,1.4377553462982178,0.9058257341384888,0.03089788742363453,15.100712776184082,0.6338915852288196,0.004054258934318264,0.4787313938140869,0.5101262927055359,0.709297527931205,4.168058288957924,37.95428466796875,39.3040657043457
00659D.png,2.1592461839318275,0.6534212231636047,0.6867950277776401,0.8857520786198666,5.630913257598877,39.801025390625,0.9525073307788691,0.47032966711028473,7.12326717376709,4.379764961641401,11.06469440460205,3.4408538341522217,43.99924087524414,0.5794180631637573,1.3298494815826416,0.9370206594467163,0.057819727808237076,12.379240036010742,0.635111862848097,0.0025199663907002736,0.4301413297653198,0.49120187759399414,0.6499032900884298,3.8945184156317754,26.90545654296875,36.90965270996094
00671D.png,2.1460695415735245,0.5905129313468933,0.7826573691174594,0.8883594226296829,5.570175647735596,60.67854309082031,0.988362651849689,0.5835198007885815,7.448939323425293,5.094766993994886,14.561226844787598,5.369701385498047,48.97172546386719,0.6168159246444702,1.4127658605575562,0.9413445591926575,0.06488842517137527,11.878327369689941,0.7137733277413182,0.003083668960248192,0.5012239813804626,0.5480204224586487,0.7861751333052799,3.7985233983344076,30.02752685546875,49.76197814941406
00676D.png,1.5195519626140594,0.59029620885849,0.7408433659191538,0.8827800278901283,5.836878776550293,63.60536575317383,0.9804253835264203,0.5748119116136934,7.495841979980469,4.938742405995072,15.197731018066406,5.637784481048584,51.073204040527344,0.6514400243759155,1.4791920185089111,0.9167799949645996,0.063896544277668,11.945226669311523,0.6900880450984643,0.004213800528173011,0.4977586269378662,0.558998167514801,0.7385789312410755,3.8246962498016908,31.82244873046875,48.240962982177734
00681N.png,2.2753817327320576,0.2856902778148651,0.6192227473655942,0.8800795502780291,4.754732131958008,25.08306884765625,0.9410412269046167,0.5491002785023814,5.874851226806641,3.291051456524986,8.868175506591797,2.2076330184936523,40.16960906982422,0.708095908164978,1.4765392541885376,1.0963706970214844,0.013224413618445396,18.786237716674805,0.6342008186322736,0.006509302708443244,0.4669021964073181,0.5354902148246765,0.6549161628247389,5.368228245079786,40.24530029296875,23.809551239013672
00686N.png,2.2709832340478897,0.268207848072052,0.6828690809872298,0.883512624697225,4.569188594818115,24.691293716430664,0.9513265974895082,0.5782143417819253,5.817844390869141,3.546504781658351,9.275497436523438,2.215449571609497,34.12080383300781,0.5901875495910645,1.3313024044036865,1.051821231842041,0.010346188209950924,19.852195739746094,0.6443544808209466,0.004219722060093127,0.46838057041168213,0.5327357053756714,0.6904479906286116,5.196462166879776,42.79071044921875,33.19908142089844
00690N.png,2.2650083862245083,0.3175266683101654,0.5124695799574289,0.8942851151232714,5.132218837738037,27.565898895263672,0.9205866279087926,0.532668329240455,5.91619348526001,2.830997132568495,9.359639167785645,2.4757564067840576,46.309051513671875,0.7483704090118408,1.439357042312622,1.0389198064804077,0.013967974111437798,18.548664093017578,0.627111374621082,0.006274819302525389,0.46369433403015137,0.5555568933486938,0.6321910648688461,5.089512234751891,38.86590576171875,35.50355529785156
00695N.png,1.981587927788496,0.34741368889808655,0.6168488705690571,0.8853254081014508,5.100790023803711,30.79608726501465,0.9311515518365192,0.5649097307764498,6.568734169006348,3.5991778226641777,9.40152359008789,2.7420458793640137,41.31784439086914,0.6752064228057861,1.4407460689544678,0.9901092648506165,0.014055547304451466,18.521522521972656,0.5973374481640996,0.006532669199337689,0.47286731004714966,0.5539513230323792,0.625853713842515,4.099898848807854,33.58563232421875,38.86393737792969
00702N.png,1.4759933911263943,0.4258100390434265,0.8452684857868822,0.8902903874584643,4.9957804679870605,26.24391746520996,0.9691629640575378,0.5275252310278243,6.917842388153076,5.0351208207979194,7.584353446960449,2.2687671184539795,49.50957489013672,0.6511299014091492,1.348853588104248,1.0034494400024414,0.0294969342648983,15.302230834960938,0.629014850255413,0.00462966824374649,0.49108588695526123,0.5563473701477051,0.7274733911822382,5.090991940381713,44.41375732421875,28.812702178955078
00706N.png,2.2494778968393803,0.26786407828330994,0.743753721802722,0.8789460838683407,4.451201438903809,17.451465606689453,0.9492341042416174,0.5490353711692746,5.940039157867432,3.8642754006201407,5.694762706756592,1.5669770240783691,26.55840301513672,0.6364248394966125,1.3955621719360352,1.0123155117034912,0.006801240146160126,21.674118041992188,0.568698493713047,0.006187547053735993,0.4552929699420929,0.5021594762802124,0.6472598804386311,5.4965727447794706,42.96942138671875,23.237178802490234
00710N.png,2.2716440483927727,0.26516062021255493,0.6794403066861708,0.8833351103030651,4.800578594207764,19.352828979492188,0.9432323923202567,0.5481042663097299,5.8335700035095215,3.612647126112943,6.530782699584961,1.724359393119812,32.70478439331055,0.7427471280097961,1.452516794204712,0.9502415657043457,0.007815679535269737,21.070335388183594,0.5617282261772375,0.00886001876700024,0.4670378565788269,0.5302467346191406,0.5702787257925938,5.57504031494493,42.07391357421875,26.88701820373535
00714N.png,1.9382919892668724,0.2996615171432495,0.7195852255464953,0.8888688189500192,4.916879653930664,21.741657257080078,0.9517995239313681,0.5771490602841378,6.147507667541504,3.9808983375363667,6.728781700134277,1.9325356483459473,38.114559173583984,0.7247024178504944,1.387471079826355,0.9736444354057312,0.011506184004247189,19.390687942504883,0.5933244082227114,0.008203268420059426,0.46472811698913574,0.5161523222923279,0.6389961457243066,5.6030650478340585,42.53778076171875,17.910842895507812
00718N.png,2.191611334681511,0.20205305516719818,0.6057188395688939,0.8757338088535265,4.127833843231201,14.992036819458008,0.9280214790609442,0.5510986973804567,5.088391304016113,2.7912314179289375,5.336930274963379,1.375723958015442,19.46392059326172,0.6828089952468872,1.4564826488494873,1.0549867153167725,0.003160538151860237,25.00238800048828,0.5460137663671258,0.00936865997238226,0.4491727948188782,0.5109384655952454,0.6110983832776709,5.534019150229817,41.56854248046875,25.210067749023438
00722N.png,2.196400348097086,0.2645215094089508,0.7924302597597052,0.8846187545013391,4.072904109954834,18.550020217895508,0.958751471042117,0.5668744720457823,5.9050116539001465,3.9534153407440087,5.776371479034424,1.6829501390457153,26.594083786010742,0.4896744191646576,1.1476004123687744,1.0213007926940918,0.0077425288036465645,21.11117172241211,0.6146108763747868,0.003355500920172894,0.4647189974784851,0.4838356375694275,0.721494384744832,5.135516307680528,39.21844482421875,25.499998092651367
00726N.png,2.2048903107643127,0.22628998756408691,0.6083230516794242,0.8802808083381936,4.376420021057129,18.285730361938477,0.9259154436658543,0.5761592416323918,5.2945122718811035,2.941536611681908,6.649145603179932,1.661098837852478,25.86885643005371,0.683263897895813,1.4223299026489258,1.053632140159607,0.0051796832121908665,22.856969833374023,0.584504446599618,0.006208273604022443,0.4518018364906311,0.5213805437088013,0.6385807964759519,5.472186419657764,41.96990966796875,23.09177017211914
00730N.png,2.195576049387455,0.21220779418945312,0.6635764574268654,0.8837600119231481,4.299407958984375,16.993118286132812,0.9425576545440565,0.5729657727740531,5.2639079093933105,3.1730076452777007,6.7357683181762695,1.5519589185714722,21.688199996948242,0.725982129573822,1.433687448501587,0.9476076364517212,0.003434483427554369,24.64138412475586,0.5616638404175918,0.008312041234774631,0.4735987186431885,0.5095145106315613,0.6056983969704948,5.496173208862813,39.54608154296875,19.215999603271484
00734N.png,1.8805220872163773,0.2558586597442627,0.7645917655067102,0.8899429117653525,4.550506114959717,22.631669998168945,0.9615915780481314,0.5856308732131965,5.881360054016113,3.9880735475887317,7.3834614753723145,2.0359456539154053,29.516355514526367,0.6983203887939453,1.3187236785888672,1.0151915550231934,0.007219911087304354,21.41468048095703,0.6197137592195286,0.005776607349272197,0.4995615780353546,0.5490961074829102,0.723903583520025,5.473629358552617,39.46600341796875,23.49273109436035
00738N.png,1.4770328849554062,0.2550103962421417,0.6853530569125775,0.880892234123192,4.76597785949707,23.349252700805664,0.9487350005448267,0.6058032518719961,5.624787330627441,3.560684240219665,7.7733988761901855,2.115630626678467,31.334985733032227,0.6713408827781677,1.375004529953003,1.0332114696502686,0.00790557824075222,21.020662307739258,0.6210227616500146,0.008803532544153569,0.49691277742385864,0.5659846663475037,0.681278586458413,5.179020202431011,39.06463623046875,22.982372283935547
00742N.png,2.2659041061997414,0.3301134705543518,0.6747779621563007,0.8857148900889849,5.049709796905518,22.921554565429688,0.9537174762891926,0.5526253991915238,6.330450534820557,3.8395532432660158,6.693102836608887,2.0540223121643066,37.597721099853516,0.6085811853408813,1.3044146299362183,0.9498555660247803,0.013424241915345192,18.721101760864258,0.5773371381465712,0.004821661431623804,0.49471810460090637,0.5393372178077698,0.632778609095051,4.695381196312772,37.79217529296875,23.663551330566406
00746N.png,2.2592426165938377,0.23869377374649048,0.6602590125345369,0.8896904546076786,4.4734344482421875,21.569658279418945,0.943236257062465,0.6019120496616982,5.476496696472168,3.2847782587546828,8.136707305908203,1.9560954570770264,28.950151443481445,0.7215219736099243,1.3731465339660645,1.0181196928024292,0.005826226435601711,22.346126556396484,0.6106369673957703,0.005838687807369564,0.48658329248428345,0.5370689034461975,0.6614860395547354,5.27479644196096,39.08905029296875,22.169137954711914
00750N.png,1.5699473470449448,0.2818538546562195,0.7907902576659877,0.8862499405887414,4.574482440948486,28.424440383911133,0.9611033670711012,0.5943951937017206,6.174495220184326,4.250108310480252,9.599115371704102,2.545398712158203,32.64860153198242,0.6772550344467163,1.324788212776184,1.0014488697052002,0.009808802045881748,20.083839416503906,0.6786256929506929,0.005869592289357954,0.4858367443084717,0.5425884127616882,0.7389852588902532,5.472899787869043,41.08709716796875,24.803844451904297
00754N.png,2.298588763922453,0.29244518280029297,0.7739603613177586,0.8926099972332467,4.639084339141846,26.81446647644043,0.952105379828628,0.5654768837482291,6.1881184577941895,4.189927166474796,8.939969062805176,2.402057647705078,39.920894622802734,0.690239429473877,1.2455257177352905,0.9838026762008667,0.013690256513655186,18.63588523864746,0.6534910889878862,0.004965543195177162,0.47535309195518494,0.5415516495704651,0.7035888724747527,5.526127044170562,38.72576904296875,26.751544952392578
00758N.png,2.3114400170743465,0.26227715611457825,0.7308027908259421,0.8811862657725799,4.595333576202393,22.015541076660156,0.957239186636693,0.5582289797876356,5.864485740661621,3.8220459819138455,8.16696548461914,1.9875773191452026,25.117008209228516,0.6798414587974548,1.4109618663787842,0.9616645574569702,0.005843291059136391,22.33342742919922,0.6112323228237476,0.009091701774312936,0.4725063443183899,0.5276553630828857,0.6547550221331745,5.341254286376871,39.40496826171875,23.778297424316406
00762N.png,2.2953104227781296,0.24626877903938293,0.6735975744647588,0.8844983018480658,4.566930770874023,20.266429901123047,0.9517590537114197,0.5895012979120208,5.4494242668151855,3.373508396550646,7.548622131347656,1.832914113998413,23.914499282836914,0.7084210515022278,1.4155182838439941,0.9517854452133179,0.0043185679242014885,23.646602630615234,0.589771054306441,0.007353045208889741,0.4887332022190094,0.5343367457389832,0.6471560518831951,5.293710698552486,39.17987060546875,24.027450561523438
00766N.png,2.3024086244404316,0.34804287552833557,0.5739916823075811,0.8923607039284318,5.703831672668457,27.505226135253906,0.9303606515198488,0.5469058170697814,6.251252174377441,3.4310696235164286,8.56791877746582,2.4824583530426025,27.27830696105957,0.76922607421875,1.4876340627670288,0.9518487453460693,0.00476412009447813,23.22017478942871,0.6048881625313227,0.0058709549448472355,0.4701251983642578,0.5539447665214539,0.5798641973204615,3.7895945439901357,22.35809326171875,30.123062133789062
00770N.png,1.929200168699026,0.304643452167511,0.5722061201157995,0.8812631011830432,5.2298784255981445,29.88882827758789,0.9118855887754767,0.5406195907728519,5.887938976287842,3.180852156674323,9.162784576416016,2.7288951873779297,30.614940643310547,0.7390547394752502,1.4543170928955078,1.070987343788147,0.006873829290270805,21.628013610839844,0.661157495302837,0.0063762252012670596,0.41875267028808594,0.5581743717193604,0.6456879071355509,3.763413610745398,23.54608154296875,31.17259979248047
00774N.png,1.534225508570671,0.20824025571346283,0.6392350372321535,0.8850854639587701,4.227542400360107,17.074769973754883,0.9172377085313349,0.5578593035400932,5.05864143371582,2.9680382822617117,7.096236228942871,1.5626071691513062,21.170963287353516,0.7172636985778809,1.4000275135040283,0.9966081976890564,0.003176684258505702,24.980260848999023,0.5806087300569049,0.006233984575446035,0.435777872800827,0.5050315260887146,0.6088693047030391,5.3318713487726805,37.28973388671875,25.740169525146484
00778N.png,2.2952263578772545,0.29037681221961975,0.5111214145808451,0.8819282650139684,5.048812389373779,29.08559226989746,0.9084498371370664,0.5406219778194328,5.816385746002197,2.776726926909383,8.542704582214355,2.685486316680908,24.85837173461914,0.7433826923370361,1.5079182386398315,1.0337315797805786,0.004962685517966747,23.042831420898438,0.6454483665232597,0.005183224839735632,0.4209423363208771,0.5406403541564941,0.6303697043915674,3.88200393163831,23.08514404296875,28.088499069213867
00782N.png,1.9520291686058044,0.31006860733032227,0.5212414352559902,0.8770961986903707,5.2805938720703125,30.136451721191406,0.9158445054409182,0.5613750161765776,5.972906589508057,2.932905098138976,8.946206092834473,2.749518632888794,29.117279052734375,0.7055323123931885,1.4490643739700317,0.9816749691963196,0.00708547281101346,21.49631118774414,0.6404297278481006,0.006554113662179521,0.4389745891094208,0.5430771112442017,0.6110230614908325,3.836264853557931,23.72772216796875,24.056129455566406
00786N.png,1.5666002966463566,0.2673474848270416,0.49165364705808084,0.8832769540562914,5.164422035217285,24.425357818603516,0.8951416697936574,0.550001453882111,5.390642166137695,2.594727045461873,7.293914318084717,2.265429973602295,18.908199310302734,0.7523378133773804,1.4875874519348145,0.9842746257781982,0.0027070543728768826,25.675031661987305,0.6281698317242332,0.006723618642243526,0.4064125418663025,0.5337353348731995,0.6218603552348603,3.849636601128,22.07440185546875,25.190547943115234
00790N.png,2.2779923267662525,0.2786725163459778,0.5584807195872523,0.8823653351869742,4.896430015563965,29.363210678100586,0.8950434186517423,0.5227150494214058,5.617033958435059,2.9357939660559396,8.684660911560059,2.720428466796875,25.118562698364258,0.7401772141456604,1.4469592571258545,0.9853637218475342,0.005108636803925037,22.916948318481445,0.6544972504680447,0.00911894032835011,0.38508567214012146,0.5208723545074463,0.6394224472601335,3.762063171335669,25.54705810546875,24.4996337890625
00794N.png,2.287508074194193,0.249468132853508,0.4913476342159078,0.8849835073082546,4.791140556335449,25.825260162353516,0.8852806045539913,0.5357142005120245,5.317651748657227,2.483474599996214,7.839714050292969,2.4030189514160156,22.600854873657227,0.7541614174842834,1.4811029434204102,1.0355626344680786,0.003745133988559246,24.26532745361328,0.6390683127827399,0.007498026484504539,0.3846063017845154,0.5348381400108337,0.6278908083029161,3.8916741841333025,27.09051513671875,18.850379943847656
00798N.png,2.2723194882273674,0.20592337846755981,0.6332813547888898,0.8823616380499048,4.0341668128967285,19.58481216430664,0.9215353379699139,0.5613731204852684,5.205083847045898,2.9255345438734652,7.14995002746582,1.7912659645080566,25.479860305786133,0.728632926940918,1.454206943511963,1.0236778259277344,0.004726342856884003,23.254749298095703,0.5992326194457485,0.00627298407892708,0.44362205266952515,0.5132595896720886,0.6346545662366475,5.23568003475126,36.80291748046875,19.78949737548828
00802N.png,2.275679897516966,0.23165777325630188,0.629210195969279,0.8810870934320616,4.054081916809082,13.994522094726562,0.9164917028698342,0.5409334110714537,5.128227233886719,2.888812612822294,5.400016784667969,1.285095453262329,21.012067794799805,0.6772542595863342,1.4087531566619873,0.9806644916534424,0.0034551566932350397,24.61532211303711,0.5258579158703619,0.005388706791867904,0.43197277188301086,0.4977477788925171,0.5598090606865935,5.503326427581272,36.72723388671875,19.909500122070312
00806N.png,1.8703882433474064,0.25236213207244873,0.5718172958649363,0.884104513215185,4.468896865844727,23.321828842163086,0.8757063646749293,0.5134666312100262,5.42006254196167,2.8273493972481347,7.147807598114014,2.153512477874756,26.317167282104492,0.7462739944458008,1.4849014282226562,1.101909875869751,0.00525381974875927,22.795249938964844,0.6415971596075628,0.0057752854159065945,0.38298285007476807,0.5284771919250488,0.6555298997980393,4.026742441803858,24.47283935546875,24.59430694580078
00810N.png,2.086958222091198,0.2577892541885376,0.6684160263867206,0.8856365821496823,4.532678604125977,18.91362762451172,0.9418454169032174,0.5556831220978695,5.891868591308594,3.483979485897102,6.067256927490234,1.7238342761993408,29.375749588012695,0.7553890943527222,1.4868266582489014,1.0639151334762573,0.006246483419090509,22.043643951416016,0.5906009486108437,0.004707552683192984,0.4626692533493042,0.5140964388847351,0.6689374330012139,5.077979677793445,35.51092529296875,23.831579208374023
00815N.png,2.131358902901411,0.22046667337417603,0.7080158810429333,0.8868222933810919,4.139266014099121,21.023014068603516,0.9432373209399322,0.6346003694428082,5.369419097900391,3.366163606984511,7.192965507507324,1.9216488599777222,23.77446937561035,0.6777768135070801,1.2965346574783325,1.0005252361297607,0.00431249151006341,23.65271759033203,0.6164093482748796,0.006605327838913208,0.4842602014541626,0.5311840176582336,0.722229806293264,5.118584985807155,39.84490966796875,25.327198028564453
00819N.png,1.8499218970537186,0.2949286997318268,0.8474466262193366,0.8831980227276753,4.012912750244141,28.950359344482422,0.9759571677570408,0.6304235487379818,6.315394878387451,4.376360602516803,8.79658031463623,2.5935447216033936,33.689537048339844,0.6177767515182495,1.2933297157287598,0.9988369941711426,0.012825909070670605,18.919118881225586,0.685670070258068,0.005079803057564292,0.48653945326805115,0.5207973122596741,0.7855992596817619,4.542402429175471,40.51483154296875,31.782018661499023
00823N.png,2.0912011452019215,0.3066257834434509,0.8483678681073679,0.8821742660043227,3.9712815284729004,25.80030059814453,0.9703221930827837,0.5955336595243564,6.3740153312683105,4.388324326773295,8.21875,2.285195827484131,33.12646484375,0.6412252187728882,1.3654361963272095,1.0242105722427368,0.013290301896631718,18.764652252197266,0.6496601629500837,0.006132774299702053,0.48852863907814026,0.5254799127578735,0.7573080197908346,5.347043967393619,41.29217529296875,29.885902404785156
00828N.png,2.0945258252322674,0.34202438592910767,0.7498500932117019,0.8937183460978253,4.821106433868408,31.850765228271484,0.9567046019850814,0.596676639809975,6.620647430419922,4.289813905566268,9.097113609313965,2.847229480743408,58.59254837036133,0.7590162754058838,1.4190362691879272,1.0336711406707764,0.02583463117480278,15.87797737121582,0.6508638576108015,0.008678472610982119,0.4829590916633606,0.5313105583190918,0.7109133855879753,5.09598279362713,39.67694091796875,22.534786224365234
00832N.png,2.102207463234663,0.3586355745792389,0.8944565281417672,0.886490856510199,4.274665832519531,28.61869239807129,0.9741959711401402,0.6135046786223154,6.72953462600708,4.921405808253478,8.385887145996094,2.5300817489624023,46.13037109375,0.6003250479698181,1.205901026725769,0.9917862415313721,0.025636475533246994,15.911417007446289,0.6786788041358541,0.0036447082718563334,0.4880214333534241,0.5155401229858398,0.795169927949704,4.908927295932565,40.27069091796875,26.859840393066406
00838N.png,2.104511298239231,0.37629953026771545,0.8196556544460354,0.8933243804668975,4.865732192993164,24.650766372680664,0.9659330435440996,0.5056691748917431,6.806517124176025,4.783627621330982,7.635573387145996,2.1865670680999756,48.391395568847656,0.7141425013542175,1.3420660495758057,0.9641224145889282,0.023818816989660263,16.230798721313477,0.5967230519299805,0.005872046052344198,0.47128164768218994,0.5125374794006348,0.664225795462768,5.489208998994899,41.66522216796875,28.738140106201172
00842N.png,2.096005704253912,0.25640371441841125,0.5175994162265756,0.890381815305626,4.529029846191406,18.340253829956055,0.911913864084789,0.5391347660528907,5.074012279510498,2.485273994205503,7.139796257019043,1.6736199855804443,29.161170959472656,0.666341245174408,1.3409174680709839,1.070639729499817,0.00598107697442174,22.232208251953125,0.5851481634853698,0.003827131427864078,0.43944835662841797,0.5478013753890991,0.6052245785281897,5.621887641606431,37.42840576171875,35.519840240478516
00846N.png,1.4554663561284542,0.2637253403663635,0.7892550951620304,0.8870883437841135,4.159788131713867,21.128902435302734,0.9519159204758266,0.580946626750428,6.039102554321289,4.024777933651977,6.824299335479736,1.9079372882843018,31.85163688659668,0.625654399394989,1.229658603668213,1.045846700668335,0.009607594460248947,20.173852920532227,0.6216752159528163,0.005543362276964476,0.47476282715797424,0.503763735294342,0.7361619251750424,5.096276797832969,40.01385498046875,21.96825408935547
00850N.png,2.2680799141526222,0.25023016333580017,0.6632566972947335,0.8875005369726843,4.365774154663086,26.940832138061523,0.9433213020830036,0.5810431322428697,5.69429874420166,3.3362175310617292,9.400371551513672,2.445305347442627,37.797855377197266,0.6938328742980957,1.3488882780075073,1.0380206108093262,0.010977313853800297,19.59503936767578,0.6573305412598229,0.006197615393528039,0.4664081037044525,0.5397602915763855,0.682488339772827,4.829020246427731,38.55438232421875,29.139894485473633
00854N.png,2.1974866203963757,0.2997201979160309,0.4907335762798186,0.8850117698389321,4.330897808074951,23.596277236938477,0.8621466670784325,0.4907234100756384,5.382623195648193,2.3833842508454097,6.588826656341553,2.2373738288879395,24.770830154418945,0.7451471090316772,1.4551023244857788,1.0143022537231445,0.005118093453347683,22.908918380737305,0.6122237036474196,0.003620391090070537,0.3815377354621887,0.5296424627304077,0.6496806648742752,4.186553836212557,17.16864013671875,18.138813018798828
00858N.png,2.323882143944502,0.2681230306625366,0.4196820086243598,0.8775909179552289,4.729913234710693,23.457983016967773,0.8794788638459106,0.5207340170502488,5.44551420211792,2.135229489523587,6.958590030670166,2.21970534324646,22.99312400817871,0.7020111083984375,1.468902826309204,0.961393415927887,0.00446746964007616,23.4993839263916,0.6026726795518458,0.005538894388745295,0.39600175619125366,0.500541090965271,0.601076308466292,4.026725806248861,17.67547607421875,23.684146881103516
00862N.png,1.5790387317538261,0.27077731490135193,0.43215006032024417,0.8787852953004247,4.451398849487305,28.91973304748535,0.8618290389875589,0.5120319791514076,5.40429162979126,2.1295767809154285,8.348637580871582,2.7304153442382812,28.04615592956543,0.6815705299377441,1.3774311542510986,1.0051523447036743,0.007120760157704353,21.474735260009766,0.6550813645128594,0.005929276442996203,0.37860381603240967,0.500718355178833,0.654696236837542,4.210282447949716,19.83123779296875,24.628082275390625
00866N.png,2.3148008584976196,0.28228023648262024,0.41116882692111,0.8747210278422344,4.619168281555176,28.062936782836914,0.8765648751320024,0.5243767094267697,5.631840705871582,2.1074553395763065,7.465040683746338,2.654115915298462,21.009124755859375,0.6606408357620239,1.4873335361480713,0.9743342399597168,0.004647004883736372,23.32826805114746,0.6416062402530899,0.005602382247496108,0.40226003527641296,0.5035447478294373,0.6536790150679802,4.132284385429943,18.08221435546875,25.16489601135254
00870N.png,2.3105526082217693,0.24709534645080566,0.38842496802991416,0.8768104632199671,4.406257629394531,22.157243728637695,0.8664716377213272,0.5047798267135672,5.089465618133545,1.8441951104927785,6.062450408935547,2.134829521179199,16.19216537475586,0.6961260437965393,1.5110373497009277,0.9447149634361267,0.0025527593679726124,25.929901123046875,0.5928909595518389,0.00547756456739686,0.36195263266563416,0.49609488248825073,0.595553976528409,3.9195462887703,17.39471435546875,23.7112979888916
00874N.png,2.30497620254755,0.28017210960388184,0.47517351661111623,0.8764095636767435,4.5170722007751465,32.836063385009766,0.8551654693486895,0.5132162827768804,5.652872085571289,2.416252975977958,8.614628791809082,3.1413958072662354,25.182109832763672,0.6920292973518372,1.446744680404663,0.9469643235206604,0.006168876774609089,22.09794044494629,0.6387517599828786,0.006192211615064358,0.3739738464355469,0.501774787902832,0.6041050640064043,3.5379355084398316,13.52459716796875,27.13713836669922
00878N.png,1.9738509692251682,0.2481454461812973,0.39110565012462667,0.8822697120619596,4.8450541496276855,27.893753051757812,0.892337462277178,0.5639376953559364,5.422366619110107,2.0078303348680677,7.967327117919922,2.6413872241973877,25.149085998535156,0.72603440284729,1.4542980194091797,0.922881543636322,0.004534800536930561,23.434419631958008,0.6048569399964729,0.007332059829448409,0.40983498096466064,0.4973440170288086,0.5767481661924128,3.7725098514382993,19.05975341796875,22.210067749023438
00882N.png,2.2612170465290546,0.25493577122688293,0.44679125638528094,0.886792526709303,4.880366325378418,25.358463287353516,0.9149240817810176,0.5663484605370259,5.685180187225342,2.360305180875148,6.911358833312988,2.3652255535125732,24.93621826171875,0.7510769367218018,1.4683728218078613,0.8780969381332397,0.004152477718889713,23.81692886352539,0.558461235986914,0.008030852185072447,0.4343246817588806,0.4821711778640747,0.5495533095059395,4.06108366939204,22.47869873046875,22.475128173828125
00886N.png,1.4507830291986465,0.25879940390586853,0.48932576259587607,0.8796578477538008,4.9546966552734375,24.5902099609375,0.9274969935989523,0.5785282152290209,5.795914173126221,2.630284545796096,6.690246105194092,2.264162302017212,28.50103759765625,0.6531115770339966,1.4042450189590454,0.9694234728813171,0.006776965688914061,21.689645767211914,0.5714643690700925,0.007073434328625083,0.440776526927948,0.4706583619117737,0.6100987459587478,3.7699837609375604,23.99676513671875,20.978260040283203
00890N.png,1.9315616488456726,0.40588948130607605,0.6689060637665746,0.8772201692479916,5.23264741897583,29.55251121520996,0.9443262592421576,0.45629341000340035,7.0512495040893555,4.108398691740108,8.289603233337402,2.618303060531616,52.794437408447266,0.6748300194740295,1.5200977325439453,0.8813847303390503,0.03385714069008827,14.703497886657715,0.5533225550961987,0.012131160720859483,0.4387153685092926,0.49973487854003906,0.5652806970718952,4.1122703947442165,24.93084716796875,20.533119201660156
00894N.png,2.2122370414435863,0.30187368392944336,0.5028758527614121,0.8776721944697634,4.888332366943359,29.68132209777832,0.9070725534907541,0.50635832839749,6.0928778648376465,2.761102119802773,8.946025848388672,2.750547409057617,39.161094665527344,0.673428475856781,1.4057574272155762,0.8412305116653442,0.013209746219217777,18.79105567932129,0.5554004634845943,0.008471529569763034,0.4204413890838623,0.49192190170288086,0.5103175291950458,3.7159541487833945,25.67059326171875,24.385684967041016
00898N.png,2.206137001514435,0.246192067861557,0.49658240266266296,0.8933964603218769,4.888003349304199,23.11815071105957,0.9133598085011246,0.573157119379254,5.627282619476318,2.6108619755415123,6.772150039672852,2.1717636585235596,26.714698791503906,0.7423639893531799,1.3591498136520386,0.935609757900238,0.004579049069434404,23.392248153686523,0.5558912403923172,0.008302055726914786,0.43406856060028076,0.49829089641571045,0.566879062627332,3.9785085823133333,27.13006591796875,19.827491760253906
00902N.png,2.212861195206642,0.35764163732528687,0.5445071509142583,0.8904594884911636,5.463531017303467,31.853099822998047,0.9204402494076845,0.5191782501690185,6.757639408111572,3.327267310097202,9.079522132873535,2.9340479373931885,46.73927307128906,0.7429876327514648,1.4288079738616943,0.811431884765625,0.016731303185224533,17.76470184326172,0.5365657326904177,0.00827131897150549,0.46414321660995483,0.5564020276069641,0.5069910719310154,3.9647399872654576,23.48748779296875,21.358352661132812
00906N.png,2.2237937040627003,0.37425142526626587,0.5003959867640345,0.8891035789879967,5.539457321166992,38.86574935913086,0.9138647427593158,0.5750582714710994,6.621798515319824,3.042731118568028,10.26811408996582,3.5722432136535645,44.003936767578125,0.7485177516937256,1.4577348232269287,0.8912800550460815,0.013202695176005363,18.79337501525879,0.584480589144216,0.008607026872221459,0.46111324429512024,0.5328816771507263,0.5778872635119391,3.4919734559539504,23.42889404296875,26.658191680908203
00910N.png,2.2164915166795254,0.4507530927658081,0.5494891522535671,0.8793532317035174,5.589597225189209,41.87544631958008,0.9182325064142013,0.5726152438976484,6.915518283843994,3.435722684447553,10.859146118164062,3.7644824981689453,66.04940032958984,0.6695066094398499,1.4496734142303467,0.9439987540245056,0.03834030032157898,14.163445472717285,0.6168781383791886,0.008055377350819156,0.4541856646537781,0.5270040035247803,0.6224601413837301,3.524534394334882,19.25457763671875,25.097091674804688
00914N.png,1.8831252790987492,0.3886553645133972,0.5278738243180763,0.8766024948899888,5.870771408081055,36.80473327636719,0.9415985132818829,0.557644922358903,6.585740089416504,3.287742570813762,10.051386833190918,3.340083599090576,39.63035583496094,0.6735916137695312,1.488415241241455,0.8905643224716187,0.014412200078368187,18.41269874572754,0.6035429766973588,0.00827218455044865,0.4772312641143799,0.4918263554573059,0.5972059089025292,3.4236571410317955,22.58465576171875,33.31333923339844
00918N.png,2.280139371752739,0.41813865303993225,0.59243112393446,0.8881628170352547,5.811887741088867,36.11920166015625,0.9429839475772175,0.5187992348931594,6.949037075042725,3.7799952335637794,9.580634117126465,3.2561581134796143,46.88206100463867,0.7191770076751709,1.4478083848953247,0.8556358814239502,0.021086478605866432,16.759960174560547,0.5766572472368034,0.007077442877262719,0.47762423753738403,0.5090424418449402,0.5754164332194379,3.5285208251472207,21.97576904296875,33.36888885498047
00922N.png,2.257525507360697,0.3891964256763458,0.5884676513299524,0.8861149614636544,5.633718967437744,33.93853759765625,0.9350112590217665,0.5479696479227016,6.838911056518555,3.669880566755598,9.101044654846191,3.059407949447632,40.9039421081543,0.7358560562133789,1.4716160297393799,0.8704357743263245,0.014272497035562992,18.454999923706055,0.5841069983414593,0.0071590934858570205,0.4651033282279968,0.4711188077926636,0.5842063625572835,3.7276152682196666,22.71502685546875,32.211456298828125
00927N.png,1.6392825171351433,0.4132448434829712,0.5229355981867956,0.8816346171112738,5.8100199699401855,39.10772705078125,0.9113713567290842,0.5649965722326801,6.835354328155518,3.3063680001771623,9.773770332336426,3.5782573223114014,42.00351333618164,0.7241263389587402,1.516960620880127,0.8584704399108887,0.013644157908856869,18.650531768798828,0.5829317798879228,0.008059539415901602,0.45767712593078613,0.5061908960342407,0.5589866953691742,3.374604932193854,18.59197998046875,32.229679107666016
00931N.png,2.332323420792818,0.4824470579624176,0.6091087788530464,0.8864840637477416,5.825083255767822,37.24468994140625,0.9381125002122689,0.5171876933549824,7.2788591384887695,3.990874385101563,9.619668006896973,3.33833646774292,53.160282135009766,0.7211194038391113,1.474806547164917,0.8495073914527893,0.029741408303380013,15.266385078430176,0.5564371518088151,0.006961286096405199,0.4709773063659668,0.5190069675445557,0.546060370197971,3.6137617296906335,23.92987060546875,32.716060638427734
00935N.png,2.317261416465044,0.3808436095714569,0.5815424221927025,0.8808082566148169,5.566884994506836,38.61964797973633,0.9171295963498025,0.5562212102958493,6.794488906860352,3.5943424904309573,10.173311233520508,3.503556728363037,45.601715087890625,0.690664529800415,1.499941349029541,1.0037548542022705,0.017130356281995773,17.662336349487305,0.6148371756121307,0.008095370439461938,0.4464421272277832,0.4927770495414734,0.6490482698489796,3.89761631131411,26.60906982421875,27.787097930908203
00939N.png,2.337129842489958,0.3905961513519287,0.5564023577575268,0.8851878061264116,5.582351207733154,37.40590286254883,0.9250847101710925,0.5444180711349199,6.824084281921387,3.451495248199267,10.632068634033203,3.40753173828125,40.29673767089844,0.7328711748123169,1.520236611366272,0.8837916851043701,0.013768259435892105,18.611209869384766,0.5927590192208176,0.008549145141739666,0.46408867835998535,0.5164190530776978,0.5751907338421086,3.8252025068403683,23.25457763671875,30.978801727294922
00943N.png,2.3368649408221245,0.3742503523826599,0.6191421721719566,0.8845808911710809,5.426108360290527,40.778282165527344,0.9171453760638554,0.5340006724410516,6.741813659667969,3.7668479950618057,11.700034141540527,3.6946933269500732,47.075340270996094,0.7371377944946289,1.5129754543304443,0.9033705592155457,0.01711566187441349,17.66606330871582,0.6164056860869661,0.007942025361567165,0.4238768517971039,0.5189078450202942,0.5837660513558697,3.669895421214487,26.59735107421875,36.758331298828125
00947N.png,2.3299143835902214,0.39905309677124023,0.5992706925886756,0.90126499355571,5.836879730224609,39.379981994628906,0.933803321909871,0.5415466494444248,7.025945663452148,3.854168192048352,11.24668025970459,3.6017138957977295,52.90348434448242,0.7818070650100708,1.4637115001678467,0.8780055642127991,0.019310278818011284,17.142114639282227,0.5944883781304294,0.006706186884256964,0.46576371788978577,0.5344024896621704,0.5758238022010654,3.4483123995835063,22.06707763671875,28.28585433959961
00951N.png,1.989439133554697,0.27645838260650635,0.5110538053643755,0.8969080083316321,4.915763854980469,29.967744827270508,0.9049206130606701,0.5346129894022388,5.681783676147461,2.7079679397393033,8.993948936462402,2.800563097000122,30.144153594970703,0.8049015998840332,1.4652597904205322,0.9233803749084473,0.0053479960188269615,22.718088150024414,0.6152385865191531,0.007084772793806477,0.39586225152015686,0.5210161209106445,0.5768718658781147,3.9768170123167335,22.32196044921875,23.688308715820312
00955N.png,1.9467179700732231,0.30636829137802124,0.4950036257340557,0.8925431265195873,4.75198221206665,32.394344329833984,0.8676454122125102,0.519548572898959,5.822451591491699,2.6172006212141294,8.874444961547852,3.021028757095337,33.894248962402344,0.7768844366073608,1.362299919128418,0.9613063335418701,0.008237767964601517,20.841903686523438,0.6456484583184925,0.006271763874867051,0.3972932696342468,0.5318707227706909,0.63789463737786,4.128751808316434,21.36004638671875,20.116050720214844
00959N.png,1.7711041420698166,0.312222957611084,0.5140244608107278,0.8924208612987808,4.55518102645874,39.31165313720703,0.8674177838793049,0.521428262416238,6.043876647949219,2.7240969748146586,10.681862831115723,3.6453371047973633,43.6357307434082,0.7540741562843323,1.2308361530303955,0.9829258918762207,0.014185861684381962,18.481443405151367,0.6715498890643586,0.005924708496252096,0.38923680782318115,0.5405324697494507,0.6549504178623923,3.914248955920378,20.71209716796875,23.46184539794922
00964N.png,1.706346783787012,0.15802502632141113,0.9108212877817398,0.8856642301974359,2.9949915409088135,19.794034957885742,0.9733065809430252,0.6185868529445168,4.842873573303223,3.5694638429107455,8.318166732788086,1.7882946729660034,32.79452896118164,0.6506616473197937,1.3183232545852661,1.136362075805664,0.00899747759103775,20.45879364013672,0.7813835797835363,0.0009448930635999192,0.43315064907073975,0.5015013217926025,0.8321232104642852,5.9968067476826805,49.92694091796875,24.711950302124023
00968N.png,1.9011112861335278,0.25008341670036316,0.5515207652927786,0.9057262688120818,4.6325907707214355,22.059703826904297,0.9193126737765771,0.5684294577642292,5.3646931648254395,2.756864893600662,7.409629821777344,2.0207154750823975,29.78935432434082,0.7897040843963623,1.3688913583755493,1.0111538171768188,0.004916219040751457,23.083688735961914,0.5812156736039968,0.0068168203070063495,0.4140150547027588,0.5312190055847168,0.6082002568264188,4.916867747383147,35.20428466796875,26.7954044342041
00972N.png,2.2988115586340427,0.3077702224254608,0.47707663270892264,0.888426576091831,4.92692756652832,23.258018493652344,0.9096007688258196,0.550485309456657,5.756129264831543,2.5483269209507604,6.911391735076904,2.1405625343322754,26.265697479248047,0.7169840931892395,1.4870829582214355,0.9815595149993896,0.004668353125452995,23.308364868164062,0.5774492278649347,0.006697400244679497,0.4210338890552521,0.5199038982391357,0.6101539786787432,4.287456121495945,29.44842529296875,25.1148681640625
00976N.png,2.3119451366364956,0.34231695532798767,0.6702135987281115,0.8844278022827498,4.898254871368408,24.185108184814453,0.9501816738395236,0.5820220097670209,6.429758071899414,3.7961068507738727,7.204354286193848,2.129593849182129,38.48275375366211,0.6042497158050537,1.3498122692108154,0.9625381231307983,0.013437151908874512,18.716928482055664,0.5740289569169289,0.0060729889473822695,0.48515552282333374,0.5123394727706909,0.6478595176066341,4.577114055338925,34.62567138671875,23.541994094848633
00980N.png,2.315528515726328,0.2703823149204254,0.5254777088181294,0.8761888663059221,4.635398864746094,16.41914176940918,0.916797670676776,0.507514166887991,5.658594131469727,2.7046411377571875,5.0783491134643555,1.511974811553955,17.968984603881836,0.6311689615249634,1.5707744359970093,1.0023000240325928,0.00290850643068552,25.363300323486328,0.5368364881579408,0.004442379309818953,0.45095425844192505,0.5269193649291992,0.5961950048586472,4.6534663767814415,28.66864013671875,23.452775955200195
00984N.png,1.5011950433254242,0.28304651379585266,0.5071872398900061,0.889705341798718,4.900725841522217,25.055335998535156,0.9044358320808173,0.5465632141054451,5.638777732849121,2.6727602026767503,8.797205924987793,2.3016510009765625,32.108333587646484,0.7493540048599243,1.433316707611084,1.0750396251678467,0.006846586242318153,21.645259857177734,0.6338352601792006,0.006442551022053209,0.44054925441741943,0.5549395084381104,0.6495309717390839,4.339297448565224,30.37030029296875,21.862079620361328
00988N.png,1.748495101928711,0.2526528537273407,0.4710042261499927,0.8996206664298375,4.5849528312683105,22.690650939941406,0.9002027220374366,0.5320823561230379,5.278850555419922,2.3229552089400958,7.905956268310547,2.0891191959381104,25.925399780273438,0.7719599008560181,1.4194074869155884,0.999251127243042,0.004006868693977594,23.97195053100586,0.604567448655101,0.005317830917587517,0.40270137786865234,0.5202280282974243,0.5950793674878642,4.4097821864312525,26.71600341796875,17.54351043701172
00992N.png,1.601349387317896,0.2357374131679535,0.47447089702701595,0.8831888020158556,4.4778571128845215,20.36396598815918,0.900752907503272,0.536908763842068,5.136030197143555,2.2807636068786152,6.975177764892578,1.8847863674163818,22.338153839111328,0.7115130424499512,1.4378087520599365,1.0473850965499878,0.0036290790885686874,24.402036666870117,0.595083404227174,0.00785884735507296,0.40245455503463745,0.492432177066803,0.6163985875190977,4.5491423600954795,29.16082763671875,19.169870376586914
00996N.png,1.781440146267414,0.2549065053462982,0.5277866908593295,0.8806701707925905,4.514011383056641,20.856884002685547,0.9322168187858967,0.5542047852696638,5.579146385192871,2.663527005529767,6.931313514709473,1.9124047756195068,23.58485221862793,0.6847540140151978,1.439035177230835,0.997834324836731,0.004284401424229145,23.68109893798828,0.5748707686773087,0.009445041565192209,0.43315714597702026,0.5014705061912537,0.6224125364064741,4.575961626282711,28.42108154296875,22.92373275756836
01000N.png,1.91973827034235,0.24817383289337158,0.5224662856571314,0.8780376445563585,4.5372161865234375,19.684101104736328,0.9190398835314281,0.5391356320345305,5.47353458404541,2.615149286532329,6.934184551239014,1.8232941627502441,25.61874771118164,0.6539741158485413,1.415541172027588,0.9989053606987,0.0053382497280836105,22.72601318359375,0.5691596541409053,0.007463930788491623,0.4174407124519348,0.5090577602386475,0.606635598609649,4.585327201296366,29.83172607421875,22.27151870727539
01004N.png,1.512685153633356,0.2662792503833771,0.5763976515911148,0.9015671699471338,4.73652458190918,18.371536254882812,0.9359948416858318,0.5414587164695742,5.761953830718994,3.0256597194372716,6.019454479217529,1.680059552192688,29.80522918701172,0.8141451478004456,1.4817688465118408,0.9324722290039062,0.004889164585620165,23.107654571533203,0.5295687743587554,0.007960549533670619,0.46869224309921265,0.5553722381591797,0.5695520481606942,4.573533041413398,29.12225341796875,19.26594352722168
01008N.png,1.9148960299789906,0.3152478337287903,0.5242391288709881,0.8845357322216949,4.735996246337891,21.550065994262695,0.9103534773404761,0.537344245761509,5.834590911865234,2.770767266789589,7.173429489135742,1.9734790325164795,49.98816680908203,0.6862502098083496,1.2359830141067505,1.0292714834213257,0.019232694059610367,17.15959930419922,0.5722067626079326,0.007512583372583548,0.42194151878356934,0.5239423513412476,0.6247984514139887,4.597121586868056,32.98309326171875,23.07939910888672
01012N.png,2.0481505133211613,0.26314735412597656,0.49709267340422275,0.8862093403269371,4.673758029937744,23.28257179260254,0.9077325060593838,0.5490814921146114,5.517246246337891,2.5329460413594536,7.762609958648682,2.130262613296509,36.59990310668945,0.729824423789978,1.3157645463943481,1.0068494081497192,0.009408033452928066,20.265010833740234,0.6068580674177214,0.007221144031036034,0.4399755895137787,0.5605208873748779,0.6051359426141438,4.642724521768068,27.21112060546875,25.16008758544922
01016N.png,1.9062994420528412,0.30236750841140747,0.5407022454133005,0.8900143877233564,4.983680248260498,25.427425384521484,0.920428446104354,0.5455374006773746,6.106231689453125,2.9981800523138507,7.898538589477539,2.320209503173828,39.94682312011719,0.7743946313858032,1.4509613513946533,1.051609992980957,0.010225316509604454,19.90323257446289,0.6257673988865025,0.006701898283087108,0.44154199957847595,0.5369302034378052,0.652967153281743,4.547957861930263,27.14373779296875,25.833663940429688
01020N.png,1.8362057656049728,0.361860454082489,0.6695680902444158,0.8788789037892937,5.184666633605957,30.219724655151367,0.9435474939090224,0.5688239372004132,6.731954574584961,3.9895070292471164,8.667720794677734,2.699845790863037,39.61214065551758,0.5310404300689697,1.4391446113586426,1.0583957433700562,0.017735326662659645,17.51161003112793,0.6390948934739387,0.006802984957221002,0.46558722853660583,0.4860635995864868,0.6911461749440689,4.808592404931749,36.92742919921875,28.431312561035156
01024N.png,1.9267986491322517,0.31842875480651855,0.6465921489530627,0.8796021441618428,4.677037715911865,24.213409423828125,0.907934321083155,0.538768958173417,6.277959823608398,3.5417196312803263,6.679936408996582,2.1800785064697266,34.05004119873047,0.5073770880699158,1.4536919593811035,1.1852810382843018,0.011553025804460049,19.373043060302734,0.6367199111974089,0.006303937007466171,0.4188917577266693,0.48253607749938965,0.7278650156093366,4.164485037021489,29.00164794921875,33.41533660888672
01028N.png,1.8233861327171326,0.2725032866001129,0.5109590151466941,0.8805642806239604,4.491418838500977,23.951210021972656,0.875388179584787,0.5148542835007156,5.528294086456299,2.55984061426555,6.6623101234436035,2.2135894298553467,22.91187858581543,0.72900390625,1.4651613235473633,1.044164776802063,0.004816554486751556,23.172636032104492,0.646229478656668,0.006249321429559006,0.4008825421333313,0.49517911672592163,0.6926545359220634,4.094422871320978,23.93280029296875,24.729557037353516
01033N.png,2.028022687882185,0.29235219955444336,0.5587257248135666,0.8782834212242465,4.519102573394775,28.11077308654785,0.8897666049315369,0.5279515101685114,5.830507278442383,2.891307019627062,8.058740615844727,2.5693206787109375,30.608009338378906,0.7084500193595886,1.4725455045700073,1.181365728378296,0.008116239681839943,20.906450271606445,0.664297869096613,0.005251357120147975,0.41936084628105164,0.5031522512435913,0.7299367599532676,4.128126082890932,25.67205810546875,27.89432144165039
01037N.png,2.054356064647436,0.33193832635879517,0.5138886263753666,0.8836472170698336,5.109475612640381,26.00716209411621,0.9077545797940123,0.5459828947831498,6.2050371170043945,2.907208937579668,7.5146026611328125,2.3713183403015137,34.15760803222656,0.737591028213501,1.4732036590576172,0.9555790424346924,0.008482653647661209,20.714683532714844,0.5791675159908918,0.010374428064791646,0.46120086312294006,0.5515012145042419,0.6006531615374247,4.285751805599403,26.39129638671875,24.21302032470703
01041N.png,1.646367497742176,0.3597279489040375,0.5818281887692568,0.878949018725301,5.142411231994629,31.25128936767578,0.9260883945499738,0.5435089711330151,6.553840637207031,3.4026154743159847,8.449496269226074,2.8204801082611084,32.55928039550781,0.678450345993042,1.5170373916625977,1.0101474523544312,0.009187698364257812,20.367935180664062,0.6020999528931104,0.006568052457547965,0.45798590779304504,0.5146322250366211,0.6400446348558905,3.7493318683060877,29.60174560546875,22.461599349975586
01045N.png,1.6542915403842926,0.33429378271102905,0.48750519178589113,0.8817066916911377,5.248208045959473,33.55990219116211,0.9245674758102265,0.5697614333469732,6.190986156463623,2.7883424629052342,9.38349723815918,3.037966728210449,30.29694175720215,0.7077540159225464,1.4942210912704468,0.9669630527496338,0.007010104600340128,21.542755126953125,0.6126682970745269,0.007907549179274723,0.48676300048828125,0.5691381096839905,0.6250922576395154,3.8111190388261416,28.75946044921875,25.820859909057617
01049N.png,1.8351944088935852,0.34909969568252563,0.5118058658320392,0.8755192635069481,5.112354278564453,30.62897300720215,0.9339708435589152,0.5597288986736362,6.241220951080322,2.905422414441242,8.955892562866211,2.7721107006073,30.565616607666016,0.6699037551879883,1.5047130584716797,1.0143150091171265,0.008647200651466846,20.63124656677246,0.6211588073385741,0.007203386641127037,0.48943859338760376,0.5558995008468628,0.6485205865843071,3.876433001070436,25.70526123046875,32.14107894897461
01053N.png,1.7556680627167225,0.3634241819381714,0.5769893576114583,0.8796598423103847,5.210081100463867,29.373502731323242,0.9383817977675173,0.537062224211053,6.439662933349609,3.360899987249274,9.002614974975586,2.6333553791046143,33.38214111328125,0.6087623834609985,1.4804880619049072,0.9935489892959595,0.01085682027041912,19.642974853515625,0.6086310985819618,0.006248633032605729,0.4779435098171234,0.5542962551116943,0.6362357864060788,4.215736134808603,30.01629638671875,30.97561264038086
01057N.png,1.6517031118273735,0.38355565071105957,0.4618648837632943,0.889242872496856,5.530675411224365,30.57765769958496,0.9363446462196453,0.5644398430255051,6.178267478942871,2.70398310644744,8.863187789916992,2.7797436714172363,35.61384201049805,0.7137759923934937,1.5356380939483643,0.9911076426506042,0.009493188932538033,20.225879669189453,0.6216571641510917,0.006105734325509405,0.4881591200828552,0.5510919094085693,0.6336546745517225,3.9859257032038364,23.76580810546875,33.36444091796875
01061N.png,1.8548052795231342,0.4343358874320984,0.5796201526257521,0.8827842355500557,5.5902204513549805,36.86656951904297,0.9282385092623283,0.510553372354646,6.878201007843018,3.6134846345333482,10.151726722717285,3.2791638374328613,48.63353729248047,0.6487693786621094,1.5079271793365479,1.0029836893081665,0.022196903824806213,16.537076950073242,0.6288465113166435,0.005536096592717075,0.47259554266929626,0.5606226921081543,0.6448538118434485,3.9079227759940602,28.62469482421875,30.760169982910156
01066N.png,1.9172204919159412,0.3055935204029083,0.5973564343335,0.8786852992208465,4.987688064575195,21.216106414794922,0.9339799530329305,0.5766343264142326,5.833896160125732,3.232182265640178,7.254971027374268,1.8909358978271484,22.790449142456055,0.5929406881332397,1.523164987564087,1.0219347476959229,0.004467534366995096,23.49932098388672,0.6092210850398515,0.005321742287839763,0.4670902192592621,0.5467841625213623,0.6586653135300573,5.663997930047661,41.74481201171875,26.718017578125
01070N.png,1.8833111822605133,0.3980444669723511,0.5265181420047567,0.8735675079885621,5.441520690917969,27.449337005615234,0.9381602989239586,0.5371698202641636,6.446664810180664,3.129682197159701,7.99750280380249,2.4477643966674805,28.362367630004883,0.553645133972168,1.5801652669906616,0.9757090210914612,0.008454566821455956,20.72908592224121,0.6101507430541394,0.004853587441152441,0.4946434497833252,0.5457967519760132,0.6129927214265964,4.378990672693082,32.59881591796875,27.565853118896484
01074N.png,1.8941265791654587,0.3771250545978546,0.7129380192758724,0.8773866961240768,5.0943474769592285,26.340517044067383,0.9520205055817687,0.579795117516507,6.516609191894531,4.138959170067189,7.933034420013428,2.3206262588500977,30.623592376708984,0.5182328820228577,1.5917540788650513,1.181106686592102,0.010742487385869026,19.688953399658203,0.6664872270144846,0.0038576144826760624,0.47336387634277344,0.5295441150665283,0.7613297477940096,4.686747107334022,35.90643310546875,32.95545959472656
01078N.png,1.8748782388865948,0.3574669361114502,0.7449256258363902,0.8807834369907301,5.015190124511719,22.68879508972168,0.9523093942190304,0.5569399704896234,6.492076873779297,4.286042943399842,6.9210662841796875,2.0100085735321045,34.75100326538086,0.5189310908317566,1.534975528717041,1.1468836069107056,0.013011162169277668,18.85683822631836,0.6527707110971728,0.005087680277250236,0.4679417014122009,0.5278936624526978,0.7499532707796179,5.521466669717617,41.34246826171875,33.06596374511719
01082N.png,1.9515443444252014,0.36654433608055115,0.5725993505935104,0.8641019835136574,5.312436580657959,19.331100463867188,0.9432029297717412,0.515273407121731,6.124782085418701,3.2744811711298993,4.7894816398620605,1.7007160186767578,19.42214584350586,0.5424876809120178,1.6934701204299927,1.1646596193313599,0.006088736467063427,22.154727935791016,0.5979699209714372,0.0035862506848138055,0.4578615427017212,0.5467411279678345,0.6924469092867529,5.285533320516918,42.45037841796875,32.799312591552734
01086N.png,1.9200758934020996,0.359723836183548,0.5973418241863504,0.87463235254849,5.20399284362793,31.522428512573242,0.93334282396895,0.5501133043159638,6.598034858703613,3.524933200459788,8.832462310791016,2.8151681423187256,36.18767547607422,0.6152884364128113,1.529963731765747,1.1362700462341309,0.013210630975663662,18.7907657623291,0.6658373318319417,0.006434290785261397,0.4518757462501526,0.5067521333694458,0.7140967005447288,4.734973636920716,34.28680419921875,27.184831619262695
01090N.png,1.9196253269910812,0.3932574689388275,0.5171308851600755,0.875736717107625,5.315286636352539,34.91490936279297,0.9241807603186966,0.52818822443461,6.74091911315918,3.1173276437636748,8.59683895111084,3.095533609390259,34.857566833496094,0.63322913646698,1.4079523086547852,1.0125070810317993,0.015226469375193119,18.174007415771484,0.6519835193822447,0.010627102472866733,0.4649481177330017,0.538776695728302,0.6795122845421642,4.325137811065897,34.09051513671875,31.951679229736328
01094N.png,1.8704236671328545,0.3988821804523468,0.5796912509448106,0.8821804205997013,5.409606456756592,37.28191375732422,0.9347047484644331,0.5728883022299823,6.746425628662109,3.523383699487818,10.686746597290039,3.335162878036499,46.480281829833984,0.619692325592041,1.4744946956634521,1.021986484527588,0.018353024497628212,17.36292266845703,0.6569880050928487,0.005985588450090886,0.47928428649902344,0.5338489413261414,0.6826740732118233,5.091025224456968,38.22479248046875,31.942092895507812
01098N.png,1.9172121100127697,0.38563746213912964,0.7280536189533215,0.8810947467627201,5.161930561065674,36.883853912353516,0.9550093728489477,0.6157518341064208,6.864420413970947,4.377927298960941,10.125691413879395,3.2802319526672363,44.684478759765625,0.5422845482826233,1.3582286834716797,1.0604923963546753,0.021595316007733345,16.656404495239258,0.6943396618163822,0.005130429198813941,0.4795528054237366,0.5249007344245911,0.7508495634898794,5.080554835408829,40.28631591796875,27.70926284790039
01102N.png,1.9179880134761333,0.34304219484329224,0.5371609633837825,0.8831420009413374,5.390684127807617,33.01189041137695,0.9123468585040062,0.5600335622488027,6.266422748565674,3.130881618640222,9.960410118103027,2.940239429473877,33.62026596069336,0.7394279837608337,1.4865808486938477,1.0544562339782715,0.008263490162789822,20.8283634185791,0.6583511164312619,0.008030387599728859,0.45371729135513306,0.5468180179595947,0.6534876040257339,4.325450402898053,36.12274169921875,28.711271286010742
01106N.png,1.9145451337099075,0.2937098741531372,0.7256610797978067,0.8854164584944163,4.630919933319092,24.081222534179688,0.9501257851927017,0.5949476790788203,5.8162689208984375,3.7905723868929506,9.263032913208008,2.1773719787597656,29.22159767150879,0.6139481067657471,1.350008249282837,1.0612117052078247,0.006717676296830177,21.72780990600586,0.6760002367811206,0.004136381951676006,0.446842759847641,0.5264387130737305,0.725038946495502,5.398757727999577,36.73797607421875,32.433990478515625
01110N.png,1.9121296256780624,0.3667066991329193,0.7730924883663453,0.8846507496182078,4.997372150421143,27.304149627685547,0.9547418131898353,0.5807546294032725,6.584087371826172,4.476784160732468,9.122392654418945,2.440251111984253,46.79738235473633,0.5533488392829895,1.405402660369873,1.0693906545639038,0.020576896145939827,16.86620330810547,0.6889620769346018,0.00310500802301203,0.4611637592315674,0.5216996073722839,0.7536871934164932,5.1760163337096605,37.86004638671875,31.519733428955078
01114N.png,2.0889154374599457,0.3970838487148285,0.7277367245889217,0.8817844598684359,5.302920818328857,35.75330352783203,0.9536013747619572,0.5726134089468142,6.870733261108398,4.4296212136455555,11.35394287109375,3.2140417098999023,49.608585357666016,0.506046712398529,1.4253082275390625,1.0997613668441772,0.026879101991653442,15.705852508544922,0.7163063490307251,0.0047357127800665795,0.47724485397338867,0.5315631628036499,0.757604097828838,4.878458047982256,31.25994873046875,33.448692321777344
01118N.png,2.1997856609523296,0.3847751021385193,0.622845978402925,0.8839105404733097,5.095483779907227,24.648326873779297,0.9403964572060388,0.5860002924566529,5.996448993682861,3.4542944359871335,8.53349494934082,2.20420241355896,35.94053268432617,0.6414730548858643,1.4878612756729126,1.179675817489624,0.010090772993862629,19.96075439453125,0.6708360265115257,0.00426843902918407,0.4643288254737854,0.5485914349555969,0.7326294525039587,5.564044740877266,43.52752685546875,32.74197769165039
01122N.png,2.339938547462225,0.30785855650901794,0.7046797860543705,0.8911555107238397,4.83544397354126,22.339435577392578,0.952578510557867,0.590915590533187,5.856247425079346,3.7671220599689708,8.355816841125488,2.0042521953582764,43.75678634643555,0.6855646371841431,1.376334547996521,1.0914630889892578,0.014383312314748764,18.42141342163086,0.6649790843784417,0.003629922587907191,0.46429574489593506,0.5451210141181946,0.71203786413383,5.855132156286187,47.63250732421875,36.81853485107422
01126N.png,1.6289198882877827,0.44507071375846863,0.6868004124708522,0.9098658479917122,5.38077449798584,30.516876220703125,0.9536416503261281,0.5923412464601511,6.389025688171387,4.041764631164098,10.17379093170166,2.701371192932129,60.28995895385742,0.7739008665084839,1.4809461832046509,0.9918966293334961,0.026447122916579247,15.776215553283691,0.6430872406567013,0.005403067702302355,0.49340182542800903,0.5602766275405884,0.6611943094023337,5.085353259263329,41.55242919921875,32.42859649658203
01130N.png,1.6185046844184399,0.333088755607605,0.8359246253193556,0.887267523287878,4.740940570831299,26.190284729003906,0.9756334159934492,0.6245386844301635,6.285104751586914,4.608486488871282,8.425569534301758,2.349083662033081,36.76594161987305,0.6394857168197632,1.2915537357330322,1.0352026224136353,0.0134744793176651,18.704879760742188,0.6914223143089699,0.004432652929377098,0.4868474304676056,0.5376301407814026,0.7741544335466762,5.459773015303471,44.42010498046875,28.53414535522461
01135N.png,1.9838462136685848,0.34614473581314087,0.853897426745858,0.8889900242186176,4.407306671142578,19.587278366088867,0.9634932857446128,0.6160936634426232,6.276788711547852,4.561575897749455,6.011730670928955,1.7486686706542969,30.471837997436523,0.3902856707572937,1.3079195022583008,1.04328191280365,0.010469838976860046,19.800600051879883,0.6574881138676257,0.003675668992261377,0.4559045135974884,0.43788766860961914,0.7706864196238417,5.541193244247456,42.54901123046875,20.487899780273438
01139N.png,2.0051617808640003,0.2521214485168457,0.7430596566453868,0.8812135937401488,4.3137969970703125,22.322311401367188,0.9446074050738554,0.5899161229620984,5.822329521179199,3.7658872944878743,7.400214195251465,2.004425048828125,29.64421272277832,0.6020904779434204,1.2883378267288208,1.044970154762268,0.008068830706179142,20.931894302368164,0.6596763045203679,0.005179674756055116,0.458303838968277,0.525759220123291,0.7310985789262612,5.427167891171103,43.50311279296875,24.836742401123047
01144N.png,2.0006623677909374,0.30046653747558594,0.776132349750513,0.8830562185270201,4.972111225128174,25.729618072509766,0.9608055065586432,0.599515959471937,6.316680908203125,4.380812739212059,8.716858863830566,2.300182819366455,38.59172821044922,0.5389239192008972,1.3461666107177734,1.0983707904815674,0.015152886509895325,18.195045471191406,0.7091329774705676,0.002506532448682067,0.45584946870803833,0.5187816023826599,0.7853539894163842,5.271955470781948,44.93328857421875,33.060546875
01148N.png,1.4730793200433254,0.3587069809436798,0.7421979442164497,0.8826828582239593,5.316359043121338,26.61211585998535,0.9660045970621433,0.5573622336358961,6.583771228790283,4.4161398957199935,7.208084583282471,2.344388961791992,36.56120681762695,0.47588151693344116,1.4653165340423584,1.0670967102050781,0.017684919759631157,17.523971557617188,0.6639544478481932,0.0037298851106263515,0.46994253993034363,0.4249713122844696,0.7548941520968099,5.195862570139812,41.84881591796875,31.49699592590332
01152N.png,1.3979728147387505,0.3696565330028534,0.8070934851130996,0.883987999265912,5.0842790603637695,29.379915237426758,0.9728938758248721,0.5292495267385681,6.662062644958496,4.740212937875219,8.471038818359375,2.635763168334961,42.8875846862793,0.5103961825370789,1.3817099332809448,0.9723813533782959,0.023354630917310715,16.316268920898438,0.6817053351818521,0.0031932818733882125,0.48258155584335327,0.46615737676620483,0.7512787908437426,5.4031338646475335,39.64080810546875,30.349502563476562
01158N.png,1.5220450013875961,0.43666282296180725,0.7473637781216262,0.8834881385012832,5.605559349060059,33.486507415771484,0.968559705071221,0.532270039177761,7.005336761474609,4.712477496190047,8.760037422180176,2.944308042526245,41.84911346435547,0.5792438387870789,1.3987996578216553,0.9078152179718018,0.024315163493156433,16.14122772216797,0.6303336138674661,0.004142416539757591,0.4844626486301422,0.4909670054912567,0.6774681875797628,5.254029044356424,41.62030029296875,32.19889831542969
01162N.png,1.3871515654027462,0.3948150873184204,0.8220935063674295,0.8843494979597691,5.197969913482666,35.4730110168457,0.9715366945583193,0.6147090900686095,6.813418865203857,4.937257838971652,10.778349876403809,3.127383232116699,52.65657043457031,0.4800814986228943,1.3743224143981934,0.9605234861373901,0.03181053325533867,14.974289894104004,0.7105360596468311,0.003708075877137748,0.4742828607559204,0.4736548066139221,0.7692919943470413,5.272514064885112,44.56903076171875,31.112524032592773
01166N.png,1.9108297191560268,0.30967628955841064,0.7063859847833739,0.8799684744555668,4.915696620941162,25.81867790222168,0.9592741162424656,0.5895821841858379,6.064496040344238,3.878139906484881,8.910663604736328,2.308212995529175,30.932090759277344,0.5460842251777649,1.3641700744628906,1.0392935276031494,0.009748825803399086,20.110477447509766,0.6645244990686358,0.0044932843191958305,0.4657228887081146,0.4875870645046234,0.7129655137945703,5.568026050154266,47.24725341796875,30.724197387695312
01170N.png,1.5510121285915375,0.27087610960006714,0.6695035263429884,0.8836779231836946,4.785436153411865,21.253604888916016,0.9552063809181395,0.5874405609286515,5.670344352722168,3.5001031130836235,7.4076762199401855,1.9151912927627563,29.078556060791016,0.5535476207733154,1.3213412761688232,0.9612854719161987,0.007458582986146212,21.2734375,0.6202392992291932,0.0045808247438977896,0.4518111050128937,0.460356205701828,0.6558319238925758,5.730219538138862,45.85272216796875,24.889923095703125
01174N.png,1.8065673224627972,0.4163171350955963,0.5742187392550571,0.8797677424205529,5.532856464385986,26.562705993652344,0.9399802592575152,0.5596783133641062,6.394815444946289,3.424556775188183,7.257397174835205,2.342486619949341,37.78700637817383,0.5535998344421387,1.4554665088653564,1.0186418294906616,0.012832986190915108,18.916723251342773,0.613444207250832,0.005151458009190999,0.4571129083633423,0.48632752895355225,0.6475041996451564,4.630715720579688,41.06512451171875,27.395355224609375
01178N.png,1.8250419907271862,0.40222710371017456,0.9192298920755316,0.8852172582467321,4.639762878417969,32.13551330566406,0.9826376487133966,0.598231830440515,6.863645076751709,5.287155213252236,8.851208686828613,2.827280282974243,57.7530403137207,0.5556610226631165,1.3213796615600586,0.9606435298919678,0.04429569095373154,13.536385536193848,0.7403437424938867,0.0022661314926721693,0.47696757316589355,0.48265495896339417,0.8264136034513057,5.314444699549185,38.25262451171875,32.74936294555664
01182N.png,1.8154043108224869,0.24704112112522125,0.7569019879522038,0.8839792129723706,4.613056659698486,20.87960433959961,0.9597603700048338,0.5474149996447323,5.896059036254883,3.9771994702628266,7.073214530944824,1.8748102188110352,29.728395462036133,0.5142744183540344,1.3391330242156982,1.0018664598464966,0.008756187744438648,20.57684898376465,0.6552863293901834,0.0026414737650438083,0.4493136405944824,0.47545456886291504,0.7180168757174379,5.496210101177896,41.29022216796875,24.636934280395508
01186N.png,1.8005977682769299,0.3459714353084564,0.8128071575750353,0.8882390768344489,4.6627583503723145,21.81759262084961,0.9598065952769776,0.5640546997679151,6.303134918212891,4.456592863773077,5.734020709991455,1.9382884502410889,28.634166717529297,0.39002227783203125,1.316228985786438,1.0849859714508057,0.010475553572177887,19.79823112487793,0.6578937505320804,0.00424518398118474,0.45662403106689453,0.4632379412651062,0.7647056996637845,4.9948392748839145,40.35906982421875,26.256629943847656
01190N.png,2.3954382315278053,0.2872426211833954,0.8350731692972918,0.8817167269994335,4.4215803146362305,21.440322875976562,0.9518927223909807,0.5507613622394402,6.12969970703125,4.405560356565632,6.31366491317749,1.9205952882766724,30.204681396484375,0.4813140332698822,1.2737232446670532,1.1133562326431274,0.010517951101064682,19.780689239501953,0.6696563243168545,0.004433640127727906,0.443026602268219,0.492789089679718,0.7646665868078354,5.509304116346034,38.31170654296875,24.785619735717773
01194N.png,2.370208952575922,0.37462443113327026,0.6548330694845135,0.8809328793308056,4.9065680503845215,21.26895523071289,0.9213761492962983,0.5324410316812243,6.222561836242676,3.64387268593085,5.423308372497559,1.8784466981887817,32.00373458862305,0.5023338198661804,1.4905644655227661,1.1368708610534668,0.009908425621688366,20.039955139160156,0.6020656207652805,0.00660804338618945,0.4496515989303589,0.56613689661026,0.6819128154962152,4.774339633017895,41.11199951171875,28.282962799072266
01198N.png,1.8462636172771454,0.2625075876712799,0.591173594317049,0.8795606426847008,4.458765029907227,19.237552642822266,0.9111426998189911,0.532575782270821,5.355504512786865,2.9009788498206897,6.365192890167236,1.7364084720611572,21.555667877197266,0.5341922044754028,1.4454070329666138,1.184637427330017,0.0042063030414283276,23.760995864868164,0.6354670731501739,0.004460870389376633,0.41171136498451233,0.5102518200874329,0.6930678785557529,5.455491737198298,44.39422607421875,24.05315399169922
01202N.png,1.8112734369933605,0.28277578949928284,0.554653398994488,0.8793431291608222,4.590620040893555,19.606266021728516,0.9068146988978916,0.5545585130472063,5.531142234802246,2.8070450857760996,6.101788520812988,1.7821818590164185,21.767169952392578,0.5624178051948547,1.4851109981536865,1.1328058242797852,0.004217027686536312,23.74993896484375,0.6059447375179656,0.005238769670859612,0.42354050278663635,0.5212951302528381,0.6688029032892739,5.147978861142612,41.19207763671875,24.659610748291016
01206N.png,1.7962130345404148,0.2742675840854645,0.7455371501287668,0.8822416938657418,4.335973739624023,20.547090530395508,0.9437211113122939,0.5775918300841498,5.534249782562256,3.679322295657017,7.776429653167725,1.8617310523986816,27.847787857055664,0.5447544455528259,1.2700532674789429,1.0807029008865356,0.006788656115531921,21.68216323852539,0.6667444277297758,0.001866648330289018,0.4351273775100708,0.5053276419639587,0.7110077389395134,5.531913353620104,43.50653076171875,23.686241149902344
01210N.png,1.790373370051384,0.3006657361984253,0.7426176118616167,0.884760701394485,4.385377407073975,26.173940658569336,0.9466083146715312,0.5913630869240974,5.723555564880371,3.7535495410166124,9.733243942260742,2.377601385116577,39.04050827026367,0.5505398511886597,1.2689120769500732,1.083363652229309,0.012975364923477173,18.868804931640625,0.7208629178151715,0.0017600022645067293,0.44213932752609253,0.5195328593254089,0.7520864143455321,5.1852930512100786,39.11737060546875,26.040130615234375
01214N.png,1.8302809558808804,0.28476396203041077,0.5587148474557481,0.8848346942914245,4.985389232635498,26.402387619018555,0.9191613768780668,0.558432811445348,5.838496208190918,3.0237432057177465,9.420792579650879,2.370487689971924,40.313602447509766,0.6340416669845581,1.4061055183410645,1.034080982208252,0.01244998350739479,19.04831314086914,0.6548514252306926,0.0032238579930893,0.43990278244018555,0.540778398513794,0.6305897219546095,4.733523201615765,39.10467529296875,29.44110870361328
01218N.png,1.8688668869435787,0.2864525020122528,0.6839974989582599,0.8828105906354032,4.306948661804199,14.310371398925781,0.9375486264334791,0.5905598638683881,5.2000555992126465,3.2513954189003087,5.09100866317749,1.30843186378479,18.297229766845703,0.5780504941940308,1.3061697483062744,1.031219244003296,0.0027686976827681065,25.57724380493164,0.5734832065592551,0.003367300966471516,0.45008453726768494,0.5130196809768677,0.6631638821217567,5.7114941169954445,42.95574951171875,22.106111526489258
01222N.png,1.802444238215685,0.4009716808795929,0.6989736602407884,0.8823617564292967,4.61668586730957,13.544584274291992,0.9416419860522771,0.5572149985904689,5.553835868835449,3.5544706126935024,3.1719064712524414,1.2249614000320435,15.586654663085938,0.4381392002105713,1.3743423223495483,1.0674233436584473,0.0026523994747549295,25.76361083984375,0.5424445553391292,0.003370396992341717,0.4361751079559326,0.4773913621902466,0.6379232641498108,5.006435806662551,43.04608154296875,16.9904727935791
01226N.png,1.8589997850358486,0.289902925491333,0.872320248650276,0.8826299049191473,4.185451507568359,21.393659591674805,0.9703749185578185,0.6489639875050112,5.947111129760742,4.419436366049688,6.322449207305908,1.9136043787002563,27.895771026611328,0.5831742286682129,1.2597391605377197,1.060590147972107,0.007654580753296614,21.160785675048828,0.689201052084111,0.0037316154227318744,0.47815707325935364,0.5250401496887207,0.8293810655669693,5.472748865529666,44.90106201171875,28.332351684570312
01230N.png,1.9484386891126633,0.36559703946113586,0.9633050073827418,0.8848282504307805,4.159897804260254,23.75560188293457,0.9793037197385106,0.5953716402481647,6.555898666381836,5.161308068831936,6.953314781188965,2.0681426525115967,41.485958099365234,0.46712830662727356,1.1995577812194824,1.0550168752670288,0.023599475622177124,16.270977020263672,0.7072153180662024,0.0025063574303676663,0.4905366599559784,0.5192176699638367,0.8295142608540301,5.604805111056684,43.58123779296875,30.52749252319336
01234N.png,1.9498279429972172,0.27547845244407654,0.8762370939085529,0.8820998124344808,4.365307331085205,21.453880310058594,0.970582469791572,0.6405729167200268,6.109569549560547,4.589253597146048,6.7281575202941895,1.9175509214401245,29.23126220703125,0.5584067106246948,1.2974046468734741,1.0756486654281616,0.009444071911275387,20.24840545654297,0.6994538384424027,0.003509539304405182,0.4742843508720398,0.5209911465644836,0.8045368139966496,5.702253018412374,43.97137451171875,29.938047409057617
01238N.png,1.7214085683226585,0.2619353234767914,0.7702717812335013,0.8858660399667247,4.542928695678711,15.449241638183594,0.9532217720820674,0.5792767798013185,5.397404193878174,3.828393659668377,5.683204650878906,1.387046217918396,23.838857650756836,0.625157356262207,1.296837329864502,1.0782485008239746,0.004512072075158358,23.456239700317383,0.6191375367560793,0.003971874883938733,0.4340863525867462,0.528531014919281,0.6862837257227454,6.040996131448574,46.34881591796875,21.058683395385742
01242N.png,1.7310986556112766,0.2701012194156647,0.811958558018406,0.88295937234728,4.235581874847412,17.20777702331543,0.9448583930879767,0.5193727993763864,5.868443012237549,4.102039133949262,6.161802768707275,1.5087063312530518,34.085540771484375,0.5684025287628174,1.2499428987503052,1.0823942422866821,0.011496132239699364,19.394481658935547,0.6276307945418131,0.004122222811205868,0.4349561929702759,0.5195721983909607,0.7201501405798848,5.55327739124304,42.60272216796875,23.572158813476562
01246N.png,1.9357827752828598,0.2628026008605957,0.7070385549826331,0.8925874789938499,4.56594705581665,20.40977668762207,0.9296871941173209,0.599433628082812,5.370270252227783,3.5126575103541544,7.002865791320801,1.8538391590118408,25.03041648864746,0.6783981919288635,1.2766152620315552,1.0279924869537354,0.004472862463444471,23.4941463470459,0.648165531986348,0.004101023221442388,0.4304509162902832,0.5093807578086853,0.7094092916096079,5.226016839075107,41.67987060546875,29.068496704101562
01250N.png,1.877442143857479,0.3499535620212555,0.8166250544979945,0.8806889995532652,4.844790935516357,22.57334327697754,0.9512620460654001,0.5402805210432313,6.376428604125977,4.5817791194040485,6.934500694274902,1.9878654479980469,35.89203643798828,0.5495688915252686,1.3771203756332397,1.0966365337371826,0.015183929353952408,18.1861572265625,0.6630474505339563,0.005043572155570475,0.45010775327682495,0.5107566714286804,0.7343052132034492,5.8945902970964585,43.95428466796875,22.90005111694336
01254N.png,1.9731120243668556,0.2402651309967041,0.6514607754715296,0.886275675609965,4.695587158203125,19.648828506469727,0.9266978468937055,0.5710327544822147,5.425976276397705,3.296913031008547,7.205310344696045,1.765479326248169,30.90387725830078,0.6655335426330566,1.3307099342346191,1.0893831253051758,0.0070929634384810925,21.491722106933594,0.6231303580568536,0.004805575915845094,0.41966044902801514,0.5295873284339905,0.6657248133840844,5.281331877089607,46.11639404296875,28.3109130859375
01258N.png,1.9527831673622131,0.2425099015235901,0.6636701133444017,0.8862190088412576,4.662647724151611,19.026012420654297,0.9323522171525402,0.5788331913606273,5.517428398132324,3.3781178667231018,6.717714786529541,1.7138127088546753,28.718366622924805,0.6687238812446594,1.3399790525436401,1.085038661956787,0.006275902036577463,22.023237228393555,0.6200805771813771,0.00513768093151625,0.44410935044288635,0.5526513457298279,0.672648462251436,4.946321076405075,43.52703857421875,24.686565399169922
01262N.png,1.710731130093336,0.262853741645813,0.5926540785355818,0.8799194151914673,5.064826011657715,22.808006286621094,0.9389019863333001,0.5885011441424903,5.874152183532715,3.2415255690413485,7.130899906158447,2.0380232334136963,26.867525100708008,0.6814702749252319,1.4586231708526611,1.0312938690185547,0.005864201113581657,22.317909240722656,0.6036212693991856,0.007392625043525271,0.4562261700630188,0.5423510670661926,0.6462105719223682,4.8167766590668135,43.85125732421875,27.25099754333496
01266N.png,1.9299973174929619,0.2953011393547058,0.6680773926377344,0.8863319786571111,4.887850284576416,21.301694869995117,0.9474123201392144,0.5897420601865925,5.8575544357299805,3.5893933212901636,7.533350467681885,1.9095048904418945,27.442440032958984,0.6307139992713928,1.348042607307434,1.054039716720581,0.006300731096416712,22.00609016418457,0.6223420601097004,0.00399277737513416,0.46684330701828003,0.5506452322006226,0.6674114408192495,4.911328322963318,40.65985107421875,24.896320343017578
01270N.png,1.9194169752299786,0.3090552091598511,0.6423649420334338,0.8874243264860505,4.867979049682617,17.76306915283203,0.9342010736144134,0.5626389330909861,5.8333001136779785,3.437074530098492,6.413279056549072,1.595842957496643,28.685041427612305,0.6373541951179504,1.3175647258758545,1.0304609537124634,0.0064745028503239155,21.887935638427734,0.5647730016008812,0.0038322905319421387,0.46239444613456726,0.5891201496124268,0.6119727393438025,5.332429629018642,39.67547607421875,27.54698944091797
01274N.png,1.9115340784192085,0.25694218277931213,0.5623899219242949,0.8887631870270423,4.967499732971191,25.24051284790039,0.9243048813787061,0.5818817775505305,5.666243076324463,2.9901652200705424,8.372878074645996,2.2750089168548584,29.932117462158203,0.6910649538040161,1.3748853206634521,1.0557459592819214,0.006258509121835232,22.03529167175293,0.6376326104184155,0.005207699612684863,0.43494468927383423,0.5414842367172241,0.6619355881522027,4.821328875665329,40.85662841796875,31.51955795288086
01278N.png,2.019167773425579,0.3452417254447937,0.5321684219094256,0.8827330987005343,5.567866325378418,29.58107566833496,0.9354931404745734,0.5400754515782377,6.517842769622803,3.215826243090083,8.691511154174805,2.657219886779785,37.60342025756836,0.6458152532577515,1.4486392736434937,0.9457710385322571,0.011999052949249744,19.20853042602539,0.6053840842150991,0.005175598731967451,0.46924036741256714,0.5443592071533203,0.6146315885724161,3.9498719274107383,29.97332763671875,28.66905403137207
01282N.png,2.0138450749218464,0.3259076476097107,0.7355237503984097,0.885023515072785,4.963633060455322,27.4537410736084,0.9587341647131704,0.5607437159554096,6.501471042633057,4.216441584743956,8.202459335327148,2.405822515487671,35.90461730957031,0.6318396329879761,1.3524603843688965,0.9833292961120605,0.012904638424515724,18.89254379272461,0.6458341006155883,0.0062156821736273436,0.4664723873138428,0.5034211874008179,0.6863222793476783,5.000397208165331,40.96307373046875,35.27532196044922
01286N.png,1.8588049747049809,0.394318550825119,0.8101510819586659,0.8833670960031268,4.917794704437256,26.671293258666992,0.9666596018116821,0.5270699402704629,6.748741149902344,4.725843445603374,8.220662117004395,2.3230323791503906,42.24461364746094,0.5474270582199097,1.2753812074661255,0.9950437545776367,0.02263079397380352,16.4530029296875,0.6381081503552881,0.0049199883455463165,0.47693029046058655,0.5128427147865295,0.7067200407652865,4.812710921700172,39.03582763671875,36.2675666809082
01290N.png,1.8142215684056282,0.3192228376865387,0.7626238012867641,0.8833034775775749,4.804032802581787,29.20419692993164,0.9640042182555179,0.5764062149906288,6.468888759613037,4.298513361713553,8.54018497467041,2.6022136211395264,39.3459587097168,0.6292002201080322,1.371599793434143,1.0252259969711304,0.015588580630719662,18.071935653686523,0.6709743114334865,0.006256638401498231,0.47484928369522095,0.5135242342948914,0.7395830617922883,5.062775902964667,41.39666748046875,32.266441345214844
01294N.png,1.807086180895567,0.3814820945262909,0.7255019423439273,0.8817244120626448,5.0041985511779785,24.919713973999023,0.9545430783414919,0.5023136661482517,6.761984348297119,4.268207820800104,7.629621982574463,2.141509771347046,43.26189041137695,0.52247554063797,1.3691582679748535,0.9672811031341553,0.02324681356549263,16.336366653442383,0.5886902639746373,0.0059255157619625696,0.4780156910419464,0.5313045382499695,0.621573100759178,4.989251655870296,39.63787841796875,27.54887580871582
01298N.png,1.6996502503752708,0.28257033228874207,0.6511154837942178,0.8798798258383047,4.691924095153809,20.11931037902832,0.9377368431690313,0.5666929942765017,5.694045543670654,3.3812447708373323,7.613528251647949,1.8055886030197144,26.725921630859375,0.5575312972068787,1.373008370399475,0.9912618398666382,0.0064529902301728725,21.90239143371582,0.5969923914215549,0.006537190199761146,0.45224106311798096,0.5283548831939697,0.6110450531163036,5.243470129829921,39.63299560546875,21.119373321533203
01302N.png,1.8626584820449352,0.3028661608695984,0.6081956239313181,0.8777261690081674,4.925508499145508,25.200592041015625,0.9323358500346284,0.5449645312596296,6.192602157592773,3.3810043074577116,8.117729187011719,2.2867488861083984,30.60744857788086,0.6188290119171143,1.4980392456054688,1.053683876991272,0.008637139573693275,20.636301040649414,0.6131951639394922,0.007017788141316596,0.46298253536224365,0.5198517441749573,0.652836793369557,4.248046593093758,36.65301513671875,28.421707153320312
01306N.png,1.8521252386271954,0.30666759610176086,0.7553034731912758,0.8830481859248974,4.652647495269775,21.28615951538086,0.9521510807143616,0.5975609842200952,6.110237121582031,4.064635822248519,6.928136825561523,1.9108905792236328,33.7841682434082,0.5587159991264343,1.3244560956954956,1.0475311279296875,0.01045241765677929,19.807830810546875,0.6322607332798095,0.0047254284684780405,0.46540138125419617,0.5231316685676575,0.7316066597836363,5.5472946703434385,41.57440185546875,25.81334114074707
01310N.png,2.188410382717848,0.3456921875476837,0.618158820822597,0.8941223082772443,4.925236701965332,19.927143096923828,0.9401736071074135,0.5789826359752747,5.787866592407227,3.311210574354334,6.808405876159668,1.7895671129226685,32.913604736328125,0.7045509219169617,1.3853007555007935,0.9759120941162109,0.007384637836366892,21.316707611083984,0.5741936078073003,0.00574185384780271,0.46250706911087036,0.5367426872253418,0.6181117146020126,5.26344261703905,41.09735107421875,29.696372985839844
01315N.png,2.175684578716755,0.2856980860233307,0.7672812885947742,0.8855466128533712,4.482638835906982,23.026042938232422,0.9570081403393744,0.6092282289833024,6.084932804107666,4.054164197221084,7.754528522491455,2.053898811340332,40.296878814697266,0.6205611824989319,1.2850925922393799,0.9600239396095276,0.014325564727187157,18.438884735107422,0.6433947035729597,0.004597376051530983,0.47668397426605225,0.5214783549308777,0.6881781047479373,5.220559633256627,36.10565185546875,24.089359283447266
01319N.png,2.0007803328335285,0.308023065328598,0.8917094474550826,0.8895943299465883,4.373779773712158,17.49265480041504,0.966166503969834,0.6021336887813129,6.34821081161499,4.78046643948529,5.201483726501465,1.566501498222351,39.0119514465332,0.6233577728271484,1.1743576526641846,1.0536932945251465,0.014902034774422646,18.26754379272461,0.6275042766086947,0.004023702560543219,0.4805549681186676,0.5239329934120178,0.764900564810157,5.8331964398854455,42.17694091796875,22.260087966918945
01323N.png,2.0682243295013905,0.36573219299316406,0.6394667607707422,0.8910917873825523,5.635542392730713,25.617008209228516,0.9442255935526157,0.5683580211977265,6.572958946228027,3.9034769935606555,7.49558162689209,2.26869535446167,42.14452362060547,0.6972736120223999,1.399430513381958,0.9615285992622375,0.013413665816187859,18.724525451660156,0.5822069204976688,0.007025090808110822,0.47873616218566895,0.5806969404220581,0.5983682032050236,4.4315493814871445,37.81658935546875,27.166902542114258
01327N.png,1.6360967941582203,0.3879912197589874,0.5027402215415777,0.8829539574912039,5.73097038269043,29.64143943786621,0.9407751926693793,0.5914575641136404,6.291136741638184,3.0220079356735727,7.706324577331543,2.6502816677093506,32.735389709472656,0.6520370841026306,1.4794602394104004,0.9360904693603516,0.008513431996107101,20.698951721191406,0.5867964958309096,0.006588107440118294,0.49841737747192383,0.5520250797271729,0.5918168760310041,4.03685590079766,37.91961669921875,29.28719711303711
01331N.png,1.594249490648508,0.38944604992866516,0.8759707626985159,0.8880741207363212,4.67837381362915,23.705442428588867,0.9745865434687678,0.5546509633891825,6.761092185974121,5.010335164144086,6.847702503204346,2.076805830001831,42.7287712097168,0.6114616394042969,1.290213942527771,1.021928071975708,0.021724870428442955,16.630428314208984,0.6571887316422119,0.0038715828878962124,0.4833676517009735,0.5301945805549622,0.7464231130124285,5.735457016290022,45.36053466796875,35.8705940246582
01335N.png,2.2295861281454563,0.33583366870880127,0.699659659651112,0.8819111334080574,4.997987747192383,31.04932975769043,0.9619655663998292,0.6455750973524945,6.162164211273193,3.9041665679098703,8.828933715820312,2.782496213912964,29.117267608642578,0.584496796131134,1.3716009855270386,1.030106544494629,0.008241910487413406,20.839719772338867,0.6784393327091313,0.005203546598329745,0.48693734407424927,0.5177505016326904,0.766040283144424,4.768193874171698,43.47967529296875,32.26708984375
01340N.png,2.2262967377901077,0.3042502701282501,0.6822587854056429,0.880823592629457,4.853074550628662,29.131179809570312,0.9581363488446663,0.6233623622038047,6.032096862792969,3.71326441597647,8.967867851257324,2.6069979667663574,27.818729400634766,0.5564091801643372,1.422082781791687,1.0694013833999634,0.007509725634008646,21.24376106262207,0.6788392659064135,0.004526900030207018,0.4843519330024719,0.5101278424263,0.7558886726727428,4.871020287336514,41.57879638671875,29.836978912353516
01344N.png,2.0345023944973946,0.3009072244167328,0.7688388666660874,0.8826564080825134,4.712745189666748,25.682401657104492,0.9660292436299498,0.6250607980954095,6.169732570648193,4.183450261167025,8.639287948608398,2.275454521179199,32.216548919677734,0.5300251245498657,1.3249584436416626,1.0229647159576416,0.010577225126326084,19.756282806396484,0.6772425958833992,0.003423554710288631,0.4794885516166687,0.5045369863510132,0.7642022299440572,4.6673688400887245,43.65789794921875,33.347015380859375
01348N.png,1.9938021712005138,0.3164502680301666,0.7513127100337064,0.8841902395748897,4.843597412109375,30.56121253967285,0.9647868103387157,0.6209631585504963,6.359485626220703,4.208523311460018,9.568974494934082,2.7315921783447266,38.524391174316406,0.6311637759208679,1.34238600730896,1.0420942306518555,0.014004631899297237,18.53728485107422,0.6815719973189328,0.004568961883649185,0.4846877157688141,0.5301728248596191,0.7582917420759314,4.89699823113045,43.75018310546875,35.61100769042969
01352N.png,1.8047160245478153,0.32204291224479675,0.6461505596989894,0.8801792759090693,4.98127555847168,32.664791107177734,0.9437430047461953,0.5985666483704886,6.397881031036377,3.676335639774214,9.5463228225708,2.929304361343384,44.06140899658203,0.587433397769928,1.3591774702072144,1.0447221994400024,0.018487628549337387,17.331188201904297,0.6592692250450036,0.004393210233139046,0.4708615243434906,0.49939876794815063,0.724911098424169,5.04074437131161,41.10467529296875,31.766420364379883
01356N.png,1.7791255302727222,0.2589135766029358,0.629232618801031,0.880709729299479,4.569605827331543,24.941240310668945,0.9324086830227839,0.5913126228206604,5.610419273376465,3.202813308342254,8.962166786193848,2.2503676414489746,32.216163635253906,0.6483914852142334,1.4091558456420898,1.1249167919158936,0.008448584005236626,20.732162475585938,0.6609097927720109,0.005215259031807439,0.44177520275115967,0.5234700441360474,0.7240038358143804,4.951109863091723,41.20623779296875,31.67634391784668
01360N.png,1.7583588249981403,0.22635620832443237,0.5189623968626897,0.8835073156049579,4.653989791870117,18.08331871032715,0.9210306463277482,0.5722339126156841,4.9528961181640625,2.4928157414631427,7.064940929412842,1.6514947414398193,20.655569076538086,0.6873521208763123,1.398799180984497,1.0179340839385986,0.0030871231574565172,25.104461669921875,0.587275856274088,0.00618719967264218,0.44515132904052734,0.5590968728065491,0.607733298283841,5.337975957673704,40.23504638671875,24.277931213378906
01364N.png,1.9749162048101425,0.297382652759552,0.534261020317084,0.8775669071394643,5.029881477355957,21.441238403320312,0.9319043643643439,0.5245077667106842,5.766609191894531,2.884081554050878,6.490566253662109,1.9315530061721802,25.041730880737305,0.5954717397689819,1.4843568801879883,1.0602679252624512,0.0057576191611588,22.397571563720703,0.6017414563490796,0.005142334992619179,0.44526931643486023,0.519639253616333,0.6512445146218786,4.483655173966201,34.03240966796875,28.44491195678711
01368N.png,1.8396025896072388,0.3177854120731354,0.6795677514519237,0.8769673871245605,5.092311382293701,21.19722557067871,0.9393024473870287,0.5014327907754124,6.264829635620117,3.8589852543548098,6.0221848487854,1.8666162490844727,28.175168991088867,0.5089383721351624,1.5242550373077393,1.105844259262085,0.009576980955898762,20.187713623046875,0.589910810283086,0.004966522272227145,0.4512079358100891,0.5427848100662231,0.6620024424823086,4.898809634216262,38.42352294921875,25.99515151977539
01372N.png,1.8389672189950943,0.2972032129764557,0.5820702146368048,0.8829122763064126,4.642096042633057,17.27531623840332,0.9214207661343574,0.5639376706063376,5.383884906768799,2.917923260169303,6.133241176605225,1.5513553619384766,30.21770668029785,0.4944729804992676,1.3265033960342407,1.0968027114868164,0.007900756783783436,21.023313522338867,0.5929523095452257,0.0038540367429800372,0.42959368228912354,0.5155062675476074,0.6662132606443794,4.939085953732565,38.04656982421875,23.906051635742188
01376N.png,2.036127734929323,0.34290966391563416,0.5568628824757023,0.8718538817651754,5.206952095031738,25.83424186706543,0.9257618556532816,0.5153420105912062,6.452269554138184,3.2463043761396477,7.188978672027588,2.3170299530029297,31.442081451416016,0.5900397896766663,1.5398204326629639,0.9832077026367188,0.01062704250216484,19.735876083374023,0.6048342931624883,0.0076823199600448,0.4556029140949249,0.5280282497406006,0.6278320749272579,4.1789933916293,35.00946044921875,35.24842834472656
01380D.png,2.1366864256560802,0.6075555682182312,0.7529761419999833,0.8815201510308877,5.7762131690979,64.50827026367188,0.9815200717674558,0.5952450781799671,7.302462577819824,4.923979294802454,16.867717742919922,5.80161714553833,55.78422927856445,0.5803059339523315,1.493669033050537,0.9029123783111572,0.0626235231757164,12.032625198364258,0.7578342241277158,0.002545207839610354,0.47783204913139343,0.475711464881897,0.7748520717034111,3.565608605807406,39.05047607421875,43.90296173095703
01384D.png,1.8183169774711132,0.6722446084022522,0.7780468112087822,0.8872942795513076,5.683809757232666,65.72042083740234,0.9806284358609322,0.5916939870430552,7.464916229248047,5.115176353216061,17.467748641967773,5.909589767456055,63.64293670654297,0.6208296418190002,1.528292179107666,0.9070026874542236,0.08541950583457947,10.684429168701172,0.769613622923154,0.0013781987453930036,0.46474966406822205,0.47446340322494507,0.7869074927370359,3.8258487338493095,35.41278076171875,42.663352966308594
01388D.png,1.8614844158291817,0.6227419376373291,0.7919450146988106,0.8859348143496744,5.560206413269043,65.83956909179688,0.9831720242110861,0.6168642694444915,7.499634742736816,5.171352702208171,17.60611915588379,5.881568431854248,54.04505157470703,0.5861650705337524,1.5606650114059448,0.9336246848106384,0.0668434128165245,11.749414443969727,0.7690825980578385,0.002123220880471828,0.4795176386833191,0.49410441517829895,0.815349762246663,3.802040985841646,34.95526123046875,40.93365478515625
01392D.png,1.8827524483203888,0.6477797627449036,0.8676460624911491,0.8843734855035246,5.181661605834961,55.22547149658203,0.98985866906392,0.591914313191161,7.309636116027832,5.419028069413907,13.698490142822266,4.835309982299805,50.26737594604492,0.5070887207984924,1.5807318687438965,0.9416783452033997,0.08431926369667053,10.740732192993164,0.7745722179985441,0.001564691499019902,0.474612832069397,0.4917474389076233,0.8427249218448319,4.0002551338905,40.37078857421875,44.3411865234375
01396D.png,1.5790832228958607,0.5451210737228394,0.8688135942546006,0.8840566147412174,5.232320308685303,49.55057907104492,0.9847317582628697,0.636393767231578,7.411273002624512,5.492478558121739,12.894700050354004,4.375415802001953,63.401363372802734,0.5874902606010437,1.376149296760559,0.9855476021766663,0.06313219666481018,11.997490882873535,0.765763911234032,0.0024095063547671185,0.47156357765197754,0.4733634293079376,0.8317998371144892,4.817707266926759,38.21600341796875,40.29058837890625
01401D.png,1.927493754774332,0.5449680089950562,0.8234740641066874,0.8843003982349731,5.331731796264648,63.758426666259766,0.98894444234106,0.6791335918809015,7.360980987548828,5.226075098905133,15.704614639282227,5.726679801940918,50.749351501464844,0.5291746854782104,1.418262243270874,0.9334846138954163,0.04926053062081337,13.0750093460083,0.7747177242230205,0.0025288666833627603,0.47888174653053284,0.49427008628845215,0.8545188889527113,4.418426743838406,43.86834716796875,50.50103759765625
01405D.png,1.9208115823566914,0.4999764561653137,0.7138591425101765,0.8815252239381846,5.921842575073242,44.34328079223633,0.9738500665984725,0.5942745420599255,6.763742923736572,4.527873931091603,13.531709671020508,3.850024461746216,62.59309768676758,0.5876381397247314,1.446664571762085,0.952857255935669,0.04464750736951828,13.50202751159668,0.6893021571704513,0.0035749031400442235,0.4589492380619049,0.4830322265625,0.7474209537316613,4.665511112740722,42.16424560546875,53.235374450683594
01409D.png,1.7490859553217888,0.3978758454322815,0.7331262138220509,0.8811285251316511,5.452049732208252,33.98067855834961,0.982294283303838,0.558140810722426,6.358364105224609,4.3292755390660975,10.382067680358887,2.9682462215423584,32.156097412109375,0.5748041272163391,1.3657572269439697,0.972335696220398,0.015017347410321236,18.234067916870117,0.7014429979883035,0.0035500054068759272,0.4186491370201111,0.44484686851501465,0.7733844039162695,4.320310129629536,43.08026123046875,41.28987121582031
01413D.png,1.714790802448988,0.5933681130409241,0.8732449026519387,0.8900597507463288,5.244150638580322,53.09375,0.9922556459332612,0.5781312881603421,7.237696647644043,5.449869572686868,13.845133781433105,4.684732437133789,43.14447784423828,0.3689887225627899,1.323898196220398,0.9480893015861511,0.0656164139509201,11.829875946044922,0.7667157467793071,0.0020513480565637274,0.4810769259929657,0.4949158728122711,0.842750191706178,4.138948575088161,29.00555419921875,45.37308883666992
01417D.png,1.6110608875751495,0.6574572920799255,0.825876897164108,0.8894040402489277,5.771955966949463,54.813079833984375,0.9912201053729398,0.5603236929906263,7.3795390129089355,5.430772653599778,13.401907920837402,4.804723262786865,47.90309524536133,0.38219788670539856,1.5691730976104736,0.9186708927154541,0.08355297148227692,10.780381202697754,0.7334695173611677,0.002181112754304567,0.465109646320343,0.492385596036911,0.7939490708009254,4.043507890206559,35.11932373046875,48.831298828125
01423D.png,1.913609191775322,0.7035799026489258,0.8548406502644479,0.8845687406531842,5.485595226287842,43.60538864135742,0.9868812610088786,0.5634788868002727,7.364784240722656,5.492527535809396,11.690557479858398,3.7073252201080322,53.6602897644043,0.47595784068107605,1.5375158786773682,0.9459295272827148,0.09301523119211197,10.314459800720215,0.710374539281919,0.002480380258174719,0.47859203815460205,0.488567590713501,0.8055564766434848,5.014433571923808,45.44940185546875,43.00110626220703
01427D.png,1.9079278409481049,0.6644314527511597,0.8159833301291023,0.883782709926229,5.6370062828063965,54.0179328918457,0.9883907418700351,0.5540453691718658,7.362052917480469,5.303522110080687,13.826033592224121,4.709415912628174,47.01387023925781,0.5303192138671875,1.5094969272613525,0.9510669708251953,0.08680459856987,10.614572525024414,0.7567792241263396,0.001971876272312069,0.4844158887863159,0.5160545110702515,0.8045299864574712,4.01248303741974,35.10076904296875,46.86949157714844
01431D.png,1.9077577143907547,0.590348482131958,0.7754935423551711,0.8813048868491455,5.856482982635498,51.35342025756836,0.9810978303427453,0.6146113009522702,7.445184707641602,5.157692771889806,13.644092559814453,4.475483417510986,49.965919494628906,0.557171106338501,1.4452219009399414,0.9698081016540527,0.052494555711746216,12.798857688903809,0.7409484792815536,0.0026340428364434606,0.47590529918670654,0.49720022082328796,0.7921329557995332,3.9274036575190427,41.22039794921875,58.539642333984375
01435D.png,1.7990894578397274,0.5616486072540283,0.721599083008016,0.8890996656320967,5.831967353820801,43.142539978027344,0.9678894780773012,0.5978179852827219,7.268746852874756,4.726744643791131,11.66431999206543,3.734018325805664,53.83571243286133,0.6335815787315369,1.4734852313995361,0.975045919418335,0.04225286841392517,13.741439819335938,0.6747528100340466,0.0025302252531989606,0.5007312893867493,0.5791079998016357,0.689208068244296,4.198856291524519,36.51678466796875,45.1352653503418
01441D.png,1.7962586097419262,0.649677038192749,0.8103353717944055,0.8814550641117698,5.080156326293945,58.161441802978516,0.9878479788574025,0.595913628243657,7.213404655456543,4.9809669432941135,14.254918098449707,5.131932735443115,46.0941162109375,0.5202804803848267,1.5279035568237305,0.9126250147819519,0.08847208321094513,10.531936645507812,0.7612254029952316,0.0024325815185377024,0.4869302213191986,0.49205079674720764,0.8020481971591321,4.063803138221616,38.46209716796875,43.172691345214844
01445D.png,1.9937123507261276,0.6355612277984619,0.9031841848995997,0.8861594328150795,4.67979097366333,52.59528732299805,0.9903196969579112,0.6295325332685603,7.353333473205566,5.434079568451152,12.736021041870117,4.619137287139893,49.12667465209961,0.43265604972839355,1.4452073574066162,0.9737964272499084,0.08969295769929886,10.472416877746582,0.81636658061256,0.001518934675303423,0.4861816465854645,0.49503615498542786,0.855572471110762,3.995574925654839,37.13006591796875,38.12749099731445
01449D.png,2.0221023745834827,0.6191608905792236,0.8721706793840575,0.8849647059178651,4.554994106292725,76.2317886352539,0.990398215714215,0.7189707977968672,7.502405166625977,5.2580710760603555,17.574256896972656,6.896051406860352,50.34727096557617,0.46544575691223145,1.4574856758117676,0.9641988277435303,0.08075840771198273,10.928123474121094,0.8529106125841812,0.0011656732422161257,0.49262675642967224,0.49674534797668457,0.865868366321621,3.732178050753448,39.39373779296875,40.3028678894043
01453D.png,1.918328132480383,0.601321816444397,0.8191164310251084,0.885393218521184,5.349843978881836,74.16597747802734,0.9888830190519262,0.6609226781130809,7.628110885620117,5.315242783477524,18.155437469482422,6.763678073883057,55.296878814697266,0.5516451597213745,1.5191142559051514,0.9577434659004211,0.0721222311258316,11.419309616088867,0.792243728221644,0.001978328812019819,0.49603337049484253,0.4952492415904999,0.8537331923610362,3.6218121030875983,36.40399169921875,41.872806549072266
01458D.png,1.6524054631590843,0.6517003774642944,0.7838520067393479,0.8847557143423511,5.164831161499023,87.30647277832031,0.9887971593785597,0.6614208890588972,7.732594013214111,5.054850202039473,19.623035430908203,7.956137657165527,57.97713851928711,0.4689899682998657,1.4031357765197754,0.9209434986114502,0.10353663563728333,9.84906005859375,0.8249133371260116,0.0010022979633225126,0.48913222551345825,0.49654310941696167,0.8553291121147002,3.7651814190332864,36.85076904296875,39.474281311035156
01462D.png,1.8806530684232712,0.4663064777851105,0.8105540555161995,0.8801822221847491,5.0460968017578125,41.722591400146484,0.9792012999914649,0.6004385730623517,6.928671836853027,4.853113425092758,11.523690223693848,3.7085344791412354,48.06103515625,0.5723428130149841,1.3849928379058838,0.959678590297699,0.04050828889012337,13.924561500549316,0.7289242716011856,0.003144221374259728,0.49129605293273926,0.5205782055854797,0.783377413446454,5.031679811394848,42.53338623046875,38.87077331542969
01466D.png,1.8632215671241283,0.593909502029419,0.8253640184836484,0.8837780053570572,5.465452671051025,57.829734802246094,0.9827411752612997,0.5973662562063424,7.601448059082031,5.39249002046869,15.214723587036133,5.1711297035217285,59.006187438964844,0.5323197245597839,1.4115722179412842,0.9121749401092529,0.07576213777065277,11.205477714538574,0.768390105547939,0.0016498699957941895,0.48590758442878723,0.48632603883743286,0.8051762837094806,4.104395234424896,37.13446044921875,39.432350158691406
01470D.png,1.9152618162333965,0.5762346386909485,0.857209979622208,0.8850576263798152,5.131791114807129,61.247501373291016,0.9881808122747979,0.6190938839394738,7.60322380065918,5.458306607314851,14.695718765258789,5.538659572601318,55.955101013183594,0.47250664234161377,1.3455125093460083,0.9321007132530212,0.07450000941753387,11.278437614440918,0.779424824597519,0.0017560640709884242,0.4918249547481537,0.4942547082901001,0.8577249630032764,3.688701615310905,37.53143310546875,45.37959289550781
01474D.png,1.9174149185419083,0.6272684335708618,0.9308039798546398,0.8907181084000629,5.16774845123291,46.67977523803711,0.9909228098613804,0.49043369675518955,7.298453330993652,5.801811754351194,12.304797172546387,4.025886535644531,46.817901611328125,0.36565086245536804,1.3695895671844482,0.9350023865699768,0.08986904472112656,10.463899612426758,0.7498326261095722,0.002024847872699192,0.4795033633708954,0.49593812227249146,0.8355354501646517,4.070249752578138,39.26483154296875,42.06099319458008
01478D.png,1.5689001753926277,0.6665036082267761,0.882500331024013,0.8857555019445793,5.1947503089904785,52.21360397338867,0.9892167251684699,0.49253117301995525,7.54492712020874,5.621400689082595,13.54111099243164,4.526697635650635,52.07533264160156,0.41841089725494385,1.3593552112579346,0.917493462562561,0.10931821167469025,9.613075256347656,0.7512990292153922,0.0025278342629562263,0.4819767475128174,0.49062880873680115,0.8149585261066814,3.971862542148803,38.54168701171875,45.76056671142578
01482D.png,2.173890970647335,0.631679117679596,0.8033426682672432,0.8833190048614737,5.3600335121154785,63.417118072509766,0.9863059340452811,0.5579961828959963,7.605119705200195,5.207745447761919,15.498215675354004,5.605018615722656,50.24144744873047,0.45489075779914856,1.4533090591430664,0.905838668346405,0.08795289695262909,10.55749797821045,0.7721016612442171,0.002356665659376065,0.4826831519603729,0.486087828874588,0.8232540215418003,4.073176804629929,40.74725341796875,40.562599182128906
01486D.png,2.1599109433591366,0.6593165993690491,0.7632068926916513,0.883863739542994,5.21327018737793,56.056068420410156,0.9868828916079124,0.5349041015043842,6.909110069274902,4.625954945764846,12.895987510681152,4.880775451660156,33.858455657958984,0.3876340389251709,1.5422570705413818,0.9261504411697388,0.08734660595655441,10.587539672851562,0.7564666454942709,0.002696982335607747,0.486395925283432,0.48085126280784607,0.8080034878573495,4.7645799380643945,42.66033935546875,46.344722747802734
01493D.png,2.171131197363138,0.5940653681755066,0.8883589998899412,0.8894935920082258,4.752111911773682,48.44589614868164,0.990436059893998,0.555014290713105,7.326267242431641,5.364983223981092,11.055441856384277,4.239324569702148,48.31382369995117,0.38429734110832214,1.229311466217041,0.9906542897224426,0.0798318088054657,10.978240966796875,0.7617442853381079,0.0023053419732192923,0.49475225806236267,0.5096777677536011,0.8640982548814726,4.577403200466701,40.32196044921875,43.41497802734375
01498D.png,1.9598942771553993,0.49720287322998047,0.8893029847338199,0.8844419959495899,4.973504543304443,53.46554183959961,0.9875797209731976,0.6483609438437395,7.165219306945801,5.397517728464749,15.083438873291016,4.774821758270264,48.717655181884766,0.49071502685546875,1.2809252738952637,0.9492236375808716,0.04790481552481651,13.196209907531738,0.783784345388386,0.0019346233036523761,0.48926132917404175,0.4957890808582306,0.8551723609552999,4.002652168752664,40.92694091796875,51.96192169189453
01502D.png,2.1407089605927467,0.541429877281189,0.7599210977672624,0.8803734736842379,5.745245456695557,54.66410446166992,0.9661708855417915,0.5589036930539462,7.414173126220703,5.0000739176168825,15.181253433227539,4.881527423858643,64.66948699951172,0.6007347106933594,1.4637000560760498,0.8925971984863281,0.05842052400112152,12.334345817565918,0.6963400176305335,0.004553766120180913,0.47929805517196655,0.45545682311058044,0.7181673455432995,3.7929475825304575,34.63104248046875,38.196739196777344
01506D.png,2.1514574699103832,0.5597348213195801,0.9038646139191606,0.8882760082852509,5.318825721740723,39.386016845703125,0.9846589000922528,0.4998452589670839,7.242824554443359,5.677031473155667,10.065058708190918,3.4167566299438477,44.217689514160156,0.3832103908061981,1.4356032609939575,0.9102308750152588,0.062106095254421234,12.068657875061035,0.694716735416105,0.004082950295249212,0.4658719301223755,0.4733508825302124,0.7952869582157244,4.661678073996064,39.95916748046875,48.30563735961914
01510D.png,2.1460442654788494,0.5865171551704407,1.0027699634358436,0.9022906838701129,4.785629749298096,41.26157760620117,0.9909222897816574,0.5145893818221233,7.350677490234375,6.084980565034554,9.67684555053711,3.593508005142212,46.83855056762695,0.2795780897140503,1.268418788909912,0.9277790188789368,0.08182749897241592,10.871007919311523,0.741403419264812,0.0032689479768166535,0.4787105619907379,0.4942757189273834,0.8419488721734207,4.283435273355021,36.95526123046875,41.19995880126953
01514D.png,1.8398508056998253,0.5845837593078613,0.8539858758927287,0.8945935715373715,5.182441711425781,65.89156341552734,0.9883890908432006,0.5810196695089014,7.489875793457031,5.4110054096898725,15.374921798706055,5.93621826171875,52.69717788696289,0.33126288652420044,1.277502417564392,0.9334779977798462,0.0762474313378334,11.177748680114746,0.7720469899256317,0.002400649798898737,0.4918516278266907,0.49528729915618896,0.8485458527285062,4.013562967114324,40.88739013671875,39.74549102783203
01520D.png,1.5357687547802925,0.6073719263076782,0.9003632055421303,0.8871476324168235,4.776953220367432,47.94200897216797,0.9891214601949503,0.5361755402518006,7.4513678550720215,5.504980674191952,11.338042259216309,4.2038164138793945,51.41957092285156,0.5905963778495789,1.427304744720459,0.9510601162910461,0.09412013739347458,10.263175010681152,0.7502513745085092,0.0015856651689439552,0.48318809270858765,0.49993863701820374,0.8389465355903345,4.1148681503591416,36.48797607421875,40.590415954589844
01527D.png,2.296194389462471,0.7837694883346558,0.902396153888251,0.8864787745556464,4.320331573486328,55.49382400512695,0.9863316821557109,0.5517948194775725,7.7125444412231445,5.429227079804853,13.185553550720215,4.762139797210693,74.5833511352539,0.4291924238204956,1.5260398387908936,0.983617901802063,0.16328155994415283,7.870628833770752,0.7965612472383677,0.001460702753937256,0.4510411322116852,0.48532217741012573,0.834488612936528,4.395592074309703,44.58758544921875,30.18250274658203
01531D.png,2.304012645035982,0.6104931831359863,0.8709501470801284,0.8868978202776233,4.6574296951293945,60.62975311279297,0.987769465627052,0.6110152346371047,7.563620567321777,5.3219780508484344,13.542922019958496,5.353111743927002,54.62840270996094,0.6069815754890442,1.506819486618042,0.9737668633460999,0.08766993880271912,10.571493148803711,0.7865967500940066,0.001793420364013907,0.4848141670227051,0.49155858159065247,0.854261089510183,4.463099006925628,42.92205810546875,33.21284103393555
01535D.png,2.289225075393915,0.5615490078926086,0.8986173053260698,0.8854003127030188,4.705055236816406,54.65398406982422,0.9901644801336913,0.6251961265041039,7.498568058013916,5.48320991704694,12.570448875427246,4.850602149963379,52.07653045654297,0.5728050470352173,1.4305846691131592,0.9488862752914429,0.0707986056804657,11.49975299835205,0.7837234012953873,0.0019599123427743296,0.49102354049682617,0.4949705898761749,0.8630987106706243,4.216856711843319,40.17449951171875,34.1121711730957
01539D.png,2.0950887463986874,0.5842505097389221,0.8539581832104387,0.8884443607748294,5.273641109466553,48.79732894897461,0.9881814541317173,0.5493260029548742,7.275336742401123,5.3581665326630326,12.015070915222168,4.279306411743164,46.71559524536133,0.3917151093482971,1.418985366821289,0.9581990242004395,0.07245887815952301,11.399084091186523,0.7237816713524132,0.0031824789530091094,0.497255802154541,0.5155826807022095,0.8207510017409372,4.441649541283991,40.72283935546875,39.83656311035156
01543D.png,2.2581279575824738,0.6005390286445618,0.8909127180261189,0.883622068932077,4.804941654205322,51.03539276123047,0.991671782446083,0.5512902593644253,7.458191871643066,5.462706551884002,11.459412574768066,4.439700603485107,46.57144546508789,0.5450271368026733,1.407223105430603,0.9677376747131348,0.0868171900510788,10.613943099975586,0.7709238534754644,0.0022726780195486637,0.4912368059158325,0.4948325753211975,0.8590700351654549,4.676806091284451,42.16131591796875,42.60218811035156
01547D.png,2.2576375007629395,0.693204939365387,0.8623031267449028,0.8851372835352045,5.126995086669922,51.151493072509766,0.992345147850449,0.5326065202352411,7.389761924743652,5.396634762529386,11.410962104797363,4.367063999176025,42.78676223754883,0.5440745949745178,1.5861704349517822,0.9559385776519775,0.11727332323789597,9.308008193969727,0.773609674268928,0.001582057271019151,0.48822182416915894,0.49710550904273987,0.8500232291948404,4.5870771683633444,42.39129638671875,41.78508758544922
01551D.png,2.2493456713855267,0.6760061383247375,0.8532683352489184,0.8871656172100861,4.694783687591553,58.92185592651367,0.9936009604616862,0.6050635799359079,7.3013105392456055,5.117958444425836,13.87856388092041,5.1180219650268555,42.8515510559082,0.5884830355644226,1.501631259918213,1.0171875953674316,0.1099938228726387,9.58631706237793,0.816746237981308,0.0007622187683099644,0.4891102612018585,0.5109758377075195,0.884336048560467,4.925448666955961,51.36492919921875,50.62181091308594
01555D.png,1.9316057972609997,0.6208717823028564,0.8328483226251224,0.8851615738978805,5.180301189422607,66.65388488769531,0.9921444130312373,0.5680063204035676,7.462973117828369,5.264979862629637,17.562532424926758,6.0079121589660645,51.33820724487305,0.4608795642852783,1.588926076889038,0.9384909868240356,0.0817638710141182,10.874384880065918,0.7943241254216815,0.0015806467730867762,0.48605433106422424,0.49645179510116577,0.8408583947057985,3.973919659991098,32.91278076171875,48.49957275390625
01559D.png,1.55143578723073,0.689606249332428,0.7459677852876412,0.8844715333726277,5.957077503204346,56.127079010009766,0.9791443523397046,0.4999569156571065,7.629990100860596,5.067770736079723,14.854148864746094,4.950103759765625,59.45311737060547,0.3932214379310608,1.629325032234192,1.0205988883972168,0.10170669853687286,9.926504135131836,0.7612332314820407,0.0018195637149952773,0.46366220712661743,0.4740096628665924,0.7589530003282303,3.8588394036876132,33.48260498046875,37.089271545410156
01566D.png,2.3046086318790913,0.5617510080337524,0.7621048462137143,0.8822254130372126,5.767099380493164,76.57365417480469,0.9882943743466547,0.6370062824459116,7.405146598815918,5.019329714109862,18.097475051879883,6.981673240661621,50.16987991333008,0.5600733757019043,1.4473950862884521,0.9507082104682922,0.05393855646252632,12.681007385253906,0.7699988757967045,0.002973758162642263,0.4912360608577728,0.4978136122226715,0.8362820310384625,3.9011626682203953,43.96746826171875,54.10901641845703
01570D.png,2.2969311326742172,0.5780525803565979,0.8342811122665841,0.8915114734432055,5.599945545196533,68.14547729492188,0.9919890483942809,0.57802830352634,7.503931045532227,5.4661738621417175,16.82979965209961,6.101699352264404,52.23711013793945,0.6444574594497681,1.5294454097747803,0.9422820806503296,0.06683992594480515,11.749640464782715,0.7678474764171836,0.002497089566146775,0.48700013756752014,0.4975835978984833,0.846946337225363,3.74991733522274,38.45623779296875,42.71894836425781
01574D.png,2.3003576770424843,0.40913841128349304,0.79194503887066,0.888357660383275,4.849554061889648,41.99304962158203,0.973636774392035,0.6424036011492549,6.653275966644287,4.554817904348683,11.947637557983398,3.7386059761047363,37.614681243896484,0.39289867877960205,1.2575230598449707,0.9679330587387085,0.022710731253027916,16.43768882751465,0.7149207874077715,0.003744756215223131,0.481297105550766,0.4897855818271637,0.7658703638873637,4.557756913781799,40.59051513671875,49.667572021484375
01578D.png,1.5283334739506245,0.6131396889686584,0.9683407709583556,0.8945575972590921,4.847668647766113,49.94358825683594,0.992861614793053,0.5421845399706535,7.18597936630249,5.826353234750268,13.661348342895508,4.32309103012085,48.94152069091797,0.32965004444122314,1.466155767440796,0.9475153684616089,0.09147435426712036,10.387005805969238,0.791479654918243,0.00171786467693063,0.47403737902641296,0.49534428119659424,0.8465902871671892,4.4806312641637565,39.65252685546875,47.71030044555664
01583D.png,2.09767659381032,0.6680921316146851,0.8331436276089473,0.8829656916392042,5.4254302978515625,55.19190979003906,0.986577578135834,0.5587341654672592,7.685599327087402,5.4617006069429355,13.381649017333984,4.857320785522461,58.093711853027344,0.5232912302017212,1.443860650062561,0.9097920656204224,0.10097038745880127,9.958059310913086,0.7354576845068639,0.0020301967171984015,0.47200214862823486,0.491678386926651,0.8221299958196286,3.866379897187793,40.44744873046875,39.62620162963867
01587D.png,2.0993069447577,0.6462964415550232,0.842865933540984,0.8844092357211403,5.35003137588501,55.17112731933594,0.9875696926838531,0.5498269165873908,7.552437782287598,5.437541121889078,14.11161994934082,4.890933036804199,56.452857971191406,0.4803682565689087,1.5284212827682495,0.9244157671928406,0.09060291200876236,10.428577423095703,0.7559288549977506,0.001948443882116759,0.47640323638916016,0.48981621861457825,0.8216756425945545,3.7475935061785703,36.67938232421875,45.92960739135742
01591D.png,2.0965437293052673,0.6507747769355774,0.7747722385309026,0.8836263186336422,5.664489269256592,61.20491027832031,0.9837503089291123,0.5659790417228351,7.489097595214844,5.095530979704005,16.043437957763672,5.463386058807373,58.62784194946289,0.5742458701133728,1.5191428661346436,0.8941457867622375,0.08166665583848953,10.879552841186523,0.7593629815777521,0.0017343498808877716,0.469830721616745,0.4833502471446991,0.7947492634856947,3.6259814794399037,33.88397216796875,47.3420524597168
01595D.png,1.711249627172947,0.6170715093612671,0.8077740439771943,0.8845691570284251,5.637906074523926,50.07121276855469,0.9809891751243183,0.5387759291464426,7.369776248931885,5.253648816664937,14.134583473205566,4.441508769989014,62.90172576904297,0.520288348197937,1.6179131269454956,0.8990896344184875,0.07412882894277573,11.300129890441895,0.7156771722311501,0.0022193990108983416,0.46818116307258606,0.47414150834083557,0.754279648585413,3.813370031541095,37.59881591796875,40.26155090332031
01599D.png,1.5889890007674694,0.4778386652469635,0.6547622508381349,0.8806554171276852,5.718614101409912,41.00439453125,0.9684257267451366,0.55349099824575,6.611242294311523,4.036574473610452,12.451765060424805,3.6102817058563232,59.61748504638672,0.507818877696991,1.3996586799621582,0.9210692644119263,0.04115060344338417,13.85623836517334,0.6752146167058082,0.004745508312631025,0.46839219331741333,0.48003849387168884,0.6983975952224111,4.607442673892726,40.69891357421875,42.26734161376953
01603D.png,1.6009221374988556,0.5658583045005798,0.8295317260803021,0.8828911659789848,5.605201721191406,43.589263916015625,0.9840558569304806,0.5468277624743546,7.216129302978516,5.3178645409411835,11.11159610748291,3.7267839908599854,50.57392120361328,0.5315694808959961,1.386673927307129,0.9799011945724487,0.06596093624830246,11.80713176727295,0.6944960910304593,0.0036200729215629494,0.5037550926208496,0.5657301545143127,0.7589970938154548,5.08298480836297,45.33612060546875,43.47638702392578
